date,s_snow,s_water,et_bucket,m_bucket,ps_bucket,pr_bucket,prcp(mm/day),dayl(s),tmean(c),tmin(c),tmax(c),srad(w/m2),vp(pa),q_bucket,obs_runoff(mm/day)
2000-10-01,-5.365718951784105e-36,503.6396520232012,1.1427686633068594,1.1920928955078125e-07,1.1920929e-07,1.1920929e-07,0.0,11.424,7.9,-1.95,17.75,389.53,532.48,0.024859537354595868,0.22431101
2000-10-02,-3.2214982725817215e-36,502.3418216099935,1.3730398265893209,1.1920928955078125e-07,1.1920929e-07,1.1920929e-07,0.0,11.327997,10.945,1.05,20.84,378.94,663.86,0.021288765085146114,0.21455836
2000-10-03,-1.9295204014817495e-36,500.793469648554,1.3988879612974803,1.1920928955078125e-07,1.1920929e-07,1.1920929e-07,0.0,11.327997,11.29,4.14,18.44,324.07,821.46,0.017693293875040105,0.21455836
2000-10-04,-1.1297238177970704e-36,499.7509685970848,1.4800958199255312,1.1920928955078125e-07,1.1920929e-07,1.65,1.65,11.232,12.36,3.83,20.89,341.82,806.9,0.015621214493100409,0.20480572
2000-10-05,-6.7209145397327e-37,503.61706290201704,1.0846889734274219,1.1920928955078125e-07,1.1920929e-07,9.13,9.13,11.136003,7.49,2.82,12.16,178.91,748.83,0.024792534409376187,0.21455836
2000-10-06,-3.963292403914321e-37,516.4523955554015,1.1639158068482809,1.1920928955078125e-07,1.1920929e-07,18.88,18.88,11.136003,8.19,4.69,11.69,138.79,856.09,0.11490212516384421,1.4531453
2000-10-07,-2.3691542274804743e-37,526.0967851435996,0.9345230918805011,1.1920928955078125e-07,1.1920929e-07,5.43,5.43,11.04,4.69,2.9,6.48,78.1,755.04,0.363715413023579,1.1995763
2000-10-08,-1.4222636823328147e-37,529.5839177716392,0.9077605300745955,1.1920928955078125e-07,1.1920929e-07,4.0,4.0,11.04,4.155,-0.55,8.86,185.38,589.71,0.5517013574012329,0.7509543
2000-10-09,-8.506947372104538e-38,530.2918034031949,0.7342413514280913,1.1920928955078125e-07,1.1920929e-07,0.45,0.45,10.9439945,1.13,-4.77,7.03,295.68,431.18,0.6003924606847201,0.74120164
2000-10-10,0.012093070630465635,530.0689473950844,0.6801309372566459,1.1920928955078125e-07,1.1920929e-07,2.41,2.41,10.9439945,0.025,-3.7,3.75,190.21,468.94,0.5846171468320073,0.5851592
2000-10-11,0.020897771810215106,533.8587736310753,0.6915418791073679,1.1920928955078125e-07,1.1920929e-07,7.63,7.63,10.848,0.29,-1.75,2.33,101.08,540.12,0.9194333160517136,0.5363959
2000-10-12,0.014777263707037698,535.8016927023408,0.9690059799433751,0.007933559400242464,1.1920929e-07,1.1920929e-07,0.0,10.848,5.225,-0.62,11.07,288.08,584.5,1.159672986622109,0.54614854
2000-10-13,0.008662133089763869,533.6855355451523,1.1977581305594853,0.004518530717742455,1.1920929e-07,1.1920929e-07,0.0,10.752,8.67,0.86,16.48,322.97,640.96,0.9005983748183067,0.50713795
2000-10-14,0.0045401826623711625,531.5823343557927,1.416944118669162,0.00232161562731187,1.1920929e-07,1.1920929e-07,0.0,10.752,11.375,4.46,18.29,297.64,838.17,0.7004853288190747,0.44862202
2000-10-15,0.0009902978747031938,529.5647203314975,1.6536601797070767,0.0004976006420168842,1.1920929e-07,1.1920929e-07,0.0,10.655997,14.065,6.58,21.55,303.19,966.1,0.5504373871611828,0.39985877
2000-10-16,-0.0011974493622300617,527.8455668712222,0.8565317028802782,1.1920928955078125e-07,1.1920929e-07,1.1920929e-07,0.0,10.655997,3.865,-3.62,11.35,311.67,465.0,0.44823266160624414,0.37060082
2000-10-17,-0.0013053072520797053,526.9231966541782,0.6628323817742476,1.1920928955078125e-07,1.1920929e-07,1.1920929e-07,0.0,10.56,0.255,-2.45,2.96,144.41,512.36,0.4014606856746242,0.3510955
2000-10-18,-0.0008102595876849258,531.8303718956641,0.9630157550990619,1.1920928955078125e-07,1.1920929e-07,11.26,11.26,10.501603,5.735,1.32,10.15,160.95,672.6,0.7215548638294385,0.5168906
2000-10-19,-0.0004884926267170488,542.024656783151,0.934041405606972,1.1920928955078125e-07,1.1920929e-07,11.84,11.84,10.464,5.04,3.13,6.95,76.6,766.47,2.4391375201047123,1.9212726
2000-10-20,-0.0002949203035945501,543.8838564170765,0.9204095453297455,1.1920928955078125e-07,1.1920929e-07,1.1920929e-07,0.0,10.385714,4.88,0.15,9.61,226.76,617.17,3.045842965735769,0.96551263
2000-10-21,-0.000178003862746034,540.3465274608142,1.1037535216117604,1.1920928955078125e-07,1.1920929e-07,1.1920929e-07,0.0,10.368,7.775,0.7,14.85,283.28,640.3,1.9960000395992112,0.69243836
2000-10-22,-0.00010505040795040206,537.5275449493954,1.1150211995436883,1.1920928955078125e-07,1.1920929e-07,1.1920929e-07,0.0,10.289714,8.13,-0.85,17.11,307.9,576.6,1.4252385369037712,0.56565386
2000-10-23,-2.3057962834055574e-05,535.1733893534738,0.6919317155238872,1.1920928955078125e-07,1.1920929e-07,1.1920929e-07,0.0,10.271997,1.055,-4.54,6.65,245.89,440.0,1.0758055356233083,0.4973853
2000-10-24,6.554447402969132e-05,533.1591215172067,0.8003073569766378,3.278297720965072e-05,1.1920929e-07,1.1920929e-07,0.0,10.193711,3.365,-3.86,10.59,278.53,455.88,0.8456999102684265,0.46812734
2000-10-25,0.0001365305693536454,531.3748754397027,1.0096888703123665,6.831188616050379e-05,1.1920929e-07,1.1920929e-07,0.0,10.1760025,6.95,0.58,13.32,254.66,632.48,0.6833359918195349,0.44862202
2000-10-26,0.00016567398985061323,529.7107851200703,1.1407731190508,8.290561458689363e-05,1.1920929e-07,1.1920929e-07,0.0,10.097716,9.005,1.42,16.59,272.48,673.48,0.5601276589893819,0.42911673
2000-10-27,0.00012945034848660324,528.057733534969,1.2108466875381985,6.476706771925967e-05,1.1920929e-07,1.1920929e-07,0.0,10.08,10.015,2.22,17.81,271.52,715.87,0.45974024763562293,0.41936406
2000-10-28,7.802161449979014e-05,526.4574338108432,1.1076627135392787,3.902602567994596e-05,1.1920929e-07,1.1920929e-07,0.0,10.021603,8.76,0.82,16.7,272.06,641.28,0.3797302989827472,0.40961143
2000-10-29,1.0509011467518962e-05,525.9243781374227,0.5437248718196397,1.1920928955078125e-07,2.4318695e-07,2.0399997,2.04,9.984,-1.755,-4.93,1.42,149.28,426.74,0.3562999417009939,0.39985877
2000-10-30,2.1287110712405397,527.9342619435777,0.49234989824825465,1.1920928955078125e-07,1.2883633,7.0416365,8.33,9.968672,-3.19,-4.77,-1.61,60.59,431.4,0.45300788393976893,0.4973853
2000-10-31,2.1867316329410182,538.7848827407507,0.6049932329923176,1.1920928955078125e-07,1.1920929e-07,15.83,15.83,9.888002,-0.435,-2.37,1.5,75.15,519.14,1.6562619490558406,1.9895412
2000-11-01,1.596765706040085,544.2642197246033,0.6914489511540797,1.59671926556518,1.1920929e-07,1.1920929e-07,0.0,9.888002,1.355,0.09,2.62,69.61,614.53,3.1874546842701226,1.2873502
2000-11-02,0.5846874121946528,541.7511270519992,0.818702828897385,0.5830031653392642,1.1920929e-07,1.1920929e-07,0.0,9.792003,4.065,0.69,7.44,165.31,641.98,2.3607131461409687,1.1898236
2000-11-03,0.21737249603946407,539.2413430206255,0.8672653622835702,0.195171170211248,1.1920929e-07,1.1920929e-07,0.0,9.792003,5.0,-1.62,11.62,260.74,544.62,1.7490978200674956,1.1898236
2000-11-04,0.092453777258554,536.8651095064386,0.9091599385093873,0.0661937430787859,1.1920929e-07,1.1920929e-07,0.0,9.696,5.93,-1.47,13.33,267.1,550.84,1.316784557451052,0.9947706
2000-11-05,0.045837005585022066,539.1562017571154,0.9284744623323118,0.028081007247948025,1.1920929e-07,8.2,8.2,9.696,6.185,-0.2,12.57,180.78,604.34,1.731395321201001,1.7164669
2000-11-06,0.025018559377627335,541.8019622265929,0.7088702114565759,0.014065989026583924,1.1920929e-07,2.87,2.87,9.5999975,2.22,0.58,3.86,66.53,634.87,2.3750949887195762,1.8725094
2000-11-07,0.01423908310798442,540.9847717044506,0.7008594550617578,0.0076255655861111995,1.1920929e-07,1.49,1.49,9.5999975,2.075,-0.21,4.36,104.57,603.11,2.1541608596338073,1.2385869
2000-11-08,0.00818298170951684,539.0171522072324,0.8633159299416392,0.0042588004788927415,1.1920929e-07,1.1920929e-07,0.0,9.521714,5.36,3.21,7.51,100.96,770.24,1.702868674559419,1.0630392
2000-11-09,0.004737252513636617,537.1278932569389,0.9374760194739626,0.0024247196704573304,1.1920929e-07,1.29,1.29,9.504,6.695,2.3,11.09,184.72,722.95,1.3587832962866417,1.0045233
2000-11-10,0.0027937666315054678,537.8614271146856,0.8951634647345733,0.001416394876661624,1.1920929e-07,4.17,4.17,9.504,5.97,3.54,8.4,83.32,792.94,1.4832427249261837,1.0142759
2000-11-11,0.0016361101235778906,543.7540813046502,0.7634927234571582,0.0008247470533516297,1.1920929e-07,12.68,12.68,9.408,3.565,2.5,4.63,42.0,733.81,2.9989806449285656,2.077315
2000-11-12,0.0009838543674982945,545.0889908189044,0.899506829116328,0.00049434708777035,1.1920929e-07,1.1920929e-07,0.0,9.408,5.995,2.16,9.83,168.57,719.27,3.5175494941338994,1.657951
2000-11-13,0.0005926941102377557,541.18306477509,0.7424989891770107,0.0002972252683187867,1.1920929e-07,1.1920929e-07,0.0,9.329714,3.345,0.79,5.9,121.62,645.04,2.2058058072094324,1.180071
2000-11-14,0.00035694558596334155,539.6559958378448,0.6977792401259059,0.00017879131802182326,1.1920929e-07,4.02,4.02,9.312,2.495,0.58,4.41,89.71,636.78,1.837933707817688,1.0922971
2000-11-15,0.00021567371353291807,549.55361322682,0.6759442784950782,0.00010795309312208485,1.1920929e-07,22.15,22.15,9.312,1.76,-1.07,4.59,103.6,567.29,5.996572889856011,5.139648
2000-11-16,0.003484155410029034,551.401710492984,0.571092453225376,1.1920928955078125e-07,1.1920929e-07,1.1920929e-07,0.0,9.216002,-0.585,-1.81,0.64,65.0,537.39,7.478220265741054,2.4576685
2000-11-17,0.004254178485750774,545.4972472722744,0.5780839297289229,1.1920928955078125e-07,1.1920929e-07,1.1920929e-07,0.0,9.216002,-0.255,-1.91,1.4,85.59,527.42,3.693380594679083,1.6969616
2000-11-18,0.004948770401533135,542.6503588600407,0.5437602478235949,1.1920928955078125e-07,1.1920929e-07,1.34,1.34,9.200675,-1.035,-6.1,4.03,216.33,389.44,2.6284703155128994,1.3848767
2000-11-19,0.19266845038105937,540.3869121761951,0.38329857491784863,1.1920928955078125e-07,1.1920929e-07,1.1920929e-07,0.0,9.12,-5.755,-9.1,-2.41,165.36,302.28,2.005654170625617,1.1215551
2000-11-20,0.12346361620094659,538.2202864400008,0.4318349881230829,1.1920928955078125e-07,1.1920929e-07,1.1920929e-07,0.0,9.12,-4.05,-8.21,0.11,196.86,327.96,1.5482209016332564,1.0435338
2000-11-21,0.2658383831674494,536.8376376676969,0.4737956394178922,1.1920928955078125e-07,0.0014282882,1.1585716,1.16,9.104672,-2.69,-5.84,0.46,162.71,395.69,1.3124695916926667,0.97526526
2000-11-22,0.26597285952514527,535.771931253509,0.46982942606475425,1.1920928955078125e-07,1.1920929e-07,1.1920929e-07,0.0,9.024,-2.655,-6.91,1.6,199.66,364.15,1.155556704410005,0.9069967
2000-11-23,0.2659729752028297,534.3375108815744,0.3520349067401821,1.1920928955078125e-07,1.1920929e-07,1.1920929e-07,0.0,9.024,-6.62,-10.45,-2.79,190.53,277.54,0.9735566572285623,0.7607069
2000-11-24,0.26597296434839085,533.1289838743149,0.2547935624529576,1.1920928955078125e-07,1.1920929e-07,1.1920929e-07,0.0,9.024,-10.91,-15.08,-6.74,201.82,195.24,0.8426602059201362,0.7216963
2000-11-25,0.26597296434839085,532.1067076797951,0.22657108917574514,1.1920928955078125e-07,1.1920929e-07,1.1920929e-07,0.0,8.928008,-12.275,-16.5,-8.05,200.87,160.26,0.7457753574041146,0.78996485
2000-11-26,0.26594655639234416,531.1277440509672,0.33161035848416165,1.1920928955078125e-07,1.1920929e-07,1.1920929e-07,0.0,8.928,-7.205,-11.49,-2.92,202.8,242.43,0.6634542799055808,0.7607069
2000-11-27,8.173422267390857,530.1301424545287,0.42406830938139944,1.1920928955078125e-07,15.5594845,0.20051588,15.76,8.928,-3.795,-8.13,0.54,160.41,329.98,0.5889072129195474,1.2288343
2000-11-28,9.753217655704804,535.7247000217914,0.5733037991925786,0.2415671375302253,1.1920929e-07,0.99,0.99,8.869603,0.44,-1.36,2.24,107.47,556.0,1.1490541623284247,1.5214138
2000-11-29,9.626546928910232,534.6159441862225,0.5551210354043393,1.1920928955078125e-07,1.1920929e-07,0.31,0.31,8.832,0.065,-1.72,1.85,106.42,541.98,1.0064883181508588,1.1703184
2000-11-30,9.674744630325515,533.7173018964198,0.5532298247372979,1.1920928955078125e-07,1.1920929e-07,0.86,0.86,8.832,0.04,-2.72,2.8,153.51,502.98,0.9040229787559024,1.0337812
2000-12-01,9.701387958760616,532.8323820147605,0.45134891449755804,1.1920928955078125e-07,0.00060441194,0.109395586,0.11,8.832,-2.84,-5.71,0.03,158.18,401.16,0.8133214700236719,0.92650205
2000-12-02,9.792611101672806,531.6915089287055,0.3484467552857761,1.1920928955078125e-07,0.1,1.1920929e-07,0.1,8.816672,-6.375,-11.17,-1.58,215.17,260.76,0.7096822724275801,0.8094702
2000-12-03,9.828333312128214,530.7342598738629,0.25334102812817433,1.1920928955078125e-07,1.1920929e-07,1.1920929e-07,0.0,8.736006,-10.5,-13.1,-7.9,142.35,228.11,0.6329853611327936,0.7119437
2000-12-04,9.828332211423445,529.8608126399243,0.3021516702583285,1.1920928955078125e-07,1.1920929e-07,1.1920929e-07,0.0,8.735997,-8.135,-13.59,-2.68,227.13,212.11,0.570258454812256,0.67293304
2000-12-05,9.828526215548944,528.9963713601445,0.3430054290521575,1.1920928955078125e-07,1.1920929e-07,1.1920929e-07,0.0,8.735997,-6.395,-13.4,0.61,237.45,216.44,0.5143006885325093,0.6436751
2000-12-06,10.205455837384019,528.1541517160402,0.3491637955206838,1.1920928955078125e-07,0.75,1.1920929e-07,0.75,8.735997,-6.13,-14.1,1.84,238.0,206.93,0.46506700365041437,0.61441714
2000-12-07,10.587876909976623,527.4226974461709,0.22628076922884038,1.1920928955078125e-07,1.1920929e-07,1.1920929e-07,0.0,8.735997,-11.895,-14.48,-9.31,138.02,199.88,0.42614893451505775,0.56565386
2000-12-08,10.722448167194072,526.8056187353717,0.18802112709000657,1.1920928955078125e-07,0.25,1.1920929e-07,0.25,8.677603,-14.175,-21.86,-6.49,236.75,116.47,0.3958604109878966,0.48763263
2000-12-09,10.840050001567667,526.2633287417534,0.1359806630112441,1.1920928955078125e-07,1.1920929e-07,1.1920929e-07,0.0,8.640008,-18.155,-22.3,-14.01,189.33,114.14,0.371025206572629,0.41936406
2000-12-10,10.839150277068939,525.7595712363056,0.16180014970534087,1.1920928955078125e-07,1.1920929e-07,1.1920929e-07,0.0,8.64,-15.99,-19.68,-12.3,170.71,120.0,0.34935274163579605,0.38035345
2000-12-11,10.83653286662544,525.2302277002517,0.22710201180334308,1.1920928955078125e-07,0.01,1.1920929e-07,0.01,8.64,-11.65,-18.03,-5.27,221.46,160.0,0.3279421755524173,0.39985877
2000-12-12,12.3801141691379,525.5400499446879,0.44171520905881495,1.1920928955078125e-07,0.0038031158,5.086197,5.09,8.64,-2.64,-5.5,0.22,99.87,400.04,0.34030905777588444,0.5559012
2000-12-13,16.054733366995485,526.3596137390581,0.31429733188438186,1.1920928955078125e-07,5.38,1.1920929e-07,5.38,8.64,-7.365,-19.4,4.67,175.36,134.59,0.3753180981645512,0.7509543
2000-12-14,21.429409637646216,525.7595558387833,0.18319499078415533,1.1920928955078125e-07,5.39,1.1920929e-07,5.39,8.64,-14.425,-19.0,-9.85,140.11,139.02,0.34935209894505603,0.67293304
2000-12-15,28.479515253147433,525.1995482229505,0.2777753661147873,1.1920928955078125e-07,9.02,1.1920929e-07,9.02,8.64,-8.995,-13.05,-4.94,128.13,233.06,0.32674229791791065,0.6436751
2000-12-16,32.184044487445114,524.6371679410561,0.23417817437660912,1.1920928955078125e-07,1.1920929e-07,1.1920929e-07,0.0,8.64,-11.235,-16.88,-5.59,204.99,160.0,0.30550916760306746,0.6631804
2000-12-17,40.32706221790105,524.0362659258591,0.38927250897292043,1.1920928955078125e-07,17.439285,0.0007151795,17.44,8.64,-4.37,-11.03,2.29,161.52,268.74,0.284344149512143,11.020497
2000-12-18,42.10330117317038,548.600368762518,0.6635259194982414,5.45021390914917,1.1920929e-07,38.48,38.48,8.64,2.615,-6.43,11.66,171.9,378.98,5.351069836648359,24.869265
2000-12-19,43.34777563462748,553.9917059621317,0.32509678490288474,1.1920928955078125e-07,2.27,1.1920929e-07,2.27,8.64,-7.6,-12.63,-2.57,161.37,230.9,10.190357731305365,5.266433
2000-12-20,50.20941975199879,547.0990556782033,0.28990073480870393,1.1920928955078125e-07,10.68,1.1920929e-07,10.68,8.64,-8.97,-13.46,-4.48,133.77,217.41,4.472389514334499,3.091591
2000-12-21,58.537276831246075,543.2681887213356,0.25001674775831956,1.1920928955078125e-07,6.0,1.1920929e-07,6.0,8.64,-10.835,-15.49,-6.18,137.43,191.07,2.8298367906693054,1.9700359
2000-12-22,61.39329157704712,540.6060413736483,0.2271903999800125,1.1920928955078125e-07,1.1920929e-07,1.1920929e-07,0.0,8.64,-12.02,-17.7,-6.34,207.63,155.27,2.0588578045385773,1.7652302
2000-12-23,61.9933163175177,538.5525454111802,0.23855636502500271,1.1920928955078125e-07,1.28,1.1920929e-07,1.28,8.64,-11.335,-17.74,-4.93,212.31,153.47,1.610917766409558,1.5701771
2000-12-24,62.51309388867362,536.8870886742827,0.1848001652116576,1.1920928955078125e-07,1.1920929e-07,1.1920929e-07,0.0,8.64,-14.58,-20.29,-8.87,207.28,120.0,1.320247009532377,1.1898236
2000-12-25,62.573375217295116,535.4873384448938,0.1841003644725724,1.1920928955078125e-07,0.09,1.1920929e-07,0.09,8.64,-14.595,-20.02,-9.17,201.09,120.0,1.1169253451062708,1.1703184
2000-12-26,62.586482072853364,534.2792504219332,0.15739580771141556,1.1920928955078125e-07,1.1920929e-07,1.1920929e-07,0.0,8.64,-16.535,-20.44,-12.63,161.48,120.0,0.9668034211666245,1.1020498
2000-12-27,62.546289369384475,533.2168012344738,0.1599450052883491,1.1920928955078125e-07,1.1920929e-07,1.1920929e-07,0.0,8.64,-16.31,-19.89,-12.73,151.2,129.9,0.8515481365588546,1.1118025
2000-12-28,62.78553877200459,532.2285058910874,0.21123084424021307,1.1920928955078125e-07,0.66,1.1920929e-07,0.66,8.64,-12.76,-15.69,-9.83,125.99,180.13,0.7567073714741024,1.0630392
2000-12-29,64.80938150237367,531.309134573798,0.19559002591749525,1.1920928955078125e-07,3.29,1.1920929e-07,3.29,8.64,-13.725,-16.51,-10.94,99.94,169.99,0.677989699817202,1.0045233
2000-12-30,67.4737930896035,530.4233022641947,0.29123014284607557,1.1920928955078125e-07,2.01,1.1920929e-07,2.01,8.64,-8.495,-11.1,-5.89,100.28,263.8,0.6098998389875928,1.0045233
2000-12-31,69.85703492106812,529.5822051302118,0.2386557984136259,1.1920928955078125e-07,2.65,1.1920929e-07,2.65,8.64,-11.11,-13.81,-8.41,100.11,216.89,0.5515884783090967,1.0435338
2001-01-01,72.34102281049415,528.7672512967401,0.31802238346141276,1.1920928955078125e-07,2.06,1.1920929e-07,2.06,8.657714,-7.295,-11.13,-3.46,129.43,263.28,0.500412779192532,1.0045233
2001-01-02,73.26654693993751,528.0171350107527,0.23097016790505429,1.1920928955078125e-07,1.1920929e-07,1.1920929e-07,0.0,8.72067,-11.62,-15.76,-7.48,141.96,181.41,0.45751561993263845,0.9460073
2001-01-03,73.253181217729,527.356914981185,0.21517896015880683,1.1920928955078125e-07,1.1920929e-07,1.1920929e-07,0.0,8.735997,-12.545,-16.52,-8.57,137.92,160.0,0.4228127241174812,0.8874914
2001-01-04,73.20885801133952,526.7300170561498,0.22338765910934427,1.1920928955078125e-07,1.1920929e-07,1.1920929e-07,0.0,8.735997,-12.045,-17.21,-6.88,171.2,159.75,0.3923008126067093,0.8484808
2001-01-05,73.59698921283382,526.1385196205634,0.20111214575725123,1.1920928955078125e-07,1.0,1.1920929e-07,1.0,8.735997,-13.385,-20.57,-6.2,211.93,120.0,0.36553355311921776,0.81922287
2001-01-06,75.64689634011918,525.5792100230035,0.21670573837388127,1.1920928955078125e-07,3.09,1.1920929e-07,3.09,8.735997,-12.41,-18.94,-5.88,160.67,134.66,0.34190501364981485,0.7802122
2001-01-07,79.35413113531473,524.9839746832755,0.31295390217313707,1.1920928955078125e-07,4.05,1.1920929e-07,4.05,8.7736025,-7.595,-10.79,-4.4,86.43,274.52,0.31843408999191847,0.8874914
2001-01-08,81.40852864325709,524.3886802606862,0.25997216496599507,1.1920928955078125e-07,1.1920929e-07,1.1920929e-07,0.0,8.832,-10.145,-16.63,-3.66,205.05,160.0,0.2965722929741311,0.8679861
2001-01-09,82.63910232608619,523.8136875219774,0.30064048818095773,1.1920928955078125e-07,1.98,1.1920929e-07,1.98,8.832,-8.195,-13.0,-3.39,150.14,234.51,0.27688218941530807,0.8484808
2001-01-10,83.49116619709467,523.2921695922444,0.21238172609234857,1.1920928955078125e-07,1.1920929e-07,1.1920929e-07,0.0,8.832,-12.755,-19.31,-6.2,210.49,131.83,0.26015621030517494,0.8289755
2001-01-11,83.40922533730678,522.847159934227,0.1836044307236807,1.1920928955078125e-07,1.1920929e-07,1.1920929e-07,0.0,8.8320055,-14.605,-20.72,-8.49,203.57,120.0,0.2466853053547498,0.8094702
2001-01-12,83.84910630453535,522.396563235474,0.25271868267978825,1.1920928955078125e-07,0.92,1.1920929e-07,0.92,8.928,-10.61,-17.25,-3.97,211.63,159.82,0.23375583412905174,0.79971755
2001-01-13,84.29000082457345,521.9507005827294,0.19538620926534322,1.1920928955078125e-07,1.1920929e-07,1.1920929e-07,0.0,8.928,-13.93,-21.0,-6.86,224.87,120.0,0.22162935403735665,0.7802122
2001-01-14,84.29107384929029,521.512968246166,0.24781595446374927,1.1920928955078125e-07,1.1920929e-07,1.1920929e-07,0.0,8.928,-10.845,-19.23,-2.46,243.83,128.84,0.21033617549434705,0.7607069
2001-01-15,84.29108566646252,521.0480313377788,0.29686376035724427,1.1920928955078125e-07,1.1920929e-07,1.1920929e-07,0.0,8.965603,-8.495,-14.66,-2.33,210.65,200.0,0.19897066834672494,0.74120164
2001-01-16,84.29157643475348,520.6092066798232,0.2707839127754352,1.1920928955078125e-07,6.73,1.1920929e-07,6.73,9.024,-9.795,-13.21,-6.38,100.62,220.52,0.18880742620649704,0.73144895
2001-01-17,84.2924072664135,520.1977266020356,0.36963944751937694,1.1920928955078125e-07,2.4,1.1920929e-07,2.4,9.024,-5.585,-9.12,-2.05,126.19,308.45,0.17974960995657951,0.702191
2001-01-18,84.29346493635197,519.8081333359131,0.1731156232153944,1.1920928955078125e-07,0.1,1.1920929e-07,0.1,9.024009,-15.545,-24.35,-6.74,260.02,80.0,0.17157441104688412,0.63392246
2001-01-19,84.29463621947822,519.434969112953,0.18510910005917158,1.1920928955078125e-07,1.1920929e-07,1.1920929e-07,0.0,9.12,-14.825,-23.04,-6.61,256.37,92.91,0.164092811675198,0.61441714
2001-01-20,84.29580789070161,519.0727761646522,0.3016180782888361,1.1920928955078125e-07,2.29,1.1920929e-07,2.29,9.12,-8.46,-13.71,-3.21,186.32,203.83,0.1571433040175788,0.6046645
2001-01-21,84.29686672493149,518.7160967225078,0.22138495793886437,1.1920928955078125e-07,1.1920929e-07,1.1920929e-07,0.0,9.120006,-12.52,-18.19,-6.85,214.67,145.58,0.15058728099894117,0.5851592
2001-01-22,84.29769949707722,518.3594730180171,0.2143027752372554,1.1920928955078125e-07,1.1920929e-07,1.1920929e-07,0.0,9.216002,-13.065,-17.96,-8.17,195.69,159.76,0.1443057364318529,0.5559012
2001-01-23,84.29819298204815,517.9974472826772,0.215071220563551,1.1920928955078125e-07,1.1920929e-07,1.1920929e-07,0.0,9.216002,-13.01,-20.87,-5.15,262.41,120.0,0.13819699367040994,0.5266433
2001-01-24,84.36229407414632,517.6203104131482,0.26122359368771847,1.1920928955078125e-07,1.1920929e-07,1.1920929e-07,0.0,9.253603,-10.525,-19.58,-1.47,278.66,120.0,0.13210811636982514,0.5168906
2001-01-25,84.93136738371335,517.1962713839309,0.3254185338821509,1.1920928955078125e-07,0.95,1.1920929e-07,0.95,9.312,-7.67,-13.49,-1.85,226.5,213.9,0.12558180439794864,0.5168906
2001-01-26,85.42653070658238,516.7746813679582,0.2648464454347404,1.1920928955078125e-07,1.1920929e-07,1.1920929e-07,0.0,9.312,-10.405,-18.96,-1.85,279.59,126.24,0.11941283611306143,0.4973853
2001-01-27,85.41053010605512,516.3954550083907,0.2636472774552188,1.1920928955078125e-07,1.1920929e-07,1.1920929e-07,0.0,9.408,-10.59,-18.39,-2.79,272.67,156.25,0.11412308348244622,0.4973853
2001-01-28,85.41053010605512,515.9558142699212,0.3453876975871722,1.1920928955078125e-07,1.1920929e-07,1.1920929e-07,0.0,9.408,-6.97,-11.97,-1.97,210.71,240.0,0.1082832208765157,0.48763263
2001-01-29,85.41053010605512,515.5737434665524,0.21139188840793124,1.1920928955078125e-07,1.1920929e-07,1.1920929e-07,0.0,9.425714,-13.46,-21.29,-5.63,280.42,120.0,0.10345132449696492,0.45837468
2001-01-30,85.36890441295584,515.2484466532376,0.2422556779434575,1.1920928955078125e-07,1.1920929e-07,1.1920929e-07,0.0,9.504,-11.8,-20.09,-3.51,289.83,120.0,0.09950774094407923,0.44862202
2001-01-31,91.97799601460558,514.8807479938334,0.29932503257946536,1.1920928955078125e-07,13.03,1.1920929e-07,13.03,9.504,-9.005,-14.44,-3.57,173.63,199.9,0.09523081628182441,0.45837468
2001-02-01,101.05305726754465,514.4647760757996,0.340194174130822,1.1920928955078125e-07,4.63,1.1920929e-07,4.63,9.5999975,-7.41,-10.06,-4.76,95.82,285.18,0.09061358570545235,0.45837468
2001-02-02,104.70652598450819,514.04778635118,0.31208066988826644,1.1920928955078125e-07,2.97,1.1920929e-07,2.97,9.5999975,-8.56,-13.59,-3.53,180.01,200.0,0.08620973562694675,0.45837468
2001-02-03,108.19500564517513,513.6393037439565,0.33398941338555205,1.1920928955078125e-07,3.96,1.1920929e-07,3.96,9.680673,-7.75,-12.5,-3.0,164.63,240.0,0.08210332253393515,0.45837468
2001-02-04,110.13724055517912,513.3032216530235,0.18662418434652692,1.1920928955078125e-07,1.1920929e-07,1.1920929e-07,0.0,9.696,-15.345,-23.67,-7.02,312.79,80.0,0.07887182884898676,0.44862202
2001-02-05,113.48698425686824,513.0316375701974,0.2169460944037825,1.1920928955078125e-07,8.52,1.1920929e-07,8.52,9.713714,-13.45,-21.46,-5.44,247.38,119.96,0.07635364946688052,0.45837468
2001-02-06,132.30145132997367,512.681819486699,0.337450709495124,1.1920928955078125e-07,27.53,1.1920929e-07,27.53,9.792003,-7.74,-11.02,-4.46,126.05,263.46,0.07322817951678465,0.45837468
2001-02-07,150.2338342177281,512.2340002836954,0.3908122385991501,1.1920928955078125e-07,6.68,1.1920929e-07,6.68,9.792003,-5.73,-7.8,-3.66,85.23,337.68,0.06941311537391907,0.50713795
2001-02-08,153.1572910262041,511.7991498161655,0.3444833683569423,1.1920928955078125e-07,0.05,1.1920929e-07,0.05,9.888002,-7.57,-12.01,-3.13,229.75,240.71,0.06589883926730046,0.47788
2001-02-09,152.6835870748222,511.41426924962536,0.3017511694668857,1.1920928955078125e-07,1.1920929e-07,1.1920929e-07,0.0,9.888002,-9.335,-16.24,-2.43,314.99,167.55,0.06293711923449234,0.47788
2001-02-10,157.0579912840586,511.52916517001916,0.47236828699565747,1.1920928955078125e-07,4.468784,4.931216,9.4,9.984,-3.35,-11.55,4.85,254.83,251.58,0.06380704704435795,0.5266433
2001-02-11,160.7640659428119,512.0704013472056,0.34852764294685057,1.1920928955078125e-07,0.09,1.1920929e-07,0.09,9.984,-7.55,-21.44,6.34,386.69,114.74,0.0680695094458607,0.6826857
2001-02-12,160.8165915701353,511.77629471637783,0.14266597936675512,1.1920928955078125e-07,1.1920929e-07,1.1920929e-07,0.0,10.08,-19.11,-22.39,-15.83,181.4,112.02,0.06571913619368196,0.62416977
2001-02-13,160.81871616862676,511.5259753613002,0.219348166416281,1.1920928955078125e-07,1.1920929e-07,1.1920929e-07,0.0,10.08,-13.745,-21.23,-6.26,343.54,119.46,0.06378273407654846,0.6046645
2001-02-14,160.81217991576642,511.2222817273165,0.30613083530981705,1.1920928955078125e-07,1.1920929e-07,1.1920929e-07,0.0,10.1760025,-9.52,-17.09,-1.95,346.77,160.0,0.061509883046863376,0.56565386
2001-02-15,160.78602477513115,510.91521010244026,0.33735795327763063,1.1920928955078125e-07,7.8,1.1920929e-07,7.8,10.1760025,-8.215,-15.22,-1.21,249.6,188.97,0.05929408776464661,0.5363959
2001-02-16,160.75376302775942,510.6103492014324,0.25689207632370464,1.1920928955078125e-07,1.1920929e-07,1.1920929e-07,0.0,10.271997,-11.93,-21.2,-2.66,381.6,120.0,0.05717321228081636,0.50713795
2001-02-17,160.7311748736713,510.3071215801825,0.26987616261923364,1.1920928955078125e-07,1.1920929e-07,1.1920929e-07,0.0,10.271997,-11.28,-20.21,-2.35,380.35,120.0,0.055138956673773325,0.48763263
2001-02-18,160.73404051288685,510.00494979458,0.23536568478186956,1.1920928955078125e-07,1.1920929e-07,1.1920929e-07,0.0,10.368,-13.165,-21.71,-4.62,377.56,120.0,0.053183789703195795,0.47788
2001-02-19,160.77814014542605,509.70325640051436,0.19737312613704347,1.1920928955078125e-07,1.1920929e-07,1.1920929e-07,0.0,10.368,-15.395,-22.5,-8.29,349.42,107.06,0.051300882941434485,0.45837468
2001-02-20,160.93144893125512,509.40251099674833,0.3719394497183588,1.1920928955078125e-07,0.32,1.1920929e-07,0.32,10.464,-7.235,-13.0,-1.47,304.76,233.88,0.0494902433195293,0.45837468
2001-02-21,161.44756487507058,509.1061345679075,0.6339404190925287,1.1920928955078125e-07,1.1920929e-07,1.0,1.0,10.464,0.24,-4.53,5.01,263.28,440.0,0.047768437755515335,0.45837468
2001-02-22,162.26202769278734,508.8100150106438,0.22290975990575784,1.1920928955078125e-07,0.89,1.1920929e-07,0.89,10.56,-14.065,-22.8,-5.33,397.95,97.58,0.04610795025147361,0.41936406
2001-02-23,163.26153420627853,508.5089840707354,0.18331453334911435,1.1920928955078125e-07,1.0,1.1920929e-07,1.0,10.56,-16.52,-21.24,-11.8,278.41,119.66,0.044479075213474835,0.41936406
2001-02-24,164.33667042865966,508.19653010323447,0.2933212040205464,1.1920928955078125e-07,1.1,1.1920929e-07,1.1,10.655997,-10.615,-16.83,-4.4,342.71,165.3,0.04284922363289793,0.41936406
2001-02-25,164.84681333109148,507.89276001162733,0.23606740518212546,1.1920928955078125e-07,1.1920929e-07,1.1920929e-07,0.0,10.655997,-13.425,-18.43,-8.42,299.42,153.71,0.04132194544378192,0.40961143
2001-02-26,169.2062725683392,507.54979021236994,0.3767306037230725,1.1920928955078125e-07,8.66,1.1920929e-07,8.66,10.752,-7.38,-13.94,-0.82,273.92,207.58,0.03966290734538556,0.4388694
2001-02-27,174.73480310033932,507.1043465125739,0.4011464534119627,1.1920928955078125e-07,2.09,1.1920929e-07,2.09,10.752,-6.515,-12.49,-0.54,312.9,240.0,0.03760720920599661,0.4388694
2001-02-28,177.87264248799116,506.7344440787536,0.27246823267434134,1.1920928955078125e-07,3.34,1.1920929e-07,3.34,10.848,-11.775,-19.26,-4.29,344.93,124.41,0.035981345163591735,0.40961143
2001-03-01,179.36031603102646,506.4814815831375,0.17295117272207133,1.1920928955078125e-07,0.04,1.1920929e-07,0.04,10.848005,-17.525,-23.48,-11.57,363.7,87.93,0.03491013527546942,0.40961143
2001-03-02,179.29275411388667,506.29006427036165,0.1536126991514725,1.1920928955078125e-07,1.1920929e-07,1.1920929e-07,0.0,10.9439945,-19.08,-25.65,-12.51,390.02,80.0,0.03412079644408477,0.40961143
2001-03-03,179.63491254077317,506.08907941437576,0.1823975809055715,1.1920928955078125e-07,0.69,1.1920929e-07,0.69,11.04,-17.075,-24.41,-9.74,413.5,80.0,0.033311204900560006,0.39985877
2001-03-04,179.7837330273912,505.86138832404475,0.21318559622317343,1.1920928955078125e-07,1.1920929e-07,1.1920929e-07,0.0,11.04,-15.12,-24.8,-5.44,464.52,80.0,0.0324172205221914,0.39985877
2001-03-05,179.72846985870112,505.59266338694033,0.2639938700939987,1.1920928955078125e-07,1.1920929e-07,1.1920929e-07,0.0,11.136003,-12.495,-22.88,-2.11,474.04,98.55,0.03139294224021265,0.3901061
2001-03-06,184.76840171423873,505.23169035713215,0.40239684649617036,1.1920928955078125e-07,9.93,1.1920929e-07,9.93,11.136003,-6.9,-10.41,-3.39,178.04,278.31,0.03006779941840703,0.3901061
2001-03-07,194.7463256226675,504.77317105101474,0.4334607587745059,1.1920928955078125e-07,8.58,1.1920929e-07,8.58,11.232,-5.99,-9.15,-2.83,165.79,301.98,0.02846490445856655,0.39985877
2001-03-08,198.68047326592256,504.3589197493453,0.3518814671808618,1.1920928955078125e-07,1.1920929e-07,1.1920929e-07,0.0,11.232,-8.8,-17.87,0.27,473.56,160.0,0.027090362736475714,0.39985877
2001-03-09,198.207610532705,503.965368885996,0.39644533023898804,1.1920928955078125e-07,1.1920929e-07,1.1920929e-07,0.0,11.327997,-7.3,-17.11,2.51,485.86,162.85,0.02584604084145195,0.39985877
2001-03-10,200.56733593902263,503.7628431987712,0.5244414842297938,1.1920928955078125e-07,3.4031894,1.5268103,4.93,11.327997,-3.44,-7.02,0.14,182.59,361.08,0.02522814141240747,0.40961143
2001-03-11,200.67072559836708,506.2161488114646,0.5528782093620191,1.1920928955078125e-07,0.012628064,1.457372,1.47,11.424,-2.885,-6.89,1.12,275.44,365.27,0.03382079343726356,0.40961143
2001-03-12,202.34942539231474,506.099217270305,0.4231948059461439,1.1920928955078125e-07,2.7,1.1920929e-07,2.7,11.424,-6.585,-14.0,0.83,366.02,208.5,0.0333515775216457,0.38035345
2001-03-13,205.54570194154616,505.64432514941126,0.42309370173336164,1.1920928955078125e-07,3.88,1.1920929e-07,3.88,11.52,-6.69,-12.94,-0.44,309.49,225.76,0.031587312448090966,0.38035345
2001-03-14,213.0585284696094,505.16351113367006,0.48226395479721695,1.1920928955078125e-07,10.629999,9.5039604e-07,10.63,11.616,-4.995,-8.17,-1.82,180.73,329.59,0.02982386477829389,0.3901061
2001-03-15,217.0420416207081,506.959828632441,0.5899298595950926,1.1920928955078125e-07,2.1307169e-05,1.8099786,1.81,11.616,-2.225,-5.32,0.87,235.51,412.98,0.03696343123351099,0.38035345
2001-03-16,217.06839332846113,507.07894654478395,0.5251094680305045,1.1920928955078125e-07,1.1920929e-07,1.1920929e-07,0.0,11.711997,-3.98,-9.54,1.58,403.39,296.98,0.037493254334086096,0.38035345
2001-03-17,217.09139164791267,506.5540129215428,0.4860030014729509,1.1920928955078125e-07,1.1920929e-07,1.1920929e-07,0.0,11.711997,-5.04,-11.52,1.44,451.03,254.08,0.03521397727039545,0.39985877
2001-03-18,217.08883751484868,505.9895010080108,0.5853514192261661,1.1920928955078125e-07,1.1920929e-07,1.1920929e-07,0.0,11.808002,-2.54,-10.22,5.14,497.48,280.69,0.032917235921695445,0.42911673
2001-03-19,217.0888375148487,505.38734479098844,0.5733689584770127,1.1920928955078125e-07,1.1920929e-07,1.1920929e-07,0.0,11.808002,-2.815,-7.68,2.05,382.31,343.85,0.030632210049419975,0.44862202
2001-03-20,217.08879560743594,504.76407845884756,0.6139404558732424,1.1920928955078125e-07,1.1920929e-07,1.1920929e-07,0.0,11.904,-1.945,-8.9,5.01,487.91,310.41,0.028433998016958045,0.5266433
2001-03-21,217.08885430414801,504.0988290128092,0.6760239595142223,1.1920928955078125e-07,1.1920929e-07,1.1920929e-07,0.0,11.904,-0.55,-8.92,7.82,531.73,308.62,0.026261473018176534,0.6436751
2001-03-22,217.08919052921024,508.1975911528898,0.6739813345734359,1.1920928955078125e-07,1.1920929e-07,11.29,11.29,11.999997,-0.825,-7.32,5.67,370.44,352.54,0.04285465605662512,0.6631804
2001-03-23,217.08919711337643,531.4476067337446,0.6637919108378356,1.1920928955078125e-07,5.212426e-06,34.979996,34.98,12.096,-1.795,-4.14,0.55,157.3,454.12,0.6892999059457392,0.62416977
2001-03-24,217.08388483774135,550.0044922267598,0.651096607141747,1.1920928955078125e-07,0.0025782108,8.067422,8.07,12.096,-2.555,-4.65,-0.46,147.39,434.39,6.328467969858334,0.5851592
2001-03-25,217.4495769408675,546.8525768185187,0.5790225712726792,1.1920928955078125e-07,0.33994347,5.654097e-05,0.34,12.192,-4.23,-9.11,0.65,416.28,304.91,4.342603554335776,0.5559012
2001-03-26,217.6141861846064,542.9469487294213,0.36584380660690125,1.1920928955078125e-07,1.1920929e-07,1.1920929e-07,0.0,12.192,-10.35,-18.69,-2.01,569.92,139.65,2.723282546905414,0.54614854
2001-03-27,217.3823262288461,540.2536559859141,0.39007192849671857,1.1920928955078125e-07,1.1920929e-07,1.1920929e-07,0.0,12.288,-9.54,-17.75,-1.33,566.62,153.22,1.9739746766011999,0.5168906
2001-03-28,219.35885753210292,538.1114004173108,0.4249251218862494,1.1920928955078125e-07,3.79,1.1920929e-07,3.79,12.288,-8.345,-13.94,-2.75,390.93,211.02,1.5282098185143467,0.4973853
2001-03-29,221.48224547450704,536.292358715028,0.47587838245993747,1.1920928955078125e-07,1.1920929e-07,1.1920929e-07,0.0,12.384,-6.875,-14.28,0.53,549.12,205.68,1.2296896045094388,0.47788
2001-03-30,221.08668902839594,534.6617010028788,0.5573003586903181,1.1920928955078125e-07,1.1920929e-07,1.1920929e-07,0.0,12.384,-4.665,-11.79,2.46,539.09,252.0,1.0120057839883334,0.48763263
2001-03-31,234.97497953126793,534.6808551098792,0.6101786282475429,1.1920928955078125e-07,24.58315,5.476847,30.06,12.48,-3.51,-5.86,-1.16,173.49,395.79,1.0143244029386644,0.50713795
2001-04-01,248.89980800202008,534.283737789791,0.5875276447901837,1.1920928955078125e-07,1.1920929e-07,1.1920929e-07,0.0,12.576003,-4.135,-6.75,-1.52,261.45,370.14,0.9673219032110913,0.50713795
2001-04-02,249.14000590312043,532.8165255787625,0.5765160226726108,1.1920928955078125e-07,1.1920929e-07,1.1920929e-07,0.0,12.576003,-4.36,-7.23,-1.49,293.18,353.75,0.8117820967588278,0.4973853
2001-04-03,249.14000588688805,531.4873736422335,0.5872247235808347,1.1920928955078125e-07,1.1920929e-07,1.1920929e-07,0.0,12.672003,-4.175,-8.8,0.45,451.56,316.85,0.6925827452509005,0.48763263
2001-04-04,249.14000645915021,530.2042067076286,0.6473726170795869,1.1920928955078125e-07,1.1920929e-07,1.1920929e-07,0.0,12.672003,-2.775,-8.0,2.45,501.02,333.25,0.5941416010831204,0.50713795
2001-04-05,249.14001593634578,528.9442862492202,0.7445717353040572,1.1920928955078125e-07,1.1920929e-07,1.1920929e-07,0.0,12.767997,-0.86,-8.32,6.6,596.73,325.08,0.5111101240112133,0.7509543
2001-04-06,249.1276785180012,527.7905366054168,0.7450233946015896,1.1920928955078125e-07,1.1920929e-07,1.1920929e-07,0.0,12.767997,-0.82,-8.33,6.69,596.62,325.43,0.44529524453962593,1.0532866
2001-04-07,248.9721569099567,527.5192251683112,0.765547461470243,1.1920928955078125e-07,1.1920929e-07,2.17,2.17,12.864003,-0.53,-7.61,6.55,564.65,343.48,0.4310921285422295,0.97526526
2001-04-08,248.80002568654731,527.7893124036558,0.8328332637751417,0.8537743934313937,1.1920929e-07,0.62,0.62,12.864003,0.68,-5.54,6.9,531.85,405.88,0.4452301181895735,1.0337812
2001-04-09,248.47221404780478,528.0182481768709,0.7408690019333387,1.1920928955078125e-07,1.1920929e-07,1.95,1.95,12.96,-1.12,-3.98,1.74,315.03,459.88,0.45757647296555043,0.96551263
2001-04-10,246.17759553205335,528.8483176066168,0.9801053618356124,6.195035457611084,1.1920929e-07,1.1920929e-07,0.0,12.96,2.93,-0.79,6.65,391.5,577.71,0.5052831400948875,2.0383043
2001-04-11,241.9448895228939,530.928912082683,0.8954992410097592,2.660053974431662,1.1920929e-07,1.1920929e-07,0.0,13.056,1.435,-5.75,8.62,606.95,401.06,0.6478789837650909,3.2086227
2001-04-12,236.14297251586362,535.1263430607578,1.036720344611982,7.2354207038879395,1.1920929e-07,1.1920929e-07,0.0,13.151992,3.37,-4.59,11.33,628.43,437.55,1.06977540648374,4.30092
2001-04-13,231.0423150860614,545.6156010572729,0.9362700648178337,3.0029339699119078,1.1920929e-07,14.83,14.83,13.152,1.58,-1.73,4.89,269.0,541.41,3.7459784311219746,5.40297
2001-04-14,226.45761956539272,554.1984825023541,1.0291804175494295,5.497503757476807,1.1920929e-07,7.55,7.55,13.247997,2.635,-3.52,8.79,431.32,474.2,10.445248350352333,5.188411
2001-04-15,224.60700914069074,549.6072594730953,0.8277172037884902,1.1920928955078125e-07,1.1920929e-07,1.1920929e-07,0.0,13.247997,-0.42,-4.81,3.97,452.28,433.59,6.03513159629782,3.7157607
2001-04-16,224.3680409902166,544.5782104002201,0.9031150021540199,1.319260931574263,1.1920929e-07,1.1920929e-07,0.0,13.344,0.87,-6.25,7.99,613.32,380.65,3.3093031162289344,3.988835
2001-04-17,222.6418678957512,542.4797175765204,0.922450268135034,2.1869760904180566,1.1920929e-07,1.1920929e-07,0.0,13.344,1.235,-5.73,8.2,609.47,401.94,2.57542402936826,4.7397895
2001-04-18,220.6482346912204,540.8233036793114,0.9493407533535917,3.0384029334736056,1.1920929e-07,1.1920929e-07,0.0,13.44,1.595,-5.35,8.54,608.56,414.42,2.113001399588508,4.388694
2001-04-19,219.62636365123623,538.7407025994866,0.7458293841243581,1.1920928955078125e-07,1.1920929e-07,1.1920929e-07,0.0,13.44,-1.83,-6.73,3.07,504.4,371.17,1.647542323223176,2.8770325
2001-04-20,219.61840697164868,536.566888190961,0.755792164699273,1.1920928955078125e-07,1.1920929e-07,1.1920929e-07,0.0,13.536,-1.685,-7.99,4.62,594.36,334.05,1.2706924375959565,3.1598594
2001-04-21,218.83823416676705,535.3535223084925,0.9656884632737084,3.7359414415428773,1.1920929e-07,1.1920929e-07,0.0,13.536,1.89,-7.2,10.98,677.41,354.69,1.099209864595845,5.9978814
2001-04-22,209.65415307621,542.3517481417953,1.3335171342041647,14.447183609008789,1.1920929e-07,1.01,1.01,13.632,6.42,-2.38,15.22,658.93,515.08,2.5363465455329526,15.799297
2001-04-23,191.71104397734467,553.6015415613997,1.6110607963015038,20.594919204711914,1.1920929e-07,1.1920929e-07,0.0,13.632,9.02,0.52,17.52,640.35,629.87,9.726225959906087,23.991526
2001-04-24,169.72211394366084,559.897971011466,1.7601991336671772,23.195880889892578,1.1920929e-07,1.1920929e-07,0.0,13.728,10.12,0.67,19.57,657.93,634.55,20.63750132997284,27.209902
2001-04-25,145.5060027910466,560.7403013802593,1.834644281165129,24.685523986816406,1.1920929e-07,2.05,2.05,13.728,10.75,-1.51,23.01,685.6,528.53,22.822564219411554,20.090466
2001-04-26,131.94040611322882,555.237410715028,1.0035170658958907,3.0738715644249908,1.1920929e-07,1.1920929e-07,0.0,13.8239975,1.61,-5.33,8.55,593.24,414.37,11.825711401699992,10.435339
2001-04-27,126.2785446155309,551.0550338963866,1.1619785304504706,8.464967727661133,1.1920929e-07,1.1920929e-07,0.0,13.8239975,3.89,-4.62,12.4,646.47,436.27,7.174798321110776,9.489331
2001-04-28,115.90343839610914,551.7286417211218,1.2931460314490841,11.97626781463623,1.1920929e-07,1.1920929e-07,0.0,13.92,5.375,-2.62,13.37,627.92,508.71,7.776107374195567,8.826151
2001-04-29,108.25910532985819,550.4542060195595,1.0131239062741,3.4640216679476623,1.1920929e-07,1.1920929e-07,0.0,13.92,1.775,-3.9,7.45,523.69,453.24,6.677802874848992,6.54403
2001-04-30,102.1367592918508,549.5366935960404,1.2229100434187206,9.883673667907715,1.1920929e-07,1.1920929e-07,0.0,14.016003,4.49,-1.87,10.85,555.26,534.41,5.984462934346712,6.4465036
2001-05-01,87.36243216700647,554.6169200165024,1.6246891951972888,19.81462860107422,1.1920929e-07,1.1920929e-07,0.0,14.016003,8.69,2.4,14.98,533.96,723.82,10.9807220159268,11.898236
2001-05-02,61.96536462241036,561.3315716081555,2.2267157629636842,30.927839279174805,1.1920929e-07,1.1920929e-07,0.0,14.112002,13.39,2.05,24.73,679.82,657.51,24.49314807570676,16.481983
2001-05-03,28.30438343635461,563.2541564258752,2.703979390433612,28.30438343635461,1.1920929e-07,1.1920929e-07,0.0,14.112002,16.515,5.71,27.32,657.43,836.77,30.8180245582758,15.506718
2001-05-04,10.36615827740581,556.8243240036408,2.8886978946929185,10.36615827740581,1.1920929e-07,1.1920929e-07,0.0,14.208,17.695,8.91,26.48,596.52,1077.32,14.294532198638569,11.898236
2001-05-05,3.790221172458142,551.0944963797746,2.2421366531325764,3.790221172458142,1.1920929e-07,0.84,0.84,14.208,13.69,5.57,21.81,577.33,882.92,7.2087066026960045,7.392511
2001-05-06,1.3843347025921466,546.724202307401,1.2086591193039944,1.3843333562623452,1.1920929e-07,1.1920929e-07,0.0,14.2862835,4.105,-2.69,10.9,545.95,501.84,4.276505283131253,4.4569626
2001-05-07,0.5045933895368322,542.8983281804268,1.410793576970595,0.5013668693598121,1.1920929e-07,1.1920929e-07,0.0,14.304,6.53,-2.52,15.58,632.15,497.44,2.70750864306551,3.2281282
2001-05-08,0.19004473144283593,539.4371726033784,1.7250138179492565,0.1653279212078368,1.1920929e-07,1.1920929e-07,0.0,14.31933,9.725,-0.87,20.32,664.65,502.17,1.7905044995964743,2.8965378
2001-05-09,0.08309781064403525,536.2080026141135,1.9616448932826218,0.057882752710369606,1.1920929e-07,1.1920929e-07,0.0,14.399997,11.765,0.82,22.71,662.14,548.23,1.2173581949731416,2.7600007
2001-05-10,0.04145825544442954,533.2859676382687,1.968753596675074,0.024965588423291284,1.1920929e-07,1.1920929e-07,0.0,14.399997,11.91,1.18,22.64,652.09,567.55,0.8586143629970617,2.555195
2001-05-11,0.021915039682002983,530.4514113830248,2.285405850593431,0.012153409838004526,1.1920929e-07,1.1920929e-07,0.0,14.495997,14.295,4.71,23.88,612.09,738.41,0.6119515806068951,2.2723682
2001-05-12,0.011676536580637218,527.5346356078322,2.6424583151202365,0.00617873531293295,1.1920929e-07,1.1920929e-07,0.0,14.495997,16.775,7.82,25.73,582.32,897.39,0.4318865892729843,2.077315
2001-05-13,0.006853848580287698,529.9110972412581,1.979972436126815,0.0035443164402745144,1.1920929e-07,9.21,9.21,14.574286,11.91,2.57,21.25,446.64,719.19,0.5736948210101016,2.945301
2001-05-14,0.004068573612014113,531.6263610328901,1.311374406384775,0.0020756643264709077,1.1920929e-07,1.1920929e-07,0.0,14.592003,5.435,-0.91,11.78,473.29,571.59,0.7041797392045459,1.8042408
2001-05-15,0.002425838865533713,529.5398795039085,1.482386443960732,0.0012276304468626052,1.1920929e-07,1.1920929e-07,0.0,14.592003,7.365,0.81,13.92,482.17,644.22,0.5488061499876883,1.43364
2001-05-16,0.001430214663615236,527.8905544646314,1.449241974349833,0.000720221029600129,1.1920929e-07,0.86,0.86,14.688,6.965,3.97,9.96,244.32,815.28,0.4506484083198153,1.6384457
2001-05-17,0.0007473164833592645,526.17912788609,1.4735356716153554,0.00037505443999746006,1.1920929e-07,1.1920929e-07,0.0,14.688,7.27,4.73,9.81,211.02,856.16,0.36731135396883025,1.5311666
2001-05-18,0.0003882077207321748,524.288838355448,1.633103504639694,0.0001944806229790102,1.1920929e-07,1.1920929e-07,0.0,14.746397,8.855,3.6,14.11,409.58,793.36,0.29305552978048777,1.3068554
2001-05-19,1.5411717884377275e-05,522.3381196608631,1.7399870131070427,7.706452744807831e-06,1.1920929e-07,12.72,12.72,14.784002,9.865,5.25,14.48,272.69,891.36,0.23212926967192146,4.63251
2001-05-20,-0.0005616552878966578,520.3835162656268,1.4898930870497893,1.1920928955078125e-07,1.1920929e-07,2.78,2.78,14.784002,7.51,1.63,13.39,380.25,688.92,0.1837842616147342,3.286644
2001-05-21,-0.0012090310688877874,518.4174715753026,1.9111818632513755,1.1920928955078125e-07,1.1920929e-07,1.1920929e-07,0.0,14.879986,11.365,3.12,19.61,565.69,709.37,0.14530918202290416,1.8920146
2001-05-22,-0.0017927533973658687,516.4324289954538,1.9315711635497177,1.1920928955078125e-07,1.1920929e-07,1.1920929e-07,0.0,14.879992,11.595,4.08,19.11,534.12,777.83,0.11462834572107211,1.4433926
2001-05-23,-0.0021788600456077597,514.4208319316443,1.9126063367308663,1.1920928955078125e-07,1.1920929e-07,1.1920929e-07,0.0,14.879992,11.5,5.15,17.85,475.25,868.57,0.09013907920197584,1.2288343
2001-05-24,-0.0022333887858903166,512.3751237894373,1.9317885454975263,1.1920928955078125e-07,1.1920929e-07,1.1920929e-07,0.0,14.975994,11.62,4.03,19.21,540.52,763.88,0.07059342195708641,1.0532866
2001-05-25,-0.0018223773904903957,510.28774797439667,2.0492474008931416,1.1920928955078125e-07,1.1920929e-07,1.1920929e-07,0.0,14.976003,12.63,4.25,21.01,574.87,746.63,0.05501147319440563,0.9069967
2001-05-26,-0.001112877958091043,507.9955465277261,2.1352125010664835,1.1920928955078125e-07,1.1920929e-07,1.1920929e-07,0.0,14.976003,13.365,5.2,21.53,562.03,798.2,0.04183253720276839,0.8094702
2001-05-27,-0.0006680300446797323,507.16801601161046,2.2690313042266386,1.1920928955078125e-07,1.1920929e-07,2.68,2.68,15.034397,14.315,7.93,20.7,399.98,1046.2,0.037894381732190605,1.1898236
2001-05-28,-0.0003982908190778253,514.0522492255437,1.7669726422247323,1.1920928955078125e-07,1.1920929e-07,13.22,13.22,15.072,10.055,7.97,12.14,136.61,1077.59,0.08625571618187015,2.779506
2001-05-29,-0.00023605007719483705,523.7810993177181,1.8437783392227256,1.1920928955078125e-07,1.1920929e-07,9.94,9.94,15.072,10.43,6.49,14.37,245.19,966.87,0.27580622554225787,4.388694
2001-05-30,-0.00013751347976208238,528.4981148601213,1.8398512997172265,1.1920928955078125e-07,1.1920929e-07,3.93,3.93,15.072,10.255,3.52,16.99,381.77,789.0,0.48457754502105743,2.048057
2001-05-31,-8.13059857402787e-05,527.9169219216401,1.3554171556022498,1.1920928955078125e-07,1.1920929e-07,0.05,0.05,15.167992,5.455,0.84,10.07,385.86,649.0,0.45207033693896614,1.4726505
2001-06-01,-4.830082568791757e-05,526.7945381480775,1.4341423025210158,1.1920928955078125e-07,1.1920929e-07,2.19,2.19,15.168,6.345,2.27,10.42,318.01,717.4,0.39533668412854234,1.2190816
2001-06-02,-2.9072050954378245e-05,530.3043738647098,2.0142453129426086,1.1920928955078125e-07,1.1920929e-07,10.1,10.1,15.168,11.535,4.34,18.73,401.65,835.95,0.6012948627240212,3.0818384
2001-06-03,-1.7594998517611403e-05,549.7822455622796,1.739539354014653,1.1920928955078125e-07,1.1920929e-07,34.38,34.38,15.168,8.66,7.14,10.18,112.04,1011.91,6.162636095936601,11.50813
2001-06-04,-1.0657086992932257e-05,558.9578478773717,2.002292854366409,1.1920928955078125e-07,1.1920929e-07,14.32,14.32,15.2263975,10.545,7.4,13.69,215.0,1035.01,18.444864254352893,6.904878
2001-06-05,-6.418399465517478e-06,553.1652241281815,2.2719181116397964,1.1920928955078125e-07,1.1920929e-07,5.43,5.43,15.264003,12.685,9.51,15.86,214.86,1201.13,9.232184276258645,4.0863614
2001-06-06,-3.784988893997262e-06,547.0122500663866,2.2494433160541036,1.1920928955078125e-07,1.1920929e-07,0.21,0.21,15.264003,12.705,9.32,16.09,311.17,1185.87,4.426244508799882,2.6527216
2001-06-07,-1.928660613000403e-06,541.8495684568769,2.1450693873944404,1.1920928955078125e-07,1.1920929e-07,1.1920929e-07,0.0,15.264003,12.095,6.73,17.46,462.9,979.76,2.388642761818655,1.9017673
2001-06-08,-9.472778684313447e-07,537.7314734467585,2.183244929398126,1.1920928955078125e-07,1.1920929e-07,1.1920929e-07,0.0,15.264003,12.5,4.24,20.76,589.87,810.06,1.4603908931382534,1.4238874
2001-06-09,-4.982570472549723e-07,534.4880462273603,2.175640062838336,1.1920928955078125e-07,1.1920929e-07,1.1920929e-07,0.0,15.27933,12.525,4.3,20.75,588.49,807.72,0.9912251109835161,1.150813
2001-06-10,-1.4655318843294471e-07,531.8973285042301,2.383317345117654,1.1920928955078125e-07,1.1920929e-07,1.26,1.26,15.342286,14.01,7.19,20.83,533.93,1004.87,0.7273503323194029,0.97526526
2001-06-11,3.072221016585336e-08,529.7315064098894,2.5080593432966576,1.1920928955078125e-07,1.1920929e-07,0.18,0.18,15.359997,14.89,7.72,22.06,539.41,1033.74,0.5615161048703593,0.85823345
2001-06-12,2.5425655801361276e-08,527.6129089678408,2.649876590223301,1.1920928955078125e-07,1.1920929e-07,3.87,3.87,15.359997,15.86,10.48,21.24,348.91,1278.02,0.4359445091506026,0.92650205
2001-06-13,9.685894777311492e-09,524.9778890406606,2.4696570980098156,1.1920928955078125e-07,1.1920929e-07,1.1920929e-07,0.0,15.359997,14.785,10.86,18.71,367.52,1308.97,0.31820264085581,0.9460073
2001-06-14,2.7455865710387995e-11,521.8229136870842,3.277219089726273,1.1920928955078125e-07,1.1920929e-07,1.1920929e-07,0.0,15.359997,19.605,12.53,26.68,525.1,1382.84,0.21827128267262597,0.74120164
2001-06-15,-1.2670197220733247e-09,518.1826370545352,3.6717832473482814,1.1920928955078125e-07,1.1920929e-07,1.1920929e-07,0.0,15.359997,21.675,14.09,29.26,525.02,1517.23,0.14128883010516496,0.62416977
2001-06-16,-7.232706217922522e-10,514.207043534384,3.960347767698553,1.1920928955078125e-07,1.1920929e-07,1.1920929e-07,0.0,15.359997,23.125,15.28,30.97,514.67,1638.57,0.08786581501518219,0.5363959
2001-06-17,-4.2496003560129837e-10,510.2898332017745,3.7367297127187187,1.1920928955078125e-07,1.1920929e-07,1.1920929e-07,0.0,15.359997,22.245,15.72,28.77,464.94,1740.5,0.055025180378240786,1.0532866
2001-06-18,-2.557812355219545e-10,511.65146567231227,2.691248947346292,1.1920928955078125e-07,1.1920929e-07,9.5,9.5,15.359997,16.625,11.05,22.2,326.28,1324.24,0.06474625376772282,1.1605657
2001-06-19,-1.5384795880808824e-10,513.0906890793972,2.6456458889045225,1.1920928955078125e-07,1.1920929e-07,1.1920929e-07,0.0,15.359997,16.295,9.23,23.36,498.56,1163.55,0.0768942558810999,0.6436751
2001-06-20,-8.96146368831875e-11,510.11948591114634,3.1849321941664956,1.1920928955078125e-07,1.1920929e-07,1.1920929e-07,0.0,15.359997,19.505,11.33,27.68,519.46,1301.35,0.053916587447700746,0.50713795
2001-06-21,-5.0467601907622233e-11,507.12198179200664,2.664212727278234,1.1920928955078125e-07,1.1920929e-07,1.1920929e-07,0.0,15.359997,16.605,8.71,24.5,519.0,1093.21,0.037686532092492,0.42911673
2001-06-22,-2.973164440506144e-11,504.49412355193715,2.5476159579741293,1.1920928955078125e-07,1.1920929e-07,1.1920929e-07,0.0,15.359997,15.95,10.15,21.75,439.55,1216.41,0.02753153038518724,0.39985877
2001-06-23,-1.7229044833965683e-11,501.90855236912734,2.6091578056408595,1.1920928955078125e-07,1.1920929e-07,1.1920929e-07,0.0,15.359997,16.43,13.1,19.76,283.58,1505.53,0.02021476726750721,0.41936406
2001-06-24,-1.0201475095613031e-11,503.66263505486364,3.02901666108192,1.1920928955078125e-07,1.1920929e-07,8.34,8.34,15.359997,18.87,15.89,21.85,191.24,1804.0,0.02492789454670136,1.0727918
2001-06-25,-6.067264505866113e-12,510.0001004845324,2.8946333440462997,1.1920928955078125e-07,1.1920929e-07,10.36,10.36,15.359997,17.895,12.27,23.52,328.81,1425.28,0.053152984727554656,0.8094702
2001-06-26,-3.564672748908093e-12,510.54889625082984,3.2825807999369223,1.1920928955078125e-07,1.1920929e-07,1.1920929e-07,0.0,15.359997,20.005,12.87,27.14,487.79,1391.83,0.056754968589442165,0.4973853
2001-06-27,-2.1216222340459632e-12,507.2138051243972,3.5270669119029208,1.1920928955078125e-07,1.1920929e-07,1.1920929e-07,0.0,15.359997,21.35,14.36,28.34,470.64,1532.33,0.0381022618741405,0.3901061
2001-06-28,-1.2394290319883322e-12,503.6546261374437,3.4378648997425816,1.1920928955078125e-07,1.1920929e-07,1.1920929e-07,0.0,15.359997,21.03,14.35,27.71,456.8,1556.45,0.024904052744086518,0.32183754
2001-06-29,-7.396320727002612e-13,500.83721789006864,2.2836218953090586,1.1920928955078125e-07,1.1920929e-07,1.1920929e-07,0.0,15.359997,14.275,7.33,21.22,486.74,985.98,0.017786017893787063,0.27307427
2001-06-30,-4.424182113840476e-13,498.98146227954385,2.315267613831674,1.1920928955078125e-07,1.1920929e-07,1.1920929e-07,0.0,15.359997,14.56,8.15,20.97,464.11,1013.51,0.01424905977951869,0.27307427
2001-07-01,-2.6256754296944155e-13,503.5639273861313,3.470344123841769,1.1920928955078125e-07,1.1920929e-07,15.24,15.24,15.359997,21.195,14.96,27.43,320.45,1692.67,0.02463563712199369,0.27307427
2001-07-02,-1.5833864258170688e-13,516.5859409427871,2.4006228451988534,1.1920928955078125e-07,1.1920929e-07,14.31,14.31,15.359989,14.585,5.2,23.97,401.49,876.07,0.11675017527441933,0.3315902
2001-07-03,-9.55300175718369e-14,520.829271981047,1.95427704920882,1.1920928955078125e-07,1.1920929e-07,1.1920929e-07,0.0,15.322397,11.18,5.8,16.56,407.77,924.63,0.19383756574506117,0.2925796
2001-07-04,-5.765232105206322e-14,517.8961119052343,2.275570647788854,1.1920928955078125e-07,1.1920929e-07,1.1920929e-07,0.0,15.264003,13.775,8.11,19.44,413.13,1087.22,0.1365338846997117,0.25356898
2001-07-05,-3.4720455060297804e-14,518.2006121067836,2.6762091684371674,1.1920928955078125e-07,1.1920929e-07,5.35,5.35,15.264003,16.425,10.58,22.27,306.98,1286.68,0.14159259100225585,0.38035345
2001-07-06,-2.0873048556893394e-14,518.3102139022236,2.4973399727587835,1.1920928955078125e-07,1.1920929e-07,1.1920929e-07,0.0,15.264003,15.28,8.33,22.23,457.87,1084.74,0.14345893753358613,0.3315902
2001-07-07,-1.2556802247919967e-14,515.7113498197391,2.082131148691713,1.1920928955078125e-07,1.1920929e-07,1.1920929e-07,0.0,15.264003,12.41,7.06,17.76,389.6,1005.5,0.10516621728422831,0.25356898
2001-07-08,-7.37530078169087e-15,514.7141124884537,2.616005771223628,1.1920928955078125e-07,1.1920929e-07,2.61,2.61,15.263997,16.16,10.91,21.41,320.84,1312.65,0.0933535908645846,0.24381632
2001-07-09,-4.372169924635843e-15,515.2131489190471,2.7071721398255306,1.1920928955078125e-07,1.1920929e-07,3.6,3.6,15.183328,16.8,12.17,21.43,270.8,1419.13,0.09908897082522182,0.42911673
2001-07-10,-2.6276110013671487e-15,521.5860740667065,2.9294916802295394,1.1920928955078125e-07,1.1920929e-07,15.24,15.24,15.168,17.93,12.13,23.73,304.6,1414.26,0.2121814094200275,2.6527216
2001-07-11,-1.5779633878135222e-15,528.7020056852635,2.6078882391897573,1.1920928955078125e-07,1.1920929e-07,7.02,7.02,15.168,15.77,10.8,20.74,278.42,1304.12,0.4965270235258946,2.7697535
2001-07-12,-9.52771711540675e-16,537.9901894795557,2.472622818453343,1.1920928955078125e-07,1.1920929e-07,16.21,16.21,15.168,14.61,9.79,19.43,274.44,1223.05,1.5062377318527704,2.3406367
2001-07-13,-5.7598484704087315e-16,544.5750725381754,2.5811944467949766,1.1920928955078125e-07,1.1920929e-07,7.41,7.41,15.130397,15.155,10.41,19.9,269.28,1272.92,3.3080626743218264,1.150813
2001-07-14,-3.457352516540641e-16,543.9645249877624,2.4524982095220103,1.1920928955078125e-07,1.1920929e-07,3.54,3.54,15.072,14.4,10.76,18.04,243.9,1301.01,3.075341054836891,0.79971755
2001-07-15,-2.0708156754629822e-16,541.9258101055813,2.5610629894546415,1.1920928955078125e-07,1.1920929e-07,3.73,3.73,15.072,15.17,11.56,18.78,218.81,1365.2,2.410500763834534,0.8777388
2001-07-16,-1.2123752695184442e-16,538.7751235949397,2.6608370514723654,1.1920928955078125e-07,1.1920929e-07,0.52,0.52,15.071992,15.895,11.54,20.25,347.08,1363.37,1.6543318699706901,0.7607069
2001-07-17,-7.234808012005483e-17,536.4441194841578,2.5498736907430843,1.1920928955078125e-07,1.1920929e-07,3.0,3.0,14.976003,15.37,10.57,20.17,282.84,1285.72,1.2521897713135008,0.69243836
2001-07-18,-4.3052021734622964e-17,537.1358236792852,2.4136735036758084,1.1920928955078125e-07,1.1920929e-07,6.23,6.23,14.976003,14.45,10.02,18.88,268.4,1241.49,1.360071367055291,0.6534277
2001-07-19,-2.5471410137225858e-17,535.5789311739019,2.455039325141807,1.1920928955078125e-07,1.1920929e-07,1.1920929e-07,0.0,14.976003,14.775,8.86,20.69,440.42,1148.44,1.129215321904966,0.5266433
2001-07-20,-1.514799195945317e-17,532.146608149444,2.7447600336968105,1.1920928955078125e-07,1.1920929e-07,1.1920929e-07,0.0,14.895322,16.81,9.26,24.36,492.32,1172.83,0.7493391225807416,0.41936406
2001-07-21,-8.69231385022422e-18,528.7675764000772,2.8176120766196107,1.1920928955078125e-07,1.1920929e-07,1.1920929e-07,0.0,14.879992,17.37,8.17,26.57,523.65,1077.42,0.5004322169293102,0.3510955
2001-07-22,-5.190938746166008e-18,525.3862028190814,3.1119666286421803,1.1920928955078125e-07,1.1920929e-07,1.1920929e-07,0.0,14.879992,19.15,11.97,26.33,469.53,1394.87,0.3341108661669186,0.2925796
2001-07-23,-3.1078482144342543e-18,521.8348227463616,3.280331749492431,1.1920928955078125e-07,1.1920929e-07,1.1920929e-07,0.0,14.799328,20.255,14.31,26.2,414.6,1631.34,0.21858207515768424,0.26332164
2001-07-24,-1.8513214028286343e-18,518.0082462196555,3.7198536531410595,1.1920928955078125e-07,1.1920929e-07,1.1920929e-07,0.0,14.784002,22.57,16.37,28.77,412.34,1861.57,0.13837541519491753,0.26332164
2001-07-25,-1.119728618355267e-18,526.2742640114174,3.73174040873102,1.1920928955078125e-07,1.1920929e-07,23.27,23.27,14.784002,22.35,15.17,29.53,333.92,1725.37,0.3715102762135158,0.73144895
2001-07-26,-6.775099822887602e-19,533.4172581350552,2.8556354151116943,1.1920928955078125e-07,1.1920929e-07,1.1920929e-07,0.0,14.688,17.665,9.98,25.35,478.95,1238.47,0.8721890421847183,0.46812734
2001-07-27,-4.0108865553747143e-19,530.6696283835223,1.9715410429722278,1.1920928955078125e-07,1.1920929e-07,1.1920929e-07,0.0,14.688,11.695,5.63,17.76,437.46,915.73,0.6281162516414577,0.32183754
2001-07-28,-2.3338208902656e-19,528.1817896302041,1.9269922564524502,1.1920928955078125e-07,1.1920929e-07,1.1920929e-07,0.0,14.670286,11.425,4.63,18.22,467.05,851.91,0.4666052485273316,0.25356898
2001-07-29,-1.0406155429846193e-19,525.6634315858945,2.210737677465107,1.1920928955078125e-07,1.1920929e-07,1.1920929e-07,0.0,14.592003,13.795,6.94,20.65,461.83,995.28,0.3453628394400563,0.22431101
2001-07-30,-2.437748857470641e-20,523.0097192257142,2.5037489420238965,1.1920928955078125e-07,1.1920929e-07,1.1920929e-07,0.0,14.592003,15.915,8.21,23.62,481.42,1097.01,0.25152331613480994,0.20480572
2001-07-31,-7.123940048705142e-21,520.1851050401431,2.672990181169377,1.1920928955078125e-07,1.1920929e-07,1.1920929e-07,0.0,14.495997,17.2,9.76,24.64,467.94,1220.53,0.1794787523201041,0.18530041
2001-08-01,1.4880574599688747e-22,517.1280452477183,2.7535234066029552,1.1920928955078125e-07,1.1920929e-07,2.64,2.64,14.495997,17.795,10.49,25.1,427.05,1279.27,0.12456228366388847,0.23406367
2001-08-02,8.052726629907029e-21,513.9059759061965,2.9925099596376015,1.1920928955078125e-07,1.1920929e-07,1.1920929e-07,0.0,14.478289,19.325,11.31,27.34,474.58,1344.98,0.08476137070005947,0.19505306
2001-08-03,1.4474008210499567e-20,510.60761498087095,3.4742128191136232,1.1920928955078125e-07,1.1920929e-07,1.1920929e-07,0.0,14.399997,22.09,14.17,30.01,458.4,1618.27,0.057154538053288455,0.15604244
2001-08-04,1.7298836095248804e-20,507.3216804370346,3.2005211551004877,1.1920928955078125e-07,1.1920929e-07,1.1920929e-07,0.0,14.399997,20.785,14.21,27.36,418.18,1622.6,0.03859652933667698,0.13653713
2001-08-05,1.4413395891629006e-20,504.13689023998086,3.0665959120654516,1.1920928955078125e-07,1.1920929e-07,1.1920929e-07,0.0,14.304,20.275,13.89,26.66,412.3,1590.72,0.026381168334657912,0.12678449
2001-08-06,5.537416383749027e-21,501.42914797563947,3.1459202541327462,1.1920928955078125e-07,1.1920929e-07,1.1920929e-07,0.0,14.304,20.805,13.7,27.91,433.89,1570.97,0.019089437624956875,0.117031835
2001-08-07,-5.84291271539828e-21,499.481637533964,3.343548855379564,1.1920928955078125e-07,1.1920929e-07,1.1920929e-07,0.0,14.208,22.04,14.78,29.3,430.76,1682.45,0.015126539656624853,0.10727918
2001-08-08,-1.6654396440947884e-20,498.0993763206872,3.14860812258065,1.1920928955078125e-07,1.1920929e-07,1.1920929e-07,0.0,14.208,21.05,13.5,28.6,440.45,1545.68,0.01282377897145623,0.10727918
2001-08-09,-2.3829546999901688e-20,497.0856503186108,3.1693487436481016,1.1920928955078125e-07,1.1920929e-07,3.97,3.97,14.112002,21.315,13.55,29.08,330.55,1558.6,0.011360965082838992,0.10727918
2001-08-10,-2.430087659926161e-20,496.24374551053637,3.5578844442551163,1.1920928955078125e-07,1.1920929e-07,1.98,1.98,14.112002,23.355,17.11,29.6,366.45,1952.97,0.010273773415317704,0.1462898
2001-08-11,-1.560065346576584e-20,495.314671262237,2.5596953885870817,1.1920928955078125e-07,1.1920929e-07,2.0,2.0,14.031333,17.84,9.32,26.36,468.58,1185.6,0.009194362943403834,0.1657951
2001-08-12,-2.1094398042123806e-21,493.7206280511432,2.4281105837881864,1.1920928955078125e-07,1.1920929e-07,1.1920929e-07,0.0,14.016003,17.03,10.09,23.97,419.62,1247.41,0.007599919824276937,0.13653713
2001-08-13,1.1553826439015566e-20,491.57348120020714,2.5664565071321124,1.1920928955078125e-07,1.1920929e-07,1.1920929e-07,0.0,13.978397,18.075,11.92,24.23,381.37,1396.81,0.005880261198767169,0.10727918
2001-08-14,2.1557019013768016e-20,489.1334093758279,2.4683385574110046,1.1920928955078125e-07,1.1920929e-07,1.1920929e-07,0.0,13.92,17.575,10.08,25.07,428.19,1246.22,0.004393238338122834,0.10727918
2001-08-15,2.4068011669895005e-20,486.66059124440443,2.1382606824242636,1.1920928955078125e-07,1.1920929e-07,1.1920929e-07,0.0,13.902287,15.3,7.3,23.3,445.41,1024.13,0.0032694428690014706,0.09460073
2001-08-16,1.6653828758746687e-20,484.3712487929763,2.272349381785129,1.1920928955078125e-07,1.1920929e-07,1.1920929e-07,0.0,13.8239975,16.475,8.17,24.78,446.09,1093.65,0.002487041502059238,0.08387282
2001-08-17,1.0010605498976946e-20,482.1426638271875,2.45312404663317,1.1920928955078125e-07,1.1920929e-07,1.1920929e-07,0.0,13.806286,17.85,10.07,25.63,422.07,1245.21,0.0019056578653595052,0.08387282
2001-08-18,6.0098281087121766e-21,487.6477232733153,2.344034904102891,1.1920928955078125e-07,1.1920929e-07,13.44,13.44,13.728,16.995,13.12,20.87,184.07,1507.06,0.003678702168387939,0.09752653
2001-08-19,3.623929973470828e-21,491.5095092422081,2.4642084968133373,1.1920928955078125e-07,1.1920929e-07,1.1920929e-07,0.0,13.710286,17.72,12.65,22.79,311.85,1459.28,0.005835488316395663,0.10727918
2001-08-20,2.186885478994145e-21,488.20746406776254,2.6096169139300085,1.1920928955078125e-07,1.1920929e-07,1.1920929e-07,0.0,13.632,18.895,13.28,24.51,338.27,1521.07,0.003933134347015634,0.09752653
2001-08-21,1.3181479162877912e-21,490.05521757735676,2.4535818782834165,1.1920928955078125e-07,1.1920929e-07,7.82,7.82,13.614286,17.815,14.21,21.42,175.76,1623.79,0.004904741011739269,0.117031835
2001-08-22,7.945811256956293e-22,493.5414341024296,2.440026471297693,1.1920928955078125e-07,1.1920929e-07,3.75,3.75,13.536,17.7,12.01,23.39,273.78,1412.51,0.007438937190561327,0.22431101
2001-08-23,4.756804095084439e-22,493.15191274898325,2.410360621341967,1.1920928955078125e-07,1.1920929e-07,1.1920929e-07,0.0,13.498397,17.555,10.9,24.21,386.02,1312.24,0.007100667611152406,0.18530041
2001-08-24,2.5454787487473995e-22,491.8486022049013,2.4324859328767876,1.1920928955078125e-07,1.1920929e-07,1.01,1.01,13.44,17.825,11.12,24.53,385.98,1329.73,0.006076762386551274,0.12678449
2001-08-25,1.2712809623746518e-22,490.2622857563996,1.7340124465149631,1.1920928955078125e-07,1.1920929e-07,1.1920929e-07,0.0,13.35933,12.425,4.35,20.5,442.45,827.83,0.005027598094652824,0.09752653
2001-08-26,7.271249170409653e-23,489.5710757043703,1.8701262493813668,1.1920928955078125e-07,1.1920929e-07,1.1920929e-07,0.0,13.344,13.685,5.48,21.89,439.36,907.43,0.004629079586057558,0.08387282
2001-08-27,3.6519548398748736e-23,490.8538854936497,2.129508570994561,1.1920928955078125e-07,1.1920929e-07,5.01,5.01,13.247997,15.885,8.65,23.12,300.45,1133.23,0.005395824565713705,0.07997175
2001-08-28,2.0118861402660048e-23,492.5856376245503,2.1183199257870653,1.1920928955078125e-07,1.1920929e-07,2.86,2.86,13.247997,15.74,9.81,21.67,294.66,1224.66,0.006636146629503834,0.09069967
2001-08-29,1.20027815640008e-23,496.6116310767796,2.250826456893394,1.1920928955078125e-07,1.1920929e-07,8.66,8.66,13.152,16.73,9.28,24.18,302.14,1182.08,0.010735420039047283,0.117031835
2001-08-30,7.184388499025216e-24,498.778599571637,1.5393982403711692,1.1920928955078125e-07,1.1920929e-07,1.1920929e-07,0.0,13.152,10.505,3.06,17.95,416.92,766.03,0.013907848506149513,0.09752653
2001-08-31,4.324096470635598e-24,496.0569425492082,1.863172747342872,1.1920928955078125e-07,1.1920929e-07,1.1920929e-07,0.0,13.056,13.765,5.9,21.63,420.37,931.79,0.010047014836303875,0.08679861
2001-09-01,2.61713692477429e-24,503.94722071000206,2.314199046890588,1.1920928955078125e-07,1.1920929e-07,18.81,18.81,13.056,17.07,9.78,24.36,293.31,1222.33,0.025790059449236208,0.17554775
2001-09-02,1.5845794941655426e-24,511.27017853537404,1.4797365474128616,1.1920928955078125e-07,1.1920929e-07,1.1920929e-07,0.0,12.96,9.725,2.63,16.82,402.02,740.73,0.06186288910395559,0.22431101
2001-09-03,9.271296041659728e-25,510.04906546800936,1.5714539952002105,1.1920928955078125e-07,1.1920929e-07,1.1920929e-07,0.0,12.96,10.71,3.64,17.78,396.53,796.34,0.05346485335775368,0.1462898
2001-09-04,5.435464453960774e-25,508.2691924589132,1.874600336245499,1.1920928955078125e-07,1.1920929e-07,1.1920929e-07,0.0,12.864003,13.71,5.37,22.05,423.45,896.6,0.043222840445124776,0.117031835
2001-09-05,2.6794273001843223e-25,506.4770695532246,2.1602403416915807,1.1920928955078125e-07,1.1920929e-07,0.15,0.15,12.864003,16.09,9.11,23.07,371.57,1168.87,0.03489173759970248,0.09752653
2001-09-06,8.969943343924795e-26,504.7242348630783,1.50557558885662,1.1920928955078125e-07,1.1920929e-07,1.1920929e-07,0.0,12.767997,10.435,3.23,17.64,393.03,775.1,0.0282989616972094,0.087773874
2001-09-07,3.334535406290724e-26,503.0220751680289,1.8112778129352733,1.1920928955078125e-07,1.1920929e-07,1.1920929e-07,0.0,12.672003,13.565,5.15,21.98,417.76,889.56,0.02309127206743519,0.077045955
2001-09-08,-2.9091433787066904e-26,501.28080436055376,2.4023574060656787,1.1920928955078125e-07,1.1920929e-07,1.1920929e-07,0.0,12.672003,18.285,9.9,26.67,401.23,1231.9,0.018754081339646844,0.07216963
2001-09-09,-1.2067402564057336e-25,499.5047943550024,2.7090782692762683,1.1920928955078125e-07,1.1920929e-07,1.1920929e-07,0.0,12.576003,20.515,12.62,28.41,378.95,1449.85,0.01516844861802537,0.06534278
2001-09-10,-2.2347449315077463e-25,497.73000142434614,2.740680063189853,1.1920928955078125e-07,1.1920929e-07,1.1920929e-07,0.0,12.576003,20.775,11.33,30.22,410.2,1346.3,0.012270144762039052,0.059491184
2001-09-11,-3.195649079708331e-25,495.99238184155655,2.3257404073525314,1.1920928955078125e-07,1.1920929e-07,11.61,11.61,12.48,18.175,10.73,25.62,273.9,1298.55,0.009969814558437004,0.063392244
2001-09-12,-3.910173417539114e-25,494.32789187960503,1.595020782748393,1.1920928955078125e-07,1.1920929e-07,1.1920929e-07,0.0,12.48,12.045,4.35,19.74,385.46,835.38,0.008171825160178954,0.060466446
2001-09-13,-4.199038661531718e-25,492.772487811463,1.6599697639743975,1.1920928955078125e-07,1.1920929e-07,1.1920929e-07,0.0,12.384,12.86,5.67,20.05,366.15,916.41,0.006785961066459022,0.056565385
2001-09-14,-3.8829655282177705e-25,491.3621259101019,1.5965195815238777,1.1920928955078125e-07,1.1920929e-07,1.1920929e-07,0.0,12.384,12.28,5.06,19.5,366.84,878.53,0.005733630380046512,0.054614857
2001-09-15,-2.7877011454533626e-25,490.1315207457191,1.1290231048540476,1.1920928955078125e-07,1.1920929e-07,1.1920929e-07,0.0,12.288,7.01,0.06,13.96,365.39,611.96,0.004949659717015463,0.052664325
2001-09-16,-1.470913498287399e-25,488.9308339360268,1.2090319024728244,1.1920928955078125e-07,1.1920929e-07,1.1920929e-07,0.0,12.250398,8.15,0.98,15.32,367.99,646.59,0.004288184016457732,0.050713796
2001-09-17,-5.340919259233539e-26,487.586952236427,1.4434338258320267,1.1920928955078125e-07,1.1920929e-07,1.1920929e-07,0.0,12.192,11.045,3.27,18.82,374.7,781.22,0.003652088606072306,0.048763264
2001-09-18,-1.6098290634661024e-26,486.0279244075053,1.6679589669305699,1.1920928955078125e-07,1.1920929e-07,1.1920929e-07,0.0,12.096,13.54,5.19,21.89,380.22,895.1,0.0030314162296915708,0.04681273
2001-09-19,-9.611604465980241e-27,484.3999672909834,1.5829618349564227,1.1920928955078125e-07,1.1920929e-07,1.1920929e-07,0.0,12.096,12.75,5.96,19.54,333.87,931.86,0.0024955897575064142,0.044862203
2001-09-20,-5.7914990526357574e-27,482.33437726334586,1.497867295765852,1.1920928955078125e-07,1.1920929e-07,1.1920929e-07,0.0,11.999997,12.06,7.69,16.43,233.37,1055.36,0.001949811685929865,0.043886937
2001-09-21,-3.502533793689744e-27,488.27634079648016,1.5387389729309882,1.1920928955078125e-07,1.1920929e-07,13.89,13.89,11.999997,12.295,9.89,14.7,100.86,1231.18,0.003965634613303228,0.3315902
2001-09-22,-2.120762798709964e-27,495.91345141380197,1.8425654032632337,1.1920928955078125e-07,1.1920929e-07,4.84,4.84,11.904,15.095,12.16,18.03,118.96,1420.04,0.009876236766118368,0.6534277
2001-09-23,-1.2713139377567198e-27,497.4331413326036,1.7997486060441075,1.1920928955078125e-07,1.1920929e-07,2.0,2.0,11.904,14.66,8.65,20.67,284.98,1131.67,0.01184257214220845,0.42911673
2001-09-24,-7.633325507618757e-28,496.3635902027602,1.686117648500853,1.1920928955078125e-07,1.1920929e-07,1.1920929e-07,0.0,11.808002,13.765,8.19,19.34,284.29,1095.41,0.010421939643657858,0.26332164
2001-09-25,-4.572884223381903e-28,496.59842944358957,1.7124418084580408,1.1920928955078125e-07,1.1920929e-07,4.62,4.62,11.792672,14.03,9.09,18.97,199.34,1166.94,0.01071850037700917,0.36084816
2001-09-26,-2.7283331810002385e-28,506.0492031031844,1.7352268132266215,1.1920928955078125e-07,1.1920929e-07,15.9,15.9,11.711997,14.05,11.1,17.0,121.87,1327.69,0.033152876578419914,1.8334987
2001-09-27,-1.647311354141233e-28,511.6938131061937,1.6299116929041801,1.1920928955078125e-07,1.1920929e-07,1.1920929e-07,0.0,11.616,12.99,5.81,20.17,334.49,929.46,0.0650746728050713,0.62416977
2001-09-28,-9.961564335575125e-29,510.6145783854858,1.242453204946776,1.1920928955078125e-07,1.1920929e-07,0.64,0.64,11.616,8.725,4.73,12.72,211.5,862.4,0.05720210885447053,0.38035345
2001-09-29,-5.8007674979876e-29,509.81988711992017,0.9384051811871097,1.1920928955078125e-07,1.1920929e-07,1.1920929e-07,0.0,11.52,4.585,-1.25,10.42,305.52,562.57,0.052020753897472655,0.28282693
2001-09-30,-3.17621433914526e-29,508.8282980441776,1.0037395594830036,1.1920928955078125e-07,1.1920929e-07,1.1920929e-07,0.0,11.52,5.63,-1.63,12.89,346.4,544.08,0.04620877936318736,0.22431101
2001-10-01,-1.7520007246810333e-29,507.71239412308284,1.1228829892395822,1.1920928955078125e-07,1.1920929e-07,1.1920929e-07,0.0,11.424,7.505,-1.03,16.04,367.84,562.91,0.04044099486098417,0.18530041
2001-10-02,-5.4830615685549376e-30,506.45324235120376,1.3190801892294628,1.1920928955078125e-07,1.1920929e-07,1.1920929e-07,0.0,11.424,10.05,0.49,19.61,375.93,631.56,0.03479254824738636,0.1657951
2001-10-03,2.3342134248323388e-30,505.06180306945475,1.4032834329136379,1.1920928955078125e-07,1.1920929e-07,1.1920929e-07,0.0,11.327997,11.205,3.99,18.42,324.41,800.99,0.029463642406206563,0.1462898
2001-10-04,3.4021239592385846e-30,503.5453926348305,1.5468056065648583,1.1920928955078125e-07,1.1920929e-07,1.1920929e-07,0.0,11.327997,12.81,4.92,20.7,335.09,874.02,0.02458114205108256,0.13653713
2001-10-05,1.9696641430944578e-30,501.7161307873518,1.9141285235991008,1.1920928955078125e-07,1.1920929e-07,1.1920929e-07,0.0,11.232,16.49,8.64,24.34,323.28,1131.39,0.019755328866071443,0.12678449
2001-10-06,1.1474156594975545e-30,500.00728842143184,1.6784186514999775,1.1920928955078125e-07,1.1920929e-07,1.1920929e-07,0.0,11.136003,14.525,7.58,21.47,302.75,1046.77,0.016107007704635856,0.12678449
2001-10-07,6.794332158854751e-31,501.97159939239907,1.1210951238411864,1.1920928955078125e-07,1.1920929e-07,4.88,4.88,11.136003,8.05,1.29,14.81,228.07,662.94,0.020367614476126027,0.1462898
2001-10-08,4.059699150330691e-31,504.5580281170516,0.7850675232292761,1.1920928955078125e-07,1.1920929e-07,2.16,2.16,11.04,2.715,-1.56,6.99,216.21,547.43,0.027742543132986727,0.17554775
2001-10-09,2.42431182756597e-31,505.3108830578186,0.6899770062566076,1.1920928955078125e-07,1.1920929e-07,0.88,0.88,11.04,0.8,-4.2,5.8,255.04,445.84,0.030353644325839937,0.18530041
2001-10-10,1.3592500916683793e-31,504.96596371468263,0.9004852277822307,1.1920928955078125e-07,1.1920929e-07,1.1920929e-07,0.0,10.9439945,4.88,-2.04,11.8,312.78,529.13,0.02912818788641827,0.17554775
2001-10-11,6.37739262981093e-32,503.8713276722958,1.2801711168341285,1.1920928955078125e-07,1.1920929e-07,1.1920929e-07,0.0,10.9439945,10.335,2.39,18.28,324.23,720.36,0.025557264143118714,0.17554775
2001-10-12,3.372438285464047e-32,502.4077473570515,1.511295491553651,1.1920928955078125e-07,1.1920929e-07,1.1920929e-07,0.0,10.848,13.17,2.85,23.49,347.43,747.8,0.021457111740175182,0.1657951
2001-10-13,1.7907002105885664e-32,500.8287437558798,1.512154147291749,1.1920928955078125e-07,1.1920929e-07,1.1920929e-07,0.0,10.848,13.23,7.6,18.86,253.82,1048.13,0.017768019171845777,0.1462898
2001-10-14,8.72521013742181e-33,499.35629442726366,1.4631929340676333,1.1920928955078125e-07,1.1920929e-07,1.1920929e-07,0.0,10.752,12.89,8.97,16.81,189.37,1157.26,0.014901696533832033,0.13653713
2001-10-15,5.0805700366530014e-33,499.5015028933581,1.3614384519564364,1.1920928955078125e-07,1.1920929e-07,3.3,3.3,10.752,11.73,7.85,15.61,148.47,1067.88,0.015162484695208756,0.17554775
2001-10-16,2.8420182700639745e-33,503.2043392246522,0.9960478680849191,1.1920928955078125e-07,1.1920929e-07,6.42,6.42,10.655997,6.87,1.03,12.71,198.77,649.73,0.023599634706447433,0.2925796
2001-10-17,1.6688512800693252e-33,508.2227959501712,1.0714736813899446,1.1920928955078125e-07,1.1920929e-07,5.36,5.36,10.655997,7.84,1.6,14.08,205.84,684.91,0.04298390373480474,0.32183754
2001-10-18,9.331169519774718e-34,510.8779395703772,0.8469010558525428,1.1920928955078125e-07,1.1920929e-07,2.08,2.08,10.56,4.32,-1.16,9.8,251.67,563.29,0.0590306379916436,0.3901061
2001-10-19,5.478227892875354e-34,511.04005763853786,0.7274525920493713,1.1920928955078125e-07,1.1920929e-07,1.1920929e-07,0.0,10.501603,2.14,-2.58,6.86,229.8,513.77,0.06018517847723388,0.2925796
2001-10-20,3.059284846073928e-34,510.13893831627473,0.8955489050853015,1.1920928955078125e-07,1.1920929e-07,1.1920929e-07,0.0,10.464,5.32,-1.51,12.15,285.99,550.17,0.054042042432382614,0.24381632
2001-10-21,1.8136081125192369e-34,509.1691294821451,0.9296891518015616,1.1920928955078125e-07,1.1920929e-07,0.74,0.74,10.385714,6.03,-0.52,12.58,272.25,592.01,0.048129323189280176,0.22431101
2001-10-22,1.0911954018769061e-34,513.258067147807,1.0905769115915456,1.1920928955078125e-07,1.1920929e-07,10.28,10.28,10.368,8.385,0.11,16.66,220.23,616.86,0.0784474639376709,0.5559012
2001-10-23,6.570951201513744e-35,517.2418665891353,0.8252470769927759,1.1920928955078125e-07,1.1920929e-07,1.1920929e-07,0.0,10.289714,4.135,-2.84,11.11,273.44,493.55,0.12626779285563108,0.47788
2001-10-24,3.962774096965206e-35,517.8344439920172,0.8950379941523736,1.1920928955078125e-07,1.1920929e-07,2.64,2.64,10.271997,5.365,-1.35,12.08,219.77,558.41,0.13553160670671113,0.42911673
2001-10-25,2.2150898143571559e-35,519.8574006368236,1.445515663771852,1.1920928955078125e-07,1.1920929e-07,1.63,1.63,10.193711,12.905,8.54,17.27,181.91,1123.14,0.1725873366808453,0.4388694
2001-10-26,1.0793437312540642e-35,521.9265081244416,1.0083554698697417,1.1920928955078125e-07,1.1920929e-07,4.49,4.49,10.1760025,7.205,0.05,14.36,194.6,606.13,0.22098966748724824,0.47788
2001-10-27,4.957695667477374e-08,523.1519875546877,0.7990674984482654,1.1920928955078125e-07,1.1920929e-07,1.1920929e-07,0.0,10.097716,3.765,-0.97,8.5,197.16,562.52,0.2558352312466103,0.3901061
2001-10-28,3.4769575684207027e-07,523.6317669041352,0.6636718360277478,1.7373081883845368e-07,1.1920929e-07,1.47,1.47,10.08,1.04,-2.87,4.95,165.42,495.46,0.2709289529468157,0.32183754
2001-10-29,6.978343135217384e-07,523.4455977041521,0.5327859439928486,1.1920928955078125e-07,1.1920929e-07,1.1920929e-07,0.0,10.021603,-2.03,-5.7,1.64,156.78,400.4,0.2649691813051556,0.28282693
2001-10-30,0.0036553636971731747,522.6706545471814,0.6337477957278939,0.001683637183769041,1.1920929e-07,1.1920929e-07,0.0,9.984,0.535,-5.46,6.53,233.56,409.63,0.2415375555763132,0.25356898
2001-10-31,0.004395118230575929,521.835203354394,0.5569242393870607,1.1920928955078125e-07,1.1920929e-07,1.1920929e-07,0.0,9.968672,-1.28,-6.21,3.65,203.79,380.47,0.21859201523612531,0.24381632
2001-11-01,0.0045000400208015994,524.3717853580831,0.63056570613701,0.0021178865351296973,1.1920929e-07,7.32,7.32,9.888002,0.555,-4.76,5.87,160.97,434.17,0.2959742457791597,0.26332164
2001-11-02,0.0029140474053080553,526.8913317522193,0.8399457852815273,0.0014782513812221629,1.1920929e-07,1.1920929e-07,0.0,9.888002,4.72,0.66,8.78,172.33,634.94,0.3999351702559925,0.37060082
2001-11-03,0.0017417003706471756,526.4214117916009,1.2710897951108924,0.0008784337940687535,1.1920929e-07,1.78,1.78,9.792003,11.29,5.4,17.18,218.47,908.41,0.3780995146988825,0.41936406
2001-11-04,0.0010440328508408174,525.2418171409711,0.975196872774176,0.0005247414121524735,1.1920929e-07,1.1920929e-07,0.0,9.792003,7.185,1.41,12.96,219.64,674.04,0.32839658558271057,0.34134284
2001-11-05,0.0006273996933759442,529.4060887541078,0.7249190172755117,0.0003146839193980872,1.1920929e-07,11.21,11.21,9.696,2.745,-0.24,5.73,98.43,599.66,0.5401032094154574,0.6534277
2001-11-06,0.00037814090872000176,541.8958662351102,0.6706958299995641,0.0001894137490758288,1.1920929e-07,15.31,15.31,9.696,1.26,-0.37,2.89,58.03,594.89,2.401892293029906,0.98501796
2001-11-07,0.00022847735576608758,545.2981596179715,0.7283599785733789,0.00011436918258151683,1.1920929e-07,1.1920929e-07,0.0,9.5999975,2.525,0.15,4.9,107.68,616.86,3.606564371906202,0.6436751
2001-11-08,0.0001381065821643235,541.3327874961478,0.6545567504056385,6.906463912879992e-05,1.1920929e-07,1.1920929e-07,0.0,9.5999975,1.065,-4.07,6.2,206.33,447.77,2.245619519148204,0.48763263
2001-11-09,-0.0007655327979857092,540.4220709122827,0.6219221890572648,1.1920928955078125e-07,1.1920929e-07,3.08,3.08,9.521714,0.465,-4.71,5.64,157.54,432.72,2.0140970237812925,0.47788
2001-11-10,0.0014548148257825162,539.7978947443427,0.5364895052159167,1.1920928955078125e-07,1.1920929e-07,0.85,0.85,9.504,-1.615,-4.99,1.76,155.51,424.44,1.8693592660914002,0.5559012
2001-11-11,0.0013560286702659036,539.6329430882091,0.5581734048643529,1.1920928955078125e-07,1.1920929e-07,3.31,3.31,9.504,-1.045,-4.68,2.59,125.7,433.49,1.8328784644351124,0.44862202
2001-11-12,0.42352653688005476,538.8535405492684,0.42012222113602127,1.1920928955078125e-07,0.6399998,1.5258789e-07,0.64,9.408,-4.88,-8.2,-1.56,164.58,329.76,1.6699042900304097,0.38035345
2001-11-13,0.6709078125239614,536.9629746798789,0.39880227554025716,1.1920928955078125e-07,1.1920929e-07,1.1920929e-07,0.0,9.408,-5.55,-9.9,-1.2,200.59,286.76,1.3322717199034797,0.32183754
2001-11-14,0.6709006925241755,535.3269523369504,0.4730982359654149,1.1920928955078125e-07,1.1920929e-07,1.1920929e-07,0.0,9.329714,-3.015,-8.06,2.03,216.63,331.92,1.095725930006063,0.3315902
2001-11-15,0.5555587576666664,533.8902047167604,0.6381030638139672,0.5534007468495138,1.1920929e-07,1.1920929e-07,0.0,9.312,1.34,-2.87,5.55,180.8,495.39,0.9228925726200552,0.3315902
2001-11-16,0.20988124735703834,533.0797749127669,0.8854235740440239,0.18695963443173774,1.1920929e-07,0.94,0.94,9.312,6.25,1.24,11.26,195.91,659.41,0.8377204207474569,0.5266433
2001-11-17,0.09171171392060312,532.2034720658543,0.6903344369524997,0.06552383194516626,1.1920929e-07,0.28,0.28,9.216002,2.695,-6.99,12.38,257.76,361.5,0.7544474502515126,0.6534277
2001-11-18,0.07296667123445855,531.0630269286725,0.4955129742351178,1.1920928955078125e-07,1.1920929e-07,1.1920929e-07,0.0,9.216002,-2.075,-6.31,2.16,179.63,377.92,0.6583440589000149,0.45837468
2001-11-19,0.0484410902458843,529.8363770246019,0.7665443620546728,0.02997480908282135,1.1920929e-07,1.1920929e-07,0.0,9.200675,4.345,-2.07,10.76,216.24,521.54,0.5685960046105368,0.3901061
2001-11-20,0.026800907406845816,528.9598928671969,0.8981556923551703,0.015185503227567596,1.1920929e-07,1.0,1.0,9.12,6.905,-0.98,14.79,227.83,562.69,0.5120640522198542,0.37060082
2001-11-21,0.01927392029534184,528.9042376322471,0.5258897102490444,1.1920928955078125e-07,1.1920929e-07,1.0,1.0,9.12,-1.02,-7.44,5.4,233.74,348.12,0.5086703430913246,0.36084816
2001-11-22,0.019507433197769864,528.4464802755311,0.45123653748905496,1.1920928955078125e-07,1.1920929e-07,1.1920929e-07,0.0,9.104672,-3.155,-6.39,0.08,149.69,379.2,0.4815972964960304,0.3315902
2001-11-23,0.019447738084111335,527.5510799184649,0.5159488603128188,1.1920928955078125e-07,1.1920929e-07,1.1920929e-07,0.0,9.024,-1.105,-4.09,1.88,136.09,440.0,0.4327359644006115,0.31208488
2001-11-24,0.0189783918765282,526.492585996788,0.5783924927847338,0.009668847497207816,1.1920929e-07,1.1920929e-07,0.0,9.024,0.57,-3.45,4.59,159.38,478.86,0.3813284850804907,0.30233225
2001-11-25,0.013062560088065923,525.4882490665018,0.7267193585239531,0.006957250709870167,1.1920929e-07,0.12,0.12,9.024,3.96,-0.44,8.36,166.27,593.16,0.33820936946715596,0.30233225
2001-11-26,0.007696524053404591,528.5296310705742,0.9792733163090054,0.0039962801728905565,1.1920929e-07,7.58,7.58,8.928008,8.58,6.21,10.95,73.08,947.78,0.4864056563593791,0.5754065
2001-11-27,0.004573432806571847,530.6236971929139,0.8805745936913169,0.002338998009884806,1.1920929e-07,0.03,0.03,8.928,6.88,3.47,10.29,135.72,787.76,0.6246787408583093,0.7119437
2001-11-28,0.0027313853944941464,529.6542511912633,0.6819405990898884,0.0013843427032134746,1.1920929e-07,1.29,1.29,8.928,3.055,-0.12,6.23,129.46,605.25,0.5563569959662639,0.67293304
2001-11-29,0.0012279333346630892,531.391373238146,0.5007231307727001,1.1920928955078125e-07,1.6331673e-07,5.48,5.48,8.869603,-1.39,-5.17,2.39,116.81,418.71,0.6846842585748966,0.63392246
2001-11-30,0.0027848309269952595,542.2181738697994,0.4955404670960223,1.1920928955078125e-07,2.2149086e-06,18.579998,18.58,8.832,-1.765,-5.36,1.83,114.32,412.25,2.496189849815086,1.1898236
2001-12-01,0.0020190353296598213,549.0130365779293,0.7070839177830278,0.001019708577794182,1.1920929e-07,4.67,4.67,8.832,3.22,-0.46,6.9,114.41,591.72,5.621514877373142,2.7404954
2001-12-02,0.0012087095866318816,545.3437835300841,0.903486466718413,0.0006080071960107292,1.1920929e-07,1.1920929e-07,0.0,8.832,7.02,2.26,11.78,177.56,720.75,3.626277605606276,2.1455836
2001-12-03,0.0007200638608034204,541.7021876810624,0.6167873349983505,0.0003613232227746057,1.1920929e-07,0.08,0.08,8.816672,1.43,-2.05,4.91,145.76,527.18,2.346949928881627,1.180071
2001-12-04,0.0004258896173746414,539.1327408280413,0.6642463022972233,0.00021339826291738622,1.1920929e-07,1.1920929e-07,0.0,8.736006,2.725,-1.78,7.23,174.62,538.6,1.7265489089478103,0.8679861
2001-12-05,0.00021563250314899718,537.2772900116141,0.7123587051557585,0.00010793249497049257,1.1920929e-07,1.01,1.01,8.735997,3.815,0.22,7.41,147.44,619.28,1.3832547947589873,0.7509543
2001-12-06,8.652752994592675e-05,535.6412577369811,0.8783384157074019,4.3282482505391913e-05,1.1920929e-07,1.1920929e-07,0.0,8.735997,7.03,3.44,10.62,140.88,795.21,1.137655573754245,0.702191
2001-12-07,4.699293662709328e-05,533.7442658554572,0.9657999770471538,2.350198915367714e-05,1.1920929e-07,1.1920929e-07,0.0,8.735997,8.55,1.51,15.59,199.49,680.55,0.9069400720552809,0.62416977
2001-12-08,4.342119985793636e-05,532.1907825313663,0.49983814095386464,1.1920928955078125e-07,1.1920929e-07,1.1920929e-07,0.0,8.735997,-1.22,-6.37,3.93,179.66,375.59,0.7533044852057191,0.54614854
2001-12-09,0.34877384701441116,531.2120028627502,0.4007615100058826,1.1920928955078125e-07,1.039799,0.00020093679,1.04,8.677603,-4.215,-7.23,-1.2,133.43,356.14,0.6701670479713818,0.48763263
2001-12-10,0.8700036781121399,530.2028050075959,0.37309803035155015,1.1920928955078125e-07,1.1920929e-07,1.1920929e-07,0.0,8.640008,-5.12,-10.07,-0.17,189.45,280.0,0.594042107259169,0.3901061
2001-12-11,0.8694247307562981,529.2369974891479,0.43886905395514053,1.1920928955078125e-07,1.1920929e-07,1.1920929e-07,0.0,8.64,-2.83,-9.24,3.58,209.85,300.01,0.5293011687726447,0.46812734
2001-12-12,0.8694252412558325,528.2705511268233,0.506372019203395,1.1920928955078125e-07,1.1920929e-07,1.1920929e-07,0.0,8.64,-0.77,-6.59,5.05,198.37,360.65,0.47157994477008053,0.44862202
2001-12-13,0.8694263881412481,527.7322535730551,0.47165092118612134,1.1920928955078125e-07,1.1920929e-07,0.8599999,0.86,8.64,-1.77,-5.63,2.09,154.09,401.87,0.4422051881494456,0.41936406
2001-12-14,0.5671050476624222,528.4348082056329,0.6228776366443863,0.5651585031577735,1.1920929e-07,2.0,2.0,8.64,2.235,-1.71,6.18,145.78,542.09,0.4809261511632556,0.5168906
2001-12-15,0.21500507814576292,533.625118712986,0.5759495614373132,0.19223858014447198,1.1920929e-07,10.01,10.01,8.64,0.945,-3.12,5.01,109.65,481.48,0.8941208360178585,0.54614854
2001-12-16,0.9394113090762798,536.5381132580135,0.3436948353763968,1.1920928955078125e-07,1.1920929e-07,1.1920929e-07,0.0,8.64,-6.41,-11.59,-1.23,175.62,251.13,1.2663313392837445,0.3901061
2001-12-17,0.36930319889318947,535.0897498896736,0.2665731068077776,1.1920928955078125e-07,1.1920929e-07,1.1920929e-07,0.0,8.64,-9.79,-14.12,-5.46,161.44,207.38,1.0651084789160785,0.3510955
2001-12-18,4.973664773833908,533.8026281928973,0.3380789893512425,1.1920928955078125e-07,8.12,1.1920929e-07,8.12,8.64,-6.565,-10.77,-2.36,125.99,269.09,0.9132862721368682,0.3510955
2001-12-19,11.33178020930446,532.5841709018606,0.4167360817486756,1.1920928955078125e-07,4.1597505,0.24024971,4.4,8.64,-3.645,-5.88,-1.41,76.21,393.38,0.789555959112006,0.47788
2001-12-20,12.456859592121662,532.3798549294396,0.4289437217722582,1.1920928955078125e-07,1.1920929e-07,1.1920929e-07,0.0,8.64,-3.235,-6.14,-0.33,132.02,384.68,0.7705152714842937,0.41936406
2001-12-21,12.456367604902916,533.4345602136797,0.454422340095369,1.1920928955078125e-07,0.0005356097,4.7894645,4.79,8.64,-2.45,-3.89,-1.01,53.33,449.08,0.8739939096547787,0.39985877
2001-12-22,14.325568803711489,533.4827177293823,0.3216233465920153,1.1920928955078125e-07,1.66,1.1920929e-07,1.66,8.64,-7.235,-11.51,-2.96,174.84,254.75,0.8790371531325605,0.36084816
2001-12-23,14.984981908480485,532.3863986349038,0.2540238083301032,1.1920928955078125e-07,1.1920929e-07,1.1920929e-07,0.0,8.64,-10.36,-15.09,-5.63,189.87,200.0,0.7711179174029208,0.38035345
2001-12-24,15.645632189888223,531.3681431845235,0.33505869380995423,1.1920928955078125e-07,1.73,1.1920929e-07,1.73,8.64,-6.625,-14.34,1.09,204.33,202.82,0.6827865677821279,0.41936406
2001-12-25,18.600012587280474,530.9435440425326,0.4357734382210277,1.1920928955078125e-07,0.10913763,5.1208625,5.23,8.64,-2.975,-7.75,1.8,140.14,337.86,0.6490125933438062,0.6534277
2001-12-26,19.56996341442392,531.5711761206312,0.34351819774134745,1.1920928955078125e-07,1.1920929e-07,1.1920929e-07,0.0,8.64,-6.29,-10.95,-1.63,186.42,269.26,0.6995520905570942,0.5168906
2001-12-27,19.56992667490333,530.5783433788873,0.322478436403286,1.1920928955078125e-07,1.1920929e-07,1.1920929e-07,0.0,8.64,-7.125,-12.11,-2.14,193.63,244.15,0.6213029009510839,0.42911673
2001-12-28,19.554237100817783,529.6937722845305,0.2753577216399272,1.1920928955078125e-07,1.1920929e-07,1.1920929e-07,0.0,8.64,-9.225,-13.92,-4.53,186.82,202.53,0.5589902678150388,0.3901061
2001-12-29,20.349409722176325,528.8770486072093,0.29496417217341486,1.1920928955078125e-07,1.77,1.1920929e-07,1.77,8.64,-8.285,-12.62,-3.95,164.54,236.33,0.5070206153163944,0.37060082
2001-12-30,21.320965722608054,528.0909543837845,0.3062452845177532,1.1920928955078125e-07,1.1920929e-07,1.1920929e-07,0.0,8.64,-7.76,-10.92,-4.6,141.53,265.93,0.46156865461052177,0.36084816
2001-12-31,25.860997821580096,527.3505728575936,0.29040860985053474,1.1920928955078125e-07,8.87,1.1920929e-07,8.87,8.64,-8.455,-11.33,-5.58,99.57,257.08,0.42249246193358686,0.3510955
2002-01-01,30.676456155740905,526.6600580642745,0.2803769996072811,1.1920928955078125e-07,0.81,1.1920929e-07,0.81,8.657714,-8.935,-12.21,-5.66,142.3,239.93,0.38903541236097433,0.3510955
2002-01-02,31.07297379045054,526.0327830537942,0.23303361954170027,1.1920928955078125e-07,0.09,1.1920929e-07,0.09,8.72067,-11.455,-14.47,-8.44,136.78,201.52,0.3609447489556476,0.34134284
2002-01-03,31.109090164277287,525.4121601092843,0.32372071298662475,1.1920928955078125e-07,1.1920929e-07,1.1920929e-07,0.0,8.735997,-7.09,-10.65,-3.53,155.85,270.3,0.3351486598266047,0.3315902
2002-01-04,31.093018373664467,524.7922609967167,0.27336366332417467,1.1920928955078125e-07,1.1920929e-07,1.1920929e-07,0.0,8.735997,-9.345,-15.04,-3.65,212.43,200.0,0.31122308601185916,0.32183754
2002-01-05,33.06934139575957,524.2338192569598,0.24796475825974998,1.1920928955078125e-07,4.44,1.1920929e-07,4.44,8.735997,-10.62,-15.85,-5.39,169.11,177.98,0.29113542829299005,0.32183754
2002-01-06,37.813920522881794,523.6187924798594,0.4009890594817959,1.1920928955078125e-07,4.8570356,0.002964281,4.86,8.735997,-4.1,-6.65,-1.55,89.03,367.35,0.270509296027347,0.31208488
2002-01-07,38.76829717238727,531.4119303313933,0.46035013777971207,1.1920928955078125e-07,0.0012973023,14.168703,14.17,8.7736025,-2.43,-4.74,-0.12,81.19,438.08,0.6863679904750704,0.34134284
2002-01-08,42.835488326650776,533.0909400209179,0.29775058210712146,1.1920928955078125e-07,1.1920929e-07,1.1920929e-07,0.0,8.832,-8.56,-14.59,-2.53,225.96,200.0,0.8388386714564072,0.32183754
2002-01-09,44.08849994992623,532.0360670729515,0.2649647955599996,1.1920928955078125e-07,2.5,1.1920929e-07,2.5,8.832,-10.085,-16.08,-4.09,197.64,176.46,0.739507509318738,0.31208488
2002-01-10,47.56964966128624,531.0004426987532,0.41214450028794963,1.1920928955078125e-07,4.3362446,0.0037555767,4.34,8.832,-4.065,-7.26,-0.87,112.65,353.73,0.6534396961554715,0.30233225
2002-01-11,48.407674790392065,532.717900084516,0.5550674902458668,1.1920928955078125e-07,1.1920929e-07,1.69,1.69,8.8320055,0.115,-1.53,1.76,79.45,556.73,0.802272549329495,0.36084816
2002-01-12,50.66296527198175,533.2536255618629,0.4265668849096193,1.1920928955078125e-07,5.341168,0.068831906,5.41,8.928,-3.795,-8.49,0.9,151.87,320.24,0.8553029399374317,0.3315902
2002-01-13,52.97966578015505,532.1976122421314,0.3950452002041975,1.1920928955078125e-07,1.1920929e-07,1.1920929e-07,0.0,8.928,-4.835,-8.13,-1.54,159.32,329.77,0.7539194319576779,0.32183754
2002-01-14,59.966382664969366,531.1193533450622,0.3481025614812632,1.1920928955078125e-07,13.92,1.1920929e-07,13.92,8.928,-6.545,-12.06,-1.03,171.11,244.24,0.6627894978785164,0.30233225
2002-01-15,69.07440555035912,530.1791669854541,0.2828957082558352,1.1920928955078125e-07,4.19,1.1920929e-07,4.19,8.965603,-9.37,-12.24,-6.5,123.84,241.47,0.5923667683282647,0.2925796
2002-01-16,74.96391017990285,529.3126411463335,0.3368753932963711,1.1920928955078125e-07,7.85,1.1920929e-07,7.85,9.024,-7.09,-10.04,-4.14,113.88,285.6,0.5341065385476954,0.28282693
2002-01-17,78.29381516439814,528.4996385340174,0.28012118057355745,1.1920928955078125e-07,1.1920929e-07,1.1920929e-07,0.0,9.024,-9.545,-13.6,-5.49,197.61,205.34,0.4846657681154838,0.27307427
2002-01-18,79.8899303621088,527.734014810706,0.31916660553511605,1.1920928955078125e-07,2.83,1.1920929e-07,2.83,9.024009,-7.78,-12.72,-2.84,186.62,233.05,0.44229825069598255,0.26332164
2002-01-19,81.77574677505544,527.0282282140652,0.24689329544768202,1.1920928955078125e-07,1.04,1.1920929e-07,1.04,9.12,-11.31,-18.57,-4.05,273.79,147.23,0.406530337093631,0.26332164
2002-01-20,82.09017848886884,526.4030118674832,0.23073709826926242,1.1920928955078125e-07,1.1920929e-07,1.1920929e-07,0.0,9.12,-12.175,-18.78,-5.57,268.93,139.4,0.3772692199157317,0.25356898
2002-01-21,82.57853931184012,525.7841739487781,0.28721227569300467,1.1920928955078125e-07,0.97,1.1920929e-07,0.97,9.120006,-9.285,-15.76,-2.81,269.42,179.67,0.350381167631788,0.25356898
2002-01-22,84.07206127094858,525.0967656483429,0.40849241602141734,1.1920928955078125e-07,1.9299937,6.2119957e-06,1.93,9.216002,-4.625,-7.04,-2.21,133.5,360.0,0.32275435987771744,0.25356898
2002-01-23,85.14145318489558,524.4103449977655,0.352328090116104,1.1920928955078125e-07,1.1920929e-07,1.1920929e-07,0.0,9.216002,-6.64,-12.91,-0.37,270.92,226.56,0.29734095183514453,0.25356898
2002-01-24,85.00752194861029,523.2228777612189,0.48025582424509855,1.1920928955078125e-07,1.1920929e-07,1.1920929e-07,0.0,9.253603,-2.365,-10.46,5.73,292.37,276.05,0.25801130960465923,0.32183754
2002-01-25,85.00655837789542,529.0090986777393,0.4933135819213343,1.1920928955078125e-07,0.00015323907,12.389847,12.39,9.312,-2.23,-7.11,2.65,181.52,358.92,0.5150833458915463,0.8777388
2002-01-26,89.49277810701906,531.6257115801574,0.38544365531057767,1.1920928955078125e-07,3.64,1.1920929e-07,3.64,9.312,-5.74,-10.05,-1.43,184.16,284.16,0.7041251003398085,0.5851592
2002-01-27,90.95866929514648,530.5918580479897,0.4885345959657941,1.1920928955078125e-07,1.1920929e-07,1.1920929e-07,0.0,9.408,-2.555,-6.84,1.73,230.45,360.1,0.6223069314759967,0.48763263
2002-01-28,90.96456971326492,529.5220993512125,0.4390593314477857,1.1920928955078125e-07,1.1920929e-07,1.1920929e-07,0.0,9.408,-4.025,-8.51,0.46,241.01,321.86,0.5476415395264114,0.4388694
2002-01-29,90.96456970241235,528.5038600813783,0.5022166166574855,1.1920928955078125e-07,1.1920929e-07,1.1920929e-07,0.0,9.425714,-2.135,-8.79,4.52,294.79,314.11,0.4849102861999985,0.40961143
2002-01-30,90.96429048058285,531.0902491712673,0.5360452366645425,1.1920928955078125e-07,2.0295381e-07,6.81,6.81,9.504,-1.395,-6.87,4.08,206.59,360.25,0.6604887794672967,0.38035345
2002-01-31,91.92212095491388,532.5516574039361,0.29773146547290513,1.1920928955078125e-07,1.9,1.1920929e-07,1.9,9.504,-9.525,-14.6,-4.45,272.12,200.77,0.7864947655800112,0.37060082
2002-02-01,98.23560324109505,531.5488468619334,0.2340376722756587,1.1920928955078125e-07,10.78,1.1920929e-07,10.78,9.5999975,-12.78,-15.91,-9.65,146.84,179.04,0.6976882763453285,0.3510955
2002-02-02,113.73897741844868,530.6024416463209,0.3397418080523653,1.1920928955078125e-07,19.96,1.1920929e-07,19.96,9.5999975,-7.845,-15.29,-0.4,245.82,186.68,0.6230943398753404,0.3510955
2002-02-03,124.41377854167136,529.7631338369816,0.17339362558368,1.1920928955078125e-07,1.1920929e-07,1.1920929e-07,0.0,9.680673,-16.64,-22.85,-10.43,317.53,98.65,0.5636419632646275,0.34134284
2002-02-04,126.89504200200713,529.0405388627744,0.20202992720713817,1.1920928955078125e-07,4.72,1.1920929e-07,4.72,9.696,-14.725,-22.04,-7.41,272.19,106.77,0.5170218467283154,0.3315902
2002-02-05,129.0061160508766,528.2926252936537,0.3040347369724324,1.1920928955078125e-07,1.1920929e-07,1.1920929e-07,0.0,9.713714,-9.43,-16.74,-2.12,337.88,167.92,0.4728253191152143,0.32183754
2002-02-06,129.02797029192072,527.5696870674899,0.2306628088522769,1.1920928955078125e-07,1.1920929e-07,1.1920929e-07,0.0,9.792003,-13.125,-16.92,-9.33,234.21,161.83,0.4336990682263269,0.32183754
2002-02-07,129.028186731806,526.9182161885531,0.2461691249443124,1.1920928955078125e-07,1.1920929e-07,1.1920929e-07,0.0,9.792003,-12.27,-17.53,-7.01,298.13,156.5,0.4012218653944226,0.32183754
2002-02-08,131.8253661667851,526.214707508273,0.3753005164603048,1.1920928955078125e-07,5.4,1.1920929e-07,5.4,9.888002,-6.785,-10.59,-2.98,183.93,279.11,0.36887610967093293,0.31208488
2002-02-09,134.78604744467737,525.5221047925245,0.30372041204711847,1.1920928955078125e-07,1.1920929e-07,1.1920929e-07,0.0,9.888002,-9.61,-16.79,-2.43,352.07,161.17,0.33958020031195696,0.31208488
2002-02-10,134.25999064829972,524.9155508239994,0.25787311037663024,1.1920928955078125e-07,1.1920929e-07,1.1920929e-07,0.0,9.984,-11.87,-19.12,-4.62,354.34,129.47,0.31584145985692086,0.30233225
2002-02-11,145.51462708817132,524.3171856571431,0.3365266835857336,1.1920928955078125e-07,22.28,1.1920929e-07,22.28,9.984,-8.34,-16.79,0.11,281.63,160.0,0.29404975493633206,0.69243836
2002-02-12,156.768198127717,523.7689747352953,0.19820707568456658,1.1920928955078125e-07,1.1920929e-07,1.1920929e-07,0.0,10.08,-15.33,-24.38,-6.28,389.59,85.06,0.2754069766018462,0.8874914
2002-02-13,159.64209618511913,523.2702360614101,0.2631537917719863,1.1920928955078125e-07,5.02,1.1920929e-07,5.02,10.08,-11.69,-19.78,-3.6,283.11,128.94,0.2594753449060626,0.5363959
2002-02-14,161.8603688128112,522.7962140524941,0.18678154528334276,1.1920928955078125e-07,1.1920929e-07,1.1920929e-07,0.0,10.1760025,-16.17,-24.04,-8.3,378.86,81.72,0.24518831596660898,0.3901061
2002-02-15,161.90029811851093,522.3571636205604,0.23367019169482403,1.1920928955078125e-07,1.1920929e-07,1.1920929e-07,0.0,10.1760025,-13.325,-22.71,-3.94,400.41,100.66,0.23265804207034366,0.3510955
2002-02-16,161.89955229939693,521.9178363332747,0.4955107482282974,1.1920928955078125e-07,1.1920929e-07,1.1920929e-07,0.0,10.271997,-3.36,-9.61,2.89,333.44,295.0,0.22076082152302576,0.3510955
2002-02-17,161.89947981691822,521.5846820126051,0.5786344897394152,1.1920928955078125e-07,1.1920929e-07,0.79,0.79,10.271997,-1.155,-8.13,5.82,354.6,329.8,0.2121461224172571,0.36084816
2002-02-18,161.89125302612257,521.3099590257425,0.42190018208607705,1.1920928955078125e-07,1.1920929e-07,1.1920929e-07,0.0,10.368,-5.705,-12.99,1.58,370.75,223.72,0.20529582316679085,0.34134284
2002-02-19,161.86601608383972,520.8151947126306,0.37098384275078583,1.1920928955078125e-07,1.1920929e-07,1.1920929e-07,0.0,10.368,-7.445,-15.08,0.19,383.06,194.73,0.19351182010770418,0.32183754
2002-02-20,161.89165180290883,520.1995083874093,0.492624810139343,1.1920928955078125e-07,1.1920929e-07,1.1920929e-07,0.0,10.464,-3.655,-11.62,4.31,391.45,255.1,0.1797878798292286,0.32183754
2002-02-21,161.92794198976577,521.7493407784496,0.5471207327968467,1.1920928955078125e-07,4.829645e-05,4.309952,4.31,10.464,-2.22,-7.03,2.59,215.3,363.53,0.21636101348477682,0.39985877
2002-02-22,159.37779602722705,527.5663009194012,0.7891694442020181,5.8640031814575195,1.1920929e-07,3.59,3.59,10.56,2.79,-0.42,6.0,151.88,600.0,0.43352364219794615,1.0045233
2002-02-23,157.52285761380568,529.8281877889945,0.5591083047650834,1.1920928955078125e-07,1.1920929e-07,1.1920929e-07,0.0,10.56,-2.26,-6.97,2.45,294.85,359.01,0.5680399439567091,1.180071
2002-02-24,157.52224744526816,528.8371473361784,0.3530626215887166,1.1920928955078125e-07,1.1920929e-07,1.1920929e-07,0.0,10.655997,-8.685,-16.08,-1.29,400.57,176.26,0.5046092389947937,0.5851592
2002-02-25,157.52224744526816,527.9611084543068,0.45226882355049774,1.1920928955078125e-07,1.1920929e-07,1.1920929e-07,0.0,10.655997,-5.3,-12.86,2.26,403.16,229.57,0.4544632684583715,0.41936406
2002-02-26,157.32193636196865,527.02992750469,0.6167210681689156,1.1920928955078125e-07,1.1920929e-07,1.1920929e-07,0.0,10.752,-1.045,-5.76,3.67,297.31,400.1,0.40661288235593196,0.38035345
2002-02-27,155.95024476278485,528.901291050114,0.7318947461496532,2.5299834993296884,1.1920929e-07,4.1,4.1,10.752,1.38,-4.16,6.92,250.27,452.48,0.5084912965372603,0.8094702
2002-02-28,160.4406807776132,533.5682388023349,0.4614403270438041,1.1920928955078125e-07,16.41,1.1920929e-07,16.41,10.848,-5.415,-10.66,-0.17,250.56,272.28,0.8880650894631791,1.3751241
2002-03-01,169.16800459193297,532.374670803142,0.32038952487488115,1.1920928955078125e-07,1.1920929e-07,1.1920929e-07,0.0,10.848005,-10.3,-14.7,-5.9,299.42,196.95,0.7700381710899882,0.8484808
2002-03-02,168.53537194151752,531.2938201608837,0.4000637105848921,1.1920928955078125e-07,1.1920929e-07,1.1920929e-07,0.0,10.9439945,-7.425,-15.04,0.19,431.36,191.58,0.6767502937140177,0.6046645
2002-03-03,173.00338924224437,530.3655879762607,0.4967500699239086,1.1920928955078125e-07,7.75995,4.995346e-05,7.76,11.04,-4.555,-11.05,1.94,295.68,265.96,0.6057086928166526,0.8679861
2002-03-04,174.85670387817913,533.1361686383289,0.7121055479707078,0.33988987025701434,1.1920929e-07,4.01,4.01,11.04,0.48,-7.79,8.75,335.3,339.25,0.8433838730604624,1.8139935
2002-03-05,175.1020817409559,533.4327390714285,0.3245820141527898,1.1920928955078125e-07,1.1920929e-07,1.1920929e-07,0.0,11.136003,-10.5,-15.04,-5.96,316.09,193.74,0.873803761343839,1.1313077
2002-03-06,174.7853277257916,532.3025768009512,0.3049533795193652,1.1920928955078125e-07,1.1920929e-07,1.1920929e-07,0.0,11.136003,-11.29,-16.9,-5.68,378.97,166.68,0.7634338261649395,0.8289755
2002-03-07,175.89545857874515,531.2251016007498,0.41419501636600536,1.1920928955078125e-07,1.68,1.1920929e-07,1.68,11.232,-7.305,-13.36,-1.25,379.13,220.35,0.6712166867080177,0.6534277
2002-03-08,176.81489346487882,530.1378001099738,0.5008202022806304,1.1920928955078125e-07,1.1920929e-07,1.1920929e-07,0.0,11.232,-4.675,-9.25,-0.1,326.66,307.03,0.5894462626402796,0.50713795
2002-03-09,176.63349858039615,529.012737051854,0.5519078544919046,1.1920928955078125e-07,1.1920929e-07,1.1920929e-07,0.0,11.327997,-3.41,-7.16,0.34,280.06,359.78,0.5153073039545096,0.4973853
2002-03-10,172.54881625356774,538.561036041734,0.9960740918418445,10.876769065856934,1.1920929e-07,13.64,13.64,11.327997,4.91,-2.1,11.92,325.07,520.53,1.6125527788453367,6.485514
2002-03-11,169.80822175516195,545.0905925747096,0.46678274415653315,1.1920928955078125e-07,1.0,1.1920929e-07,1.0,11.424,-6.26,-12.96,0.44,441.47,227.05,3.5182227273319207,3.5792236
2002-03-12,170.13344909593724,541.8503255732497,0.3675712397810866,1.1920928955078125e-07,1.1920929e-07,1.1920929e-07,0.0,11.424,-9.4,-14.53,-4.27,377.11,200.31,2.3888588449807857,2.5356898
2002-03-13,170.59634762045343,539.3414364717776,0.566935451296885,1.1920928955078125e-07,0.74675167,0.12324835,0.87,11.52,-3.54,-10.01,2.93,443.45,286.76,1.7701407711829447,1.9895412
2002-03-14,170.76630629385272,537.2680455087361,0.6556213012754475,1.1920928955078125e-07,1.1920929e-07,1.1920929e-07,0.0,11.616,-1.55,-8.0,4.9,447.99,336.35,1.3817278146877032,1.9992938
2002-03-15,170.74050364221418,535.4066013567194,0.7047923687809938,1.1920928955078125e-07,1.1920929e-07,1.1920929e-07,0.0,11.616,-0.465,-6.26,5.33,424.65,383.12,1.106202952907161,2.0968204
2002-03-16,170.78421515808947,535.9040281273809,0.592009922851335,1.1920928955078125e-07,0.24094641,4.1590533,4.4,11.711997,-3.075,-6.6,0.45,225.8,374.63,1.1739391340017153,1.5994351
2002-03-17,172.75034503990292,534.5998798208316,0.46319496839768676,1.1920928955078125e-07,1.1920929e-07,1.1920929e-07,0.0,11.711997,-6.44,-13.64,0.76,503.78,215.57,1.0045583815464039,1.2971028
2002-03-18,172.51670396558785,533.2006454596357,0.49432705810829797,1.1920928955078125e-07,1.1920929e-07,1.1920929e-07,0.0,11.808002,-5.625,-12.31,1.06,488.54,239.64,0.8499060148032912,1.209329
2002-03-19,174.41347137000514,531.9230314333564,0.49278391136172145,1.1920928955078125e-07,3.59,1.1920929e-07,3.59,11.808002,-5.635,-10.32,-0.95,294.07,281.12,0.7295874082129541,1.1215551
2002-03-20,176.6717541841153,530.3715981724056,0.5852047228519479,1.1920928955078125e-07,0.5623523,0.8376477,1.4,11.904,-3.32,-7.68,1.04,357.09,341.98,0.6061437995803785,1.0142759
2002-03-21,176.8502287110709,536.0585659775669,0.6083403899732118,1.1920928955078125e-07,0.15173605,11.738264,11.89,11.904,-2.925,-5.12,-0.73,159.92,421.83,1.1958159156951513,1.0337812
2002-03-22,183.80405668567897,535.5571398776134,0.43087446267645363,1.1920928955078125e-07,4.29,1.1920929e-07,4.29,11.999997,-7.775,-17.44,1.89,439.74,159.54,1.1262791462477564,0.8874914
2002-03-23,185.70866002188328,534.1854006678063,0.2566071357323342,1.1920928955078125e-07,1.1920929e-07,1.1920929e-07,0.0,12.096,-14.62,-19.22,-10.02,420.41,136.78,0.9560232372408463,0.98501796
2002-03-24,187.47655075329791,532.9619214090175,0.4398073017356578,1.1920928955078125e-07,3.52,1.1920929e-07,3.52,12.096,-7.54,-11.97,-3.11,326.53,245.89,0.8260072356561969,0.8874914
2002-03-25,189.28798390247746,531.8166882471114,0.3345893550498393,1.1920928955078125e-07,1.1920929e-07,1.1920929e-07,0.0,12.192,-11.25,-18.73,-3.77,558.3,141.69,0.7203761625674998,0.98501796
2002-03-26,188.853480712541,530.7734483597937,0.4100032074067254,1.1920928955078125e-07,1.1920929e-07,1.1920929e-07,0.0,12.192,-8.535,-16.01,-1.06,561.17,178.25,0.6359560468472797,0.8484808
2002-03-27,202.4519329939635,529.6908555619511,0.5691377248528653,1.1920928955078125e-07,26.798475,0.011525579,26.81,12.288,-4.135,-9.29,1.02,347.28,304.78,0.5587955027128251,0.83872813
2002-03-28,205.48990034114536,538.5472455866919,0.8340936009090444,1.8080036428969635,1.1920929e-07,1.1920929e-07,0.0,12.288,1.075,-3.49,5.64,425.24,472.55,1.6098980373196172,0.9460073
2002-03-29,204.7732801818172,536.5836020591443,0.6708719642170811,1.1920928955078125e-07,1.1920929e-07,1.1920929e-07,0.0,12.384,-2.115,-8.05,3.82,515.27,334.69,1.2732324659366125,0.92650205
2002-03-30,204.78797888750182,536.5885593014619,0.8332529828249825,1.6298832613229308,1.1920929e-07,3.53,3.53,12.384,1.0,-6.75,8.75,434.97,370.82,1.2739868003373278,1.8334987
2002-03-31,200.1920029173047,540.3431438012028,1.0007130670504636,7.495517253875732,1.1920929e-07,0.34,0.34,12.48,3.48,-4.01,10.97,570.66,456.42,1.9951932749274806,3.3646653
2002-04-01,190.43846712916434,547.2880934330008,1.1402466614856805,11.396963119506836,1.1920929e-07,2.33,2.33,12.576003,5.13,-0.73,10.99,459.84,580.2,4.574551492775612,4.856821
2002-04-02,183.47084650233057,550.48941233929,0.8977253229114345,2.7901160980898965,1.1920929e-07,4.02,4.02,12.576003,1.49,-1.47,4.45,225.89,553.24,6.705951383444707,4.44721
2002-04-03,179.02300502878137,552.128617256673,0.9757894624005806,5.320165157318115,1.1920929e-07,6.91,6.91,12.672003,2.56,-1.09,6.21,278.44,566.47,8.156736068427193,5.812581
2002-04-04,176.27185935068388,552.81551821615,0.8313181029191458,1.1920928955078125e-07,1.1920929e-07,7.69,7.69,12.672003,0.2,-5.64,6.04,395.07,403.92,8.854391542552067,6.007634
2002-04-05,176.22897146481625,548.2052453088148,0.6630249544183362,1.1920928955078125e-07,1.1920929e-07,1.1920929e-07,0.0,12.767997,-3.015,-7.79,1.76,473.37,339.52,5.104323904176244,3.5792236
2002-04-06,176.23149375101625,543.680210088947,0.60546421940179,1.1920928955078125e-07,1.1920929e-07,1.1920929e-07,0.0,12.767997,-4.17,-9.8,1.46,532.36,293.23,2.9726281811257413,2.8575273
2002-04-07,176.23149374653184,540.6287390350174,0.5326771336743064,1.1920928955078125e-07,1.1920929e-07,1.1920929e-07,0.0,12.864003,-5.965,-12.29,0.36,570.33,238.79,2.064448732750936,2.3894
2002-04-08,176.23149373637253,538.2430564100425,0.6771494938869959,1.1920928955078125e-07,1.1920929e-07,1.1920929e-07,0.0,12.864003,-2.565,-7.1,1.97,457.61,360.24,1.552438582474867,2.1748416
2002-04-09,175.99769638327632,536.8697399577576,0.9071932797656395,2.979288170296286,1.1920929e-07,1.4,1.4,12.96,1.57,-2.39,5.53,414.08,516.52,1.317513252182511,2.467421
2002-04-10,168.17365339158474,544.9565896012225,1.197071330641608,12.212718963623047,1.1920929e-07,5.01,5.01,12.96,5.475,1.81,9.14,290.12,696.93,3.462343134284007,8.036186
2002-04-11,161.21384729251452,548.2166104764491,0.8626843787832992,0.20653700665952712,1.1920929e-07,1.1920929e-07,0.0,13.056,0.425,-4.9,5.75,525.53,427.28,5.111259701738727,6.5830407
2002-04-12,159.26449105125766,545.2307897450166,1.00111435478526,5.35563325881958,1.1920929e-07,1.1920929e-07,0.0,13.151992,2.575,-5.21,10.36,633.25,418.17,3.5776509050758505,7.4022636
2002-04-13,146.1134396319656,551.9955851840829,1.5241738953639408,19.980144500732422,1.1920929e-07,1.1920929e-07,0.0,13.152,8.76,3.32,14.2,521.59,778.0,8.02811463093494,12.580922
2002-04-14,125.5113784865126,565.2676103664575,1.5551199400203075,19.57817840576172,1.1920929e-07,24.64,24.64,13.247997,8.59,4.1,13.08,343.86,823.37,39.19945736428133,32.086227
2002-04-15,108.80483436042813,563.0951304886239,1.3223276113238196,13.820588111877441,1.1920929e-07,13.27,13.27,13.247997,6.155,2.14,10.17,319.04,714.85,30.238007292940157,21.748415
2002-04-16,97.03207902906186,558.6201175661961,1.2097917369389724,10.66396427154541,1.1920929e-07,3.9,3.9,13.344,4.82,0.98,8.66,314.42,657.77,17.715406345732,16.87209
2002-04-17,77.34684133707734,561.0249485787426,2.0218913566378025,29.402727127075195,1.1920929e-07,3.23,3.23,13.344,12.745,2.95,22.54,542.0,761.44,23.61208704957329,19.895412
2002-04-18,46.926517420585995,566.0990026874413,2.082478435577228,29.91109848022461,1.1920929e-07,14.69,14.69,13.44,12.96,5.27,20.65,456.93,893.5,43.29321308388584,19.212727
2002-04-19,20.30376843881355,561.9495295526275,1.7768384931795331,20.30376843881355,1.1920929e-07,1.1920929e-07,0.0,13.44,10.545,2.67,18.42,620.58,744.97,26.36996576518234,10.240286
2002-04-20,7.43932082818909,555.2631208175518,1.7016280650729627,7.43932082818909,1.1920929e-07,1.1920929e-07,0.0,13.536,9.94,1.0,18.88,644.63,657.33,11.862093331241608,6.973147
2002-04-21,2.7213558463865533,549.9848997459801,1.0104752758883722,2.721355846382422,1.1920929e-07,1.1920929e-07,0.0,13.536,2.16,-6.16,10.48,649.19,388.79,6.313671188903914,4.5544887
2002-04-22,2.204930626609941,544.9386265036949,0.6897880250974783,1.1920928955078125e-07,1.1920929e-07,1.1920929e-07,0.0,13.632,-3.295,-8.43,1.84,511.53,322.09,3.4549202477761147,3.2183754
2002-04-23,2.2042831098047646,541.3488560696273,0.7222278579139554,1.1920928955078125e-07,1.1920929e-07,1.1920929e-07,0.0,13.632,-2.555,-7.82,2.71,520.77,341.78,2.249934887725075,2.6039584
2002-04-24,2.1386271426821795,538.6801063165019,0.911489276541416,1.0277797118390544,1.1920929e-07,1.1920929e-07,0.0,13.728,0.75,-4.02,5.52,485.26,454.4,1.6356573329996384,2.1748416
2002-04-25,0.8077459377046439,537.4544076455435,1.08209003255279,0.807495243705903,1.1920929e-07,1.1920929e-07,0.0,13.728,3.305,-4.18,10.79,631.43,450.71,1.4128386469100642,1.9505305
2002-04-26,0.2955046361128566,540.3321389935527,1.08740761172603,0.28087758580081873,1.1920929e-07,9.95,9.95,13.8239975,3.195,-4.19,10.58,468.45,452.36,1.9925716570466352,2.5356898
2002-04-27,0.17324387276751718,542.3291568072121,0.8428366795179123,1.1920928955078125e-07,1.1920929e-07,1.1920929e-07,0.0,13.8239975,-0.58,-5.07,3.91,467.23,423.06,2.5295097602933505,2.6137109
2002-04-28,0.17195817272660968,538.6955060798233,0.8985134977099015,0.034564154717324255,1.1920929e-07,1.1920929e-07,0.0,13.92,0.34,-5.32,6.0,551.85,413.77,1.6386695996331084,2.4089053
2002-04-29,0.19275637900243703,545.4712434858307,0.8631581333606538,1.1920928955078125e-07,1.1920929e-07,18.7,18.7,13.92,-0.42,-3.04,2.2,225.63,490.13,3.681923523228904,2.2918735
2002-04-30,0.1929570607932565,548.3712551120603,0.8640635584935539,1.1920928955078125e-07,1.1920929e-07,0.19,0.19,14.016003,-0.58,-2.73,1.57,257.43,500.99,5.206576308410158,2.5064318
2002-05-01,0.11772920096909907,544.1864159279547,1.0490765951922034,0.08999932979509523,1.1920929e-07,1.18,1.18,14.016003,2.355,-2.17,6.88,493.29,524.14,3.157961935482857,4.242404
2002-05-02,0.05451020500244263,541.876130310707,1.0524916128961148,0.034504877150147904,1.1920929e-07,1.17,1.17,14.112002,2.365,-2.53,7.26,518.08,507.49,2.396235288708701,5.051874
2002-05-03,0.028567611129240878,544.879821662909,1.0292428604111488,0.016310311261462172,1.1920929e-07,10.98,10.98,14.112002,1.955,-0.87,4.78,246.85,574.94,3.43073147741661,6.124666
2002-05-04,0.01606359134930636,545.9433897626448,1.1152240492670458,0.008675509493434111,1.1920929e-07,2.15,2.15,14.208,3.01,0.25,5.77,315.56,621.88,3.895594658313747,5.0226164
2002-05-05,0.009298428428074539,542.4717769285322,1.3311604094848206,0.004865210537799264,1.1920929e-07,1.1920929e-07,0.0,14.208,5.76,-1.23,12.75,630.29,560.82,2.5729818017844197,5.1006374
2002-05-06,0.005445835111726377,538.761879602768,1.6696502459712081,0.0027970420376067784,1.1920929e-07,1.1920929e-07,0.0,14.2862835,9.27,-0.15,18.69,687.71,600.89,1.6517161850190347,5.3054433
2002-05-07,0.003130865694352576,535.0389440800736,2.2697575460175945,0.0015899366455818969,1.1920929e-07,1.1920929e-07,0.0,14.304,14.26,6.95,21.57,616.76,1001.11,1.0586626732590942,5.0128636
2002-05-08,0.0018483262187765895,533.9833579123385,1.8212049135403057,0.0009327036407747118,1.1920929e-07,5.16,5.16,14.31933,10.74,2.03,19.45,500.18,708.12,0.9332215038581965,4.1936407
2002-05-09,0.0010759942764507987,533.9342079527348,1.4817466222485765,0.000540891519507761,1.1920929e-07,1.1920929e-07,0.0,14.399997,7.435,1.77,13.1,546.58,694.07,0.927757376556933,2.7697535
2002-05-10,0.000644270218292323,534.4130739953474,1.638102948961495,0.00032317281584214703,1.1920929e-07,4.67,4.67,14.399997,8.975,4.49,13.46,340.38,843.46,0.982385838341498,2.7502482
2002-05-11,0.00038704145694943854,534.1137094582432,1.6624253021248754,0.0001938952307307062,1.1920929e-07,1.1920929e-07,0.0,14.495997,9.11,1.02,17.2,644.96,658.41,0.9478693791405002,2.3503892
2002-05-12,0.00023257405977626178,531.5564298249927,1.2348643647061264,0.00011642225656037871,1.1920929e-07,1.1920929e-07,0.0,14.495997,4.63,-1.48,10.74,574.95,553.42,0.6983206657105577,1.8627567
2002-05-13,0.00013926209833651812,532.2217389364712,1.326053076100354,6.967953399050585e-05,1.1920929e-07,6.45,6.45,14.574286,5.605,1.57,9.64,332.15,683.57,0.7560958198564494,2.360142
2002-05-14,8.429566330912867e-05,549.0847309533605,1.1235106595246829,4.216559605064423e-05,1.1920929e-07,32.04,32.04,14.592003,2.64,-0.57,5.85,265.49,586.01,5.669874987387191,6.719578
2002-05-15,5.1024778071561395e-05,556.2114177835286,1.116323602705771,2.551889785558261e-05,1.1920929e-07,6.64,6.64,14.592003,2.355,-0.39,5.1,230.79,593.64,13.285170000860834,8.026433
2002-05-16,3.085074753536014e-05,549.1144228387881,1.2835466959747608,1.5427753189219926e-05,1.1920929e-07,0.94,0.94,14.688,4.525,0.56,8.49,423.44,631.08,5.690024718952504,6.095408
2002-05-17,1.8551756280246475e-05,546.2242571521213,1.809466791394862,9.276738559273474e-06,1.1920929e-07,5.85,5.85,14.688,9.88,4.2,15.56,411.82,829.61,4.028538983502378,8.211734
2002-05-18,1.1124010069983246e-05,543.9814863784394,1.4195929653390238,5.562314393991397e-06,1.1920929e-07,1.1920929e-07,0.0,14.746397,6.13,1.21,11.05,512.1,666.54,3.081579585467737,5.6272807
2002-05-19,6.6683920130436824e-06,543.3659032020439,1.0560109629090362,3.3343037965685884e-06,1.1920929e-07,5.83,5.83,14.784002,1.69,-0.3,3.68,181.63,599.29,2.8630679397491017,4.30092
2002-05-20,3.698450735190977e-06,544.4354325706994,1.116490366521127,1.8492595639400863e-06,1.1920929e-07,1.1920929e-07,0.0,14.784002,2.48,-2.25,7.21,518.2,521.12,3.2533291909928663,3.0720856
2002-05-21,1.6226117134617837e-06,543.6984511279448,1.2336295474769718,8.113124389028234e-07,1.1920929e-07,3.05,3.05,14.879986,3.885,-0.32,8.09,418.56,597.19,2.979113792804003,2.584453
2002-05-22,7.413466473187537e-07,540.994809891857,1.411538456492443,3.7067469764650554e-07,1.1920929e-07,0.04,0.04,14.879992,5.99,-0.01,11.99,601.8,605.97,2.1567459833533182,2.301626
2002-05-23,2.765927187539241e-07,537.8884118556547,1.769259938451667,1.3829655063579224e-07,1.1920929e-07,1.1920929e-07,0.0,14.879992,9.565,1.71,17.42,657.66,696.96,1.4880325340973115,1.9700359
2002-05-24,-1.7353403810189163e-07,535.1965854775651,2.3458914634916503,1.1920928955078125e-07,1.1920929e-07,1.1920929e-07,0.0,14.975994,14.045,5.96,22.13,645.43,920.86,1.078791183503115,1.8432513
2002-05-25,-4.838543694557597e-07,532.850774707033,1.8286182053774696,1.1920928955078125e-07,1.1920929e-07,0.85,0.85,14.976003,10.13,-0.97,21.23,700.81,566.98,0.8151107250964109,1.6774563
2002-05-26,-5.291890215147468e-07,530.782423493503,1.634321232495693,1.1920928955078125e-07,1.1920929e-07,1.1920929e-07,0.0,14.976003,8.435,1.34,15.53,627.22,677.27,0.6366383672306678,1.5019085
2002-05-27,-3.257929301577527e-07,529.0078954251843,1.8446224447674344,1.1920928955078125e-07,1.1920929e-07,1.84,1.84,15.034397,10.32,2.61,18.03,637.82,739.05,0.515009301780017,1.4531453
2002-05-28,-1.836706205443069e-07,527.1059211940742,2.3947677107348198,1.1920928955078125e-07,1.1920929e-07,1.1920929e-07,0.0,15.072,14.525,5.88,23.17,645.0,918.1,0.41032156097051015,1.2483395
2002-05-29,-1.0811202394609907e-07,523.926630973013,2.512443405292766,1.1920928955078125e-07,1.1920929e-07,1.1920929e-07,0.0,15.072,15.41,8.77,22.05,567.73,1141.25,0.28064382785169784,1.1215551
2002-05-30,-6.094952061206889e-08,520.9123667706692,2.645178500350474,1.1920928955078125e-07,1.1920929e-07,1.1920929e-07,0.0,15.072,16.355,10.01,22.7,543.15,1236.39,0.195771567221822,1.1215551
2002-05-31,-3.641007321473108e-08,524.6472533335865,2.624993034353845,1.1920928955078125e-07,1.1920929e-07,13.69,13.69,15.167992,16.005,11.94,20.07,293.56,1397.47,0.30587752227308224,2.0870676
2002-06-01,-2.195073982081556e-08,537.3074882731697,2.6802134928605295,1.1920928955078125e-07,1.1920929e-07,16.21,16.21,15.168,15.955,9.41,22.5,408.56,1192.84,1.3882546252114436,4.495973
2002-06-02,-1.3232867779595311e-08,543.1647064922864,2.5155715409449573,1.1920928955078125e-07,1.1920929e-07,4.93,4.93,15.168,14.735,8.52,20.95,393.56,1121.5,2.7950645561719236,2.4089053
2002-06-03,-7.970676406370015e-09,541.056134509905,1.4836268711917096,1.1920928955078125e-07,1.1920929e-07,0.43,0.43,15.168,6.455,1.36,11.55,476.21,672.89,2.172606352369233,1.7652302
2002-06-04,-4.747054600723722e-09,537.8033189277563,1.4170966464998527,1.1920928955078125e-07,1.1920929e-07,1.1920929e-07,0.0,15.2263975,5.79,-0.52,12.1,549.21,588.18,1.472980765545578,1.3263608
2002-06-05,-2.8565153869603304e-09,536.3083458145973,1.9155634189453012,1.1920928955078125e-07,1.1920929e-07,4.7,4.7,15.264003,10.46,2.58,18.34,451.28,742.76,1.2320406848184655,1.5896825
2002-06-06,-1.725317457481538e-09,545.1386649785753,2.331067049173944,1.1920928955078125e-07,1.1920929e-07,19.81,19.81,15.264003,13.335,8.26,18.41,345.95,1101.19,3.538488091547419,7.587564
2002-06-07,-1.0449516148466815e-09,548.9236874459052,2.137341201450204,1.1920928955078125e-07,1.1920929e-07,2.84,2.84,15.264003,11.83,7.31,16.35,380.57,1024.79,5.561823017933125,3.3841705
2002-06-08,-6.317256705210982e-10,543.8070940120681,1.8930628487686938,1.1920928955078125e-07,1.1920929e-07,1.1920929e-07,0.0,15.264003,10.055,2.66,17.45,587.03,735.12,3.0180360064754517,2.0383043
2002-06-09,-3.613071211709168e-10,539.3847828331203,2.0891758504649416,1.1920928955078125e-07,1.1920929e-07,1.1920929e-07,0.0,15.27933,11.73,4.28,19.18,578.69,837.11,1.7793319871487525,1.5799297
2002-06-10,-1.969806884867259e-10,535.6310080931444,2.574354721867484,1.1920928955078125e-07,1.1920929e-07,1.1920929e-07,0.0,15.342286,15.155,8.68,21.63,522.43,1134.52,1.1362632471437963,1.2775975
2002-06-11,-1.187207755629529e-10,533.0784817922143,2.438847988945605,1.1920928955078125e-07,1.1920929e-07,2.56,2.56,15.359997,14.33,9.42,19.24,378.21,1193.95,0.8375910035441162,1.5019085
2002-06-12,-7.189917046745405e-11,552.1625773602557,1.8539599161258158,1.1920928955078125e-07,1.1920929e-07,41.13,41.13,15.359997,9.39,7.56,11.22,143.42,1044.91,8.189899100237017,17.554775
2002-06-13,-4.35713622585578e-11,560.408803487992,1.7789302358572767,1.1920928955078125e-07,1.1920929e-07,14.58,14.58,15.359997,8.515,6.92,10.11,128.48,995.09,21.936305418060652,8.270249
2002-06-14,-2.5880115002374626e-11,551.0515911653341,2.2527988539632418,1.1920928955078125e-07,1.1920929e-07,1.1920929e-07,0.0,15.359997,12.51,4.71,20.31,576.74,856.62,7.171847717148637,3.901061
2002-06-15,-1.53613975440323e-11,543.5490923975639,2.290139202733263,1.1920928955078125e-07,1.1920929e-07,1.1920929e-07,0.0,15.359997,12.995,6.96,19.03,497.72,998.59,2.9264228578529865,2.7990115
2002-06-16,-9.216276846573782e-12,543.6517807788217,1.661787140264138,1.1920928955078125e-07,1.1920929e-07,8.53,8.53,15.359997,7.93,5.6,10.26,175.37,913.02,2.9625482634512728,3.9693296
2002-06-17,-5.535290234934553e-12,543.6531496491093,1.6510684182210669,1.1920928955078125e-07,1.1920929e-07,2.24,2.24,15.359997,7.83,5.75,9.91,188.48,921.86,2.963032826941462,3.091591
2002-06-18,-3.3304624825928933e-12,542.6843533964417,2.150426589367882,1.1920928955078125e-07,1.1920929e-07,4.96,4.96,15.359997,12.01,7.43,16.59,308.52,1036.25,2.6391678059008807,2.3894
2002-06-19,-1.9997476650063957e-12,541.6369143845408,2.260230570640599,1.1920928955078125e-07,1.1920929e-07,2.48,2.48,15.359997,12.84,7.68,18.0,390.48,1054.78,2.3287179233072193,1.8530041
2002-06-20,-1.1763904470614125e-12,538.3700939370779,2.497265313767531,1.1920928955078125e-07,1.1920929e-07,1.1920929e-07,0.0,15.359997,14.555,7.38,21.73,526.21,1030.66,1.576181493687036,1.4531453
2002-06-21,-6.774711983106066e-13,534.0419955957744,2.929612637496187,1.1920928955078125e-07,1.1920929e-07,1.1920929e-07,0.0,15.359997,17.325,9.33,25.32,538.43,1186.71,0.9397825212049509,1.1898236
2002-06-22,-3.2397765427678767e-13,529.70320333025,3.4772196975659804,1.1920928955078125e-07,1.1920929e-07,1.1920929e-07,0.0,15.359997,20.36,14.02,26.7,463.13,1601.87,0.5596204937112222,1.0045233
2002-06-23,-1.5292880003116278e-13,526.5582568017586,2.705268158798306,1.1920928955078125e-07,1.1920929e-07,0.88,0.88,15.359997,16.235,11.73,20.74,379.77,1378.26,0.3843322360704987,1.0630392
2002-06-24,-9.204222873096794e-14,528.3205871348762,2.5159300403974947,1.1920928955078125e-07,1.1920929e-07,8.05,8.05,15.359997,14.985,10.47,19.5,292.87,1277.36,0.4744075854375427,2.3406367
2002-06-25,-5.5587291872980035e-14,528.5548156324705,2.5201193556309582,1.1920928955078125e-07,1.1920929e-07,1.1920929e-07,0.0,15.359997,15.005,8.03,21.98,513.18,1082.48,0.48787145400303955,1.2288343
2002-06-26,-3.357382563716222e-14,529.5647259571695,2.714146158428429,1.1920928955078125e-07,1.1920929e-07,7.92,7.92,15.359997,16.195,10.35,22.04,345.77,1268.08,0.550437757134087,1.0532866
2002-06-27,-2.000713091670403e-14,536.0061865747683,3.524767262840981,1.1920928955078125e-07,1.1920929e-07,12.1,12.1,15.359997,20.39,14.02,26.76,352.68,1602.47,1.1883556537438864,1.3458661
2002-06-28,-1.1863354291223536e-14,542.4644423144584,3.502113655732986,1.1920928955078125e-07,1.1920929e-07,10.91,10.91,15.359997,20.075,14.12,26.03,339.4,1613.97,2.570728023721713,1.3458661
2002-06-29,-6.9790584148738396e-15,541.0813911586336,2.9390276497723233,1.1920928955078125e-07,1.1920929e-07,1.1920929e-07,0.0,15.359997,17.16,9.63,24.69,518.23,1210.71,2.179172333683031,0.9460073
2002-06-30,-4.161686795505679e-15,538.0656557028323,2.9419785379331618,1.1920928955078125e-07,1.1920929e-07,1.1920929e-07,0.0,15.359997,17.27,9.4,25.14,520.77,1192.34,1.5198802006827088,0.69243836
2002-07-01,-2.4686260638113175e-15,552.5634609116355,3.1671861108153547,1.1920928955078125e-07,1.1920929e-07,36.3,36.3,15.359997,18.06,11.05,25.07,365.69,1326.96,8.591714319118077,5.88085
2002-07-02,-1.4958381060731727e-15,558.6340378331881,3.7167020667904778,1.1920928955078125e-07,1.1920929e-07,13.95,13.95,15.359989,20.59,14.71,26.47,323.45,1677.85,17.744894482203676,3.1696122
2002-07-03,-8.904883762595441e-16,550.4861940486905,4.59785358728391,1.1920928955078125e-07,1.1920929e-07,1.56,1.56,15.322397,24.595,19.63,29.56,340.96,2290.58,6.703373343711729,1.5604244
2002-07-04,-5.006802953699147e-16,542.3375593647432,4.679563915134005,1.1920928955078125e-07,1.1920929e-07,1.1920929e-07,0.0,15.264003,25.24,19.12,31.36,417.03,2219.31,2.53205045986056,0.9947706
2002-07-05,-2.919075753784477e-16,536.565163677686,3.7925012879202047,1.1920928955078125e-07,1.1920929e-07,1.1920929e-07,0.0,15.264003,21.74,13.52,29.96,499.87,1547.33,1.2704306496235742,0.7607069
2002-07-06,-1.5377573760740463e-16,533.8050883479507,2.5532663227641677,1.1920928955078125e-07,1.1920929e-07,1.79,1.79,15.264003,15.16,10.79,19.53,360.52,1303.43,0.9135547575409778,0.6631804
2002-07-07,-8.364335981087675e-17,531.7792461882991,2.5119704800316462,1.1920928955078125e-07,1.1920929e-07,0.93,0.93,15.264003,14.955,11.53,18.38,292.88,1362.47,0.7171607592764606,0.63392246
2002-07-08,-4.919507583129275e-17,528.4329260560678,2.7838427680777,1.1920928955078125e-07,1.1920929e-07,1.1920929e-07,0.0,15.263997,16.755,11.01,22.5,434.96,1320.82,0.4808180149549048,0.5559012
2002-07-09,-2.9289098709495536e-17,526.828329729376,3.0877150848641572,1.1920928955078125e-07,1.1920929e-07,4.24,4.24,15.183328,18.63,11.4,25.86,362.84,1359.64,0.396936021431771,0.5363959
2002-07-10,-1.7165945216116457e-17,525.7015842930105,2.865764961777711,1.1920928955078125e-07,1.1920929e-07,0.9,0.9,15.168,17.43,11.53,23.33,439.39,1362.33,0.34694073636036976,0.4973853
2002-07-11,-1.0062506221267845e-17,523.4340901401108,2.0151468381622957,1.1920928955078125e-07,1.1920929e-07,1.1920929e-07,0.0,15.168,11.75,7.02,16.48,391.04,1001.73,0.26460512573036893,0.40961143
2002-07-12,-5.5258262296357316e-18,521.1292147580383,2.2041314915923205,1.1920928955078125e-07,1.1920929e-07,1.1920929e-07,0.0,15.168,13.26,8.23,18.29,401.4,1098.29,0.2009099986974694,0.37060082
2002-07-13,-2.991109011149756e-18,518.7264282525431,2.6307497537210387,1.1920928955078125e-07,1.1920929e-07,1.1920929e-07,0.0,15.130397,16.27,9.67,22.87,460.97,1213.82,0.15077327907369026,0.32183754
2002-07-14,-4.997529349953192e-19,516.8099649219924,2.8450002898773965,1.1920928955078125e-07,1.1920929e-07,1.1920929e-07,0.0,15.072,17.7,11.24,24.16,453.47,1339.34,0.11991729584922976,0.30233225
2002-07-15,1.5221944562084428e-18,515.4196303408208,3.066874362308027,1.1920928955078125e-07,1.1920929e-07,1.1920929e-07,0.0,15.072,19.01,12.69,25.33,441.67,1463.29,0.10156389426589858,0.32183754
2002-07-16,2.4325017214635702e-18,514.53327809151,2.74900457340675,1.1920928955078125e-07,1.1920929e-07,6.18,6.18,15.071992,17.2,10.99,23.41,327.34,1318.91,0.09135825347691884,0.36084816
2002-07-17,1.6972318445818316e-18,514.0360338399851,2.228317469110641,1.1920928955078125e-07,1.1920929e-07,1.1920929e-07,0.0,14.976003,13.865,8.19,19.54,418.0,1095.2,0.08608876789034149,0.2925796
2002-07-18,1.4142388098689534e-19,512.9966119107493,2.790980727913256,1.1920928955078125e-07,1.1920929e-07,5.18,5.18,14.976003,17.61,13.83,21.39,219.79,1586.19,0.07603479304779609,0.2925796
2002-07-19,-1.5531157384116767e-18,511.2867933676871,2.5380217010250994,1.1920928955078125e-07,1.1920929e-07,1.1920929e-07,0.0,14.976003,16.085,9.67,22.5,443.64,1213.25,0.06198581538277478,0.26332164
2002-07-20,-2.929174540614297e-18,509.0417417601486,2.333624453160182,1.1920928955078125e-07,1.1920929e-07,0.38,0.38,14.895322,14.865,10.84,18.89,321.22,1307.26,0.04740234065545971,0.25356898
2002-07-21,-3.529540052621373e-18,506.3966206374837,2.7048720636051913,1.1920928955078125e-07,1.1920929e-07,1.1920929e-07,0.0,14.879992,17.41,11.6,23.22,418.32,1367.79,0.03455796958329027,0.23406367
2002-07-22,-2.896999801433317e-18,503.48659354904225,2.969956249278168,1.1920928955078125e-07,1.1920929e-07,1.1920929e-07,0.0,14.879992,19.08,12.82,25.34,432.53,1476.4,0.024409060042866255,0.20480572
2002-07-23,-1.6585772073841205e-18,502.9764554239215,3.374819048544864,1.1920928955078125e-07,1.1920929e-07,1.1920929e-07,0.0,14.799328,21.375,14.56,28.19,440.78,1661.52,0.02296575432721398,0.19505306
2002-07-24,-8.68400559793326e-19,506.6737329475045,2.54051472297704,1.1920928955078125e-07,1.1920929e-07,12.41,12.41,14.784002,16.465,5.75,27.18,400.33,921.78,0.03572129387594669,0.31208488
2002-07-25,-5.104543458302228e-19,509.80655340163236,2.124527605974601,1.1920928955078125e-07,1.1920929e-07,1.1920929e-07,0.0,14.784002,13.435,6.34,20.53,469.12,956.68,0.05193794643587039,0.22431101
2002-07-26,-3.078223450630667e-19,507.3623643339334,2.2387822649376248,1.1920928955078125e-07,1.1920929e-07,1.1920929e-07,0.0,14.688,14.47,6.73,22.21,483.8,983.25,0.0387845970240175,0.18530041
2002-07-27,-1.8386442145043787e-19,505.5352155731547,2.14007314318958,1.1920928955078125e-07,1.1920929e-07,0.88,0.88,14.688,13.795,7.63,19.96,428.07,1054.64,0.031178206971698548,0.1657951
2002-07-28,-9.397328337033275e-20,504.0075259462409,2.1153236803165347,1.1920928955078125e-07,1.1920929e-07,1.1920929e-07,0.0,14.670286,13.675,10.2,17.15,275.11,1257.96,0.025976551500112112,0.17554775
2002-07-29,-3.908516126875607e-20,502.68336538594895,2.8297840287198484,1.1920928955078125e-07,1.1920929e-07,2.63,2.63,14.592003,18.62,13.52,23.72,320.34,1553.79,0.022175462680195872,0.21455836
2002-07-30,-1.9814979253786186e-20,501.56473962403913,3.15632056364305,1.1920928955078125e-07,1.1920929e-07,0.17,0.17,14.592003,20.515,15.21,25.82,370.07,1731.43,0.019401208897402464,0.31208488
2002-07-31,-2.6731517778145417e-21,500.21065711247564,3.222299336194572,1.1920928955078125e-07,1.1920929e-07,8.65,8.65,14.495997,21.03,16.21,25.85,258.52,1832.95,0.016503170184884227,0.30233225
2002-08-01,1.2097328456675822e-20,498.48423688474463,3.2280124353825417,1.1920928955078125e-07,1.1920929e-07,1.1920929e-07,0.0,14.495997,21.12,14.9,27.34,414.3,1698.01,0.01342721338252346,0.23406367
2002-08-02,1.9956178395005753e-20,496.2933046205692,3.1051452031417446,1.1920928955078125e-07,1.1920929e-07,0.07,0.07,14.478289,20.55,14.07,27.03,423.34,1608.63,0.010334787111504264,0.31208488
2002-08-03,1.646883616275641e-20,493.55840081880905,2.9515525144881325,1.1920928955078125e-07,1.1920929e-07,1.1920929e-07,0.0,14.399997,19.87,14.72,25.02,367.83,1676.0,0.007454032304604924,0.21455836
2002-08-04,6.4591509136505404e-21,491.0832189805293,2.986203828276444,1.1920928955078125e-07,1.1920929e-07,1.1920929e-07,0.0,14.399997,20.155,13.0,27.31,450.44,1487.37,0.005545715793776697,0.17554775
2002-08-05,-3.416405882941589e-21,489.1745533944263,2.893074757797106,1.1920928955078125e-07,1.1920929e-07,1.1920929e-07,0.0,14.304,19.795,13.52,26.07,417.06,1555.61,0.00441488778499104,0.1462898
2002-08-06,-1.0433480660050994e-20,487.52899743926054,2.5607727184623346,1.1920928955078125e-07,1.1920929e-07,1.85,1.85,14.304,17.79,10.5,25.08,447.66,1279.81,0.0036268877432467633,0.13653713
2002-08-07,-1.1867719850708674e-20,485.84314449379235,1.9827649063075936,1.1920928955078125e-07,1.1920929e-07,1.1920929e-07,0.0,14.208,13.74,10.39,17.09,264.52,1271.06,0.0029652246706125384,0.117031835
2002-08-08,-6.865327001952314e-21,483.9282420895959,2.0712972802455547,1.1920928955078125e-07,1.1920929e-07,0.15,0.15,14.208,14.515,8.54,20.49,418.08,1123.68,0.0023588267568011795,0.10727918
2002-08-09,-9.654976974364699e-22,481.95876716122825,2.030174919140196,1.1920928955078125e-07,1.1920929e-07,1.1920929e-07,0.0,14.112002,14.365,7.15,21.58,461.63,1012.13,0.0018642441782859601,0.09655126
2002-08-10,3.864892585348581e-21,479.8574388308967,2.181554585303359,1.1920928955078125e-07,1.1920929e-07,1.1920929e-07,0.0,14.112002,15.615,7.29,23.94,483.72,1030.83,0.001450333439377505,0.09167494
2002-08-11,6.0910791498221306e-21,477.5192515286895,2.516704975063907,1.1920928955078125e-07,1.1920929e-07,1.1920929e-07,0.0,14.031333,18.17,11.11,25.23,437.17,1328.65,0.0010968384094206152,0.08874914
2002-08-12,4.3816965298892654e-21,474.84500962849654,2.836059232204904,1.1920928955078125e-07,1.1920929e-07,1.1920929e-07,0.0,14.016003,20.31,11.71,28.91,469.29,1378.47,0.0007968563644234019,0.08094702
2002-08-13,6.23990308607028e-22,471.8616173816895,2.9748606841640877,1.1920928955078125e-07,1.1920929e-07,1.1920929e-07,0.0,13.978397,21.285,12.87,29.7,458.49,1486.09,0.0005579253180836822,0.07509543
2002-08-14,-3.4583189573486545e-21,468.66384973362005,3.197128176957778,1.1920928955078125e-07,1.1920929e-07,1.1920929e-07,0.0,13.92,22.725,14.89,30.56,435.06,1694.46,0.0003807574936438078,0.06826857
2002-08-15,-6.756597007470552e-21,465.3374373864737,3.3177833646422696,1.1920928955078125e-07,1.1920929e-07,1.1920929e-07,0.0,13.902287,23.52,15.76,31.28,426.54,1791.6,0.00025588548936164644,0.063392244
2002-08-16,-8.162209581251445e-21,461.96811104243585,3.4821730851114387,1.1920928955078125e-07,1.1920929e-07,1.1920929e-07,0.0,13.8239975,24.6,18.14,31.06,375.83,2084.41,0.00017108664584130983,0.06241698
2002-08-17,-6.568634465426819e-21,458.6424195117375,3.328821010162129,1.1920928955078125e-07,1.1920929e-07,0.06,0.06,13.806286,23.955,18.22,29.69,341.88,2097.91,0.0001149875216382258,0.059491184
2002-08-18,-3.4147840790931956e-21,456.21569612979215,2.701739693600943,1.1920928955078125e-07,1.1920929e-07,1.1920929e-07,0.0,13.728,20.52,13.01,28.03,423.29,1493.24,8.604615974270493e-05,0.058515918
2002-08-19,-9.767321966834398e-22,455.0514568627056,2.8212070456980385,1.1920928955078125e-07,1.1920929e-07,2.33,2.33,13.710286,21.33,13.51,29.15,340.38,1549.87,7.487223105688392e-05,0.059491184
2002-08-20,2.0510721298977313e-22,454.6494461852984,2.599643669325945,1.1920928955078125e-07,1.1920929e-07,2.48,2.48,13.632,20.04,13.04,27.04,352.45,1495.65,7.13610140566921e-05,0.06436751
2002-08-21,1.5417580112190805e-22,454.5526106883764,2.0015099821818145,1.1920928955078125e-07,1.1920929e-07,1.68,1.68,13.614286,15.68,8.29,23.07,423.94,1103.54,7.054014641672342e-05,0.06534278
2002-08-22,5.708536252556833e-23,454.54156512057705,2.144015653992524,1.1920928955078125e-07,1.1920929e-07,1.1920929e-07,0.0,13.536,16.915,8.75,25.08,440.68,1139.86,7.044711592693321e-05,0.060466446
2002-08-23,-6.633953993118693e-25,454.4563489568132,2.0082592097850394,1.1920928955078125e-07,1.1920929e-07,4.08,4.08,13.498397,15.88,8.84,22.92,312.49,1146.81,6.973350146418131e-05,0.06534278
2002-08-24,-6.669230595136437e-24,454.0634571854099,1.8764868442789446,1.1920928955078125e-07,1.1920929e-07,1.1920929e-07,0.0,13.44,14.85,8.02,21.68,404.92,1081.92,6.653572262080732e-05,0.06436751
2002-08-25,-2.4080889642339048e-24,452.83236486263996,1.7776930864312137,1.1920928955078125e-07,1.1920929e-07,1.1920929e-07,0.0,13.35933,14.11,8.87,19.35,339.2,1149.58,5.74348181241366e-05,0.061441712
2002-08-26,9.103727975114031e-25,450.9921378320445,2.0044287937712832,1.1920928955078125e-07,1.1920929e-07,1.1920929e-07,0.0,13.344,16.165,8.92,23.41,413.96,1153.41,4.6098679972998126e-05,0.054614857
2002-08-27,2.3079801095134352e-24,448.9159881383538,2.1374123387222475,1.1920928955078125e-07,1.1920929e-07,1.1920929e-07,0.0,13.247997,17.43,8.89,25.97,439.16,1151.46,3.597162340368748e-05,0.050713796
2002-08-28,1.5340047152784063e-24,446.7197594623485,1.6744052746456328,1.1920928955078125e-07,1.1920929e-07,1.1920929e-07,0.0,13.247997,13.495,6.17,20.82,412.09,945.05,2.766947118167793e-05,0.047787998
2002-08-29,8.446519534048464e-25,444.6003907030965,1.7685575075955293,1.1920928955078125e-07,1.1920929e-07,1.1920929e-07,0.0,13.152,14.58,6.93,22.23,415.38,994.14,2.1479780132993693e-05,0.047787998
2002-08-30,4.8858718127915225e-25,444.11493743760485,1.631259149261105,1.1920928955078125e-07,1.1920929e-07,3.13,3.13,13.152,13.285,7.81,18.76,277.56,1065.17,2.0269374780087924e-05,0.047787998
2002-08-31,2.7288250529628143e-25,442.970438341754,1.9175689095978083,1.1920928955078125e-07,1.1920929e-07,1.1920929e-07,0.0,13.056,16.09,8.34,23.84,408.57,1107.26,1.767884647178893e-05,0.043886937
2002-09-01,1.561795615083076e-25,441.4385871608163,1.4096050732320122,1.1920928955078125e-07,1.1920929e-07,1.1920929e-07,0.0,13.056,11.16,2.44,19.88,441.14,727.02,1.4722052005802636e-05,0.043886937
2002-09-02,8.226546007578645e-26,439.77989456562653,1.6006421221689964,1.1920928955078125e-07,1.1920929e-07,1.1920929e-07,0.0,12.96,13.375,5.57,21.18,406.76,915.96,1.207538956386504e-05,0.043886937
2002-09-03,3.6432854643837254e-26,438.081680995436,1.8229494400189166,1.1920928955078125e-07,1.1920929e-07,1.1920929e-07,0.0,12.96,15.56,10.19,20.93,311.04,1254.84,9.857874075060948e-06,0.04681273
2002-09-04,1.8724851680699256e-26,436.5322159053481,1.949801673438599,1.1920928955078125e-07,1.1920929e-07,0.95,0.95,12.864003,16.855,14.23,19.48,160.75,1618.73,8.191882770810996e-06,0.04973853
2002-09-05,2.272625203822643e-27,435.0359056551487,2.2296627491624688,1.1920928955078125e-07,1.1920929e-07,1.1920929e-07,0.0,12.864003,19.165,12.99,25.34,337.79,1479.96,6.850816267356085e-06,0.047787998
2002-09-06,-1.2168794373268531e-26,433.4863843774942,1.489712996551555,1.1920928955078125e-07,1.1920929e-07,1.1920929e-07,0.0,12.767997,12.69,6.43,18.95,350.41,955.17,5.6929827435505055e-06,0.039985877
2002-09-07,-2.0204363556994295e-26,431.7896023551806,1.7756007413385284,1.1920928955078125e-07,1.1920929e-07,1.1920929e-07,0.0,12.672003,15.735,8.19,23.28,385.34,1095.26,4.648322632629249e-06,0.03510955
2002-09-08,-1.745694126218042e-26,429.85137836292506,2.0877354625888302,1.1920928955078125e-07,1.1920929e-07,1.1920929e-07,0.0,12.672003,18.51,10.19,26.83,395.84,1255.18,3.687436759433565e-06,0.03315902
2002-09-09,-9.615364015748889e-27,427.56125986755774,2.3577361067945213,1.1920928955078125e-07,1.1920929e-07,1.1920929e-07,0.0,12.576003,20.8,11.59,30.01,406.21,1375.73,2.8047463576447216e-06,0.030233223
2002-09-10,-4.3309825126245875e-27,425.00492593971137,2.6846355324460114,1.1920928955078125e-07,1.1920929e-07,1.1920929e-07,0.0,12.576003,23.155,14.28,32.03,386.87,1623.8,2.066564976697459e-06,0.028282693
2002-09-11,-2.215857076214115e-27,422.7880155350371,2.477363340528336,1.1920928955078125e-07,1.1920929e-07,1.1920929e-07,0.0,12.48,21.98,13.15,30.81,388.56,1494.0,1.5856843517032345e-06,0.029257959
2002-09-12,-1.317860222762169e-27,426.15650908911385,1.3772067794759664,1.1920928955078125e-07,1.1920929e-07,9.18,9.18,12.48,12.07,5.13,19.01,268.73,884.11,2.3713904954522586e-06,0.037060082
2002-09-13,-7.939587981211981e-28,429.0110338389661,1.1710584910523356,1.1920928955078125e-07,1.1920929e-07,1.1920929e-07,0.0,12.384,9.52,4.61,14.43,281.23,848.98,3.335187849285192e-06,0.03901061
2002-09-14,-4.79132120289424e-28,428.3790585327486,1.3879730664664094,1.1920928955078125e-07,1.1920929e-07,1.67,1.67,12.384,12.235,4.97,19.5,349.51,871.37,3.0926302608421798e-06,0.039985877
2002-09-15,-2.897561372901884e-28,430.1981836262572,1.4509456120481654,1.1920928955078125e-07,1.1920929e-07,5.65,5.65,12.288,13.005,5.99,20.02,265.75,944.27,3.843437401993653e-06,0.087773874
2002-09-16,-1.7542491743459316e-28,448.967756722891,1.7616696045894047,1.1920928955078125e-07,1.1920929e-07,33.34,33.34,12.250398,15.52,11.99,19.05,148.71,1399.54,3.619480458025863e-05,0.6046645
2002-09-17,-1.061974343160436e-28,465.26647316491375,1.3803992859133671,1.1920928955078125e-07,1.1920929e-07,2.36,2.36,12.192,11.08,5.42,16.74,281.43,902.8,0.0002537250965210495,0.40961143
2002-09-18,-6.416114909060885e-29,464.89233124080994,1.5296321679961282,1.1920928955078125e-07,1.1920929e-07,1.1920929e-07,0.0,12.096,12.86,5.45,20.27,365.48,904.13,0.00024263292548868463,0.18530041
2002-09-19,-3.849244444369171e-29,463.35781032127795,1.5818308495241757,1.1920928955078125e-07,1.1920929e-07,1.1920929e-07,0.0,12.096,13.455,6.07,20.84,360.32,925.32,0.00020198802788854616,0.12678449
2002-09-20,-2.2691183528150212e-29,461.7297070952635,1.699562538428063,1.1920928955078125e-07,1.1920929e-07,1.1920929e-07,0.0,11.999997,14.81,5.27,24.35,400.73,891.56,0.0001662821650954386,0.09752653
2002-09-21,-1.3191754022010982e-29,459.905211861062,2.0103105097810023,1.1920928955078125e-07,1.1920929e-07,1.1920929e-07,0.0,11.999997,17.655,11.66,23.65,300.39,1373.72,0.00013371348579839214,0.08582334
2002-09-22,-7.902091795462918e-30,461.8923442423415,2.4885091774503385,1.1920928955078125e-07,1.1920929e-07,6.6,6.6,11.904,21.345,15.52,27.17,211.01,1761.64,0.00016954488053812295,0.08972441
2002-09-23,-4.750755586764406e-30,464.0609534235724,2.1552484780066474,1.1920928955078125e-07,1.1920929e-07,2.52,2.52,11.904,18.81,15.16,22.46,172.41,1733.05,0.00021969021982674706,0.09752653
2002-09-24,-2.8501055595652442e-30,463.9942764798568,1.3194641776805476,1.1920928955078125e-07,1.1920929e-07,0.97,0.97,11.808002,10.915,3.94,17.89,341.97,813.55,0.00021794702827062238,0.09362546
2002-09-25,-1.6688748324150706e-30,462.99718069570883,1.3463616341821703,1.1920928955078125e-07,1.1920929e-07,1.1920929e-07,0.0,11.792672,11.29,3.62,18.96,357.3,792.4,0.00019346975030992336,0.087773874
2002-09-26,-9.93221393534548e-31,461.609665931455,1.406116061516252,1.1920928955078125e-07,1.1920929e-07,1.1920929e-07,0.0,11.711997,12.14,4.55,19.73,351.29,848.01,0.0001639143234727512,0.08289755
2002-09-27,-5.819477042675137e-31,460.2180717550674,1.386049244611871,1.1920928955078125e-07,1.1920929e-07,1.1920929e-07,0.0,11.616,12.09,6.13,18.05,299.8,944.92,0.00013880626395219403,0.09752653
2002-09-28,-3.5263528800212894e-31,476.2107891839717,1.3326049602277257,1.1920928955078125e-07,1.1920929e-07,34.04,34.04,11.616,10.92,7.83,14.01,129.46,1066.14,0.0009380984150600448,1.0532866
2002-09-29,-2.1366935403227924e-31,492.32522978163246,1.0398498440829615,1.1920928955078125e-07,1.1920929e-07,1.1920929e-07,0.0,11.52,6.67,-0.54,13.88,344.16,587.57,0.006432855280888427,0.48763263
2002-09-30,-1.2867032045593348e-31,491.68659301786886,1.0297043191444408,1.1920928955078125e-07,1.1920929e-07,1.1920929e-07,0.0,11.52,6.54,-0.18,13.26,328.87,603.55,0.005960268561002196,0.26332164
2002-10-01,-7.707338984002004e-32,490.55380507263686,1.2849973515109767,1.1920928955078125e-07,1.1920929e-07,1.1920929e-07,0.0,11.424,10.14,3.02,17.26,332.88,764.31,0.00520579515926332,0.19505306
2002-10-02,-4.335273858274088e-32,489.1118488802389,2.068401609410171,1.1920928955078125e-07,1.1920929e-07,1.1920929e-07,0.0,11.424,17.925,10.94,24.91,311.34,1315.0,0.004381935911522577,0.1657951
2002-10-03,-1.518906614923044e-32,487.98447216597623,1.8816172863658185,1.1920928955078125e-07,1.1920929e-07,2.95,2.95,11.327997,16.525,9.69,23.36,233.08,1214.94,0.0038297290482047484,0.1462898
2002-10-04,2.4065995578309826e-33,487.9289858441726,0.9669559184189357,1.1920928955078125e-07,1.1920929e-07,1.1920929e-07,0.0,11.327997,5.955,-0.29,12.2,300.21,599.74,0.003804424262129476,0.13653713
2002-10-05,4.511364813541964e-33,489.51227369759465,1.1949882769867715,1.1920928955078125e-07,1.1920929e-07,3.98,3.98,11.232,9.3,2.77,15.83,224.86,751.66,0.004596671785680615,0.15604244
2002-10-06,2.340267590582399e-33,490.55405018159377,1.3081479954641604,1.1920928955078125e-07,1.1920929e-07,2.38,2.38,11.136003,10.825,1.44,20.21,321.83,676.51,0.005205947613696979,0.18530041
2002-10-07,9.730251302446814e-34,490.53425242916956,0.9943494101167352,1.1920928955078125e-07,1.1920929e-07,1.1920929e-07,0.0,11.136003,6.56,0.05,13.07,296.01,618.13,0.005193648053340298,0.1657951
2002-10-08,5.1061898169410154e-34,489.9384474883191,0.9400454234276548,1.1920928955078125e-07,1.1920929e-07,1.0,1.0,11.04,5.855,-0.51,12.22,292.35,592.78,0.004836787932773574,0.1462898
2002-10-09,2.518142091477072e-34,489.3677900309056,0.7109401423937619,1.1920928955078125e-07,1.1920929e-07,1.1920929e-07,0.0,11.04,1.705,-4.29,7.7,284.19,444.64,0.004518002255050193,0.12678449
2002-10-10,1.034286014591027e-34,489.0485584545565,0.8152968645427603,1.1920928955078125e-07,1.1920929e-07,1.0,1.0,10.9439945,3.87,-1.18,8.92,249.65,563.65,0.004348925534041767,0.13653713
2002-10-11,5.882167331312916e-35,488.7924500301548,0.9775659646525819,1.1920928955078125e-07,1.1920929e-07,1.1920929e-07,0.0,10.9439945,6.62,3.79,9.45,150.57,805.3,0.00421786688985509,0.1462898
2002-10-12,3.3373074411660496e-35,488.3710779941576,1.1255518946940843,1.1920928955078125e-07,1.1920929e-07,1.36,1.36,10.848,8.945,6.55,11.34,123.95,964.1,0.004010776622102317,0.15604244
2002-10-13,1.9670897317656055e-35,489.9378794210427,1.083966630428232,1.1920928955078125e-07,1.1920929e-07,1.1920929e-07,0.0,10.848,8.31,4.59,12.03,191.76,847.37,0.004836459664037107,0.15604244
2002-10-14,1.1162807898707498e-35,497.6610788717315,0.8707325583445025,1.1920928955078125e-07,1.1920929e-07,16.48,16.48,10.752,4.86,0.57,9.15,164.36,632.35,0.012169518448294451,0.3315902
2002-10-15,6.648806683301933e-36,504.6151566585883,0.6794034286474979,1.1920928955078125e-07,1.1920929e-07,1.1920929e-07,0.0,10.752,0.98,-5.08,7.04,286.19,430.59,0.027932550242805637,0.3510955
2002-10-16,4.144047614015508e-36,502.6386291870514,0.6902858194372297,1.1920928955078125e-07,1.1920929e-07,1.1920929e-07,0.0,10.655997,1.4,-6.32,9.12,317.7,381.84,0.022057251356223644,0.26332164
2002-10-17,2.5068242279146297e-36,512.0261135324948,0.8342063606726625,1.1920928955078125e-07,1.1920929e-07,18.81,18.81,10.655997,3.925,0.89,6.96,118.06,648.05,0.06771027679266224,1.180071
2002-10-18,1.517650789288609e-36,521.1126318047848,0.918331642182268,1.1920928955078125e-07,1.1920929e-07,1.21,1.21,10.56,5.24,2.07,8.41,164.72,719.38,0.2005123306396526,0.8679861
2002-10-19,9.110152921513566e-37,521.4299633599594,0.7478104818492854,1.1920928955078125e-07,1.1920929e-07,2.25,2.25,10.501603,2.25,-3.25,7.75,223.86,479.7,0.20826052918631552,0.5363959
2002-10-20,5.501133237080582e-37,527.3658855217021,0.8104172451856038,1.1920928955078125e-07,1.1920929e-07,10.52,10.52,10.464,3.325,-0.25,6.9,139.2,600.44,0.4232661296952149,0.92650205
2002-10-21,3.2998124728603603e-37,530.7962461465222,0.6827603864126112,1.1920928955078125e-07,1.1920929e-07,1.1920929e-07,0.0,10.385714,0.82,-2.07,3.71,154.93,520.78,0.6376906448301108,0.67293304
2002-10-22,5.819197728625123e-08,529.6054950214974,0.5657971510475203,1.1920928955078125e-07,1.1920929e-07,1.1920929e-07,0.0,10.368,-1.825,-5.39,1.74,190.74,411.63,0.5531254804407727,0.45837468
2002-10-23,0.0012016955615518179,528.5069824016878,0.5928937101076905,1.1920928955078125e-07,1.1920929e-07,1.1920929e-07,0.0,10.289714,-1.02,-5.29,3.25,217.4,416.22,0.48509121483319656,0.36084816
2002-10-24,0.005189821483862955,527.4314030448514,0.6297163458593922,1.1920928955078125e-07,1.1920929e-07,1.1920929e-07,0.0,10.271997,-0.1,-3.47,3.27,178.47,469.29,0.42659241383470287,0.30233225
2002-10-25,0.008075445628932885,526.4063325871334,0.6163920406918887,1.1920928955078125e-07,1.1920929e-07,1.1920929e-07,0.0,10.193711,-0.27,-4.75,4.21,226.43,431.26,0.37741893211338795,0.28282693
2002-10-26,0.018576367886710177,525.4071106659942,0.6524565676586691,0.009643692769806271,1.1920929e-07,1.1920929e-07,0.0,10.1760025,0.605,-3.93,5.14,227.53,445.9,0.3349465267290596,0.40961143
2002-10-27,0.010884147383906887,531.8189678596034,0.7052229498260502,0.005737936485990939,1.1920929e-07,14.49,14.49,10.097716,1.675,-0.15,3.5,77.25,603.36,0.7205723932655231,1.4824033
2002-10-28,0.006461337161909821,536.8695668132021,0.6969653697049919,0.0033349364956968375,1.1920929e-07,1.1920929e-07,0.0,10.08,1.39,-2.0,4.78,180.18,530.51,1.3174859971450943,0.85823345
2002-10-29,0.007753259861344148,535.076563970338,0.565700967132534,1.1920928955078125e-07,1.1920929e-07,1.1920929e-07,0.0,10.021603,-1.49,-5.51,2.53,209.31,406.85,1.0634318009968506,0.56565386
2002-10-30,0.0078025925575286054,533.5636336499714,0.5217178735675508,1.1920928955078125e-07,1.1920929e-07,1.1920929e-07,0.0,9.984,-2.545,-7.36,2.27,237.12,350.22,0.8875765982317482,0.4388694
2002-10-31,0.007802591314728821,532.2354780870287,0.5013306070271167,1.1920928955078125e-07,1.1920929e-07,1.1920929e-07,0.0,9.968672,-3.05,-9.15,3.05,267.43,303.59,0.757337988790956,0.3510955
2002-11-01,0.007802594569369235,531.003663389253,0.5452286276203867,1.1920928955078125e-07,1.1920929e-07,1.1920929e-07,0.0,9.888002,-1.715,-7.6,4.17,260.26,344.44,0.6536911889289562,0.30233225
2002-11-02,1.2670573115067194,530.156256109721,0.4139866876948312,1.1920928955078125e-07,3.03,1.1920929e-07,3.03,9.888002,-5.545,-10.91,-0.18,230.0,266.33,0.5907474749182204,0.26332164
2002-11-03,2.8661711507795773,529.2309298506269,0.33464110514283457,1.1920928955078125e-07,1.1920929e-07,1.1920929e-07,0.0,9.792003,-8.28,-11.6,-4.96,195.79,246.89,0.5289175917493423,0.23406367
2002-11-04,2.5395940415835123,528.3656282010853,0.4003398021710195,1.1920928955078125e-07,1.1920929e-07,1.1920929e-07,0.0,9.792003,-5.825,-10.54,-1.11,254.82,277.15,0.47696744896274335,0.20480572
2002-11-05,4.0377704437882995,527.5017552177217,0.42493495511315277,1.1920928955078125e-07,2.999999,1.0728836e-06,3.0,9.696,-4.845,-8.25,-1.44,153.21,326.57,0.43019326028107185,0.22431101
2002-11-06,6.306024309915107,528.7990796450553,0.513090033653344,1.1920928955078125e-07,8.0981255e-05,5.919919,5.92,9.696,-2.24,-4.29,-0.19,99.21,446.53,0.5023193632724634,0.24381632
2002-11-07,6.306090657476872,534.5018261995947,0.5804786636093233,1.1920928955078125e-07,1.1920929e-07,7.58,7.58,9.5999975,-0.49,-2.98,2.0,118.23,481.62,0.9928584097780093,0.20480572
2002-11-08,7.498735125021629,535.5216575400569,0.3408613331784497,1.1920928955078125e-07,1.1920929e-07,1.1920929e-07,0.0,9.5999975,-7.925,-14.39,-1.46,292.89,202.58,1.1215145569580984,0.17554775
2002-11-09,7.497414892996705,534.0675175100713,0.5312237489028266,1.1920928955078125e-07,1.1920929e-07,1.1920929e-07,0.0,9.521714,-1.63,-9.12,5.86,295.09,307.65,0.9426525771893529,0.21455836
2002-11-10,4.163988260470917,535.7115644184962,0.8741393723869287,4.163988260470917,1.1920929e-07,1.1920929e-07,0.0,9.504,5.67,-0.23,11.57,261.27,599.57,1.147252235224978,0.3901061
2002-11-11,1.5228105189738794,536.1683669397786,1.00070273486215,1.5228101481534022,1.1920929e-07,1.1920929e-07,0.0,9.504,7.725,0.44,15.01,255.98,633.3,1.2116069195732238,1.6774563
2002-11-12,0.5553245087880084,539.2441464186628,1.1282668894932906,0.5531810084153566,1.1920929e-07,10.3,10.3,9.408,9.66,2.71,16.61,177.86,743.5,1.7496837680192119,1.3556187
2002-11-13,0.20704790062909104,548.5665979007111,0.7895954544719059,0.18385866208284543,1.1920929e-07,14.26,14.26,9.408,3.935,1.28,6.59,96.93,669.01,5.3295224631832445,1.9505305
2002-11-14,0.0897499730826171,549.5295178772687,0.6689318709967084,0.06376136270552607,1.1920929e-07,1.91,1.91,9.329714,1.58,-1.07,4.23,124.77,566.48,5.979334416415858,1.6969616
2002-11-15,0.045237541818168275,545.0627892005434,0.7000084060772401,0.027649360277846348,1.1920929e-07,1.1920929e-07,0.0,9.312,2.395,-1.51,6.3,178.33,552.01,3.506554976722398,1.1898236
2002-11-16,0.02465396521195967,540.4090725356608,0.6512184705671017,0.013838737153950478,1.1920929e-07,1.1920929e-07,0.0,9.312,1.46,-7.17,10.09,248.68,357.51,2.0109715219564475,0.85823345
2002-11-17,3.242332651978148,540.0628871134926,0.39391984977987243,1.1920928955078125e-07,10.82,1.1920929e-07,10.82,9.216002,-5.515,-7.57,-3.46,84.74,345.61,1.9294914203740259,0.69243836
2002-11-18,14.338648781456032,542.9050185382464,0.47462197502482273,1.1920928955078125e-07,0.54774994,21.04225,21.59,9.216002,-2.995,-5.32,-0.67,96.25,413.45,2.709673754373716,0.7607069
2002-11-19,22.748259199787896,543.9344187562181,0.41910411806336534,1.1920928955078125e-07,2.8699968,3.0791757e-06,2.87,9.200675,-4.735,-8.11,-1.36,153.73,332.03,3.0642988378878164,0.6534277
2002-11-20,23.889729622208918,540.9635495753998,0.4278474157326072,1.1920928955078125e-07,1.1920929e-07,1.1920929e-07,0.0,9.12,-4.25,-8.57,0.07,206.51,323.01,2.14870574290754,0.6046645
2002-11-21,23.840077728531643,538.3645210139019,0.5659547634405342,1.1920928955078125e-07,1.1920929e-07,1.1920929e-07,0.0,9.12,-0.22,-4.78,4.34,209.16,432.18,1.575132356827196,0.63392246
2002-11-22,23.865645696911844,538.4109149021558,0.5755244161797578,1.1920928955078125e-07,1.1920929e-07,4.63,4.63,9.104672,0.045,-3.39,3.48,126.65,476.03,1.5838876255497505,1.4531453
2002-11-23,22.697900954098106,544.8318203105084,0.6362425060481254,2.7191740116914502,1.1920929e-07,11.05,11.05,9.024,1.46,0.06,2.86,56.17,604.6,3.411112205890007,4.7007785
2002-11-24,22.16928849045994,548.2586568629972,0.4585843220922652,1.1920928955078125e-07,1.6107378,2.3992624,4.01,9.024,-3.32,-7.06,0.42,135.42,360.91,5.137001292969363,2.2431102
2002-11-25,22.226008435097114,546.1623057318036,0.4906032707685449,1.1920928955078125e-07,4.895568e-05,1.6899511,1.69,9.024,-2.315,-4.1,-0.53,94.21,449.59,3.9988305339643437,1.3556187
2002-11-26,22.22602663535558,542.9983976594651,0.48104047231361774,1.1920928955078125e-07,1.1920929e-07,1.1920929e-07,0.0,8.928008,-2.36,-5.6,0.88,160.53,404.32,2.7400741431306,1.0532866
2002-11-27,22.22602588869391,540.2192590652696,0.4088884275020393,1.1920928955078125e-07,1.1920929e-07,1.1920929e-07,0.0,8.928,-4.565,-7.81,-1.32,159.52,335.94,1.9658789378286918,0.85823345
2002-11-28,22.22602588869392,538.1272132471402,0.2813403930031166,1.1920928955078125e-07,1.1920929e-07,1.1920929e-07,0.0,8.928,-9.585,-14.28,-4.89,206.89,204.05,1.5310997686071877,0.5559012
2002-11-29,22.223204434298587,536.4747107514402,0.2514296418701027,1.1920928955078125e-07,1.1920929e-07,1.1920929e-07,0.0,8.869603,-10.94,-14.19,-7.69,159.06,200.0,1.256774873019959,0.5168906
2002-11-30,23.458784483735844,535.05006116076,0.30198390014703813,1.1920928955078125e-07,2.44,1.1920929e-07,2.44,8.832,-8.42,-13.93,-2.91,197.53,211.2,1.0600697709748315,0.5168906
2002-12-01,24.605211065494654,533.8704998083224,0.5165840180414466,1.1920928955078125e-07,1.1920929e-07,0.2,0.2,8.832,-0.95,-5.37,3.47,195.07,410.52,0.9207223619955769,0.47788
2002-12-02,24.56807066015399,532.6867706823141,0.2439863989093087,1.1920928955078125e-07,1.1920929e-07,1.1920929e-07,0.0,8.832,-11.185,-18.01,-4.36,237.91,149.31,0.7992942196026842,0.4388694
2002-12-03,25.204655298029508,531.6944574655517,0.23181984951720677,1.1920928955078125e-07,1.14,1.1920929e-07,1.14,8.816672,-11.805,-18.92,-4.69,236.81,139.15,0.7099323268034013,0.40961143
2002-12-04,25.71637937449805,530.8199385821074,0.18278368146108406,1.1920928955078125e-07,1.1920929e-07,1.1920929e-07,0.0,8.736006,-14.715,-17.38,-12.05,131.61,159.0,0.6394983267964578,0.38035345
2002-12-05,25.716525705801,530.0148144802563,0.21235962174061535,1.1920928955078125e-07,1.1920929e-07,1.1920929e-07,0.0,8.735997,-12.78,-16.65,-8.91,175.25,166.06,0.5808482285467473,0.3510955
2002-12-06,25.716514604639926,529.225924791594,0.26228378810227115,1.1920928955078125e-07,1.1920929e-07,1.1920929e-07,0.0,8.735997,-10.005,-13.72,-6.29,166.65,202.75,0.5286013968844179,0.3315902
2002-12-07,25.716514604639926,528.4547881436001,0.28515511791586906,1.1920928955078125e-07,1.1920929e-07,1.1920929e-07,0.0,8.735997,-8.875,-13.98,-3.77,201.14,200.0,0.4820755703435178,0.32183754
2002-12-08,25.725534796042293,527.6794302756532,0.33766632391240087,1.1920928955078125e-07,1.1920929e-07,1.1920929e-07,0.0,8.735997,-6.575,-11.93,-1.22,203.92,240.0,0.439423124625943,0.30233225
2002-12-09,25.852240877409276,526.9894018594033,0.21683832103699632,1.1920928955078125e-07,0.18,1.1920929e-07,0.18,8.677603,-12.35,-23.64,-1.06,242.64,89.67,0.4046488550083671,0.2925796
2002-12-10,25.944785063125586,526.4244582735347,0.14681172839132206,1.1920928955078125e-07,1.1920929e-07,1.1920929e-07,0.0,8.640008,-17.215,-25.0,-9.43,231.47,84.9,0.37823716311262046,0.28282693
2002-12-11,25.90518939433234,525.8643239952937,0.2667632201342521,1.1920928955078125e-07,1.1920929e-07,1.1920929e-07,0.0,8.64,-9.55,-17.84,-1.26,230.81,152.33,0.3537525892898508,0.28282693
2002-12-12,28.252288999870576,525.2187250695273,0.3464307493780492,1.1920928955078125e-07,4.78,1.1920929e-07,4.78,8.64,-6.01,-13.15,1.13,164.12,224.06,0.3274917909854234,0.30233225
2002-12-13,30.90487095205708,525.4525182162702,0.4552786877433588,1.1920928955078125e-07,2.3001432e-05,2.269977,2.27,8.64,-2.21,-6.67,2.25,162.99,364.78,0.33676861575769673,0.39985877
2002-12-14,30.90487539779215,527.354540603288,0.47949469645996196,1.1920928955078125e-07,1.1920929e-07,3.69,3.69,8.64,-1.525,-7.16,4.11,147.23,356.99,0.42269279525015924,0.61441714
2002-12-15,30.90511295067407,533.8868957340236,0.5198375056286366,1.1920928955078125e-07,1.1920929e-07,10.69,10.69,8.64,-0.545,-1.5,0.41,35.09,551.33,0.9225277789879023,1.43364
2002-12-16,31.015724285383005,536.9569110109031,0.3875355716566531,1.1920928955078125e-07,1.1920929e-07,1.1920929e-07,0.0,8.64,-4.77,-8.07,-1.47,142.43,332.33,1.3313068729531585,0.8679861
2002-12-17,31.025105907071772,535.4149285885271,0.26835081604353245,1.1920928955078125e-07,1.1920929e-07,1.1920929e-07,0.0,8.64,-9.71,-14.95,-4.47,194.97,192.0,1.1073040838646013,0.56565386
2002-12-18,31.025105907071772,534.1452467573685,0.21857674236280422,1.1920928955078125e-07,1.1920929e-07,1.1920929e-07,0.0,8.64,-12.365,-19.0,-5.73,214.87,137.88,0.9514476968963691,0.42911673
2002-12-19,31.025105907071772,533.0120869702884,0.2719210875513361,1.1920928955078125e-07,1.1920929e-07,1.1920929e-07,0.0,8.64,-9.475,-18.27,-0.68,228.76,143.75,0.8309729202387546,0.3901061
2002-12-20,31.003520888694688,531.9283576512452,0.34149149906761506,1.1920928955078125e-07,1.1920929e-07,1.1920929e-07,0.0,8.64,-6.38,-15.32,2.56,226.46,187.98,0.7300518399545424,0.5754065
2002-12-21,31.527598385442925,535.0645714668901,0.5662958519515255,0.8033340340395512,1.1920929e-07,10.18,10.18,8.64,0.66,-2.65,3.97,96.05,503.75,1.0619091658921076,1.1410604
2002-12-22,31.481996186912312,538.5461936740141,0.4981524108972314,1.1920928955078125e-07,1.1920929e-07,0.72,0.72,8.64,-1.28,-3.33,0.77,83.96,478.64,1.6096957176010693,2.2723682
2002-12-23,31.481810254162944,536.8550421099785,0.4787929138867189,1.1920928955078125e-07,1.1920929e-07,0.30999997,0.31,8.64,-1.8,-4.11,0.51,93.27,450.88,1.3152016403392173,1.6384457
2002-12-24,32.73773157606932,536.0873116531691,0.3969370520308123,1.1920928955078125e-07,3.9698963,0.000103762446,3.97,8.64,-4.415,-7.66,-1.17,96.7,340.75,1.199929972575559,1.1410604
2002-12-25,34.76095873962121,534.6599150476219,0.2678713019644239,1.1920928955078125e-07,1.1920929e-07,1.1920929e-07,0.0,8.64,-9.715,-14.88,-4.55,183.67,196.01,1.011789863090534,0.8094702
2002-12-26,37.377778611227754,533.4640927386441,0.2529004176738805,1.1920928955078125e-07,4.79,1.1920929e-07,4.79,8.64,-10.445,-14.63,-6.26,119.46,199.77,0.8770832293593228,0.61441714
2002-12-27,41.067054977926695,532.3744023612184,0.2854995578772447,1.1920928955078125e-07,2.61,1.1920929e-07,2.61,8.64,-8.81,-12.87,-4.75,135.48,230.7,0.7700134741541,0.4973853
2002-12-28,42.18497195945467,531.3730910495268,0.26552221319244934,1.1920928955078125e-07,1.1920929e-07,1.1920929e-07,0.0,8.64,-9.75,-15.33,-4.17,193.01,192.71,0.6831903234469296,0.44862202
2002-12-29,42.21968713749572,530.4275938711093,0.33067938176641,1.1920928955078125e-07,0.02,1.1920929e-07,0.02,8.64,-6.78,-9.99,-3.57,126.92,279.79,0.6102126465509384,0.41936406
2002-12-30,42.22961090798516,529.5453533961316,0.27363029934641764,1.1920928955078125e-07,1.1920929e-07,1.1920929e-07,0.0,8.64,-9.305,-16.22,-2.39,215.23,169.87,0.5491651915115258,0.3901061
2002-12-31,42.19290508880337,528.7726425648459,0.22471276648656402,1.1920928955078125e-07,1.1920929e-07,1.1920929e-07,0.0,8.64,-11.875,-16.91,-6.84,183.2,165.78,0.5007352175086485,0.39985877
2003-01-01,47.64665376330046,527.9894131922745,0.408105899643662,1.1920928955078125e-07,10.76585,0.084150285,10.85,8.657714,-3.845,-8.94,1.25,153.08,310.98,0.45600276927039596,0.4388694
2003-01-02,53.31901910058856,527.2011666657422,0.31609941653419055,1.1920928955078125e-07,1.1920929e-07,1.1920929e-07,0.0,8.72067,-7.435,-13.95,-0.92,234.93,211.09,0.4150175766375012,0.44862202
2003-01-03,52.66045057855521,526.5187486334225,0.26084340815318025,1.1920928955078125e-07,1.1920929e-07,1.1920929e-07,0.0,8.735997,-10.01,-14.22,-5.8,185.64,205.71,0.38252232789034946,0.4388694
2003-01-04,55.635773704297534,525.8760241149184,0.2962178326032234,1.1920928955078125e-07,5.96,1.1920929e-07,5.96,8.735997,-8.3,-11.61,-4.99,114.83,252.34,0.3542474477038225,0.42911673
2003-01-05,64.26994808025898,525.2375634522217,0.2999612045499133,1.1920928955078125e-07,10.94,1.1920929e-07,10.94,8.735997,-8.115,-10.15,-6.08,75.06,282.96,0.3282297297356318,0.44862202
2003-01-06,70.1759336447161,524.5989750152912,0.345421975789954,1.1920928955078125e-07,1.1920929e-07,1.1920929e-07,0.0,8.735997,-6.185,-9.31,-3.06,148.96,299.16,0.3041182413414615,0.4388694
2003-01-07,70.02900973973159,523.9698333935859,0.317708320348192,1.1920928955078125e-07,1.1920929e-07,1.1920929e-07,0.0,8.7736025,-7.365,-10.48,-4.25,149.12,280.0,0.2820961814220427,0.40961143
2003-01-08,70.55237744755397,523.4220866472612,0.24139802558651477,1.1920928955078125e-07,1.0,1.1920929e-07,1.0,8.832,-11.095,-15.95,-6.24,213.85,173.19,0.264225913837907,0.38035345
2003-01-09,71.89514632958861,522.8952594800741,0.2863259093674755,1.1920928955078125e-07,1.49,1.1920929e-07,1.49,8.832,-8.825,-12.48,-5.17,173.87,240.0,0.24810704542832632,0.3510955
2003-01-10,72.6162356708561,522.4022837900754,0.22098348504757498,1.1920928955078125e-07,1.1920929e-07,1.1920929e-07,0.0,8.832,-12.22,-19.01,-5.43,258.2,137.91,0.23391565609223935,0.3315902
2003-01-11,73.36752359861228,521.9738688975979,0.1827199527204713,1.1920928955078125e-07,1.36,1.1920929e-07,1.36,8.8320055,-14.645,-19.0,-10.29,204.63,132.98,0.22224369630206645,0.32183754
2003-01-12,73.97322999699598,521.5806396093842,0.17614520983337897,1.1920928955078125e-07,1.1920929e-07,1.1920929e-07,0.0,8.928,-15.235,-18.67,-11.8,171.85,140.98,0.21204368531156786,0.32183754
2003-01-13,73.93299686600078,521.1706743249069,0.22860082614698668,1.1920928955078125e-07,1.1920929e-07,1.1920929e-07,0.0,8.928,-11.89,-14.52,-9.26,135.85,199.55,0.20190767541482044,0.32183754
2003-01-14,74.07643740822456,520.7516083623786,0.22762705640520123,1.1920928955078125e-07,0.37,1.1920929e-07,0.37,8.928,-11.935,-17.06,-6.81,233.21,160.0,0.1920472499510278,0.31208488
2003-01-15,74.23349294781622,520.3940832600541,0.13554264757023388,1.1920928955078125e-07,1.1920929e-07,1.1920929e-07,0.0,8.965603,-18.51,-24.75,-12.27,261.79,80.0,0.1840164398045909,0.2925796
2003-01-16,74.24190328109023,520.0688112695215,0.14791019199495573,1.1920928955078125e-07,1.1920929e-07,1.1920929e-07,0.0,9.024,-17.51,-23.25,-11.77,254.38,80.0,0.1770022241580068,0.27307427
2003-01-17,74.24190328109023,519.7392968079788,0.15985315714865556,1.1920928955078125e-07,1.1920929e-07,1.1920929e-07,0.0,9.024,-16.54,-20.72,-12.36,207.01,120.0,0.17016909428742777,0.25356898
2003-01-18,74.2470173087496,519.4161526051593,0.15154017584841625,1.1920928955078125e-07,1.1920929e-07,1.1920929e-07,0.0,9.024009,-17.195,-26.92,-7.47,305.59,80.0,0.1637243197847487,0.24381632
2003-01-19,74.32992969706291,519.1108866614784,0.1251715282719127,1.1920928955078125e-07,1.1920929e-07,1.1920929e-07,0.0,9.12,-19.655,-26.84,-12.47,288.75,78.35,0.15786046566852086,0.22431101
2003-01-20,74.52700613072618,518.8094090195069,0.16792610341681544,1.1920928955078125e-07,0.37,1.1920929e-07,0.37,9.12,-16.035,-23.49,-8.58,294.21,91.47,0.15227553499012222,0.21455836
2003-01-21,74.8138432621722,518.5020612508574,0.15738922418174436,1.1920928955078125e-07,0.26,1.1920929e-07,0.26,9.120006,-16.835,-22.78,-10.89,272.88,97.58,0.14678520910949716,0.20480572
2003-01-22,74.92454188622133,518.2394299638106,0.09618734460524611,1.1920928955078125e-07,1.1920929e-07,1.1920929e-07,0.0,9.216002,-22.895,-26.66,-19.13,205.47,72.1,0.14225080485588928,0.19505306
2003-01-23,74.91742318690127,518.0030950604119,0.10092078551193784,1.1920928955078125e-07,1.1920929e-07,1.1920929e-07,0.0,9.216002,-22.325,-25.49,-19.16,179.62,79.6,0.13829027831711393,0.18530041
2003-01-24,74.91139551147056,517.7602242920852,0.11715739157128442,1.1920928955078125e-07,1.1920929e-07,1.1920929e-07,0.0,9.253603,-20.595,-25.12,-16.07,240.15,81.57,0.13433507814613493,0.17554775
2003-01-25,74.91125165247492,517.4876594777903,0.16730004673454968,1.1920928955078125e-07,1.1920929e-07,1.1920929e-07,0.0,9.312,-16.31,-19.88,-12.74,198.24,120.0,0.13003085917897247,0.17554775
2003-01-26,74.91106661991323,517.1705882425622,0.2117896279528543,1.1920928955078125e-07,1.1920929e-07,1.1920929e-07,0.0,9.312,-13.32,-18.87,-7.77,275.6,139.89,0.12519703888077044,0.1657951
2003-01-27,77.02836877509206,516.8193096639452,0.23787054782602393,1.1920928955078125e-07,4.12,1.1920929e-07,4.12,9.408,-11.945,-16.75,-7.14,190.15,160.0,0.12005125705495517,0.1657951
2003-01-28,79.0870216473071,516.5253758502585,0.12012358052509968,1.1920928955078125e-07,1.1920929e-07,1.1920929e-07,0.0,9.408,-20.465,-26.69,-14.24,301.84,80.0,0.11590839838467364,0.15604244
2003-01-29,79.07496453166277,516.2895506166161,0.13314905226995663,1.1920928955078125e-07,1.1920929e-07,1.1920929e-07,0.0,9.425714,-19.24,-25.74,-12.74,310.81,79.73,0.11268815520678346,0.15604244
2003-01-30,79.07496453166277,516.0060305760347,0.20634966301950836,1.1920928955078125e-07,1.1920929e-07,1.1920929e-07,0.0,9.504,-13.885,-21.08,-6.69,325.11,119.18,0.10893484454258992,0.15604244
2003-01-31,79.07496453166277,515.6863973511146,0.215872446971486,1.1920928955078125e-07,1.1920929e-07,1.1920929e-07,0.0,9.504,-13.3,-21.53,-5.07,340.0,110.33,0.10485315553980962,0.15604244
2003-02-01,79.03387739278273,515.3383318055986,0.28193728716454214,1.1920928955078125e-07,1.1920929e-07,1.1920929e-07,0.0,9.5999975,-9.945,-19.8,-0.09,352.43,131.77,0.10058214184012575,0.18530041
2003-02-02,86.10092328477441,514.8966620340325,0.4075689656966148,1.1920928955078125e-07,13.159998,1.5687942e-06,13.16,9.5999975,-4.95,-10.34,0.44,212.07,281.44,0.09541205807249523,0.3901061
2003-02-03,96.02057139388387,514.6654356512628,0.4534842755667402,1.1920928955078125e-07,6.4677615,0.7522384,7.22,9.680673,-3.575,-5.74,-1.41,102.68,401.05,0.09281224035653073,0.36084816
2003-02-04,99.68105505560274,514.790846418513,0.44770176809026163,1.1920928955078125e-07,1.4877248,0.022275161,1.51,9.696,-3.78,-7.38,-0.18,216.16,350.03,0.09421339244821364,0.3510955
2003-02-05,107.26185714123034,514.289712542523,0.36392151073439527,1.1920928955078125e-07,14.01,1.1920929e-07,14.01,9.713714,-6.65,-11.22,-2.08,199.09,259.97,0.08873797602089228,0.38035345
2003-02-06,113.99535173634871,513.9209077373291,0.22217163847861007,1.1920928955078125e-07,1.1920929e-07,1.1920929e-07,0.0,9.792003,-13.27,-18.2,-8.34,286.61,159.96,0.08491272192389994,0.36084816
2003-02-07,113.99574834564089,513.6118693323598,0.22968043110740263,1.1920928955078125e-07,1.1920929e-07,1.1920929e-07,0.0,9.792003,-12.835,-18.61,-7.06,320.24,145.73,0.08183464444327887,0.3510955
2003-02-08,113.99524918920247,513.285179574949,0.25040837309116765,1.1920928955078125e-07,1.1920929e-07,1.1920929e-07,0.0,9.888002,-11.835,-17.32,-6.35,311.65,160.0,0.07870199357076316,0.34134284
2003-02-09,113.99499692342626,512.9488651116824,0.26333920197546096,1.1920928955078125e-07,1.1920929e-07,1.1920929e-07,0.0,9.888002,-11.17,-18.53,-3.81,364.87,145.8,0.07560227333584271,0.32183754
2003-02-10,113.99578263083741,512.6146632764602,0.2565193294433941,1.1920928955078125e-07,1.1920929e-07,1.1920929e-07,0.0,9.984,-11.63,-19.88,-3.38,381.45,120.0,0.07264297090930674,0.30233225
2003-02-11,114.16125662496184,512.3116845906709,0.24103863805595135,1.1920928955078125e-07,0.47,1.1920929e-07,0.47,9.984,-12.43,-20.43,-4.43,379.54,120.0,0.07006037616268083,0.2925796
2003-02-12,114.57142308432455,512.0590329635818,0.13400448963975156,1.1920928955078125e-07,1.1920929e-07,1.1920929e-07,0.0,10.08,-19.875,-25.83,-13.92,332.79,80.0,0.06797711542387652,0.27307427
2003-02-13,115.05663163780639,511.84857537561896,0.15683382800697915,1.1920928955078125e-07,1.0,1.1920929e-07,1.0,10.08,-17.955,-25.93,-9.98,385.65,80.0,0.06628914033890651,0.26332164
2003-02-14,115.4388425859047,511.6706355273813,0.08923098243228278,1.1920928955078125e-07,1.1920929e-07,1.1920929e-07,0.0,10.1760025,-24.77,-29.7,-19.84,299.66,40.0,0.06489471681162161,0.24381632
2003-02-15,115.5856850550222,511.5050051606329,0.09763340079823757,1.1920928955078125e-07,1.1920929e-07,1.1920929e-07,0.0,10.1760025,-23.725,-29.6,-17.85,340.85,40.0,0.06362312807517108,0.23406367
2003-02-16,115.59112363105103,511.34035069647877,0.10564626787679116,1.1920928955078125e-07,1.1920929e-07,1.1920929e-07,0.0,10.271997,-22.91,-29.16,-16.66,356.01,40.16,0.06238372910577786,0.22431101
2003-02-17,115.57592074816004,511.16786532566914,0.11846581385924712,1.1920928955078125e-07,1.1920929e-07,1.1920929e-07,0.0,10.271997,-21.555,-28.6,-14.51,385.51,53.26,0.061111270344234817,0.22431101
2003-02-18,115.57586588409569,510.9661061354422,0.1761130789715304,1.1920928955078125e-07,1.1920929e-07,1.1920929e-07,0.0,10.368,-16.85,-24.26,-9.44,393.41,89.6,0.059655750613118834,0.22431101
2003-02-19,117.21209494401249,510.66706103878056,0.3140411629780468,1.1920928955078125e-07,3.05,1.1920929e-07,3.05,10.368,-9.415,-14.12,-4.71,227.74,207.46,0.057561922477619765,0.23406367
2003-02-20,118.62627856692002,510.2230997953953,0.4586949402425562,1.1920928955078125e-07,1.1920929e-07,1.1920929e-07,0.0,10.464,-4.38,-9.06,0.3,308.33,306.63,0.0545881999246728,0.26332164
2003-02-21,118.63005802629898,509.657245316468,0.5563293247676688,1.1920928955078125e-07,1.1920929e-07,1.1920929e-07,0.0,10.464,-1.65,-5.43,2.13,259.98,408.97,0.05101964003961989,0.27307427
2003-02-22,118.62976909955135,509.0447100954226,0.5688847820038895,1.1920928955078125e-07,1.1920929e-07,1.1920929e-07,0.0,10.56,-1.445,-7.42,4.53,365.89,348.65,0.04741915489369231,0.28282693
2003-02-23,118.62976916087031,508.5312613412673,0.565527490675788,1.1920928955078125e-07,2.0861626e-07,7.0,7.0,10.56,-1.515,-6.35,3.32,239.89,374.11,0.04459762022052851,0.2925796
2003-02-24,118.62976919606851,508.14340590618013,0.3353355022655967,1.1920928955078125e-07,2.64,1.1920929e-07,2.64,10.655997,-8.84,-15.76,-1.92,341.79,178.25,0.04257811381903905,0.28282693
2003-02-25,118.62976921162496,507.8460015078982,0.2807545660675249,1.1920928955078125e-07,1.1920929e-07,1.1920929e-07,0.0,10.655997,-11.18,-15.37,-6.99,296.17,193.95,0.04109173964625688,0.27307427
2003-02-26,118.62976921401872,507.60390586415866,0.13936257144156425,1.1920928955078125e-07,1.1920929e-07,1.1920929e-07,0.0,10.752,-20.075,-27.24,-12.91,428.59,75.0,0.039920183555942255,0.25356898
2003-02-27,118.6297692097288,507.3819766926986,0.1552719009781018,1.1920928955078125e-07,1.1920929e-07,1.1920929e-07,0.0,10.752,-18.76,-27.82,-9.7,470.03,67.11,0.0388755853098794,0.24381632
2003-02-28,118.62976920523425,507.14507171125496,0.21370124540534627,1.1920928955078125e-07,1.1920929e-07,1.1920929e-07,0.0,10.848,-14.9,-26.42,-3.38,497.02,73.69,0.037790642757774544,0.24381632
2003-03-01,118.6297692048104,506.85617719970804,0.2919786768704475,1.1920928955078125e-07,1.1920929e-07,1.1920929e-07,0.0,10.848005,-10.875,-21.57,-0.18,493.14,109.88,0.03650849697328335,0.24381632
2003-03-02,118.6262879184339,506.48069486973924,0.3869122841797803,1.1920928955078125e-07,1.1920929e-07,1.1920929e-07,0.0,10.9439945,-7.23,-16.24,1.78,471.83,175.6,0.0349068540572793,0.25356898
2003-03-03,125.0107227703375,506.1091869755691,0.2535901278373235,1.1920928955078125e-07,12.9,1.1920929e-07,12.9,11.04,-12.915,-24.33,-1.5,382.03,80.43,0.03339132822573182,0.26332164
2003-03-04,131.4241732347634,505.9160721188057,0.1073152803763809,1.1920928955078125e-07,1.1920929e-07,1.1920929e-07,0.0,11.04,-23.445,-28.88,-18.01,369.19,40.25,0.03262971192682909,0.25356898
2003-03-05,133.99325201665596,505.7289984513106,0.22268777443003013,1.1920928955078125e-07,5.14,1.1920929e-07,5.14,11.136003,-14.675,-25.13,-4.22,391.08,84.14,0.031908490053147484,0.25356898
2003-03-06,139.56407226417892,505.39685070720793,0.387813080692217,1.1920928955078125e-07,5.47,1.1920929e-07,5.47,11.136003,-7.405,-14.07,-0.74,313.19,200.0,0.03066702024024554,0.25356898
2003-03-07,142.19574199747447,505.0805449061208,0.18904795805028715,1.1920928955078125e-07,1.1920929e-07,1.1920929e-07,0.0,11.232,-16.82,-24.26,-9.38,452.9,80.0,0.029529692336069814,0.24381632
2003-03-08,142.26292777918223,504.75259090541033,0.30002770652977057,1.1920928955078125e-07,0.16,1.1920929e-07,0.16,11.232,-10.92,-20.31,-1.53,499.43,125.61,0.02839499888739868,0.24381632
2003-03-09,142.88774350503374,504.4300606190317,0.5604203544590097,1.1920928955078125e-07,0.00028876186,1.2197113,1.22,11.327997,-2.525,-8.16,3.11,370.41,321.5,0.027321605653745473,0.25356898
2003-03-10,143.21206937958848,504.20858607925896,0.2758960070212951,1.1920928955078125e-07,1.1920929e-07,1.1920929e-07,0.0,11.327997,-12.11,-23.27,-0.95,538.06,93.68,0.026608121814559918,0.25356898
2003-03-11,143.2134194266028,503.96962782044267,0.18621334433112924,1.1920928955078125e-07,1.1920929e-07,1.1920929e-07,0.0,11.424,-17.19,-23.08,-11.3,391.95,90.52,0.025859195904208373,0.23406367
2003-03-12,143.2134194266028,503.7358073570956,0.36406207146192027,1.1920928955078125e-07,1.1920929e-07,1.1920929e-07,0.0,11.424,-8.555,-14.9,-2.21,419.94,193.49,0.0251467813342448,0.23406367
2003-03-13,143.2134194266028,503.52290076422366,0.3796235016930638,1.1920928955078125e-07,1.1920929e-07,1.1920929e-07,0.0,11.52,-8.1,-18.27,2.07,534.27,148.02,0.024515174301199556,0.23406367
2003-03-14,143.2134194266028,503.29809489892483,0.23726339072779062,1.1920928955078125e-07,1.1920929e-07,1.1920929e-07,0.0,11.616,-14.345,-21.31,-7.38,453.15,114.92,0.023865477553768322,0.22431101
2003-03-15,143.2134194266028,503.01573636966185,0.24441425672072595,1.1920928955078125e-07,1.1920929e-07,1.1920929e-07,0.0,11.616,-13.96,-20.06,-7.86,419.42,127.25,0.02307379060371573,0.22431101
2003-03-16,143.21341942660277,502.63011469401346,0.4337432786914755,1.1920928955078125e-07,1.1920929e-07,1.1920929e-07,0.0,11.711997,-6.495,-13.75,0.76,467.55,207.42,0.02203482406894888,0.23406367
2003-03-17,143.24780884326933,502.0590061859153,0.6048324571645444,1.1920928955078125e-07,1.1920929e-07,1.1920929e-07,0.0,11.711997,-1.85,-11.27,7.57,530.93,261.31,0.020581431597274363,0.25356898
2003-03-18,138.9889167055651,505.5072386247642,0.9859363016757128,11.290559768676758,1.1920929e-07,1.1920929e-07,0.0,11.808002,5.085,-2.76,12.93,479.75,498.92,0.031074163872486762,0.31208488
2003-03-19,134.80159289952582,508.8837745051209,0.526177449040881,1.1920928955078125e-07,1.1920929e-07,1.1920929e-07,0.0,11.808002,-4.115,-12.63,4.4,514.79,230.94,0.046516078103171064,0.45837468
2003-03-20,134.79701881484903,508.33734377897963,0.5054792009546748,1.1920928955078125e-07,1.1920929e-07,1.1920929e-07,0.0,11.904,-4.77,-12.85,3.31,503.19,229.46,0.04357622238961605,0.92650205
2003-03-21,136.41796638293698,513.9322487919509,0.6310594816874548,1.1920928955078125e-07,2.8163195e-06,15.749997,15.75,11.904,-1.81,-9.39,5.77,364.12,301.79,0.08502785706999755,1.6384457
2003-03-22,133.4625853408214,523.7872127160222,0.9252468705301821,7.211775302886963,1.1920929e-07,1.1920929e-07,0.0,11.999997,3.36,-1.16,7.88,326.33,562.37,0.2760077523461497,3.003817
2003-03-23,126.77965875117856,530.4830014111074,0.9028291535798754,5.627552509307861,1.1920929e-07,2.13,2.13,12.096,2.69,-2.67,8.05,365.56,502.86,0.614265639215403,3.3061492
2003-03-24,122.75296644025667,533.7094110916308,0.832858514608488,2.6127570268876354,1.1920929e-07,1.1920929e-07,0.0,12.096,1.415,-1.64,4.47,233.54,544.06,0.9031710887825096,2.8282692
2003-03-25,118.56725510188113,536.0179868525396,0.9095830088463065,5.249229907989502,1.1920929e-07,1.1920929e-07,0.0,12.192,2.53,-3.23,8.29,410.56,481.16,1.1900322646843005,2.4869266
2003-03-26,114.55686867081356,537.5771564525212,0.855142236184981,3.0029339699119078,1.1920929e-07,1.1920929e-07,0.0,12.192,1.58,-2.1,5.26,283.78,526.76,1.4337116919973734,2.1163256
2003-03-27,111.48734120899913,540.7544411311784,0.8681546569055562,3.0502257281660263,1.1920929e-07,4.92,4.92,12.288,1.6,-2.31,5.51,226.04,517.28,2.095687896386932,3.569471
2003-03-28,110.38097769751674,541.3320456207366,0.8025718317893782,0.2415671375302253,1.1920929e-07,1.1920929e-07,0.0,12.288,0.44,-5.5,6.38,436.29,407.83,2.2454204814470136,3.315902
2003-03-29,107.30139831086564,541.4753467935976,0.9485969837237681,5.816713333129883,1.1920929e-07,1.1920929e-07,0.0,12.384,2.77,-4.43,9.97,501.67,427.19,2.2841960361100755,5.3834643
2003-03-30,98.7351629571727,552.8755494371285,1.1312987312298695,11.302382469177246,1.1920929e-07,16.2,16.2,12.384,5.09,-0.82,11.0,330.01,577.89,8.91812709289487,13.361135
2003-03-31,93.87805148238485,557.839444732716,0.658521760202576,1.1920928955078125e-07,0.5166193,13.30338,13.82,12.48,-3.035,-6.97,0.9,252.06,360.0,16.13775495357408,5.393217
2003-04-01,99.46378830984177,548.6516242976754,0.4435679955439486,1.1920928955078125e-07,1.1920929e-07,1.1920929e-07,0.0,12.576003,-8.34,-14.31,-2.37,483.84,203.66,5.383939806147749,3.003817
2003-04-02,99.47292884158111,544.0836935827848,0.5193183605346549,1.1920928955078125e-07,1.1920929e-07,1.1920929e-07,0.0,12.576003,-6.09,-12.06,-0.12,493.76,244.69,3.119440990978166,2.3406367
2003-04-03,99.47292884160109,540.8752542749163,0.692452489053888,1.1920928955078125e-07,1.1920929e-07,1.1920929e-07,0.0,12.672003,-2.105,-6.82,2.61,414.63,368.6,2.126157472658101,1.9602833
2003-04-04,99.4694852223568,538.3765906211552,0.6256325632668573,1.1920928955078125e-07,1.1920929e-07,1.1920929e-07,0.0,12.672003,-3.47,-9.49,2.55,506.01,298.94,1.5774054163537088,1.7164669
2003-04-05,101.05754077208678,536.4128794627666,0.5162166262402783,1.1920928955078125e-07,3.76,1.1920929e-07,3.76,12.767997,-6.185,-9.39,-2.98,246.12,298.47,1.247524695894885,1.4141346
2003-04-06,108.49211848996967,534.785801986069,0.4771523456628424,1.1920928955078125e-07,10.74,1.1920929e-07,10.74,12.767997,-7.215,-9.61,-4.82,185.23,295.28,1.02712291405146,1.4824033
2003-04-07,114.21412552419804,533.383734466896,0.4410997137074451,1.1920928955078125e-07,1.1920929e-07,1.1920929e-07,0.0,12.864003,-8.34,-14.7,-1.98,562.76,198.25,0.8687026186504081,1.3458661
2003-04-08,114.33800024252237,532.0929202466299,0.5502553031748333,1.1920928955078125e-07,1.1920929e-07,1.1920929e-07,0.0,12.864003,-5.3,-11.92,1.32,572.64,248.14,0.7445478581529211,1.1995763
2003-04-09,114.33800024252237,530.799317248015,0.6548771228735704,1.1920928955078125e-07,1.1920929e-07,1.1920929e-07,0.0,12.96,-2.945,-6.28,0.39,352.7,384.05,0.6379246747250378,1.1118025
2003-04-10,114.33800024252216,529.5883436624265,0.6116601338326646,1.1920928955078125e-07,1.1920929e-07,1.1920929e-07,0.0,12.96,-3.87,-10.02,2.28,567.51,284.7,0.5519931720035404,1.1410604
2003-04-11,114.05950633448481,528.6327832368172,0.8460315484182157,0.8285972810579736,1.1920929e-07,1.1920929e-07,0.0,13.056,0.67,-8.94,10.28,678.11,272.3,0.4924374068791669,1.628693
2003-04-12,111.3574428897894,529.9243086426509,0.9540638161069155,4.669924736022949,1.1920929e-07,1.1920929e-07,0.0,13.151992,2.285,-4.64,9.21,603.61,393.72,0.5746010961463549,2.4381633
2003-04-13,101.96418100907078,537.3655420011061,1.2610144360325521,14.057039260864258,1.1920929e-07,1.1920929e-07,0.0,13.152,6.255,-1.37,13.88,628.22,466.55,1.3979172189117495,4.3691883
2003-04-14,95.76666190178173,540.4846767245199,0.8038518169802156,1.1920928955078125e-07,1.1920929e-07,1.1920929e-07,0.0,13.247997,-0.6,-8.14,6.94,633.94,303.04,2.029218972486352,3.569471
2003-04-15,92.54629515184659,542.8379559168689,1.1113636103539652,8.926047325134277,1.1920929e-07,3.99,3.99,13.247997,4.085,-3.67,11.84,496.17,443.17,2.6880492459988803,8.065444
2003-04-16,74.57020422274705,556.2115379340726,1.8301942831357723,25.96236228942871,1.1920929e-07,2.32,2.32,13.344,11.29,2.16,20.42,584.47,589.49,13.285360715230713,12.385869
2003-04-17,61.98089208241007,553.414460555449,0.7445008647078768,1.1920928955078125e-07,1.1920929e-07,0.009999952,0.01,13.344,-2.135,-12.93,8.66,712.26,200.71,9.51123665705377,5.3542066
2003-04-18,61.98134030988604,546.4734001296925,0.6077823634182539,1.1920928955078125e-07,1.1920929e-07,1.1920929e-07,0.0,13.44,-4.9,-12.78,2.98,655.61,224.49,4.150259429526413,3.1306016
2003-04-19,61.98345096130231,542.4878053855208,0.8375154521034918,1.1920928955078125e-07,1.1920929e-07,1.1920929e-07,0.0,13.44,-0.27,-5.69,5.15,533.97,386.34,2.5779139007993095,2.4479158
2003-04-20,55.67067759182813,545.0889621385752,1.2984505139217006,13.560491561889648,1.1920929e-07,1.1920929e-07,0.0,13.536,6.045,-3.03,15.12,684.86,394.38,3.5175374406928452,3.6474922
2003-04-21,38.09071176679218,554.5598631793628,1.5729271277450438,19.909208297729492,1.1920929e-07,1.1920929e-07,0.0,13.536,8.73,0.11,17.35,665.45,482.95,10.906120685020083,5.1494007
2003-04-22,18.208578113329573,558.2831926475575,1.540196362558426,18.208578113329573,1.1920929e-07,1.1920929e-07,0.0,13.632,8.19,0.68,15.7,626.31,532.13,17.016434409457283,4.808058
2003-04-23,6.669618678901987,556.243986017226,1.260803330516729,6.669618678901987,1.1920929e-07,5.6,5.6,13.632,5.185,2.23,8.14,232.43,720.52,13.336965735625874,4.573994
2003-04-24,2.437930330944501,552.9435266253062,1.1159001313961254,2.437930330881518,1.1920929e-07,3.73,3.73,13.728,3.34,-0.62,7.3,307.23,584.8,8.990852993787557,3.7742767
2003-04-25,0.9687922629732973,548.7122659857171,0.9113581726023522,0.3398687888329384,1.1920929e-07,1.11,1.11,13.728,0.48,-2.45,3.41,317.94,512.25,5.423089933201724,2.974559
2003-04-26,0.41406435570727856,544.416592461692,1.0780392550420153,0.4075787155658613,1.1920929e-07,1.1920929e-07,0.0,13.8239975,2.955,-2.03,7.94,497.84,521.71,3.2460142611952625,2.838022
2003-04-27,0.16047372432471907,548.2258658359423,1.0388549036415013,0.13362317078298613,1.1920929e-07,15.96,15.96,13.8239975,2.305,-0.18,4.79,206.06,602.3,5.116914912937265,8.299507
2003-04-28,0.07467198425938577,548.6770072194089,1.3618503598819132,0.05066221949787463,1.1920929e-07,1.1920929e-07,0.0,13.92,6.245,-0.44,12.93,602.89,535.66,5.4002924492155735,5.422475
2003-04-29,0.03877138962980319,543.2063245029037,1.9543615425885146,0.023097367003362707,1.1920929e-07,1.1920929e-07,0.0,13.92,12.04,2.83,21.25,682.58,594.9,2.808997433055698,4.934842
2003-04-30,0.020552268952935666,539.2148410744966,1.4645616653394733,0.01132842246271112,1.1920929e-07,1.1920929e-07,0.0,14.016003,7.52,-1.59,16.63,686.53,451.35,1.7435682429986004,3.5889761
2003-05-01,0.01162003235766656,537.5028850351051,1.2161974544028826,0.006147199741988076,1.1920929e-07,2.89,2.89,14.016003,4.74,-1.09,10.57,454.5,558.13,1.4210455168891087,2.9550538
2003-05-02,0.006559559396022912,539.6700202760289,1.270507551711946,0.003387310692582569,1.1920929e-07,7.48,7.48,14.112002,5.235,1.26,9.21,306.5,669.94,1.8410159493136693,7.460779
2003-05-03,0.003916442673324029,552.3509188901882,1.2334753685919675,0.001996562743982828,1.1920929e-07,27.08,27.08,14.112002,4.44,0.09,8.79,332.82,612.78,8.376282675372838,8.231239
2003-05-04,0.002350073481657124,553.4324914014055,1.2923584815592666,0.001188843218832022,1.1920929e-07,1.1920929e-07,0.0,14.208,5.01,-2.16,12.18,620.58,494.19,9.531748676291881,3.8522978
2003-05-05,0.001409373115407778,546.0389407893915,1.5544237203703293,0.000709652306953334,1.1920929e-07,1.1920929e-07,0.0,14.208,8.035,-1.31,17.38,688.71,475.79,3.9403224981751386,2.7990115
2003-05-06,0.000797857427672537,541.8522381795565,1.910049358284365,0.00040052014658126933,1.1920929e-07,1.1920929e-07,0.0,14.2862835,11.3,4.58,18.02,575.67,768.94,2.389404795315999,2.4869266
2003-05-07,0.00042795683582343407,541.311287743954,1.398401151029317,0.0002144362848462291,1.1920929e-07,6.82,6.82,14.304,6.44,3.81,9.07,202.95,806.82,2.2398584989845665,2.6039584
2003-05-08,0.00025502896787931963,540.858060852977,1.4227352070656423,0.00012767708328767526,1.1920929e-07,1.1920929e-07,0.0,14.31933,6.7,0.74,12.66,547.48,612.08,2.121794332175685,2.2333574
2003-05-09,0.00015284791487137262,537.6662533321927,1.5846768671820024,7.648236363701667e-05,1.1920929e-07,0.59,0.59,14.399997,8.365,0.97,15.76,613.38,585.92,1.4490552249353512,1.9212726
2003-05-10,9.148059372338405e-05,536.8140817290649,1.3249925701583891,4.576121860780291e-05,1.1920929e-07,3.31,3.31,14.399997,5.645,1.81,9.48,289.95,703.66,1.3087809530776675,1.7359722
2003-05-11,5.5006208919548147e-05,535.5127150748323,1.3778293108204445,2.7510668667132602e-05,1.1920929e-07,1.1920929e-07,0.0,14.495997,6.175,-0.79,13.14,606.53,529.89,1.1203169408395635,1.5506718
2003-05-12,3.325908918010739e-05,540.0265679890535,1.733770046469205,1.663231000756093e-05,1.1920929e-07,13.97,13.97,14.495997,9.595,2.14,17.05,461.55,702.26,1.9211368575001717,3.286644
2003-05-13,2.0120024574650915e-05,544.1717537521833,1.262145650425299,1.0061024325794255e-05,1.1920929e-07,3.33,3.33,14.574286,4.525,2.15,6.9,193.05,717.12,3.1524346434488524,3.5304604
2003-05-14,1.2095769722371799e-05,546.0273003950265,1.3970957303765819,6.0482506302983945e-06,1.1920929e-07,8.08,8.08,14.592003,5.99,2.54,9.44,273.9,735.58,3.9348462270885043,4.0766087
2003-05-15,7.281768013044122e-06,544.6069957445337,1.4077316978132157,3.6410165668854917e-06,1.1920929e-07,0.24,0.24,14.592003,6.145,2.97,9.32,341.53,757.58,3.320704103189323,2.525937
2003-05-16,4.38353552064474e-06,540.5412750386679,1.5753973060555135,2.1918157987815144e-06,1.1920929e-07,1.1920929e-07,0.0,14.688,7.885,4.54,11.23,363.57,843.81,2.042987550281582,1.9700359
2003-05-17,2.6073887511199854e-06,537.3265625386281,1.4451035789903912,1.3037113717502403e-06,1.1920929e-07,1.1920929e-07,0.0,14.688,6.65,-1.82,15.12,688.93,480.06,1.3914219992780446,1.657951
2003-05-18,1.1644255278525323e-06,534.3949352803758,1.7314525500291633,5.822161536432909e-07,1.1920929e-07,1.1920929e-07,0.0,14.746397,9.47,-0.15,19.09,707.32,520.09,0.9802591417187456,1.4628979
2003-05-19,7.816159219307053e-08,531.490957913575,2.2542103768473396,1.1920928955078125e-07,1.1920929e-07,1.1920929e-07,0.0,14.784002,13.72,3.08,24.36,710.3,621.85,0.6928794011472198,1.3068554
2003-05-20,-3.632347542643118e-07,528.539014899575,2.5341564883809533,1.1920928955078125e-07,1.1920929e-07,1.1920929e-07,0.0,14.784002,15.725,5.17,26.28,701.34,708.92,0.48695130066105413,1.1703184
2003-05-21,-2.1169518966952215e-07,525.963094584081,2.5761455587207935,1.1920928955078125e-07,1.1920929e-07,1.1920929e-07,0.0,14.879986,15.97,6.55,25.39,675.96,798.83,0.35795191697779066,1.1215551
2003-05-22,-6.390720621880785e-08,524.4322944898435,1.7438049697235452,1.1920928955078125e-07,1.1920929e-07,2.0,2.0,14.879992,9.735,4.66,14.81,503.11,843.97,0.298121745414609,1.1118025
2003-05-23,2.7165055288387673e-08,523.3460652073237,1.659779817019606,1.1920928955078125e-07,1.1920929e-07,1.1920929e-07,0.0,14.879992,8.995,3.41,14.58,534.96,768.54,0.2618368480257897,0.96551263
2003-05-24,3.404476162846e-08,522.3009404131219,1.6201603167635277,1.1920928955078125e-07,1.1920929e-07,0.95,0.95,14.975994,8.55,5.08,12.02,366.05,879.13,0.23110041575791876,0.9460073
2003-05-25,1.9896623754666858e-08,523.5908080750127,1.6013024170457206,1.1920928955078125e-07,1.1920929e-07,4.2,4.2,14.976003,8.33,5.04,11.62,260.45,876.83,0.26960635397674887,1.1313077
2003-05-26,1.1825774272714397e-08,525.6791828190404,1.6554701247827959,1.1920928955078125e-07,1.1920929e-07,1.66,1.66,14.976003,8.785,5.47,12.1,347.99,906.32,0.3460133978980271,1.2678449
2003-05-27,6.894277585297554e-09,530.5972022580331,1.7922918120059814,1.1920928955078125e-07,1.1920929e-07,10.98,10.98,15.034397,9.82,7.98,11.66,150.73,1078.71,0.6227044105405883,2.3796473
2003-05-28,4.152847397185452e-09,533.0877776075484,1.9119044792234645,1.1920928955078125e-07,1.1920929e-07,0.74,0.74,15.072,10.725,6.16,15.29,458.75,952.24,0.8385217858742102,1.7457249
2003-05-29,2.5091124965197552e-09,533.4444154766087,1.892120793755883,1.1920928955078125e-07,1.1920929e-07,4.9,4.9,15.072,10.55,7.66,13.44,236.17,1055.34,0.8750236311468056,1.6481984
2003-05-30,1.5101056067328826e-09,534.4173818710944,2.0037603870427296,1.1920928955078125e-07,1.1920929e-07,3.01,3.01,15.072,11.43,7.82,15.04,292.52,1066.04,0.9828915983362027,1.4726505
2003-05-31,9.044104654780424e-10,534.3669895273568,2.250345139386435,1.1920928955078125e-07,1.1920929e-07,3.72,3.72,15.167992,13.19,9.13,17.25,318.33,1170.7,0.9769916136308608,1.3068554
2003-06-01,5.218063520229793e-10,532.9928971410851,2.336514704737575,1.1920928955078125e-07,1.1920929e-07,1.0,1.0,15.168,13.84,9.44,18.24,454.48,1192.69,0.829069881398993,1.1020498
2003-06-02,3.0561855930424207e-10,531.3164121653937,1.7980229445306979,1.1920928955078125e-07,1.1920929e-07,2.02,2.02,15.168,9.71,6.52,12.9,351.21,964.86,0.6785794757478528,1.1410604
2003-06-03,1.6046510609126948e-10,529.3895739907741,1.7141893047351853,1.1920928955078125e-07,1.1920929e-07,1.1920929e-07,0.0,15.168,9.02,1.93,16.11,622.03,651.69,0.5390385562203037,0.9460073
2003-06-04,8.659640618661351e-11,527.1718132204124,1.8575670698220645,1.1920928955078125e-07,1.1920929e-07,1.1920929e-07,0.0,15.2263975,10.285,2.51,18.06,643.78,655.02,0.413564623240415,0.78996485
2003-06-05,5.2038494788632935e-11,525.991714707977,2.066724994750879,1.1920928955078125e-07,1.1920929e-07,2.83,2.83,15.264003,11.975,4.23,19.72,589.8,750.67,0.35917801836892466,0.8094702
2003-06-06,3.1498309196202686e-11,535.3185687324733,1.9759248179457758,1.1920928955078125e-07,1.1920929e-07,20.09,20.09,15.264003,10.98,8.33,13.63,216.79,1106.77,1.0946289399914295,2.3503892
2003-06-07,1.9060146598285737e-11,541.1326877417639,2.498214617421407,1.1920928955078125e-07,1.1920929e-07,1.1920929e-07,0.0,15.264003,14.58,8.1,21.06,575.4,1011.05,2.1925690694038567,1.4141346
2003-06-08,1.1513579260537866e-11,537.1040026986533,2.3548811124753586,1.1920928955078125e-07,1.1920929e-07,1.1920929e-07,0.0,15.264003,13.74,7.37,20.11,572.11,975.02,1.3549103251113528,1.180071
2003-06-09,6.899425769322721e-12,533.6052575623911,2.40913288477138,1.1920928955078125e-07,1.1920929e-07,1.1920929e-07,0.0,15.27933,14.2,9.13,19.27,492.35,1151.98,0.892001631450957,1.0337812
2003-06-10,4.142084934869472e-12,533.3901192520821,2.1397142371128974,1.1920928955078125e-07,1.1920929e-07,4.61,4.61,15.342286,12.225,8.55,15.9,293.15,1124.58,0.8693655530007729,1.3458661
2003-06-11,2.4913648762096648e-12,532.754978726315,2.149001735707688,1.1920928955078125e-07,1.1920929e-07,1.1920929e-07,0.0,15.359997,12.295,6.75,17.84,530.16,964.64,0.8058345625489853,1.0337812
2003-06-12,1.4974055923508642e-12,529.7616262711148,2.329382209986282,1.1920928955078125e-07,1.1920929e-07,1.1920929e-07,0.0,15.359997,13.685,8.37,19.0,506.37,1092.85,0.5635404487960307,0.89724404
2003-06-13,8.941192771271931e-13,526.9743065060472,2.267565972469177,1.1920928955078125e-07,1.1920929e-07,1.1920929e-07,0.0,15.359997,13.335,6.11,20.56,590.48,881.76,0.4039197040299925,0.73144895
2003-06-14,5.415781461702039e-13,542.8974804019258,2.1756077980476496,1.1920928955078125e-07,1.1920929e-07,36.39,36.39,15.359997,12.19,6.11,18.27,398.57,951.18,2.707234411338532,8.211734
2003-06-15,3.281820736522505e-13,555.0095504756141,2.0491689415567933,1.1920928955078125e-07,1.1920929e-07,8.87,8.87,15.359997,10.885,8.95,12.82,154.0,1156.31,11.508108100235354,4.652015
2003-06-16,1.9857925531474794e-13,548.4014383657058,1.9835973555104192,1.1920928955078125e-07,1.1920929e-07,1.1920929e-07,0.0,15.359997,10.56,3.47,17.65,579.87,784.54,5.225386319532418,2.4089053
2003-06-17,1.1685091903839122e-13,542.5856603974225,2.213357675788299,1.1920928955078125e-07,1.1920929e-07,1.1920929e-07,0.0,15.359997,12.475,5.06,19.89,585.15,870.37,2.6082304787199617,1.5701771
2003-06-18,6.850483696477319e-14,538.2025095357892,2.57238892120318,1.1920928955078125e-07,1.1920929e-07,1.1920929e-07,0.0,15.359997,15.045,6.88,23.21,599.07,972.64,1.5449360529095677,1.1898236
2003-06-19,3.420515985634646e-14,534.5028239905075,2.4296536957513744,1.1920928955078125e-07,1.1920929e-07,1.1920929e-07,0.0,15.359997,14.225,7.1,21.35,570.96,1015.73,0.992976779381586,1.0240285
2003-06-20,1.5222835960788682e-14,531.1365760199236,2.692730254516149,1.1920928955078125e-07,1.1920929e-07,1.1920929e-07,0.0,15.359997,16.015,10.36,21.67,504.67,1265.3,0.6641547428026388,0.8679861
2003-06-21,7.581188840143842e-15,527.9222851314478,2.6036087163095645,1.1920928955078125e-07,1.1920929e-07,1.1920929e-07,0.0,15.359997,15.56,7.95,23.17,575.4,1038.47,0.4523601095893025,0.7216963
2003-06-22,6.142734895886806e-17,524.8925447829095,2.9368059293703617,1.1920928955078125e-07,1.1920929e-07,1.1920929e-07,0.0,15.359997,17.655,10.36,24.95,552.91,1223.24,0.31497449452038395,0.6436751
2003-06-23,-5.616096505574061e-15,521.8672842933731,2.7832309154567985,1.1920928955078125e-07,1.1920929e-07,0.05,0.05,15.359997,16.855,10.26,23.45,523.79,1242.52,0.2194314779111256,0.63392246
2003-06-24,-7.477121846647643e-15,518.661731926734,3.1572324154223708,1.1920928955078125e-07,1.1920929e-07,1.1920929e-07,0.0,15.359997,19.075,11.68,26.47,535.22,1338.61,0.1496123277228129,0.5754065
2003-06-25,-4.917519473015254e-15,515.1075044211299,3.7062900753985026,1.1920928955078125e-07,1.1920929e-07,1.1920929e-07,0.0,15.359997,21.94,13.19,30.69,548.63,1436.8,0.0978461124145946,0.47788
2003-06-26,-2.8423837975604796e-15,511.21591505543023,3.9339367916276355,1.1920928955078125e-07,1.1920929e-07,1.1920929e-07,0.0,15.359997,23.11,15.51,30.71,502.74,1709.31,0.06146311172498821,0.40961143
2003-06-27,-1.7036307040601384e-15,506.5626270301807,4.199615145280708,1.1920928955078125e-07,1.1920929e-07,1.1920929e-07,0.0,15.359997,24.42,17.22,31.62,472.54,1932.67,0.035250237986202755,0.78996485
2003-06-28,-1.0263806940243889e-15,506.9441390550595,3.5262130727214624,1.1920928955078125e-07,1.1920929e-07,8.6,8.6,15.359997,21.355,11.8,30.91,457.79,1361.84,0.03689420607227604,1.1703184
2003-06-29,-6.204016191786533e-16,508.1529763508686,2.9782771980539944,1.1920928955078125e-07,1.1920929e-07,1.1920929e-07,0.0,15.359997,18.435,11.53,25.34,466.03,1355.73,0.04262682787616108,0.5559012
2003-06-30,-3.7503604894435264e-16,507.5227496366346,3.028845025809661,1.1920928955078125e-07,1.1920929e-07,4.55,4.55,15.359997,18.74,11.31,26.17,357.32,1351.16,0.0395349731733646,0.5754065
2003-07-01,-2.2609087919219936e-16,507.91049297722503,2.6917472743349253,1.1920928955078125e-07,1.1920929e-07,1.92,1.92,15.359997,16.75,9.89,23.61,430.45,1219.8,0.0414095869281862,0.54614854
2003-07-02,-1.3374098219059667e-16,506.0840041879451,2.751401978450607,1.1920928955078125e-07,1.1920929e-07,1.1920929e-07,0.0,15.359989,17.175,10.87,23.48,426.5,1309.79,0.033291011868203296,0.40961143
2003-07-03,-4.8600050043559833e-17,503.27752697309,2.8148516517766793,1.1920928955078125e-07,1.1920929e-07,1.57,1.57,15.322397,17.69,12.03,23.35,390.31,1402.62,0.023806902248769562,0.36084816
2003-07-04,2.5936070575048318e-17,500.11580021556836,3.1860559339261223,1.1920928955078125e-07,1.1920929e-07,1.1920929e-07,0.0,15.264003,19.955,13.03,26.88,441.61,1502.14,0.01631719068996259,0.32183754
2003-07-05,6.866107578584836e-17,496.9281865714606,3.578846411770311,1.1920928955078125e-07,1.1920929e-07,0.24,0.24,15.264003,22.065,15.62,28.51,414.44,1771.59,0.011149224370421654,0.32183754
2003-07-06,5.947956314569981e-17,494.04283650634716,3.557040722897763,1.1920928955078125e-07,1.1920929e-07,1.01,1.01,15.264003,22.06,16.84,27.28,348.78,1908.78,0.007898196759843835,0.3315902
2003-07-07,3.588416398449295e-17,491.38221027629305,2.9523590491925593,1.1920928955078125e-07,1.1920929e-07,1.1920929e-07,0.0,15.264003,18.96,12.26,25.66,431.74,1417.45,0.005747405533492189,0.26332164
2003-07-08,2.1645766776916794e-17,497.64835726362173,2.9908901914344717,1.1920928955078125e-07,1.1920929e-07,15.82,15.82,15.263997,18.965,12.34,25.59,319.06,1446.7,0.012151035432361242,0.7704596
2003-07-09,1.2926724602737243e-17,504.96613912885516,3.150575134833485,1.1920928955078125e-07,1.1920929e-07,5.69,5.69,15.183328,19.69,12.89,26.49,321.17,1477.67,0.0291287983645904,1.1995763
2003-07-10,7.755178392406325e-18,504.69937741336435,2.2412669877296847,1.1920928955078125e-07,1.1920929e-07,1.1920929e-07,0.0,15.168,14.05,7.19,20.91,445.19,1015.2,0.02821504086838364,0.5851592
2003-07-11,4.6486729836549876e-18,503.46343148408477,2.2495649316210535,1.1920928955078125e-07,1.1920929e-07,3.39,3.39,15.168,14.15,7.52,20.78,321.85,1047.48,0.024341604912023404,1.1410604
2003-07-12,2.8008534646647686e-18,513.615552689221,1.9035890633410064,1.1920928955078125e-07,1.1920929e-07,19.34,19.34,15.168,11.145,8.81,13.48,136.38,1145.22,0.08187066612674339,1.6481984
2003-07-13,1.6873985020947837e-18,519.8292358238207,2.7251807051937122,1.1920928955078125e-07,1.1920929e-07,0.47,0.47,15.130397,16.82,11.23,22.41,382.2,1338.18,0.17200754399724566,0.81922287
2003-07-14,1.0169169185660534e-18,517.2768153424606,2.573293842169825,1.1920928955078125e-07,1.1920929e-07,1.1920929e-07,0.0,15.072,16.015,10.13,21.9,399.68,1250.56,0.1267961392601982,0.54614854
2003-07-15,5.971571241359172e-19,514.211315949907,2.702323130560799,1.1920928955078125e-07,1.1920929e-07,1.1920929e-07,0.0,15.072,16.925,9.16,24.69,465.17,1172.55,0.08791067836710616,0.41936406
2003-07-16,3.177778001665092e-19,511.0842044559182,2.6883090626508324,1.1920928955078125e-07,1.1920929e-07,1.1920929e-07,0.0,15.071992,16.94,9.57,24.31,448.56,1205.5,0.060503467936741225,0.36084816
2003-07-17,1.8064765194302381e-19,509.6735969533337,2.4440786745741425,1.1920928955078125e-07,1.1920929e-07,3.01,3.01,14.976003,15.515,12.72,18.31,157.1,1468.01,0.05111941242773435,0.44862202
2003-07-18,1.0029793932694979e-19,507.4851484136041,2.8905528599989325,1.1920928955078125e-07,1.1920929e-07,1.1920929e-07,0.0,14.976003,18.38,13.55,23.21,335.14,1563.52,0.03935776012727983,0.36084816
2003-07-19,5.655389331239505e-20,504.93035929921353,2.294109970865018,1.1920928955078125e-07,1.1920929e-07,1.1920929e-07,0.0,14.976003,14.63,7.4,21.86,460.07,1035.92,0.029004541517671144,0.31208488
2003-07-20,3.0823691578276254e-20,502.0162442834876,2.3683238031096616,1.1920928955078125e-07,1.1920929e-07,1.1920929e-07,0.0,14.895322,15.335,8.79,21.88,430.18,1143.62,0.020476547151841263,0.27307427
2003-07-21,1.4758669751324964e-20,499.54500849161326,2.6105458235331755,1.1920928955078125e-07,1.1920929e-07,1.1920929e-07,0.0,14.879992,17.045,10.88,23.21,410.14,1310.88,0.015241503812528515,0.24381632
2003-07-22,8.315659110123833e-21,499.1501336158765,2.683764508683756,1.1920928955078125e-07,1.1920929e-07,5.99,5.99,14.879992,17.52,12.82,22.22,250.52,1488.56,0.014539126793175752,0.27307427
2003-07-23,4.273843588297371e-21,501.5803195497855,3.0270845864396128,1.1920928955078125e-07,1.1920929e-07,6.37,6.37,14.799328,19.56,15.52,23.6,218.26,1764.38,0.019437357032017547,0.44862202
2003-07-24,2.2085821635928747e-21,505.9397058840862,3.0269903281220474,1.1920928955078125e-07,1.1920929e-07,8.15,8.15,14.784002,19.43,16.32,22.54,174.98,1852.96,0.03272197903430021,0.61441714
2003-07-25,1.1725035881978944e-21,508.88869369698114,2.9648949739428936,1.1920928955078125e-07,1.1920929e-07,8.11,8.11,14.784002,18.98,14.85,23.11,230.91,1688.97,0.04654342524395686,1.150813
2003-07-26,4.450290493056345e-22,508.87767918950783,2.8681576498018044,1.1920928955078125e-07,1.1920929e-07,1.1920929e-07,0.0,14.688,18.53,13.11,23.95,386.26,1505.18,0.04648221485581498,0.61441714
2003-07-27,1.60482411461165e-22,506.4499523768743,2.9436713982137626,1.1920928955078125e-07,1.1920929e-07,1.1920929e-07,0.0,14.688,19.05,14.38,23.72,347.84,1641.29,0.03477887471143001,0.42911673
2003-07-28,7.566487798068121e-23,503.9422445576981,2.5739015167076498,1.1920928955078125e-07,1.1920929e-07,4.54,4.54,14.670286,16.9,11.28,22.52,306.32,1343.2,0.025774730783498723,0.38035345
2003-07-29,6.0934998156862164e-24,502.10299330979524,2.0646119798386846,1.1920928955078125e-07,1.1920929e-07,1.1920929e-07,0.0,14.592003,13.43,8.58,18.28,380.84,1126.82,0.020689881783863683,0.32183754
2003-07-30,-3.0404831739025245e-23,500.2669592358775,2.407232356424875,1.1920928955078125e-07,1.1920929e-07,1.1920929e-07,0.0,14.592003,16.0,9.03,22.97,468.89,1162.42,0.016614558884195482,0.27307427
2003-07-31,-2.3770644658979334e-23,497.77510499716607,2.5448327691049153,1.1920928955078125e-07,1.1920929e-07,1.1920929e-07,0.0,14.495997,17.115,10.11,24.12,465.54,1248.49,0.012336445563790358,0.23406367
2003-08-01,-1.3991744888041818e-23,495.11607431180187,2.6623755062870216,1.1920928955078125e-07,1.1920929e-07,1.1920929e-07,0.0,14.495997,17.96,11.13,24.79,455.06,1330.11,0.008978767591724376,0.22431101
2003-08-02,-8.451756575563617e-24,500.1634197316623,2.1648610247708433,1.1920928955078125e-07,1.1920929e-07,13.84,13.84,14.478289,14.39,11.24,17.54,197.68,1342.26,0.01641029158362578,0.5754065
2003-08-03,-5.112042703802532e-24,505.5535509338332,2.350981849036795,1.1920928955078125e-07,1.1920929e-07,1.95,1.95,14.399997,15.655,11.95,19.36,303.69,1408.47,0.031246582992126758,0.56565386
2003-08-04,-3.060784626391973e-24,504.28127719725524,3.0799449212917143,1.1920928955078125e-07,1.1920929e-07,1.42,1.42,14.399997,20.23,16.1,24.36,324.47,1830.49,0.026840219225309984,0.4388694
2003-08-05,-1.8464126460249165e-24,502.7814507605975,3.1534862273517543,1.1920928955078125e-07,1.1920929e-07,3.01,3.01,14.304,20.8,18.15,23.45,179.54,2088.06,0.02243686631876093,0.45837468
2003-08-06,-1.1180683387225313e-24,513.9736933861236,3.272806467346299,1.1920928955078125e-07,1.1920929e-07,24.39,24.39,14.304,21.06,18.67,23.45,151.1,2153.97,0.0854499346289455,2.3503892
2003-08-07,-6.769467753541826e-25,525.0683199163991,2.9011139488806084,1.1920928955078125e-07,1.1920929e-07,3.75,3.75,14.208,18.755,13.02,24.49,357.04,1504.84,0.321659297450001,1.4921559
2003-08-08,-4.081392045072466e-25,523.3301731880975,2.922458531609123,1.1920928955078125e-07,1.1920929e-07,1.1920929e-07,0.0,14.208,18.935,13.64,24.23,403.67,1568.52,0.2613401584481368,0.92650205
2003-08-09,-2.4432698483610816e-25,521.180685963079,2.931183270004892,1.1920928955078125e-07,1.1920929e-07,3.6,3.6,14.112002,19.17,15.54,22.8,244.84,1769.58,0.20214933564662926,0.83872813
2003-08-10,-1.4780622163650002e-25,532.6166767231257,3.4235540236025686,1.1920928955078125e-07,1.1920929e-07,24.52,24.52,14.112002,21.455,17.13,25.78,260.64,1953.97,0.7926283404242432,10.630391
2003-08-11,-8.948999886075913e-26,542.2888912955605,3.6474306549644657,1.1920928955078125e-07,1.1920929e-07,5.1,5.1,14.031333,22.34,18.62,26.06,226.75,2142.0,2.5173699253193367,4.7885528
2003-08-12,-5.401991105336663e-26,540.2885865894217,3.4352827878075143,1.1920928955078125e-07,1.1920929e-07,2.47,2.47,14.016003,21.385,17.61,25.16,286.6,2013.36,1.9822301441337165,2.0090466
2003-08-13,-3.2333548632721105e-26,536.8148831984183,3.3385011922624157,1.1920928955078125e-07,1.1920929e-07,0.75,0.75,13.978397,21.05,18.06,24.04,251.23,2081.48,1.3089062851218025,1.4726505
2003-08-14,-1.7085271301381136e-26,532.9703279243827,3.3074627650091726,1.1920928955078125e-07,1.1920929e-07,1.1920929e-07,0.0,13.92,21.085,15.88,26.29,398.97,1791.49,0.8268372878942227,1.0435338
2003-08-15,-3.9604179834680604e-27,529.3808213638695,2.7982544369569613,1.1920928955078125e-07,1.1920929e-07,1.1920929e-07,0.0,13.902287,18.375,11.39,25.36,471.02,1351.42,0.5384751539033672,0.74120164
2003-08-16,4.021852057392544e-27,526.0396536002041,2.9368209875368594,1.1920928955078125e-07,1.1920929e-07,1.1920929e-07,0.0,13.8239975,19.395,11.51,27.28,480.99,1366.17,0.3612411622731267,0.61441714
2003-08-17,4.1182529168435445e-27,522.9323082218878,2.727203209788852,1.1920928955078125e-07,1.1920929e-07,1.1920929e-07,0.0,13.806286,18.265,11.71,24.82,450.82,1376.43,0.2492077266605758,0.54614854
2003-08-18,7.652165213354298e-28,519.9885589744389,2.5778162276221193,1.1920928955078125e-07,1.1920929e-07,1.88,1.88,13.728,17.51,12.3,22.72,366.21,1424.98,0.17531317144798986,0.6534277
2003-08-19,-2.9605447677747484e-27,517.1331568137028,2.493758921629023,1.1920928955078125e-07,1.1920929e-07,1.1920929e-07,0.0,13.710286,17.07,10.81,23.33,443.19,1304.42,0.12463837944838296,0.4973853
2003-08-20,-6.052456547718704e-27,514.3031850649373,2.6131362345221145,1.1920928955078125e-07,1.1920929e-07,1.1920929e-07,0.0,13.632,18.04,10.56,25.52,470.81,1288.13,0.08888092973995358,0.40961143
2003-08-21,-7.503944415728151e-27,511.4357270534002,3.060211274009738,1.1920928955078125e-07,1.1920929e-07,1.1920929e-07,0.0,13.614286,20.84,15.67,26.01,382.34,1779.35,0.0630986801848225,0.36084816
2003-08-22,-6.308433969034808e-27,508.46786610434935,3.0126550096276303,1.1920928955078125e-07,1.1920929e-07,1.1920929e-07,0.0,13.536,20.77,14.63,26.91,417.65,1666.5,0.04426109931354764,0.3315902
2003-08-23,-2.493235793846605e-27,505.59680845050684,2.738403743271353,1.1920928955078125e-07,1.1920929e-07,1.1920929e-07,0.0,13.498397,19.285,11.89,26.68,454.51,1390.86,0.03140849323600925,0.2925796
2003-08-24,2.220022138031813e-27,503.10985025008785,1.6784213516800641,1.1920928955078125e-07,1.1920929e-07,1.1920929e-07,0.0,13.44,11.395,4.79,18.0,451.72,862.49,0.023334708624646178,0.25356898
2003-08-25,6.551269327020951e-27,500.98480045333133,1.6389786632819157,1.1920928955078125e-07,1.1920929e-07,1.1920929e-07,0.0,13.35933,11.18,5.81,16.55,401.84,932.69,0.018102417378475556,0.24381632
2003-08-26,9.223078182589718e-27,499.1985027491001,1.894001121354503,1.1920928955078125e-07,1.1920929e-07,1.1920929e-07,0.0,13.344,13.575,10.99,16.16,220.62,1319.13,0.014623392249839636,0.26332164
2003-08-27,8.958021114207028e-27,497.727800826257,2.35779375611265,1.1920928955078125e-07,1.1920929e-07,1.54,1.54,13.247997,17.345,11.72,22.97,396.79,1383.83,0.012266919085844619,0.28282693
2003-08-28,5.675925087273504e-27,496.2057578593924,2.0549353181315433,1.1920928955078125e-07,1.1920929e-07,1.1920929e-07,0.0,13.247997,15.12,7.94,22.3,450.66,1076.29,0.010227249669177497,0.27307427
2003-08-29,3.320794529130582e-27,494.27415394260044,1.552264892902114,1.1920928955078125e-07,1.1920929e-07,1.1920929e-07,0.0,13.152,10.78,5.11,16.45,410.62,882.49,0.008119526079813222,0.23406367
2003-08-30,1.998291925511742e-27,496.48148735739375,2.1370202016085633,1.1920928955078125e-07,1.1920929e-07,6.9,6.9,13.152,15.875,12.0,19.75,227.56,1399.67,0.010569782950714061,0.2925796
2003-08-31,1.204689356255197e-27,498.08656822025614,1.4958616392116955,1.1920928955078125e-07,1.1920929e-07,1.1920929e-07,0.0,13.056,10.19,3.46,16.92,447.0,784.47,0.012804169949336577,0.2925796
2003-09-01,7.256832507988166e-28,496.4874341531553,1.5734441690834675,1.1920928955078125e-07,1.1920929e-07,1.1920929e-07,0.0,13.056,11.04,4.06,18.02,447.6,820.38,0.010577295560467031,0.24381632
2003-09-02,4.361511023275489e-28,494.74186343048586,1.832664404195221,1.1920928955078125e-07,1.1920929e-07,1.1920929e-07,0.0,12.96,13.66,8.89,18.43,351.73,1150.96,0.008586169556275216,0.22431101
2003-09-03,2.6074238214013143e-28,492.90564394857836,1.7462991136539123,1.1920928955078125e-07,1.1920929e-07,1.1920929e-07,0.0,12.96,12.94,7.46,18.42,383.65,1036.42,0.006894783695883256,0.20480572
2003-09-04,1.5789860336809023e-28,503.5628365876074,1.909408804599758,1.1920928955078125e-07,1.1920929e-07,23.97,23.97,12.864003,14.16,8.35,19.97,290.44,1108.06,0.024632426660369088,1.43364
2003-09-05,9.5604913068158e-29,516.1609165944009,1.8050296065740787,1.1920928955078125e-07,1.1920929e-07,4.4,4.4,12.864003,12.85,8.85,16.85,221.28,1148.07,0.11096950095117998,0.95576
2003-09-06,5.780108717956924e-29,515.9567125853858,1.8500774858600237,1.1920928955078125e-07,1.1920929e-07,1.1920929e-07,0.0,12.767997,13.375,7.46,19.29,388.59,1036.7,0.10829484340958857,0.5168906
2003-09-07,3.4719883348882943e-29,513.9637900820646,1.882913231975586,1.1920928955078125e-07,1.1920929e-07,1.1920929e-07,0.0,12.672003,13.845,7.87,19.82,385.14,1069.34,0.08534888787141967,0.38035345
2003-09-08,2.052844761471113e-29,512.1027541755492,1.656409765790973,1.1920928955078125e-07,1.1920929e-07,1.1920929e-07,0.0,12.672003,11.84,3.91,19.77,440.19,812.41,0.06833313770302656,0.31208488
2003-09-09,8.946463674734353e-30,510.4005369936527,1.4708735273131999,1.1920928955078125e-07,1.1920929e-07,1.1920929e-07,0.0,12.576003,10.13,1.93,18.33,443.58,702.17,0.05575781377392726,0.26332164
2003-09-10,-3.466183896029703e-30,508.7078443741873,1.4282414243250625,1.1920928955078125e-07,1.1920929e-07,1.1920929e-07,0.0,12.576003,9.72,1.87,17.57,430.78,698.63,0.04554852597414181,0.23406367
2003-09-11,-1.3333775749123037e-29,506.98296671276086,1.6950634220113217,1.1920928955078125e-07,1.1920929e-07,1.1920929e-07,0.0,12.48,12.615,4.39,20.84,427.11,834.48,0.0370657575840765,0.22431101
2003-09-12,-1.727708912759785e-29,505.18428681369545,2.061500950989374,1.1920928955078125e-07,1.1920929e-07,1.1920929e-07,0.0,12.48,15.86,8.24,23.48,399.24,1098.86,0.029897986540180912,0.21455836
2003-09-13,-1.262054939709398e-29,503.2859751394315,1.8462011532699887,1.1920928955078125e-07,1.1920929e-07,1.1920929e-07,0.0,12.384,14.24,5.47,23.01,422.58,909.2,0.02383094432600564,0.20480572
2003-09-14,-7.403168871684212e-30,501.3848734207634,1.9528313603227476,1.1920928955078125e-07,1.1920929e-07,1.1920929e-07,0.0,12.384,15.22,7.16,23.28,400.57,1023.4,0.01898872437393574,0.18530041
2003-09-15,-4.410452783238363e-30,499.03389895012094,2.389609314692836,1.1920928955078125e-07,1.1920929e-07,1.1920929e-07,0.0,12.288,18.79,13.45,24.13,304.13,1540.82,0.014338610668675603,0.18530041
2003-09-16,-2.5879751959378256e-30,498.1704974662427,2.445114605102959,1.1920928955078125e-07,1.1920929e-07,4.15,4.15,12.250398,19.26,14.3,24.22,213.57,1624.76,0.012933212071986711,1.3946294
2003-09-17,-1.56733979690572e-30,513.1690753890559,1.7008206588562973,1.1920928955078125e-07,1.1920929e-07,29.01,29.01,12.192,12.85,7.34,18.36,240.64,1027.22,0.0776177863495788,1.5994351
2003-09-18,-9.49806771282129e-31,526.091461577117,1.7336845502757792,1.1920928955078125e-07,1.1920929e-07,1.1920929e-07,0.0,12.096,12.885,6.27,19.5,359.42,941.88,0.36348414599447815,0.6534277
2003-09-19,-5.74926028211074e-31,523.2059047288618,1.7905627717996937,1.1920928955078125e-07,1.1920929e-07,1.1920929e-07,0.0,12.096,13.495,6.72,20.27,361.75,977.71,0.25748861821467534,0.45837468
2003-09-20,-3.440232083868015e-31,526.7029704077902,1.8289453573843448,1.1920928955078125e-07,1.1920929e-07,10.08,10.08,11.999997,13.86,9.91,17.81,179.27,1233.07,0.3910351481382908,1.7262195
2003-09-21,-1.9647832702459926e-31,532.628752868192,1.892673568905309,1.1920928955078125e-07,1.1920929e-07,9.7,9.7,11.999997,14.235,6.96,21.51,275.18,998.35,0.7937727953832587,1.7847354
2003-09-22,-9.801588310156685e-32,533.6661868884579,1.7545138838312186,1.1920928955078125e-07,1.1920929e-07,1.1920929e-07,0.0,11.904,13.105,6.88,19.33,337.79,995.68,0.8985188336126712,0.83872813
2003-09-23,-5.462063018455635e-32,530.5502986756185,1.6825354657945857,1.1920928955078125e-07,1.1920929e-07,1.1920929e-07,0.0,11.904,12.525,6.8,18.25,319.16,994.44,0.6192245720508285,2.974559
2003-09-24,-3.308026525423402e-32,541.1135131822683,1.6100873048672122,1.1920928955078125e-07,1.1920929e-07,25.59,25.59,11.808002,11.635,8.06,15.21,163.03,1084.71,2.1875517846929435,6.007634
2003-09-25,-2.0030337743029406e-32,548.2827493590598,1.6374966227924335,1.1920928955078125e-07,1.1920929e-07,1.1920929e-07,0.0,11.792672,11.715,5.88,17.55,318.03,925.65,5.151809556244309,1.8530041
2003-09-26,-1.2057186581997522e-32,545.5536028051011,1.6816470122350817,1.1920928955078125e-07,1.1920929e-07,4.6,4.6,11.711997,12.33,5.79,18.87,251.4,923.04,3.7183329180862588,1.4238874
2003-09-27,-7.230283751569747e-33,542.1888630829534,1.6467509062755916,1.1920928955078125e-07,1.1920929e-07,1.1920929e-07,0.0,11.616,12.225,7.19,17.26,281.29,1018.16,2.4874635062559136,1.1020498
2003-09-28,-4.3294037879752766e-33,539.6730464079793,1.8867601800557015,1.1920928955078125e-07,1.1920929e-07,3.05,3.05,11.616,14.5,11.42,17.58,135.93,1359.77,1.8416816996091558,1.1898236
2003-09-29,-2.5846784326881383e-33,540.9017622655135,1.8025650753561682,1.1920928955078125e-07,1.1920929e-07,7.77,7.77,11.52,13.855,10.31,17.4,153.34,1264.46,2.132901938978151,1.4141346
2003-09-30,-1.4888002647831904e-33,539.9816252632421,1.4295333351741006,1.1920928955078125e-07,1.1920929e-07,0.45,0.45,11.52,10.175,5.4,14.95,269.53,911.61,1.9108486510425506,1.1215551
2003-10-01,-8.743206449069273e-34,537.1831873702492,1.1571708369272289,1.1920928955078125e-07,1.1920929e-07,1.1920929e-07,0.0,11.424,7.1,0.61,13.59,336.77,634.97,1.3677897100816778,0.8679861
2003-10-02,-5.0221201059819285e-34,535.1906387841376,1.0410884353029295,1.1920928955078125e-07,1.1920929e-07,1.4,1.4,11.424,5.545,1.28,9.81,248.97,664.96,1.0780249765171388,0.8094702
2003-10-03,-2.974097914621606e-34,537.0327984242307,0.9889701289527677,1.1920928955078125e-07,1.1920929e-07,6.46,6.46,11.327997,4.845,-0.68,10.37,225.3,583.18,1.3434325416832538,0.8679861
2003-10-04,-1.797934924692809e-34,537.6777362790183,0.9596657079881598,1.1920928955078125e-07,1.1920929e-07,1.1920929e-07,0.0,11.327997,4.375,-0.18,8.93,261.02,603.89,1.4510446321319046,1.8139935
2003-10-05,-1.0890597726619201e-34,547.722764912746,0.9507221314082969,1.1920928955078125e-07,1.1920929e-07,23.85,23.85,11.232,4.085,0.09,8.08,172.81,615.04,4.818401714938718,4.9543476
2003-10-06,-6.591086009807527e-35,555.271405823534,0.934394790694619,1.1920928955078125e-07,1.1920929e-07,11.52,11.52,11.136003,3.75,-0.52,8.02,181.93,597.62,11.873841131996524,2.1260784
2003-10-07,-3.9511037076652286e-35,550.3227261852722,0.826187315983531,1.1920928955078125e-07,1.1920929e-07,1.1920929e-07,0.0,11.136003,2.06,-3.07,7.19,281.51,487.98,6.5737213849647995,1.4921559
2003-10-08,-2.3703762963517358e-35,544.6724283874494,0.9373728628921267,1.1920928955078125e-07,1.1920929e-07,1.1920929e-07,0.0,11.04,4.215,-3.1,11.53,341.64,487.75,3.3467662863908543,1.209329
2003-10-09,-1.4014098513583565e-35,540.8216983237633,1.4252535595725895,1.1920928955078125e-07,1.1920929e-07,1.1920929e-07,0.0,11.04,10.775,3.33,18.22,332.36,785.2,2.112596155384885,1.0142759
2003-10-10,-7.690120908533876e-36,537.5468408284461,1.590822385412513,1.1920928955078125e-07,1.1920929e-07,1.1920929e-07,0.0,10.9439945,12.765,5.09,20.44,330.18,887.32,1.4285281156099516,0.9069967
2003-10-11,-4.496286072978459e-36,534.7287521752013,1.619239423495742,1.1920928955078125e-07,1.1920929e-07,1.1920929e-07,0.0,10.9439945,13.135,5.1,21.17,332.84,883.97,1.0201456558674746,0.83872813
2003-10-12,-2.6916172627071218e-36,532.2675455852701,1.6610822231258706,1.1920928955078125e-07,1.1920929e-07,1.1920929e-07,0.0,10.848,13.765,4.03,23.5,347.09,817.85,0.7602451860360505,0.79971755
2003-10-13,-1.6087313457534238e-36,534.3435294066282,1.5028948421860409,1.1920928955078125e-07,1.1920929e-07,7.41,7.41,10.848,12.09,4.17,20.01,241.26,825.91,0.9742569746046568,0.9069967
2003-10-14,-9.707556228935481e-37,535.0383580002293,1.1571009060540414,1.1920928955078125e-07,1.1920929e-07,1.1920929e-07,0.0,10.752,8.095,1.53,14.66,301.15,682.19,1.058588544518079,0.78996485
2003-10-15,-5.869225917964426e-37,538.899624711143,1.1568187335452766,1.1920928955078125e-07,1.1920929e-07,14.78,14.78,10.752,7.98,0.56,15.4,234.65,636.73,1.6791242043680477,11.605657
2003-10-16,-3.5564650836267663e-37,560.3965748105576,1.1689052489775527,1.1920928955078125e-07,1.1920929e-07,42.8,42.8,10.655997,7.675,1.13,14.22,215.82,665.72,21.904278644392843,6.6708145
2003-10-17,-2.156000493997179e-37,558.7516174972687,0.9275359597239157,1.1920928955078125e-07,1.1920929e-07,6.31,6.31,10.655997,4.205,0.41,8.0,154.88,629.46,17.995936935835058,3.1013436
2003-10-18,-1.3016752380022076e-37,549.6279103368878,0.8406901012529059,1.1920928955078125e-07,1.1920929e-07,1.1920929e-07,0.0,10.56,3.12,-0.39,6.63,187.07,594.72,6.050040588632945,2.2138522
2003-10-19,-7.817474533984584e-38,545.5546308086582,0.8058222337001737,1.1920928955078125e-07,1.1920929e-07,2.86,2.86,10.501603,2.685,-0.09,5.46,117.93,606.08,3.7187896454190352,1.9407779
2003-10-20,0.004799366078421479,542.9217518293037,0.6665303300730869,1.1920928955078125e-07,1.1920929e-07,1.1920929e-07,0.0,10.464,0.035,-4.77,4.84,240.78,440.0,2.715096509810761,1.7457249
2003-10-21,0.02517532957897691,551.8466230541615,0.6773214867161461,1.1920928955078125e-07,1.1920929e-07,27.32,27.32,10.385714,0.14,-6.11,6.39,227.45,392.32,7.886496813570538,17.944881
2003-10-22,0.022858988556299288,561.8574415313055,0.715796830876075,0.012489695697506808,1.1920929e-07,22.2,22.2,10.368,0.705,-1.99,3.4,120.23,531.41,26.081421011338126,10.630391
2003-10-23,0.021347183078550862,554.2489802641327,0.6112091629316732,1.1920928955078125e-07,1.1920929e-07,1.4,1.4,10.289714,-1.265,-2.75,0.22,87.62,501.24,10.508458836373942,4.7690473
2003-10-24,0.021347375356251322,548.475404370007,0.5864794131372835,1.1920928955078125e-07,2.1219253e-07,3.5599997,3.56,10.271997,-1.68,-3.07,-0.29,78.59,488.34,5.271769274547761,3.1598594
2003-10-25,0.021303609637071425,544.995204674309,0.5860825654461801,1.1920928955078125e-07,1.1920929e-07,1.1920929e-07,0.0,10.193711,-1.49,-4.24,1.26,160.77,440.57,3.47835406712994,2.4089053
2003-10-26,0.01614555739392668,540.6523269895372,0.7136669603909146,0.008723001845341109,1.1920929e-07,1.1920929e-07,0.0,10.1760025,1.495,-2.94,5.93,243.43,495.85,2.0702750475121876,2.2821207
2003-10-27,0.009411113477255385,545.2031592770785,1.0243115014444049,0.004926816098826343,1.1920929e-07,16.72,16.72,10.097716,6.895,1.98,11.81,188.49,710.57,3.5658597326965804,11.703183
2003-10-28,0.005579520053711313,558.540361621911,1.1501131452011677,0.0028675674527572944,1.1920929e-07,28.75,28.75,10.08,8.335,3.78,12.89,173.9,803.79,17.547396762532106,20.187992
2003-10-29,0.0033392413972205695,559.8705138082076,1.0324110268823907,0.0016974944413716006,1.1920929e-07,11.89,11.89,10.021603,6.725,2.12,11.33,174.07,713.98,20.569910357820376,22.528627
2003-10-30,0.002010931614036829,560.6845903948515,1.1277731698350355,0.0010155750812419783,1.1920929e-07,29.53,29.53,9.984,8.12,4.09,12.15,152.69,809.09,22.671156457184967,13.848767
2003-10-31,0.0012118515715803424,555.1850241676187,0.9003111751031042,0.0006095972014376096,1.1920929e-07,1.1920929e-07,0.0,9.968672,4.855,-1.04,10.75,268.63,570.11,11.75192504399748,5.812581
2003-11-01,0.0006744915269048914,544.1297774379738,1.0372321081867073,0.00033838310619027054,1.1920929e-07,1.1920929e-07,0.0,9.888002,7.44,-0.08,14.96,289.19,611.85,3.1366640060700237,3.959577
2003-11-02,0.00034291295825480386,538.2265568029702,1.0721912547001715,0.00017175045208168237,1.1920929e-07,1.1920929e-07,0.0,9.888002,8.12,-0.3,16.54,288.92,601.45,1.5493812161899734,3.062333
2003-11-03,0.00019201173868273674,537.1234621044273,0.7295620193563054,9.609804058252982e-05,1.1920929e-07,3.73,3.73,9.792003,2.48,0.22,4.74,86.76,622.51,1.3580641133379967,2.9160433
2003-11-04,9.074956867029138e-05,538.3676404567094,0.7457488074389592,4.539537304426731e-05,1.1920929e-07,4.07,4.07,9.792003,2.77,-0.64,6.18,121.87,583.76,1.5757195249334996,2.779506
2003-11-05,6.53556224388582e-05,539.7269223763523,0.5033409748470609,1.1920928955078125e-07,0.011881335,3.2081187,3.22,9.696,-2.8,-5.71,0.11,118.21,402.19,1.8535748148790236,2.4771738
2003-11-06,5.4324313813623975e-05,540.1825836609277,0.7401756844385258,2.7169534734308848e-05,1.1920929e-07,2.67,2.67,9.696,2.755,-3.78,9.29,218.6,466.83,1.9572835009913818,2.5356898
2003-11-07,3.638795940459322e-05,538.9189397831606,0.7674922405876701,1.819728991123416e-05,1.1920929e-07,1.1920929e-07,0.0,9.5999975,3.475,0.09,6.86,163.67,614.57,1.6830036333746463,2.1455836
2003-11-08,2.5254959238568607e-05,536.7988441788021,0.5699275308419979,1.1920928955078125e-07,1.1920929e-07,1.1920929e-07,0.0,9.5999975,-0.815,-8.29,6.66,270.23,327.45,1.3064004196043886,1.8530041
2003-11-09,2.357843517043169e-05,535.1813315272539,0.3438083708211703,1.1920928955078125e-07,1.1920929e-07,1.1920929e-07,0.0,9.521714,-7.69,-10.31,-5.07,134.63,281.13,1.0768268669976997,1.5409192
2003-11-10,2.444901243359931e-05,533.8309258473677,0.3790599282276087,1.1920928955078125e-07,1.1920929e-07,1.1920929e-07,0.0,9.504,-6.305,-10.63,-1.98,206.31,272.84,0.9163792668747885,1.4921559
2003-11-11,-4.408395791400888e-05,532.5170830396988,0.5481245383050066,1.1920928955078125e-07,1.1920929e-07,1.1920929e-07,0.0,9.504,-1.115,-6.41,4.18,232.65,380.14,0.7832525582462246,1.4531453
2003-11-12,0.002490266307887583,531.8224087801722,0.6137411911566044,0.0012302220502586503,1.1920929e-07,1.99,1.99,9.408,0.68,-3.26,4.62,187.18,481.67,0.720868691446138,1.4921559
2003-11-13,0.0014381022679520812,539.0586999386647,0.7627644673885327,0.0007242213902023695,1.1920929e-07,14.47,14.47,9.408,3.68,-0.81,8.17,148.98,577.42,1.7113427882650252,6.017387
2003-11-14,0.0010180436789667929,547.0403403686438,0.5271936118803509,1.1920928955078125e-07,1.2367964e-06,8.299999,8.3,9.329714,-1.79,-7.97,4.39,192.87,337.55,4.441124690789555,4.2521567
2003-11-15,1.877255278554481,544.2998336779895,0.3330724235455133,1.1920928955078125e-07,0.08,1.1920929e-07,0.08,9.312,-8.045,-9.58,-6.51,92.26,297.45,3.201046452310825,2.418658
2003-11-16,1.884872217695066,541.2822020906069,0.39173099539908884,1.1920928955078125e-07,1.1920929e-07,1.1920929e-07,0.0,9.312,-5.765,-8.38,-3.15,145.55,320.43,2.232088294258987,1.9212726
2003-11-17,1.8847420191351674,538.9388146673137,0.41760083851658936,1.1920928955078125e-07,1.1920929e-07,1.1920929e-07,0.0,9.216002,-4.68,-10.98,1.62,257.27,263.43,1.6870048571803646,1.6872089
2003-11-18,1.8847420191300193,536.997075860743,0.4592122545622506,1.1920928955078125e-07,1.1920929e-07,1.1920929e-07,0.0,9.216002,-3.305,-10.02,3.41,257.38,286.56,1.3377109158107898,1.5799297
2003-11-19,1.887972506676359,535.2578456052585,0.5700337072302782,1.1920928955078125e-07,1.1920929e-07,1.1920929e-07,0.0,9.200675,-0.16,-7.91,7.59,261.04,339.88,1.0867160699636709,1.7457249
2003-11-20,0.8104977091131816,542.97293353279,0.9195449012222363,0.810252986662024,1.1920929e-07,19.72,19.72,9.12,6.865,2.3,11.43,149.36,723.98,2.7317504116393887,20.090466
2003-11-21,0.29763955792740543,557.4477674612435,0.7765155249455732,0.2832029362448931,1.1920929e-07,22.48,22.48,9.12,3.91,1.06,6.76,103.58,655.37,15.39995814956643,8.533571
2003-11-22,0.12134524590187076,553.6483297834843,0.7410297582045506,0.09354617272198879,1.1920929e-07,1.1920929e-07,0.0,9.104672,3.34,-2.03,8.71,209.54,528.38,9.780749342700847,4.359436
2003-11-23,0.05801841383758738,546.6924996675473,0.6689352166194682,0.03719617226865669,1.1920929e-07,1.1920929e-07,0.0,9.024,2.145,-3.86,8.15,211.86,451.07,4.2603375310897045,3.0720856
2003-11-24,0.0304018217367618,542.7200313042557,0.6446910412709314,0.017493938728781903,1.1920929e-07,1.1920929e-07,0.0,9.024,1.71,-4.77,8.19,213.06,435.66,2.6504418516632446,2.5454423
2003-11-25,0.014408048482267944,540.4849172962436,0.6506275805046543,0.007722107033507857,1.1920929e-07,1.0,1.0,9.024,1.905,-3.47,7.28,188.55,480.0,2.0292772991558197,2.3113787
2003-11-26,0.01081261497996303,538.6321774591969,0.4671475360434898,1.1920928955078125e-07,1.1920929e-07,1.1920929e-07,0.0,8.928008,-2.66,-6.85,1.53,162.31,365.26,1.62631761085957,2.0090466
2003-11-27,0.010799739081972168,536.6382928657946,0.49108511605863875,1.1920928955078125e-07,1.1920929e-07,1.1920929e-07,0.0,8.928,-1.9,-6.76,2.96,177.54,367.91,1.2815794418931497,1.8042408
2003-11-28,0.010734643537126227,536.1010472305787,0.5676000042689298,1.1920928955078125e-07,1.1920929e-07,3.16,3.16,8.928,0.19,-6.15,6.53,156.26,390.57,1.2019007912721247,1.9017673
2003-11-29,0.00649070797281856,548.2551239163455,0.8927317670260406,0.003350640250345922,1.1920929e-07,26.38,26.38,8.869603,6.69,1.16,12.22,137.75,652.44,5.134833376519248,11.703183
2003-11-30,0.003993508768456765,553.8789455054823,0.5988226659010627,0.0019708489527356697,1.1920929e-07,4.69,4.69,8.832,0.65,-6.08,7.38,161.54,390.44,10.053990038250834,4.9055843
2003-12-01,0.017488606841476084,550.8168205343678,0.5417894157199326,1.1920928955078125e-07,1.1920929e-07,5.94,5.94,8.832,-0.715,-2.25,0.82,52.05,520.0,6.973473351976299,3.1598594
2003-12-02,1.3749735336294169,547.0417836425097,0.36656097993365744,1.1920928955078125e-07,2.09,1.1920929e-07,2.09,8.832,-6.095,-12.8,0.61,218.25,229.72,4.4418905811482645,2.2723682
2003-12-03,2.2027993314186003,543.2554139553318,0.21377945555409236,1.1920928955078125e-07,1.1920929e-07,1.1920929e-07,0.0,8.816672,-13.13,-16.89,-9.37,159.25,165.73,2.825520900391449,1.7944881
2003-12-04,2.2024053855454997,540.6342773091875,0.2122005036275841,1.1920928955078125e-07,1.1920929e-07,1.1920929e-07,0.0,8.736006,-13.045,-16.43,-9.66,145.1,171.91,2.065815232924401,1.4921559
2003-12-05,2.2024053855454997,538.595751487022,0.21338159100494494,1.1920928955078125e-07,1.1920929e-07,1.1920929e-07,0.0,8.735997,-12.925,-18.26,-7.59,197.6,145.86,1.6192550979287468,1.3166082
2003-12-06,2.2024055860751814,536.9239914603437,0.2032415859644879,1.1920928955078125e-07,1.1920929e-07,1.1920929e-07,0.0,8.735997,-13.51,-19.19,-7.83,203.3,135.18,1.3260809173029118,1.1605657
2003-12-07,22.217814956446606,535.491919271492,0.23483173561332407,1.1920928955078125e-07,39.02,1.1920929e-07,39.02,8.735997,-11.61,-14.74,-8.48,101.53,197.46,1.1175368138931303,1.2288343
2003-12-08,46.78728462031261,534.179835070793,0.32013562715219496,1.1920928955078125e-07,9.22,1.1920929e-07,9.22,8.735997,-7.465,-8.82,-6.11,49.1,319.32,0.955387725964366,1.6969616
2003-12-09,50.44732229478343,533.0120836227509,0.23075968333188748,1.1920928955078125e-07,1.1920929e-07,1.1920929e-07,0.0,8.677603,-11.69,-19.35,-4.03,233.14,126.41,0.8309725878857006,1.5994351
2003-12-10,50.44646133647746,532.0075112823346,0.218798495397119,1.1920928955078125e-07,1.1920929e-07,1.1920929e-07,0.0,8.640008,-12.3,-21.28,-3.32,239.66,120.0,0.7369887679744305,1.5116612
2003-12-11,50.41897425747545,531.0781602578951,0.2550391837251735,1.1920928955078125e-07,1.1920929e-07,1.1920929e-07,0.0,8.64,-10.275,-21.7,1.15,243.79,107.3,0.6595354861427143,2.7892587
2003-12-12,54.00602367087372,546.4343649256772,0.6014179838264192,2.1751441320036804,1.1920929e-07,40.9,40.9,8.64,1.23,-3.93,6.39,134.54,446.28,4.130948339241181,21.845942
2003-12-13,59.63259426418921,551.5516016198387,0.2702424059206512,1.1920928955078125e-07,0.58,1.1920929e-07,0.58,8.64,-10.01,-15.51,-4.51,186.64,191.19,7.613351655220652,6.3294716
2003-12-14,57.97607273970389,545.9789225451657,0.16058421027671393,1.1920928955078125e-07,1.1920929e-07,1.1920929e-07,0.0,8.64,-16.555,-21.7,-11.41,186.08,118.61,3.9121680968157566,3.6474922
2003-12-15,73.0414899982038,542.6320630747637,0.18089322406385527,1.1920928955078125e-07,26.86,1.1920929e-07,26.86,8.64,-14.985,-22.63,-7.34,167.48,100.49,2.6227309089566444,3.120849
2003-12-16,91.6703200712503,540.1282634323792,0.3213292633329115,1.1920928955078125e-07,9.27,1.1920929e-07,9.27,8.64,-7.415,-10.15,-4.68,81.48,282.91,1.9446217365672058,2.7502482
2003-12-17,95.4650736713613,538.0774245983947,0.34153714104806826,1.1920928955078125e-07,1.1920929e-07,1.1920929e-07,0.0,8.64,-6.535,-12.69,-0.38,202.18,240.0,1.5220188416442304,6.885373
2003-12-18,103.48970601097248,556.560531300546,0.49969380133742175,1.1920928955078125e-07,5.3071976e-06,59.359993,59.36,8.64,-1.705,-9.75,6.34,174.59,292.32,13.851031580652004,52.85938
2003-12-19,114.78214002773159,554.0541910792372,0.34642550520494636,1.1920928955078125e-07,5.51,1.1920929e-07,5.51,8.64,-6.74,-11.57,-1.91,147.49,253.83,10.266719433616853,10.240286
2003-12-20,116.99519541227788,547.0823768165002,0.3251056432469209,1.1920928955078125e-07,1.1920929e-07,1.1920929e-07,0.0,8.64,-7.43,-11.83,-3.03,172.8,249.08,4.463486013132323,5.412722
2003-12-21,116.78682922488534,543.2657018091063,0.22664211120853342,1.1920928955078125e-07,1.1920929e-07,1.1920929e-07,0.0,8.64,-12.115,-18.88,-5.35,223.89,137.23,2.828996083463684,3.793782
2003-12-22,119.18764548851568,540.6239100273609,0.26001744382911635,1.1920928955078125e-07,4.45,1.1920929e-07,4.45,8.64,-10.255,-16.9,-3.61,184.21,167.14,2.0632579729632488,3.510955
2003-12-23,121.59670844802332,538.4689443891336,0.4636008889192446,1.1920928955078125e-07,1.1920929e-07,1.1920929e-07,0.0,8.64,-2.3,-5.03,0.43,112.64,427.76,1.594907253788456,2.9160433
2003-12-24,121.59392285924204,536.142187109896,0.5282396220969129,1.1920928955078125e-07,1.1920929e-07,1.1920929e-07,0.0,8.64,-0.375,-4.27,3.52,153.79,440.08,1.2078230429455332,3.627987
2003-12-25,118.81381058997833,545.9752206907905,0.6587877495328983,5.36745548248291,1.1920929e-07,16.19,16.19,8.64,2.58,-2.41,7.57,137.89,513.98,3.9104381679642857,20.578098
2003-12-26,115.7132254348231,554.6804397745235,0.5655825235928057,1.1920928955078125e-07,1.1920929e-07,10.47,10.47,8.64,0.12,-3.6,3.84,111.53,468.17,11.064373989606732,11.50813
2003-12-27,116.30773845913839,551.405908893928,0.43223538455837834,1.1920928955078125e-07,4.0869145,0.30308548,4.39,8.64,-3.62,-5.78,-1.46,70.53,400.15,7.481972401432474,5.7150545
2003-12-28,118.06579100801859,545.7764423447794,0.3199202878304661,1.1920928955078125e-07,1.1920929e-07,1.1920929e-07,0.0,8.64,-7.615,-14.15,-1.08,226.15,206.45,3.8186609301848167,3.901061
2003-12-29,118.07432047938114,542.3358220646624,0.36337426464696254,1.1920928955078125e-07,1.1920929e-07,1.1920929e-07,0.0,8.64,-5.795,-14.9,3.31,250.35,196.09,2.5315249394759807,3.1598594
2003-12-30,118.07431813791341,539.7603011209947,0.44600960453038857,1.1920928955078125e-07,1.1920929e-07,1.1920929e-07,0.0,8.64,-2.88,-12.2,6.44,250.08,242.57,1.8609816697860075,2.9940643
2003-12-31,118.02007354340105,537.9999536790306,0.5425322331756304,1.1920928955078125e-07,1.1920929e-07,0.77,0.77,8.64,-0.04,-3.58,3.5,142.34,466.31,1.5079959427133771,2.7209902
2004-01-01,118.18109470649777,537.1105059489387,0.407488942991714,1.1920928955078125e-07,1.669031,0.0009689697,1.67,8.657714,-4.105,-7.11,-1.1,122.98,359.61,1.355963492000973,2.3698947
2004-01-02,118.81763388104439,535.6006218957336,0.3603688776762164,1.1920928955078125e-07,1.1920929e-07,1.1920929e-07,0.0,8.72067,-5.865,-10.57,-1.16,181.74,275.13,1.132145547663927,2.0090466
2004-01-03,120.88447657910642,534.2300521874525,0.30069942953388906,1.1920928955078125e-07,4.07,1.1920929e-07,4.07,8.735997,-8.31,-11.82,-4.8,108.66,249.1,0.9611371239444063,2.048057
2004-01-04,123.46984593533752,535.0608642354816,0.49450172918996,1.1920928955078125e-07,1.41263e-07,4.74,4.74,8.735997,-1.45,-5.27,2.37,116.01,420.1,1.0614389164053735,2.077315
2004-01-05,123.47556486463328,535.6591432980659,0.44452852975771584,1.1920928955078125e-07,1.1920929e-07,1.1920929e-07,0.0,8.735997,-2.975,-7.72,1.77,184.62,340.42,1.1400892618700527,1.9407779
2004-01-06,123.70348997530948,534.4002579976432,0.2993414462847993,1.1920928955078125e-07,1.02,1.1920929e-07,1.02,8.735997,-8.375,-11.71,-5.04,143.07,250.48,0.9808827327254354,1.7359722
2004-01-07,124.02943756243559,533.2417369696094,0.21291286820247543,1.1920928955078125e-07,1.1920929e-07,1.1920929e-07,0.0,8.7736025,-12.88,-20.65,-5.11,243.97,122.37,0.854088909891319,1.5994351
2004-01-08,124.14331566131779,532.2657901908319,0.11543291765945154,1.1920928955078125e-07,1.1920929e-07,1.1920929e-07,0.0,8.832,-20.545,-28.78,-12.31,251.23,55.57,0.7600857559435971,1.4824033
2004-01-09,124.14331566131779,531.4467059978122,0.07368337545352978,1.1920928955078125e-07,1.1920929e-07,1.1920929e-07,0.0,8.832,-25.775,-29.47,-22.08,161.0,43.66,0.6892257288575142,1.3751241
2004-01-10,124.14331566131779,530.7186140491052,0.06737453932177068,1.1920928955078125e-07,1.1920929e-07,1.1920929e-07,0.0,8.832,-26.775,-30.62,-22.93,168.79,42.89,0.6318032080634745,1.2873502
2004-01-11,124.16478134055018,530.0449522246594,0.08575502832376662,1.1920928955078125e-07,1.1920929e-07,1.1920929e-07,0.0,8.8320055,-24.0,-27.58,-20.42,157.0,79.52,0.5829435130176848,1.209329
2004-01-12,124.30547697075001,529.4332508646507,0.13553106257230466,1.1920928955078125e-07,3.47,1.1920929e-07,3.47,8.928,-18.67,-25.27,-12.07,179.41,83.29,0.5418588378465506,1.1410604
2004-01-13,124.57204660006867,528.8722059692656,0.2458102449947458,1.1920928955078125e-07,0.02,1.1920929e-07,0.02,8.928,-11.135,-17.82,-4.45,243.14,160.0,0.5067273441080404,1.0727918
2004-01-14,124.95820227860398,528.3462920268462,0.12559605470374735,1.1920928955078125e-07,2.99,1.1920929e-07,2.99,8.928,-19.57,-31.82,-7.32,209.42,40.0,0.47586680927669867,1.0045233
2004-01-15,125.45765605645366,527.8399835257355,0.054809016355668844,1.1920928955078125e-07,1.1920929e-07,1.1920929e-07,0.0,8.965603,-29.185,-31.79,-26.58,126.16,40.0,0.4479337515018551,0.9460073
2004-01-16,126.0641199837155,527.337754954276,0.058659906361201025,1.1920928955078125e-07,1.1920929e-07,1.1920929e-07,0.0,9.024,-28.495,-32.65,-24.34,189.59,40.0,0.42184592864591225,0.89724404
2004-01-17,126.77130611048725,526.8240808008103,0.11969061595330566,1.1920928955078125e-07,0.54,1.1920929e-07,0.54,9.024,-20.245,-26.06,-14.43,237.22,77.97,0.3967345668477466,0.8484808
2004-01-18,127.57292648686666,526.2834355536811,0.22415013900041678,1.1920928955078125e-07,1.1920929e-07,1.1920929e-07,0.0,9.024009,-12.41,-17.49,-7.33,220.24,158.3,0.37191759891593507,0.79971755
2004-01-19,128.45700160442448,525.7021445996866,0.23974991859835437,1.1920928955078125e-07,1.0,1.1920929e-07,1.0,9.12,-11.66,-15.3,-8.02,173.79,186.86,0.3469639628230283,0.7704596
2004-01-20,129.24855106228145,525.1256998266755,0.20461311042540223,1.1920928955078125e-07,1.1920929e-07,1.1920929e-07,0.0,9.12,-13.69,-16.08,-11.3,121.17,177.07,0.3238720505001089,0.7216963
2004-01-21,129.8742076747399,524.5830147436192,0.21237295785617746,1.1920928955078125e-07,1.1920929e-07,1.1920929e-07,0.0,9.120006,-13.2,-16.88,-9.52,179.83,160.5,0.3035388711051972,0.69243836
2004-01-22,130.34313782401503,524.0787923354724,0.17711941767420472,1.1920928955078125e-07,1.1920929e-07,1.1920929e-07,0.0,9.216002,-15.625,-20.87,-10.38,235.51,119.0,0.28579256860924157,0.6631804
2004-01-23,130.66450789232198,523.6177355871903,0.1949188780177475,1.1920928955078125e-07,0.78,1.1920929e-07,0.78,9.216002,-14.405,-20.86,-7.95,265.1,119.8,0.27047513954778646,0.63392246
2004-01-24,130.84748426187593,523.2045474837277,0.12103354975004017,1.1920928955078125e-07,1.1920929e-07,1.1920929e-07,0.0,9.253603,-20.33,-25.11,-15.55,227.68,80.0,0.25744686705330727,0.61441714
2004-01-25,130.9017074827967,522.8437243529044,0.08842113864055123,1.1920928955078125e-07,1.1920929e-07,1.1920929e-07,0.0,9.312,-24.1,-29.17,-19.03,239.98,51.65,0.2465840677584196,0.5949118
2004-01-26,130.95442207949452,522.486335160759,0.09145819710238404,1.1920928955078125e-07,1.1920929e-07,1.1920929e-07,0.0,9.312,-23.7,-27.89,-19.51,208.81,73.15,0.23627653662529946,0.5851592
2004-01-27,131.07610804733238,522.1005435950383,0.1106821131264524,1.1920928955078125e-07,1.1920929e-07,1.1920929e-07,0.0,9.408,-21.57,-28.38,-14.76,284.31,57.37,0.22563289787936058,0.56565386
2004-01-28,131.23240823527405,521.6985298219754,0.1602932747328374,1.1920928955078125e-07,1.1920929e-07,1.1920929e-07,0.0,9.408,-17.07,-27.93,-6.21,321.3,60.03,0.21505151128314792,0.61441714
2004-01-29,131.38896549228323,521.2924740078032,0.22649417031101693,1.1920928955078125e-07,0.45,1.1920929e-07,0.45,9.425714,-12.715,-19.97,-5.46,291.37,128.41,0.20486739296227233,0.63392246
2004-01-30,131.51142266732373,520.894556318755,0.19444170423640916,1.1920928955078125e-07,0.07,1.1920929e-07,0.07,9.504,-14.76,-17.97,-11.55,177.32,149.58,0.19535541712314686,0.5949118
2004-01-31,131.56542260935925,520.5169569210638,0.17571308914039663,1.1920928955078125e-07,1.1920929e-07,1.1920929e-07,0.0,9.504,-16.025,-19.52,-12.53,192.45,125.96,0.18673785393073905,0.5559012
2004-02-01,131.56575618810413,520.1654815748134,0.18065652762193435,1.1920928955078125e-07,1.1920929e-07,1.1920929e-07,0.0,9.5999975,-15.795,-19.88,-11.71,221.93,128.89,0.17905844479114766,0.5266433
2004-02-02,131.56575618810413,519.7573620262197,0.29740575108940354,1.1920928955078125e-07,1.1920929e-07,1.1920929e-07,0.0,9.5999975,-9.35,-13.61,-5.09,224.65,205.26,0.17053678284612042,0.5266433
2004-02-03,131.47014871181744,519.2620722524283,0.3504976602050597,1.1920928955078125e-07,1.1920929e-07,1.1920929e-07,0.0,9.680673,-7.245,-15.66,1.17,325.64,182.99,0.16073786097598988,0.5266433
2004-02-04,137.61917212965025,518.7613709707672,0.33573078048740906,1.1920928955078125e-07,12.83,1.1920929e-07,12.83,9.696,-7.835,-16.91,1.24,249.74,167.01,0.15140405540426013,0.5363959
2004-02-05,143.15461960715828,518.253426094904,0.3739224065547606,1.1920928955078125e-07,0.27,1.1920929e-07,0.27,9.713714,-6.385,-12.59,-0.18,291.56,233.46,0.14248887961137852,0.5266433
2004-02-06,142.73229144069694,517.791008555878,0.28320519878637324,1.1920928955078125e-07,1.1920929e-07,1.1920929e-07,0.0,9.792003,-10.21,-14.13,-6.29,219.36,205.81,0.1348300774265178,0.5168906
2004-02-07,148.43685413133358,517.3706512976116,0.29465836446870153,1.1920928955078125e-07,10.49,1.1920929e-07,10.49,9.792003,-9.675,-12.25,-7.1,117.2,240.26,0.12822568986478478,0.5168906
2004-02-08,153.78267623227163,516.9553854098524,0.28079343438003423,1.1920928955078125e-07,0.2,1.1920929e-07,0.2,9.888002,-10.43,-18.27,-2.59,343.88,155.67,0.12201900763799048,0.50713795
2004-02-09,153.8551304858194,516.6075119674884,0.19033080995603477,1.1920928955078125e-07,1.1920929e-07,1.1920929e-07,0.0,9.888002,-15.425,-20.91,-9.94,290.76,119.94,0.11705145889745726,0.48763263
2004-02-10,154.03455680823558,516.2198116118045,0.3516120088912107,1.1920928955078125e-07,1.1920929e-07,1.1920929e-07,0.0,9.984,-7.54,-13.82,-1.26,311.8,201.31,0.11175310832749709,0.48763263
2004-02-11,154.62796949507893,515.6997502944397,0.4669619091117198,1.1920928955078125e-07,0.9247643,0.06523572,0.99,9.984,-3.625,-8.9,1.65,287.83,317.49,0.10502056979388856,0.47788
2004-02-12,155.15487586078117,515.2388328157323,0.2718236904036729,1.1920928955078125e-07,1.1920929e-07,1.1920929e-07,0.0,10.08,-11.065,-18.58,-3.55,352.92,143.43,0.09939350791665665,0.46812734
2004-02-13,155.21931989411726,514.9022794828535,0.2457244135483654,1.1920928955078125e-07,1.1920929e-07,1.1920929e-07,0.0,10.08,-12.37,-19.04,-5.7,343.38,137.48,0.09547611639769266,0.46812734
2004-02-14,155.2020485965582,514.483303234326,0.4374855359237841,1.1920928955078125e-07,1.1920929e-07,1.1920929e-07,0.0,10.1760025,-4.765,-8.7,-0.83,240.67,318.87,0.09081438877130638,0.45837468
2004-02-15,155.2020485965582,514.1086437666102,0.24787388025451715,1.1920928955078125e-07,1.1920929e-07,1.1920929e-07,0.0,10.1760025,-12.36,-23.96,-0.76,402.05,80.1,0.08683886088178996,0.45837468
2004-02-16,155.2020485965582,513.8366024410409,0.12550129897860685,1.1920928955078125e-07,1.1920929e-07,1.1920929e-07,0.0,10.271997,-20.93,-26.76,-15.1,322.23,80.0,0.0840617217290497,0.44862202
2004-02-17,155.2020485965582,513.6289100653006,0.1466920498295452,1.1920928955078125e-07,1.1920929e-07,1.1920929e-07,0.0,10.271997,-19.045,-27.81,-10.28,390.97,69.79,0.08200142871681423,0.4388694
2004-02-18,155.2020485965582,513.3957887775865,0.15873300470727653,1.1920928955078125e-07,1.1920929e-07,1.1920929e-07,0.0,10.368,-18.19,-28.31,-8.07,406.05,57.86,0.07974897089369519,0.4388694
2004-02-19,155.2020485965582,513.09531178798,0.2999722757373493,1.1920928955078125e-07,1.1920929e-07,1.1920929e-07,0.0,10.368,-10.085,-20.63,0.46,407.63,122.36,0.07693673718085904,0.4388694
2004-02-20,155.13590331869122,512.6985406441119,0.3568948985019975,1.1920928955078125e-07,1.1920929e-07,1.1920929e-07,0.0,10.464,-7.88,-14.25,-1.51,331.99,202.33,0.07337462160272644,0.4388694
2004-02-21,156.0177276615704,512.230384630727,0.4355982873321403,1.1920928955078125e-07,2.15,1.1920929e-07,2.15,10.464,-5.15,-12.78,2.48,345.46,232.22,0.06938313604428571,0.4388694
2004-02-22,162.5355602220872,511.7327912094182,0.41601941268018644,1.1920928955078125e-07,10.08,1.1920929e-07,10.08,10.56,-5.895,-8.09,-3.7,106.02,333.21,0.06537843364775657,0.4388694
2004-02-23,169.2808734410282,511.2459178476431,0.42977283927004445,1.1920928955078125e-07,3.25,1.1920929e-07,3.25,10.56,-5.435,-7.73,-3.14,111.67,341.46,0.06168383203344071,0.42911673
2004-02-24,170.58464718632433,510.8247326719086,0.30543301509812065,1.1920928955078125e-07,1.1920929e-07,1.1920929e-07,0.0,10.655997,-10.15,-16.76,-3.54,361.61,160.0,0.05865656773312898,0.42911673
2004-02-25,170.6132016972074,510.45029811223844,0.3238434809116163,1.1920928955078125e-07,1.1920929e-07,1.1920929e-07,0.0,10.655997,-9.365,-17.14,-1.59,396.47,160.0,0.05609030100453559,0.42911673
2004-02-26,170.61160585343328,510.08278671940144,0.33284260841231766,1.1920928955078125e-07,1.1920929e-07,1.1920929e-07,0.0,10.752,-9.11,-16.57,-1.65,392.25,161.78,0.05368069471996705,0.41936406
2004-02-27,170.61160585343328,509.7312080662664,0.3063619835884709,1.1920928955078125e-07,1.1920929e-07,1.1920929e-07,0.0,10.752,-10.2,-17.63,-2.77,397.86,160.0,0.05147249403739572,0.41936406
2004-02-28,170.61160585343328,509.33739284782547,0.3889670544937878,1.1920928955078125e-07,1.1920929e-07,1.1920929e-07,0.0,10.848,-7.115,-14.93,0.7,410.68,193.44,0.049106694429938175,0.40961143
2004-02-29,170.61160585343285,508.8464311451579,0.5067450044497763,1.1920928955078125e-07,1.1920929e-07,1.1920929e-07,0.0,10.848005,-3.455,-10.53,3.62,389.6,280.0,0.046308999399248874,0.40961143
2004-03-01,170.6116058534332,508.27593312359267,0.5417010923608417,1.1920928955078125e-07,1.1920929e-07,1.1920929e-07,0.0,10.9439945,-2.625,-11.58,6.33,432.29,253.45,0.04325766442180152,0.41936406
2004-03-02,170.6358149668034,507.6003754607115,0.6833926459113474,0.6370502432461933,1.1920929e-07,1.1920929e-07,0.0,11.04,0.595,-6.8,7.99,394.08,368.75,0.03990334857146685,0.45837468
2004-03-03,167.06093931184492,511.4164472034247,0.793857035003811,5.603907108306885,1.1920929e-07,1.92,1.92,11.04,2.68,-1.37,6.73,253.07,557.96,0.06295349869045759,0.56565386
2004-03-04,165.61426351347436,513.1771829001017,0.5561260388751167,1.1920928955078125e-07,1.1920929e-07,1.1920929e-07,0.0,11.136003,-2.635,-7.03,1.76,284.86,362.0,0.0776930086490003,0.5754065
2004-03-05,165.61248955135596,512.1479260478226,0.5593511378990201,1.1920928955078125e-07,1.1920929e-07,1.1920929e-07,0.0,11.136003,-2.525,-6.86,1.81,289.38,367.51,0.06870293129097323,0.48763263
2004-03-06,165.61410938106192,517.9408993588978,0.6631682207220503,1.1920928955078125e-07,1.1920929e-07,13.1,13.1,11.232,-0.38,-2.02,1.26,91.75,528.56,0.1372664507001159,1.9212726
2004-03-07,165.6398517544339,525.0714599926999,0.6718312516260099,1.1920928955078125e-07,1.1920929e-07,2.44,2.44,11.232,-0.39,-6.95,6.17,369.91,363.89,0.3217799968809491,1.8725094
2004-03-08,165.64798256599016,525.1725496110325,0.46117846454725847,1.1920928955078125e-07,1.1920929e-07,1.1920929e-07,0.0,11.327997,-5.8,-10.27,-1.33,308.21,281.66,0.3256900114957379,0.9947706
2004-03-09,165.87751903650954,524.4455933063767,0.39040112887436035,1.1920928955078125e-07,0.41,1.1920929e-07,0.41,11.327997,-8.045,-13.16,-2.93,350.62,223.51,0.29859581180522016,0.7802122
2004-03-10,166.02383952207347,523.7589830220707,0.41750637771972055,1.1920928955078125e-07,1.1920929e-07,1.1920929e-07,0.0,11.424,-7.235,-14.01,-0.46,422.0,211.32,0.27507839507828874,0.69243836
2004-03-11,166.0112938636208,523.0214323353277,0.5415109255833588,1.1920928955078125e-07,1.1920929e-07,1.1920929e-07,0.0,11.424,-3.635,-10.33,3.06,421.64,280.08,0.25187555869113265,0.702191
2004-03-12,166.00833052375498,522.1985403542265,0.6297515399587064,1.1920928955078125e-07,1.1920929e-07,1.1920929e-07,0.0,11.52,-1.6,-8.84,5.64,439.44,312.55,0.22829023414410926,0.81922287
2004-03-13,166.01825413453543,521.388981957012,0.5977835583237846,1.1920928955078125e-07,5.7739016e-06,0.05999423,0.06,11.616,-2.435,-9.19,4.32,426.05,305.08,0.20724330088938053,0.7607069
2004-03-14,166.06995521537485,520.7015821833992,0.3640552244078015,1.1920928955078125e-07,1.1920929e-07,1.1920929e-07,0.0,11.616,-9.22,-13.93,-4.51,342.34,211.45,0.19090280312031674,0.8094702
2004-03-15,167.18442819951622,520.0834807547583,0.4941291539002276,1.1920928955078125e-07,2.03,1.1920929e-07,2.03,11.711997,-5.175,-12.38,2.03,448.56,237.62,0.17731272421607633,0.702191
2004-03-16,168.09570934197484,519.4172760083918,0.4830458518716888,1.1920928955078125e-07,1.1920929e-07,1.1920929e-07,0.0,11.711997,-5.47,-12.53,1.59,453.93,235.82,0.1637462966352051,0.63392246
2004-03-17,169.35360497453212,518.8189602659698,0.3998922656243594,1.1920928955078125e-07,2.33,1.1920929e-07,2.33,11.808002,-8.135,-14.37,-1.9,392.2,203.74,0.15244940530974907,0.5949118
2004-03-18,170.5191853430523,518.2939175217988,0.365603286115131,1.1920928955078125e-07,1.1920929e-07,1.1920929e-07,0.0,11.808002,-9.32,-14.71,-3.93,399.68,197.35,0.1431798866012753,0.5754065
2004-03-19,170.4448474540009,517.774841986028,0.39712359628380417,1.1920928955078125e-07,1.1920929e-07,1.1920929e-07,0.0,11.904,-8.31,-14.3,-2.32,436.75,205.31,0.13456989812280626,0.5559012
2004-03-20,170.76010136005397,517.2457147912709,0.401323204156151,1.1920928955078125e-07,0.8,1.1920929e-07,0.8,11.904,-8.155,-16.11,-0.2,512.16,177.7,0.12632586097365672,0.5363959
2004-03-21,174.2216808375434,516.6997941100144,0.44903726571536684,1.1920928955078125e-07,6.0,1.1920929e-07,6.0,11.999997,-6.73,-13.63,0.17,361.91,217.55,0.11834917094680782,0.5266433
2004-03-22,177.2285311129527,516.1193605145786,0.471923793475926,1.1920928955078125e-07,1.1920929e-07,1.1920929e-07,0.0,12.096,-6.145,-16.35,4.06,559.14,173.02,0.11041989939883637,0.5168906
2004-03-23,177.22181048816293,515.6764350002323,0.2389602131430329,1.1920928955078125e-07,1.1920929e-07,1.1920929e-07,0.0,12.096,-15.075,-19.96,-10.19,390.85,127.6,0.10472842513230401,0.5168906
2004-03-24,177.22181048816293,515.2828956556259,0.3615568646701536,1.1920928955078125e-07,1.1920929e-07,1.1920929e-07,0.0,12.192,-9.815,-17.09,-2.54,499.5,164.1,0.09991814819081744,0.50713795
2004-03-25,177.2218104717805,514.6919399818893,0.5925112927427884,1.1920928955078125e-07,1.1920929e-07,1.1920929e-07,0.0,12.192,-3.06,-9.81,3.69,478.13,272.44,0.09310661293827334,0.5266433
2004-03-26,177.20268396329334,514.525212701971,0.7665196257335432,0.41654415942371514,1.1920929e-07,1.45,1.45,12.288,0.51,-2.01,3.03,217.54,530.27,0.09127025982445912,0.62416977
2004-03-27,168.54175400846466,526.436132469187,1.1656225914632394,14.41171646118164,1.1920929e-07,7.04,7.04,12.288,6.405,1.25,11.56,301.23,661.47,0.37876509940945835,2.8770325
2004-03-28,157.1271357779953,539.2809750889122,1.0105414898391074,8.181225776672363,1.1920929e-07,1.1920929e-07,0.0,12.384,3.77,-0.84,8.38,381.04,543.81,1.7573997088382467,3.4329338
2004-03-29,152.08968046220514,541.365353420549,0.8596098642667326,2.3998986247147513,1.1920929e-07,1.1920929e-07,0.0,12.384,1.325,-5.25,7.9,492.07,364.12,2.254374036370174,2.6137109
2004-03-30,150.98946272836224,539.5670247675326,0.813575897985942,0.2899872014490157,1.1920929e-07,1.1920929e-07,0.0,12.48,0.46,-6.0,6.92,492.49,342.44,1.81849981270663,2.3796473
2004-03-31,150.90903931119192,537.5575595341614,0.7904039590970678,1.1920928955078125e-07,1.1920929e-07,1.1920929e-07,0.0,12.576003,-0.015,-7.02,6.99,522.06,309.23,1.4303587292814506,2.3698947
2004-04-01,149.23140807591835,541.362698299873,0.9008017096799503,3.487666790127264,1.1920929e-07,7.93,7.93,12.576003,1.785,-4.47,8.04,364.49,427.74,2.253658998904417,4.4862204
2004-04-02,146.15210257885803,549.2379690795153,0.9183736630829754,3.393085603065714,1.1920929e-07,7.11,7.11,12.672003,1.745,-2.1,5.59,258.41,527.03,5.774638361827528,9.85018
2004-04-03,145.1061086756896,555.1090796010004,0.7785085552571972,1.1920928955078125e-07,1.1920929e-07,16.79,16.79,12.672003,-0.805,-2.08,0.47,102.25,528.21,11.645773986311461,8.767635
2004-04-04,143.77763725301904,552.8805465062459,0.927978925954271,3.2630362825588577,1.1920929e-07,1.1920929e-07,0.0,12.767997,1.69,-0.28,3.66,196.59,598.59,8.923453153553563,6.9243836
2004-04-05,142.8954676720547,549.9162173015852,0.7548642820983488,1.1920928955078125e-07,1.1920929e-07,7.41,7.41,12.767997,-1.22,-6.73,4.29,353.32,366.14,6.262073001225351,6.4562564
2004-04-06,145.9228838327351,545.9835744504037,0.5038117415483607,1.1920928955078125e-07,3.28,1.1920929e-07,3.28,12.864003,-6.86,-8.65,-5.07,141.85,315.89,3.914343083013018,3.7060082
2004-04-07,147.38181398698933,542.31104646566,0.5893045253713927,1.1920928955078125e-07,1.1920929e-07,1.1920929e-07,0.0,12.864003,-4.615,-9.19,-0.04,431.04,306.12,2.52404236256402,2.8867853
2004-04-08,147.40277756268276,539.4909218027318,0.7950955946639122,1.1920928955078125e-07,1.1920929e-07,1.1920929e-07,0.0,12.96,-0.415,-6.24,5.41,501.71,370.68,1.8020398313675376,3.1696122
2004-04-09,145.5086809652646,538.8390643885019,0.9331538625272601,3.8305218421790244,1.1920929e-07,1.1920929e-07,0.0,12.96,1.93,-4.29,8.15,523.27,410.72,1.6670185520114504,3.82304
2004-04-10,141.75712058671738,539.691441999574,0.9515373320411417,4.197021961212158,1.1920929e-07,1.1920929e-07,0.0,13.056,2.085,-3.51,7.68,497.2,446.98,1.8457339206054317,3.5792236
2004-04-11,140.88852281849336,537.9307705209909,0.6352571792273807,1.1920928955078125e-07,1.1920929e-07,1.1920929e-07,0.0,13.151992,-3.765,-8.63,1.1,463.7,318.83,1.4955824404707707,2.7112374
2004-04-12,140.88852281113435,535.9261993107528,0.7041097680484159,1.1920928955078125e-07,1.1920929e-07,1.1920929e-07,0.0,13.152,-2.265,-8.67,4.14,550.16,301.91,1.1770529807869425,2.5356898
2004-04-13,140.88956260043153,535.9675098591903,0.829601199310362,1.1920928955078125e-07,1.1920929e-07,5.06,5.06,13.247997,-0.025,-7.78,7.73,444.32,339.34,1.1828769172529374,3.3256545
2004-04-14,139.36353582944392,550.3297317820809,0.9692674427398624,3.6531835222510978,1.1920929e-07,26.27,26.27,13.247997,1.855,-2.09,5.8,296.42,526.65,6.57922598340731,14.2388735
2004-04-15,131.57804169380006,558.3808776742592,1.2384976404186616,11.515188217163086,1.1920929e-07,2.93,2.93,13.344,5.18,-0.14,10.5,424.27,595.09,17.21620007190961,10.045233
2004-04-16,123.79764959115207,553.0105659241121,0.9654469608132301,3.0975174119588473,1.1920929e-07,1.1920929e-07,0.0,13.344,1.62,-3.35,6.59,476.24,474.95,9.063156315611467,7.0999312
2004-04-17,121.21433370603538,547.9750925931568,0.975776833789422,3.5349570983797207,1.1920929e-07,1.1920929e-07,0.0,13.44,1.805,-5.86,9.47,602.84,364.59,4.965876662848749,5.890602
2004-04-18,112.93573339388105,550.2658513606885,1.2848932260938195,13.099411010742188,1.1920929e-07,1.0,1.0,13.44,5.85,-4.87,16.57,651.08,358.74,6.529202521856598,9.021204
2004-04-19,97.23752591524725,555.7081454922779,1.5071272378336782,18.265871047973633,1.1920929e-07,0.03,0.03,13.536,8.035,1.13,14.94,568.68,592.72,12.509876823409286,10.435339
2004-04-20,73.4913748071625,560.6145774272934,2.0247693853613926,28.941648483276367,1.1920929e-07,0.69,0.69,13.536,12.55,1.37,23.73,647.16,520.57,22.482303220493772,11.703183
2004-04-21,56.200903760177596,556.1060044366382,1.0465807270484317,4.965488910675049,1.1920929e-07,1.1920929e-07,0.0,13.632,2.41,-3.76,8.58,545.93,447.22,13.11889836962322,5.6272807
2004-04-22,49.1795242413533,552.3197083911299,1.216696520357587,10.510270118713379,1.1920929e-07,1.1920929e-07,0.0,13.632,4.755,-1.35,10.86,539.73,525.4,8.345105985818167,4.027846
2004-04-23,31.265893336475983,557.5665154160966,1.739549969443314,22.912139892578125,1.1920929e-07,1.1920929e-07,0.0,13.728,10.0,1.1,18.9,625.21,536.2,15.620006235749916,4.573994
2004-04-24,13.01921953235018,557.3716366376611,1.2947560162677552,12.153606414794922,1.1920929e-07,1.1920929e-07,0.0,13.728,5.45,-0.53,11.43,532.54,550.09,15.260516070782506,3.6182342
2004-04-25,8.232405358597516,550.987443138856,0.8728182117679205,1.1920928955078125e-07,1.1920929e-07,2.1,2.1,13.8239975,-0.305,-7.25,6.64,564.91,341.76,7.117090850305742,2.9355485
2004-04-26,7.722661789908815,548.716313188084,0.9629819519585414,2.0567953799082375,1.1920929e-07,5.61,5.61,13.8239975,1.18,-6.52,8.88,447.98,377.87,5.4257129083495785,3.9400718
2004-04-27,5.0427226580016855,550.1224366402436,1.0083782320392092,3.3221498019706672,1.1920929e-07,5.05,5.05,13.92,1.715,-1.15,4.58,221.12,565.81,6.418278442392876,4.388694
2004-04-28,1.913198087678003,549.4978373477599,1.3969043983947684,1.913198078284097,1.1920929e-07,2.69,2.69,13.92,6.61,-1.07,14.29,517.09,537.48,5.956744685970978,3.7450187
2004-04-29,0.6979850446491795,545.8187335412102,0.9765393926161201,0.6972840085248414,1.1920929e-07,1.1920929e-07,0.0,14.016003,1.26,-2.97,5.49,413.83,489.3,3.8380049259865285,2.555195
2004-04-30,0.2578967195587679,541.9009683242377,1.6875544309940873,0.23971387016390122,1.1920929e-07,1.1920929e-07,0.0,14.016003,9.645,-0.53,19.82,653.51,486.41,2.4033569009865805,2.7502482
2004-05-01,0.10692634883337185,538.0479540787168,2.457263992705569,0.07960205031567699,1.1920929e-07,1.1920929e-07,0.0,14.112002,15.69,6.41,24.97,621.41,765.61,1.516669123535798,3.2086227
2004-05-02,0.05171731132633085,534.2504882914385,2.754506179751478,0.03240019779720369,1.1920929e-07,1.1920929e-07,0.0,14.112002,17.705,8.93,26.48,599.28,913.98,0.9634867632948964,2.9648066
2004-05-03,0.02683848016098602,533.4475070852765,2.652250344434038,0.015209268296585723,1.1920929e-07,6.9,6.9,14.208,16.985,10.56,23.41,377.29,1253.89,0.8753469060221716,3.091591
2004-05-04,0.015355634356510642,547.8753908710529,1.5133733046104199,0.008266150345903805,1.1920929e-07,27.94,27.94,14.208,7.57,0.6,14.54,404.94,635.02,4.907073334436976,8.016681
2004-05-05,0.009000825293588203,554.5723956248069,0.9938049355961034,0.004698309426889589,1.1920929e-07,5.72,5.72,14.2862835,1.005,-2.35,4.36,234.04,515.96,10.922463194691877,4.808058
2004-05-06,0.004474661808746713,549.324925838088,1.340184168127913,0.00228737904962609,1.1920929e-07,1.1920929e-07,0.0,14.304,5.57,-1.0,12.14,524.61,571.77,5.834946172299958,3.2476335
2004-05-07,0.0012851044700988561,544.6502624034804,1.8717209701794817,0.000646680911976562,1.1920929e-07,1.02,1.02,14.31933,10.86,4.88,16.84,479.67,857.35,3.3379146230203567,2.5942056
2004-05-08,0.00017811700717832132,540.6998625899245,1.4224016955620766,8.913781773880695e-05,1.1920929e-07,1.1920929e-07,0.0,14.399997,6.615,-1.66,14.89,587.96,507.6,2.082066527955867,2.077315
2004-05-09,9.362027129571337e-05,536.9089214480678,1.2923662748614062,4.683204753424996e-05,1.1920929e-07,1.1920929e-07,0.0,14.399997,5.265,-1.37,11.9,522.29,550.33,1.3236954132855596,1.7749828
2004-05-10,3.3908378122945554e-05,533.7585023067566,1.720766804239636,1.6957063506712557e-05,1.1920929e-07,1.1920929e-07,0.0,14.495997,9.66,0.76,18.56,598.02,573.66,0.9084840361185416,1.5701771
2004-05-11,1.0646469687913145e-05,532.4754288678388,1.6065165913583668,5.323518212248344e-06,1.1920929e-07,2.23,2.23,14.495997,8.625,1.31,15.94,505.2,645.9,0.7793641887298933,1.5214138
2004-05-12,5.766185964935148e-06,530.8699485678671,2.0129196412486823,2.8831761047190064e-06,1.1920929e-07,0.09,0.09,14.574286,12.145,4.15,20.14,551.03,744.74,0.6433308227563654,1.4238874
2004-05-13,2.4902328777551045e-06,528.0972323835585,2.374581585576433,1.2451319420270153e-06,1.1920929e-07,1.1920929e-07,0.0,14.592003,14.885,4.81,24.96,604.33,730.26,0.461914998823054,1.2580922
2004-05-14,1.2370395131275473e-06,525.5983695919425,1.6969984996909526,6.185235822306661e-07,1.1920929e-07,1.1920929e-07,0.0,14.592003,9.58,2.22,16.94,525.76,680.88,0.342688580081134,1.1410604
2004-05-15,7.317182135495179e-07,523.1729145125676,2.231170016471939,3.6586044530361906e-07,1.1920929e-07,1.1920929e-07,0.0,14.688,13.915,4.03,23.8,594.9,700.71,0.25647569851901225,1.0727918
2004-05-16,4.40394247149992e-07,524.8701420920999,2.834299214572705,2.2019760844272832e-07,1.1920929e-07,8.1,8.1,14.688,17.81,9.38,26.24,396.35,1157.7,0.31413255300791415,1.6189404
2004-05-17,2.6574860721488155e-07,526.828528484194,1.813868101959639,1.3287448016324635e-07,1.1920929e-07,0.78,0.78,14.746397,10.425,4.24,16.61,450.56,822.29,0.3969454475042905,1.4141346
2004-05-18,1.5995329161480732e-07,524.5652191182513,2.155811892377386,1.1920928955078125e-07,1.1920929e-07,1.1920929e-07,0.0,14.784002,13.21,5.6,20.82,515.84,857.17,0.30289417744596886,1.1703184
2004-05-19,9.558536928151657e-08,526.6429280948419,2.2205960631033848,1.1920928955078125e-07,1.1920929e-07,9.4,9.4,14.784002,13.625,7.03,20.22,348.15,1005.42,0.3882400064447156,2.5356898
2004-05-20,5.7212046944047903e-08,527.7493434519741,1.7716805204735784,1.1920928955078125e-07,1.1920929e-07,1.1920929e-07,0.0,14.879986,9.885,1.7,18.07,544.42,662.07,0.44310903265512214,1.5311666
2004-05-21,3.444351042321326e-08,528.2224800967871,2.108327755817419,1.1920928955078125e-07,1.1920929e-07,4.77,4.77,14.879992,12.635,4.02,21.25,409.85,820.6,0.46887922436123297,1.2971028
2004-05-22,2.0759596835739357e-08,527.798388754392,1.9623438247192304,1.1920928955078125e-07,1.1920929e-07,1.1920929e-07,0.0,14.879992,11.5,5.4,17.6,442.86,898.11,0.4457131978457628,1.1215551
2004-05-23,1.2518889231042e-08,529.8759695103869,1.4919458203117044,1.1920928955078125e-07,1.1920929e-07,8.98,8.98,14.975994,7.055,4.4,9.71,165.41,838.85,0.5712920774401665,1.4628979
2004-05-24,7.548868551652446e-09,538.9321318470201,1.830772356180576,1.1920928955078125e-07,1.1920929e-07,13.98,13.98,14.976003,9.97,5.8,14.14,250.23,925.64,1.6856584073092993,4.3496833
2004-05-25,4.512857553802687e-09,548.6123352484029,1.580296504875641,1.1920928955078125e-07,1.1920929e-07,14.13,14.13,14.976003,7.405,6.13,8.68,91.62,943.25,5.3587258942732365,6.6122985
2004-05-26,2.7047968567398757e-09,550.3321429311839,1.4651765864592725,1.1920928955078125e-07,1.1920929e-07,4.98,4.98,15.034397,6.14,3.84,8.44,152.85,807.51,6.581121592883913,5.3249483
2004-05-27,1.6245032117563422e-09,547.1406770546752,1.3862280674088079,1.1920928955078125e-07,1.1920929e-07,2.69,2.69,15.072,5.35,3.35,7.35,148.28,782.0,4.494685351639595,3.9790823
2004-05-28,9.698882003787543e-10,544.2357319936584,2.156840190555494,1.1920928955078125e-07,1.1920929e-07,2.8,2.8,15.072,12.315,5.82,18.81,408.26,926.57,3.176624136140746,2.808764
2004-05-29,4.598758651525211e-10,541.5041650401851,1.4696675039609217,1.1920928955078125e-07,1.1920929e-07,4.97,4.97,15.072,6.395,2.1,10.69,268.15,712.27,2.292074403928164,2.6527216
2004-05-30,6.215572483448261e-11,538.8108988109848,1.4401346838211473,1.1920928955078125e-07,1.1920929e-07,1.1920929e-07,0.0,15.167992,6.065,2.75,9.38,286.17,743.38,1.6614181912317902,1.9310253
2004-05-31,-1.230435062696902e-10,536.1611678213499,1.449621306250157,1.1920928955078125e-07,1.1920929e-07,1.1920929e-07,0.0,15.168,6.24,-0.93,13.41,522.21,573.33,1.2105652217825058,1.5409192
2004-06-01,-8.430172351165995e-11,534.6286933271433,1.74675428747071,1.1920928955078125e-07,1.1920929e-07,1.1920929e-07,0.0,15.168,9.16,0.95,17.37,552.88,653.56,1.0080226097683953,1.404382
2004-06-02,-4.667737502302504e-11,536.7739372684456,1.3065302448271765,1.1920928955078125e-07,1.1920929e-07,7.41,7.41,15.168,4.65,3.62,5.68,84.37,795.61,1.3025185800601542,2.808764
2004-06-03,-2.7231291331502807e-11,540.0426829516373,1.568816622194164,1.1920928955078125e-07,1.1920929e-07,6.0,6.0,15.2263975,7.28,2.43,12.13,307.88,729.77,1.9248393416391238,2.7502482
2004-06-04,-1.51544762322882e-11,538.9813606835396,1.773256404774491,1.1920928955078125e-07,1.1920929e-07,0.67,0.67,15.264003,9.17,3.5,14.84,446.8,789.0,1.6956022539695643,1.8042408
2004-06-05,-8.793472916617134e-12,535.923526026123,1.7745190172892045,1.1920928955078125e-07,1.1920929e-07,1.1920929e-07,0.0,15.264003,9.27,2.01,16.53,516.01,706.33,1.1766770920601626,1.3946294
2004-06-06,-5.024965513396705e-12,532.53906187586,2.1716086821613936,1.1920928955078125e-07,1.1920929e-07,1.1920929e-07,0.0,15.264003,12.57,4.02,21.12,544.11,801.53,0.7853120701501038,1.1605657
2004-06-07,-2.94684666275186e-12,530.8061014313724,1.9481734064490137,1.1920928955078125e-07,1.1920929e-07,2.59,2.59,15.264003,10.89,4.96,16.82,403.47,874.6,0.6384419603901332,1.0532866
2004-06-08,-1.6515244501686192e-12,528.8263226785294,2.2454440837648857,1.1920928955078125e-07,1.1920929e-07,1.1920929e-07,0.0,15.27933,13.205,6.1,20.31,491.7,939.47,0.5039570461907912,0.9460073
2004-06-09,-9.326637189129713e-13,525.853558146914,2.9125671729621923,1.1920928955078125e-07,1.1920929e-07,1.1920929e-07,0.0,15.342286,17.505,8.7,26.31,529.31,1096.24,0.353297856735009,0.8094702
2004-06-10,-2.516308356758051e-13,523.1661093152903,3.003151254318954,1.1920928955078125e-07,1.1920929e-07,3.38,3.38,15.359997,18.085,9.13,27.04,425.96,1153.83,0.25626725046761767,0.79971755
2004-06-11,4.1327815229856344e-13,520.9985835322976,1.800273908890484,1.1920928955078125e-07,1.1920929e-07,1.1920929e-07,0.0,15.359997,9.84,2.75,16.93,492.12,743.05,0.1977986314950192,0.6826857
2004-06-12,8.736780396146178e-13,519.0900775377048,1.7152553938149793,1.1920928955078125e-07,1.1920929e-07,1.1920929e-07,0.0,15.359997,9.14,2.67,15.61,470.4,733.81,0.15746847579325904,0.6046645
2004-06-13,9.411836208768406e-13,517.1796880712806,1.8082397532787584,1.1920928955078125e-07,1.1920929e-07,1.1920929e-07,0.0,15.359997,10.025,2.33,17.72,512.9,724.61,0.12533323063937907,0.5559012
2004-06-14,5.393572395839285e-13,515.1415135607076,2.404191358401121,1.1920928955078125e-07,1.1920929e-07,1.1920929e-07,0.0,15.359997,14.655,5.27,24.04,541.32,868.23,0.0982445032176895,0.5168906
2004-06-15,2.985306905886257e-14,513.2204086731282,2.5713508434436254,1.1920928955078125e-07,1.1920929e-07,2.73,2.73,15.359997,15.82,10.96,20.68,323.25,1319.36,0.07809529388657109,0.5363959
2004-06-16,-4.2052567840467556e-13,511.23846017067626,2.7331075099866453,1.1920928955078125e-07,1.1920929e-07,0.43,0.43,15.359997,16.895,9.43,24.36,488.78,1186.9,0.06162889453416684,0.50713795
2004-06-17,-6.744134958199861e-13,508.9744624931845,2.6117707035244555,1.1920928955078125e-07,1.1920929e-07,1.1920929e-07,0.0,15.359997,16.215,9.9,22.53,446.65,1225.64,0.04702282985726372,0.42911673
2004-06-18,-5.944448762003683e-13,506.2072100804859,3.0814184162952576,1.1920928955078125e-07,1.1920929e-07,1.1920929e-07,0.0,15.359997,19.075,12.46,25.69,452.29,1440.35,0.033784692771327576,0.38035345
2004-06-19,-3.4373596482207294e-13,505.6606969167068,2.9009376885482125,1.1920928955078125e-07,1.1920929e-07,4.38,4.38,15.359997,18.075,12.19,23.96,319.43,1415.3,0.03164915971396309,0.46812734
2004-06-20,-1.892831518343272e-13,509.778775711122,2.076292445617462,1.1920928955078125e-07,1.1920929e-07,9.08,9.08,15.359997,12.45,3.06,21.84,406.09,765.31,0.0517658595091328,0.69243836
2004-06-21,-1.1314043277438994e-13,512.4349531562408,1.8836328355401157,1.1920928955078125e-07,1.1920929e-07,1.1920929e-07,0.0,15.359997,10.815,4.82,16.81,451.3,871.0,0.07109985174043289,0.45837468
2004-06-22,-6.797506226637261e-14,509.87567465341147,2.3752503672596896,1.1920928955078125e-07,1.1920929e-07,0.04,0.04,15.359997,14.625,7.97,21.28,460.85,1078.12,0.05236864988269521,0.3901061
2004-06-23,-4.0844512325097425e-14,510.54000824833145,2.213893879119185,1.1920928955078125e-07,1.1920929e-07,5.8,5.8,15.359997,13.46,10.79,16.13,166.92,1303.44,0.056694731368696585,0.44862202
2004-06-24,-2.4171981989638277e-14,510.40148352940383,2.2882308708022054,1.1920928955078125e-07,1.1920929e-07,1.1920929e-07,0.0,15.359997,14.0,6.54,21.46,488.44,973.36,0.055764119785441386,0.3901061
2004-06-25,-1.4331714335348865e-14,508.51235299006083,2.4061252895814733,1.1920928955078125e-07,1.1920929e-07,1.1920929e-07,0.0,15.359997,14.88,9.01,20.75,417.79,1161.11,0.044496982146535746,0.34134284
2004-06-26,-7.992845033658271e-15,509.3896515675503,2.1316124865125814,1.1920928955078125e-07,1.1920929e-07,4.47,4.47,15.359997,12.885,8.71,17.06,250.77,1137.11,0.04941426404588234,0.3510955
2004-06-27,-4.660262369322565e-15,510.6040425672489,2.1741237947174366,1.1920928955078125e-07,1.1920929e-07,2.73,2.73,15.359997,13.165,6.8,19.53,394.33,984.25,0.05713014831062853,0.3315902
2004-06-28,-2.6198918728411367e-15,509.4231911555812,2.1146056506680946,1.1920928955078125e-07,1.1920929e-07,1.1920929e-07,0.0,15.359997,12.755,6.72,18.79,425.5,983.17,0.049612676052579935,0.28282693
2004-06-29,-1.5306100355496402e-15,507.43234143615774,2.0874313802923496,1.1920928955078125e-07,1.1920929e-07,0.63,0.63,15.359997,12.61,6.36,18.86,419.26,960.5,0.03911022330676608,0.27307427
2004-06-30,-9.173405460155089e-16,509.3035660073959,2.3229380003863294,1.1920928955078125e-07,1.1920929e-07,8.02,8.02,15.359997,14.28,7.4,21.16,341.92,1035.86,0.04890862736738003,0.28282693
2004-07-01,-5.540324540869588e-16,510.99132511671905,2.2309576563290534,1.1920928955078125e-07,1.1920929e-07,1.1920929e-07,0.0,15.359989,13.57,7.23,19.91,435.25,1019.15,0.0598357710243138,0.25356898
2004-07-02,-3.3460793211256147e-16,522.699583244733,2.800125418508976,1.1920928955078125e-07,1.1920929e-07,25.73,25.73,15.322397,16.97,8.65,25.29,363.9,1132.83,0.24237383563532652,1.1410604
2004-07-03,-2.023888200485535e-16,531.2589927318728,2.673281052919188,1.1920928955078125e-07,1.1920929e-07,1.1920929e-07,0.0,15.264003,15.995,9.96,22.03,403.96,1236.59,0.6739401142752334,0.6826857
2004-07-04,-1.2230073001815559e-16,528.0974430257395,2.589767806393954,1.1920928955078125e-07,1.1920929e-07,1.1920929e-07,0.0,15.264003,15.57,9.26,21.88,416.38,1180.62,0.4619266240198867,0.41936406
2004-07-05,-7.138796236756619e-17,524.2533025327806,2.917509963236924,1.1920928955078125e-07,1.1920929e-07,1.1920929e-07,0.0,15.264003,17.67,10.64,24.7,439.32,1291.14,0.291813928613798,0.3510955
2004-07-06,-4.2189903455861335e-17,523.2863841791681,2.6716563767649073,1.1920928955078125e-07,1.1920929e-07,5.19,5.19,15.264003,16.235,13.87,18.6,135.41,1588.14,0.25997644498050265,0.5168906
2004-07-07,-2.482802983087424e-17,522.3458933262058,2.23567575894829,1.1920928955078125e-07,1.1920929e-07,1.1920929e-07,0.0,15.263997,13.35,8.6,18.1,348.59,1127.96,0.2323449670598603,0.44862202
2004-07-08,-1.4916413408333615e-17,521.4998122142057,2.779165573509425,1.1920928955078125e-07,1.1920929e-07,5.0,5.0,15.183328,17.035,10.12,23.95,333.03,1249.79,0.21000581732075202,0.41936406
2004-07-09,-8.985844545373986e-18,529.9890139888987,2.407659252481215,1.1920928955078125e-07,1.1920929e-07,17.83,17.83,15.168,14.42,13.32,15.52,76.93,1527.7,0.5790604699070963,1.4628979
2004-07-10,-5.411247500616126e-18,546.2099746308738,2.6975181123092113,1.1920928955078125e-07,1.1920929e-07,21.49,21.49,15.168,15.79,12.84,18.74,178.68,1477.81,4.021670365005798,1.9895412
2004-07-11,-3.258049394929046e-18,550.1838359639214,2.6422708145961553,1.1920928955078125e-07,1.1920929e-07,4.13,4.13,15.168,15.33,11.06,19.6,284.64,1324.56,6.465535156403998,1.0532866
2004-07-12,-1.945307180706985e-18,544.369168108669,2.8521150384899543,1.1920928955078125e-07,1.1920929e-07,1.1920929e-07,0.0,15.130397,16.81,10.41,23.21,445.96,1272.84,3.2276738329960906,0.6436751
2004-07-13,-1.1593019035258741e-18,538.9734847015494,2.8986232021419553,1.1920928955078125e-07,1.1920929e-07,1.1920929e-07,0.0,15.072,17.31,10.65,23.97,453.2,1293.99,1.6940074334249349,0.50713795
2004-07-14,-6.746855731967185e-19,535.3352849133211,2.8362314777010127,1.1920928955078125e-07,1.1920929e-07,1.43,1.43,15.072,17.06,12.3,21.82,370.03,1431.39,1.096817332358387,0.41936406
2004-07-15,-4.0419380969649227e-19,536.6455624625941,2.613614273363818,1.1920928955078125e-07,1.1920929e-07,7.92,7.92,15.071992,15.665,13.24,18.09,156.46,1518.41,1.2826930488028276,2.1260784
2004-07-16,-2.42867601525199e-19,539.3452411951134,2.576166997980266,1.1920928955078125e-07,1.1920929e-07,5.61,5.61,14.976003,15.45,12.64,18.26,183.7,1466.87,1.7709456250678413,2.3796473
2004-07-17,-1.4589532323561591e-19,539.2100729367804,2.951166047396462,1.1920928955078125e-07,1.1920929e-07,3.26,3.26,14.976003,17.71,12.67,22.75,295.87,1465.89,1.7425752378884376,2.2918735
2004-07-18,-8.619446520709025e-20,537.0400688819046,2.9480735232113573,1.1920928955078125e-07,1.1920929e-07,2.08,2.08,14.976003,17.76,12.62,22.9,386.77,1455.46,1.3446000331035226,1.1215551
2004-07-19,-5.148913851962963e-20,536.1057533838061,3.324059759280646,1.1920928955078125e-07,1.1920929e-07,5.14,5.14,14.895322,19.91,14.13,25.69,317.57,1614.29,1.202576787434777,1.43364
2004-07-20,-3.047721413022296e-20,537.4959626444329,2.955357920974077,1.1920928955078125e-07,1.1920929e-07,6.47,6.47,14.879992,17.895,13.98,21.81,249.88,1599.24,1.4198706952072553,1.7749828
2004-07-21,-1.7043299903749484e-20,538.751870378491,3.114740867304248,1.1920928955078125e-07,1.1920929e-07,10.6,10.6,14.879992,18.74,12.61,24.87,335.93,1457.72,1.6497421100966523,1.7067143
2004-07-22,-8.14715278681582e-21,537.4302713611193,3.2102119360315466,1.1920928955078125e-07,1.1920929e-07,1.1920929e-07,0.0,14.799328,19.385,13.06,25.71,455.14,1503.25,1.4087702400715054,0.91674936
2004-07-23,-4.471056787841515e-21,532.4133675143927,3.3306765435946253,1.1920928955078125e-07,1.1920929e-07,1.1920929e-07,0.0,14.784002,20.19,13.58,26.8,454.7,1560.86,0.7736066086251794,0.7119437
2004-07-24,-2.707930573291241e-21,543.9683271754512,3.0251974263118964,1.1920928955078125e-07,1.1920929e-07,30.47,30.47,14.784002,18.195,12.15,24.24,331.9,1411.63,3.0767384297071914,2.8965378
2004-07-25,-1.6387625564230998e-21,550.4833205379663,2.1029168088127115,1.1920928955078125e-07,1.1920929e-07,1.1920929e-07,0.0,14.688,12.14,6.04,18.24,463.64,940.12,6.701072330437315,1.4141346
2004-07-26,-9.756369977061548e-22,544.4735932687977,2.162564238011191,1.1920928955078125e-07,1.1920929e-07,1.1920929e-07,0.0,14.688,12.765,7.16,18.37,437.97,1020.81,3.2681961516455083,0.8679861
2004-07-27,-5.795007742158181e-22,539.5808888937532,2.6261771120472486,1.1920928955078125e-07,1.1920929e-07,1.1920929e-07,0.0,14.670286,16.1,9.2,23.0,475.06,1176.07,1.8215145741448344,0.6534277
2004-07-28,-3.3901490966939334e-22,537.5541755804325,2.6252595037805717,1.1920928955078125e-07,1.1920929e-07,4.44,4.44,14.592003,16.245,11.48,21.01,286.74,1358.11,1.4297805413288673,0.6631804
2004-07-29,-1.977083737425374e-22,535.6303928730127,2.5883375918159732,1.1920928955078125e-07,1.1920929e-07,1.1920929e-07,0.0,14.592003,16.07,11.2,20.94,391.28,1339.76,1.1361797289719777,0.6046645
2004-07-30,-1.1394168459914804e-22,531.8662596196182,2.8489359896487816,1.1920928955078125e-07,1.1920929e-07,1.1920929e-07,0.0,14.495997,17.895,11.42,24.37,457.75,1353.72,0.7246553809309478,0.4973853
2004-07-31,-6.851713753490889e-23,528.2040080229372,3.1224240025099204,1.1920928955078125e-07,1.1920929e-07,1.1920929e-07,0.0,14.495997,19.56,12.82,26.3,459.6,1484.72,0.4678455471726815,0.42911673
2004-08-01,-4.1455682889478984e-23,532.2163645328003,3.6409290055223917,1.1920928955078125e-07,1.1920929e-07,15.04,15.04,14.478289,22.09,18.01,26.17,244.62,2070.54,0.755610469743152,0.7216963
2004-08-02,-2.5086427407965654e-23,535.2364980061368,3.278579694028191,1.1920928955078125e-07,1.1920929e-07,1.1920929e-07,0.0,14.399997,20.28,13.92,26.64,446.4,1591.99,1.0839478611930597,0.61441714
2004-08-03,-1.5085004938677956e-23,530.5421973178563,3.129243181788784,1.1920928955078125e-07,1.1920929e-07,1.1920929e-07,0.0,14.399997,19.635,12.75,26.52,464.88,1467.33,0.6186254941920999,0.78996485
2004-08-04,-9.114174533107684e-24,533.192931773485,2.9914586968042465,1.1920928955078125e-07,1.1920929e-07,11.22,11.22,14.304,18.9,11.11,26.69,363.22,1334.49,0.8491230897339759,0.98501796
2004-08-05,-5.506955830495598e-24,534.6119966270777,2.469539025465625,1.1920928955078125e-07,1.1920929e-07,1.1920929e-07,0.0,14.304,15.655,8.66,22.65,474.32,1133.11,1.0060137239639932,0.5559012
2004-08-06,-3.3116896098994516e-24,531.3106195757236,1.9627324604624774,1.1920928955078125e-07,1.1920929e-07,1.1920929e-07,0.0,14.208,12.135,5.12,19.15,480.82,882.59,0.6781100027136033,0.42911673
2004-08-07,-1.9642170342065242e-24,530.087770063509,1.8565868604492257,1.1920928955078125e-07,1.1920929e-07,2.27,2.27,14.208,11.285,5.3,17.27,360.59,897.44,0.5859333672271057,0.3901061
2004-08-08,-1.1039186716037067e-24,530.916715787654,2.0475294376942226,1.1920928955078125e-07,1.1920929e-07,4.14,4.14,14.112002,12.935,7.99,17.88,288.31,1082.0,0.6469355902843572,0.40961143
2004-08-09,-6.436664001749167e-25,531.2704939489935,2.2242018326087463,1.1920928955078125e-07,1.1920929e-07,2.5,2.5,14.112002,14.265,10.03,18.5,301.68,1242.27,0.6748668394848167,0.39985877
2004-08-10,-3.396078951690668e-25,529.0616053841622,2.4287756964179232,1.1920928955078125e-07,1.1920929e-07,1.1920929e-07,0.0,14.031333,15.87,9.68,22.06,426.83,1214.66,0.5183248209886074,0.3315902
2004-08-11,-1.880105238039841e-25,526.5489630931365,2.611399073347483,1.1920928955078125e-07,1.1920929e-07,1.44,1.44,14.016003,17.17,9.4,24.94,461.41,1194.26,0.38390571330994294,0.40961143
2004-08-12,-1.1327348864507072e-25,529.277071759247,3.167451737951061,1.1920928955078125e-07,1.1920929e-07,12.08,12.08,13.978397,20.39,16.99,23.79,196.32,1924.53,0.5318415332427092,0.7216963
2004-08-13,-6.858187203803187e-26,550.5157865894233,3.132366325793473,1.1920928955078125e-07,1.1920929e-07,36.63,36.63,13.92,19.6,17.32,21.88,137.84,1973.59,6.7271160974790725,5.529754
2004-08-14,-4.1526098191069664e-26,560.2372395080766,2.9359589561009583,1.1920928955078125e-07,1.1920929e-07,17.78,17.78,13.902287,18.23,16.03,20.43,134.83,1811.06,21.491230072980777,7.5095425
2004-08-15,-2.5073888914519514e-26,551.9150512787322,2.5939074975216645,1.1920928955078125e-07,1.1920929e-07,1.1920929e-07,0.0,13.8239975,16.505,11.15,21.86,388.36,1332.09,7.951238406099757,2.2626154
2004-08-16,-1.5056630907155832e-26,543.1177599175912,2.531672093213652,1.1920928955078125e-07,1.1920929e-07,0.31,0.31,13.806286,16.39,11.29,21.49,368.05,1343.62,2.7794307123003903,1.3751241
2004-08-17,-9.019154622974897e-27,542.7499200674911,2.3952407420270956,1.1920928955078125e-07,1.1920929e-07,9.26,9.26,13.728,15.58,11.23,19.93,250.15,1338.64,2.6599236200311718,1.6189404
2004-08-18,-5.376025941837152e-27,541.6746379231316,2.478787749009576,1.1920928955078125e-07,1.1920929e-07,1.1920929e-07,0.0,13.710286,16.2,9.37,23.03,443.33,1189.97,2.339237441057115,1.0240285
2004-08-19,-3.1375834767208047e-27,538.8074635030163,2.5518331348920453,1.1920928955078125e-07,1.1920929e-07,1.1920929e-07,0.0,13.632,16.865,10.42,23.31,423.9,1273.54,1.660736413272173,0.79971755
2004-08-20,-1.7114622217188946e-27,540.9283715028871,2.6562327916025095,1.1920928955078125e-07,1.1920929e-07,11.14,11.14,13.614286,17.49,11.74,23.24,293.71,1380.11,2.1396936828601096,0.91674936
2004-08-21,-1.0157262790867113e-27,544.8898261100355,2.6595048234269454,1.1920928955078125e-07,1.1920929e-07,8.34,8.34,13.536,17.485,11.83,23.14,289.42,1389.88,3.4348347167337465,1.5019085
2004-08-22,-6.114563672503315e-28,549.2266663995755,1.7282083428021526,1.1920928955078125e-07,1.1920929e-07,13.91,13.91,13.498397,10.4,5.54,15.26,274.59,907.77,5.766845437533915,2.3406367
2004-08-23,-3.6815912243963545e-28,548.0752459016253,1.9009091023024864,1.1920928955078125e-07,1.1920929e-07,1.1920929e-07,0.0,13.44,12.015,4.76,19.27,457.62,863.24,5.025655803737516,1.1605657
2004-08-24,-2.2170407174660826e-28,543.440233302935,2.1425909375917236,1.1920928955078125e-07,1.1920929e-07,1.65,1.65,13.35933,14.18,5.08,23.28,483.6,879.16,2.8886075160230815,0.96551263
2004-08-25,-1.2370175021115057e-28,539.9804068065238,1.93940465719816,1.1920928955078125e-07,1.1920929e-07,1.1920929e-07,0.0,13.344,12.69,5.44,19.94,447.34,906.34,1.9105704926114213,0.74120164
2004-08-26,-5.969566705047264e-29,536.5277534885203,2.0160007769326183,1.1920928955078125e-07,1.1920929e-07,1.1920929e-07,0.0,13.247997,13.535,5.72,21.35,457.45,919.49,1.2647648907122173,0.61441714
2004-08-27,-3.314960829647071e-29,533.0147732719702,2.401424657516395,1.1920928955078125e-07,1.1920929e-07,1.1920929e-07,0.0,13.247997,16.51,9.49,23.53,423.78,1199.15,0.8312396667782557,0.5559012
2004-08-28,-1.8872969758618176e-29,529.318261493247,2.5117133815422203,1.1920928955078125e-07,1.1920929e-07,1.1920929e-07,0.0,13.152,17.495,10.13,24.86,426.04,1253.36,0.5344653152919636,0.5168906
2004-08-29,-1.1153085028983783e-29,529.6661571744581,3.2735743413972265,1.1920928955078125e-07,1.1920929e-07,8.32,8.32,13.152,21.995,15.8,28.19,276.26,1795.53,0.5571489777460246,0.46812734
2004-08-30,-6.653581805710978e-30,538.772749972855,2.700047461841484,1.1920928955078125e-07,1.1920929e-07,17.5,17.5,13.056,18.535,15.01,22.06,185.35,1709.69,1.6538627757604505,0.85823345
2004-08-31,-3.9705237742321615e-30,547.5440882055827,3.071288473019042,1.1920928955078125e-07,1.1920929e-07,10.76,10.76,13.056,20.45,16.27,24.63,209.96,1848.39,4.716629085670104,3.452439
2004-09-01,-2.377432839932399e-30,545.7840920234108,2.2925919140989617,1.1920928955078125e-07,1.1920929e-07,0.01,0.01,12.96,15.715,9.69,21.74,382.81,1215.15,3.8221526566267303,1.5994351
2004-09-02,-1.409743624116261e-30,540.9815119371276,1.8538945360652972,1.1920928955078125e-07,1.1920929e-07,1.1920929e-07,0.0,12.96,12.405,4.29,20.52,449.28,833.22,2.153322041895625,0.9069967
2004-09-03,-8.355119161112741e-31,537.5332236684435,1.639194057431556,1.1920928955078125e-07,1.1920929e-07,1.1920929e-07,0.0,12.864003,10.665,3.86,17.47,414.75,807.92,1.4262058625915905,0.69243836
2004-09-04,-4.928604766900719e-31,534.5368347045958,2.0380915205818564,1.1920928955078125e-07,1.1920929e-07,1.1920929e-07,0.0,12.864003,14.25,5.29,23.21,455.22,892.97,0.9970199769977517,0.5754065
2004-09-05,-2.453188380034156e-31,531.8302268170104,1.9378721048774024,1.1920928955078125e-07,1.1920929e-07,1.1920929e-07,0.0,12.767997,13.635,7.37,19.9,386.24,1030.59,0.7215423567313957,0.4973853
2004-09-06,-8.795487549252358e-32,529.4362354047531,1.643462307453625,1.1920928955078125e-07,1.1920929e-07,1.1920929e-07,0.0,12.672003,11.185,6.72,15.65,309.49,988.65,0.5420520918309952,0.47788
2004-09-07,-4.1617870361362956e-32,527.2429877523216,1.7777055819521896,1.1920928955078125e-07,1.1920929e-07,1.1920929e-07,0.0,12.672003,12.505,6.87,18.14,361.27,1003.03,0.41709648198011584,0.46812734
2004-09-08,-2.4886863428066595e-32,524.8907513081017,2.213265568467086,1.1920928955078125e-07,1.1920929e-07,1.1920929e-07,0.0,12.576003,16.275,9.08,23.47,399.22,1166.4,0.31490700884765105,0.44862202
2004-09-09,-1.4880869304307368e-32,530.8068484285141,2.043234434356848,1.1920928955078125e-07,1.1920929e-07,17.06,17.06,12.576003,14.775,11.83,17.72,153.1,1386.36,0.6384989436362501,4.047351
2004-09-10,-8.987958730639499e-33,550.4936248917,2.2593579215542,1.1920928955078125e-07,1.1920929e-07,30.49,30.49,12.48,15.955,11.77,20.14,210.07,1381.24,6.709327383590945,9.089473
2004-09-11,-5.439959031228738e-33,553.5486382048731,1.7922566886456315,1.1920928955078125e-07,1.1920929e-07,1.1920929e-07,0.0,12.48,12.1,6.68,17.52,346.04,977.69,9.664942509655603,3.091591
2004-09-12,-3.2392811344185996e-33,546.0062688161955,1.9124917164966588,1.1920928955078125e-07,1.1920929e-07,1.1920929e-07,0.0,12.384,13.49,5.85,21.13,408.37,925.68,3.9249711260287867,1.6091877
2004-09-13,-1.8197278780522917e-33,541.1078678661504,2.0317290733755526,1.1920928955078125e-07,1.1920929e-07,1.1920929e-07,0.0,12.384,14.62,6.71,22.53,404.71,976.67,2.1860767997197286,1.1410604
2004-09-14,-7.171292054050247e-34,537.592516402465,1.5258183576484985,1.1920928955078125e-07,1.1920929e-07,1.1920929e-07,0.0,12.288,10.255,2.96,17.55,393.86,756.2,1.436345218140857,0.8777388
2004-09-15,-1.1821999241999013e-34,534.8373803980654,1.4814760692333306,1.1920928955078125e-07,1.1920929e-07,1.1920929e-07,0.0,12.250398,9.92,2.33,17.51,396.83,725.04,1.0334720800239972,0.7704596
2004-09-16,-4.6596050941352033e-35,532.1593341226046,1.9749914111308293,1.1920928955078125e-07,1.1920929e-07,1.1920929e-07,0.0,12.192,14.685,6.62,22.75,393.06,976.82,0.7504793383981363,0.6826857
2004-09-17,-2.70863985419015e-35,529.4395411641475,2.177242263113185,1.1920928955078125e-07,1.1920929e-07,1.1920929e-07,0.0,12.096,16.505,9.75,23.26,350.6,1220.18,0.5422662257555957,0.63392246
2004-09-18,-1.6273132487631271e-35,532.2742923945905,2.041019240102642,1.1920928955078125e-07,1.1920929e-07,10.37,10.37,12.096,15.35,9.02,21.68,251.38,1161.85,0.7608582624532674,1.3263608
2004-09-19,-9.803809516241037e-36,539.048877741931,1.2678333638089438,1.1920928955078125e-07,1.1920929e-07,7.66,7.66,11.999997,7.695,3.24,12.15,201.46,772.46,1.7093356454485327,1.4628979
2004-09-20,-5.8996340508423115e-36,539.6638707624935,1.1838378322597802,1.1920928955078125e-07,1.1920929e-07,1.1920929e-07,0.0,11.999997,6.625,2.86,10.39,231.79,749.17,1.8396637951166797,0.9069967
2004-09-21,-3.511856282095194e-36,536.9249311751086,1.3962756838034962,1.1920928955078125e-07,1.1920929e-07,1.1920929e-07,0.0,11.904,9.38,2.2,16.56,366.08,721.8,1.3262298115435884,0.7216963
2004-09-22,-2.0607761138338874e-36,534.2420764630687,1.713328001152654,1.1920928955078125e-07,1.1920929e-07,1.1920929e-07,0.0,11.904,12.705,9.62,15.79,185.58,1209.32,0.9625189192599921,0.6534277
2004-09-23,-1.1907416567302177e-36,531.4712273107227,2.202670604283908,1.1920928955078125e-07,1.1920929e-07,1.1920929e-07,0.0,11.808002,17.035,10.14,23.93,344.29,1251.47,0.6912479515835394,0.5754065
2004-09-24,-6.058107873481891e-37,528.9759725511855,1.673272692981641,1.1920928955078125e-07,1.1920929e-07,1.1920929e-07,0.0,11.792672,12.635,4.7,20.57,375.4,856.34,0.5130487579918117,0.5168906
2004-09-25,-1.3960066938898738e-37,527.2769782936612,1.7853457035941884,1.1920928955078125e-07,1.1920929e-07,1.1920929e-07,0.0,11.711997,13.845,5.13,22.56,384.29,886.53,0.4187938038601301,0.48763263
2004-09-26,9.873190712047758e-38,526.4794889895708,1.860462493082924,1.1920928955078125e-07,1.1920929e-07,3.37,3.37,11.616,14.675,6.8,22.55,270.46,984.08,0.38073224796179417,0.48763263
2004-09-27,7.440195450556719e-38,526.1935371557375,1.5048389743974906,1.1920928955078125e-07,1.1920929e-07,1.1920929e-07,0.0,11.616,11.265,4.68,17.85,331.54,854.6,0.3679442577004539,0.44862202
2004-09-28,2.802896938865926e-38,524.8253025194545,1.6827686703564617,1.1920928955078125e-07,1.1920929e-07,1.1920929e-07,0.0,11.52,13.23,4.83,21.63,368.58,866.77,0.31245413921407084,0.42911673
2004-09-29,-2.608095080270957e-39,522.9284388899894,1.519932083347279,1.1920928955078125e-07,1.1920929e-07,1.1920929e-07,0.0,11.52,11.655,5.58,17.73,307.37,915.15,0.24909254467876285,0.4388694
2004-09-30,-8.479084690094479e-39,521.2594464878841,1.1977582203473724,1.1920928955078125e-07,1.1920929e-07,1.1920929e-07,0.0,11.424,8.095,1.7,14.49,315.39,695.9,0.20406056739296502,0.40961143
2004-10-01,-4.24422986183017e-39,519.547845969128,1.3835854344459237,1.1920928955078125e-07,1.1920929e-07,0.25,0.25,11.424,10.4,1.96,18.84,360.08,706.39,0.1663208040763102,0.39985877
2004-10-02,-1.1495958644524941e-39,517.8981567729668,1.4751234094772585,1.1920928955078125e-07,1.1920929e-07,1.1920929e-07,0.0,11.327997,11.6,4.34,18.86,329.92,827.34,0.13656724624552116,0.38035345
2004-10-03,9.66333480556193e-41,516.9428640751127,1.2086462564562857,1.1920928955078125e-07,1.1920929e-07,1.01,1.01,11.327997,8.495,0.51,16.48,346.56,633.79,0.12183660095717413,0.40961143
2004-10-04,5.273307338549599e-41,516.3568092268847,1.1191676551168188,1.1920928955078125e-07,1.1920929e-07,1.1920929e-07,0.0,11.232,7.455,-0.38,15.29,343.05,595.64,0.1135973558760891,0.39985877
2004-10-05,1.3921067731969394e-41,515.394749876301,1.1183737591127716,1.1920928955078125e-07,1.1920929e-07,1.1920929e-07,0.0,11.136003,7.605,-0.23,15.44,338.17,601.64,0.10126242716408031,0.37060082
2004-10-06,-7.452312250379025e-42,514.3611821070169,0.6830303430350635,1.1920928955078125e-07,1.1920929e-07,1.1920929e-07,0.0,11.136003,0.27,-4.84,5.38,258.36,429.29,0.0894989567234549,0.36084816
2004-10-07,-6.493283418977547e-42,513.4313733127174,0.85252784343611,1.1920928955078125e-07,1.1920929e-07,1.1920929e-07,0.0,11.04,3.68,-4.5,11.86,340.5,440.75,0.08008875054746233,0.36084816
2004-10-08,-1.4672326241951102e-42,512.1100342836309,1.3121008342054348,1.1920928955078125e-07,1.1920929e-07,1.1920929e-07,0.0,11.04,10.33,2.73,17.93,314.49,738.44,0.06839260052604855,0.36084816
2004-10-09,2.8963008496571095e-42,510.52629860118066,1.6038669313240275,1.1920928955078125e-07,1.1920929e-07,1.1920929e-07,0.0,10.9439945,13.73,5.06,22.4,325.17,884.81,0.05660194145227711,0.3510955
2004-10-10,5.2859429431519493e-42,508.9363073521561,1.4409454564776913,1.1920928955078125e-07,1.1920929e-07,1.1920929e-07,0.0,10.9439945,12.055,6.28,17.83,252.18,948.79,0.04680895499856016,0.3510955
2004-10-11,4.438600256496798e-42,507.57034166143285,1.1349845501191378,1.1920928955078125e-07,1.1920929e-07,1.1920929e-07,0.0,10.848,8.475,4.83,12.12,173.3,864.27,0.039760417027135626,0.34134284
2004-10-12,2.6326416918614087e-42,505.9751086827132,1.0650360194873545,1.1920928955078125e-07,1.1920929e-07,1.1920929e-07,0.0,10.848,7.54,3.63,11.45,186.04,797.49,0.03286068125799383,0.41936406
2004-10-13,1.5811558505047765e-42,508.0255276606598,0.9855418689539386,1.1920928955078125e-07,1.1920929e-07,5.9,5.9,10.752,6.425,3.74,9.11,99.28,800.84,0.041982653471157885,0.46812734
2004-10-14,9.541199268765524e-43,510.2387283674916,1.123228862798166,1.1920928955078125e-07,1.1920929e-07,1.1920929e-07,0.0,10.752,8.37,-0.76,17.5,327.32,580.0,0.05469022596974891,0.40961143
2004-10-15,5.764566954789145e-43,509.7406889489834,1.122551335752368,1.1920928955078125e-07,1.1920929e-07,3.7,3.7,10.655997,8.515,0.21,16.82,229.3,625.17,0.05153083282869907,0.40961143
2004-10-16,3.4920310688800926e-43,526.9709136001358,1.2177304283598596,1.1920928955078125e-07,1.1920929e-07,31.71,31.71,10.655997,9.265,8.18,10.35,48.64,1094.4,0.4037559973974569,4.6812735
2004-10-17,2.1153675206465183e-43,542.6591454078986,1.1191670081993048,1.1920928955078125e-07,1.1920929e-07,4.11,4.11,10.56,7.64,1.64,13.64,192.07,688.43,2.6312311271635718,2.4479158
2004-10-18,1.2790371165538077e-43,541.5446369749698,0.9822230493184481,1.1920928955078125e-07,1.1920929e-07,1.06,1.06,10.501603,5.76,1.94,9.58,181.69,714.41,2.3031845702212346,1.4433926
2004-10-19,7.638082387916743e-44,539.1529742697601,0.7353384902631737,1.1920928955078125e-07,1.1920929e-07,1.1920929e-07,0.0,10.464,1.565,-2.8,5.93,203.2,497.56,1.7307278008671045,1.0045233
2004-10-20,3.9655833951987374e-44,536.8937118367011,0.8035845872523297,1.1920928955078125e-07,1.1920929e-07,1.1920929e-07,0.0,10.385714,3.045,-2.65,8.74,245.47,507.06,1.3212921625650969,0.8289755
2004-10-21,1.8260926726049666e-44,534.9094130235943,0.79844090055374,1.1920928955078125e-07,1.1920929e-07,1.1920929e-07,0.0,10.368,3.03,-3.62,9.68,269.4,466.97,1.0424048389049378,0.73144895
2004-10-22,8.672142219156977e-45,533.1728235019647,0.6839287341160477,1.1920928955078125e-07,1.1920929e-07,1.1920929e-07,0.0,10.289714,0.915,-3.69,5.52,205.8,467.55,0.8470855258042767,0.6826857
2004-10-23,-2.4542025565930042e-45,531.5691453028196,0.7408863990487522,1.1920928955078125e-07,1.1920929e-07,1.1920929e-07,0.0,10.271997,2.155,-1.84,6.15,181.47,538.37,0.6993823733882936,0.6534277
2004-10-24,-1.2715621060016824e-44,530.0826359654167,0.849672746068401,1.1920928955078125e-07,1.1920929e-07,1.1920929e-07,0.0,10.193711,4.345,-0.33,9.02,205.08,597.73,0.5855740594299752,0.62416977
2004-10-25,-1.9061913437571196e-44,528.7019591313397,0.8398001819424773,1.1920928955078125e-07,1.1920929e-07,1.1920929e-07,0.0,10.1760025,4.235,0.43,8.04,173.68,631.06,0.496524261769189,0.6046645
2004-10-26,-1.8442879835712816e-44,527.4157784421725,0.7935096270888856,1.1920928955078125e-07,1.1920929e-07,1.1920929e-07,0.0,10.097716,3.54,1.25,5.83,110.9,660.77,0.4257967964812149,0.5851592
2004-10-27,-1.0904214949957266e-44,526.2203847964541,0.8799213465801892,1.1920928955078125e-07,1.1920929e-07,1.1920929e-07,0.0,10.08,5.15,-0.12,10.42,226.08,605.42,0.36912640699870636,0.56565386
2004-10-28,-4.355344015326194e-45,525.1210224729449,0.7495032485354577,1.1920928955078125e-07,1.1920929e-07,1.1920929e-07,0.0,10.021603,2.87,-3.43,9.17,253.56,475.62,0.3236911083344783,0.54614854
2004-10-29,-5.156167779237594e-46,524.0968555606293,0.6923319200105411,1.1920928955078125e-07,1.1920929e-07,1.1920929e-07,0.0,9.984,1.785,-4.43,8.0,249.47,440.0,0.28641001945771966,0.5266433
2004-10-30,3.773392690694901e-48,523.6665101290689,0.713632098984269,1.1920928955078125e-07,1.1920929e-07,1.1920929e-07,0.0,9.968672,2.265,-4.74,9.27,261.99,440.0,0.27205592900397324,0.5266433
2004-10-31,2.1774823856447837e-48,525.7998764324926,0.7133996037181853,1.1920928955078125e-07,1.1920929e-07,4.57,4.57,9.888002,2.32,-3.85,8.49,185.12,464.29,0.3510391344668353,0.7216963
2004-11-01,1.290461569667274e-48,527.6673013392724,1.005850975416822,1.1920928955078125e-07,1.1920929e-07,2.1,2.1,9.888002,7.44,2.54,12.34,203.18,736.66,0.4387868004406035,0.73144895
2004-11-02,7.447804796893551e-49,527.3685117922528,0.7327381088154782,1.1920928955078125e-07,1.1920929e-07,1.1920929e-07,0.0,9.792003,2.815,0.13,5.5,127.31,617.14,0.4233989634846259,0.6631804
2004-11-03,0.0002802979490467945,528.0104296099861,0.7065597216061459,0.00014034539174539768,1.1920929e-07,9.65,9.65,9.792003,2.26,0.57,3.95,63.26,636.69,0.4571492294759785,1.3068554
2004-11-04,0.001065781936604492,530.9622191496818,0.5741503243904447,1.1920928955078125e-07,1.1920929e-07,1.35,1.35,9.696,-0.695,-4.18,2.79,159.33,447.19,0.6504623271669876,1.0727918
2004-11-05,0.0012711984447854481,537.1378530464519,0.6537325291982352,0.000639084687558306,1.1920929e-07,12.07,12.07,9.696,1.015,-5.4,7.43,191.86,410.52,1.3604011759937382,1.8237461
2004-11-06,0.001503185059393321,544.0753738826396,0.5970672181994466,1.1920928955078125e-07,1.1920929e-07,7.4,7.4,9.5999975,-0.34,-3.38,2.7,114.74,477.94,3.1163417448979716,1.7164669
2004-11-07,0.0026426253370892233,545.2163441328961,0.6913498374308354,0.0013387696859032984,1.1920929e-07,3.18,3.18,9.5999975,1.76,-2.37,5.89,170.24,514.55,3.571481452554785,1.9895412
2004-11-08,0.0016462363657832424,542.8177704964146,0.7306638085682061,0.0008298932653131188,1.1920929e-07,1.1920929e-07,0.0,9.521714,2.76,-2.78,8.3,239.59,498.93,2.681574259419804,1.5994351
2004-11-09,0.0013772598045141407,540.2286582342638,0.4694959073173053,1.1920928955078125e-07,1.1920929e-07,1.1920929e-07,0.0,9.504,-3.51,-8.46,1.44,227.01,321.19,1.9680878454225714,1.1898236
2004-11-10,0.0014203345696631345,538.063720590666,0.35446051179174043,1.1920928955078125e-07,1.1920929e-07,1.1920929e-07,0.0,9.504,-7.325,-11.87,-2.78,212.37,246.83,1.519528840341986,0.8777388
2004-11-11,0.0014238389545209184,536.3202569824517,0.3552050128655967,1.1920928955078125e-07,1.1920929e-07,1.1920929e-07,0.0,9.408,-7.115,-12.92,-1.31,241.62,228.57,1.2337952758312583,0.8874914
2004-11-12,0.001423838954523133,534.7791157847076,0.5230005240036188,1.1920928955078125e-07,1.1920929e-07,1.1920929e-07,0.0,9.408,-1.7,-9.22,5.82,257.97,303.32,1.0263027214352294,0.8094702
2004-11-13,0.0014238389545258026,533.4058730789541,0.39472421558305054,1.1920928955078125e-07,1.1920929e-07,1.1920929e-07,0.0,9.329714,-5.485,-9.15,-1.82,172.63,301.68,0.8710034429776798,0.67293304
2004-11-14,0.0014238389545278508,532.171526468445,0.40185900978167216,1.1920928955078125e-07,1.1920929e-07,1.1920929e-07,0.0,9.312,-5.18,-10.1,-0.26,212.9,282.83,0.7515733698716028,0.7216963
2004-11-15,0.0014267943240643902,531.0429605045697,0.43567104483253505,1.1920928955078125e-07,1.1920929e-07,1.1920929e-07,0.0,9.312,-4.03,-10.77,2.71,244.41,271.3,0.6567675738914488,0.73144895
2004-11-16,0.0014411946414318953,529.9473674565357,0.6292247608339229,0.0007257757329217064,1.1920929e-07,1.1920929e-07,0.0,9.216002,1.395,-5.11,7.9,234.45,429.47,0.5761863150359731,0.69243836
2004-11-17,0.0013826919993231543,528.8726802047648,0.5435795316861114,1.1920928955078125e-07,1.1920929e-07,1.1920929e-07,0.0,9.216002,-0.695,-6.44,5.05,218.38,372.47,0.5067560564188952,0.67293304
2004-11-18,0.0011468781015959797,527.8266137169676,0.5578463492227373,1.1920928955078125e-07,1.1920929e-07,1.1920929e-07,0.0,9.200675,-0.27,-6.88,6.34,229.06,368.02,0.44721879503008904,0.6826857
2004-11-19,0.0007158444815256486,526.7355748240311,0.7408871832351337,0.0003592033185965977,1.1920929e-07,0.15,0.15,9.12,4.055,1.82,6.29,98.33,705.57,0.39256139871228063,0.7607069
2004-11-20,0.0004123954467470778,525.7347853810187,0.5944474992362091,0.00020554435171870567,1.1920929e-07,1.1920929e-07,0.0,9.12,0.835,-4.77,6.44,209.48,435.63,0.34831971239286363,0.79971755
2004-11-21,0.009029129168012453,526.9649864794709,0.5677888905859536,1.1920928955078125e-07,1.1920929e-07,3.78,3.78,9.104672,0.16,-4.55,4.87,139.69,438.49,0.4034701748852592,0.74120164
2004-11-22,0.024272735134250326,528.7159090548481,0.5491983657542852,1.1920928955078125e-07,1.1920929e-07,1.77,1.77,9.024,-0.24,-1.71,1.23,68.12,540.42,0.49735251228403543,0.7607069
2004-11-23,0.024957508204717378,528.5581057153403,0.5231095506694542,1.1920928955078125e-07,1.1920929e-07,1.1920929e-07,0.0,9.024,-0.935,-4.57,2.7,150.4,438.21,0.48806327009971034,0.7802122
2004-11-24,0.02897027715829088,527.2898087347253,0.5735061915815719,0.01258432143458041,1.1920929e-07,1.1920929e-07,0.0,9.024,0.425,-4.88,5.73,196.67,427.09,0.41943628768098,0.73144895
2004-11-25,0.016677479469995274,537.7627849832853,0.7384958243739382,0.0090324783228574,1.1920929e-07,22.12,22.12,8.928008,4.015,1.11,6.92,84.76,648.67,1.4658644993231318,6.7293305
2004-11-26,0.009778052936203176,549.4801651177678,0.6260003588294637,0.005127458553028652,1.1920929e-07,9.89,9.89,8.928,1.255,-10.08,12.59,188.94,285.03,5.944180644216319,5.1494007
2004-11-27,1.1941385657245969,546.9932556530306,0.33912957136335997,1.1920928955078125e-07,1.1920929e-07,1.1920929e-07,0.0,8.928,-7.3,-10.6,-4.0,142.71,277.84,4.416210926314867,2.2333574
2004-11-28,0.03621161731567848,543.1483898309973,0.4093003518814768,1.1920928955078125e-07,1.1920929e-07,1.1920929e-07,0.0,8.869603,-4.535,-10.68,1.61,219.12,272.62,2.789620942092102,3.9498243
2004-11-29,0.22482682156347533,560.046222375309,0.7121155058410104,0.20335609622281042,1.1920929e-07,47.73,47.73,8.832,3.03,-0.48,6.54,110.73,599.47,21.006304977660587,24.186579
2004-11-30,0.1522716398873156,557.0301629042307,0.4703412178093951,1.1920928955078125e-07,1.1920929e-07,1.1920929e-07,0.0,8.832,-2.885,-6.18,0.41,144.31,385.54,14.65043887261601,5.822334
2004-12-01,0.15260184576599112,550.1899711153546,0.5108365665640489,1.1920928955078125e-07,2.411008e-07,8.09,8.09,8.832,-1.54,-7.13,4.05,153.07,360.99,6.470276226638314,6.8073516
2004-12-02,0.10314019016908323,558.6704153434308,0.625098067665196,0.07602035367908734,1.1920929e-07,28.9,28.9,8.816672,1.175,-1.92,4.27,99.18,528.83,17.82218709102967,7.938659
2004-12-03,0.4770603994712578,554.9736279391616,0.42271865566605205,1.1920928955078125e-07,1.779487,0.00051297544,1.78,8.736006,-4.175,-8.64,0.29,158.57,316.35,11.458821743245796,3.930319
2004-12-04,4.258100016612551,547.5091588270545,0.2959905572898908,1.1920928955078125e-07,5.32,1.1920929e-07,5.32,8.735997,-8.85,-14.01,-3.69,145.07,209.12,4.696986252708236,2.7502482
2004-12-05,7.113360101901459,543.5357279965418,0.307765832230939,1.1920928955078125e-07,0.76,1.1920929e-07,0.76,8.735997,-8.23,-15.08,-1.38,221.08,191.29,2.9217538206078655,2.2723682
2004-12-06,7.4001986569227896,540.7664726446809,0.2904898722740377,1.1920928955078125e-07,1.1920929e-07,1.1920929e-07,0.0,8.735997,-8.935,-17.46,-0.41,232.95,160.45,2.0987026130205626,1.5019085
2004-12-07,7.720543404632442,538.687233342711,0.19462309620937152,1.1920928955078125e-07,1.0,1.1920929e-07,1.0,8.735997,-14.105,-18.03,-10.18,156.24,150.15,1.6370507241323595,1.8042408
2004-12-08,15.933863580048772,536.9687589415249,0.29888105193126724,1.1920928955078125e-07,15.1,1.1920929e-07,15.1,8.677603,-8.37,-12.64,-4.1,124.3,232.67,1.333192759409811,1.9602833
2004-12-09,24.2969967641926,536.0771709264244,0.46727924393312,1.1920928955078125e-07,8.658767e-06,1.9899913,1.99,8.640008,-2.125,-6.7,2.45,165.79,371.3,1.1984770269652427,1.7652302
2004-12-10,24.462780994598468,534.9524952102776,0.41234656039650386,1.1920928955078125e-07,0.9830473,0.006952688,0.99,8.64,-3.855,-6.48,-1.23,104.58,377.3,1.047784312943056,1.5506718
2004-12-11,25.276020761224718,544.2346710997019,0.47740945721844097,1.1920928955078125e-07,3.9474668e-05,22.44996,22.45,8.64,-2.035,-3.32,-0.75,43.53,477.21,3.1762215139332017,1.5799297
2004-12-12,25.276068996496324,549.1933272392067,0.46702010227312024,1.1920928955078125e-07,3.3018292e-05,0.229967,0.23,8.64,-2.475,-3.85,-1.1,63.38,458.2,5.743920099983738,1.4726505
2004-12-13,25.277791171169188,544.4251774893457,0.4232683379861459,1.1920928955078125e-07,0.14655855,0.0034414576,0.15,8.64,-3.735,-6.07,-1.4,103.8,389.6,3.2493454735323555,1.3361135
2004-12-14,26.49928136179711,541.3391282504651,0.3590232052580313,1.1920928955078125e-07,2.0,1.1920929e-07,2.0,8.64,-5.935,-10.43,-1.44,178.73,280.0,2.2473213996402777,1.2385869
2004-12-15,27.533131273560553,539.1037855496068,0.19978379526328477,1.1920928955078125e-07,1.1920929e-07,1.1920929e-07,0.0,8.64,-13.64,-17.01,-10.27,146.4,160.0,1.7205862074816842,1.150813
2004-12-16,27.5081936582166,537.3693365673163,0.18460171188190325,1.1920928955078125e-07,1.1920929e-07,1.1920929e-07,0.0,8.64,-14.605,-18.6,-10.61,167.44,146.17,1.398551131656473,1.0922971
2004-12-17,27.67545435531901,535.8728149700845,0.2520230287038078,1.1920928955078125e-07,0.37,1.1920929e-07,0.37,8.64,-10.55,-18.29,-2.81,228.36,148.73,1.1695693379029182,1.0435338
2004-12-18,28.613268064214253,534.5464665077027,0.23569604777152608,1.1920928955078125e-07,1.54,1.1920929e-07,1.54,8.64,-11.395,-21.36,-1.43,227.98,115.22,0.9981679953041787,0.98501796
2004-12-19,29.43701636955021,533.4022195193586,0.1902220216778876,1.1920928955078125e-07,1.1920929e-07,1.1920929e-07,0.0,8.64,-14.13,-22.0,-6.26,227.63,107.25,0.8706233159719097,0.9460073
2004-12-20,31.170270559598432,532.3365498967123,0.3114649459873226,1.1920928955078125e-07,3.22,1.1920929e-07,3.22,8.64,-7.64,-16.15,0.87,170.35,168.64,0.766538926733277,0.9069967
2004-12-21,33.30340682468089,531.4211190859268,0.09591710947020213,1.1920928955078125e-07,1.0,1.1920929e-07,1.0,8.64,-22.465,-28.09,-16.84,199.93,64.2,0.6871219352431834,0.8679861
2004-12-22,33.805594506836485,530.6639749613744,0.12467488642826906,1.1920928955078125e-07,1.1920929e-07,1.1920929e-07,0.0,8.64,-19.315,-27.34,-11.29,227.29,65.37,0.6276921282521656,0.89724404
2004-12-23,33.674846465390445,529.8464979305888,0.344413332856596,1.1920928955078125e-07,1.1920929e-07,1.1920929e-07,0.0,8.64,-6.21,-13.85,1.43,218.83,209.6,0.5692839805395403,4.037598
2004-12-24,33.80457956272009,544.9303539099583,0.5956659898165649,1.9383800846054555,1.1920929e-07,33.4,33.4,8.64,1.13,-7.73,9.99,170.87,342.22,3.4515071199186504,26.13711
2004-12-25,38.65514563731106,549.2418126917289,0.2423612918657053,1.1920928955078125e-07,1.1920929e-07,1.1920929e-07,0.0,8.64,-11.385,-18.11,-4.66,212.97,147.78,5.777290838192239,5.003111
2004-12-26,38.222947285520284,544.6653722394135,0.21432886568441242,1.1920928955078125e-07,1.1920929e-07,1.1920929e-07,0.0,8.64,-12.87,-17.7,-8.04,179.53,154.66,3.3439459724250424,2.6332164
2004-12-27,40.51310634683086,541.6749034450041,0.19684519724640834,1.1920928955078125e-07,4.0,1.1920929e-07,4.0,8.64,-13.89,-15.2,-12.58,46.52,197.87,2.3393116521692847,2.0578098
2004-12-28,42.58587664001093,539.4568059190999,0.15569473431175715,1.1920928955078125e-07,1.1920929e-07,1.1920929e-07,0.0,8.64,-16.79,-20.37,-13.21,148.25,122.67,1.7947094994208461,1.5409192
2004-12-29,42.528605396070894,537.6581657978312,0.22848885160639865,1.1920928955078125e-07,1.1920929e-07,1.1920929e-07,0.0,8.64,-11.875,-17.67,-6.08,205.93,155.51,1.4476557062203932,1.4531453
2004-12-30,42.9712452552039,536.0920308277921,0.26566392440045494,1.1920928955078125e-07,0.89,1.1920929e-07,0.89,8.64,-9.86,-16.45,-3.27,215.18,169.44,1.2006067281371344,1.3848767
2004-12-31,43.65908178490832,534.7307258266598,0.24543188074435607,1.1920928955078125e-07,0.44,1.1920929e-07,0.44,8.64,-10.87,-17.06,-4.68,210.56,162.47,1.0203862423890777,1.3751241
2005-01-01,44.771528190177214,534.6195583009035,0.5205304064600673,1.1920928955078125e-07,1.1920929e-07,4.52,4.52,8.657714,-0.575,-7.11,5.96,151.14,359.85,1.0069230203923816,1.9992938
2005-01-02,45.40152194453128,534.8962072381634,0.32668943076447643,1.1920928955078125e-07,1.1920929e-07,1.1920929e-07,0.0,8.72067,-7.185,-15.92,1.55,235.19,178.13,1.0407614304068176,1.6872089
2005-01-03,49.745643751354486,533.6190143165987,0.31814778968974944,1.1920928955078125e-07,8.39,1.1920929e-07,8.39,8.735997,-7.535,-15.74,0.67,173.01,182.64,0.8934689554722535,1.5409192
2005-01-04,52.95920500596768,533.2078272878387,0.5240323404462691,1.1920928955078125e-07,1.1920929e-07,1.1920929e-07,0.0,8.735997,-0.57,-4.35,3.21,137.42,446.08,0.8506356061903239,1.3556187
2005-01-05,52.959229005140855,532.0301777524735,0.362404177494131,1.1920928955078125e-07,1.1920929e-07,1.1920929e-07,0.0,8.735997,-5.72,-10.66,-0.78,175.07,271.27,0.7389873427532656,1.1898236
2005-01-06,52.93387132245395,531.0506658124455,0.23216989881707978,1.1920928955078125e-07,1.1920929e-07,1.1920929e-07,0.0,8.735997,-11.65,-16.66,-6.64,178.73,168.65,0.6573724815257458,1.1118025
2005-01-07,56.76581171877905,530.1826560011928,0.2643885811798739,1.1920928955078125e-07,7.91,1.1920929e-07,7.91,8.7736025,-9.98,-14.65,-5.31,128.57,197.67,0.5926137538985999,1.0630392
2005-01-08,60.84283906903236,529.3320125555347,0.3093929738738525,1.1920928955078125e-07,1.1920929e-07,1.1920929e-07,0.0,8.832,-7.95,-11.64,-4.26,142.5,248.87,0.5353441354881341,1.0337812
2005-01-09,63.34851577033623,528.5251930827086,0.28148946215801024,1.1920928955078125e-07,4.68,1.1920929e-07,4.68,8.832,-9.195,-14.74,-3.65,148.32,197.57,0.486147812356611,1.0240285
2005-01-10,65.54774815144042,527.76832530364,0.30347435109097676,1.1920928955078125e-07,1.1920929e-07,1.1920929e-07,0.0,8.832,-8.17,-14.17,-2.17,210.76,205.74,0.44411510493899686,1.0142759
2005-01-11,66.1865354146641,527.035868370625,0.30827993615362853,1.1920928955078125e-07,1.32,1.1920929e-07,1.32,8.8320055,-7.94,-14.8,-1.08,229.57,196.6,0.40690159943096904,0.98501796
2005-01-12,66.749963349419,526.3753149164706,0.23284585141606054,1.1920928955078125e-07,1.1920929e-07,1.1920929e-07,0.0,8.928,-11.78,-15.61,-7.95,152.99,180.74,0.37602283438046896,0.97526526
2005-01-13,69.92419866378224,525.7391619316285,0.3148106462289168,1.1920928955078125e-07,6.34,1.1920929e-07,6.34,8.928,-7.77,-13.33,-2.21,153.36,219.31,0.34850189671551324,1.0922971
2005-01-14,71.42612906686134,529.2338814215589,0.6731710769207567,6.0649871826171875,1.1920929e-07,5.3,5.3,8.928,2.875,-4.12,9.87,172.82,444.46,0.5291041460468137,3.3646653
2005-01-15,69.5468917332559,535.9682499090911,0.44271147858914844,1.1920928955078125e-07,4.3992233,2.8007762,7.2,8.965603,-3.405,-14.48,7.67,207.47,202.44,1.1829815113571498,6.83661
2005-01-16,73.00150066164854,534.7253470726471,0.225990100576325,1.1920928955078125e-07,1.1920929e-07,1.1920929e-07,0.0,9.024,-12.51,-17.15,-7.87,187.92,159.75,1.0197307099617143,4.2911673
2005-01-17,74.61832032531333,533.5524537027377,0.22297590545495038,1.1920928955078125e-07,3.14,1.1920929e-07,3.14,9.024,-12.655,-16.14,-9.17,121.89,173.89,0.886391803767781,2.7307427
2005-01-18,76.19418250356779,532.5381474577952,0.14336642576102945,1.1920928955078125e-07,1.1920929e-07,1.1920929e-07,0.0,9.024009,-18.185,-24.5,-11.87,239.02,84.41,0.7852262773606058,1.5799297
2005-01-19,75.94644274417129,531.6744421925686,0.1011221108562399,1.1920928955078125e-07,1.1920929e-07,1.1920929e-07,0.0,9.12,-22.485,-28.56,-16.41,236.39,55.0,0.7082366357288414,1.3068554
2005-01-20,79.9955855800031,530.8865428881373,0.1291271261411626,1.1920928955078125e-07,7.75,1.1920929e-07,7.75,9.12,-19.55,-27.36,-11.74,202.69,68.27,0.6446075904025138,1.2775975
2005-01-21,84.02729174725724,530.1382737872676,0.13109202913999243,1.1920928955078125e-07,1.1920929e-07,1.1920929e-07,0.0,9.120006,-19.35,-27.04,-11.66,273.73,74.8,0.5894796226767989,1.1410604
2005-01-22,83.85218517617866,529.4675924222149,0.08446284554881817,1.1920928955078125e-07,1.1920929e-07,1.1920929e-07,0.0,9.216002,-24.655,-29.6,-19.71,212.62,40.0,0.5440866822959614,1.0142759
2005-01-23,85.32766647651876,528.8457446996539,0.1123000434789659,1.1920928955078125e-07,2.7,1.1920929e-07,2.7,9.216002,-21.305,-28.35,-14.26,224.31,59.3,0.5051278371890463,0.8777388
2005-01-24,86.63329459277097,528.2377188735218,0.13036506291692607,1.1920928955078125e-07,1.1920929e-07,1.1920929e-07,0.0,9.253603,-19.55,-24.98,-14.12,232.77,80.0,0.4697336887315983,0.79971755
2005-01-25,86.96436222373228,527.6350815531147,0.16948974616560986,1.1920928955078125e-07,0.76,1.1920929e-07,0.76,9.312,-16.39,-22.29,-10.49,247.48,113.72,0.4371009152336413,0.74120164
2005-01-26,88.43047718043665,527.0413396240813,0.1653337574885856,1.1920928955078125e-07,2.0,1.1920929e-07,2.0,9.312,-16.685,-20.83,-12.54,193.65,120.0,0.40716767538574306,0.702191
2005-01-27,90.44303166038674,526.503563545395,0.12178224857915541,1.1920928955078125e-07,2.0,1.1920929e-07,2.0,9.408,-20.53,-27.09,-13.97,270.66,80.0,0.38182895375074577,0.6631804
2005-01-28,91.34312143371808,526.0160757416892,0.11610270678608953,1.1920928955078125e-07,1.1920929e-07,1.1920929e-07,0.0,9.408,-21.09,-27.64,-14.54,274.28,68.97,0.36022496631349255,0.63392246
2005-01-29,91.34777216802428,525.5219553607305,0.14669391014914818,1.1920928955078125e-07,1.1920929e-07,1.1920929e-07,0.0,9.425714,-18.275,-25.35,-11.2,286.22,79.28,0.3395741375720639,0.61441714
2005-01-30,91.34777216802428,524.9838760547658,0.26374307925415125,1.1920928955078125e-07,1.1920929e-07,1.1920929e-07,0.0,9.504,-10.935,-18.89,-2.98,305.8,139.34,0.3184303376110776,0.61441714
2005-01-31,91.3477720434244,524.4213708697276,0.2557223136444529,1.1920928955078125e-07,1.1920929e-07,1.1920929e-07,0.0,9.504,-11.325,-20.06,-2.59,318.77,120.0,0.29773291134405117,0.5949118
2005-02-01,91.34777155166515,523.8861211422491,0.26272212699101904,1.1920928955078125e-07,1.1920929e-07,1.1920929e-07,0.0,9.5999975,-11.09,-20.29,-1.89,327.12,120.0,0.2792887857406174,0.5851592
2005-02-02,91.3477709545991,523.3573518564709,0.3041147325227708,1.1920928955078125e-07,1.1920929e-07,1.1920929e-07,0.0,9.5999975,-9.145,-19.29,1.0,338.65,120.23,0.26219017442625303,0.5754065
2005-02-03,91.34777054550204,522.8093877294655,0.31074683822368604,1.1920928955078125e-07,1.1920929e-07,1.1920929e-07,0.0,9.680673,-8.955,-18.95,1.04,339.19,132.7,0.24557453711430532,0.5754065
2005-02-04,91.3477706176498,522.2165534783047,0.3848602025894813,1.1920928955078125e-07,1.1920929e-07,1.1920929e-07,0.0,9.696,-6.07,-15.75,3.61,335.89,181.65,0.22878208251625665,0.56565386
2005-02-05,91.34777146431814,521.5531738200607,0.519283862042997,1.1920928955078125e-07,1.1920929e-07,1.1920929e-07,0.0,9.713714,-1.9,-9.63,5.83,306.35,288.13,0.21134899301115523,0.5754065
2005-02-06,91.34778646654631,520.8090305479554,0.5649943663995247,1.1920928955078125e-07,1.1920929e-07,1.1920929e-07,0.0,9.792003,-0.79,-9.49,7.91,324.51,291.39,0.1933693547549175,0.5754065
2005-02-07,91.35988285883947,520.0482188839655,0.5653500330010607,1.1920928955078125e-07,1.1920929e-07,1.1920929e-07,0.0,9.792003,-0.76,-8.16,6.64,300.21,320.44,0.17656727481198553,0.5851592
2005-02-08,91.24019854342335,519.3922065915639,0.6321494661991746,0.9784357786329245,1.1920929e-07,1.1920929e-07,0.0,9.888002,0.73,-7.41,8.87,316.46,349.76,0.1632565709135132,0.62416977
2005-02-09,88.95270977446485,521.8460634503837,0.6829631576968368,3.499489486399625,1.1920929e-07,2.88,2.88,9.888002,1.79,-1.29,4.87,122.49,560.11,0.21887583144103992,0.9069967
2005-02-10,87.12876586635402,529.1204157531557,0.6215073829095924,1.1920928955078125e-07,1.1920929e-07,10.43,10.43,9.984,0.075,-2.76,2.91,107.89,499.47,0.5219796750483956,1.180071
2005-02-11,96.38308091325104,534.3599007740405,0.379049405063664,1.1920928955078125e-07,20.75,1.1920929e-07,20.75,9.984,-6.99,-11.96,-2.02,183.79,247.1,0.9761645017820079,0.9362547
2005-02-12,109.70534385202257,533.1131013100696,0.3186179119322529,1.1920928955078125e-07,4.17,1.1920929e-07,4.17,10.08,-9.42,-12.25,-6.59,122.58,239.27,0.841062677650915,0.79971755
2005-02-13,111.69947200150109,532.004552748443,0.3292559904052684,1.1920928955078125e-07,0.35,1.1920929e-07,0.35,10.08,-8.955,-14.85,-3.06,286.28,197.43,0.7367283037345552,0.7119437
2005-02-14,111.69379617908099,531.0348455580624,0.2248035193173756,1.1920928955078125e-07,1.1920929e-07,1.1920929e-07,0.0,10.1760025,-14.03,-23.01,-5.05,376.67,90.48,0.6561311092418171,0.63392246
2005-02-15,120.0171769226751,530.1692018662226,0.28594339668024626,1.1920928955078125e-07,15.45,1.1920929e-07,15.45,10.1760025,-10.9,-21.44,-0.36,297.84,111.86,0.5916619095438823,0.6534277
2005-02-16,126.30390467067976,531.2557778141571,0.698737350542322,2.352589716820603,1.1920929e-07,1.06,1.06,10.271997,1.305,-3.23,5.84,240.06,480.22,0.6736812958408612,0.74120164
2005-02-17,126.14382270675824,534.161416794322,0.5098534241132713,1.1920928955078125e-07,2.148529,4.541471,6.69,10.271997,-3.285,-10.63,4.06,260.16,275.9,0.9532876339350526,1.5701771
2005-02-18,129.0899989049619,533.1794233902559,0.2731606831322815,1.1920928955078125e-07,1.1920929e-07,1.1920929e-07,0.0,10.368,-11.815,-19.77,-3.86,371.88,130.08,0.8477537505112641,1.1020498
2005-02-19,129.19943841970996,532.1233657048132,0.24385742534993676,1.1920928955078125e-07,1.1920929e-07,1.1920929e-07,0.0,10.368,-13.255,-21.2,-5.31,376.07,117.46,0.747261126203133,0.8289755
2005-02-20,129.19812013050304,531.1936507062916,0.2036721169425241,1.1920928955078125e-07,1.1920929e-07,1.1920929e-07,0.0,10.464,-15.635,-21.49,-9.78,318.15,114.41,0.6686991983367866,0.7216963
2005-02-21,129.20555962865663,530.3591522433945,0.17462314714160712,1.1920928955078125e-07,1.1920929e-07,1.1920929e-07,0.0,10.464,-17.53,-23.04,-12.02,307.25,96.27,0.605243125699555,0.6631804
2005-02-22,129.24239100520455,529.5638734514343,0.22632597099779864,1.1920928955078125e-07,7.04,1.1920929e-07,7.04,10.56,-14.38,-18.06,-10.7,168.04,148.86,0.5503816948418124,0.6534277
2005-02-23,129.29947681855663,528.8034792542661,0.34106479584147953,1.1920928955078125e-07,1.01,1.1920929e-07,1.01,10.56,-9.025,-12.85,-5.2,233.68,240.0,0.5025834798218323,0.63392246
2005-02-24,129.36489870441318,528.0781492516313,0.24344509384154775,1.1920928955078125e-07,1.1920929e-07,1.1920929e-07,0.0,10.655997,-13.53,-21.45,-5.61,403.08,120.0,0.460863026883043,0.5949118
2005-02-25,129.42673829847453,527.3880630432715,0.23888570905108392,1.1920928955078125e-07,1.1920929e-07,1.1920929e-07,0.0,10.655997,-13.755,-20.61,-6.9,373.93,120.88,0.4243891548319466,0.5754065
2005-02-26,129.4730772364411,526.7334002289278,0.2293898001645819,1.1920928955078125e-07,1.1920929e-07,1.1920929e-07,0.0,10.752,-14.37,-23.06,-5.68,425.01,90.78,0.39245941823884034,0.56565386
2005-02-27,129.49199715401318,526.114340408342,0.23569698020398586,1.1920928955078125e-07,1.1920929e-07,1.1920929e-07,0.0,10.752,-14.01,-22.52,-5.5,424.4,100.92,0.3644790941715302,0.5559012
2005-02-28,129.45838171880033,525.5089962068786,0.2755794064065371,1.1920928955078125e-07,1.1920929e-07,1.1920929e-07,0.0,10.848,-12.1,-16.87,-7.33,290.54,160.0,0.33904877089562824,0.5363959
2005-03-01,132.89081540675662,524.8668948533694,0.34154840843064416,1.1920928955078125e-07,7.14,1.1920929e-07,7.14,10.848005,-9.265,-16.42,-2.11,295.98,171.43,0.31401070165363637,0.5363959
2005-03-02,141.49711315557096,524.2331594189579,0.3200971024348944,1.1920928955078125e-07,8.89,1.1920929e-07,8.89,10.9439945,-10.225,-13.54,-6.91,168.49,218.81,0.2911124772352273,0.5363959
2005-03-03,145.79081655168838,523.6443648723337,0.29820471503383306,1.1920928955078125e-07,0.13,1.1920929e-07,0.13,11.04,-11.255,-15.78,-6.73,305.78,178.48,0.2713370563866671,0.5266433
2005-03-04,145.9782940706254,523.1194440633333,0.2519068091860871,1.1920928955078125e-07,1.1920929e-07,1.1920929e-07,0.0,11.04,-13.425,-16.02,-10.83,192.87,171.6,0.2548424172451621,0.4973853
2005-03-05,145.9642708809226,522.5883527971282,0.3207735269513803,1.1920928955078125e-07,1.1920929e-07,1.1920929e-07,0.0,11.136003,-10.385,-14.67,-6.1,310.51,200.0,0.23917409877336474,0.4973853
2005-03-06,145.9651433046456,521.9915183185485,0.4128480869784873,1.1920928955078125e-07,1.1920929e-07,1.1920929e-07,0.0,11.136003,-6.995,-12.53,-1.46,388.13,235.38,0.22271283940708464,0.4973853
2005-03-07,146.5447565679369,521.4019998721349,0.40819005458419966,1.1920928955078125e-07,0.92,1.1920929e-07,0.92,11.232,-7.25,-14.68,0.18,462.49,197.78,0.20756588811367707,0.4973853
2005-03-08,148.54899777645505,520.9183046781621,0.33736705151239543,1.1920928955078125e-07,7.55,1.1920929e-07,7.55,11.232,-9.79,-15.88,-3.7,318.57,180.25,0.19591050634430368,0.4973853
2005-03-09,152.02237356832424,520.5045214340306,0.28349764642999353,1.1920928955078125e-07,22.01,1.1920929e-07,22.01,11.327997,-12.17,-18.76,-5.58,342.33,137.51,0.18646061129739477,0.46812734
2005-03-10,157.00210658670932,520.1235707488793,0.17391932981831199,1.1920928955078125e-07,0.07,1.1920929e-07,0.07,11.327997,-18.315,-23.0,-13.63,375.74,89.51,0.1781640658237029,0.4973853
2005-03-11,163.52541947477508,519.7383732318472,0.20913074729844033,1.1920928955078125e-07,1.1920929e-07,1.1920929e-07,0.0,11.424,-16.13,-24.1,-8.16,510.33,80.0,0.17015031769110103,0.48763263
2005-03-12,171.62953487568632,519.3118494920732,0.28712148918982183,1.1920928955078125e-07,5.84,1.1920929e-07,5.84,11.424,-12.085,-20.28,-3.89,385.37,123.42,0.16169666205040678,0.47788
2005-03-13,181.50292440812694,518.8066800486603,0.40518152267999846,1.1920928955078125e-07,11.35,1.1920929e-07,11.35,11.52,-7.625,-12.79,-2.46,301.2,230.55,0.15222589340122752,0.47788
2005-03-14,188.59659883794941,518.2057919825506,0.491859212710763,1.1920928955078125e-07,1.8899999,1.1920929e-07,1.89,11.616,-5.075,-9.67,-0.48,343.0,293.08,0.1416802470147892,0.47788
2005-03-15,192.41126246274905,517.6841082779488,0.5384057017674344,1.1920928955078125e-07,5.901188,0.06881193,5.97,11.616,-3.805,-7.8,0.19,269.75,339.52,0.1331189491766111,0.48763263
2005-03-16,194.15519423380366,518.0468137736411,0.570048147117938,1.1920928955078125e-07,0.037412487,0.37258753,0.41,11.711997,-3.13,-6.99,0.73,330.13,363.51,0.1390145161518847,0.48763263
2005-03-17,194.34536428632038,517.4919570927163,0.5084799834861932,1.1920928955078125e-07,0.17999975,2.4676325e-07,0.18,11.711997,-4.71,-9.29,-0.13,394.73,297.8,0.130097643248207,0.48763263
2005-03-18,194.44564313689824,516.899667416385,0.41042577360560367,1.1920928955078125e-07,1.1920929e-07,1.1920929e-07,0.0,11.808002,-7.735,-16.04,0.57,558.16,176.44,0.12120941670105255,0.48763263
2005-03-19,194.46030182397726,516.3699223960353,0.4271822852445472,1.1920928955078125e-07,1.1920929e-07,1.1920929e-07,0.0,11.808002,-7.18,-15.29,0.93,556.54,189.21,0.11377547214333569,0.48763263
2005-03-20,194.4562985733131,515.7791913701408,0.5391885755115298,1.1920928955078125e-07,1.1920929e-07,1.1920929e-07,0.0,11.904,-4.075,-10.94,2.79,521.08,265.02,0.10602211279781766,0.5168906
2005-03-21,194.4562361485193,515.132731057635,0.5445316668152375,1.1920928955078125e-07,1.1920929e-07,1.1920929e-07,0.0,11.904,-3.92,-12.47,4.63,573.58,236.43,0.09814146788487117,0.5754065
2005-03-22,194.45613463976017,514.466059001066,0.584792484048703,1.1920928955078125e-07,1.1920929e-07,1.1920929e-07,0.0,11.999997,-3.015,-11.73,5.7,578.32,251.27,0.09062747612625209,0.6534277
2005-03-23,194.4560645251608,513.774639013744,0.6103641932264584,1.1920928955078125e-07,1.1920929e-07,1.1920929e-07,0.0,12.096,-2.505,-10.31,5.3,555.81,279.76,0.08344168909289663,0.7216963
2005-03-24,194.4560962828464,513.0539349089788,0.6725859905423417,1.1920928955078125e-07,1.1920929e-07,1.1920929e-07,0.0,12.096,-1.105,-5.89,3.68,414.54,394.56,0.07655732970409009,0.6826857
2005-03-25,194.4563003909264,512.2994105078711,0.7026643857023218,1.1920928955078125e-07,1.1920929e-07,1.1920929e-07,0.0,12.192,-0.57,-5.99,4.85,454.75,391.63,0.06995770923809885,0.7119437
2005-03-26,194.4564196756813,511.65581854465756,0.48693570053923596,1.1920928955078125e-07,1.1920929e-07,1.1920929e-07,0.0,12.192,-5.705,-14.74,3.33,598.65,196.44,0.06477993523138552,0.73144895
2005-03-27,194.4564109316317,510.9544153889085,0.5106237791374146,1.1920928955078125e-07,1.1920929e-07,1.1920929e-07,0.0,12.288,-5.14,-14.13,3.85,599.25,206.2,0.059572482498902055,0.79971755
2005-03-28,194.4564109045903,510.21181728161633,0.6327321223412696,1.1920928955078125e-07,1.1920929e-07,1.1920929e-07,0.0,12.288,-2.12,-11.51,7.27,604.89,254.59,0.05451466402588725,1.0337812
2005-03-29,194.45640145483594,521.7391670046984,0.7233481045416815,1.1920928955078125e-07,1.1920929e-07,23.18,23.18,12.384,-0.64,-3.25,1.97,188.52,479.98,0.21609817763518074,3.7840292
2005-03-30,193.76111017240228,532.1696936810221,0.8522661003483203,2.695526435098145,1.1920929e-07,1.1920929e-07,0.0,12.384,1.45,-2.11,5.01,330.5,522.34,0.7514088102148558,4.495973
2005-03-31,188.85585057594997,535.3560219381163,0.9755992788060031,6.92803430557251,1.1920929e-07,1.1920929e-07,0.0,12.48,3.24,-3.46,9.94,539.01,472.06,1.0995381930906476,3.4914498
2005-04-01,181.2825964851673,540.3972171208679,1.006142554055831,7.412759304046631,1.1920929e-07,1.1920929e-07,0.0,12.576003,3.445,-2.19,9.08,482.99,522.65,2.0081250784237743,3.003817
2005-04-02,175.50038116306084,542.873076132405,0.9247832481108185,4.303425312042236,1.1920929e-07,1.1920929e-07,0.0,12.576003,2.13,-0.8,5.06,286.02,578.19,2.699352235490067,3.062333
2005-04-03,171.50102723476178,561.7754594231891,0.9538496980564765,3.9251027196522728,1.1920929e-07,45.64,45.64,12.672003,1.97,-0.86,4.8,208.0,576.72,25.82719935563438,35.499657
2005-04-04,167.08802404178897,564.5597792364571,0.9856598308842781,4.8945536613464355,1.1920929e-07,31.61,31.61,12.672003,2.38,-0.5,5.26,213.07,589.22,36.0206632812855,21.845942
2005-04-05,163.0808397079252,557.9653540740012,0.9295067523778751,3.0029339699119078,1.1920929e-07,4.21,4.21,12.767997,1.58,-1.04,4.2,207.69,568.72,16.38235652033442,11.118024
2005-04-06,159.33430545539764,551.0785869824629,0.9853063125404153,5.4620361328125,1.1920929e-07,1.1920929e-07,0.0,12.767997,2.62,-1.23,6.47,379.64,561.09,7.1950171581170785,9.469826
2005-04-07,148.9913355454098,553.5152494553731,1.2767360938894647,14.23437786102295,1.1920929e-07,2.04,2.04,12.864003,6.33,-0.21,12.87,523.21,602.31,9.626463763468148,13.068555
2005-04-08,137.1943619085102,555.2475893236248,1.105666829083038,8.985160827636719,1.1920929e-07,2.34,2.34,12.864003,4.11,-0.81,9.03,425.61,577.47,11.84010161518668,14.141347
2005-04-09,129.47374760261533,552.8064011743788,1.0387720375382898,6.679760456085205,1.1920929e-07,1.1920929e-07,0.0,12.96,3.135,-2.82,9.09,534.41,497.23,8.844751840820122,11.313077
2005-04-10,122.94635186820463,550.6042304352437,1.0262956552886848,6.396018981933594,1.1920929e-07,1.1920929e-07,0.0,12.96,3.015,-3.6,9.63,567.34,468.53,6.798578994450279,9.752653
2005-04-11,117.04865470546626,549.1932696942138,0.9973076242006457,5.225584983825684,1.1920929e-07,1.1920929e-07,0.0,13.056,2.52,-5.71,10.75,632.32,401.23,5.743880608642747,8.855409
2005-04-12,115.22131311914562,545.3227502401608,0.768646787077644,1.1920928955078125e-07,1.1920929e-07,1.1920929e-07,0.0,13.151992,-1.265,-5.27,2.74,416.89,414.92,3.617176165415932,6.21244
2005-04-13,115.22127376616048,542.3678972386484,0.7477848520802303,1.1920928955078125e-07,1.1920929e-07,1.51,1.51,13.152,-1.58,-4.43,1.27,293.63,442.28,2.5412450478505817,4.5447364
2005-04-14,114.02683184990198,541.1508582181262,0.9498588029207766,3.5349570983797207,1.1920929e-07,1.1920929e-07,0.0,13.247997,1.805,-3.23,6.84,496.71,483.14,2.1973342410000063,4.44721
2005-04-15,112.81208531761456,539.4142912090983,0.8288839074518464,1.1920928955078125e-07,1.1920929e-07,1.1920929e-07,0.0,13.247997,-0.13,-7.69,7.43,623.99,340.33,1.7856162672784426,4.4862204
2005-04-16,111.15082024700895,538.567361077096,0.9871247511225907,4.788150310516357,1.1920929e-07,1.1920929e-07,0.0,13.344,2.335,-6.71,11.38,659.56,368.84,1.6137718482942849,5.5004964
2005-04-17,102.09813576660011,544.2856002496864,1.2639300640950217,13.158524513244629,1.1920929e-07,1.1920929e-07,0.0,13.344,5.875,-4.68,16.43,680.12,434.91,3.195607444111524,8.319013
2005-04-18,86.35605311383506,552.9600382817493,1.4575633168549222,17.48558235168457,1.1920929e-07,1.1920929e-07,0.0,13.44,7.705,-2.54,17.95,673.12,508.25,9.008607452520469,10.240286
2005-04-19,70.39951532637934,556.1135850174952,1.342804126576237,14.305313110351562,1.1920929e-07,1.1920929e-07,0.0,13.44,6.36,-1.74,14.46,625.01,539.17,13.130785690408015,9.59661
2005-04-20,52.2284821710705,558.2909511442315,1.671038016095085,21.89539909362793,1.1920929e-07,1.1920929e-07,0.0,13.536,9.57,-0.72,19.86,671.85,577.63,17.03221542288492,13.751241
2005-04-21,32.437358659150895,562.1016661943542,1.437042222619714,16.114166259765625,1.1920929e-07,14.11,14.11,13.536,7.125,-2.32,16.57,493.45,516.57,26.85367445529019,14.2388735
2005-04-22,24.3110592966894,555.4333320311674,0.9429387753354157,1.3912633032553003,1.1920929e-07,1.1920929e-07,0.0,13.632,0.9,-5.32,7.12,559.15,415.1,12.105796087127166,6.914631
2005-04-23,19.33126292812499,552.3438497524777,1.1702313388204135,9.127031326293945,1.1920929e-07,4.14,4.14,13.632,4.17,-3.46,11.8,460.93,473.43,8.369211008092337,6.241698
2005-04-24,10.033637858994837,557.5617084914336,1.2031817213968272,9.528997421264648,1.1920929e-07,13.62,13.62,13.728,4.34,0.45,8.23,290.72,632.04,15.611037912464239,31.306015
2005-04-25,3.670163606042587,565.8719873799589,1.32190317041307,3.6701636060425864,1.1920929e-07,42.38,42.38,13.728,5.535,1.54,9.53,303.67,682.32,42.13473995160257,22.821207
2005-04-26,1.3437084296453266,559.3362717685691,1.042763964811869,1.3437064678538433,1.1920929e-07,6.89,6.89,13.8239975,2.065,-2.16,6.29,325.91,523.89,19.29795726309435,11.118024
2005-04-27,0.4896062826526099,549.3665824796788,1.405651878539601,0.4859731670098465,1.1920929e-07,1.1920929e-07,0.0,13.8239975,6.815,-0.39,14.02,619.04,594.71,5.86405935934527,9.947706
2005-04-28,0.18608397102465327,556.2562217572685,1.2240710640867505,0.16103609960283047,1.1920929e-07,28.15,28.15,13.92,4.425,1.91,6.94,209.63,701.76,13.35647730515855,26.917322
2005-04-29,0.08251857176348718,560.1870963903241,1.0616585091936261,0.05737813476373494,1.1920929e-07,17.6,17.6,13.92,2.205,-0.17,4.58,199.09,605.53,21.36286118711547,13.653714
2005-04-30,0.04247113870677634,553.5128652510217,1.2195032403325425,0.0256784790780489,1.1920929e-07,2.9,2.9,14.016003,4.34,-1.61,10.29,477.22,545.55,9.623721963011567,8.075196
2005-05-01,0.023465982023703685,549.9726297806687,1.352088053515113,0.013103339343854657,1.1920929e-07,9.15,9.15,14.016003,5.995,-0.65,12.64,446.65,584.99,6.304422196100681,10.337812
2005-05-02,0.013475100607520973,547.6560108259778,1.1311860942902947,0.007190810500250686,1.1920929e-07,1.0,1.0,14.112002,3.275,-1.01,7.56,448.96,570.15,4.780124743311136,6.6025457
2005-05-03,0.007889568554102423,544.1202171162124,1.2632836803116734,0.004100316838929846,1.1920929e-07,2.0,2.0,14.112002,5.025,-1.62,11.67,596.81,545.73,3.1330832070987236,5.0908847
2005-05-04,0.004641467789548536,541.6751681988543,1.1420819186832238,0.0023745822859922872,1.1920929e-07,1.0,1.0,14.208,3.48,-2.95,9.91,585.24,492.91,2.339385650969825,3.901061
2005-05-05,0.0024922326079725486,539.0393567049492,1.1323310330542147,0.0012616435587314684,1.1920929e-07,1.1920929e-07,0.0,14.208,3.425,-2.78,9.63,567.04,499.92,1.7073922908561385,3.1696122
2005-05-06,0.0011472916665426713,536.3815342961877,1.233368265745422,0.0005769364925965186,1.1920929e-07,1.1920929e-07,0.0,14.2862835,4.695,-1.87,11.26,578.94,535.01,1.2428613868009344,2.7990115
2005-05-07,0.0006039732546269968,533.9185795367126,1.3484273430048288,0.0003028985837720382,1.1920929e-07,1.1920929e-07,0.0,14.304,6.095,-0.64,12.83,583.01,585.78,0.9260266382055814,2.8965378
2005-05-08,0.00013328470172530374,531.3127834129499,1.1229564733522779,6.668676288536212e-05,1.1920929e-07,11.58,11.58,14.31933,3.4,1.02,5.78,191.06,657.39,0.678285337594188,4.0571036
2005-05-09,-0.0002461989467131562,528.6548810535418,1.1604153244427118,1.1920928955078125e-07,1.1920929e-07,1.68,1.68,14.399997,3.88,0.73,7.03,319.01,648.87,0.4937392578882125,3.1891174
2005-05-10,-0.0004145759832195721,526.1003753498389,1.5247850581263154,1.1920928955078125e-07,1.1920929e-07,1.1920929e-07,0.0,14.399997,8.105,1.12,15.09,601.8,664.41,0.3638714622766167,2.9160433
2005-05-11,-0.0002969184844669793,524.1859873981273,2.042032142753568,1.1920928955078125e-07,1.1920929e-07,1.1920929e-07,0.0,14.495997,12.665,3.18,22.15,667.8,769.61,0.28947637862901693,3.0135698
2005-05-12,-0.00017303384396890684,525.0555543370177,1.8341547771722766,1.1920928955078125e-07,1.1920929e-07,4.73,4.73,14.495997,10.925,1.05,20.8,502.41,659.81,0.32116907529967514,3.315902
2005-05-13,-0.00010289163450441799,525.5581867145883,1.0386039084765404,1.1920928955078125e-07,1.1920929e-07,1.1920929e-07,0.0,14.574286,2.145,-3.15,7.44,499.84,485.15,0.34104728749562857,2.2431102
2005-05-14,-5.9989006952754817e-05,523.5877405221711,1.2049902376633317,1.1920928955078125e-07,1.1920929e-07,1.1920929e-07,0.0,14.592003,4.39,-2.79,11.57,600.32,500.67,0.26950756009822646,1.8432513
2005-05-15,-3.5727684372880766e-05,524.4829796522671,1.498569157925861,1.1920928955078125e-07,1.1920929e-07,5.18,5.18,14.592003,7.68,0.94,14.42,428.61,654.81,0.29993257505519966,2.5064318
2005-05-16,-2.1197605206354572e-05,530.3895810229861,1.2614084396623717,1.1920928955078125e-07,1.1920929e-07,10.69,10.69,14.688,4.785,3.0,6.57,145.7,758.85,0.6074475314481125,3.8327925
2005-05-17,-1.149010077387446e-05,534.4452074031818,1.2893271955989358,1.1920928955078125e-07,1.1920929e-07,4.62,4.62,14.688,5.0,1.35,8.65,286.67,675.63,0.98616469368509,2.9160433
2005-05-18,-5.683558551923351e-06,534.3175319497809,1.4559885249107363,1.1920928955078125e-07,1.1920929e-07,1.1920929e-07,0.0,14.746397,6.79,1.4,12.18,529.12,675.32,0.9712355099276679,2.2918735
2005-05-19,-3.3391910069368603e-06,531.8593117526251,1.362061707356989,1.1920928955078125e-07,1.1920929e-07,0.24,0.24,14.784002,5.805,-0.01,11.62,561.68,614.89,0.7240540822998873,1.9505305
2005-05-20,-1.9726339772163863e-06,532.1423981984016,1.4461783589366,1.1920928955078125e-07,1.1920929e-07,4.86,4.86,14.784002,6.71,0.05,13.37,483.67,612.4,0.7489623028142609,1.7359722
2005-05-21,-1.1902623452889549e-06,532.0654229823241,1.6435666505802053,1.1920928955078125e-07,1.1920929e-07,1.1920929e-07,0.0,14.879986,8.585,1.41,15.76,629.19,674.68,0.7421057980526402,1.6384457
2005-05-22,-7.181530724402229e-07,537.4602306719705,1.4557586868346306,1.1920928955078125e-07,1.1920929e-07,15.12,15.12,14.879992,6.56,2.08,11.04,357.09,711.53,1.413821932903986,6.21244
2005-05-23,-4.34297469887219e-07,544.5725197522166,1.3707262433341665,1.1920928955078125e-07,1.1920929e-07,7.01,7.01,14.879992,5.445,3.42,7.47,184.09,784.71,3.3070538643981537,14.62898
2005-05-24,-2.626413473344046e-07,554.7806549710081,1.495128972155596,1.1920928955078125e-07,1.1920929e-07,27.09,27.09,14.975994,6.385,4.42,8.35,179.39,839.79,11.197649538037277,16.774563
2005-05-25,-1.5910703520527943e-07,553.8001441605217,1.3572550602003741,1.1920928955078125e-07,1.1920929e-07,1.46,1.46,14.976003,4.945,2.17,7.72,332.44,715.76,9.959775769300993,7.1682
2005-05-26,-9.636424398369672e-08,553.5896539785169,1.4131065674468464,1.1920928955078125e-07,1.1920929e-07,18.78,18.78,14.976003,5.56,2.47,8.65,275.2,731.96,9.712421577635551,17.847355
2005-05-27,-5.82843287184051e-08,560.5237154381163,1.5684557606436038,1.1920928955078125e-07,1.1920929e-07,27.57,27.57,15.034397,6.9,5.72,8.08,120.19,919.39,22.23955544044226,17.749828
2005-05-28,-3.5249918887552676e-08,556.5190399765721,1.8887594140823618,1.1920928955078125e-07,1.1920929e-07,3.19,3.19,15.072,9.855,7.15,12.56,253.33,1013.97,13.78253784751846,7.6265745
2005-05-29,-2.128686884642352e-08,546.8838301535229,1.9244934538479277,1.1920928955078125e-07,1.1920929e-07,0.03,0.03,15.072,10.425,4.7,16.15,570.54,857.88,4.358849503550797,5.198164
2005-05-30,-1.2807811964427016e-08,544.3224365474672,2.0556946840324306,1.1920928955078125e-07,1.1920929e-07,6.07,6.07,15.072,11.545,6.92,16.17,371.3,1000.43,3.2097026973884226,5.676044
2005-05-31,-7.713460331390697e-09,547.3674711225678,2.0563184480522376,1.1920928955078125e-07,1.1920929e-07,10.3,10.3,15.167992,11.36,8.72,14.0,237.09,1137.36,4.618142353289243,6.8073516
2005-06-01,-4.64629535651054e-09,546.1630741707123,1.8833093484645107,1.1920928955078125e-07,1.1920929e-07,1.1920929e-07,0.0,15.168,10.005,5.59,14.42,485.31,910.68,3.9991976892000576,4.164383
2005-06-02,-2.7995622237701897e-09,540.9925146286361,2.3693925570801375,1.1920928955078125e-07,1.1920929e-07,1.1920929e-07,0.0,15.168,13.825,6.04,21.61,636.05,934.03,2.1561546132149827,3.0428276
2005-06-03,-1.6819727022677388e-09,536.7165501520446,2.804632772893818,1.1920928955078125e-07,1.1920929e-07,1.1920929e-07,0.0,15.168,16.725,7.88,25.57,643.84,1070.79,1.2936184212615438,2.4089053
2005-06-04,-9.546496536141544e-10,532.7195830425799,3.093268185233836,1.1920928955078125e-07,1.1920929e-07,1.1920929e-07,0.0,15.2263975,18.425,10.44,26.41,613.7,1274.88,0.8024338834899861,1.9895412
2005-06-05,-5.508910226500716e-10,529.1670349854252,3.234270020032604,1.1920928955078125e-07,1.1920929e-07,1.1920929e-07,0.0,15.264003,19.25,11.56,26.94,599.03,1364.46,0.5248951963370032,1.6677036
2005-06-06,-3.304674629511411e-10,531.9097715512569,2.975175355808589,1.1920928955078125e-07,1.1920929e-07,10.94,10.94,15.264003,17.755,10.12,25.39,448.54,1249.24,0.7284324654481401,1.6481984
2005-06-07,-1.9849169857723503e-10,535.8995304098262,2.022797301662355,1.1920928955078125e-07,1.1920929e-07,4.0,4.0,15.264003,11.335,8.12,14.55,297.5,1090.47,1.1733084547878052,1.6189404
2005-06-08,-1.154254108218053e-10,534.6835160390758,3.08840739529571,1.1920928955078125e-07,1.1920929e-07,1.1920929e-07,0.0,15.264003,18.295,11.07,25.52,571.2,1325.38,1.0146469303815215,1.2971028
2005-06-09,-5.485385623505889e-11,531.6984423493282,2.6467284783870446,1.1920928955078125e-07,1.1920929e-07,0.01,0.01,15.27933,15.8,10.35,21.25,497.93,1267.71,0.7102704098889367,1.1410604
2005-06-10,-2.2876441599435543e-11,528.059880944747,3.2641902858255056,1.1920928955078125e-07,1.1920929e-07,1.1920929e-07,0.0,15.342286,19.355,13.05,25.66,528.85,1500.52,0.4598582173719433,1.0240285
2005-06-11,-1.3539208164151748e-11,526.327222436324,3.559350757306792,1.1920928955078125e-07,1.1920929e-07,4.71,4.71,15.359997,20.87,15.86,25.88,340.96,1799.64,0.3738684077524803,1.0435338
2005-06-12,-8.084928219792662e-12,529.3070354357975,3.816154993400342,1.1920928955078125e-07,1.1920929e-07,10.46,10.46,15.359997,21.975,16.09,27.86,368.01,1822.82,0.5337489360219363,1.0337812
2005-06-13,-4.7883314774994055e-12,530.1973123367103,3.8280896478014013,1.1920928955078125e-07,1.1920929e-07,1.14,1.14,15.359997,22.0,16.98,27.02,444.69,1934.99,0.5936523934862352,1.209329
2005-06-14,-2.893603412687423e-12,529.4116226989948,3.5916841109139543,1.1920928955078125e-07,1.1920929e-07,7.86,7.86,15.359997,20.925,16.11,25.74,325.66,1823.01,0.5404604350469029,4.466715
2005-06-15,-1.7515334411045444e-12,548.1916714025853,2.1425387594483536,1.1920928955078125e-07,1.1920929e-07,37.6,37.6,15.359997,11.79,6.26,17.32,376.26,941.5,5.096052516142074,11.50813
2005-06-16,-1.05539615373744e-12,555.9560347994002,1.5904034769680038,1.1920928955078125e-07,1.1920929e-07,7.67,7.67,15.359997,6.91,5.95,7.87,91.44,932.92,12.885926703487085,6.6122985
2005-06-17,-6.37164635465557e-13,553.8335659332935,1.8744801978147767,1.1920928955078125e-07,1.1920929e-07,15.83,15.83,15.359997,9.515,7.43,11.6,177.09,1037.56,9.999626278826208,8.718872
2005-06-18,-3.7645882569591413e-13,554.7244386434993,1.9944332346773288,1.1920928955078125e-07,1.1920929e-07,7.89,7.89,15.359997,10.465,8.05,12.88,202.9,1083.72,11.122691345115372,8.094702
2005-06-19,-2.205838080012608e-13,551.5831368208325,1.9812555481454457,1.1920928955078125e-07,1.1920929e-07,5.49,5.49,15.359997,10.45,6.41,14.49,312.83,962.41,7.642091032349118,5.285938
2005-06-20,-1.2915669501848494e-13,545.9738738511496,2.2790360434332713,1.1920928955078125e-07,1.1920929e-07,1.1920929e-07,0.0,15.359997,12.845,5.76,19.93,556.98,921.84,3.90980896057546,2.9257958
2005-06-21,-7.626043605249259e-14,540.5469729263053,2.660208352909498,1.1920928955078125e-07,1.1920929e-07,1.1920929e-07,0.0,15.359997,15.525,7.0,24.05,571.51,1005.48,2.044378831362835,2.0675623
2005-06-22,-4.503313402597577e-14,538.9790558815225,3.258699481222279,1.1920928955078125e-07,1.1920929e-07,4.87,4.87,15.359997,18.96,11.41,26.51,395.64,1355.33,1.6951353954825266,1.6774563
2005-06-23,-2.6899391099894823e-14,537.3233401360475,2.0777951511251636,1.1920928955078125e-07,1.1920929e-07,1.1920929e-07,0.0,15.359997,11.62,3.86,19.38,550.93,808.27,1.3908863968899303,1.3653713
2005-06-24,-1.5964269634999714e-14,533.9430013964464,2.4159522697974634,1.1920928955078125e-07,1.1920929e-07,1.1920929e-07,0.0,15.359997,14.15,6.81,21.49,525.28,990.93,0.9287326109444236,1.1605657
2005-06-25,-9.249720242191298e-15,530.4051623950752,3.1654049772828663,1.1920928955078125e-07,1.1920929e-07,1.1920929e-07,0.0,15.359997,18.74,11.76,25.72,490.28,1380.6,0.6085794266616802,0.97526526
2005-06-26,-5.346392578383195e-15,526.2087090036955,4.211762250482887,1.1920928955078125e-07,1.1920929e-07,1.1920929e-07,0.0,15.359997,23.8,16.92,30.68,456.42,1925.82,0.36861183511683276,0.8094702
2005-06-27,-3.1761934490470677e-15,521.9074204495254,3.8174059055175076,1.1920928955078125e-07,1.1920929e-07,1.1920929e-07,0.0,15.359997,22.225,15.35,29.1,457.09,1744.03,0.2204862627256921,0.7216963
2005-06-28,-1.9012437213120136e-15,518.1265381857183,3.3913000080950124,1.1920928955078125e-07,1.1920929e-07,1.1920929e-07,0.0,15.359997,20.31,13.55,27.07,458.35,1559.47,0.1403449980050071,0.6826857
2005-06-29,-1.131110155915785e-15,514.4065715997979,3.8710830619763126,1.1920928955078125e-07,1.1920929e-07,1.1920929e-07,0.0,15.359997,22.72,16.95,28.49,405.39,1929.96,0.08998563154185234,0.69243836
2005-06-30,-6.071021331269833e-16,511.9717406601614,3.4122155310049735,1.1920928955078125e-07,1.1920929e-07,21.57,21.57,15.359997,20.62,15.4,25.84,285.22,1749.62,0.06727183251521333,0.81922287
2005-07-01,-2.438674264234035e-16,513.0147574332279,3.2247433716836365,1.1920928955078125e-07,1.1920929e-07,0.05,0.05,15.359997,19.62,15.01,24.23,348.63,1708.27,0.0761998144018899,0.74120164
2005-07-02,-1.0238468307673237e-16,518.3839492666935,2.804783425883788,1.1920928955078125e-07,1.1920929e-07,10.68,10.68,15.359989,17.095,13.8,20.39,214.14,1580.86,0.14472835742747672,0.7216963
2005-07-03,-6.079718806826952e-17,519.3182718112603,2.269455213996959,1.1920928955078125e-07,1.1920929e-07,1.1920929e-07,0.0,15.322397,13.625,6.63,20.62,488.57,979.4,0.16182078355079857,0.5754065
2005-07-04,-3.6412997024479687e-17,516.7620022630106,2.783539869400262,1.1920928955078125e-07,1.1920929e-07,1.1920929e-07,0.0,15.264003,17.125,9.66,24.59,492.72,1212.43,0.11923207785654556,0.4973853
2005-07-05,-2.1749289302051404e-17,514.0346036722076,2.9956980880668835,1.1920928955078125e-07,1.1920929e-07,1.1920929e-07,0.0,15.264003,18.445,11.09,25.8,484.85,1327.04,0.0860740588675894,0.5363959
2005-07-06,-1.304427162375889e-17,520.0828550125559,3.1284952617728585,1.1920928955078125e-07,1.1920929e-07,15.8,15.8,15.264003,18.98,12.73,25.23,331.74,1470.07,0.1772994683973286,2.1163256
2005-07-07,-7.838326883865158e-18,525.620781996308,2.4973147712222397,1.1920928955078125e-07,1.1920929e-07,2.0,2.0,15.264003,15.05,10.94,19.16,339.16,1315.25,0.34360745654551283,1.3556187
2005-07-08,-4.716131621966566e-18,523.0129593006001,2.5384674037762096,1.1920928955078125e-07,1.1920929e-07,1.1920929e-07,0.0,15.263997,15.4,9.46,21.34,443.25,1196.94,0.25162070399084324,0.7607069
2005-07-09,-2.835851289670424e-18,524.7697317429964,2.4846350677112716,1.1920928955078125e-07,1.1920929e-07,9.09,9.09,15.183328,15.08,9.81,20.35,304.87,1225.09,0.310386478655213,1.3946294
2005-07-10,-1.6991013533360435e-18,535.5362146021273,2.4031840058450946,1.1920928955078125e-07,1.1920929e-07,17.66,17.66,15.168,14.22,11.02,17.42,208.21,1322.06,1.1234668446618268,2.1260784
2005-07-11,-1.0069463686766552e-18,543.1273911579351,3.5476080385873816,1.1920928955078125e-07,1.1920929e-07,7.93,7.93,15.168,20.49,14.53,26.45,319.64,1656.88,2.782630899731494,2.496679
2005-07-12,-5.987463872160085e-19,540.6543993829412,3.2614991275146186,1.1920928955078125e-07,1.1920929e-07,1.1920929e-07,0.0,15.168,19.135,11.62,26.65,486.65,1369.28,2.070787721709038,1.1410604
2005-07-13,-3.5191184287876734e-19,536.0815071085601,3.1523913355947837,1.1920928955078125e-07,1.1920929e-07,1.1920929e-07,0.0,15.130397,18.745,12.06,25.43,459.09,1406.66,1.1990980921382917,0.7607069
2005-07-14,-2.0621400954775962e-19,532.3554116477904,3.5069990688794324,1.1920928955078125e-07,1.1920929e-07,1.1920929e-07,0.0,15.072,20.745,14.82,26.67,419.23,1687.08,0.7682683174078021,0.63392246
2005-07-15,-1.0798174978870009e-19,530.056342964871,3.2102858549352384,1.1920928955078125e-07,1.1920929e-07,1.99,1.99,15.072,19.31,13.36,25.26,407.8,1533.5,0.5837374050107613,0.5559012
2005-07-16,-5.933102319830581e-20,527.3085525439484,3.063325954812268,1.1920928955078125e-07,1.1920929e-07,1.1920929e-07,0.0,15.071992,18.605,10.97,26.24,479.91,1317.78,0.42037665534002683,0.47788
2005-07-17,-3.2860147430950944e-20,523.7865267954098,3.2537958143085506,1.1920928955078125e-07,1.1920929e-07,1.1920929e-07,0.0,14.976003,19.85,12.02,27.68,474.79,1411.71,0.27598513379504547,0.41936406
2005-07-18,-1.7421104073796347e-20,520.8673086407022,3.839276977237859,1.1920928955078125e-07,1.1920929e-07,1.89,1.89,14.976003,22.8,18.55,27.05,285.56,2139.58,0.1947204727619118,0.702191
2005-07-19,-1.0340252329345522e-20,519.5255993968838,3.700722286813884,1.1920928955078125e-07,1.1920929e-07,3.56,3.56,14.976003,22.205,17.85,26.56,255.08,2046.17,0.16587931488105861,0.73144895
2005-07-20,-6.138082233582726e-21,520.6110029034425,3.6504183753283925,1.1920928955078125e-07,1.1920929e-07,6.76,6.76,14.895322,22.025,15.66,28.39,308.46,1777.65,0.1888479503197322,0.62416977
2005-07-21,-3.612817599696215e-21,519.4732518577124,3.158652117469695,1.1920928955078125e-07,1.1920929e-07,1.1920929e-07,0.0,14.879992,19.595,12.96,26.23,434.5,1484.02,0.16484508153928462,0.45837468
2005-07-22,-2.1392185454050924e-21,516.3262447565309,3.238666621835573,1.1920928955078125e-07,1.1920929e-07,1.1920929e-07,0.0,14.879992,20.125,13.42,26.83,436.27,1536.95,0.11318328011594737,0.38035345
2005-07-23,-1.1916979838597278e-21,513.8173199250199,3.040363950798856,1.1920928955078125e-07,1.1920929e-07,1.0,1.0,14.799328,19.225,12.11,26.34,454.48,1412.13,0.08386828040799857,0.3510955
2005-07-24,-6.806528617339971e-22,511.4991024366473,2.400132091070325,1.1920928955078125e-07,1.1920929e-07,1.1920929e-07,0.0,14.784002,15.37,8.08,22.66,471.98,1086.09,0.06357827401065745,0.30233225
2005-07-25,-2.8468754772401017e-22,508.92143573895896,2.4201850946652788,1.1920928955078125e-07,1.1920929e-07,1.1920929e-07,0.0,14.784002,15.59,9.1,22.08,441.55,1168.17,0.046725857357895036,0.28282693
2005-07-26,-1.2559264414536563e-23,506.50936041400195,2.908565040788006,1.1920928955078125e-07,1.1920929e-07,0.75,0.75,14.688,18.845,13.07,24.62,400.26,1499.72,0.03502661143129448,0.2925796
2005-07-27,5.944245433394242e-23,504.77890034829574,3.566314602856778,1.1920928955078125e-07,1.1920929e-07,2.4,2.4,14.688,22.4,15.35,29.45,391.01,1745.97,0.028484396044714155,0.36084816
2005-07-28,2.866472727788052e-23,503.68871386475905,2.5099019418136455,1.1920928955078125e-07,1.1920929e-07,15.2,15.2,14.670286,16.49,9.28,23.7,346.85,1182.42,0.025005687020440114,1.1703184
2005-07-29,3.103614243804765e-24,502.6519021506529,2.3436115211532815,1.1920928955078125e-07,1.1920929e-07,1.1920929e-07,0.0,14.592003,15.48,8.99,21.97,438.93,1159.15,0.0220922580537108,0.50713795
2005-07-30,-1.0788065625070972e-23,501.20831765571165,2.455899937313435,1.1920928955078125e-07,1.1920929e-07,1.1920929e-07,0.0,14.592003,16.3,9.62,22.98,442.47,1209.62,0.018592361859323198,0.36084816
2005-07-31,-8.801733680658139e-24,498.9423271263944,2.280978934907369,1.1920928955078125e-07,1.1920929e-07,1.1920929e-07,0.0,14.495997,15.265,8.6,21.93,441.69,1127.96,0.014182589768478039,0.2925796
2005-08-01,-4.915184986689823e-24,496.37564448783064,2.3173510142199283,1.1920928955078125e-07,1.1920929e-07,1.1920929e-07,0.0,14.495997,15.61,9.42,21.8,416.67,1193.83,0.01043696034571355,0.26332164
2005-08-02,-2.8221877130172855e-24,494.94994954577305,2.757990860982776,1.1920928955078125e-07,1.1920929e-07,2.39,2.39,14.478289,18.58,13.38,23.78,333.88,1532.75,0.008802311890267311,0.27307427
2005-08-03,-1.7016294903466602e-24,499.5744098826788,2.7859846998692914,1.1920928955078125e-07,1.1920929e-07,12.23,12.23,14.399997,18.685,12.23,25.14,314.11,1423.52,0.01529513855033799,0.6436751
2005-08-04,-1.0256651071371652e-24,502.9205098064126,2.399020249622878,1.1920928955078125e-07,1.1920929e-07,1.1920929e-07,0.0,14.399997,16.075,8.33,23.82,470.95,1106.56,0.022812757097016852,0.41936406
2005-08-05,-6.134531483443619e-25,499.7136308947649,2.58047548313534,1.1920928955078125e-07,1.1920929e-07,1.1920929e-07,0.0,14.304,17.505,9.51,25.5,470.24,1201.46,0.015551683010889591,0.30233225
2005-08-06,-3.6931456908702755e-25,500.81015412248775,2.7100107751201166,1.1920928955078125e-07,1.1920929e-07,6.63,6.63,14.304,18.29,9.77,26.81,363.45,1221.58,0.01772859931194129,0.2925796
2005-08-07,-2.2283800953807203e-25,501.7810553355154,2.3652448646263093,1.1920928955078125e-07,1.1920929e-07,1.1920929e-07,0.0,14.208,16.1,8.16,24.04,465.11,1092.54,0.019909167761311873,0.25356898
2005-08-08,-1.3430437118059413e-25,499.2095767698967,2.6832200440085683,1.1920928955078125e-07,1.1920929e-07,1.1920929e-07,0.0,14.208,18.29,9.91,26.67,466.52,1232.61,0.014642753270404,0.21455836
2005-08-09,-8.027821416415154e-26,496.34759016159217,3.0163390935587056,1.1920928955078125e-07,1.1920929e-07,1.1920929e-07,0.0,14.112002,20.49,12.84,28.14,433.24,1477.43,0.010402035566201992,0.19505306
2005-08-10,-4.814280239751001e-26,492.90933435295096,3.056291557885418,1.1920928955078125e-07,1.1920929e-07,1.1920929e-07,0.0,14.112002,20.835,13.34,28.33,424.24,1534.21,0.006897824425424434,0.17554775
2005-08-11,-2.909860839389944e-26,496.6467255470411,3.241817131362715,1.1920928955078125e-07,1.1920929e-07,13.17,13.17,14.031333,21.82,15.36,28.28,285.9,1747.25,0.010780528290713985,0.18530041
2005-08-12,-1.7614263149925098e-26,500.08425920398656,2.6816765920832926,1.1920928955078125e-07,1.1920929e-07,1.1920929e-07,0.0,14.016003,18.48,12.43,24.53,376.12,1438.68,0.016255815846495755,0.20480572
2005-08-13,-1.0549937477581488e-26,500.2214818206425,2.69671421664877,1.1920928955078125e-07,1.1920929e-07,4.24,4.24,13.978397,18.615,12.41,24.82,290.59,1444.26,0.016524527757286352,0.19505306
2005-08-14,-6.361307338598152e-27,498.99647577409274,2.9271764892641277,1.1920928955078125e-07,1.1920929e-07,1.1920929e-07,0.0,13.92,20.12,14.35,25.89,355.8,1637.67,0.01427464239920081,0.18530041
2005-08-15,-3.845327318426597e-27,501.1382509991314,2.475575844307196,1.1920928955078125e-07,1.1920929e-07,8.89,8.89,13.902287,17.24,13.71,20.77,181.85,1569.95,0.018437367162393477,0.23406367
2005-08-16,-2.3261020758436446e-27,502.77654466927805,2.435848764103243,1.1920928955078125e-07,1.1920929e-07,1.1920929e-07,0.0,13.8239975,17.01,11.34,22.68,366.12,1347.03,0.02242371837032997,0.23406367
2005-08-17,-1.4042045640063078e-27,500.57647911665646,2.4417804652469832,1.1920928955078125e-07,1.1920929e-07,0.42,0.42,13.806286,17.145,11.33,22.96,362.2,1346.61,0.017240480323324675,0.19505306
2005-08-18,-8.050011574742539e-28,498.6326753164753,1.8550779274408442,1.1920928955078125e-07,1.1920929e-07,1.1920929e-07,0.0,13.728,12.8,4.96,20.64,450.79,871.19,0.013667470638117065,0.1657951
2005-08-19,-3.7201991133182516e-28,496.8732861243716,1.7415563230745255,1.1920928955078125e-07,1.1920929e-07,1.1920929e-07,0.0,13.710286,11.865,5.88,17.85,382.86,927.7,0.011076331608681123,0.1462898
2005-08-20,-1.6099620025763942e-28,494.9611634517004,2.0963710439919145,1.1920928955078125e-07,1.1920929e-07,1.1920929e-07,0.0,13.632,15.02,8.83,21.21,383.28,1146.92,0.00881411325066521,0.1462898
2005-08-21,-9.71929323795597e-29,505.07536110621095,2.2743975009053075,1.1920928955078125e-07,1.1920929e-07,21.76,21.76,13.614286,16.05,13.84,18.26,117.15,1584.75,0.029511408803418,2.4869266
2005-08-22,-5.86779423803014e-29,520.7304850877803,2.506836840660006,1.1920928955078125e-07,1.1920929e-07,13.23,13.23,13.536,17.255,10.42,24.09,303.0,1273.93,0.1915631791720749,1.3068554
2005-08-23,-3.537234894658828e-29,523.4139969488447,2.221405244996845,1.1920928955078125e-07,1.1920929e-07,1.1920929e-07,0.0,13.498397,15.215,8.83,21.6,394.15,1146.67,0.2639706523371396,0.5559012
2005-08-24,-2.1349729558082836e-29,521.4152648601596,2.0662626255067433,1.1920928955078125e-07,1.1920929e-07,1.15,1.15,13.44,14.165,9.36,18.97,318.71,1188.73,0.20789511438484287,0.39985877
2005-08-25,-1.2196143025702517e-29,520.4564964077056,2.089455496475783,1.1920928955078125e-07,1.1920929e-07,3.15,3.15,13.35933,14.475,9.57,19.38,244.3,1205.42,0.18539377746805893,0.39985877
2005-08-26,-5.117652462666506e-30,518.5735957149038,2.2971425134832955,1.1920928955078125e-07,1.1920929e-07,1.1920929e-07,0.0,13.344,16.11,9.25,22.97,406.41,1179.82,0.14804512716262344,0.32183754
2005-08-27,-1.1806601343253217e-30,516.1562857340842,2.3735534151925175,1.1920928955078125e-07,1.1920929e-07,1.1920929e-07,0.0,13.247997,16.85,8.5,25.2,445.32,1120.28,0.11090812014075725,0.24381632
2005-08-28,-5.558598092612428e-31,513.2740849012841,2.3802343113527917,1.1920928955078125e-07,1.1920929e-07,1.1920929e-07,0.0,13.247997,16.99,9.56,24.42,417.45,1204.69,0.07859773784949696,0.22431101
2005-08-29,-3.344675727994221e-31,514.8200945202047,2.544010845307836,1.1920928955078125e-07,1.1920929e-07,9.14,9.14,13.152,18.175,14.3,22.05,191.64,1632.7,0.09454319712601494,0.5949118
2005-08-30,-2.013505386427776e-31,520.0031798700145,2.664310551825687,1.1920928955078125e-07,1.1920929e-07,6.37,6.37,13.152,18.785,15.84,21.73,149.39,1799.84,0.1756196889999496,0.78996485
2005-08-31,-1.211047021722199e-31,527.243369275711,2.86542965567664,1.1920928955078125e-07,1.1920929e-07,15.6,15.6,13.056,19.91,16.88,22.94,153.36,1921.47,0.417115495172192,6.914631
2005-09-01,-7.330655117616719e-32,553.2512578231456,2.7652165476315207,1.1920928955078125e-07,1.1920929e-07,45.0,45.0,13.056,18.49,15.09,21.89,173.12,1715.3,9.327572437592504,16.969616
2005-09-02,-4.444071237878702e-32,555.6255288574952,2.56945290811737,1.1920928955078125e-07,1.1920929e-07,1.1920929e-07,0.0,12.96,17.31,11.95,22.67,341.73,1395.8,12.387001036942285,2.8282692
2005-09-03,-2.688452146204228e-32,545.8422310347286,2.6769573112897103,1.1920928955078125e-07,1.1920929e-07,1.1920929e-07,0.0,12.96,18.295,11.61,24.98,391.09,1368.82,3.8487949963661916,1.3361135
2005-09-04,-1.6145423240154088e-32,541.5801590455973,2.1898123144063346,1.1920928955078125e-07,1.1920929e-07,2.23,2.23,12.864003,15.21,10.39,20.03,287.75,1270.93,2.312980290595796,0.9460073
2005-09-05,-8.648747850418941e-33,539.1365928377371,1.8464994833215111,1.1920928955078125e-07,1.1920929e-07,2.99,2.99,12.864003,12.515,5.89,19.14,332.53,929.22,1.727343701229997,0.81922287
2005-09-06,-3.8960839545959526e-33,536.719291963816,1.989732645595372,1.1920928955078125e-07,1.1920929e-07,1.1920929e-07,0.0,12.767997,13.915,6.44,21.39,425.43,958.51,1.294042261716436,0.61441714
2005-09-07,-2.1138925820265727e-33,533.7307209794426,2.155830673819367,1.1920928955078125e-07,1.1920929e-07,1.1920929e-07,0.0,12.672003,15.44,7.71,23.17,425.72,1056.49,0.9054735462709504,0.50713795
2005-09-08,-1.0267981896528255e-33,531.2938647109995,2.24919929831201,1.1920928955078125e-07,1.1920929e-07,1.1920929e-07,0.0,12.672003,16.215,8.61,23.82,418.58,1128.75,0.6767538958979858,0.4388694
2005-09-09,-4.0231970025275226e-34,530.275422931723,2.225190598466855,1.1920928955078125e-07,1.1920929e-07,4.08,4.08,12.576003,16.195,8.09,24.3,340.25,1087.93,0.5992185794500393,0.3901061
2005-09-10,-2.197728292881253e-34,530.2130666599323,1.601787973248686,1.1920928955078125e-07,1.1920929e-07,1.1920929e-07,0.0,12.576003,10.875,3.8,17.95,410.96,806.1,0.5947708734692716,0.3510955
2005-09-11,-1.0190708038393487e-34,528.6684829512743,1.5458299889598648,1.1920928955078125e-07,1.1920929e-07,1.1920929e-07,0.0,12.48,10.48,3.4,17.56,408.05,786.41,0.4945422985704608,0.32183754
2005-09-12,-4.072385869968759e-35,526.4264552466487,1.808280414102854,1.1920928955078125e-07,1.1920929e-07,1.1920929e-07,0.0,12.48,13.05,6.01,20.09,397.91,937.25,0.37832741902676453,0.30233225
2005-09-13,-2.3686759083221647e-35,523.9080136881038,2.5148833109409514,1.1920928955078125e-07,1.1920929e-07,1.1920929e-07,0.0,12.384,18.7,13.28,24.12,324.88,1521.4,0.2800202705623977,0.27307427
2005-09-14,-1.339816420100974e-35,521.2046230718565,2.4107780967374697,1.1920928955078125e-07,1.1920929e-07,1.1920929e-07,0.0,12.384,18.075,12.48,23.67,329.39,1442.21,0.20272830107795922,0.26332164
2005-09-15,-7.862870082319797e-36,520.8656332614652,2.5230729678723414,1.1920928955078125e-07,1.1920929e-07,5.47,5.47,12.288,18.985,12.78,25.19,257.96,1478.56,0.19468149932364998,0.3315902
2005-09-16,-4.4440132459961807e-36,524.0804296815254,2.275145970002393,1.1920928955078125e-07,1.1920929e-07,6.0,6.0,12.250398,17.195,14.34,20.05,139.97,1634.0,0.2858484827083935,0.5754065
2005-09-17,-2.6707473021566136e-36,530.5304426227058,2.131043147075311,1.1920928955078125e-07,1.1920929e-07,10.83,10.83,12.192,15.985,13.49,18.48,127.24,1545.13,0.6177572903657368,1.0630392
2005-09-18,-1.609756375588531e-36,534.997891128857,1.771261804499982,1.1920928955078125e-07,1.1920929e-07,3.43,3.43,12.096,12.96,11.32,14.6,89.95,1345.42,1.0534827327432166,1.0045233
2005-09-19,-9.685770727294852e-37,534.280572742868,1.7513996458435321,1.1920928955078125e-07,1.1920929e-07,1.0,1.0,12.096,12.8,8.44,17.16,288.02,1114.92,0.9669561766476582,0.79971755
2005-09-20,-5.78299943614279e-37,531.9584235961878,1.9670576952197334,1.1920928955078125e-07,1.1920929e-07,1.1920929e-07,0.0,11.999997,14.885,9.4,20.37,330.6,1191.91,0.732679058938001,0.5559012
2005-09-21,-3.1786669209431013e-37,529.803912515307,2.0056324296139842,1.1920928955078125e-07,1.1920929e-07,2.02,2.02,11.999997,15.27,10.88,19.66,275.42,1310.05,0.5663948117629238,0.5168906
2005-09-22,-1.4281396351777573e-37,528.0261163311849,1.8710450731435353,1.1920928955078125e-07,1.1920929e-07,1.1920929e-07,0.0,11.904,14.32,7.75,20.89,364.68,1060.24,0.45800682924847713,0.41936406
2005-09-23,-7.248536482275798e-38,525.8862628816532,2.0027005236226825,1.1920928955078125e-07,1.1920929e-07,0.02,0.02,11.904,15.5,8.48,22.52,369.67,1118.35,0.3546810658876165,0.36084816
2005-09-24,-3.454007244744476e-38,523.9518597326376,1.4463340779176646,1.1920928955078125e-07,1.1920929e-07,1.1920929e-07,0.0,11.808002,10.445,3.15,17.74,382.26,769.37,0.2814910426707178,0.32183754
2005-09-25,-8.676619919602592e-39,522.3272432088418,1.3174837783812459,1.1920928955078125e-07,1.1920929e-07,1.1920929e-07,0.0,11.792672,9.05,1.9,16.2,377.64,712.24,0.23182781470426475,0.30233225
2005-09-26,-8.311789358750494e-40,520.9765270121278,1.3574277375808113,1.1920928955078125e-07,1.1920929e-07,1.1920929e-07,0.0,11.711997,9.665,3.63,15.7,343.93,796.91,0.19727806572722867,0.31208488
2005-09-27,-5.0000330762323504e-40,527.4633408364892,1.608037003392673,1.1920928955078125e-07,1.1920929e-07,14.91,14.91,11.616,12.285,7.8,16.77,207.52,1065.24,0.42822334007720264,0.9460073
2005-09-28,-3.009009541605472e-40,532.2187228171349,1.3505524372734692,1.1920928955078125e-07,1.1920929e-07,1.1920929e-07,0.0,11.616,9.38,3.6,15.16,329.47,798.12,0.7558234026393751,0.62416977
2005-09-29,-1.8179037674883822e-40,529.1713209269848,1.4496756611001131,1.1920928955078125e-07,1.1920929e-07,1.1920929e-07,0.0,11.52,10.715,3.51,17.92,362.67,787.03,0.5251640509462869,0.6826857
2005-09-30,-1.1004097233341035e-40,537.2411854304369,1.4454723014048991,1.1920928955078125e-07,1.1920929e-07,18.89,18.89,11.52,10.43,3.12,17.74,266.9,765.86,1.377300702393303,1.882262
2005-10-01,-6.657563621154541e-41,542.7482035666733,1.1227469696773273,1.1920928955078125e-07,1.1920929e-07,1.1920929e-07,0.0,11.424,6.48,0.22,12.74,330.39,619.93,2.6593781685934363,0.8679861
2005-10-02,-3.918478548179394e-41,539.680864120729,1.3887343773761842,1.1920928955078125e-07,1.1920929e-07,1.1920929e-07,0.0,11.424,9.86,0.89,18.83,378.52,651.66,1.843402714250587,0.6046645
2005-10-03,-2.2964850854982565e-41,536.5128722235271,1.8665186820025996,1.1920928955078125e-07,1.1920929e-07,1.1920929e-07,0.0,11.327997,14.83,7.16,22.5,342.9,1013.01,1.2625181597635002,0.48763263
2005-10-04,-1.1077868541280273e-41,533.641148459856,1.8412669349923831,1.1920928955078125e-07,1.1920929e-07,1.1920929e-07,0.0,11.327997,14.695,7.19,22.2,334.22,1015.46,0.8958348970015476,0.42911673
2005-10-05,-3.90155572679526e-42,530.993970048338,1.9132224543786083,1.1920928955078125e-07,1.1920929e-07,1.1920929e-07,0.0,11.232,15.545,7.88,23.21,332.01,1070.48,0.6529345614696159,0.39985877
2005-10-06,-2.009218262582906e-42,528.5009105293468,1.9448952281387362,1.1920928955078125e-07,1.1920929e-07,1.1920929e-07,0.0,11.136003,16.035,9.32,22.75,305.34,1185.28,0.4847394309298454,0.38035345
2005-10-07,-1.202970684263643e-42,526.140687653837,1.968067236606913,1.1920928955078125e-07,1.1920929e-07,1.1920929e-07,0.0,11.136003,16.305,10.52,22.09,275.92,1281.56,0.36562825026366125,0.37060082
2005-10-08,-7.273518598022646e-43,533.2832666009166,1.9985779084065463,1.1920928955078125e-07,1.1920929e-07,23.02,23.02,11.04,16.48,10.76,22.2,203.13,1300.61,0.8583373206822242,6.651309
2005-10-09,-4.402925383012714e-43,565.9717120553742,1.3067606662580538,1.1920928955078125e-07,1.1920929e-07,63.12,63.12,11.04,8.7,4.68,12.72,164.16,856.22,42.63977352131426,28.867853
2005-10-10,-2.6691210542378822e-43,561.9774530397442,1.1821962278486815,1.1920928955078125e-07,1.1920929e-07,15.03,15.03,10.9439945,7.395,5.88,8.91,69.53,924.85,26.45808917995976,11.118024
2005-10-11,-1.5819014879602625e-43,552.6700907425915,1.3208930651681414,1.1920928955078125e-07,1.1920929e-07,1.92,1.92,10.9439945,9.375,6.36,12.39,173.74,962.36,8.70187214693003,4.856821
2005-10-12,-8.074139899962444e-44,545.4525925201953,1.1794310747503074,1.1920928955078125e-07,1.1920929e-07,1.1920929e-07,0.0,10.848,7.955,3.26,12.65,254.12,773.41,3.6737279425089695,2.808764
2005-10-13,-3.8732943535605344e-44,540.716299513639,1.1661675475673379,1.1920928955078125e-07,1.1920929e-07,1.1920929e-07,0.0,10.848,7.915,3.41,12.42,244.65,782.53,2.0861594087766777,2.0383043
2005-10-14,-2.334530275125679e-44,537.7661429805322,1.132541086412075,1.1920928955078125e-07,1.1920929e-07,1.1920929e-07,0.0,10.752,7.685,5.94,9.43,106.3,932.57,1.466452731435332,1.7652302
2005-10-15,-1.4097563085795502e-44,547.5857064639866,1.268620331484891,1.1920928955078125e-07,1.1920929e-07,29.53,29.53,10.752,9.165,7.15,11.18,91.09,1016.12,4.740140744622225,27.892588
2005-10-16,-8.546358786930716e-45,566.9039678302461,1.2896107549476776,1.1920928955078125e-07,1.1920929e-07,49.27,49.27,10.655997,9.02,6.04,12.0,128.83,940.59,47.66376164975475,27.990114
2005-10-17,-5.1812279411866724e-45,561.6462546725213,1.09192343613199,1.1920928955078125e-07,1.1920929e-07,16.42,16.42,10.655997,6.595,4.58,8.61,90.4,850.93,25.431563697697737,12.385869
2005-10-18,-3.1041719008975636e-45,552.3933388333691,1.0158007502819457,1.1920928955078125e-07,1.1920929e-07,2.46,2.46,10.56,5.885,4.05,7.72,100.08,819.33,8.418843483974388,6.085655
2005-10-19,-1.8545907507844316e-45,546.8303255635803,1.0016569072003438,1.1920928955078125e-07,1.1920929e-07,1.0,1.0,10.501603,5.91,3.91,7.91,118.83,812.17,4.331073934946571,3.9693296
2005-10-20,-1.0802056424615305e-45,543.7998100426564,0.9925389538295507,1.1920928955078125e-07,1.1920929e-07,1.96,1.96,10.464,5.91,0.98,10.84,253.56,655.22,3.0154106335075053,2.974559
2005-10-21,-6.460689783530414e-46,541.2111332241099,0.796756990936761,1.1920928955078125e-07,1.1920929e-07,1.1920929e-07,0.0,10.385714,2.8,-1.88,7.48,245.84,533.58,2.2132155230524853,2.3503892
2005-10-22,-3.86902863561783e-46,538.8897138820139,0.6996375679982577,1.1920928955078125e-07,1.1920929e-07,1.1920929e-07,0.0,10.368,0.98,-3.64,5.6,242.77,463.29,1.6771370886925214,1.9992938
2005-10-23,-2.302850151077239e-46,544.0219348342721,0.7730765872729068,1.1920928955078125e-07,1.1920929e-07,14.64,14.64,10.289714,2.415,-3.17,8.0,202.32,483.74,3.0965079628998566,6.963394
2005-10-24,-1.389952222365171e-46,552.4604686982121,0.7167365900784447,1.1920928955078125e-07,1.1920929e-07,13.94,13.94,10.271997,1.105,0.26,1.95,46.45,622.54,8.486638606780467,6.4465036
2005-10-25,-8.391527047155214e-47,553.2154704302658,0.7958677577768852,1.1920928955078125e-07,1.1920929e-07,8.32,8.32,10.193711,2.735,1.07,4.4,77.42,658.94,9.287774736420749,12.288342
2005-10-26,-5.140203664824959e-47,564.3386821659809,0.6959895314903651,1.1920928955078125e-07,1.1920929e-07,45.57,45.57,10.1760025,0.505,-1.27,2.28,83.55,558.42,35.08159200273251,16.28693
2005-10-27,-3.1646038976876594e-47,557.9289329633926,0.7147283308842746,1.1920928955078125e-07,1.1920929e-07,2.95,2.95,10.097716,1.17,-0.49,2.83,80.17,590.48,16.311223307692178,7.4217687
2005-10-28,6.983204245935426e-05,548.8123829540154,0.6816295587920232,3.448316823610972e-05,1.1920929e-07,1.1920929e-07,0.0,10.08,0.745,-1.75,3.24,154.71,538.51,5.488349170236598,4.9641004
2005-10-29,0.00016140883551535393,543.9626676609919,0.5331338408098639,1.1920928955078125e-07,1.1920929e-07,1.1920929e-07,0.0,10.021603,-2.565,-6.98,1.85,244.48,360.63,3.074658683366201,3.8035345
2005-10-30,0.00012668674413407805,540.7566797470387,0.6103379771338739,1.1920928955078125e-07,1.1920929e-07,1.1920929e-07,0.0,9.984,-0.5,-6.8,5.8,284.39,366.55,2.0962484945945463,3.627987
2005-10-31,7.86051790353047e-05,538.1639640727205,0.9493922067796047,3.9318036452284915e-05,1.1920929e-07,1.1920929e-07,0.0,9.968672,6.13,1.51,10.75,237.04,681.14,1.537837471497677,5.8028283
2005-11-01,4.543034638664073e-05,536.0977137591973,1.0905794089778515,2.2720332984163645e-05,1.1920929e-07,1.1920929e-07,0.0,9.888002,8.445,2.31,14.58,268.59,719.5,1.2014221983041553,7.5973167
2005-11-02,2.38657360086733e-05,534.7408617243498,1.0587270477531079,1.193429193771798e-05,1.1920929e-07,1.27,1.27,9.888002,8.025,2.25,13.8,260.57,721.27,1.021622694358588,7.4120164
2005-11-03,1.3392679919797117e-05,533.5814748986971,0.6786817726619156,6.6967492519366675e-06,1.1920929e-07,1.1920929e-07,0.0,9.792003,1.515,-2.72,5.75,229.5,501.81,0.8894706048596,4.603252
2005-11-04,5.458501901042858e-06,532.2377001255079,0.8616956987379786,2.7293254386289194e-06,1.1920929e-07,1.1920929e-07,0.0,9.792003,5.1,-0.13,10.33,252.66,605.03,0.7575390769094698,3.7547712
2005-11-05,1.8428508557598926e-07,530.7674799356677,0.7750621520891521,1.1920928955078125e-07,1.1920929e-07,1.1920929e-07,0.0,9.696,3.7,0.97,6.43,165.09,654.32,0.6355027117079555,3.0720856
2005-11-06,-3.090325814480801e-06,529.263369619102,0.9498309898363637,1.1920928955078125e-07,1.1920929e-07,1.1920929e-07,0.0,9.696,6.815,0.34,13.29,262.71,629.21,0.5309715664933172,2.945301
2005-11-07,-6.175789234924281e-05,527.822267405027,0.8495218702782933,1.1920928955078125e-07,1.1920929e-07,10.39,10.39,9.5999975,5.31,3.44,7.18,87.74,784.75,0.446986619938349,6.2514505
2005-11-08,-0.00011301078510280483,526.9497635203408,0.7729241358443446,1.1920928955078125e-07,1.1920929e-07,1.1920929e-07,0.0,9.5999975,3.915,0.64,7.19,189.72,640.02,0.4027370076105463,3.7255135
2005-11-09,-3.5997701225663406e-05,527.2742194436065,0.5799170629681418,1.1920928955078125e-07,1.1920929e-07,1.1920929e-07,0.0,9.521714,-0.19,-6.57,6.19,261.05,375.39,0.41865578316420804,2.6234636
2005-11-10,3.585418875564609e-05,538.5570667977825,0.5428202944909184,1.1920928955078125e-07,7.1018934e-07,23.83,23.83,9.504,-1.415,-6.33,3.5,188.6,381.83,1.6117882283089815,6.124666
2005-11-11,3.57149520922023e-05,547.0161341394844,0.5496094029118962,1.1920928955078125e-07,1.1920929e-07,1.24,1.24,9.504,-1.46,-5.55,2.63,208.26,405.66,4.428299031820636,4.4764676
2005-11-12,1.057402270464288,544.2443928288575,0.4582727394684162,1.1920928955078125e-07,3.5605066,0.039493166,3.6,9.408,-3.81,-6.38,-1.24,130.47,376.31,3.1799129384410203,2.9160433
2005-11-13,2.0765182336078296,541.5968538707378,0.5439792792340468,1.1920928955078125e-07,1.1920929e-07,1.1920929e-07,0.0,9.408,-1.32,-7.29,4.65,268.62,352.48,2.317598508885275,2.4284105
2005-11-14,1.153673518077595,539.8283790217046,0.7476448076186586,1.1536622528944986,1.1920929e-07,1.1920929e-07,0.0,9.329714,3.485,-4.59,11.56,277.77,438.37,1.8761802536152374,2.6527216
2005-11-15,0.42067318539839565,537.9720046505694,0.7202514828671135,0.414499232670723,1.1920929e-07,1.1920929e-07,0.0,9.312,3.01,-3.14,9.16,256.63,485.86,1.502968705063088,3.6182342
2005-11-16,0.19567288178227057,547.1777604378567,0.6007033333925549,1.1920928955078125e-07,1.1920929e-07,24.61,24.61,9.312,0.105,-1.69,1.9,77.7,541.85,4.514643881276729,10.630391
2005-11-17,0.10234836285806337,559.3660548424764,0.7971951678981037,0.07529263581524945,1.1920929e-07,21.25,21.25,9.216002,4.095,-1.31,9.5,172.2,558.54,19.36674978520072,19.70036
2005-11-18,0.06898297254152531,554.4523970615297,0.5309879433529059,1.1920928955078125e-07,2.9057264e-07,3.2499995,3.25,9.216002,-1.705,-5.08,1.67,146.21,431.2,10.766983198469754,6.7488356
2005-11-19,0.5036336905485714,547.5803213630135,0.3478007910189085,1.1920928955078125e-07,1.1920929e-07,1.1920929e-07,0.0,9.200675,-7.38,-11.31,-3.45,192.11,257.11,4.737091917315158,4.2033935
2005-11-20,0.5035613432535503,543.5204873684534,0.433279863303249,1.1920928955078125e-07,1.1920929e-07,1.1920929e-07,0.0,9.12,-4.14,-9.59,1.31,230.14,293.49,2.9164383884265024,3.257386
2005-11-21,0.49596057943611055,540.5752743234455,0.5985289103760181,0.4433798839023353,1.1920929e-07,1.1920929e-07,0.0,9.12,0.53,-4.36,5.42,210.61,442.94,2.0513033750615164,2.8965378
2005-11-22,0.19064496290745894,541.1205801178453,0.8137732368701557,0.16597927118252026,1.1920929e-07,7.39,7.39,9.104672,5.085,0.76,9.41,143.42,640.0,2.189399607304383,9.391805
2005-11-23,0.17700278133008768,555.9207504382251,0.4696539207021226,1.1920928955078125e-07,4.7369576,28.613039,33.35,9.024,-3.18,-8.01,1.65,164.43,331.4,12.83171784621862,9.655127
2005-11-24,17.82044151867065,548.2468000728765,0.2787625480163085,1.1920928955078125e-07,2.16,1.1920929e-07,2.16,9.024,-10.095,-13.94,-6.25,183.81,208.84,5.129729246078981,4.652015
2005-11-25,24.59791196336074,544.009781567123,0.3116158466170432,1.1920928955078125e-07,10.54,1.1920929e-07,10.54,9.024,-8.51,-13.65,-3.37,167.14,209.48,3.0920149525524976,3.3354073
2005-11-26,29.396095746740603,541.1259897762332,0.2780409955719093,1.1920928955078125e-07,1.1920929e-07,1.1920929e-07,0.0,8.928008,-9.815,-13.03,-6.6,157.3,234.85,2.1908151490343784,2.642969
2005-11-27,29.249017829596326,538.9179227166098,0.30873670500769995,1.1920928955078125e-07,0.08,1.1920929e-07,0.08,8.928,-8.365,-12.45,-4.28,188.09,239.78,1.6827991323534583,2.4771738
2005-11-28,30.220514955005658,537.0783701440487,0.3672659625186674,1.1920928955078125e-07,1.83,1.1920929e-07,1.83,8.928,-5.965,-11.77,-0.16,224.86,252.27,1.3507672287183934,2.3991525
2005-11-29,30.667195555116688,536.7878045162952,0.6267343731293001,3.310327151738477,1.1920929e-07,2.0,2.0,8.869603,1.71,-2.41,5.83,182.04,513.77,1.3046784195291048,6.319719
2005-11-30,20.50035246342726,549.3110256178677,0.8779264689567136,14.565408706665039,1.1920929e-07,9.85,9.85,8.832,6.47,3.63,9.31,96.44,795.86,5.825263719329776,21.553362
2005-12-01,8.176455231040078,558.5055641092042,0.7689435811835419,8.176455231040078,1.1920929e-07,9.63,9.63,8.832,4.215,-1.42,9.85,160.11,553.5,17.474594335629707,12.483396
2005-12-02,3.7054833932197413,553.4250774712981,0.5850730443290899,0.019068219539070785,1.1920929e-07,1.38,1.38,8.832,0.325,-2.21,2.86,122.19,522.58,9.523309186773025,6.21244
2005-12-03,4.638787253705581,547.5493666772903,0.39862621032573076,1.1920928955078125e-07,3.0399995,4.529953e-07,3.04,8.816672,-4.93,-8.68,-1.18,146.23,315.6,4.719604615572717,4.164383
2005-12-04,6.0566202927380175,543.5199810896922,0.324651147511359,1.1920928955078125e-07,1.1920929e-07,1.1920929e-07,0.0,8.736006,-7.51,-9.2,-5.82,87.15,303.78,2.9162619810169477,3.003817
2005-12-05,6.969005538660886,540.7250087478502,0.3469038404520513,1.1920928955078125e-07,1.79,1.1920929e-07,1.79,8.735997,-6.54,-9.06,-4.02,121.41,304.84,2.088331314041416,2.3211315
2005-12-06,7.787803059457534,538.5497501657774,0.33649061500994865,1.1920928955078125e-07,1.1920929e-07,1.1920929e-07,0.0,8.735997,-6.9,-10.57,-3.23,172.59,274.82,1.6103798581197786,1.882262
2005-12-07,8.303113907970246,536.7909247390712,0.2839544479920709,1.1920928955078125e-07,1.0,1.1920929e-07,1.0,8.735997,-9.14,-12.21,-6.07,149.21,240.99,1.3051648911149314,1.5799297
2005-12-08,9.343242336286085,535.3441593114617,0.22365090207179303,1.1920928955078125e-07,1.0,1.1920929e-07,1.0,8.735997,-12.24,-15.62,-8.86,158.18,183.03,1.0979808980753152,1.3458661
2005-12-09,9.86491941789899,534.0998289011283,0.23925641530079,1.1920928955078125e-07,1.1920929e-07,1.1920929e-07,0.0,8.677603,-11.245,-16.37,-6.12,210.48,168.18,0.9462987170472643,1.2288343
2005-12-10,12.904885161998662,532.9524558968204,0.28979174655321954,1.1920928955078125e-07,6.07,1.1920929e-07,6.07,8.640008,-8.625,-11.97,-5.28,118.51,246.39,0.8250736162699904,1.1410604
2005-12-11,15.918064710605528,531.8624010910082,0.34307805684953024,1.1920928955078125e-07,1.1920929e-07,1.1920929e-07,0.0,8.64,-6.315,-11.1,-1.53,200.39,263.85,0.7243213854536033,1.0825444
2005-12-12,15.915019980037586,530.841381319368,0.3184989428683564,1.1920928955078125e-07,1.1920929e-07,1.1920929e-07,0.0,8.64,-7.3,-12.77,-1.83,212.24,229.09,0.6411387787490623,1.0240285
2005-12-13,15.915019980037586,529.9711214388512,0.22323649597791373,1.1920928955078125e-07,1.1920929e-07,1.1920929e-07,0.0,8.64,-11.99,-19.23,-4.75,233.36,132.66,0.5778238977172752,0.98501796
2005-12-14,15.915019980037586,529.2210894821816,0.17296016124005878,1.1920928955078125e-07,1.1920929e-07,1.1920929e-07,0.0,8.64,-15.235,-20.38,-10.09,208.13,120.26,0.5282961054801607,0.95576
2005-12-15,15.915019980037586,528.538600510865,0.18214197652074565,1.1920928955078125e-07,1.1920929e-07,1.1920929e-07,0.0,8.64,-14.565,-20.43,-8.7,217.93,120.0,0.48692719216401564,0.9362547
2005-12-16,15.912646270614534,527.8709825864438,0.22771845364200893,1.1920928955078125e-07,1.1920929e-07,1.1920929e-07,0.0,8.64,-11.68,-19.45,-3.91,234.31,130.18,0.4495958404498229,1.1020498
2005-12-17,24.44494902288268,527.168700399282,0.31910913864027773,1.1920928955078125e-07,17.06,1.1920929e-07,17.06,8.64,-7.18,-10.22,-4.14,105.83,281.95,0.41341084169078196,1.0922971
2005-12-18,32.981352555199116,526.4094859696825,0.3917392529166593,1.1920928955078125e-07,1.1920929e-07,1.1920929e-07,0.0,8.64,-4.345,-6.21,-2.48,89.92,383.3,0.377561155036019,1.0435338
2005-12-19,32.99972710164605,525.6682235626776,0.3457160699747006,1.1920928955078125e-07,0.1,1.1920929e-07,0.1,8.64,-6.05,-8.75,-3.35,129.62,315.78,0.34556062841725516,0.97526526
2005-12-20,33.05535605246461,524.9874384285087,0.3226263676409188,1.1920928955078125e-07,0.09,1.1920929e-07,0.09,8.64,-6.975,-9.5,-4.45,123.08,280.0,0.31856589830637927,0.9362547
2005-12-21,33.238251651633625,524.4201647247395,0.20270501742554559,1.1920928955078125e-07,0.31,1.1920929e-07,0.31,8.64,-13.1,-20.65,-5.55,237.02,120.18,0.29769000885281255,0.9069967
2005-12-22,33.31412021477182,523.9523818500737,0.1716464161623181,1.1920928955078125e-07,1.1920929e-07,1.1920929e-07,0.0,8.64,-15.205,-22.06,-8.35,231.22,110.36,0.2815086030448816,0.8777388
2005-12-23,33.300790269399144,523.4923995075324,0.2566883927417335,1.1920928955078125e-07,1.1920929e-07,1.1920929e-07,0.0,8.64,-10.0,-16.93,-3.07,229.35,164.75,0.26645498077721486,0.85823345
2005-12-24,33.29032264363286,523.8766182875953,0.45295287969139625,1.1920928955078125e-07,5.5127446e-05,4.029945,4.03,8.64,-2.24,-4.22,-0.26,71.71,448.4,0.2789718665734626,0.83872813
2005-12-25,33.29093654181937,525.3421101755312,0.5049708829778463,1.1920928955078125e-07,1.1920929e-07,1.1920929e-07,0.0,8.64,-0.73,-2.18,0.72,73.06,523.82,0.332355366584444,0.81922287
2005-12-26,33.28281783093416,531.8176050260442,0.5520998015717128,0.11060548490547539,1.1920929e-07,13.23,13.23,8.64,0.38,-1.32,2.08,62.79,559.74,0.7204550731385965,3.34516
2005-12-27,36.23571444426483,538.7778865326584,0.37653119892700104,1.1920928955078125e-07,9.07,2.7030705e-07,9.07,8.64,-5.215,-9.96,-0.47,148.79,287.5,1.6548780714333822,2.5454423
2005-12-28,40.73007934900806,536.9759667266264,0.2804042138767536,1.1920928955078125e-07,1.1920929e-07,1.1920929e-07,0.0,8.64,-9.165,-13.67,-4.66,196.7,204.33,1.3343413605238426,1.5896825
2005-12-29,39.81042129521542,535.4494474756818,0.3596761443887183,1.1920928955078125e-07,1.1920929e-07,1.1920929e-07,0.0,8.64,-5.76,-11.53,0.01,220.53,255.1,1.111880305039719,1.3946294
2005-12-30,40.39185960715474,542.2145507156822,0.5609537588868024,0.02600894028115519,1.1920929e-07,17.38,17.38,8.64,0.33,-3.36,4.02,125.17,480.0,2.4951095162565835,5.0323687
2005-12-31,44.15300496436681,544.9475964351441,0.2711767309341021,1.1920928955078125e-07,3.61,1.1920929e-07,3.61,8.64,-9.805,-17.68,-1.93,199.09,157.71,3.4586248990464488,5.666291
2006-01-01,45.54200421042295,541.868970220785,0.191668754164236,1.1920928955078125e-07,1.1920929e-07,1.1920929e-07,0.0,8.657714,-14.26,-19.57,-8.95,185.84,134.05,2.39418625251962,3.5012023
2006-01-02,45.73852058427725,539.5617081908882,0.2474942125499363,1.1920928955078125e-07,0.37,1.1920929e-07,0.37,8.72067,-11.0,-14.71,-7.29,144.22,197.93,1.817345044402183,2.4381633
2006-01-03,45.85062437411747,537.6223984751273,0.3216035483943613,1.1920928955078125e-07,1.1920929e-07,1.1920929e-07,0.0,8.735997,-7.49,-13.36,-1.62,198.74,219.8,1.4414824893392681,1.7652302
2006-01-04,45.86031828475572,536.0481916093648,0.20346554420559582,1.1920928955078125e-07,1.1920929e-07,1.1920929e-07,0.0,8.735997,-13.475,-19.12,-7.83,195.45,137.74,1.1943346113319686,1.3556187
2006-01-05,47.486045252887735,534.7294531371439,0.23521849579832085,1.1920928955078125e-07,3.15,1.1920929e-07,3.15,8.735997,-11.57,-20.31,-2.83,185.69,125.55,1.0202310960667893,1.1313077
2006-01-06,51.480316586267215,533.4739039062569,0.3663082560635536,1.1920928955078125e-07,4.35,1.1920929e-07,4.35,8.735997,-5.61,-7.99,-3.23,73.63,330.46,0.8781119643540751,0.9947706
2006-01-07,55.061002530049436,532.3171815301066,0.29712183194643754,1.1920928955078125e-07,2.61,1.1920929e-07,2.61,8.7736025,-8.48,-14.0,-2.96,172.11,200.0,0.7647671367080933,0.9069967
2006-01-08,56.334339902605116,531.3511951572112,0.20549691599563794,1.1920928955078125e-07,1.1920929e-07,1.1920929e-07,0.0,8.832,-13.375,-17.78,-8.97,171.58,155.68,0.6814053825170935,0.8484808
2006-01-09,56.61789765071013,530.4853392950561,0.2497494809356521,1.1920928955078125e-07,1.21,1.1920929e-07,1.21,8.832,-10.825,-15.98,-5.67,192.08,180.54,0.6144372431615795,0.79971755
2006-01-10,60.742319428523366,529.5855210186451,0.3870570372627263,1.1920928955078125e-07,6.9499984,1.4498829e-06,6.95,8.832,-4.9,-9.49,-0.31,133.27,284.1,0.551807047311352,0.7802122
2006-01-11,64.40714878008328,528.7001990487528,0.3368033502382407,1.1920928955078125e-07,1.1920929e-07,1.1920929e-07,0.0,8.8320055,-6.785,-12.09,-1.48,197.83,241.97,0.4964198582109893,0.7509543
2006-01-12,65.62032471411321,529.5939715681285,0.48926398092763784,1.1920928955078125e-07,7.0929525e-07,5.9499993,5.95,8.928,-1.765,-6.67,3.14,140.67,370.41,0.5523644626260961,1.5506718
2006-01-13,65.61973359188164,531.2050290169243,0.5438340771753818,1.1920928955078125e-07,1.1920929e-07,1.1920929e-07,0.0,8.928,-0.295,-3.72,3.13,140.33,462.22,0.669608883825627,1.8725094
2006-01-14,62.980991661298106,534.5140349111075,0.6801170163264356,6.076809883117676,1.1920929e-07,5.09,5.09,8.928,2.88,-3.06,8.82,159.31,482.58,0.9943077200758073,10.825444
2006-01-15,59.71933161665679,546.7313036897505,0.5104424010996665,1.1920928955078125e-07,1.0502339e-06,17.619999,17.62,8.965603,-1.675,-11.87,8.52,197.41,240.15,4.280135257891882,10.337812
2006-01-16,67.65965888723933,544.7984796017795,0.18035782075354845,1.1920928955078125e-07,2.53,1.1920929e-07,2.53,9.024,-15.62,-20.75,-10.49,181.42,120.47,3.3975511482512095,3.930319
2006-01-17,68.58277683423185,541.806719192439,0.17310796259190298,1.1920928955078125e-07,1.1920929e-07,1.1920929e-07,0.0,9.024,-16.065,-21.03,-11.1,208.03,117.63,2.376445262645304,2.7697535
2006-01-18,69.44331197810845,539.5040227610814,0.31286231354392446,1.1920928955078125e-07,2.67,1.1920929e-07,2.67,9.024009,-8.345,-15.56,-1.13,215.73,184.01,1.804862727081117,14.141347
2006-01-19,72.92745176267684,550.3609820675488,0.6666056645899899,3.6177156882961867,1.1920929e-07,31.43,31.43,9.12,1.84,-4.4,8.08,175.04,438.54,6.603836869717526,14.2388735
2006-01-20,72.26571875793222,553.4898558828403,0.4204442508422607,1.1920928955078125e-07,1.1920929e-07,1.1920929e-07,0.0,9.12,-4.81,-7.8,-1.82,139.6,339.27,9.597301624439131,5.4322276
2006-01-21,72.19889178064167,546.5253576601898,0.6030350803292596,0.33988987025701434,1.1920929e-07,1.1920929e-07,0.0,9.120006,0.48,-4.1,5.06,195.05,440.47,4.176103438754571,4.4764676
2006-01-22,72.22820334315676,543.7951187998691,0.5292595274804799,1.1920928955078125e-07,1.1920929e-07,2.52,2.52,9.216002,-1.475,-13.42,10.47,258.5,219.47,3.013720970448557,3.7547712
2006-01-23,72.46197903731439,541.5585452121014,0.2943672405452077,1.1920928955078125e-07,1.1920929e-07,1.1920929e-07,0.0,9.216002,-9.49,-14.08,-4.9,208.09,209.88,2.3070150146065327,2.7697535
2006-01-24,75.98150124402122,539.2052451042607,0.3781426670519912,1.1920928955078125e-07,6.59,1.1920929e-07,6.59,9.253603,-6.11,-8.87,-3.35,101.8,313.41,1.741570377033562,2.3698947
2006-01-25,79.99864152477025,537.2508331995335,0.4312132407505804,1.1920928955078125e-07,1.5899075,9.254426e-05,1.59,9.312,-4.335,-7.98,-0.69,173.06,334.61,1.3788892251511828,2.077315
2006-01-26,81.33915009646601,535.572460369896,0.4280146033136819,1.1920928955078125e-07,1.0899652,3.4790934e-05,1.09,9.312,-4.395,-8.35,-0.44,190.58,320.0,1.1283426427926952,1.8139935
2006-01-27,81.71870518296159,534.1894554722855,0.2998887593608806,1.1920928955078125e-07,1.1920929e-07,1.1920929e-07,0.0,9.408,-9.335,-14.16,-4.51,223.48,200.0,0.9564865038642377,1.6481984
2006-01-28,81.71876432301089,532.98818827493,0.3543014568926852,1.1920928955078125e-07,1.1920929e-07,1.1920929e-07,0.0,9.408,-7.065,-13.95,-0.18,277.97,208.77,0.8286035735079043,1.6969616
2006-01-29,81.62007543313426,531.6357018726542,0.6182866397358677,1.0646156835725407,1.1920929e-07,1.1920929e-07,0.0,9.425714,0.765,-4.59,6.12,243.59,440.15,0.7049660590816474,1.5994351
2006-01-30,81.53748761821066,534.5569985839136,0.4764741032681516,1.1920928955078125e-07,0.9376412,7.272359,8.21,9.504,-3.155,-6.87,0.56,142.43,365.23,0.9994248305535212,1.4531453
2006-01-31,88.31165921834031,533.6403842113748,0.38647809820488094,1.1920928955078125e-07,5.91,1.1920929e-07,5.91,9.504,-6.035,-7.27,-4.8,56.88,353.98,0.8957531013576271,1.3361135
2006-02-01,92.4157987924497,532.4475513050991,0.34244412064831276,1.1920928955078125e-07,2.35,1.1920929e-07,2.35,9.5999975,-7.785,-10.51,-5.06,141.14,276.31,0.7767726385152325,1.2385869
2006-02-02,93.43589569811027,531.356693177946,0.38871118944329747,1.1920928955078125e-07,1.1920929e-07,1.1920929e-07,0.0,9.5999975,-6.035,-11.51,-0.56,266.09,256.85,0.6818531391478857,1.1898236
2006-02-03,94.98615316430674,530.1172888306733,0.4219206970568809,1.1920928955078125e-07,4.2399993,3.7908552e-07,4.24,9.680673,-4.99,-7.66,-2.32,118.17,344.46,0.5880035083721745,1.7554775
2006-02-04,97.70870404242125,537.3476518758596,0.5972376677505945,1.1920928955078125e-07,1.1920929e-07,17.11,17.11,9.696,-0.3,-3.2,2.6,129.52,482.35,1.394932398442919,3.257386
2006-02-05,94.52329907432785,550.980431215799,0.7689710638529811,6.360550880432129,1.1920929e-07,12.16,12.16,9.713714,3.0,0.26,5.74,123.44,621.04,7.111130865018176,8.845656
2006-02-06,89.86021768946546,555.6668277671582,0.6497232862855438,1.1920928955078125e-07,1.1920929e-07,10.38,10.38,9.792003,0.29,-4.07,4.65,185.87,446.73,12.448273327232656,6.3977404
2006-02-07,92.66725869281358,549.7710869585492,0.38361000478694,1.1920928955078125e-07,3.61,1.1920929e-07,3.61,9.792003,-6.95,-12.71,-1.19,259.23,231.46,6.154425506214041,3.091591
2006-02-08,94.0623275147665,544.8755905416368,0.2770673235393873,1.1920928955078125e-07,1.1920929e-07,1.1920929e-07,0.0,9.888002,-11.295,-14.54,-8.05,208.43,200.54,3.428997594073558,2.1845942
2006-02-09,94.0814900386954,541.7761897762664,0.23339413624300853,1.1920928955078125e-07,1.1920929e-07,1.1920929e-07,0.0,9.888002,-13.44,-17.89,-8.99,269.35,155.74,2.36779275614432,1.7749828
2006-02-10,94.0814900386954,539.4701229002319,0.21635829987427987,1.1920928955078125e-07,1.1920929e-07,1.1920929e-07,0.0,9.984,-14.475,-21.79,-7.16,346.5,108.89,1.7975673066741102,1.5019085
2006-02-11,94.0814900386954,537.665804839999,0.16504456526554456,1.1920928955078125e-07,1.1920929e-07,1.1920929e-07,0.0,9.984,-17.815,-22.35,-13.28,278.68,104.04,1.4489775795530864,1.3166082
2006-02-12,94.0814900386954,536.14850266023,0.2131053625700791,1.1920928955078125e-07,1.1920929e-07,1.1920929e-07,0.0,10.08,-14.71,-22.19,-7.23,354.15,105.19,1.2087347720467796,1.180071
2006-02-13,94.0814900386954,534.818014451242,0.220252245606463,1.1920928955078125e-07,1.1920929e-07,1.1920929e-07,0.0,10.08,-14.26,-17.65,-10.87,227.97,154.49,1.0310835946439136,1.0825444
2006-02-14,94.0824854941144,533.603178490019,0.2868091642456764,1.1920928955078125e-07,1.1920929e-07,1.1920929e-07,0.0,10.1760025,-10.945,-16.58,-5.31,330.94,171.39,0.89178008297857,1.0045233
2006-02-15,94.1159187295501,532.2168724329997,0.4395007704137731,1.1920928955078125e-07,1.1920929e-07,1.1920929e-07,0.0,10.1760025,-5.17,-9.6,-0.74,288.36,296.37,0.7556563237160746,0.9362547
2006-02-16,94.19737948328542,530.6575213318741,0.7502382470025099,4.859085559844971,1.1920929e-07,1.1920929e-07,0.0,10.271997,2.365,-3.99,8.72,346.77,457.87,0.6272083228313018,0.8874914
2006-02-17,94.32767885458837,529.0651128646699,0.7217562674210383,3.6177156882961867,1.1920929e-07,1.1920929e-07,0.0,10.271997,1.84,-3.86,7.54,335.59,454.12,0.5185420789587617,0.89724404
2006-02-18,94.50762794272696,527.5796347094148,0.45461712241606117,1.1920928955078125e-07,7.599997,2.7179717e-06,7.6,10.368,-4.84,-15.61,5.93,302.31,188.92,0.4342148359798142,0.9460073
2006-02-19,94.73803784696918,526.3410745441365,0.15814665182471288,1.1920928955078125e-07,1.1920929e-07,1.1920929e-07,0.0,10.368,-18.54,-22.93,-14.15,299.78,97.7,0.37448767984200315,0.8874914
2006-02-20,95.01971966658304,525.4894200468627,0.19837626574126604,1.1920928955078125e-07,0.35,1.1920929e-07,0.35,10.464,-15.83,-20.85,-10.81,329.82,120.59,0.33825669037517675,0.8484808
2006-02-21,95.072083696898,524.9061314908722,0.2949138889509392,1.1920928955078125e-07,1.1920929e-07,1.1920929e-07,0.0,10.464,-10.73,-15.49,-5.97,328.9,183.05,0.31548621125066506,0.79971755
2006-02-22,95.86816799238443,524.3009081141557,0.30390654804587175,1.1920928955078125e-07,1.58,1.1920929e-07,1.58,10.56,-10.44,-15.91,-4.97,338.56,178.71,0.2934784409255856,0.7704596
2006-02-23,96.66558710661552,523.6942487128174,0.34881779987964784,1.1920928955078125e-07,1.1920929e-07,1.1920929e-07,0.0,10.56,-8.595,-15.53,-1.66,396.68,185.45,0.27295905798308545,0.74120164
2006-02-24,98.8114509779755,523.0178872532645,0.4733403681380425,1.1920928955078125e-07,4.129969,3.089398e-05,4.13,10.655997,-4.54,-9.37,0.29,248.89,290.3,0.25176889716555306,0.7119437
2006-02-25,100.73280310943059,522.4109036847535,0.27056214179144955,1.1920928955078125e-07,1.1920929e-07,1.1920929e-07,0.0,10.655997,-12.03,-20.38,-3.68,425.52,124.62,0.23415668678488255,0.6826857
2006-02-26,101.45976228974834,521.9355286952784,0.2248068042532668,1.1920928955078125e-07,1.0,1.1920929e-07,1.0,10.752,-14.51,-19.83,-9.19,360.22,127.48,0.22122796937671788,0.6631804
2006-02-27,101.90545362391013,521.5168393495707,0.18424036311892159,1.1920928955078125e-07,1.1920929e-07,1.1920929e-07,0.0,10.752,-16.995,-22.96,-11.03,387.49,97.18,0.21043348082325072,0.6436751
2006-02-28,101.88911197649871,521.1351284834151,0.17282709760044238,1.1920928955078125e-07,1.1920929e-07,1.1920929e-07,0.0,10.848,-17.885,-21.93,-13.84,310.35,107.61,0.20105200368002693,0.62416977
2006-03-01,101.90284802389715,520.7493328334466,0.20806923721410542,1.1920928955078125e-07,0.03,1.1920929e-07,0.03,10.848005,-15.57,-20.12,-11.02,338.79,126.55,0.19199504413826543,0.6046645
2006-03-02,101.93248551467435,520.3363551801908,0.21720655276007728,1.1920928955078125e-07,0.29,1.1920929e-07,0.29,10.9439945,-15.13,-20.81,-9.45,387.12,120.25,0.18275160348990702,0.5851592
2006-03-03,101.94793319100819,519.8961480197765,0.3287068210050891,1.1920928955078125e-07,1.1920929e-07,1.1920929e-07,0.0,11.04,-9.88,-17.25,-2.51,428.71,161.08,0.173388174189307,0.56565386
2006-03-04,101.95323066973194,519.4298537765351,0.25594887547375267,1.1920928955078125e-07,1.1920929e-07,1.1920929e-07,0.0,11.04,-13.13,-16.56,-9.7,271.95,171.74,0.16399255380065342,0.54614854
2006-03-05,101.95262331867157,518.9385915725074,0.37512141029682294,1.1920928955078125e-07,1.1920929e-07,1.1920929e-07,0.0,11.136003,-8.21,-10.16,-6.26,163.32,283.05,0.1546440563194804,0.5363959
2006-03-06,101.95035650565306,518.4234805297343,0.4337055092444064,1.1920928955078125e-07,1.1920929e-07,1.1920929e-07,0.0,11.136003,-6.23,-9.68,-2.78,275.88,294.26,0.14541354232288647,0.5168906
2006-03-07,101.94992531115075,517.8912391245937,0.3586273055621215,1.1920928955078125e-07,1.1920929e-07,1.1920929e-07,0.0,11.232,-8.9,-16.18,-1.62,444.56,176.83,0.13645441925169619,0.50713795
2006-03-08,101.94992531115075,517.3643379231406,0.4074270121198905,1.1920928955078125e-07,1.1920929e-07,1.1920929e-07,0.0,11.232,-7.17,-15.55,1.21,466.08,183.02,0.12812900460885446,0.4973853
2006-03-09,101.87193759228532,516.8293308392999,0.42120201496285087,1.1920928955078125e-07,1.1920929e-07,1.1920929e-07,0.0,11.327997,-6.82,-15.42,1.78,470.24,187.17,0.12019508154226134,0.48763263
2006-03-10,106.18249346208572,516.4714307420071,0.5139717661519754,1.1920928955078125e-07,8.812739,0.007260359,8.82,11.327997,-4.07,-8.01,-0.13,226.3,336.98,0.11516374254298214,0.54614854
2006-03-11,105.43001368828685,521.8899533911888,0.8682429901841584,6.83345365524292,1.1920929e-07,2.14,2.14,11.424,3.2,-1.59,7.99,332.69,545.32,0.22002660384192632,1.2385869
2006-03-12,101.86771924827893,525.1782476496481,0.714442608574621,1.1920928955078125e-07,1.1920929e-07,1.1920929e-07,0.0,11.424,0.25,-3.72,4.22,305.21,461.23,0.32591181331825003,1.1703184
2006-03-13,98.8609660162796,527.8047669370083,0.8680192616418855,6.135922431945801,1.1920929e-07,2.2,2.2,11.52,2.905,-3.78,9.59,415.18,465.24,0.44605298376230273,2.018799
2006-03-14,91.06156101511465,539.9972230869678,0.9551917967671799,8.405854225158691,1.1920929e-07,10.17,10.17,11.616,3.865,1.02,6.71,175.47,641.55,1.9144130185673365,6.1929345
2006-03-15,86.4862247848304,549.6943607405277,0.7401127312052561,1.1920928955078125e-07,1.1920929e-07,8.75,8.75,11.616,-0.14,-6.05,5.77,315.27,388.64,6.098265174125829,2.9062905
2006-03-16,88.48993464323787,546.1215303678226,0.4463070337425645,1.1920928955078125e-07,0.84,1.1920929e-07,0.84,11.711997,-7.235,-10.58,-3.89,286.91,274.06,3.979396595173751,1.7457249
2006-03-17,88.76046686413127,542.5013482263396,0.4176867870988306,1.1920928955078125e-07,1.1920929e-07,1.1920929e-07,0.0,11.711997,-8.04,-12.2,-3.88,347.19,241.75,2.5820885215904053,1.3848767
2006-03-18,88.76032955074454,539.8905771145044,0.37769877766185805,1.1920928955078125e-07,1.1920929e-07,1.1920929e-07,0.0,11.808002,-9.43,-13.67,-5.19,360.0,213.48,1.8901746366332066,1.1703184
2006-03-19,88.76032955034576,537.8556828209896,0.3233678348240232,1.1920928955078125e-07,1.1920929e-07,1.1920929e-07,0.0,11.808002,-11.425,-15.28,-7.57,339.87,188.1,1.48222510106177,0.9947706
2006-03-20,88.76032954826566,536.1248326540097,0.3456817736538173,1.1920928955078125e-07,1.1920929e-07,1.1920929e-07,0.0,11.904,-10.615,-15.05,-6.18,391.61,192.0,1.2053212487288485,0.8679861
2006-03-21,88.76032954612349,534.5990220485652,0.3706993271520819,1.1920928955078125e-07,1.1920929e-07,1.1920929e-07,0.0,11.904,-9.655,-13.5,-5.81,354.84,219.39,1.0044554348603865,0.79971755
2006-03-22,88.7603295459038,533.1974793460458,0.5222512144917718,1.1920928955078125e-07,1.1920929e-07,1.1920929e-07,0.0,11.999997,-5.09,-8.37,-1.81,311.4,323.63,0.849584572747132,0.74120164
2006-03-23,88.76032954959116,531.8394328878408,0.6363106155390309,1.1920928955078125e-07,1.1920929e-07,1.1920929e-07,0.0,12.096,-2.405,-6.56,1.75,381.18,376.08,0.7223364334298783,0.702191
2006-03-24,87.46936959823024,531.6937657779158,0.8676217906107972,4.161554336547852,1.1920929e-07,1.1920929e-07,0.0,12.096,2.07,-2.35,6.49,398.12,516.47,0.7098736594546381,0.7509543
2006-03-25,84.31276304177455,533.2010572159035,0.8196430534693222,1.8198627057260524,1.1920929e-07,1.1920929e-07,0.0,12.192,1.08,-1.36,3.52,247.35,558.59,0.8499478276029034,0.83872813
2006-03-26,82.32215496388804,533.5041228789237,0.8220799867800503,1.9028374412205835,1.1920929e-07,1.1920929e-07,0.0,12.192,1.115,-2.25,4.48,333.73,518.66,0.8812881163586319,0.96551263
2006-03-27,81.46968535798452,532.6897361127067,0.7827046386787412,5.954692987861882e-06,1.1920929e-07,1.1920929e-07,0.0,12.288,0.31,-3.7,4.32,390.23,463.06,0.7995774623430816,1.1020498
2006-03-28,81.44894669608655,531.2337411629353,0.7131809939388658,1.1920928955078125e-07,1.1920929e-07,1.1920929e-07,0.0,12.288,-0.99,-6.38,4.4,476.08,378.81,0.6719098987350184,1.3653713
2006-03-29,81.26214780389047,530.0489796456078,0.8071317524454943,0.9412415824615437,1.1920929e-07,1.1920929e-07,0.0,12.384,0.715,-6.65,8.08,543.66,370.5,0.5832240857322998,1.8237461
2006-03-30,77.82415137520022,531.989589645779,0.9332398919275641,5.8640031814575195,1.1920929e-07,1.1920929e-07,0.0,12.384,2.79,-5.79,11.37,563.15,399.11,0.7354123873201268,2.6332164
2006-03-31,69.51630392163909,538.2240708199629,1.093048826288554,10.758543968200684,1.1920929e-07,1.1920929e-07,0.0,12.48,4.86,-3.03,12.75,545.95,484.73,1.5489210874191344,3.8913085
2006-04-01,54.36001944898713,549.0551953702546,1.438055116001649,19.684581756591797,1.1920929e-07,1.1920929e-07,0.0,12.576003,8.635,-2.76,20.03,579.66,493.72,5.6499021198731905,7.138942
2006-04-02,34.63749944438965,559.088083744471,1.383006058318031,17.59198570251465,1.1920929e-07,7.02,7.02,12.576003,7.75,-0.57,16.07,411.55,586.42,18.734116520585026,8.358024
2006-04-03,24.06004158379778,555.1473382548081,0.9349232435980542,3.641360606822616,1.1920929e-07,1.1920929e-07,0.0,12.672003,1.85,-3.94,7.64,482.46,456.13,11.699129395681233,4.0668564
2006-04-04,18.970998646209804,551.8804371306754,1.0177519363310903,6.809808731079102,1.1920929e-07,4.0,4.0,12.672003,3.19,-3.93,10.31,393.8,460.32,7.918422973401393,3.5402129
2006-04-05,17.006798698971394,557.96996501696,0.7286804792530859,1.1920928955078125e-07,1.5640258e-05,26.239985,26.24,12.767997,-1.93,-4.49,0.63,189.92,441.2,16.391384138849936,2.9843118
2006-04-06,17.008016329797698,554.5152390670743,0.8146918608639045,1.1920928955078125e-07,1.1920929e-07,1.1920929e-07,0.0,12.767997,-0.245,-4.18,3.69,377.22,444.43,10.84812841548008,2.4381633
2006-04-07,17.010874298452645,546.586380701873,0.8006978775493547,1.1920928955078125e-07,1.1920929e-07,1.1920929e-07,0.0,12.864003,-0.395,-3.31,2.52,302.13,482.07,4.206662267350035,2.2431102
2006-04-08,16.69813759554766,544.7790438094539,0.8703517740131865,1.2952010435892873,1.1920929e-07,4.0,4.0,12.864003,0.86,-4.42,6.14,363.12,443.47,3.3896706886679264,2.7990115
2006-04-09,16.5967260095832,542.9659742041183,0.6350150711117365,1.1920928955078125e-07,1.1920929e-07,1.1920929e-07,0.0,12.96,-3.695,-7.97,0.58,429.81,336.71,2.7294799442669886,2.0383043
2006-04-10,16.59677385754587,539.9734312603547,0.788919990706759,1.1920928955078125e-07,1.1920929e-07,1.1920929e-07,0.0,12.96,-0.54,-6.99,5.91,543.06,362.39,1.9089788419157807,2.3698947
2006-04-11,14.2638002341135,539.657899666063,1.0000886365102035,5.934938430786133,1.1920929e-07,1.1920929e-07,0.0,13.056,2.82,-4.82,10.46,572.02,429.88,1.8383518215577648,3.1306016
2006-04-12,6.4703206321420454,543.943792407256,1.1840064634113023,6.4703206321420454,1.1920929e-07,1.1920929e-07,0.0,13.151992,5.115,-3.29,13.52,585.46,480.16,3.0677326027822733,4.4081993
2006-04-13,2.366636311308166,543.9322911609648,1.3661783686527271,2.3666363111834388,1.1920929e-07,0.64,0.64,13.152,7.295,-2.22,16.81,596.88,524.43,3.063519990488244,6.3977404
2006-04-14,0.8635925469647444,541.639421717055,1.4987678322244793,0.8634391923037765,1.1920929e-07,1.1920929e-07,0.0,13.247997,8.68,0.32,17.04,575.2,620.89,2.3294156435346185,6.348977
2006-04-15,0.31659094555955297,538.6560706531643,1.4549462749154816,0.3037788398742944,1.1920929e-07,1.1920929e-07,0.0,13.247997,8.305,0.45,16.16,559.67,629.45,1.63096690535138,6.173429
2006-04-16,0.12662170469921044,539.5676262773231,1.2699855694486646,0.09877689301445315,1.1920929e-07,7.26,7.26,13.344,6.08,0.69,11.47,344.46,643.59,1.8186305077176874,6.846362
2006-04-17,0.0604785023473002,540.160851718849,0.9961081310855326,0.03911448830495649,1.1920929e-07,0.11,0.11,13.344,2.425,0.34,4.51,208.78,627.53,1.9522080338664696,4.242404
2006-04-18,0.03226877568234705,538.1092168020225,1.0888388707267613,0.018715216738897502,1.1920929e-07,1.06,1.06,13.44,3.695,0.77,6.62,285.74,648.85,1.5278111702261004,3.6669974
2006-04-19,0.01791322740638778,536.064564479854,1.3979828331800663,0.009756684722094237,1.1920929e-07,1.1920929e-07,0.0,13.44,7.54,2.39,12.69,449.98,728.54,1.196673250069924,3.8522978
2006-04-20,0.009822429063730733,533.4915768496716,1.7005198261001164,0.005152221075309138,1.1920929e-07,1.1920929e-07,0.0,13.536,10.56,4.02,17.1,511.7,772.42,0.8799680790821377,3.5792236
2006-04-21,0.0050098009024936345,531.0547963581922,1.5603317650156558,0.0025676325940195872,1.1920929e-07,1.1920929e-07,0.0,13.536,9.28,-0.34,18.9,592.93,530.5,0.6576969806788502,2.974559
2006-04-22,0.0011788998099285398,528.9906584306301,1.2470969989618097,0.0005929243766286764,1.1920929e-07,1.1920929e-07,0.0,13.632,5.78,-3.19,14.75,585.18,448.78,0.5139497628082684,2.3796473
2006-04-23,-0.0007353164466167451,527.4105753497823,1.1495256065275286,1.1920928955078125e-07,1.1920929e-07,1.1920929e-07,0.0,13.632,4.595,-2.36,11.55,522.21,505.54,0.4255321803067713,2.048057
2006-04-24,-0.0005547935195123607,526.9780507190385,1.180361868193768,1.1920928955078125e-07,1.1920929e-07,2.42,2.42,13.728,4.9,0.94,8.86,314.48,653.17,0.4041004381598848,2.1163256
2006-04-25,-0.000322529022021673,528.884934539224,1.0934730541911157,1.1920928955078125e-07,1.1920929e-07,4.44,4.44,13.728,3.7,1.01,6.39,180.97,655.59,0.507498552368339,2.5649476
2006-04-26,-0.00019117165377382676,530.2145648134388,1.0139683194369682,1.1920928955078125e-07,1.1920929e-07,1.0,1.0,13.8239975,2.44,-4.47,9.35,520.76,437.57,0.5948773447111034,2.2821207
2006-04-27,-0.00011170337890559746,529.547021093301,1.0790559511598585,1.1920928955078125e-07,1.1920929e-07,1.0,1.0,13.8239975,3.38,-4.39,11.15,550.46,426.36,0.5492746251664604,1.8920146
2006-04-28,-6.51135316394534e-05,528.4296471486595,1.0224120048505911,1.1920928955078125e-07,1.1920929e-07,1.1920929e-07,0.0,13.92,2.51,-5.19,10.21,551.11,405.12,0.4806296880969142,1.628693
2006-04-29,-3.751357662359082e-05,526.967826849651,0.9616605929377807,1.1920928955078125e-07,1.1920929e-07,1.1920929e-07,0.0,13.92,1.65,-6.04,9.34,552.93,381.46,0.40360712030684615,1.4628979
2006-04-30,-2.1675583750976134e-05,525.4978979484263,1.2299476080078466,1.1920928955078125e-07,1.1920929e-07,1.1920929e-07,0.0,14.016003,5.25,-4.13,14.63,593.27,407.99,0.33859949145353685,1.3653713
2006-05-01,-1.2248119778607279e-05,523.7953038807955,1.5727945289731888,1.1920928955078125e-07,1.1920929e-07,1.1920929e-07,0.0,14.016003,9.075,-0.97,19.12,603.58,477.85,0.276274702210896,1.3458661
2006-05-02,-7.120292900013447e-06,524.6378837184394,1.506096743409131,1.1920928955078125e-07,1.1920929e-07,4.62,4.62,14.112002,8.27,3.15,13.39,319.38,771.0,0.3055352957272719,1.7164669
2006-05-03,-4.001611126923253e-06,531.3439334397638,1.1905236339444154,1.1920928955078125e-07,1.1920929e-07,12.36,12.36,14.112002,4.49,2.67,6.31,131.3,745.01,0.6808144417349031,4.0571036
2006-05-04,-2.399148612536295e-06,535.8878713219631,1.6119069409306124,1.1920928955078125e-07,1.1920929e-07,2.0,2.0,14.208,8.89,5.53,12.25,304.18,907.96,1.17167517056641,3.0135698
2006-05-05,-1.442892613678877e-06,533.7953581848845,2.040056170744618,1.1920928955078125e-07,1.1920929e-07,1.1920929e-07,0.0,14.208,12.68,6.06,19.3,502.11,856.89,0.9124933315270322,2.330884
2006-05-06,-8.649204786895292e-07,530.9787920344361,1.9289876378683237,1.1920928955078125e-07,1.1920929e-07,1.1920929e-07,0.0,14.2862835,11.78,2.09,21.47,591.3,568.04,0.6517515789608687,1.9700359
2006-05-07,-4.836588652829705e-07,529.3526661665819,1.5866181298155426,1.1920928955078125e-07,1.1920929e-07,0.92,0.92,14.304,8.73,-1.07,18.53,594.59,439.03,0.5366668083402895,1.7457249
2006-05-08,-2.685239195323391e-07,528.0120257774284,1.1794086895739784,1.1920928955078125e-07,1.1920929e-07,1.1920929e-07,0.0,14.31933,4.225,-2.49,10.94,500.19,447.56,0.4572364191984059,1.4628979
2006-05-09,-1.5648232690852339e-07,525.9334134126931,1.4916164941123577,1.1920928955078125e-07,1.1920929e-07,1.1920929e-07,0.0,14.399997,7.77,-1.37,16.91,576.63,418.09,0.3566847806477212,1.2971028
2006-05-10,-9.076655367511992e-08,526.1698823382271,1.7573074045163783,1.1920928955078125e-07,1.1920929e-07,4.73,4.73,14.399997,10.32,2.84,17.8,384.37,686.32,0.36690583180089986,2.0968204
2006-05-11,-5.3689748648841934e-08,531.5221704414006,1.4609352901787953,1.1920928955078125e-07,1.1920929e-07,9.18,9.18,14.495997,7.185,4.38,9.99,179.2,842.44,0.6954681151567584,4.710531
2006-05-12,-3.221977997703639e-08,537.3267334728253,1.7945368829418464,1.1920928955078125e-07,1.1920929e-07,8.8,8.8,14.495997,10.215,6.56,13.87,229.58,972.13,1.3914504163743873,8.5433235
2006-05-13,-1.9523713254653555e-08,557.3325073348044,1.548695595784006,1.1920928955078125e-07,1.1920929e-07,42.71,42.71,14.574286,7.27,4.38,10.16,190.76,839.26,15.189338364711693,27.795061
2006-05-14,-1.1836076455931538e-08,557.0185276909746,1.684091866593803,1.1920928955078125e-07,1.1920929e-07,2.79,2.79,14.592003,8.555,4.68,12.43,279.85,853.47,14.630086708650905,8.006928
2006-05-15,-7.1588658694830565e-09,547.4036863409505,1.9413467466172614,1.1920928955078125e-07,1.1920929e-07,1.1920929e-07,0.0,14.592003,11.06,5.19,16.93,463.11,869.65,4.638167964666209,4.525231
2006-05-16,-4.2510828842251755e-09,542.3386170746984,1.90995204253635,1.1920928955078125e-07,1.1920929e-07,2.63,2.63,14.688,10.845,6.89,14.8,299.99,993.58,2.5323704627006616,7.5973167
2006-05-17,-2.5621732617864674e-09,547.8269744254446,1.665589225696115,1.1920928955078125e-07,1.1920929e-07,17.3,17.3,14.688,8.54,6.94,10.14,113.17,998.1,4.878769363477911,9.85018
2006-05-18,-1.5506458459516996e-09,550.1828152913108,1.9051069573061579,1.1920928955078125e-07,1.1920929e-07,5.29,5.29,14.746397,10.515,6.98,14.05,229.79,1003.52,6.4647467468095225,8.358024
2006-05-19,-9.388019298596705e-10,550.5464481320155,1.9607919490676848,1.1920928955078125e-07,1.1920929e-07,12.0,12.0,14.784002,10.92,7.44,14.4,226.36,1036.17,6.751805245358159,9.245515
2006-05-20,-5.666845823087947e-10,554.967408980363,1.6728023796498783,1.1920928955078125e-07,1.1920929e-07,18.68,18.68,14.784002,8.305,5.74,10.87,174.52,921.3,11.450310681340813,15.896824
2006-05-21,-3.4204654707368507e-10,553.7114500244375,1.8247958748883404,1.1920928955078125e-07,1.1920929e-07,4.33,4.33,14.879986,9.595,5.16,14.03,291.9,884.64,9.854789419208995,8.192228
2006-05-22,-2.0614103988734147e-10,551.5873375835953,1.6717904526656364,1.1920928955078125e-07,1.1920929e-07,11.87,11.87,14.879992,8.29,2.54,14.04,348.36,736.02,7.645927546420059,8.777388
2006-05-23,-1.2428819998754425e-10,548.9833458806468,1.2926728901715174,1.1920928955078125e-07,1.1920929e-07,1.09,1.09,14.879992,4.44,1.71,7.17,264.35,694.43,5.601608550647617,5.4614854
2006-05-24,-7.493086064839514e-11,544.1078032928745,1.3697630338709652,1.1920928955078125e-07,1.1920929e-07,0.32,0.32,14.975994,5.35,1.89,8.81,327.41,705.04,3.128439734316731,3.8425453
2006-05-25,-4.346922583560796e-11,540.3692131946975,1.529444574467702,1.1920928955078125e-07,1.1920929e-07,1.1920929e-07,0.0,14.976003,7.135,1.55,12.72,455.94,683.8,2.0014174223396464,3.0135698
2006-05-26,-1.7850184819510843e-11,537.3710958046387,1.8295371190763268,1.1920928955078125e-07,1.1920929e-07,0.01,0.01,14.976003,10.005,4.13,15.88,464.66,824.48,1.3988451238948145,2.525937
2006-05-27,-1.3533187863911246e-12,534.7485950352223,2.7037632216512595,1.1920928955078125e-07,1.1920929e-07,1.38,1.38,15.034397,16.325,8.61,24.04,513.79,1118.5,1.0225670685157258,2.1553364
2006-05-28,1.8462938574126623e-12,532.0908879264451,2.1720053648288626,1.1920928955078125e-07,1.1920929e-07,1.1920929e-07,0.0,15.072,12.79,5.71,19.87,504.86,920.01,0.7443670910216545,1.8530041
2006-05-29,9.965325193738166e-13,529.1038479442933,2.9811751754895965,1.1920928955078125e-07,1.1920929e-07,1.1920929e-07,0.0,15.072,18.09,10.36,25.82,507.12,1246.76,0.5209474453692076,1.5799297
2006-05-30,4.855322845851413e-13,527.1965195404309,3.3731228129905957,1.1920928955078125e-07,1.1920929e-07,4.01,4.01,15.072,20.245,13.66,26.83,374.81,1572.41,0.41478721096941573,1.3946294
2006-05-31,2.777217705969754e-13,527.7737269848659,2.3458970477632746,1.1920928955078125e-07,1.1920929e-07,0.51,0.51,15.167992,14.065,9.34,18.79,396.23,1187.82,0.4444018210443068,1.3361135
2006-06-01,1.43134059812037e-13,530.0926450815181,3.1527741828157794,1.1920928955078125e-07,1.1920929e-07,7.51,7.51,15.168,18.895,10.57,27.22,391.53,1287.21,0.5862747474697371,1.404382
2006-06-02,7.851757341889759e-14,532.8045466733131,2.874212820799099,1.1920928955078125e-07,1.1920929e-07,6.09,6.09,15.168,17.255,13.77,20.74,224.18,1580.08,0.8106210938663301,1.6189404
2006-06-03,4.688450847035982e-14,535.9774828179483,2.8809520432711273,1.1920928955078125e-07,1.1920929e-07,8.47,8.47,15.168,17.195,12.61,21.78,284.13,1448.7,1.1842872116804524,2.3503892
2006-06-04,2.835059380561885e-14,546.5154506370685,1.9435137960340871,1.1920928955078125e-07,1.1920929e-07,21.12,21.12,15.2263975,10.43,7.55,13.31,204.3,1049.51,4.171163235001227,5.276185
2006-06-05,1.7149120383728805e-14,551.3395665242496,1.8496460956031702,1.1920928955078125e-07,1.1920929e-07,5.53,5.53,15.264003,9.475,8.53,10.42,87.0,1122.7,7.422901383335854,3.1891174
2006-06-06,1.0289886931203096e-14,551.2348179921481,2.04754337021445,1.1920928955078125e-07,1.1920929e-07,11.53,11.53,15.264003,11.08,5.7,16.46,347.37,919.81,7.330581703976903,2.8185167
2006-06-07,6.22213454001579e-15,547.4994822292209,2.4444661282000135,1.1920928955078125e-07,1.1920929e-07,1.1920929e-07,0.0,15.264003,14.035,6.33,21.74,527.77,966.42,4.691559020601843,1.9212726
2006-06-08,3.7661885639375874e-15,549.6165083986136,2.361870826347346,1.1920928955078125e-07,1.1920929e-07,17.67,17.67,15.264003,13.415,10.19,16.64,242.55,1254.93,6.04180435542661,7.2072105
2006-06-09,2.2628990739686203e-15,555.2012336425071,1.9650026273319152,1.1920928955078125e-07,1.1920929e-07,14.99,14.99,15.27933,10.3,9.2,11.4,100.34,1175.65,11.77470673791819,8.650603
2006-06-10,1.358061143302923e-15,556.3346211361364,2.277440348320725,1.1920928955078125e-07,1.1920929e-07,20.12,20.12,15.342286,12.55,9.14,15.96,261.97,1171.73,13.48217508271283,21.163258
2006-06-11,8.17462090281507e-16,559.5005146777244,2.1588058473965672,1.1920928955078125e-07,1.1920929e-07,21.79,21.79,15.359997,11.585,7.48,15.69,304.39,1040.14,19.680388664983923,12.288342
2006-06-12,4.944967001021139e-16,553.3683185788357,2.164126434804722,1.1920928955078125e-07,1.1920929e-07,0.25,0.25,15.359997,11.8,7.49,16.11,418.15,1045.34,9.458946005338872,5.900355
2006-06-13,2.9883547347794077e-16,544.9795259987791,2.7147866520892077,1.1920928955078125e-07,1.1920929e-07,1.1920929e-07,0.0,15.359997,15.725,11.82,19.63,372.59,1385.39,3.4718443233675758,3.6865027
2006-06-14,1.7789465713522856e-16,540.2419996411002,2.9212980285754675,1.1920928955078125e-07,1.1920929e-07,2.03,2.03,15.359997,17.085,10.73,23.44,491.24,1298.15,1.971227484523674,2.8477747
2006-06-15,1.0170252012595902e-16,536.6394789986381,2.6474032317510656,1.1920928955078125e-07,1.1920929e-07,1.1920929e-07,0.0,15.359997,15.565,10.02,21.11,470.82,1241.62,1.2817610758651206,2.5161843
2006-06-16,6.006989373891074e-17,533.1656215071068,2.4678278249322463,1.1920928955078125e-07,1.1920929e-07,0.28,0.28,15.359997,14.52,7.78,21.26,508.33,1063.55,0.8463569400532114,1.8920146
2006-06-17,3.438186950377767e-17,529.9544827824301,2.8161847820005406,1.1920928955078125e-07,1.1920929e-07,1.1920929e-07,0.0,15.359997,16.795,8.37,25.22,535.64,1109.72,0.5766763530751455,1.5409192
2006-06-18,2.0312702076292104e-17,526.4955675283684,3.096787449601658,1.1920928955078125e-07,1.1920929e-07,1.1920929e-07,0.0,15.359997,18.495,10.97,26.02,508.38,1317.58,0.38146434878769475,1.2873502
2006-06-19,1.1742253717297625e-17,522.6901931000434,3.9514994849135534,1.1920928955078125e-07,1.1920929e-07,1.1920929e-07,0.0,15.359997,22.8,15.04,30.56,491.84,1711.99,0.24210206541597654,1.1410604
2006-06-20,7.086562360158542e-18,528.8297237139259,3.6827126766908456,1.1920928955078125e-07,1.1920929e-07,18.75,18.75,15.359997,21.375,13.14,29.61,376.81,1511.86,0.5041618699614308,3.1988702
2006-06-21,4.2778713022480296e-18,540.8243666266914,3.1054397516654038,1.1920928955078125e-07,1.1920929e-07,12.77,12.77,15.359997,18.09,9.94,26.24,384.31,1235.38,2.1132697650187344,2.9062905
2006-06-22,2.583188363653415e-18,540.7406026540446,2.784011027530958,1.1920928955078125e-07,1.1920929e-07,1.1920929e-07,0.0,15.359997,16.27,9.59,22.95,475.64,1207.01,2.092225766409258,1.5701771
2006-06-23,1.5605991992867902e-18,537.9907692593341,3.0226966856152915,1.1920928955078125e-07,1.1920929e-07,3.9,3.9,15.359997,17.725,11.14,24.31,345.51,1334.3,1.5063420738322288,1.5799297
2006-06-24,9.28295710462689e-19,538.0430753647404,3.292654418687926,1.1920928955078125e-07,1.1920929e-07,5.46,5.46,15.359997,19.165,13.8,24.53,301.87,1580.31,1.5157853172680045,1.8042408
2006-06-25,5.4434428229996035e-19,537.1946154318034,2.912670913818335,1.1920928955078125e-07,1.1920929e-07,2.0,2.0,15.359997,17.13,11.28,22.98,412.02,1346.0,1.3696585662252962,1.3946294
2006-06-26,3.250758943029906e-19,537.7317880735527,3.1005668191855476,1.1920928955078125e-07,1.1920929e-07,9.31,9.31,15.359997,18.16,11.77,24.55,337.88,1391.48,1.460445791631744,3.062333
2006-06-27,1.961406014609927e-19,549.1140851433425,2.8237090074264706,1.1920928955078125e-07,1.1920929e-07,24.23,24.23,15.359997,16.25,13.83,18.67,161.56,1584.16,5.689795147417543,5.598023
2006-06-28,1.188031657664122e-19,550.0584467379001,3.902160536293038,1.1920928955078125e-07,1.1920929e-07,1.1920929e-07,0.0,15.359997,21.695,16.86,26.53,377.5,1917.22,6.369395388554218,2.9940643
2006-06-29,7.177427450691413e-20,546.7540059979916,3.205468442702245,1.1920928955078125e-07,1.1920929e-07,9.0,9.0,15.359997,18.44,15.16,21.72,215.91,1724.15,4.29176055552716,4.320425
2006-06-30,4.14567940716247e-20,545.5611522971102,3.3882180892059433,1.1920928955078125e-07,1.1920929e-07,4.51,4.51,15.359997,19.415,13.9,24.93,318.34,1590.48,3.7216883569075994,3.0233223
2006-07-01,2.4109802839799528e-20,542.7668677170908,2.580783826115078,1.1920928955078125e-07,1.1920929e-07,2.23,2.23,15.359997,14.96,9.94,19.98,395.65,1235.02,2.665315073407033,1.9797885
2006-07-02,1.3395831235145949e-20,540.6615791930642,2.8327256232775477,1.1920928955078125e-07,1.1920929e-07,11.64,11.64,15.359989,16.56,11.58,21.54,306.76,1373.34,2.072564864284437,2.9160433
2006-07-03,7.082599528683709e-21,539.0052299451534,3.2865874442950003,1.1920928955078125e-07,1.1920929e-07,3.73,3.73,15.322397,19.145,11.87,26.42,366.55,1396.57,1.7004447562136749,2.3503892
2006-07-04,3.917739280238542e-21,537.4955756179182,3.0379547872620276,1.1920928955078125e-07,1.1920929e-07,1.1920929e-07,0.0,15.264003,17.93,12.36,23.5,428.22,1435.71,1.4198050403416744,1.5506718
2006-07-05,1.550929158361454e-21,536.0878687004321,3.625826510392633,1.1920928955078125e-07,1.1920929e-07,3.96,3.96,15.264003,20.98,15.07,26.89,318.41,1715.93,1.200009836351796,1.3166082
2006-07-06,3.8273302442359693e-22,533.6632079667814,2.8522415143772806,1.1920928955078125e-07,1.1920929e-07,1.1920929e-07,0.0,15.264003,16.995,10.53,23.46,462.15,1282.24,0.8981990940118789,1.0435338
2006-07-07,2.057060077223843e-22,530.1574016027624,2.7157431563744625,1.1920928955078125e-07,1.1920929e-07,1.1920929e-07,0.0,15.264003,16.29,11.77,20.81,365.46,1381.63,0.5908283307764878,0.89724404
2006-07-08,9.018327354359722e-23,526.831056483411,2.9030912115308762,1.1920928955078125e-07,1.1920929e-07,1.1920929e-07,0.0,15.263997,17.505,11.99,23.02,415.76,1399.42,0.39706535899226386,0.7607069
2006-07-09,3.4887193975328034e-23,523.4874943760619,3.164863643912222,1.1920928955078125e-07,1.1920929e-07,1.1920929e-07,0.0,15.183328,19.155,11.8,26.51,478.05,1389.42,0.26629886935374203,0.6826857
2006-07-10,2.0663091641736175e-23,520.0088723688992,3.2977451172454035,1.1920928955078125e-07,1.1920929e-07,1.1920929e-07,0.0,15.168,19.985,13.97,26.0,421.29,1596.49,0.17573917342467119,0.61441714
2006-07-11,1.2260268182515016e-23,516.9615313107246,3.2231064050598506,1.1920928955078125e-07,1.1920929e-07,0.14,0.14,15.168,19.695,12.82,26.57,451.28,1482.56,0.12210863898916803,0.62416977
2006-07-12,7.198395536352116e-24,520.3627565524152,3.0503540281057107,1.1920928955078125e-07,1.1920929e-07,12.02,12.02,15.168,18.65,13.09,24.21,298.53,1507.55,0.18332898155927302,0.83872813
2006-07-13,4.321193766022731e-24,532.0367713427723,3.188356168218437,1.1920928955078125e-07,1.1920929e-07,16.1,16.1,15.130397,19.065,13.9,24.23,280.74,1591.88,0.7395697375391957,1.0240285
2006-07-14,2.612325704155356e-24,535.4039573909106,3.4821305140290733,1.1920928955078125e-07,1.1920929e-07,1.1920929e-07,0.0,15.072,20.525,15.54,25.51,357.9,1760.92,1.105853563690637,0.7802122
2006-07-15,1.5800974989283955e-24,530.7445788356774,3.933774688472582,1.1920928955078125e-07,1.1920929e-07,1.1920929e-07,0.0,15.072,22.785,16.42,29.15,417.92,1861.27,0.6337662421402772,0.5754065
2006-07-16,8.719182166897237e-25,526.0686291925971,3.6198694389240504,1.1920928955078125e-07,1.1920929e-07,1.1920929e-07,0.0,15.071992,21.495,16.21,26.78,373.89,1841.99,0.3624939254094264,1.1898236
2006-07-17,2.855699523304859e-25,521.3469350049184,3.6775002319289842,1.1920928955078125e-07,1.1920929e-07,1.1920929e-07,0.0,14.976003,22.035,16.0,28.07,409.73,1816.35,0.20620478763858058,0.62416977
2006-07-18,-6.157017611745188e-26,517.4143744050368,3.997840030989006,1.1920928955078125e-07,1.1920929e-07,1.1920929e-07,0.0,14.976003,23.625,17.12,30.13,424.19,1951.71,0.1288972862743954,0.48763263
2006-07-19,-8.38194778253246e-26,514.9472427206761,3.0870640566159353,1.1920928955078125e-07,1.1920929e-07,2.24,2.24,14.976003,19.245,10.9,27.59,456.42,1313.01,0.09599040491394581,0.4388694
2006-07-20,-4.768767409385954e-26,512.6127058643292,2.8722838557930523,1.1920928955078125e-07,1.1920929e-07,1.1920929e-07,0.0,14.895322,18.195,11.01,25.38,469.72,1321.2,0.07262598407177623,0.38035345
2006-07-21,-2.7957788351366455e-26,509.51372808410366,2.968447386787824,1.1920928955078125e-07,1.1920929e-07,1.1920929e-07,0.0,14.879992,18.87,11.91,25.83,459.76,1404.25,0.05015225734777623,0.3510955
2006-07-22,-1.6490925194410544e-26,509.5148894935154,3.02063008392078,1.1920928955078125e-07,1.1920929e-07,6.62,6.62,14.879992,19.165,12.93,25.4,320.7,1496.83,0.050159217093959964,0.44862202
2006-07-23,-9.946870775510199e-27,518.6881266356763,2.9082625325495473,1.1920928955078125e-07,1.1920929e-07,16.53,16.53,14.799328,18.315,13.46,23.17,275.13,1542.47,0.15008488741170242,0.8484808
2006-07-24,-6.0096151907160995e-27,526.6705666430136,2.2831328882285717,1.1920928955078125e-07,1.1920929e-07,4.48,4.48,14.784002,14.075,9.83,18.32,274.16,1226.51,0.3895241696270122,0.63392246
2006-07-25,-3.618942684258112e-27,525.7894672832448,2.641135732920919,1.1920928955078125e-07,1.1920929e-07,1.1920929e-07,0.0,14.784002,16.495,9.52,23.47,468.92,1202.31,0.35060283148264315,0.45837468
2006-07-26,-2.1660454464458524e-27,522.9456351207206,3.1498266064494307,1.1920928955078125e-07,1.1920929e-07,1.1920929e-07,0.0,14.688,19.655,13.65,25.66,420.93,1564.95,0.2496048485717908,0.67293304
2006-07-27,-1.2560144160403504e-27,524.7579429735547,3.490430329342765,1.1920928955078125e-07,1.1920929e-07,9.96,9.96,14.688,21.355,14.66,28.05,325.38,1671.67,0.30994960797841303,1.2288343
2006-07-28,-7.5576170020097215e-28,528.597795559618,3.563972629386083,1.1920928955078125e-07,1.1920929e-07,6.41,6.41,14.670286,21.61,15.75,27.47,312.35,1797.2,0.4903831905585656,0.7704596
2006-07-29,-4.572113299574721e-28,536.6058246480214,3.5510506296634383,1.1920928955078125e-07,1.1920929e-07,17.05,17.05,14.592003,21.38,16.64,26.12,254.29,1890.11,1.276617526751556,1.2873502
2006-07-30,-2.7677575628627737e-28,539.6499771113165,3.0613614150528043,1.1920928955078125e-07,1.1920929e-07,1.1920929e-07,0.0,14.592003,18.75,9.84,27.66,495.54,1230.88,1.8366125163686264,0.62416977
2006-07-31,-1.6662596211153262e-28,534.729975000454,2.5062797240328156,1.1920928955078125e-07,1.1920929e-07,1.1920929e-07,0.0,14.495997,15.675,8.19,23.16,470.44,1095.73,1.0202947105939295,0.4388694
2006-08-01,-9.973680295134711e-29,534.0908083548107,2.6704756077260208,1.1920928955078125e-07,1.1920929e-07,5.72,5.72,14.495997,16.745,9.46,24.03,341.51,1199.87,0.9452793877089164,0.45837468
2006-08-02,-5.989154006045754e-29,538.2985219040926,3.8645638126281607,1.1920928955078125e-07,1.1920929e-07,12.26,12.26,14.478289,22.93,18.1,27.76,246.43,2081.68,1.5627605993232672,1.0240285
2006-08-03,-3.62513729264434e-29,553.7881041318326,3.7996164028708455,1.1920928955078125e-07,1.1920929e-07,33.2,33.2,14.399997,22.235,16.01,28.46,297.61,1816.63,9.945458763760918,5.3737116
2006-08-04,-2.1960144802836562e-29,557.6093664197592,2.9266144259939018,1.1920928955078125e-07,1.1920929e-07,10.72,10.72,14.399997,17.665,13.9,21.43,210.8,1591.02,15.700181769033485,2.7307427
2006-08-05,-1.3138055102295197e-29,548.7255660037272,3.080424701681,1.1920928955078125e-07,1.1920929e-07,1.1920929e-07,0.0,14.304,18.91,11.72,26.1,446.44,1379.42,5.431714386674829,1.180071
2006-08-06,-7.84997646318197e-30,542.319623271933,2.220659329701286,1.1920928955078125e-07,1.1920929e-07,1.1920929e-07,0.0,14.304,13.685,7.02,20.35,439.58,1003.15,2.5266301715776827,0.73144895
2006-08-07,-4.674364054126362e-30,538.2204670469175,2.416803929787637,1.1920928955078125e-07,1.1920929e-07,1.1920929e-07,0.0,14.208,15.3,8.15,22.45,450.81,1096.24,1.5482543103222306,0.5851592
2006-08-08,-2.7471901465334936e-30,537.2262824979366,3.1328565587070027,1.1920928955078125e-07,1.1920929e-07,4.59,4.59,14.208,19.67,12.89,26.45,316.09,1486.27,1.3748505033973528,1.0922971
2006-08-09,-1.637094128713675e-30,535.571061311273,2.265019070219462,1.1920928955078125e-07,1.1920929e-07,1.1920929e-07,0.0,14.112002,14.43,7.63,21.23,437.37,1050.55,1.1281540487110646,0.7119437
2006-08-10,-9.630448041089982e-31,531.9002147718862,2.418888155130739,1.1920928955078125e-07,1.1920929e-07,1.1920929e-07,0.0,14.112002,15.62,7.82,23.42,465.1,1067.15,0.727601198761982,0.5363959
2006-08-11,-5.808698217420852e-31,534.4480670590218,2.1579919560814957,1.1920928955078125e-07,1.1920929e-07,9.36,9.36,14.031333,13.77,6.28,21.26,341.73,957.62,0.9865016897700666,0.63392246
2006-08-12,-3.506587482649582e-31,538.3883382910245,1.9724454143783987,1.1920928955078125e-07,1.1920929e-07,5.33,5.33,14.016003,12.22,5.87,18.57,312.44,925.43,1.5796209957851197,0.5168906
2006-08-13,-2.0883767187814586e-31,538.6094521000703,1.8057506045283553,1.1920928955078125e-07,1.1920929e-07,2.24,2.24,13.978397,10.85,5.9,15.8,314.11,921.5,1.6219078594994982,0.4388694
2006-08-14,-1.2182977137853092e-31,536.3508124747927,1.914066108101657,1.1920928955078125e-07,1.1920929e-07,1.1920929e-07,0.0,13.92,11.91,6.27,17.55,380.43,941.68,1.2383077300976306,0.39985877
2006-08-15,-7.30061135940477e-32,536.2714248886679,2.427433285770236,1.1920928955078125e-07,1.1920929e-07,5.12,5.12,13.902287,15.79,9.83,21.75,291.39,1226.33,1.2266178354480475,0.38035345
2006-08-16,-4.390398728029156e-32,535.1044440464083,2.6689080739589244,1.1920928955078125e-07,1.1920929e-07,1.1920929e-07,0.0,13.8239975,17.495,11.03,23.96,403.41,1324.47,1.0669800539268417,0.34134284
2006-08-17,-2.638678680271094e-32,531.6481973253343,2.392062333794061,1.1920928955078125e-07,1.1920929e-07,1.1920929e-07,0.0,13.806286,15.805,9.53,22.08,398.79,1202.1,0.7060193100597808,0.31208488
2006-08-18,-1.5648071583969714e-32,528.6695832845503,2.418012226500759,1.1920928955078125e-07,1.1920929e-07,1.1920929e-07,0.0,13.728,16.17,9.63,22.71,408.71,1210.7,0.49460731807870134,0.2925796
2006-08-19,-9.430805026329455e-33,525.3406439041538,2.666220273680906,1.1920928955078125e-07,1.1920929e-07,1.1920929e-07,0.0,13.710286,17.925,10.17,25.68,442.68,1253.96,0.3322971473547849,0.27307427
2006-08-20,-5.6897758763415484e-33,529.2193727806606,2.8641490794617823,1.1920928955078125e-07,1.1920929e-07,16.01,16.01,13.632,19.105,13.57,24.64,265.24,1555.47,0.5281877589254043,1.5896825
2006-08-21,-3.417561778515637e-33,544.3700868488045,2.3372863339866545,1.1920928955078125e-07,1.1920929e-07,29.77,29.77,13.614286,15.265,13.86,16.67,85.71,1586.2,3.2280281513172966,3.657245
2006-08-22,-2.032507439733927e-33,547.3697772546531,2.2636724621150224,1.1920928955078125e-07,1.1920929e-07,1.35,1.35,13.536,14.745,10.76,18.73,282.59,1300.72,4.619414973362373,1.4433926
2006-08-23,-1.209692751049422e-33,542.1821251550756,2.357005733238463,1.1920928955078125e-07,1.1920929e-07,1.1920929e-07,0.0,13.498397,15.61,8.28,22.94,434.78,1102.56,2.4854618213251656,0.81922287
2006-08-24,-7.140555905779694e-34,538.0680334962145,1.8667844419043484,1.1920928955078125e-07,1.1920929e-07,1.1920929e-07,0.0,13.44,12.02,5.95,18.09,397.7,931.82,1.5203120503665157,0.5851592
2006-08-25,-3.739375150996407e-34,534.9308588278096,1.7666327794943233,1.1920928955078125e-07,1.1920929e-07,1.1920929e-07,0.0,13.35933,11.33,4.82,17.84,414.54,863.01,1.0450792164265956,0.48763263
2006-08-26,-1.954521017063169e-34,532.2816031497936,1.7786327932336747,1.1920928955078125e-07,1.1920929e-07,1.1920929e-07,0.0,13.344,11.535,4.3,18.77,436.42,833.77,0.7615231422432223,0.4388694
2006-08-27,-1.1805300462809842e-34,529.8336801600345,1.8869221518588835,1.1920928955078125e-07,1.1920929e-07,1.1920929e-07,0.0,13.247997,12.67,4.9,20.44,442.96,871.76,0.5684128236139357,0.41936406
2006-08-28,-7.130381344325573e-35,541.7034518782789,1.8254961932028113,1.1920928955078125e-07,1.1920929e-07,26.61,26.61,13.247997,11.785,9.45,14.12,129.03,1195.92,2.3473044473757483,1.7262195
2006-08-29,-4.3130375561490996e-35,550.0241585931437,1.9904550017825056,1.1920928955078125e-07,1.1920929e-07,4.65,4.65,13.152,13.045,9.91,16.18,193.05,1233.2,6.343355425645608,1.1995763
2006-08-30,-2.6064211828743663e-35,545.0281292454908,2.0832269487072166,1.1920928955078125e-07,1.1920929e-07,1.1920929e-07,0.0,13.152,13.93,9.39,18.47,318.65,1191.11,3.4920640162202714,0.81922287
2006-08-31,-1.541220146039936e-35,540.4482556976482,1.8745266245093497,1.1920928955078125e-07,1.1920929e-07,1.1920929e-07,0.0,13.056,12.48,6.16,18.8,403.78,933.8,2.0204079974997913,0.5851592
2006-09-01,-9.15377991562062e-36,536.9030287789803,1.9067722070903592,1.1920928955078125e-07,1.1920929e-07,1.1920929e-07,0.0,13.056,12.86,6.67,19.05,394.12,973.83,1.3227638021137842,0.47788
2006-09-02,-5.207454412922806e-36,533.8450803967121,1.9702052586353713,1.1920928955078125e-07,1.1920929e-07,1.1920929e-07,0.0,12.96,13.6,6.58,20.62,418.47,970.74,0.9179303176878192,0.41936406
2006-09-03,-3.0727155844176035e-36,532.3939034605091,1.8542449826526657,1.1920928955078125e-07,1.1920929e-07,1.1920929e-07,0.0,12.96,12.665,7.69,17.64,335.28,1054.86,0.7718096584767423,0.40961143
2006-09-04,-1.7477468542279157e-36,535.1432058124054,1.667326303231276,1.1920928955078125e-07,1.1920929e-07,8.86,8.86,12.864003,11.005,8.31,13.7,150.36,1105.88,1.071932882922777,0.5851592
2006-09-05,-1.0447730670436679e-36,536.4032218265849,2.000431750582643,1.1920928955078125e-07,1.1920929e-07,0.37,0.37,12.864003,13.89,10.64,17.14,236.14,1291.07,1.2460860401017875,0.54614854
2006-09-06,-6.2913133018987695e-37,533.9720470435731,2.326270513572805,1.1920928955078125e-07,1.1920929e-07,1.49,1.49,12.767997,16.565,10.84,22.29,363.13,1309.55,0.9319612015709875,0.44862202
2006-09-07,-3.77784333849349e-37,531.577846711535,2.096739205301092,1.1920928955078125e-07,1.1920929e-07,1.1920929e-07,0.0,12.672003,15.05,9.82,20.28,348.0,1225.36,0.7001098473698596,0.41936406
2006-09-08,-2.0819965459798425e-37,528.9406576563338,1.9848245424684807,1.1920928955078125e-07,1.1920929e-07,1.1920929e-07,0.0,12.672003,14.235,8.8,19.67,357.14,1144.34,0.5108885871321298,0.38035345
2006-09-09,-1.0935267570462618e-37,526.4549854996955,2.183919375558484,1.1920928955078125e-07,1.1920929e-07,1.1920929e-07,0.0,12.576003,16.005,9.19,22.82,402.64,1175.5,0.3796192369070672,0.3510955
2006-09-10,-5.132360611915945e-38,524.0582919432478,1.7955159934609604,1.1920928955078125e-07,1.1920929e-07,5.7,5.7,12.576003,12.885,3.74,22.03,337.12,802.55,0.2850934211474521,0.6631804
2006-09-11,1.0424341587831131e-38,521.7785825271361,1.264763400672206,1.1920928955078125e-07,1.1920929e-07,1.1920929e-07,0.0,12.48,7.555,0.24,14.87,426.65,621.26,0.21711824497711638,0.47788
2006-09-12,5.973577571795755e-38,519.8961735794743,1.2941304011936678,1.1920928955078125e-07,1.1920929e-07,1.1920929e-07,0.0,12.48,7.965,0.24,15.69,430.15,619.95,0.17338870368605008,0.38035345
2006-09-13,7.994203677208204e-38,518.6931523297075,1.4409125515906775,1.1920928955078125e-07,1.1920929e-07,1.1920929e-07,0.0,12.384,9.795,1.26,18.33,437.79,667.53,0.15017503432193355,0.34134284
2006-09-14,5.695157675274887e-38,518.3240152504651,1.5768610920847619,1.1920928955078125e-07,1.1920929e-07,2.16,2.16,12.384,11.23,3.82,18.64,391.01,807.18,0.14369569009295596,0.3315902
2006-09-15,1.6670483420582602e-38,517.3821373182225,1.818276299154581,1.1920928955078125e-07,1.1920929e-07,1.1920929e-07,0.0,12.288,13.67,10.13,17.21,238.98,1250.77,0.12840177800598526,0.34134284
2006-09-16,-2.131805210741064e-38,515.6731689570075,1.939504999945428,1.1920928955078125e-07,1.1920929e-07,1.1920929e-07,0.0,12.250398,14.825,10.04,19.61,303.22,1243.54,0.1046875659932486,0.34134284
2006-09-17,-4.616254754681211e-38,513.5423075863558,2.0696828889494703,1.1920928955078125e-07,1.1920929e-07,1.1920929e-07,0.0,12.192,16.04,8.93,23.15,383.92,1154.49,0.08115732797237736,0.31208488
2006-09-18,-4.7011520613203116e-38,511.33475062580266,1.995590341990683,1.1920928955078125e-07,1.1920929e-07,1.1920929e-07,0.0,12.096,15.64,8.97,22.31,371.08,1157.86,0.06234200308201011,0.2925796
2006-09-19,-2.891277746107134e-38,508.7710650892833,2.1645606060785405,1.1920928955078125e-07,1.1920929e-07,1.1920929e-07,0.0,12.096,17.07,10.62,23.52,357.31,1289.23,0.045893878329736085,0.28282693
2006-09-20,-1.7482400669787006e-38,512.9818182568908,2.0796096572463396,1.1920928955078125e-07,1.1920929e-07,11.92,11.92,11.999997,16.4,9.66,23.14,267.98,1213.08,0.07590051917674771,0.5363959
2006-09-21,-1.0580185950073113e-38,517.0878500042226,1.4919995915659197,1.1920928955078125e-07,1.1920929e-07,0.56,0.56,11.999997,10.89,4.14,17.64,362.09,825.09,0.1239655146724038,0.4388694
2006-09-22,-6.37195399568924e-39,515.8896236130012,1.2189581372232277,1.1920928955078125e-07,1.1920929e-07,1.1920929e-07,0.0,11.904,7.89,4.53,11.25,218.37,842.51,0.10743025990129383,0.34134284
2006-09-23,-3.7745458781322605e-39,515.1417681466087,1.2999007672375513,1.1920928955078125e-07,1.1920929e-07,1.1920929e-07,0.0,11.904,8.91,3.47,14.35,321.72,787.96,0.09824749160344498,0.32183754
2006-09-24,-2.1726855879587563e-39,518.8891866079382,1.4658190613152637,1.1920928955078125e-07,1.1920929e-07,10.44,10.44,11.808002,10.81,7.64,13.98,153.5,1050.89,0.15373391229609173,0.39985877
2006-09-25,-1.2872934195524755e-39,524.7440411490187,1.6573058840169772,1.1920928955078125e-07,1.1920929e-07,5.09,5.09,11.792672,12.61,4.54,20.68,292.66,845.63,0.3094352212986296,0.3901061
2006-09-26,-7.58597009897703e-40,526.1307504242446,1.2382284336576934,1.1920928955078125e-07,1.1920929e-07,1.58,1.58,11.711997,8.08,3.65,12.51,257.17,795.07,0.36519440513837287,0.34134284
2006-09-27,-4.3398775820360745e-40,525.329630575259,1.1057024533899258,1.1920928955078125e-07,1.1920929e-07,1.1920929e-07,0.0,11.616,6.49,0.31,12.67,342.82,621.41,0.33186018204205414,0.30233225
2006-09-28,-2.4562996575194527e-40,523.7779700300441,1.2249597535409384,1.1920928955078125e-07,1.1920929e-07,1.1920929e-07,0.0,11.616,8.11,-0.83,17.05,394.75,579.79,0.2757031262194792,0.2925796
2006-09-29,-1.4655279116884123e-40,522.0818724488217,1.63397135767084,1.1920928955078125e-07,1.1920929e-07,1.03,1.03,11.52,12.84,8.81,16.87,221.55,1144.44,0.22513011958021545,0.3315902
2006-09-30,-8.827413934770364e-41,525.3498115907481,1.2295466760935017,1.1920928955078125e-07,1.1920929e-07,8.14,8.14,11.52,8.25,3.27,13.23,212.8,780.91,0.33266132365945283,0.63392246
2006-10-01,-5.33492328319692e-41,527.8312523106488,1.1564318032244372,1.1920928955078125e-07,1.1920929e-07,1.1920929e-07,0.0,11.424,7.36,1.95,12.77,301.59,704.84,0.44746671651963216,0.45837468
2006-10-02,-3.2219922029119063e-41,527.3296586293557,1.1497107858507045,1.1920928955078125e-07,1.1920929e-07,2.0,2.0,11.424,7.285,4.82,9.75,155.35,863.03,0.4214380610555147,0.3901061
2006-10-03,-1.9361389908061077e-41,526.777661636591,1.1560085900857142,1.1920928955078125e-07,1.1920929e-07,1.1920929e-07,0.0,11.327997,7.515,4.05,10.98,208.76,804.45,0.39454034242117336,0.36084816
2006-10-04,-1.152913200264151e-41,524.9819694584078,1.5014104403751405,1.1920928955078125e-07,1.1920929e-07,1.1920929e-07,0.0,11.327997,11.665,5.07,18.26,327.09,879.57,0.31835780869704977,0.3510955
2006-10-05,-6.881896710284063e-42,526.2699733119342,1.442531180960559,1.1920928955078125e-07,1.1920929e-07,4.64,4.64,11.232,11.125,5.08,17.17,228.55,886.3,0.37131987265643834,0.46812734
2006-10-06,-4.128436540443875e-42,527.1229536425074,0.9552194200617605,1.1920928955078125e-07,1.1920929e-07,1.1920929e-07,0.0,11.136003,4.86,-1.12,10.84,309.67,567.68,0.4111574157564057,0.45837468
2006-10-07,-2.470294532462677e-42,525.7689058057185,0.9464566045018473,1.1920928955078125e-07,1.1920929e-07,1.1920929e-07,0.0,11.136003,4.76,-2.08,11.6,327.06,520.24,0.34974258315374124,0.38035345
2006-10-08,-1.4485452069980993e-42,524.4273817668428,1.098138954357678,1.1920928955078125e-07,1.1920929e-07,1.1920929e-07,0.0,11.04,7.19,-1.4,15.78,353.58,560.0,0.2979468107306711,0.3510955
2006-10-09,-8.637666474320337e-43,522.9524892061921,1.3075096892796765,1.1920928955078125e-07,1.1920929e-07,1.1920929e-07,0.0,11.04,9.945,0.53,19.36,356.32,638.05,0.2498093365647648,0.3315902
2006-10-10,-5.1610047893043e-43,521.3094349155385,1.5165943219344251,1.1920928955078125e-07,1.1920929e-07,1.1920929e-07,0.0,10.9439945,12.49,2.98,22.0,350.76,758.68,0.20528296803380194,0.31208488
2006-10-11,-3.123347140609175e-43,519.5829400915277,1.2104099251060936,1.1920928955078125e-07,1.1920929e-07,1.1920929e-07,0.0,10.9439945,8.975,4.2,13.75,242.84,821.88,0.16701964642612185,0.30233225
2006-10-12,-1.89329294412402e-43,540.4956064913962,1.1139138269517894,1.1920928955078125e-07,1.1920929e-07,44.47,44.47,10.848,7.215,4.55,9.88,110.84,854.51,2.0318705898344427,5.3542066
2006-10-13,-1.1473727606689269e-43,554.7398601365472,1.2662593769567825,1.1920928955078125e-07,1.1920929e-07,4.18,4.18,10.848,8.795,0.51,17.08,248.29,630.02,11.143204096293232,2.4381633
2006-10-14,-6.909682575167557e-44,547.8314620757187,0.8391890231672199,1.1920928955078125e-07,1.1920929e-07,1.1920929e-07,0.0,10.752,2.875,-3.7,9.45,303.53,464.71,4.881385938368935,1.209329
2006-10-15,-3.397620702563055e-44,542.7997203563906,0.8807288525232099,1.1920928955078125e-07,1.1920929e-07,1.1920929e-07,0.0,10.752,3.73,-4.11,11.57,323.46,453.34,2.675797428821075,0.8679861
2006-10-16,-9.204894112955861e-45,539.2264198697959,0.9147365779287163,1.1920928955078125e-07,1.1920929e-07,1.1920929e-07,0.0,10.655997,4.53,0.57,8.49,199.6,638.75,1.7459819814418136,0.7119437
2006-10-17,-4.9161733255921744e-46,536.7218163521485,0.8501551697694099,1.1920928955078125e-07,1.1920929e-07,1.1920929e-07,0.0,10.655997,3.505,-1.97,8.98,259.55,529.67,1.2944326147530751,0.6436751
2006-10-18,-2.8839447314792765e-46,536.9698523589257,0.8462894620998792,1.1920928955078125e-07,1.1920929e-07,23.38,23.38,10.56,3.565,-2.0,9.13,196.34,531.96,1.3333669379869064,7.9094014
2006-10-19,-1.7006054194249343e-46,538.9923749472044,1.1956259908401379,1.1920928955078125e-07,1.1920929e-07,2.0,2.0,10.501603,8.855,6.4,11.31,127.97,964.47,1.697835068682241,3.7547712
2006-10-20,-1.0263875845143323e-46,543.962498387482,1.386016630706004,1.1920928955078125e-07,1.1920929e-07,16.41,16.41,10.464,11.09,7.53,14.65,134.24,1042.05,3.0745965007539677,7.782617
2006-10-21,-6.202154023214055e-47,562.9019571358091,0.9895744018544086,1.1920928955078125e-07,1.1920929e-07,45.86,45.86,10.385714,5.455,0.39,10.52,181.86,626.31,29.54810796479011,22.333574
2006-10-22,0.00016117106715016614,557.5249816333313,0.6753673131272704,1.1920928955078125e-07,1.1920929e-07,1.14,1.14,10.368,-0.025,-2.28,2.23,121.15,519.68,15.542686027695714,5.2956905
2006-10-23,0.0002900356303955997,549.9667357117725,0.7469670112130908,0.00014522803881119198,1.1920929e-07,5.74,5.74,10.289714,1.75,-3.13,6.63,175.84,488.2,6.299984117068345,4.808058
2006-10-24,0.00017521773970787777,554.3847813923836,0.705536625296432,8.718005603943685e-05,1.1920929e-07,19.36,19.36,10.271997,0.825,0.05,1.6,42.29,612.13,10.680351711460576,5.929613
2006-10-25,0.00010606883072807275,552.6821338598968,0.737838634812049,5.306244697031068e-05,1.1920929e-07,1.1920929e-07,0.0,10.193711,1.635,0.49,2.78,69.09,633.59,8.714402160607074,4.7397895
2006-10-26,6.413020703981682e-05,549.402289378328,0.8051591104734067,3.2075385228193454e-05,1.1920929e-07,8.09,8.09,10.1760025,3.035,0.75,5.32,101.1,644.72,5.889129954904603,4.242404
2006-10-27,3.879611603931882e-05,545.4840146899638,0.7542661824966495,1.9401820866161552e-05,1.1920929e-07,1.1920929e-07,0.0,10.097716,2.29,0.49,4.09,100.98,629.72,3.6875459710666694,2.9355485
2006-10-28,2.3499414721038405e-05,553.260444118292,0.732618400357701,1.1751074608774428e-05,1.1920929e-07,27.88,27.88,10.08,1.68,-2.55,5.91,160.52,508.8,9.337815617997435,19.602833
2006-10-29,1.4244390706669486e-05,567.7553994161216,0.9682168396506348,7.122702610000396e-06,1.1920929e-07,56.72,56.72,10.021603,5.535,0.05,11.02,186.48,613.19,52.76766672865901,28.6728
2006-10-30,7.111270759304329e-05,559.8160313402391,0.6950964220158486,3.545038648918027e-05,1.1920929e-07,6.48,6.48,9.984,0.88,-1.34,3.1,92.09,556.89,20.436446439200378,7.460779
2006-10-31,0.006111221572763495,550.0237648266619,0.6361950538154891,1.1920928955078125e-07,1.1920929e-07,1.1920929e-07,0.0,9.968672,-0.125,-3.56,3.31,180.14,467.68,6.3430570007722045,4.5447364
2006-11-01,0.004180959209392179,545.0381047570199,0.7557155307058401,0.0021341742896460163,1.1920929e-07,1.0,1.0,9.888002,2.64,-3.16,8.44,253.29,487.13,3.496228523710007,3.8815558
2006-11-02,0.0027402767411847345,543.3840888938698,0.8485427479269684,0.0013889099875005924,1.1920929e-07,4.6,4.6,9.888002,4.41,-1.32,10.14,182.85,560.0,2.869295541386304,3.5889761
2006-11-03,0.002901946143300669,541.5543575982229,0.6045051550508735,1.1920928955078125e-07,1.1920929e-07,0.3,0.3,9.792003,-0.38,-5.08,4.32,221.43,421.45,2.3058610410576046,2.8770325
2006-11-04,0.0030906617203592243,539.1824300073934,0.584518796853069,1.1920928955078125e-07,1.1920929e-07,1.1920929e-07,0.0,9.792003,-0.8,-5.03,3.43,205.14,435.67,1.736829496606144,2.2431102
2006-11-05,0.0030583219420682517,537.1391652107205,0.4961493522050515,1.1920928955078125e-07,1.1920929e-07,1.1920929e-07,0.0,9.696,-2.935,-6.76,0.89,188.37,364.5,1.3606144690378132,1.9212726
2006-11-06,0.0029956179919834692,535.4440978538535,0.5556229824454442,1.1920928955078125e-07,1.1920929e-07,0.15,0.15,9.696,-1.285,-4.62,2.05,167.03,439.16,1.1111698611590226,1.7554775
2006-11-07,0.004832401819152642,533.8574950934118,0.6094508519746333,1.1920928955078125e-07,1.1920929e-07,1.1920929e-07,0.0,9.5999975,0.23,-2.77,3.23,155.43,497.58,0.9192928769525234,1.6677036
2006-11-08,0.004628539683480424,533.2436966399241,0.7480031923454546,0.002367818731100556,1.1920929e-07,1.94,1.94,9.5999975,3.25,-2.8,9.3,244.18,501.02,0.8542889073064588,1.6969616
2006-11-09,0.0027558372013562977,542.8221007211555,0.9234238936235919,0.0013969039958341692,1.1920929e-07,21.61,21.61,9.521714,6.275,3.66,8.89,103.82,798.25,2.6829619737001082,8.592087
2006-11-10,0.0016517206738262296,547.1024896032957,1.1805755615538442,0.0008326806348162788,1.1920929e-07,1.1920929e-07,0.0,9.504,9.985,5.57,14.4,203.84,920.0,4.474224813953264,4.6715207
2006-11-11,0.0009610963711253131,542.6319636073072,0.7040513167368312,0.00048285743337360453,1.1920929e-07,1.1920929e-07,0.0,9.504,2.245,-1.83,6.32,193.91,538.65,2.6226997401905896,2.8575273
2006-11-12,0.0005577272407226054,539.840814371346,0.8267403047522819,0.0002796412675331249,1.1920929e-07,0.58,0.58,9.408,4.865,-2.02,11.75,244.62,531.74,1.8789698583439265,2.2918735
2006-11-13,0.0003273249840142545,541.1628324325997,0.7947180825778418,0.0001639303458808746,1.1920929e-07,7.29,7.29,9.408,4.235,2.44,6.03,73.86,729.26,2.2004801148133835,3.8425453
2006-11-14,0.0001942191983311669,546.9087444103279,0.8171767013276897,9.720390187844111e-05,1.1920929e-07,12.05,12.05,9.329714,4.62,2.78,6.46,77.54,751.51,4.3718438307143686,8.45555
2006-11-15,0.00011343910867270222,551.8875168117024,1.01152386490095,5.675172541134233e-05,1.1920929e-07,11.2,11.2,9.312,7.76,6.26,9.26,62.22,950.64,7.925123725030282,6.914631
2006-11-16,6.831390453889918e-05,549.1385931330435,1.0656662761271813,3.416861924287924e-05,1.1920929e-07,0.33,0.33,9.312,8.645,5.36,11.93,167.46,898.78,5.706480206928309,4.164383
2006-11-17,4.1361824193569146e-05,554.0540485027208,1.3082527990009778,2.0685189097975145e-05,1.1920929e-07,23.82,23.82,9.216002,11.9,8.32,15.48,127.34,1105.82,10.266544544237338,20.968204
2006-11-18,2.4982329443392955e-05,555.6544584907527,0.9917152355619944,1.2492725013649409e-05,1.1920929e-07,6.02,6.02,9.216002,7.51,0.29,14.73,175.04,623.34,12.429890175144152,8.240992
2006-11-19,1.4916636481245134e-05,548.5396409141852,0.6602929593880058,7.4588593898900985e-06,1.1920929e-07,1.1920929e-07,0.0,9.200675,1.62,-1.41,4.65,156.17,554.76,5.312384946551473,4.6812735
2006-11-20,1.1716210159169727e-05,543.8891164597621,0.540600399582671,1.1920928955078125e-07,1.1920929e-07,1.1920929e-07,0.0,9.12,-1.025,-3.51,1.46,134.58,470.18,3.047757753727419,3.3549125
2006-11-21,1.283116505682872e-05,540.8386917474126,0.462924879188636,1.1920928955078125e-07,1.1920929e-07,1.1920929e-07,0.0,9.12,-3.145,-5.1,-1.19,106.41,428.74,2.1168897967801117,2.5942056
2006-11-22,1.425799562068947e-05,538.4882972142163,0.4478403256318251,1.1920928955078125e-07,1.1920929e-07,1.1920929e-07,0.0,9.104672,-3.525,-7.82,0.77,195.29,338.25,1.5985993196478006,2.2040997
2006-11-23,1.460414072636171e-05,536.5567093691874,0.5136707785585325,1.1920928955078125e-07,1.1920929e-07,1.1920929e-07,0.0,9.024,-1.41,-7.99,5.17,225.48,333.31,1.269148032084963,1.9895412
2006-11-24,1.0957694677436738e-05,534.8456077038012,0.6112546632991874,5.477852942809221e-06,1.1920929e-07,1.1920929e-07,0.0,9.024,1.145,-4.75,7.04,212.44,438.19,1.0344884627998996,1.8530041
2006-11-25,0.007091129581783543,533.3018223698588,0.5644257468372726,1.1920928955078125e-07,1.1920929e-07,1.1920929e-07,0.0,9.024,0.03,-7.25,7.31,222.97,353.14,0.8602423685830018,1.657951
2006-11-26,0.012580327564919775,531.9500537019132,0.5481992618008554,1.1920928955078125e-07,1.1920929e-07,1.1920929e-07,0.0,8.928008,-0.2,-7.54,7.14,219.82,343.14,0.731946733599442,1.5214138
2006-11-27,0.013698636576454332,530.6990384932786,0.6010927474449226,0.007316370764666896,1.1920929e-07,1.1920929e-07,0.0,8.928,1.17,-6.17,8.51,215.24,390.11,0.6303272446341192,1.4824033
2006-11-28,0.008754524072299045,529.8701599485672,0.7271699512459586,0.004568743985261796,1.1920929e-07,0.98,0.98,8.928,4.005,-0.95,8.96,180.79,570.5,0.5708956731871668,1.4433926
2006-11-29,0.010708023512674074,530.6772774216613,0.5092354006344137,1.1920928955078125e-07,1.1920929e-07,3.0,3.0,8.869603,-1.13,-2.71,0.45,53.43,502.1,0.6286905436373921,1.4628979
2006-11-30,0.007970502187969243,530.7467491587914,0.6821786126095329,0.004143989328483656,1.1920929e-07,0.02,0.02,8.832,3.19,-0.93,7.31,159.95,575.79,0.6339306025630684,1.5799297
2006-12-01,0.004727043963916283,530.4542894891043,1.0838381538617965,0.0024193739438624576,1.1920929e-07,4.4,4.4,8.832,10.28,5.05,15.51,131.57,884.15,0.6121620485579098,2.584453
2006-12-02,0.002834154209606328,543.0295316141853,0.6823691539225429,0.0014371568359554255,1.1920929e-07,23.87,23.87,8.832,2.855,-1.0,6.71,113.36,560.67,2.750285702000271,4.3984466
2006-12-03,0.005724186048089776,549.0958276753124,0.44284902034572643,1.1920928955078125e-07,0.032409366,0.007590631,0.04,8.816672,-3.505,-9.0,1.99,189.66,309.99,5.677397164567151,2.4576685
2006-12-04,1.241998328365084,544.423333882598,0.4155769346641928,1.1920928955078125e-07,2.169156,0.00084415113,2.17,8.736006,-4.145,-8.69,0.4,161.37,317.08,3.2486298184002655,1.8530041
2006-12-05,2.311154922521814,541.3680831875645,0.31322099256041036,1.1920928955078125e-07,0.07,1.1920929e-07,0.07,8.735997,-7.94,-12.74,-3.14,181.23,230.57,2.2551094129973412,1.2580922
2006-12-06,2.02891284085319,539.1159987854023,0.27393033255991783,1.1920928955078125e-07,1.1920929e-07,1.1920929e-07,0.0,8.735997,-9.675,-13.39,-5.96,150.0,214.69,1.7230987390329318,1.2190816
2006-12-07,4.296855052621169,537.2650373096287,0.35363267776003227,1.1920928955078125e-07,4.82,1.1920929e-07,4.82,8.735997,-6.19,-11.94,-0.44,160.52,247.89,1.3812312927086055,1.3263608
2006-12-08,10.970999380283022,535.6336307016209,0.39441733955282476,1.1920928955078125e-07,8.009979,2.1007061e-05,8.01,8.735997,-4.645,-12.34,3.05,170.24,240.56,1.1366193438087788,1.180071
2006-12-09,15.272898410400053,534.2802956692767,0.2415438018622915,1.1920928955078125e-07,0.2,1.1920929e-07,0.2,8.677603,-11.125,-13.42,-8.83,105.2,216.5,0.9669241669051891,1.0922971
2006-12-10,15.213222478162622,533.0821304209012,0.3633360964810376,1.1920928955078125e-07,1.1920929e-07,1.1920929e-07,0.0,8.640008,-5.56,-8.58,-2.54,132.2,315.19,0.8379562144851361,1.0337812
2006-12-11,15.267810982643418,532.44014430527,0.4973529989904615,1.1920928955078125e-07,1.1920929e-07,1.12,1.12,8.64,-1.14,-4.62,2.34,146.71,439.04,0.7760855201735616,0.9947706
2006-12-12,15.2821823568535,531.8238930820787,0.39095499544946594,1.1920928955078125e-07,1.1920929e-07,1.1920929e-07,0.0,8.64,-4.515,-10.23,1.2,204.76,281.35,0.7209965425145344,0.9460073
2006-12-13,15.188877251702175,530.7514252873477,0.4077916973111581,1.1920928955078125e-07,1.1920929e-07,1.1920929e-07,0.0,8.64,-3.9,-10.78,2.98,214.5,270.97,0.6342848746430235,0.9460073
2006-12-14,15.079761424313563,531.7878643191477,0.5714093814309122,1.34328978462797,1.1920929e-07,4.01,4.01,8.64,0.88,-0.44,2.2,46.87,600.0,0.7178995826991051,1.2385869
2006-12-15,11.708870258901783,535.6183233940751,0.637156974826797,4.870907783508301,1.1920929e-07,1.1920929e-07,0.0,8.64,2.37,-2.67,7.41,181.36,502.09,1.1345424981793415,1.2971028
2006-12-16,6.213944965920639,539.0577016880354,0.6555234835289663,5.639374732971191,1.1920929e-07,1.1920929e-07,0.0,8.64,2.695,-1.7,7.09,164.93,544.08,1.7111386905484782,1.2678449
2006-12-17,3.588383568206163,539.2286744309861,0.544902250409028,1.1920928955078125e-07,1.1920929e-07,1.1920929e-07,0.0,8.64,-0.01,-3.41,3.39,135.36,474.2,1.746452360221824,1.209329
2006-12-18,2.323585146662876,538.3227796251572,0.6105873164211417,2.3235822380487177,1.1920929e-07,1.1920929e-07,0.0,8.64,1.67,-2.77,6.11,165.92,498.52,1.5672964567497532,1.1898236
2006-12-19,1.423558246790722,537.4558777568202,0.5004604100408284,1.1920928955078125e-07,1.1920929e-07,0.62,0.62,8.64,-1.185,-6.42,4.05,179.21,379.19,1.4130868278124842,1.0922971
2006-12-20,1.608686904586855,535.9327759839848,0.32657431302017564,1.1920928955078125e-07,0.09,1.1920929e-07,0.09,8.64,-7.09,-10.24,-3.94,125.51,279.25,1.1779782334774178,0.8874914
2006-12-21,1.650518770265419,534.5117462830799,0.3647077273329541,1.1920928955078125e-07,1.1920929e-07,1.1920929e-07,0.0,8.64,-5.545,-10.72,-0.37,180.68,270.75,0.9940358733598146,0.79971755
2006-12-22,1.6401311985521052,533.1626524352329,0.4465367656656127,1.1920928955078125e-07,1.1920929e-07,1.1920929e-07,0.0,8.64,-2.69,-8.46,3.08,189.18,321.15,0.8460567580266322,0.7119437
2006-12-23,7.995813575160134,533.1353405421331,0.39475131346729114,1.1920928955078125e-07,15.1396055,0.0003957087,15.14,8.64,-4.415,-8.75,-0.08,123.19,318.59,0.8433004334937115,4.2033935
2006-12-24,10.95619959251395,541.5285045992616,0.6073404614519224,2.825586487930707,1.1920929e-07,9.92,9.92,8.64,1.505,-0.12,3.13,52.7,604.76,2.298749545579529,4.9641004
2006-12-25,8.816734106953717,544.3897940942654,0.5867615548393399,1.451091423724904,1.1920929e-07,1.1920929e-07,0.0,8.64,0.925,-1.38,3.23,99.32,560.0,3.235637755599381,2.555195
2006-12-26,7.8661465305353016,543.3335255469507,0.569135503110943,0.41654415942371514,1.1920929e-07,3.43,3.43,8.64,0.51,-3.02,4.04,110.11,490.77,2.852013805247471,2.0675623
2006-12-27,7.796120618683408,543.7117799836976,0.514669584469225,1.1920928955078125e-07,1.1920929e-07,3.67,3.67,8.64,-0.95,-3.93,2.03,99.45,449.11,2.9838618206415712,1.8627567
2006-12-28,8.270717911366006,541.7593588228706,0.32456994586401877,1.1920928955078125e-07,1.1920929e-07,1.1920929e-07,0.0,8.64,-7.32,-10.74,-3.9,152.52,269.13,2.3630360836125996,1.3166082
2006-12-29,8.271680138433624,539.4026690418,0.2968240694403656,1.1920928955078125e-07,1.1920929e-07,1.1920929e-07,0.0,8.64,-8.465,-14.46,-2.47,210.18,202.88,1.7831384960520247,1.0142759
2006-12-30,8.26698578825881,537.5567620064566,0.21870064571015574,1.1920928955078125e-07,1.1920929e-07,1.1920929e-07,0.0,8.64,-12.44,-16.05,-8.83,158.93,178.12,1.4302224413182465,0.91674936
2006-12-31,9.647240329513851,536.005919131449,0.2856232870021118,1.1920928955078125e-07,3.0,1.1920929e-07,3.0,8.64,-8.895,-11.72,-6.07,98.3,248.13,1.1883176821615986,0.8679861
2007-01-01,13.23744310573979,534.629145232879,0.28697417502691913,1.1920928955078125e-07,4.06,1.1920929e-07,4.06,8.657714,-8.825,-13.98,-3.67,143.65,209.72,1.0080770371314909,0.85823345
2007-01-02,16.0018217312885,534.7855257005347,0.5010431872127626,1.1920928955078125e-07,1.1920929e-07,4.25,4.25,8.72067,-1.23,-4.46,2.0,98.32,440.0,1.0270890092785652,0.98501796
2007-01-03,16.01867797818365,535.6297846696876,0.4188031385664405,1.1920928955078125e-07,0.2868186,0.003181394,0.29,8.735997,-3.81,-7.81,0.19,157.22,335.91,1.1360971693890718,0.92650205
2007-01-04,16.06716493791271,534.2559911530899,0.469207288900024,1.1920928955078125e-07,1.1920929e-07,1.1920929e-07,0.0,8.735997,-2.175,-7.81,3.46,203.59,338.7,0.9641204353646751,0.8874914
2007-01-05,16.070489400331127,532.8190526301566,0.5525659391105786,1.1920928955078125e-07,1.1920929e-07,1.1920929e-07,0.0,8.735997,0.205,-5.79,6.2,211.42,398.43,0.8120272324513876,0.8484808
2007-01-06,12.436283110289285,538.7969862607254,0.7022582758116974,7.684678077697754,1.1920929e-07,8.07,8.07,8.735997,3.56,-1.59,8.71,142.42,547.17,1.6586588065493555,2.360142
2007-01-07,4.867716402787485,549.1959020236955,0.8286374020514444,4.867716402787485,1.1920929e-07,6.49,6.49,8.7736025,5.695,0.11,11.28,149.06,615.16,5.745687372484137,2.9160433
2007-01-08,2.2723189097648397,551.3502485544755,0.5622768508944028,1.1920928955078125e-07,1.1920929e-07,7.89,7.89,8.832,-0.195,-3.45,3.06,102.17,473.61,7.43238102897631,2.4869266
2007-01-09,2.275625125364598,551.5896075918935,0.5380297924838376,1.1920928955078125e-07,1.1920929e-07,8.57,8.57,8.832,-0.835,-2.76,1.09,63.12,499.04,7.6480015235399526,2.1163256
2007-01-10,2.275639103116728,548.9809349289122,0.40780469704332256,1.1920928955078125e-07,1.1920929e-07,1.1920929e-07,0.0,8.832,-4.675,-8.94,-0.41,176.34,320.0,5.599995209663537,1.5019085
2007-01-11,2.2756386850081927,544.4859050691083,0.234086300297066,1.1920928955078125e-07,1.1920929e-07,1.1920929e-07,0.0,8.8320055,-12.01,-17.49,-6.53,214.08,158.28,3.2730071651948265,1.2288343
2007-01-12,2.27563965876774,541.5042115760803,0.2640623817839552,1.1920928955078125e-07,1.1920929e-07,1.1920929e-07,0.0,8.928,-10.505,-16.29,-4.72,221.93,174.84,2.2920871479185205,1.0922971
2007-01-13,2.3240938109705027,539.2155408391005,0.5170234844087798,1.1920928955078125e-07,1.1920929e-07,0.33,0.33,8.928,-1.235,-5.73,3.26,185.55,400.21,1.743714022519618,1.0045233
2007-01-14,2.401190568550785,537.3576422155909,0.3769474632923821,1.1920928955078125e-07,0.06,1.1920929e-07,0.06,8.928,-5.615,-12.79,1.56,247.08,230.46,1.3965984179384041,0.9460073
2007-01-15,3.31550520381466,535.7318072294673,0.34226573882117034,1.1920928955078125e-07,2.34,1.1920929e-07,2.34,8.965603,-6.95,-9.98,-3.92,127.02,282.78,1.1500303006290449,0.9069967
2007-01-16,14.46533222354205,534.364213432592,0.26832754302120293,1.1920928955078125e-07,19.62,1.1920929e-07,19.62,9.024,-10.26,-13.23,-7.29,103.83,221.64,0.976667616962871,0.8777388
2007-01-17,24.39271112230138,533.2505311012253,0.14065629212256284,1.1920928955078125e-07,1.1920929e-07,1.1920929e-07,0.0,9.024,-18.435,-26.07,-10.8,269.18,80.0,0.8549867761763972,0.83872813
2007-01-18,24.374852683542514,532.3283675648825,0.10443005845054563,1.1920928955078125e-07,1.1920929e-07,1.1920929e-07,0.0,9.024009,-21.995,-26.85,-17.14,214.93,74.03,0.7657899186964467,0.8094702
2007-01-19,24.454488545239542,531.4513348747897,0.2121551202198333,1.1920928955078125e-07,0.16,1.1920929e-07,0.16,9.12,-13.38,-21.15,-5.61,275.67,117.25,0.6896070094160431,0.7802122
2007-01-20,24.954633300201344,530.5186795019135,0.336485527919135,1.1920928955078125e-07,0.79,1.1920929e-07,0.79,9.12,-7.28,-12.22,-2.34,219.6,240.0,0.6168896840020668,0.7509543
2007-01-21,25.346854625417627,529.682846366846,0.17913412489695565,1.1920928955078125e-07,1.1920929e-07,1.1920929e-07,0.0,9.120006,-15.485,-21.01,-9.96,240.99,118.92,0.5582610350402244,0.73144895
2007-01-22,25.295379362177645,528.9818079002483,0.1654912179192378,1.1920928955078125e-07,1.1920929e-07,1.1920929e-07,0.0,9.216002,-16.59,-21.08,-12.1,211.99,117.64,0.5134065777568787,0.702191
2007-01-23,25.903335431916478,528.2933591747536,0.2256503573574518,1.1920928955078125e-07,1.1,1.1920929e-07,1.1,9.216002,-12.645,-16.94,-8.35,204.84,164.33,0.4728667794601047,0.6826857
2007-01-24,26.404544029577902,527.60002506419,0.2463997929162845,1.1920928955078125e-07,1.1920929e-07,1.1920929e-07,0.0,9.253603,-11.54,-17.6,-5.48,259.7,154.21,0.43527395801503926,0.6631804
2007-01-25,26.40459487422032,526.9483669777293,0.20907238329165828,1.1920928955078125e-07,1.1920929e-07,1.1920929e-07,0.0,9.312,-13.725,-23.28,-4.17,309.98,81.94,0.4026698141603693,0.63392246
2007-01-26,26.404594866366747,526.3984099950111,0.1213220724833128,1.1920928955078125e-07,1.1920929e-07,1.1920929e-07,0.0,9.312,-20.45,-27.11,-13.79,279.62,69.99,0.37706184605683307,0.62416977
2007-01-27,26.38211425327355,525.9279852386949,0.09846416063085639,1.1920928955078125e-07,1.1920929e-07,1.1920929e-07,0.0,9.408,-23.035,-26.27,-19.8,170.31,80.0,0.35645352893416066,0.6046645
2007-01-28,26.797881817260873,525.4567565450033,0.15599137638813385,1.1920928955078125e-07,0.8,1.1920929e-07,0.8,9.408,-17.495,-25.11,-9.88,302.51,80.0,0.3369391940090723,0.5949118
2007-01-29,27.185408285223023,524.9521473074559,0.18806016022649857,1.1920928955078125e-07,1.1920929e-07,1.1920929e-07,0.0,9.425714,-15.175,-24.35,-6.0,321.84,85.93,0.31722549065073324,0.5754065
2007-01-30,27.1860958916525,524.4675371562887,0.16536921021348513,1.1920928955078125e-07,1.1920929e-07,1.1920929e-07,0.0,9.504,-16.875,-24.2,-9.55,306.07,80.0,0.2993796987305985,0.56565386
2007-01-31,27.171664409908594,524.0211164089552,0.1468287701423613,1.1920928955078125e-07,1.1920929e-07,1.1920929e-07,0.0,9.504,-18.33,-23.42,-13.24,253.2,86.3,0.2838299430388999,0.5559012
2007-02-01,27.93148886897236,523.5861490442218,0.18090360371170913,1.1920928955078125e-07,1.68,1.1920929e-07,1.68,9.5999975,-15.86,-23.7,-8.02,297.6,92.79,0.26945631908230333,0.5363959
2007-02-02,28.845612469743916,523.1066899793142,0.2586459190073096,1.1920928955078125e-07,1.1920929e-07,1.1920929e-07,0.0,9.5999975,-11.275,-17.06,-5.49,274.87,160.0,0.2544543762777595,0.56565386
2007-02-03,32.94871814046963,522.5640911931122,0.3170612068434762,1.1920928955078125e-07,8.0,1.1920929e-07,8.0,9.680673,-8.68,-14.59,-2.77,211.07,200.0,0.23848180280715556,0.61441714
2007-02-04,36.9286603455686,522.0670162180015,0.21199141867070626,1.1920928955078125e-07,0.03,1.1920929e-07,0.03,9.696,-13.945,-20.69,-7.2,308.86,119.87,0.22473087014919738,0.6046645
2007-02-05,36.9362437999849,521.6570301107827,0.1744479515052337,1.1920928955078125e-07,0.01,1.1920929e-07,0.01,9.713714,-16.415,-22.4,-10.43,293.39,103.12,0.21398786119486304,0.56565386
2007-02-06,36.94039594015666,521.3088968686195,0.12456339352832055,1.1920928955078125e-07,1.1920929e-07,1.1920929e-07,0.0,9.792003,-20.62,-22.46,-18.78,113.74,101.57,0.20526977190485288,0.5363959
2007-02-07,36.95480106630323,520.9712150079308,0.1531848545450179,1.1920928955078125e-07,1.1920929e-07,1.1920929e-07,0.0,9.792003,-18.105,-23.68,-12.53,286.05,80.0,0.1971528995914716,0.5266433
2007-02-08,37.23342412371013,520.6261237380947,0.15847051231129192,1.1920928955078125e-07,0.42,1.1920929e-07,0.42,9.888002,-17.8,-22.95,-12.65,273.82,97.84,0.18918943233915236,0.5168906
2007-02-09,37.66299325711707,520.2716626871459,0.1825804619619305,1.1920928955078125e-07,0.42,1.1920929e-07,0.42,9.888002,-16.035,-18.85,-13.22,167.75,131.56,0.18134450269882904,0.5168906
2007-02-10,37.80984425703699,519.9203621657878,0.18014421242111622,1.1920928955078125e-07,1.1920929e-07,1.1920929e-07,0.0,9.984,-16.315,-18.44,-14.19,134.37,147.17,0.1738905219183876,0.50713795
2007-02-11,37.805953114200356,519.5462116396195,0.22829437752981052,1.1920928955078125e-07,1.1920929e-07,1.1920929e-07,0.0,9.984,-13.31,-18.66,-7.96,292.51,144.04,0.1662883304162546,0.50713795
2007-02-12,37.805953114200356,519.139028425814,0.24309281018321058,1.1920928955078125e-07,1.1920929e-07,1.1920929e-07,0.0,10.08,-12.615,-19.45,-5.78,340.34,125.42,0.15839213604965605,0.50713795
2007-02-13,37.80596806409975,518.7714932919646,0.18162003887836844,1.1920928955078125e-07,1.1920929e-07,1.1920929e-07,0.0,10.08,-16.305,-25.72,-6.89,384.59,79.24,0.15158727322271126,0.50713795
2007-02-14,40.421969638281105,518.4617688267571,0.14405544715537713,1.1920928955078125e-07,6.79,1.1920929e-07,6.79,10.1760025,-19.265,-25.31,-13.22,242.92,82.9,0.1460802755339107,0.50713795
2007-02-15,66.31773263237456,518.140371930435,0.22220205375982546,1.1920928955078125e-07,44.09,1.1920929e-07,44.09,10.1760025,-13.865,-17.67,-10.06,180.02,159.18,0.14057715570614063,0.4973853
2007-02-16,88.7201543745568,517.814589888496,0.1608303565468801,1.1920928955078125e-07,1.1920929e-07,1.1920929e-07,0.0,10.271997,-18.02,-19.94,-16.1,134.84,128.69,0.13521048969556687,0.5168906
2007-02-17,88.71362743475804,517.4887041159078,0.21845945988350002,1.1920928955078125e-07,1.1920929e-07,1.1920929e-07,0.0,10.271997,-14.185,-19.19,-9.18,313.17,137.0,0.13004708949014204,0.5266433
2007-02-18,88.74623540507629,517.0803477232962,0.3400497629854484,1.1920928955078125e-07,1.1920929e-07,1.1920929e-07,0.0,10.368,-8.52,-13.17,-3.87,297.69,225.92,0.12385444716479019,0.5266433
2007-02-19,88.7871238412504,516.6637798686717,0.25855332290920535,1.1920928955078125e-07,0.06,1.1920929e-07,0.06,10.368,-12.12,-22.17,-2.07,430.52,110.92,0.11784101980643502,0.5168906
2007-02-20,88.80988140150147,516.3281720875157,0.13294476162394064,1.1920928955078125e-07,1.1920929e-07,1.1920929e-07,0.0,10.464,-20.52,-24.9,-16.14,293.23,82.94,0.1132093462141,0.4973853
2007-02-21,88.81014408843008,516.0569868644834,0.2814416011573527,1.1920928955078125e-07,1.1920929e-07,1.1920929e-07,0.0,10.464,-11.12,-17.95,-4.29,385.33,152.09,0.1096000790107612,0.48763263
2007-02-22,88.81014408843008,515.7376433118671,0.2877768274549042,1.1920928955078125e-07,1.1920929e-07,1.1920929e-07,0.0,10.56,-10.94,-17.13,-4.75,366.55,160.0,0.10549711541241613,0.48763263
2007-02-23,88.81014408843008,515.3839891845765,0.35066038443359754,1.1920928955078125e-07,1.1920929e-07,1.1920929e-07,0.0,10.56,-8.31,-16.3,-0.32,419.07,165.48,0.10113232131634561,0.48763263
2007-02-24,88.81014408843008,515.0112310838545,0.2230711432084926,1.1920928955078125e-07,1.1920929e-07,1.1920929e-07,0.0,10.655997,-14.325,-18.33,-10.32,283.77,145.05,0.09672708250232215,0.48763263
2007-02-25,88.81014408843008,514.6345756109439,0.25357205192308324,1.1920928955078125e-07,1.1920929e-07,1.1920929e-07,0.0,10.655997,-12.675,-17.07,-8.28,309.47,162.98,0.09247066322100517,0.48763263
2007-02-26,88.81014408843008,514.2628525313598,0.3228179282374691,1.1920928955078125e-07,1.1920929e-07,1.1920929e-07,0.0,10.752,-9.625,-19.84,0.59,463.51,129.67,0.08845365663461716,0.48763263
2007-02-27,88.81014408843008,513.8625292117046,0.3366956646377198,1.1920928955078125e-07,1.1920929e-07,1.1920929e-07,0.0,10.752,-9.055,-19.65,1.54,469.97,133.05,0.08432252136151398,0.48763263
2007-02-28,88.81014408843008,513.3921002489276,0.4285947869276142,1.1920928955078125e-07,1.1920929e-07,1.1920929e-07,0.0,10.848,-5.9,-16.12,4.32,469.49,174.49,0.07971383346318685,0.48763263
2007-03-01,88.7612925164029,512.9236461507004,0.3530646209403268,1.1920928955078125e-07,1.1920929e-07,1.1920929e-07,0.0,10.848005,-8.515,-19.18,2.15,478.59,135.3,0.07537481840104107,0.46812734
2007-03-02,91.72363354100503,512.5070337493694,0.3344387639726956,1.1920928955078125e-07,7.25,1.1920929e-07,7.25,10.9439945,-9.345,-19.48,0.79,354.26,134.92,0.07171481038572997,0.45837468
2007-03-03,105.67518389182233,512.1075457700944,0.3283375463361993,1.1920928955078125e-07,19.82,1.1920929e-07,19.82,11.04,-9.695,-16.55,-2.84,313.71,170.35,0.06837226890499568,0.46812734
2007-03-04,117.70139137967767,511.5843610523043,0.49120255889631825,1.1920928955078125e-07,2.3395245,0.0004752606,2.34,11.04,-4.21,-12.96,4.54,445.77,227.02,0.06422922502045761,0.4973853
2007-03-05,118.12199915404925,511.2040796830571,0.491559912354241,1.1920928955078125e-07,1.1920929e-07,1.1920929e-07,0.0,11.136003,-4.31,-10.38,1.76,395.58,276.83,0.061376260311885734,0.48763263
2007-03-06,119.86799218325582,510.79946874371973,0.2250092913984972,1.1920928955078125e-07,2.96,1.1920929e-07,2.96,11.136003,-14.67,-27.39,-1.95,444.44,65.57,0.058479780996921936,0.44862202
2007-03-07,121.21349470060915,510.58442621502405,0.10582634205595635,1.1920928955078125e-07,1.1920929e-07,1.1920929e-07,0.0,11.232,-23.915,-27.03,-20.8,235.14,79.6,0.0569964080354814,0.42911673
2007-03-08,121.24852229757064,510.3905448708334,0.15633581712209843,1.1920928955078125e-07,1.1920929e-07,1.1920929e-07,0.0,11.232,-19.28,-26.06,-12.5,434.04,80.0,0.05569128772503009,0.41936406
2007-03-09,121.24165160971339,510.1930620377029,0.1369050152734262,1.1920928955078125e-07,1.1920929e-07,1.1920929e-07,0.0,11.327997,-20.975,-24.64,-17.31,272.79,80.0,0.05439264234629543,0.39985877
2007-03-10,121.24444849494327,509.95468606492005,0.24942785779332804,1.1920928955078125e-07,1.1920929e-07,1.1920929e-07,0.0,11.327997,-13.555,-23.76,-3.35,521.47,93.98,0.05286535673127364,0.39985877
2007-03-11,123.15908411530117,509.51901635486206,0.5020684947352154,1.1920928955078125e-07,3.3997815,0.0002186656,3.4,11.424,-4.325,-12.02,3.37,350.8,245.01,0.050183955125716245,0.41936406
2007-03-12,124.10255725068873,509.608406372763,0.6118044351957405,1.1920928955078125e-07,1.1920929e-07,1.1920929e-07,0.0,11.424,-1.545,-5.71,2.62,292.5,401.6,0.05072279853798319,0.46812734
2007-03-13,124.07036714141339,508.9417486738437,0.7069033190840615,0.21807411122125941,1.1920929e-07,1.1920929e-07,0.0,11.52,0.43,-6.38,7.24,430.96,378.4,0.046839396212634346,0.5168906
2007-03-14,121.45513075056807,510.73846446190686,0.8221106461769914,5.095536708831787,1.1920929e-07,1.1920929e-07,0.0,11.616,2.465,-2.08,7.01,318.58,529.42,0.05805509127787491,0.69243836
2007-03-15,108.57124569497084,524.0949428036281,1.2364325267119467,18.762418746948242,1.1920929e-07,3.74,3.74,11.616,8.245,2.29,14.2,295.61,720.24,0.286344573048182,1.3068554
2007-03-16,100.3068058571375,533.8096335229693,0.5838496006611771,1.1920928955078125e-07,0.42422915,1.8057709,2.23,11.711997,-3.215,-13.09,6.66,501.07,223.16,0.9140509961652024,1.9797885
2007-03-17,117.88581556294801,532.5739436046623,0.34748312138535503,1.1920928955078125e-07,30.94,1.1920929e-07,30.94,11.711997,-10.245,-13.76,-6.73,205.87,214.36,0.788591761787642,1.5409192
2007-03-18,140.40685240289778,531.4555124836191,0.4273308761511943,1.1920928955078125e-07,13.35,1.1920929e-07,13.35,11.808002,-7.565,-11.64,-3.49,236.04,253.59,0.689951300100378,1.5701771
2007-03-19,148.53576104499334,530.4182103838267,0.3576060056067344,1.1920928955078125e-07,4.09,1.1920929e-07,4.09,11.808002,-9.92,-13.43,-6.41,229.75,219.09,0.6095289089064945,1.3946294
2007-03-20,153.2393956710796,529.4427704831752,0.43912110074207367,1.1920928955078125e-07,5.37,1.1920929e-07,5.37,11.904,-7.255,-13.17,-1.34,348.08,223.94,0.5424754898581584,1.180071
2007-03-21,155.64082660310714,528.53259179611,0.35303251111731315,1.1920928955078125e-07,1.1920929e-07,1.1920929e-07,0.0,11.904,-10.15,-18.24,-2.06,534.23,150.1,0.48657774849537644,0.98501796
2007-03-22,157.19721313183115,527.7079531405648,0.3797211273982041,1.1920928955078125e-07,2.85,1.1920929e-07,2.85,11.999997,-9.27,-20.18,1.64,506.38,126.97,0.440923167635204,1.1703184
2007-03-23,154.9909070236701,531.3393409586802,1.0828883537623222,11.999914169311523,1.1920929e-07,2.15,2.15,12.096,5.385,-3.81,14.58,503.93,463.9,0.6804409814404178,2.4869266
2007-03-24,149.01332385858078,536.3218838580234,0.7695891543997689,1.1920928955078125e-07,1.1920929e-07,1.1920929e-07,0.0,12.096,0.195,-5.58,5.97,426.31,407.38,1.234035118856054,3.3744178
2007-03-25,149.1048505920779,535.3744020516788,0.750044283282804,1.1920928955078125e-07,1.1920929e-07,2.31,2.31,12.192,-0.265,-7.16,6.63,453.34,358.51,1.1019554504928228,3.062333
2007-03-26,147.28752963828356,536.3882290552308,0.8924814787839753,4.563521385192871,1.1920929e-07,1.1920929e-07,0.0,12.192,2.24,-4.16,8.64,462.66,446.24,1.243855918869027,2.974559
2007-03-27,143.72772530689662,539.5244308954863,0.8494641411115005,2.3762447550626007,1.1920929e-07,3.7,3.7,12.288,1.315,-3.48,6.11,278.32,473.3,1.809268930132997,3.003817
2007-03-28,138.48722167335652,543.3008135029087,0.9983926542772075,7.7674360275268555,1.1920929e-07,1.1920929e-07,0.0,12.288,3.595,-1.38,8.57,390.93,553.83,2.8408888484231762,4.6812735
2007-03-29,136.55397615449064,541.6528711849785,0.6125048483196521,1.1920928955078125e-07,1.1920929e-07,1.1920929e-07,0.0,12.384,-3.53,-8.03,0.97,377.1,334.82,2.333161822470629,3.9400718
2007-03-30,136.557069017483,538.9760608252022,0.6604361245244533,1.1920928955078125e-07,1.1920929e-07,1.1920929e-07,0.0,12.384,-2.4,-7.99,3.19,457.17,336.13,1.6945289117921474,2.808764
2007-03-31,136.56375794841162,536.7197701957027,0.7731703462510781,1.1920928955078125e-07,1.1920929e-07,1.1920929e-07,0.0,12.48,-0.2,-8.06,7.66,566.58,333.79,1.2941162029752902,2.4479158
2007-04-01,136.44107901461553,535.0131257302414,0.6838442447136176,1.1920928955078125e-07,1.1920929e-07,1.1920929e-07,0.0,12.576003,-2.02,-8.52,4.48,521.81,320.01,1.055402025704498,2.2528627
2007-04-02,134.98321619147683,535.999488339202,0.889144885717124,3.3812631480305413,1.1920929e-07,2.76,2.76,12.576003,1.74,-7.46,10.94,496.12,352.16,1.1874050040185224,2.86728
2007-04-03,133.91532749108833,539.3970848781428,0.7100337410718944,1.1920928955078125e-07,5.167723e-07,5.7799997,5.78,12.672003,-1.71,-3.47,0.05,132.81,475.0,1.7819492114730242,2.3796473
2007-04-04,133.95433504185917,540.275394709208,0.7453777009517327,1.1920928955078125e-07,1.1920929e-07,1.4,1.4,12.672003,-1.04,-4.29,2.21,311.59,448.62,1.9791083374278462,1.9505305
2007-04-05,145.88064312908904,542.8556078594282,0.5882434226112425,1.1920928955078125e-07,33.079777,0.00022379043,33.08,12.767997,-4.55,-5.86,-3.24,113.33,393.93,2.6937243681903906,1.7067143
2007-04-06,163.22558670353382,542.0559430839239,0.6444853963204036,1.1920928955078125e-07,1.4429287,4.117071,5.56,12.767997,-3.255,-8.17,1.66,353.41,331.77,2.448272127777514,1.4824033
2007-04-07,165.35996184938847,539.6616496400868,0.5420938580423219,1.1920928955078125e-07,0.47,1.1920929e-07,0.47,12.864003,-5.7,-10.33,-1.07,452.48,281.98,1.839175659189347,1.2971028
2007-04-08,165.49250943945046,537.5318459290975,0.5009596650233017,1.1920928955078125e-07,1.1920929e-07,1.1920929e-07,0.0,12.864003,-6.725,-11.89,-1.56,501.88,248.1,1.4259711150907004,1.1995763
2007-04-09,165.7798762503728,535.6501187715618,0.5631481258920928,1.1920928955078125e-07,0.45,1.1920929e-07,0.45,12.96,-5.175,-8.91,-1.44,400.86,314.36,1.138860644619245,1.0825444
2007-04-10,166.39447671487662,534.1158356642476,0.6505886747274963,1.1920928955078125e-07,0.08805946,0.9219405,1.01,12.96,-3.125,-4.63,-1.62,176.19,436.69,0.9481102012968261,0.97526526
2007-04-11,166.9047148341439,532.7248257090035,0.5070449404029718,1.1920928955078125e-07,1.1920929e-07,1.1920929e-07,0.0,13.056,-6.64,-13.42,0.14,615.62,220.62,0.8029366715453042,0.9460073
2007-04-12,166.83057946696212,531.3278913269041,0.6897308873162741,1.1920928955078125e-07,1.1920929e-07,1.1920929e-07,0.0,13.151992,-2.435,-9.28,4.41,616.56,300.0,0.6795107898555703,1.1313077
2007-04-13,168.49895853608894,540.1917786654587,0.6705939514994981,1.1920928955078125e-07,1.1804729,22.519527,23.7,13.152,-3.065,-8.06,1.93,385.61,335.2,1.9594349532097437,1.209329
2007-04-14,168.66687508455456,549.531545974278,0.8351098782015325,1.1920928955078125e-07,1.1920929e-07,4.14,4.14,13.247997,-0.29,-3.49,2.91,295.34,473.34,5.9807834606048935,1.2483395
2007-04-15,167.39595222085387,545.0149947500073,0.9407797555732997,2.9556417911965696,1.1920929e-07,1.1920929e-07,0.0,13.247997,1.56,-1.82,4.94,394.41,534.84,3.4865882825801973,1.5506718
2007-04-16,165.95632052784399,557.0102047606061,0.8786977098986599,1.1920928955078125e-07,1.1920929e-07,39.7,39.7,13.344,0.145,-1.98,2.27,197.23,531.4,14.615545694754003,5.3249483
2007-04-17,165.60191878745317,569.289862780955,0.9376729478161452,1.0768637661468006,1.1920929e-07,58.24,58.24,13.344,0.77,-1.54,3.08,215.42,547.69,63.56824676827689,8.0849495
2007-04-18,165.45925611031134,564.3063720073404,0.8116852093850366,1.1920928955078125e-07,1.1920929e-07,24.25,24.25,13.44,-1.285,-2.22,-0.35,104.04,521.98,34.94642588745555,12.093289
2007-04-19,163.23670853259534,554.8108714618944,1.0833390053247238,6.750695705413818,1.1920929e-07,1.1920929e-07,0.0,13.44,3.165,0.18,6.15,370.18,615.59,11.238148372271748,11.410604
2007-04-20,154.85512722627206,552.5517860008795,1.1946481581672725,10.096480369567871,1.1920929e-07,1.1920929e-07,0.0,13.536,4.58,-3.18,12.34,679.58,484.15,8.579738148399077,11.80071
2007-04-21,141.438762738667,554.5463835277241,1.4112742163854826,15.948649406433105,1.1920929e-07,1.1920929e-07,0.0,13.536,7.055,-2.49,16.6,709.82,510.14,10.888570296396923,14.2388735
2007-04-22,124.71357813506737,557.3960974646064,1.4892801664314215,17.461938858032227,1.1920929e-07,1.1920929e-07,0.0,13.632,7.695,-2.17,17.56,714.28,523.82,15.305180580568866,15.214138
2007-04-23,106.58259029606724,558.0722012478828,1.5470855898132574,18.809711456298828,1.1920929e-07,1.1920929e-07,0.0,13.632,8.265,-1.59,18.12,713.64,546.58,16.592832179433923,23.406366
2007-04-24,81.64338580845737,561.4754470490777,2.1519858735282336,30.667741775512695,1.1920929e-07,0.33,0.33,13.728,13.28,3.64,22.92,695.6,799.29,24.917823189139806,29.355486
2007-04-25,62.16120413797237,557.1357590199017,1.1104420524226182,6.727050304412842,1.1920929e-07,1.1920929e-07,0.0,13.728,3.155,-2.47,8.78,593.89,511.65,14.836445542247814,14.04382
2007-04-26,58.71426191020697,549.9697339048738,0.9778226109920166,2.506332893773788,1.1920929e-07,1.1920929e-07,0.0,13.8239975,1.37,-5.02,7.76,639.89,422.71,6.302241287155424,8.855409
2007-04-27,50.15791061942411,551.2545703783643,1.3601499527101562,14.068861961364746,1.1920929e-07,1.1920929e-07,0.0,13.8239975,6.26,-0.76,13.28,653.92,578.22,7.347902107766652,9.07972
2007-04-28,40.24341723422428,552.866205145078,1.0897872759063927,5.8521809577941895,1.1920929e-07,3.78,3.78,13.92,2.785,-0.52,6.09,303.2,592.95,8.908176130267623,10.727918
2007-04-29,31.408501777330827,555.9588496653862,1.2753201882171339,11.207801818847656,1.1920929e-07,7.51,7.51,13.92,5.05,0.44,9.66,392.02,635.64,12.890261152058992,13.946294
2007-04-30,21.610040750467718,556.8819541112733,1.1877879310792547,8.382209777832031,1.1920929e-07,4.57,4.57,14.016003,3.855,1.09,6.62,266.33,662.4,14.393297149220063,15.409191
2007-05-01,14.243236963361941,556.9270647041529,1.1340774967521585,6.750695705413818,1.1920929e-07,10.23,10.23,14.016003,3.165,0.31,6.02,281.2,626.82,14.471082382253115,12.288342
2007-05-02,6.478488305973185,554.87388600642,1.264942421967614,6.478488305973185,1.1920929e-07,1.1920929e-07,0.0,14.112002,4.75,-0.53,10.03,604.66,590.56,11.323077937155979,10.045233
2007-05-03,2.362260515920217,549.4892046510598,1.3017817889100403,2.3622605157901515,1.1920929e-07,1.1920929e-07,0.0,14.112002,5.33,-0.17,10.83,605.84,601.75,5.95060397068698,8.826151
2007-05-04,0.861764486172868,545.0706324240832,1.375010183255833,0.8616086334365747,1.1920929e-07,1.1920929e-07,0.0,14.208,6.18,1.37,10.99,557.07,669.93,3.509842479972287,7.753359
2007-05-05,0.3159707384214877,541.4190726154616,1.3617675697265696,0.3031074181207942,1.1920929e-07,1.1920929e-07,0.0,14.208,6.135,-0.25,12.52,645.35,599.92,2.2688897156430716,7.5583057
2007-05-06,0.1263043357236906,538.3729550455924,1.3240104487451256,0.09846048932347862,1.1920929e-07,1.1920929e-07,0.0,14.2862835,5.71,-0.23,11.65,621.56,601.78,1.5767203862972317,6.6708145
2007-05-07,0.05947274121982867,535.8100916038912,1.2559064483301539,0.03832715436973851,1.1920929e-07,1.1920929e-07,0.0,14.304,4.965,-2.13,12.06,674.56,525.11,1.1608372825968132,6.368482
2007-05-08,0.03105823952279602,533.3891044094572,1.6754659343140093,0.017921455536830378,1.1920929e-07,1.1920929e-07,0.0,14.31933,9.445,-0.86,19.75,730.89,577.49,0.8692601477510072,8.553077
2007-05-09,0.015988085046733543,530.5157732027511,2.4595864151327245,0.008631731881805344,1.1920929e-07,1.1920929e-07,0.0,14.399997,15.605,7.05,24.16,674.69,1004.03,0.6166755133950331,9.528342
2007-05-10,0.008791597144962214,527.3872141205821,2.600641501879195,0.0045889046594782155,1.1920929e-07,1.1920929e-07,0.0,14.399997,16.625,5.97,27.28,703.43,943.3,0.4243461122974142,8.689613
2007-05-11,0.0038664899759065247,524.3886472893741,2.821462471203712,0.0019706146943406274,1.1920929e-07,1.1920929e-07,0.0,14.495997,17.97,8.01,27.93,684.68,1084.29,0.29657112467677943,7.4315214
2007-05-12,0.0012425647258120266,522.8353767741844,1.9570709985451509,0.0006251422309881442,1.1920929e-07,2.62,2.62,14.495997,12.025,2.3,21.75,627.17,722.81,0.24633825952553037,5.7735705
2007-05-13,0.0006784026226673271,522.5561733208305,1.4374793852111247,0.00034035188221704363,1.1920929e-07,1.1920929e-07,0.0,14.574286,7.115,-1.05,15.28,670.0,567.31,0.2382563032082932,3.627987
2007-05-14,0.000329146259516482,521.2780936676294,1.2259187197544,0.00016484397266410542,1.1920929e-07,1.1920929e-07,0.0,14.592003,4.715,-1.58,11.01,582.72,547.85,0.20451570588620083,2.6332164
2007-05-15,0.00016666856905358854,519.7864461879748,1.617103816351049,8.340373054049436e-05,1.1920929e-07,0.5,0.5,14.592003,9.0,-0.29,18.29,688.09,601.86,0.17113041422090727,2.584453
2007-05-16,0.00010009608596964442,527.0575981337862,1.6739420961094529,5.007309104879696e-05,1.1920929e-07,19.34,19.34,14.688,9.22,6.07,12.37,235.32,932.87,0.40795938032357437,16.28693
2007-05-17,6.061760471802608e-05,550.9867965128191,1.2423243936082973,3.0317988593736127e-05,1.1920929e-07,34.58,34.58,14.688,3.985,0.32,7.65,280.33,625.48,7.116541022924055,11.703183
2007-05-18,3.673211403276009e-05,554.6561943535442,1.255570174727604,1.8369430136845406e-05,1.1920929e-07,0.85,0.85,14.746397,3.985,0.2,7.77,382.77,620.18,11.032369187899485,5.471238
2007-05-19,2.2223331193633266e-05,549.2362437839839,1.1081439726650673,1.1112900287934905e-05,1.1920929e-07,6.16,6.16,14.784002,2.24,0.36,4.12,152.97,630.04,5.773448131612303,4.837316
2007-05-20,1.3328086617852388e-05,546.835271383775,1.6616271321022411,6.664487403657769e-06,1.1920929e-07,3.09,3.09,14.784002,8.43,1.89,14.97,458.89,705.64,4.333633992246793,7.2657266
2007-05-21,8.041655537049034e-06,550.0285448998612,1.564524093130023,4.020989439083871e-06,1.1920929e-07,14.9,14.9,14.879986,7.31,1.05,13.57,424.65,658.83,6.346680637272738,10.045233
2007-05-22,4.8525582816946675e-06,548.495334551309,1.4142517274839803,2.4263380091520154e-06,1.1920929e-07,1.1920929e-07,0.0,14.879992,5.81,-1.22,12.84,616.43,560.53,5.2843374508369605,4.7397895
2007-05-23,2.930741376659585e-06,543.1402696105557,1.6525712797608834,1.465392161442333e-06,1.1920929e-07,1.1920929e-07,0.0,14.879992,8.35,-0.71,17.41,685.94,580.48,2.7869158017541014,3.257386
2007-05-24,1.6875709798328227e-06,539.1580485034854,1.7865877212809618,8.437926096559412e-07,1.1920929e-07,1.1920929e-07,0.0,14.975994,9.58,1.3,17.86,660.17,676.36,1.731777387604099,2.672227
2007-05-25,8.600779226932653e-07,535.5068713341153,2.6913881343698765,4.3004081068171544e-07,1.1920929e-07,1.1920929e-07,0.0,14.976003,16.29,4.69,27.89,704.09,862.57,1.119535011189615,2.467421
2007-05-26,4.833577047338657e-07,531.4047482746236,3.7344212524832714,2.416794364536097e-07,1.1920929e-07,1.1920929e-07,0.0,14.976003,21.97,14.65,29.29,560.95,1669.71,0.6857792729313872,2.0383043
2007-05-27,2.8034204431888004e-07,527.7166244865745,2.3178444568658167,1.4017121863859457e-07,1.1920929e-07,1.1920929e-07,0.0,15.034397,14.015,5.41,22.62,641.65,900.66,0.44138021569424113,1.6481984
2007-05-28,1.6636075658230024e-07,526.8937863989307,2.101830091180998,1.1920928955078125e-07,1.1920929e-07,5.04,5.04,15.072,12.42,6.65,18.19,380.56,979.36,0.40005247882053036,1.5799297
2007-05-29,9.64259943357345e-08,526.3505866545618,2.5087570689973075,1.1920928955078125e-07,1.1920929e-07,1.1920929e-07,0.0,15.072,15.31,8.48,22.14,555.49,1118.12,0.3749135220146755,1.3166082
2007-05-30,5.7205207667357855e-08,523.6867800901296,2.271370049635497,1.1920928955078125e-07,1.1920929e-07,1.1920929e-07,0.0,15.072,13.77,7.54,20.0,518.72,1042.91,0.2727155956837182,1.1118025
2007-05-31,3.34385664463976e-08,521.6678535175862,2.3038275215592057,1.1920928955078125e-07,1.1920929e-07,1.03,1.03,15.167992,13.96,9.9,18.02,363.28,1231.77,0.21426476020203375,1.0630392
2007-06-01,1.6361913915624838e-08,521.0337058789927,2.2798706653287084,1.1920928955078125e-07,1.1920929e-07,2.01,2.01,15.168,13.81,10.87,16.75,271.1,1309.59,0.19863040636248736,1.2580922
2007-06-02,1.4191359204986172e-09,522.0787955838657,2.424578075563743,1.1920928955078125e-07,1.1920929e-07,1.0,1.0,15.168,14.78,10.65,18.91,369.22,1292.18,0.22504737307592593,1.2385869
2007-06-03,-7.595222738862083e-09,524.7900781408446,2.738188258747905,1.1920928955078125e-07,1.1920929e-07,9.74,9.74,15.168,16.7,11.13,22.27,347.49,1330.76,0.3111419286955349,1.3556187
2007-06-04,-7.173522972544881e-09,529.0686140077121,1.9431344164979585,1.1920928955078125e-07,1.1920929e-07,7.16,7.16,15.2263975,10.94,7.14,14.74,264.38,1013.03,0.5187590351958264,2.018799
2007-06-05,-3.0342010350307602e-09,532.4347469988226,1.738301992785009,1.1920928955078125e-07,1.1920929e-07,28.81,28.81,15.264003,9.05,6.75,11.35,168.98,990.86,0.7755852160541864,9.021204
2007-06-06,4.958291426695826e-10,533.8361530591698,2.587061973771992,1.1920928955078125e-07,1.1920929e-07,3.07,3.07,15.264003,15.375,7.2,23.55,458.81,1017.79,0.9169517575516951,4.183888
2007-06-07,2.4515094705921694e-09,533.3866059470938,1.4474415544265415,1.1920928955078125e-07,1.1920929e-07,1.1920929e-07,0.0,15.264003,6.2,1.46,10.94,438.49,677.45,0.8690007028112566,2.165089
2007-06-08,2.0246124295189833e-09,531.2995179550292,1.9413839317359507,1.1920928955078125e-07,1.1920929e-07,1.1920929e-07,0.0,15.264003,10.82,5.47,16.17,476.15,905.66,0.6772111552723117,1.5409192
2007-06-09,1.0842321896247618e-09,529.5198374723228,2.3376072219997677,1.1920928955078125e-07,1.1920929e-07,1.1920929e-07,0.0,15.27933,13.835,6.8,20.87,568.48,999.0,0.5474935624334568,1.4238874
2007-06-10,5.180213774344867e-10,529.4386130624363,2.212268886360833,1.1920928955078125e-07,1.1920929e-07,5.85,5.85,15.342286,12.88,8.98,16.78,283.89,1160.45,0.5422060984845345,1.7164669
2007-06-11,3.0023395254185326e-10,529.5388049779499,2.7819816029757405,1.1920928955078125e-07,1.1920929e-07,1.1920929e-07,0.0,15.359997,16.605,9.9,23.31,550.16,1231.92,0.5487356976437654,1.180071
2007-06-12,1.7295448097189468e-10,526.1957200100136,3.034049736403782,1.1920928955078125e-07,1.1920929e-07,1.1920929e-07,0.0,15.359997,18.16,11.36,24.96,546.49,1352.44,0.36804023109369066,0.9362547
2007-06-13,1.0261719835554518e-10,522.8386980969951,3.00037931058067,1.1920928955078125e-07,1.1920929e-07,1.1920929e-07,0.0,15.359997,18.08,10.69,25.47,566.24,1295.53,0.24643603199216746,0.8094702
2007-06-14,6.03114482501376e-11,520.1832838224298,1.9646665917439048,1.1920928955078125e-07,1.1920929e-07,1.1920929e-07,0.0,15.359997,11.245,5.48,17.01,518.31,905.9,0.17943970285396116,0.73144895
2007-06-15,3.1598100949955937e-11,517.8944976643477,2.247174136452931,1.1920928955078125e-07,1.1920929e-07,1.1920929e-07,0.0,15.359997,13.47,6.0,20.94,581.01,935.42,0.13650755448786053,0.6436751
2007-06-16,1.0961312529871468e-11,515.3410648202938,2.606333203683019,1.1920928955078125e-07,1.1920929e-07,1.1920929e-07,0.0,15.359997,15.975,7.54,24.41,594.53,1043.23,0.10061499076781484,0.56565386
2007-06-17,2.612850888319291e-12,512.4730065779929,2.9698959851189897,1.1920928955078125e-07,1.1920929e-07,1.1920929e-07,0.0,15.359997,18.245,9.55,26.94,586.26,1203.88,0.07142384613415177,0.5168906
2007-06-18,1.4108029346976766e-12,510.0819781648928,2.423891524659122,1.1920928955078125e-07,1.1920929e-07,2.03,2.03,15.359997,14.95,8.44,21.46,494.99,1115.43,0.05367550918106796,0.5266433
2007-06-19,5.542529013532191e-13,508.2028742800255,2.355889161721949,1.1920928955078125e-07,1.1920929e-07,1.1920929e-07,0.0,15.359997,14.545,6.27,22.82,572.64,953.52,0.042881715171896644,0.4388694
2007-06-20,1.9876372348718875e-13,505.8557530838174,2.6808578743638263,1.1920928955078125e-07,1.1920929e-07,1.1920929e-07,0.0,15.359997,16.75,8.19,25.31,568.29,1098.16,0.03239540179266781,0.40961143
2007-06-21,1.1394397131689428e-13,505.47689611007013,2.402742092585035,1.1920928955078125e-07,1.1920929e-07,3.64,3.64,15.359997,14.955,10.55,19.36,283.81,1283.61,0.03096171593648733,0.4388694
2007-06-22,6.299083336873745e-14,507.4027708474588,2.4008750854547016,1.1920928955078125e-07,1.1920929e-07,4.65,4.65,15.359997,14.88,9.4,20.36,332.24,1192.1,0.03897228949211025,0.3901061
2007-06-23,3.6716516626649396e-14,508.74489832206655,2.1461593442401514,1.1920928955078125e-07,1.1920929e-07,3.11,3.11,15.359997,13.015,8.94,17.09,283.02,1155.44,0.045750622081773606,0.41936406
2007-06-24,2.0366778388725605e-14,508.1923493130215,1.732123364652059,1.1920928955078125e-07,1.1920929e-07,1.1920929e-07,0.0,15.359997,9.625,5.39,13.86,384.86,900.95,0.04282782528160735,0.38035345
2007-06-25,1.1621040625528688e-14,506.38024915853924,2.1091714086181237,1.1920928955078125e-07,1.1920929e-07,1.1920929e-07,0.0,15.359997,12.81,5.93,19.69,527.22,932.87,0.034490439249309,0.3315902
2007-06-26,5.423905082742662e-15,504.17069731970213,2.5099765978947413,1.1920928955078125e-07,1.1920929e-07,1.1920929e-07,0.0,15.359997,15.715,8.67,22.76,527.96,1135.6,0.026487942582670457,0.32183754
2007-06-27,2.4367291184785305e-15,501.0458870209987,3.743596355943812,1.1920928955078125e-07,1.1920929e-07,1.1920929e-07,0.0,15.359997,22.595,16.04,29.15,472.36,1818.04,0.018235021050890494,0.28282693
2007-06-28,1.4304628321644967e-15,499.82119509131314,3.8826756831010414,1.1920928955078125e-07,1.1920929e-07,4.4,4.4,15.359997,23.275,16.93,29.62,345.2,1925.92,0.015752835884461875,0.28282693
2007-06-29,8.393368820280645e-16,500.68944034669715,2.635175603688093,1.1920928955078125e-07,1.1920929e-07,3.4,3.4,15.359997,16.635,5.96,27.31,516.81,938.14,0.017474741441326807,0.2925796
2007-06-30,4.890334686545205e-16,499.56236675046074,2.1080765459229704,1.1920928955078125e-07,1.1920929e-07,1.1920929e-07,0.0,15.359997,13.02,6.46,19.58,496.5,969.34,0.015273146389678001,0.25356898
2007-07-01,2.8822094614250775e-16,497.54253915195153,1.8685365714391717,1.1920928955078125e-07,1.1920929e-07,1.1920929e-07,0.0,15.359997,11.155,5.65,16.66,438.07,914.0,0.011998377894282401,0.23406367
2007-07-02,1.6348621850798951e-16,495.6993548629412,1.7816515418295988,1.1920928955078125e-07,1.1920929e-07,1.1920929e-07,0.0,15.359989,10.46,6.71,14.21,317.54,977.67,0.009626808387184464,0.22431101
2007-07-03,9.488783612923879e-17,493.8556115710885,1.8074654993217878,1.1920928955078125e-07,1.1920929e-07,0.1,0.1,15.322397,10.785,4.89,16.68,454.88,868.27,0.007723481548626852,0.22431101
2007-07-04,5.526402720610876e-17,491.4565100101183,2.115206053655672,1.1920928955078125e-07,1.1920929e-07,1.1920929e-07,0.0,15.264003,13.44,6.32,20.56,500.31,953.55,0.005798653380192324,0.21455836
2007-07-05,3.278566891109946e-17,490.90424604352893,2.4183626148618815,1.1920928955078125e-07,1.1920929e-07,5.01,5.01,15.264003,15.645,8.92,22.37,353.6,1153.88,0.005428388955990231,0.2925796
2007-07-06,1.9035777899719022e-17,490.7681032267456,2.532243633125723,1.1920928955078125e-07,1.1920929e-07,0.94,0.94,15.264003,16.41,10.9,21.92,413.78,1313.66,0.005340804750985744,0.36084816
2007-07-07,1.1420853006567459e-17,492.7603583665514,2.453412044162423,1.1920928955078125e-07,1.1920929e-07,7.02,7.02,15.264003,15.82,8.69,22.95,361.08,1135.62,0.006776133973121643,0.28282693
2007-07-08,6.8841804094910126e-18,495.06594979550476,2.3094393168302214,1.1920928955078125e-07,1.1920929e-07,2.0,2.0,15.263997,14.75,9.5,20.0,392.84,1200.25,0.00892515650978384,0.27307427
2007-07-09,4.14430875244018e-18,494.7045928413306,2.1284271436110234,1.1920928955078125e-07,1.1920929e-07,1.11,1.11,15.183328,13.52,6.03,21.01,495.36,939.39,0.008548020257362399,0.3315902
2007-07-10,2.450265358666632e-18,501.56234009304535,2.0085095884299076,1.1920928955078125e-07,1.1920929e-07,15.75,15.75,15.168,12.38,10.06,14.7,141.8,1244.58,0.01939564754589234,0.6631804
2007-07-11,1.4819029309102914e-18,506.8249943825697,3.244397961880352,1.1920928955078125e-07,1.1920929e-07,1.1920929e-07,0.0,15.168,20.145,13.11,27.18,454.1,1505.81,0.03637273192460646,0.44862202
2007-07-12,8.97458600603264e-19,518.0492971226456,2.9682095763678595,1.1920928955078125e-07,1.1920929e-07,27.36,27.36,15.168,18.265,13.59,22.94,256.55,1559.92,0.13905576860545843,7.9094014
2007-07-13,5.438957073454179e-19,528.0852806735389,2.3974686699329317,1.1920928955078125e-07,1.1920929e-07,1.1920929e-07,0.0,15.130397,14.45,7.49,21.41,467.77,1041.55,0.461255871199523,1.4238874
2007-07-14,3.275881383579593e-19,526.335791240217,2.530912511847948,1.1920928955078125e-07,1.1920929e-07,2.09,2.09,15.072,15.455,7.72,23.19,477.63,1058.44,0.3742513636352163,0.7607069
2007-07-15,1.7492196020419096e-19,526.1426048784043,2.630893100185805,1.1920928955078125e-07,1.1920929e-07,1.43,1.43,15.072,16.1,9.83,22.37,431.38,1226.37,0.36571201281831184,0.62416977
2007-07-16,8.211758964389527e-20,527.5129347227936,2.6361487982924863,1.1920928955078125e-07,1.1920929e-07,7.61,7.61,15.071992,16.09,9.75,22.43,325.3,1220.22,0.4307682547920282,0.7704596
2007-07-17,4.771672965872477e-20,528.0974447695695,2.4564895072976256,1.1920928955078125e-07,1.1920929e-07,1.1920929e-07,0.0,14.976003,15.015,8.16,21.87,459.85,1092.41,0.4619267202618848,0.47788
2007-07-18,2.872387202115019e-20,524.634194822181,2.7141321621287795,1.1920928955078125e-07,1.1920929e-07,1.1920929e-07,0.0,14.976003,16.77,9.35,24.19,473.21,1185.59,0.3054006633327749,0.3901061
2007-07-19,1.7276521102535073e-20,529.8665230749065,2.416260825871004,1.1920928955078125e-07,1.1920929e-07,15.19,15.19,14.976003,14.69,11.4,17.98,197.36,1355.57,0.5706476581252723,0.89724404
2007-07-20,1.0412955669595805e-20,538.6032632349488,2.6729185543400837,1.1920928955078125e-07,1.1920929e-07,9.85,9.85,14.895322,16.17,14.05,18.29,132.58,1606.28,1.6207090116096141,1.628693
2007-07-21,6.154801432381848e-21,541.8215434176785,2.9140654127591965,1.1920928955078125e-07,1.1920929e-07,5.79,5.79,14.879992,17.525,12.19,22.86,293.99,1417.06,2.38065807314415,1.3361135
2007-07-22,3.635585114733862e-21,539.6635919969326,2.55261036918134,1.1920928955078125e-07,1.1920929e-07,1.1920929e-07,0.0,14.879992,15.395,8.19,22.6,475.65,1095.44,1.8396025237184377,0.67293304
2007-07-23,1.906536918968494e-21,535.9684500820479,2.7706941616186778,1.1920928955078125e-07,1.1920929e-07,1.1920929e-07,0.0,14.799328,16.955,9.21,24.7,483.14,1176.79,1.1830098041615706,0.45837468
2007-07-24,8.913438714749015e-22,532.3047556449078,2.5406231791932306,1.1920928955078125e-07,1.1920929e-07,1.1920929e-07,0.0,14.784002,15.65,9.51,21.79,425.52,1203.44,0.7636325918910507,0.38035345
2007-07-25,5.138570361138301e-22,528.8096043326669,3.483307346078262,1.1920928955078125e-07,1.1920929e-07,1.1920929e-07,0.0,14.784002,21.075,15.23,26.92,394.07,1737.56,0.5029514106892397,0.34134284
2007-07-26,2.8294554908567928e-22,525.122156594296,3.227623263686799,1.1920928955078125e-07,1.1920929e-07,1.1920929e-07,0.0,14.688,20.0,13.4,26.6,428.92,1540.42,0.3237349722264576,0.2925796
2007-07-27,1.6602889698057624e-22,522.3273102061308,3.495464339955123,1.1920928955078125e-07,1.1920929e-07,1.1920929e-07,0.0,14.688,21.46,15.38,27.54,400.58,1749.95,0.23182967042214625,0.27307427
2007-07-28,9.537941222579963e-23,522.9261646301386,3.455968088563881,1.1920928955078125e-07,1.1920929e-07,6.87,6.87,14.670286,21.265,14.29,28.24,339.57,1632.35,0.24902486952457822,1.1313077
2007-07-29,5.644400869654632e-23,524.192794656005,3.0565016277133243,1.1920928955078125e-07,1.1920929e-07,3.6,3.6,14.592003,19.215,13.75,24.68,375.51,1573.57,0.2897119103461764,0.63392246
2007-07-30,3.246149274837104e-23,522.3677001282791,2.971223231786683,1.1920928955078125e-07,1.1920929e-07,1.1920929e-07,0.0,14.592003,18.795,12.56,25.03,423.07,1463.28,0.23295111492345824,0.40961143
2007-07-31,1.8735280242446956e-23,519.2256190110774,2.8431475059159013,1.1920928955078125e-07,1.1920929e-07,1.1920929e-07,0.0,14.495997,18.265,11.59,24.94,440.02,1367.82,0.1600393127914809,0.32183754
2007-08-01,9.53501263463591e-24,516.091896875836,3.076032011821211,1.1920928955078125e-07,1.1920929e-07,1.1920929e-07,0.0,14.495997,19.7,11.79,27.61,469.24,1384.39,0.11005817272252008,0.26332164
2007-08-02,5.299003874047291e-24,512.9960477872669,2.982814031287643,1.1920928955078125e-07,1.1920929e-07,1.1920929e-07,0.0,14.478289,19.3,12.46,26.14,434.93,1446.35,0.07602966845509745,0.21455836
2007-08-03,3.1925254177770533e-24,509.9559544472737,3.581269199474664,1.1920928955078125e-07,1.1920929e-07,1.1920929e-07,0.0,14.399997,22.64,15.18,30.1,441.4,1726.18,0.0528733687454472,0.5949118
2007-08-04,1.9222413900800313e-24,519.2530514749582,3.5026103752609075,1.1920928955078125e-07,1.1920929e-07,24.02,24.02,14.399997,21.94,12.75,31.13,360.64,1477.08,0.16056471373315181,0.63392246
2007-08-05,1.1584373858292041e-24,527.3914069883232,2.6438218353710154,1.1920928955078125e-07,1.1920929e-07,1.1920929e-07,0.0,14.304,17.01,8.1,25.92,491.95,1089.55,0.42455874380544223,0.3315902
2007-08-06,7.006832585297963e-25,522.9968496060914,2.2577882124777138,1.1920928955078125e-07,1.1920929e-07,1.1920929e-07,0.0,14.304,14.545,7.33,21.76,451.39,1026.41,0.25113686236008037,1.7554775
2007-08-07,4.238535804324775e-25,539.5473904502522,2.145551530714052,1.1920928955078125e-07,1.1920929e-07,35.56,35.56,14.208,13.32,7.58,19.06,291.87,1052.01,1.8142388551390198,2.3503892
2007-08-08,2.5602510761250828e-25,552.4336555378786,3.275876244297706,1.1920928955078125e-07,1.1920929e-07,9.06,9.06,14.208,19.955,14.58,25.33,267.6,1660.32,8.459494491321456,2.2333574
2007-08-09,1.5464501861275577e-25,551.9207636698316,2.6712072514106215,1.1920928955078125e-07,1.1920929e-07,10.63,10.63,14.112002,16.65,9.92,23.38,315.39,1233.63,7.956667012623473,2.048057
2007-08-10,9.236151483821531e-26,547.2844176176181,2.3302117096651256,1.1920928955078125e-07,1.1920929e-07,1.1920929e-07,0.0,14.112002,14.54,7.94,21.14,422.96,1075.29,4.572542888923401,0.8289755
2007-08-11,5.550292355149709e-26,541.5500733180193,2.532419585493369,1.1920928955078125e-07,1.1920929e-07,1.1920929e-07,0.0,14.031333,16.175,9.51,22.84,417.6,1201.07,2.3046810266939515,0.5559012
2007-08-12,3.3080579920088736e-26,537.2030102834362,2.776442398941101,1.1920928955078125e-07,1.1920929e-07,1.1920929e-07,0.0,14.016003,17.86,12.17,23.55,368.98,1413.92,1.3710330214689297,0.4388694
2007-08-13,1.6561483962544868e-26,534.2655686697598,3.231078558460219,1.1920928955078125e-07,1.1920929e-07,2.05,2.05,13.978397,20.57,13.9,27.24,399.13,1591.8,0.9652243110136427,0.50713795
2007-08-14,5.927970630417066e-27,532.055181093741,2.36430389738618,1.1920928955078125e-07,1.1920929e-07,0.85,0.85,13.92,15.465,7.68,23.25,454.04,1055.02,0.7411982541921489,0.4388694
2007-08-15,2.6810375889246477e-27,529.8784714282257,2.155400055768995,1.1920928955078125e-07,1.1920929e-07,1.1920929e-07,0.0,13.902287,14.04,8.09,19.99,389.74,1087.11,0.5714628757622772,0.3510955
2007-08-16,1.309124671919213e-27,530.1290905900647,2.133747696294436,1.1920928955078125e-07,1.1920929e-07,2.91,2.91,13.8239975,13.96,7.68,20.24,310.46,1055.54,0.5888332069402289,0.36084816
2007-08-17,4.4549070076505505e-28,533.4560696021975,2.4009249122162286,1.1920928955078125e-07,1.1920929e-07,9.42,9.42,13.806286,15.81,8.44,23.18,326.71,1115.95,0.8762428714537873,0.61441714
2007-08-18,2.056568976000086e-28,538.6095658248307,2.370479820316446,1.1920928955078125e-07,1.1920929e-07,8.95,8.95,13.728,15.535,7.7,23.37,331.87,1058.36,1.6219298974702527,0.74120164
2007-08-19,1.2080209787727537e-28,538.315333545155,1.6810583290058447,1.1920928955078125e-07,1.1920929e-07,1.1920929e-07,0.0,13.710286,10.035,4.96,15.11,340.88,873.6,1.5659027444791869,0.45837468
2007-08-20,7.196386057396895e-29,535.4376785327247,1.5884260483992925,1.1920928955078125e-07,1.1920929e-07,1.1920929e-07,0.0,13.632,9.32,2.77,15.87,407.93,748.4,1.1103179575384938,0.36084816
2007-08-21,4.256569645692159e-29,532.8521210777493,1.6937608245813012,1.1920928955078125e-07,1.1920929e-07,1.1920929e-07,0.0,13.614286,10.425,3.04,17.81,435.61,760.67,0.8152418555726749,0.31208488
2007-08-22,2.4580178821246993e-29,530.3249384187618,1.9213433902321553,1.1920928955078125e-07,1.1920929e-07,1.1920929e-07,0.0,13.536,12.6,4.92,20.28,438.2,873.72,0.6027740660487131,0.27307427
2007-08-23,1.411788251981591e-29,527.8721114453701,2.013489728933176,1.1920928955078125e-07,1.1920929e-07,1.1920929e-07,0.0,13.498397,13.475,6.21,20.74,420.43,950.0,0.4496564831718069,0.25356898
2007-08-24,8.163884827944284e-30,529.0252404961134,2.320625638772595,1.1920928955078125e-07,1.1920929e-07,6.67,6.67,13.44,15.83,12.78,18.88,153.69,1469.58,0.5160776889873744,0.32183754
2007-08-25,4.6816660785879565e-30,534.7532288384668,3.007938045477449,1.1920928955078125e-07,1.1920929e-07,11.44,11.44,13.35933,20.105,14.64,25.57,247.28,1670.37,1.0231333561270401,0.9460073
2007-08-26,2.6277772704839898e-30,539.0340756172014,3.6920466757397494,1.1920928955078125e-07,1.1920929e-07,10.75,10.75,13.344,23.535,17.27,29.8,262.68,1967.78,1.7063153121026498,1.3361135
2007-08-27,1.337134356348024e-30,538.7534792130199,2.271576204955816,1.1920928955078125e-07,1.1920929e-07,1.1920929e-07,0.0,13.247997,15.415,8.31,22.52,407.17,1105.16,1.6500592541861911,0.6534277
2007-08-28,7.769937315030364e-31,535.396596421129,2.2615445993244614,1.1920928955078125e-07,1.1920929e-07,1.1920929e-07,0.0,13.247997,15.445,7.04,23.85,440.08,1005.76,1.1048814229626411,0.41936406
2007-08-29,4.503611076322747e-31,532.2209495820877,2.2832320482509614,1.1920928955078125e-07,1.1920929e-07,1.1920929e-07,0.0,13.152,15.82,7.37,24.27,436.23,1034.36,0.7560245155391953,0.3315902
2007-08-30,2.70788164382759e-31,528.6251982532531,2.6789756413844548,1.1920928955078125e-07,1.1920929e-07,1.1920929e-07,0.0,13.152,18.6,9.48,27.72,439.26,1198.49,0.4919913437256243,0.2925796
2007-08-31,1.6353438921979053e-31,530.7540335967007,3.039373377573896,1.1920928955078125e-07,1.1920929e-07,10.22,10.22,13.056,20.805,14.5,27.11,259.76,1640.0,0.634482570955693,0.30233225
2007-09-01,9.890782539553787e-32,532.3214429183271,1.9938417372147454,1.1920928955078125e-07,1.1920929e-07,1.1920929e-07,0.0,13.056,13.72,8.39,19.05,325.02,1110.81,0.7651566105768262,0.31208488
2007-09-02,5.974107374171749e-32,529.8582037044769,1.6626550083937386,1.1920928955078125e-07,1.1920929e-07,1.1920929e-07,0.0,12.96,11.0,3.91,18.09,400.58,809.45,0.5700807272336208,0.26332164
2007-09-03,3.2870186430589277e-32,527.6011920730024,1.7645445906736497,1.1920928955078125e-07,1.1920929e-07,1.1920929e-07,0.0,12.96,12.015,3.94,20.09,426.71,813.78,0.4353346532420938,0.23406367
2007-09-04,9.804211604454548e-33,525.2731662049986,2.2903442700051246,1.1920928955078125e-07,1.1920929e-07,1.1920929e-07,0.0,12.864003,16.455,9.09,23.82,394.02,1167.16,0.32962890768453024,0.20480572
2007-09-05,-4.7107213867512736e-33,523.0789220023904,1.5765475176533232,1.1920928955078125e-07,1.1920929e-07,1.1920929e-07,0.0,12.864003,10.48,3.49,17.47,394.93,788.0,0.2536115823733257,0.18530041
2007-09-06,-5.987373033993674e-33,521.2865963289812,1.5213078647700926,1.1920928955078125e-07,1.1920929e-07,1.1920929e-07,0.0,12.767997,10.09,2.95,17.23,396.23,758.0,0.20472357482770423,0.17554775
2007-09-07,-1.63526522747677e-33,521.2891523042346,1.7342296043207435,1.1920928955078125e-07,1.1920929e-07,1.1920929e-07,0.0,12.672003,12.29,3.91,20.67,421.93,812.31,0.20478610336343137,0.17554775
2007-09-08,2.9480146296322303e-33,523.4645557423756,2.9952342808466517,1.1920928955078125e-07,1.1920929e-07,1.1920929e-07,0.0,12.672003,21.305,14.2,28.41,358.32,1616.16,0.2655700341847436,0.17554775
2007-09-09,6.49550484052844e-33,527.5989511502099,2.7185116830068297,1.1920928955078125e-07,1.1920929e-07,1.1920929e-07,0.0,12.576003,19.64,11.79,27.49,383.78,1382.86,0.4352181120549357,0.19505306
2007-09-10,7.74024370840696e-33,533.4784830345434,1.7232321623043367,1.1920928955078125e-07,1.1920929e-07,28.83,28.83,12.576003,11.94,10.73,13.15,66.81,1298.28,0.8785925147679191,0.73144895
2007-09-11,5.6459238659157837e-33,540.5287680235334,2.1758345473686282,1.1920928955078125e-07,1.1920929e-07,6.99,6.99,12.48,15.635,11.41,19.86,189.39,1352.63,2.039936970461204,0.56565386
2007-09-12,3.408547448408679e-33,548.3871754319075,1.8175819595859029,1.1920928955078125e-07,1.1920929e-07,17.52,17.52,12.48,12.475,10.86,14.09,82.02,1309.16,5.216489296312438,0.97526526
2007-09-13,2.058395930859619e-33,548.8331913947901,1.5246405907969969,1.1920928955078125e-07,1.1920929e-07,1.1920929e-07,0.0,12.384,9.795,4.91,14.68,300.27,873.55,5.5020109942638245,0.62416977
2007-09-14,1.2335864497677288e-33,542.5830968576831,1.4768222685555663,1.1920928955078125e-07,1.1920929e-07,1.1920929e-07,0.0,12.384,9.475,3.88,15.07,330.68,803.5,2.607431735922451,0.39985877
2007-09-15,7.405843187366442e-34,544.4746894411053,1.7341295482872097,1.1920928955078125e-07,1.1920929e-07,12.23,12.23,12.288,12.085,4.08,20.09,299.76,821.72,3.2686242098476965,1.6774563
2007-09-16,4.454152417162356e-34,550.7437322345439,1.2734476770127126,1.1920928955078125e-07,1.1920929e-07,11.78,11.78,12.250398,7.115,1.32,12.91,253.98,672.12,6.912843067786739,1.5701771
2007-09-17,2.6771699039335183e-34,548.654856521109,1.182994318823577,1.1920928955078125e-07,1.1920929e-07,1.1920929e-07,0.0,12.192,6.12,0.4,11.84,336.33,627.62,5.3860193729388515,0.73144895
2007-09-18,1.5996932440527346e-34,543.5742361484309,1.3893041118666707,1.1920928955078125e-07,1.1920929e-07,1.1920929e-07,0.0,12.096,8.86,1.58,16.14,382.13,686.44,2.9352274063112795,0.50713795
2007-09-19,8.983191842630309e-35,539.7042205352103,1.5064424054950716,1.1920928955078125e-07,1.1920929e-07,1.1920929e-07,0.0,12.096,10.24,2.25,18.23,394.44,719.09,1.8485540510508218,0.40961143
2007-09-20,4.00842004049701e-35,536.4729353802629,1.7598628269029093,1.1920928955078125e-07,1.1920929e-07,1.1920929e-07,0.0,11.999997,12.94,4.45,21.43,396.03,837.01,1.256508317281235,0.3510955
2007-09-21,1.7907059409889298e-35,533.5677209679628,1.9448635244543455,1.1920928955078125e-07,1.1920929e-07,1.1920929e-07,0.0,11.999997,14.65,6.15,23.15,389.17,942.89,0.8880101468033781,0.31208488
2007-09-22,7.219780520950793e-36,530.9592771032464,1.9812140577833615,1.1920928955078125e-07,1.1920929e-07,1.1920929e-07,0.0,11.904,15.165,8.07,22.26,351.22,1085.88,0.6502337237132727,0.2925796
2007-09-23,-3.252775140328018e-36,528.6543749698232,1.9109546635965051,1.1920928955078125e-07,1.1920929e-07,1.1920929e-07,0.0,11.904,14.645,9.2,20.09,290.66,1176.38,0.49370940445119627,0.28282693
2007-09-24,-1.0630591634433098e-35,526.5248302541729,1.6109508087668307,1.1920928955078125e-07,1.1920929e-07,1.1920929e-07,0.0,11.808002,12.08,5.49,18.67,333.8,907.67,0.3828003769046375,0.25356898
2007-09-25,-1.2033653021850379e-35,524.4424586427765,1.7379309533443328,1.1920928955078125e-07,1.1920929e-07,1.1920929e-07,0.0,11.792672,13.385,6.03,20.74,349.27,936.03,0.29848400177329176,0.22431101
2007-09-26,-7.602084008525357e-36,521.8095694989371,2.157952647728565,1.1920928955078125e-07,1.1920929e-07,1.1920929e-07,0.0,11.711997,17.135,8.9,25.37,358.07,1152.06,0.21792356237666063,0.21455836
2007-09-27,-4.570244915575089e-36,523.0525650829491,2.5951146156893694,1.1920928955078125e-07,1.1920929e-07,9.22,9.22,11.616,20.35,13.65,27.05,231.07,1563.82,0.2528141983243971,0.21455836
2007-09-28,-2.746032226253829e-36,534.012061369554,2.43879719869723,1.1920928955078125e-07,1.1920929e-07,19.15,19.15,11.616,18.94,14.09,23.79,184.3,1610.91,0.9364274136117525,1.2580922
2007-09-29,-1.6424483375775853e-36,539.7238394866871,1.5746631943797222,1.1920928955078125e-07,1.1920929e-07,2.34,2.34,11.52,11.715,6.37,17.06,255.24,961.35,1.8528922002935448,0.5851592
2007-09-30,-9.862531370062141e-37,537.790797219683,1.2001799574842695,1.1920928955078125e-07,1.1920929e-07,1.1920929e-07,0.0,11.52,7.515,0.22,14.81,348.97,619.83,1.4707787353659028,0.39985877
2007-10-01,-5.8877281163824575e-37,535.3288095832747,1.166012427484211,1.1920928955078125e-07,1.1920929e-07,1.1920929e-07,0.0,11.424,7.27,0.01,14.53,342.9,615.81,1.0959690983714114,0.34134284
2007-10-02,-3.226246169940178e-37,533.1288520487956,1.2889735686448982,1.1920928955078125e-07,1.1920929e-07,1.1920929e-07,0.0,11.424,8.885,2.61,15.16,310.36,743.95,0.8426469339315714,0.32183754
2007-10-03,-1.744217912770136e-37,531.032564535622,1.4192623619099047,1.1920928955078125e-07,1.1920929e-07,1.1920929e-07,0.0,11.327997,10.59,4.8,16.38,291.44,864.89,0.6559523170897087,0.31208488
2007-10-04,-1.008838602883658e-37,528.877635293995,1.7102974287304347,1.1920928955078125e-07,1.1920929e-07,1.1920929e-07,0.0,11.327997,13.64,8.15,19.13,273.72,1092.29,0.507056156721102,0.30233225
2007-10-05,-5.65574029237147e-38,526.7461988203685,1.6269265454212347,1.1920928955078125e-07,1.1920929e-07,1.1920929e-07,0.0,11.232,13.035,4.6,21.47,347.96,848.06,0.3930600059847567,0.28282693
2007-10-06,-3.296473589158551e-38,525.4505364669122,1.7611263790043585,1.1920928955078125e-07,1.1920929e-07,1.1920929e-07,0.0,11.136003,14.5,4.1,24.9,366.32,822.95,0.33668888674857267,0.26332164
2007-10-07,-1.8384550011513805e-38,527.9267207073547,1.7312980535747695,1.1920928955078125e-07,1.1920929e-07,9.46,9.46,11.136003,14.145,7.14,21.15,229.81,1011.21,0.45259990277761736,0.3510955
2007-10-08,-1.0813527838900846e-38,532.2141057314975,1.3150830818578816,1.1920928955078125e-07,1.1920929e-07,3.24,3.24,11.04,9.76,4.36,15.16,197.27,836.66,0.75540657555931,0.36084816
2007-10-09,-6.153223816125665e-39,532.49890073269,1.0645183342266835,1.1920928955078125e-07,1.1920929e-07,1.63,1.63,11.04,6.48,4.1,8.86,130.33,821.61,0.7815528804157623,0.3510955
2007-10-10,-3.6428566336419596e-39,532.3624350110501,1.2825602101222564,1.1920928955078125e-07,1.1920929e-07,2.0,2.0,10.9439945,9.5,4.48,14.52,247.59,843.21,0.768913269902264,0.34134284
2007-10-11,-2.1319480520247184e-39,531.708337776821,1.1457045800337182,1.1920928955078125e-07,1.1920929e-07,0.61,0.61,10.9439945,7.765,5.61,9.92,116.77,915.2,0.7111106482029141,0.3510955
2007-10-12,-1.289308049470343e-39,539.4385786554869,1.2388670568267617,1.1920928955078125e-07,1.1920929e-07,20.3,20.3,10.848,8.89,6.51,11.27,94.22,974.62,1.7908053154738812,3.6865027
2007-10-13,-7.79641429889093e-40,556.2490403041176,1.020393553552974,1.1920928955078125e-07,1.1920929e-07,24.86,24.86,10.848,5.44,0.83,10.05,171.58,649.14,13.345022033294425,4.1351247
2007-10-14,-4.712867627304295e-40,557.6297745182001,1.004199303294769,1.1920928955078125e-07,1.1920929e-07,10.01,10.01,10.752,5.295,0.35,10.24,180.14,627.9,15.738510482752556,1.5701771
2007-10-15,-2.8477916656223736e-40,554.8184358420808,0.8909159469887831,1.1920928955078125e-07,1.1920929e-07,12.7,12.7,10.752,3.575,0.6,6.55,117.86,639.7,11.24830973185194,1.0727918
2007-10-16,-1.7115142762245874e-40,550.2463910705995,0.9449929577002432,1.1920928955078125e-07,1.1920929e-07,0.02,0.02,10.655997,4.715,1.67,7.76,160.61,688.23,6.514039278438857,0.8484808
2007-10-17,-9.934120270943423e-41,544.3793509409585,0.8736457131692523,1.1920928955078125e-07,1.1920929e-07,1.1920929e-07,0.0,10.655997,3.7,-1.83,9.23,260.13,537.38,3.231603085045201,0.7216963
2007-10-18,-5.719712774831423e-41,540.704838448213,0.9916913045894334,1.1920928955078125e-07,1.1920929e-07,1.1920929e-07,0.0,10.56,5.845,-2.44,14.13,318.36,514.52,2.083304694741981,0.63392246
2007-10-19,-3.4601517011186336e-41,537.8762347091028,1.3038594812560689,1.1920928955078125e-07,1.1920929e-07,1.1920929e-07,0.0,10.501603,10.245,2.48,18.01,301.1,731.25,1.4858691705222071,0.5949118
2007-10-20,-2.093563536638974e-41,546.8401974676117,1.6431090720853472,1.1920928955078125e-07,1.1920929e-07,25.03,25.03,10.464,13.735,10.47,17.0,117.28,1277.27,4.336185337785024,8.016681
2007-10-21,-1.2684788463654232e-41,550.3350493687993,1.5236271810051172,1.1920928955078125e-07,1.1920929e-07,0.22,0.22,10.385714,12.535,8.13,16.94,208.47,1090.79,6.583407316791944,3.179365
2007-10-22,-7.678213400650927e-42,544.2783563556269,1.6109401483540553,1.1920928955078125e-07,1.1920929e-07,1.1920929e-07,0.0,10.368,13.64,8.0,19.28,243.51,1079.93,3.192842890393981,1.6677036
2007-10-23,-4.603936688630855e-42,539.9883982052959,1.8512054421351853,1.1920928955078125e-07,1.1920929e-07,1.1920929e-07,0.0,10.289714,16.17,8.25,24.09,284.73,1100.38,1.9123955673717223,1.2483395
2007-10-24,-2.7817694969288277e-42,542.8740526746573,1.3366145135515421,1.1920928955078125e-07,1.1920929e-07,12.05,12.05,10.271997,10.84,4.02,17.66,202.15,817.92,2.6996672012734413,2.0285518
2007-10-25,-1.6808036800252758e-42,544.3175383957212,0.8969352479452155,1.1920928955078125e-07,1.1920929e-07,1.1920929e-07,0.0,10.193711,4.76,1.09,8.43,180.12,662.03,3.2078248624606123,1.3848767
2007-10-26,-1.002830577659468e-42,540.0213395443558,0.8966098894791019,1.1920928955078125e-07,1.1920929e-07,1.1920929e-07,0.0,10.1760025,4.9,-2.33,12.13,282.79,517.49,1.9199371299707158,1.0727918
2007-10-27,-6.011441115041471e-43,541.7491554610828,0.9138114044713087,1.1920928955078125e-07,1.1920929e-07,9.69,9.69,10.097716,5.255,-2.41,12.92,212.79,514.87,2.360157118579607,3.9498243
2007-10-28,-3.602245257587203e-43,551.6670010132111,1.241842428240057,1.1920928955078125e-07,1.1920929e-07,21.54,21.54,10.08,9.725,4.84,14.61,160.09,867.35,7.719049042875521,8.592087
2007-10-29,0.00046087185365565236,552.250419028673,0.6911281699043311,0.0002305436069651811,1.1920929e-07,1.1920929e-07,0.0,10.021603,0.94,-3.87,5.75,218.32,457.49,8.27630582682673,3.0720856
2007-10-30,0.003237455692406872,546.0985011448366,0.5944268002415237,1.1920928955078125e-07,1.1920929e-07,1.1920929e-07,0.0,9.984,-1.02,-3.97,1.93,145.07,455.03,3.9684624052806985,2.0285518
2007-10-31,0.0023219265866699164,542.1344031128394,0.772563768221555,0.0011744410454985624,1.1920929e-07,1.1920929e-07,0.0,9.968672,2.925,-1.95,7.8,215.39,525.67,2.4713307192389906,1.5994351
2007-11-01,0.0013114315769179794,538.5204843983498,0.9510355671351969,0.0006600153587896103,1.1920929e-07,1.1920929e-07,0.0,9.888002,6.27,-1.16,13.7,268.53,564.54,1.6047588186935418,1.404382
2007-11-02,0.0007599961229320794,538.2304655016379,0.8167003412849798,0.0003814420397829479,1.1920929e-07,4.67,4.67,9.888002,3.98,-1.82,9.78,196.27,534.46,1.5501049507845501,1.2190816
2007-11-03,0.00045687535255654264,538.5731479315459,0.7155717170762363,0.00022895951308999206,1.1920929e-07,1.1920929e-07,0.0,9.792003,2.155,-3.56,7.87,233.96,465.45,1.6148879975693538,1.1898236
2007-11-04,0.0010806163943792098,545.8617185922244,0.6373773766023374,1.1920928955078125e-07,1.1920929e-07,19.4,19.4,9.792003,0.27,-1.86,2.4,78.12,535.47,3.8577667082964906,4.603252
2007-11-05,0.01214629081026517,548.6570502254972,0.6557026514416855,0.006363401569087998,1.1920929e-07,1.1920929e-07,0.0,9.696,0.75,-4.53,6.03,226.29,439.35,5.3874312288397475,2.1455836
2007-11-06,0.007155694845699364,547.1457853757616,0.6928882114484879,0.0037057930319608855,1.1920929e-07,9.16,9.16,9.696,1.595,-4.4,7.59,181.27,443.19,4.497429436028521,12.190816
2007-11-07,0.004206859586974359,554.2245838304382,0.6946661042020238,0.0021476615499441917,1.1920929e-07,23.98,23.98,9.5999975,1.59,-3.45,6.63,163.07,471.85,10.477873023935276,8.738377
2007-11-08,0.002705614389170331,553.1139924107936,0.6154684467591867,1.1920928955078125e-07,1.1920929e-07,1.1920929e-07,0.0,9.5999975,-0.14,-3.38,3.1,155.15,475.09,9.175846159000042,3.8620505
2007-11-09,0.002682901520930656,546.0974049966068,0.4371842977346826,1.1920928955078125e-07,1.1920929e-07,1.1920929e-07,0.0,9.521714,-4.68,-7.19,-2.17,124.29,356.53,3.9679427078597382,2.5747004
2007-11-10,0.0026836997828948907,541.847891080786,0.5036325338453823,1.1920928955078125e-07,1.1920929e-07,1.1920929e-07,0.0,9.504,-2.565,-6.11,0.98,165.62,385.49,2.388164103538119,2.048057
2007-11-11,0.0026832472398787104,539.303928121615,0.42445701305725947,1.1920928955078125e-07,1.1920929e-07,1.1920929e-07,0.0,9.504,-4.89,-9.13,-0.65,187.83,307.21,1.7622257798124823,1.6969616
2007-11-12,0.002649899573056225,537.3103768089707,0.4402717122536013,1.1920928955078125e-07,1.1920929e-07,1.1920929e-07,0.0,9.408,-4.19,-8.55,0.17,188.64,319.09,1.388733816892178,1.4628979
2007-11-13,0.21930496294811946,535.7869948683782,0.476460634413549,1.1920928955078125e-07,0.039094146,0.91090584,0.95,9.408,-3.045,-9.25,3.16,243.97,304.17,1.1576383116098972,1.404382
2007-11-14,0.22173224183368062,534.7032707664097,0.5645443448459863,1.1920928955078125e-07,1.1920929e-07,1.1920929e-07,0.0,9.329714,-0.485,-4.77,3.8,186.64,430.4,1.0170445818430978,1.2971028
2007-11-15,0.11959555842932718,538.0955368157597,0.7602293779234577,0.09182601071542376,1.1920929e-07,12.67,12.67,9.312,3.81,-4.5,12.12,188.03,440.29,1.5253160704579838,13.361135
2007-11-16,0.05845185923019213,561.9930883336784,0.7937262432783406,0.037532317011003166,1.1920929e-07,49.41,49.41,9.312,3.805,-0.07,7.68,118.0,602.75,26.507560976134616,15.604244
2007-11-17,0.11774359571306398,558.1882023456403,0.48211755878759327,1.1920928955078125e-07,0.4377688,3.0722313,3.51,9.216002,-3.165,-6.73,0.4,121.83,372.05,16.82440261071234,5.676044
2007-11-18,1.1477694617897576,548.7661870105972,0.40982107411165036,1.1920928955078125e-07,1.1920929e-07,1.1920929e-07,0.0,9.216002,-5.19,-7.42,-2.96,106.0,353.02,5.458140260784682,3.3061492
2007-11-19,1.1477695092487374,544.247826311762,0.36504787966992686,1.1920928955078125e-07,1.1920929e-07,1.1920929e-07,0.0,9.200675,-6.64,-12.7,-0.58,232.33,231.18,3.1812176864543,2.4089053
2007-11-20,1.147442616641594,541.2248797956009,0.3966575618057436,1.1920928955078125e-07,1.1920929e-07,1.1920929e-07,0.0,9.12,-5.305,-10.4,-0.21,207.8,274.47,2.21685351923702,2.0870676
2007-11-21,2.388052724845933,539.6605209206703,0.46836629911762856,1.1920928955078125e-07,0.081635565,4.9183645,5.0,9.12,-2.95,-4.48,-1.42,55.33,440.0,1.8389276502324001,1.9700359
2007-11-22,2.3927434328794717,545.2852329615226,0.5211811803222468,1.1920928955078125e-07,3.4838914e-07,11.69,11.69,9.104672,-1.56,-3.02,-0.1,55.18,489.05,3.600998515369936,2.2626154
2007-11-23,2.3927777113356807,548.3105739948093,0.4856159988640795,1.1920928955078125e-07,0.00083308044,3.889167,3.89,9.024,-2.515,-6.69,1.66,138.77,372.27,5.168964876157828,3.3744178
2007-11-24,3.3301792755061936,544.3829551808045,0.286156970429327,1.1920928955078125e-07,1.1920929e-07,1.1920929e-07,0.0,9.024,-9.655,-13.55,-5.76,178.27,218.0,3.23299499984718,1.9602833
2007-11-25,3.3298233026822985,541.3968734452787,0.298060825414751,1.1920928955078125e-07,1.1920929e-07,1.1920929e-07,0.0,9.024,-9.04,-12.45,-5.63,160.41,237.08,2.262879891617307,1.7164669
2007-11-26,3.3303000194389027,539.1478440990171,0.42728523474780766,1.1920928955078125e-07,1.1920929e-07,1.1920929e-07,0.0,8.928008,-3.925,-7.93,0.08,179.71,336.03,1.7296672904461485,1.7067143
2007-11-27,3.340245650384524,545.2406355748242,0.567571648680753,1.1920928955078125e-07,1.1920929e-07,17.18,17.18,8.928,-0.055,-3.19,3.08,111.56,485.06,3.5818619822115094,5.1006374
2007-11-28,3.3584504729366706,548.8225081901087,0.4893012548902124,1.1920928955078125e-07,3.1411648e-05,1.6999686,1.7,8.928,-2.27,-8.33,3.79,214.82,325.03,5.494992671981462,3.2768915
2007-11-29,3.515273088542633,544.4683078114668,0.3217377060192219,1.1920928955078125e-07,1.1920929e-07,1.1920929e-07,0.0,8.869603,-7.86,-10.7,-5.02,138.54,272.18,3.266132953171141,2.165089
2007-11-30,5.020512092021088,541.3926657258077,0.4200599068452211,1.1920928955078125e-07,2.5678844,0.0021155467,2.57,8.832,-4.07,-9.38,1.24,176.68,303.05,2.261742561441726,1.8530041
2007-12-01,6.8045391633133425,539.0502834773685,0.32914944140137464,1.1920928955078125e-07,0.94,1.1920929e-07,0.94,8.832,-7.36,-12.7,-2.02,214.42,230.49,1.7096227597703648,1.404382
2007-12-02,7.133335955644883,537.2799018903103,0.18063897804247517,1.1920928955078125e-07,1.1920929e-07,1.1920929e-07,0.0,8.832,-15.155,-18.01,-12.3,142.23,150.31,1.383686522937141,1.2483395
2007-12-03,10.847528955418593,535.8079658291844,0.2344231416957221,1.1920928955078125e-07,8.46,1.1920929e-07,8.46,8.816672,-11.76,-16.75,-6.77,155.37,168.74,1.16054248707937,1.1995763
2007-12-04,21.719987754782544,534.4649369608321,0.3072806629822896,1.1920928955078125e-07,12.0,1.1920929e-07,12.0,8.736006,-8.025,-11.25,-4.8,116.19,258.91,0.988492067859465,1.1995763
2007-12-05,28.59691347026176,533.2492698903183,0.27641389655020193,1.1920928955078125e-07,1.77,1.1920929e-07,1.77,8.735997,-9.41,-12.14,-6.68,132.63,240.0,0.8548579506761501,1.1215551
2007-12-06,30.121904743970113,532.1773568618647,0.2650464409666979,1.1920928955078125e-07,1.27,1.1920929e-07,1.27,8.735997,-9.94,-14.51,-5.37,199.47,200.0,0.7520971004862924,1.0630392
2007-12-07,30.641706334456583,531.2260143329398,0.22347749683167634,1.1920928955078125e-07,1.1920929e-07,1.1920929e-07,0.0,8.735997,-12.15,-16.19,-8.11,183.64,160.07,0.6712898877453143,1.0240285
2007-12-08,30.647152477385816,530.351432981917,0.25567028142687176,1.1920928955078125e-07,1.1920929e-07,1.1920929e-07,0.0,8.735997,-10.37,-15.35,-5.39,205.36,193.06,0.6046851788815786,0.98501796
2007-12-09,30.62026938658831,529.4852081884953,0.3102242972605018,1.1920928955078125e-07,1.1920929e-07,1.1920929e-07,0.0,8.677603,-7.68,-14.57,-0.79,229.56,200.0,0.5452330242492398,0.96551263
2007-12-10,30.928307715069245,528.6974606562596,0.23481961315140598,1.1920928955078125e-07,0.61,1.1920929e-07,0.61,8.640008,-11.3,-14.51,-8.09,144.69,200.0,0.49625746747846666,0.9362547
2007-12-11,31.250326660841917,527.9643777356351,0.2835587727386281,1.1920928955078125e-07,1.1920929e-07,1.1920929e-07,0.0,8.64,-8.79,-13.02,-4.56,180.63,232.46,0.4546408195498384,0.91674936
2007-12-12,32.70586568300653,527.2185120432443,0.337601199486159,1.1920928955078125e-07,3.07,1.1920929e-07,3.07,8.64,-6.415,-10.88,-1.95,138.61,280.0,0.4158785461643755,0.89724404
2007-12-13,34.49477985343425,526.5012730997213,0.2797189863537241,1.1920928955078125e-07,0.41,1.1920929e-07,0.41,8.64,-8.935,-17.75,-0.12,236.21,158.49,0.3817244776698528,0.8874914
2007-12-14,38.231445128760235,525.9057316604445,0.18180731956317528,1.1920928955078125e-07,6.9,1.1920929e-07,6.9,8.64,-14.525,-18.19,-10.86,120.23,151.38,0.3555070455609598,0.9069967
2007-12-15,43.185870253193656,525.3519157800582,0.24464328264838126,1.1920928955078125e-07,2.72,1.1920929e-07,2.72,8.64,-10.68,-18.9,-2.46,190.34,136.35,0.33274496657387453,0.85823345
2007-12-16,46.09118854189053,524.8395783698724,0.14513174496175216,1.1920928955078125e-07,4.03,1.1920929e-07,4.03,8.64,-17.32,-21.15,-13.49,126.97,116.82,0.31298753077881836,0.8289755
2007-12-17,60.20069625350872,524.3534898635002,0.21959727613373625,1.1920928955078125e-07,23.66,1.1920929e-07,23.66,8.64,-12.065,-17.91,-6.22,160.01,150.96,0.2953279803235541,0.9460073
2007-12-18,72.37317451779568,523.8719068347145,0.17284957205281934,1.1920928955078125e-07,1.1920929e-07,1.1920929e-07,0.0,8.64,-15.115,-18.03,-12.2,135.69,158.3,0.27881487350656425,0.89724404
2007-12-19,71.72828999189572,523.4234407067613,0.18850460835900884,1.1920928955078125e-07,1.1920929e-07,1.1920929e-07,0.0,8.64,-14.005,-19.49,-8.52,210.99,133.4,0.2642686637996621,0.8484808
2007-12-20,75.75905470719732,522.9307535373517,0.28169714306840543,1.1920928955078125e-07,6.84,1.1920929e-07,6.84,8.64,-8.75,-10.59,-6.91,67.68,280.0,0.24916144052847777,0.81922287
2007-12-21,81.12103182529809,522.412491997941,0.26421444624674434,1.1920928955078125e-07,3.7,1.1920929e-07,3.7,8.64,-9.59,-12.47,-6.71,100.33,240.0,0.23420112650931565,0.78996485
2007-12-22,82.9377103081874,521.9452766143779,0.21926372528524174,1.1920928955078125e-07,1.1920929e-07,1.1920929e-07,0.0,8.64,-12.025,-17.71,-6.34,214.37,158.81,0.2214857749604571,0.7607069
2007-12-23,82.51565437904848,521.5009426176779,0.2551321068379522,1.1920928955078125e-07,1.1920929e-07,1.1920929e-07,0.0,8.64,-10.03,-17.72,-2.34,235.15,154.44,0.21003418224177292,0.73144895
2007-12-24,84.05695769771314,526.8842368903078,0.5753475944588641,1.9028374412205835,1.1920929e-07,14.87,14.87,8.64,1.115,-5.17,7.4,159.7,418.58,0.3995962972856588,8.504313
2007-12-25,83.69705493066247,533.7241995922751,0.42107379168007786,1.1920928955078125e-07,0.042286735,0.007713267,0.05,8.64,-3.53,-5.12,-1.94,75.14,419.83,0.9047683110198182,3.2671387
2007-12-26,83.71627453108132,532.4729306325768,0.40285475874277804,1.1920928955078125e-07,1.1920929e-07,1.1920929e-07,0.0,8.64,-4.115,-7.97,-0.26,163.16,329.37,0.7791315958532972,1.7749828
2007-12-27,83.61722846761577,531.3263058186353,0.4328441401243995,1.1920928955078125e-07,1.1920929e-07,1.1920929e-07,0.0,8.64,-3.08,-5.83,-0.33,123.53,396.89,0.6793820801854866,1.4921559
2007-12-28,86.05063853183566,530.8380567401147,0.41403548367045073,1.1920928955078125e-07,6.6549215,0.24507886,6.9,8.64,-3.69,-5.61,-1.77,69.51,403.74,0.6408841602651871,1.3263608
2007-12-29,93.2350640060309,531.6574122482374,0.4257750982491294,1.1920928955078125e-07,4.1413236,6.168677,10.31,8.64,-3.32,-5.54,-1.1,80.26,406.18,0.7067970507564894,1.1605657
2007-12-30,93.78814118244031,536.0000253628007,0.4733434223704364,1.1920928955078125e-07,1.8438698e-06,2.6899981,2.69,8.64,-1.94,-4.52,0.64,103.35,440.47,1.187481193254918,1.1313077
2007-12-31,94.74574709613793,537.7721856804877,0.4212470166544007,1.1920928955078125e-07,6.0537763,0.40622392,6.46,8.64,-3.63,-7.61,0.35,134.37,345.79,1.4675118469376922,1.0630392
2008-01-01,101.49107379202073,536.153618602338,0.33162539081346143,1.1920928955078125e-07,7.19,1.1920929e-07,7.19,8.657714,-6.915,-10.69,-3.14,115.38,271.11,1.209473827143179,1.0142759
2008-01-02,112.92159899918042,534.7183473415089,0.31170962919803785,1.1920928955078125e-07,15.42,1.1920929e-07,15.42,8.72067,-7.815,-11.03,-4.6,102.27,266.17,1.0188782525129814,0.9947706
2008-01-03,120.58761957755549,533.535842911775,0.16364410530352475,1.1920928955078125e-07,1.1920929e-07,1.1920929e-07,0.0,8.735997,-16.17,-25.33,-7.01,259.05,80.52,0.8846343957500488,0.96551263
2008-01-04,120.58644174087587,532.5818566830345,0.09727725412332512,1.1920928955078125e-07,1.1920929e-07,1.1920929e-07,0.0,8.735997,-22.455,-26.55,-18.36,171.14,80.0,0.7893376787118163,0.9460073
2008-01-05,120.58644174087587,531.6903180480393,0.19860321264289896,1.1920928955078125e-07,1.1920929e-07,1.1920929e-07,0.0,8.735997,-13.68,-20.51,-6.85,237.76,120.0,0.7095813032664539,1.0142759
2008-01-06,120.58644174087587,530.7315896017329,0.3794006813199311,1.1920928955078125e-07,1.1920929e-07,1.1920929e-07,0.0,8.735997,-5.055,-7.16,-2.95,93.56,360.0,0.6327834467035682,1.0532866
2008-01-07,120.58639263372544,529.694858327092,0.498587432126828,1.1920928955078125e-07,1.1920929e-07,1.1920929e-07,0.0,8.7736025,-1.25,-5.14,2.64,163.2,418.82,0.5590628060045602,0.9947706
2008-01-08,118.4848676188126,530.6608019757837,0.6686307830036164,6.112277030944824,1.1920929e-07,1.1920929e-07,0.0,8.832,2.895,-0.94,6.73,160.33,569.18,0.6274542143025967,1.0825444
2008-01-09,107.46007452533888,539.8473121262405,0.8923411172409643,15.783133506774902,1.1920929e-07,1.1920929e-07,0.0,8.832,6.985,0.61,13.36,224.71,640.0,1.8804291401631392,5.539507
2008-01-10,94.2692658626652,549.9212190875589,0.7200242781360673,7.460049152374268,1.1920929e-07,3.86,3.86,8.832,3.465,-2.0,8.93,156.55,530.78,6.265816351332,4.096114
2008-01-11,92.00830524583134,547.5019169062765,0.515881133445365,1.1920928955078125e-07,1.1920929e-07,1.1920929e-07,0.0,8.8320055,-1.33,-5.86,3.2,189.5,395.77,4.692923946761752,3.150107
2008-01-12,92.00781715815218,549.3289518262766,0.4854457300399704,1.1920928955078125e-07,0.0008600786,13.329141,13.33,8.928,-2.395,-4.81,0.02,83.0,430.89,5.837753552604859,2.7892587
2008-01-13,92.00886096120605,548.872321020093,0.47670343462150516,1.1920928955078125e-07,1.1920929e-07,1.1920929e-07,0.0,8.928,-2.64,-8.12,2.84,220.56,330.78,5.527793799719478,2.2040997
2008-01-14,91.71832155632488,544.0596716926584,0.42473146679986046,1.1920928955078125e-07,1.1920929e-07,1.1920929e-07,0.0,8.928,-4.135,-9.42,1.15,217.2,298.6,3.1105007687975816,1.8530041
2008-01-15,96.37843690080697,541.1094091629374,0.28753543023324485,1.1920928955078125e-07,8.38,1.1920929e-07,8.38,8.965603,-9.425,-11.63,-7.22,80.11,252.29,2.186479404678371,1.5994351
2008-01-16,100.68068445958014,538.9021980619617,0.3026364058470448,1.1920928955078125e-07,1.1920929e-07,1.1920929e-07,0.0,9.024,-8.775,-12.71,-4.84,181.55,236.65,1.6796405446728493,1.3751241
2008-01-17,100.26885070049133,537.1446036141419,0.20077871960031113,1.1920928955078125e-07,1.1920929e-07,1.1920929e-07,0.0,9.024,-14.085,-19.5,-8.67,229.69,120.0,1.3614988411751443,1.2385869
2008-01-18,102.68353472581664,535.689624272277,0.2260475994909073,1.1920928955078125e-07,4.85,1.1920929e-07,4.85,9.024009,-12.53,-20.43,-4.63,208.97,118.81,1.1442488103333959,1.2190816
2008-01-19,108.91478327385776,534.348398466663,0.3481565946168072,1.1920928955078125e-07,7.07,1.1920929e-07,7.07,9.12,-6.915,-15.09,1.26,212.63,189.06,0.9748239085040855,1.180071
2008-01-20,112.19116126284459,533.105588133046,0.2984029689282375,1.1920928955078125e-07,1.1920929e-07,1.1920929e-07,0.0,9.12,-8.96,-16.39,-1.53,280.88,169.68,0.840308029492567,0.9947706
2008-01-21,112.20684620173712,532.1122937279239,0.13665739317831815,1.1920928955078125e-07,1.1920929e-07,1.1920929e-07,0.0,9.120006,-18.89,-23.52,-14.26,220.81,90.43,0.7462732607893064,0.8679861
2008-01-22,112.23433783271545,531.2614864567873,0.14714164072326494,1.1920928955078125e-07,1.1920929e-07,1.1920929e-07,0.0,9.216002,-18.095,-22.62,-13.57,217.37,101.09,0.6741409412258071,0.81922287
2008-01-23,112.62844293654922,530.4262922442813,0.24870777652250106,1.1920928955078125e-07,0.86,1.1920929e-07,0.86,9.216002,-11.435,-17.68,-5.19,270.3,156.45,0.6101177563494453,0.83872813
2008-01-24,113.08090158358507,529.596298823048,0.26625325078931894,1.1920928955078125e-07,1.1920929e-07,1.1920929e-07,0.0,9.253603,-10.575,-16.32,-4.83,260.79,168.96,0.5525180719260164,0.8094702
2008-01-25,113.05307406964558,528.8504965524032,0.17887474637363915,1.1920928955078125e-07,1.1920929e-07,1.1920929e-07,0.0,9.312,-15.745,-22.43,-9.06,285.89,112.12,0.5054147005015787,0.7607069
2008-01-26,113.18197397185544,528.1822351668785,0.1828955984432119,1.1920928955078125e-07,0.36,1.1920929e-07,0.36,9.312,-15.45,-20.75,-10.15,252.85,120.0,0.4666300874113958,0.7216963
2008-01-27,113.37708435624036,527.5284426166206,0.22630091631307603,1.1920928955078125e-07,0.01,1.1920929e-07,0.01,9.408,-12.855,-18.4,-7.31,264.26,142.69,0.43156714363486803,0.702191
2008-01-28,113.40799961332905,526.8783326997594,0.24278051764005393,1.1920928955078125e-07,0.59,1.1920929e-07,0.59,9.408,-11.93,-18.41,-5.45,289.37,147.0,0.3993145134397223,0.6826857
2008-01-29,113.48359274420888,526.2243808571557,0.2987673923556064,1.1920928955078125e-07,1.1920929e-07,1.1920929e-07,0.0,9.425714,-9.21,-16.99,-1.43,315.34,160.42,0.36930268507965824,0.6826857
2008-01-30,113.8976497218253,525.5318934216863,0.38088365142401404,1.1920928955078125e-07,0.84,1.1920929e-07,0.84,9.504,-6.025,-15.11,3.06,331.18,190.54,0.33997757999815814,0.78996485
2008-01-31,117.25008053242298,524.8012408428655,0.41021512584272274,1.1920928955078125e-07,6.159999,5.507469e-07,6.16,9.504,-4.985,-12.97,3.0,239.4,225.61,0.3115571742145184,1.1020498
2008-02-01,120.63334693112152,524.1788432006699,0.2574946484820369,1.1920928955078125e-07,1.1920929e-07,1.1920929e-07,0.0,9.5999975,-11.36,-15.68,-7.04,228.06,180.79,0.28922939470561004,0.91674936
2008-02-02,134.13404235613635,523.6038639893045,0.3367562952113796,1.1920928955078125e-07,26.5,1.1920929e-07,26.5,9.5999975,-7.785,-13.12,-2.45,208.32,223.54,0.27002723915000215,1.0532866
2008-02-03,147.37600894986434,522.9601041666502,0.42672667110834983,1.1920928955078125e-07,1.1920929e-07,1.1920929e-07,0.0,9.680673,-4.645,-6.87,-2.42,136.11,366.4,0.25003672131816806,1.0045233
2008-02-04,146.630185516902,522.2844683063229,0.4347638468879729,1.1920928955078125e-07,1.1920929e-07,1.1920929e-07,0.0,9.696,-4.39,-6.54,-2.24,135.93,376.87,0.23064604535735897,0.8777388
2008-02-05,150.77385206082573,521.6324647016031,0.42648053663536467,1.1920928955078125e-07,7.9499826,1.7058848e-05,7.95,9.713714,-4.665,-9.51,0.18,204.77,296.3,0.21336072277549253,0.8289755
2008-02-06,153.39911133573563,524.2755290295389,0.5455847386763829,1.1920928955078125e-07,1.1920929e-07,3.74,3.74,9.792003,-1.385,-3.93,1.16,120.24,456.05,0.2925898920454046,0.9069967
2008-02-07,159.31646744461648,528.7822920688105,0.4312730734543493,1.1920928955078125e-07,18.279991,9.26137e-06,18.28,9.792003,-4.81,-9.81,0.19,216.08,289.66,0.501312849106723,0.8777388
2008-02-08,169.80386232528195,527.9484690656207,0.2994191308312448,1.1920928955078125e-07,2.48,1.1920929e-07,2.48,9.888002,-9.86,-11.61,-8.11,108.78,252.41,0.4537774890807141,0.81922287
2008-02-09,171.0656277550118,527.2231613476839,0.29340594201391224,1.1920928955078125e-07,1.16,1.1920929e-07,1.16,9.888002,-10.11,-16.9,-3.32,360.56,160.0,0.4161096262785032,0.78996485
2008-02-10,175.3387648611854,526.5179333870931,0.31914630116167547,1.1920928955078125e-07,6.51,1.1920929e-07,6.51,9.984,-9.105,-15.37,-2.84,261.76,189.13,0.38248507054270525,0.78996485
2008-02-11,180.74156011045076,525.832970266784,0.30882249897637576,1.1920928955078125e-07,4.07,1.1920929e-07,4.07,9.984,-9.525,-17.67,-1.38,289.07,156.06,0.3524298840700464,0.7802122
2008-02-12,181.82073545492784,525.2577030050187,0.1775761805272554,1.1920928955078125e-07,1.1920929e-07,1.1920929e-07,0.0,10.08,-16.74,-19.0,-14.48,159.88,128.61,0.32902047717056,0.7704596
2008-02-13,186.91930150480738,524.7404202709863,0.23452405013576447,1.1920928955078125e-07,10.72,1.1920929e-07,10.72,10.08,-13.215,-17.87,-8.56,224.65,159.73,0.30930138400481,0.7607069
2008-02-14,203.40353140178385,524.1274024760553,0.392977184799746,1.1920928955078125e-07,21.88,1.1920929e-07,21.88,10.1760025,-6.495,-11.04,-1.95,226.09,262.54,0.2874572342570804,2.2040997
2008-02-15,216.18237335677404,523.4966805110702,0.30232443381991725,1.1920928955078125e-07,1.43,1.1920929e-07,1.43,10.1760025,-10.0,-14.6,-5.4,310.39,198.46,0.2665913034036187,1.5019085
2008-02-16,217.36506670667302,522.9249554249113,0.32112809148625865,1.1920928955078125e-07,0.84,1.1920929e-07,0.84,10.271997,-9.31,-18.68,0.06,436.84,140.35,0.248988894689774,1.1313077
2008-02-17,217.52453605639613,522.4411691850568,0.18519670930247767,1.1920928955078125e-07,1.1920929e-07,1.1920929e-07,0.0,10.271997,-16.385,-22.04,-10.73,360.6,118.75,0.23500494352283477,0.98501796
2008-02-18,222.81375849468918,521.9776268515017,0.3206344942332993,1.1920928955078125e-07,9.75,1.1920929e-07,9.75,10.368,-9.43,-19.26,0.4,337.21,120.4,0.22234350441489253,1.5311666
2008-02-19,226.07248925085415,524.806400517215,0.7019702665918237,2.6127570268876354,1.1920929e-07,3.88,3.88,10.368,1.415,-4.13,6.96,267.98,444.77,0.3117492981004308,7.5583057
2008-02-20,226.31295032486648,525.3696094643648,0.4074386415954877,1.1920928955078125e-07,0.25,1.1920929e-07,0.25,10.464,-6.415,-14.37,1.54,434.25,203.49,0.3334491346668709,3.4914498
2008-02-21,226.39881109306737,524.7407438990759,0.23413597534228983,1.1920928955078125e-07,1.1920929e-07,1.1920929e-07,0.0,10.464,-13.715,-19.96,-7.47,399.03,120.0,0.30931334380466924,1.4726505
2008-02-22,226.37754391834534,524.2422512243605,0.18116356023121144,1.1920928955078125e-07,1.1920929e-07,1.1920929e-07,0.0,10.56,-17.045,-23.24,-10.85,400.64,87.95,0.29142887564800146,1.2288343
2008-02-23,226.52649239361998,523.7543671022592,0.19818563539135342,1.1920928955078125e-07,4.6,1.1920929e-07,4.6,10.56,-15.915,-22.34,-9.49,308.45,108.25,0.2749267311051722,1.150813
2008-02-24,226.8211680933891,523.2323238006875,0.28290791875437654,1.1920928955078125e-07,1.1920929e-07,1.1920929e-07,0.0,10.655997,-11.47,-19.13,-3.81,449.92,127.24,0.2583026636386813,0.97526526
2008-02-25,227.07471811838383,522.6615874504239,0.36476995809930296,1.1920928955078125e-07,1.1920929e-07,1.1920929e-07,0.0,10.655997,-8.09,-16.07,-0.11,458.12,167.58,0.24127603543533033,0.9069967
2008-02-26,226.95194702147933,522.0288181742361,0.44020708011619597,1.1920928955078125e-07,1.1920929e-07,1.1920929e-07,0.0,10.752,-5.64,-13.58,2.3,459.64,208.01,0.22370757561598667,0.81922287
2008-02-27,236.2073855056389,521.3550882440462,0.5069450864453081,1.1920928955078125e-07,17.206371,0.8136285,18.02,10.752,-3.665,-6.15,-1.18,149.82,386.94,0.20640575610313916,0.8094702
2008-02-28,246.9027992512035,520.7618738332859,0.37095684529166234,1.1920928955078125e-07,2.99,1.1920929e-07,2.99,10.848,-8.055,-15.35,-0.76,362.98,187.54,0.1922829397410418,0.7607069
2008-02-29,247.66832544997519,520.3322941252499,0.14497281028914824,1.1920928955078125e-07,1.1920929e-07,1.1920929e-07,0.0,10.848005,-20.005,-29.03,-10.98,505.32,43.81,0.1826629527944264,0.7119437
2008-03-01,249.41849221648542,520.0117841986006,0.1623110696002544,1.1920928955078125e-07,3.71,1.1920929e-07,3.71,10.9439945,-18.735,-28.23,-9.24,383.98,60.45,0.17580032357673647,0.7216963
2008-03-02,256.16234123430803,519.5409553481255,0.4255647662511125,1.1920928955078125e-07,9.03,1.1920929e-07,9.03,11.04,-6.4,-10.32,-2.48,235.68,280.0,0.16618393238864637,0.7607069
2008-03-03,260.85341182102286,519.0386812230072,0.2842421390421959,1.1920928955078125e-07,1.1920929e-07,1.1920929e-07,0.0,11.04,-11.765,-18.16,-5.37,448.01,158.96,0.15650446857069156,0.74120164
2008-03-04,260.30245279925094,518.4092452659615,0.5089787156274516,1.1920928955078125e-07,1.1920929e-07,1.1920929e-07,0.0,11.136003,-4.02,-13.39,5.35,518.39,215.66,0.1451664333336367,0.78996485
2008-03-05,260.3695639533025,522.2737594090071,0.6403175380281104,1.1920928955078125e-07,1.1920929e-07,8.71,8.71,11.136003,-0.88,-8.39,6.63,354.77,320.0,0.2303511279518607,0.97526526
2008-03-06,265.27087514805385,524.4052132874152,0.41740922598714925,1.1920928955078125e-07,6.17,1.1920929e-07,6.17,11.232,-7.025,-11.34,-2.71,250.26,256.62,0.29715870030895714,0.89724404
2008-03-07,268.3832054271575,523.3169246052773,0.5048144603107686,1.1920928955078125e-07,1.1920929e-07,1.1920929e-07,0.0,11.232,-4.385,-11.98,3.21,486.21,246.45,0.26092680711930877,0.8777388
2008-03-08,268.47818062225326,524.8558718787724,0.5998300835348407,1.1920928955078125e-07,3.376484e-05,7.7599664,7.76,11.327997,-2.125,-9.65,5.4,359.36,293.98,0.3135974213129635,3.0525804
2008-03-09,268.4775627359237,543.8622596467442,0.6639803285562347,1.1920928955078125e-07,1.1920929e-07,32.53,32.53,11.327997,-1.185,-5.98,3.61,267.81,390.62,3.0379937987410583,9.460073
2008-03-10,275.70488791687944,547.4337968609809,0.3637435210042166,1.1920928955078125e-07,1.1920929e-07,1.1920929e-07,0.0,11.424,-9.675,-14.25,-5.1,357.69,204.84,4.654884012340945,4.437457
2008-03-11,275.69013202334764,543.4754795290163,0.28574969632471575,1.1920928955078125e-07,1.1920929e-07,1.1920929e-07,0.0,11.424,-12.735,-17.59,-7.88,376.66,159.66,2.90079750636341,2.2918735
2008-03-12,275.48393963661783,540.6305724842026,0.38613572690844905,1.1920928955078125e-07,1.1920929e-07,1.1920929e-07,0.0,11.52,-8.825,-17.42,-0.23,537.08,157.37,2.064901013383973,1.9797885
2008-03-13,275.30369873032254,538.3477943944134,0.44332006639674304,1.1920928955078125e-07,1.1920929e-07,1.1920929e-07,0.0,11.616,-7.02,-15.67,1.63,535.13,180.18,1.5719876599808518,1.6872089
2008-03-14,275.92890587617285,536.5476714004324,0.3854017146158076,1.1920928955078125e-07,1.26,1.1920929e-07,1.26,11.616,-8.86,-16.31,-1.41,494.56,174.33,1.2677782985251558,1.5116612
2008-03-15,276.39019392927884,536.0235504328882,0.6801520716407018,1.1920928955078125e-07,1.1920929e-07,1.79,1.79,11.711997,-1.11,-5.92,3.7,369.85,393.94,1.1908235714786803,1.4238874
2008-03-16,276.380643595883,536.1477748356464,0.6108551399253582,1.1920928955078125e-07,0.0015690654,2.0984309,2.1,11.711997,-2.64,-5.57,0.29,237.18,407.23,1.2086296663401406,1.3556187
2008-03-17,276.40593116058403,535.610869831671,0.5709362221447899,1.1920928955078125e-07,1.1920929e-07,1.1920929e-07,0.0,11.808002,-3.69,-9.85,2.47,461.34,290.11,1.13353259732365,1.3068554
2008-03-18,276.4147372028385,534.3361218927179,0.4163165485494607,1.1920928955078125e-07,1.1920929e-07,1.1920929e-07,0.0,11.808002,-7.99,-15.41,-0.57,521.36,185.28,0.9733951055780711,1.3166082
2008-03-19,276.5706269358356,532.821196902998,0.5186456409616602,1.1920928955078125e-07,1.1920929e-07,1.1920929e-07,0.0,11.904,-5.065,-15.45,5.32,594.06,186.03,0.8122352949045625,1.2580922
2008-03-20,283.2694662002067,535.5321708322147,0.6006563701476146,1.1920928955078125e-07,1.321816,19.638184,20.96,11.904,-3.09,-4.77,-1.41,117.45,431.99,1.1229241828867507,1.3263608
2008-03-21,288.93721604641513,539.384265536322,0.5143229562894012,1.1920928955078125e-07,2.46,1.1920929e-07,2.46,11.999997,-5.46,-11.63,0.71,423.94,253.89,1.7792220180163874,1.3751241
2008-03-22,289.81990443784326,537.3849333283076,0.34347119525388603,1.1920928955078125e-07,1.1920929e-07,1.1920929e-07,0.0,12.096,-10.94,-13.09,-8.79,203.55,225.18,1.4011597162108,1.2775975
2008-03-23,289.82005633671514,535.7320836322444,0.3944592460934952,1.1920928955078125e-07,1.1920929e-07,1.1920929e-07,0.0,12.096,-9.07,-13.2,-4.94,373.15,222.11,1.1500682798716162,1.180071
2008-03-24,289.835045927549,534.3254070225801,0.3001744816870671,1.1920928955078125e-07,1.1920929e-07,1.1920929e-07,0.0,12.192,-12.72,-20.3,-5.14,566.35,124.62,0.9721497724168822,1.0825444
2008-03-25,289.9767551222103,533.0952464126374,0.33861541406009305,1.1920928955078125e-07,1.1920929e-07,1.1920929e-07,0.0,12.192,-11.125,-21.22,-1.03,628.89,116.62,0.8392703805028018,1.1020498
2008-03-26,290.3565133620875,531.9455680727914,0.391074007655744,1.1920928955078125e-07,1.0,1.1920929e-07,1.0,12.288,-9.3,-19.41,0.81,630.54,134.52,0.7315545640120882,1.1605657
2008-03-27,290.77533500600157,530.7539747145411,0.6586715852282744,1.1920928955078125e-07,1.1920929e-07,1.1920929e-07,0.0,12.288,-2.11,-9.16,4.94,546.01,305.91,0.6344781073138335,1.2190816
2008-03-28,290.84820117185666,530.7363654639047,0.7103429975025801,1.1920928955078125e-07,1.1920929e-07,2.81,2.81,12.384,-1.145,-7.09,4.8,388.12,359.16,0.6331446221760438,1.2580922
2008-03-29,293.6469028768782,531.0559205355072,0.5300347777139129,1.1920928955078125e-07,5.47,1.630187e-07,5.47,12.384,-5.265,-10.65,0.12,346.7,272.55,0.6577853247226638,1.1605657
2008-03-30,296.4773945087269,530.1419668358916,0.33945998138526223,1.1920928955078125e-07,1.1920929e-07,1.1920929e-07,0.0,12.48,-11.325,-15.16,-7.49,366.77,189.39,0.5897397806152297,1.1118025
2008-03-31,296.22328120577305,529.1533764446465,0.5820948876481032,1.1920928955078125e-07,1.1920929e-07,1.1920929e-07,0.0,12.576003,-4.13,-13.29,5.03,633.72,218.88,0.5240393219462007,1.150813
2008-04-01,297.5607953686948,528.1363255998112,0.6019470018660241,1.1920928955078125e-07,2.3969996,0.15300053,2.55,12.576003,-3.635,-8.07,0.8,354.86,331.7,0.4640775457958403,1.1313077
2008-04-02,296.43000658996664,530.2735176626851,0.9435304826430722,5.55661678314209,1.1920929e-07,1.78,1.78,12.672003,2.66,-5.95,11.27,544.37,393.51,0.5990821903720577,3.0720856
2008-04-03,295.00513298573924,531.1784580904653,0.5782981841388323,1.1920928955078125e-07,1.1920929e-07,1.1920929e-07,0.0,12.672003,-4.38,-6.95,-1.81,263.61,364.89,0.6674864890610811,2.4771738
2008-04-04,295.0064570518187,529.9199668782519,0.7569436693947647,1.1920928955078125e-07,1.1920929e-07,1.1920929e-07,0.0,12.767997,-0.65,-6.92,5.62,548.66,362.17,0.5743031021550941,2.106573
2008-04-05,295.0064185311059,536.7308748377844,0.765072344969825,1.1920928955078125e-07,1.1920929e-07,15.19,15.19,12.767997,-0.68,-5.17,3.81,323.79,417.63,1.2958343226720905,1.8432513
2008-04-06,293.4646464093283,541.7080802466759,0.9110744996551267,3.0738715644249908,1.1920929e-07,0.07,0.07,12.864003,1.61,-1.81,5.03,350.86,538.41,2.3486028365004112,1.8042408
2008-04-07,292.230625153689,539.9966552116252,0.8099261899760256,1.1920928955078125e-07,1.1920929e-07,1.1920929e-07,0.0,12.864003,-0.055,-4.27,4.16,430.45,447.66,1.914283132860993,1.9505305
2008-04-08,292.30883220800024,537.4676830100296,0.8401301897964389,0.2297537666047056,1.1920929e-07,1.1920929e-07,0.0,12.96,0.435,-5.4,6.27,543.07,412.63,1.4150813455937497,2.9648066
2008-04-09,290.3066827061764,537.2531592113743,0.9281921633334085,3.74776414063399,1.1920929e-07,1.1920929e-07,0.0,12.96,1.895,-4.18,7.97,551.69,441.34,1.3792724812636827,4.1936407
2008-04-10,283.5645053486,541.2732016535598,1.1030988989721568,9.28072452545166,1.1920929e-07,1.1920929e-07,0.0,13.056,4.235,-3.87,12.34,637.74,460.46,2.2296893015818546,7.041415
2008-04-11,276.56405930209087,544.0177333056488,0.9931516127478601,5.15464973449707,1.1920929e-07,1.1920929e-07,0.0,13.151992,2.49,-2.99,7.97,525.83,491.99,3.0949539380133633,7.5485535
2008-04-12,272.10405362881437,547.8585854566843,0.9605373332540841,3.74776414063399,1.1920929e-07,10.0,10.0,13.152,1.895,-2.6,6.39,347.02,506.36,4.897230429631303,9.567352
2008-04-13,269.1217750127798,549.8274692832724,0.9390834388219998,2.5891079180796623,1.1920929e-07,2.64,2.64,13.247997,1.405,-4.22,7.03,442.95,451.34,6.196024378848526,8.777388
2008-04-14,268.55855437674376,545.6681185233543,0.7567631032931492,1.1920928955078125e-07,1.1920929e-07,1.1920929e-07,0.0,13.247997,-1.6,-3.86,0.66,263.17,462.16,3.769557123670805,5.412722
2008-04-15,268.55855289591705,541.8987014499195,0.7795952633841737,1.1920928955078125e-07,1.1920929e-07,1.1920929e-07,0.0,13.344,-1.18,-6.32,3.96,524.48,378.67,2.4027060608271933,5.2956905
2008-04-16,268.64098559960854,538.9756245185624,0.8916760981930173,1.2349010744726598,1.1920929e-07,1.1920929e-07,0.0,13.344,0.835,-5.56,7.23,599.99,407.79,1.6944405800230526,7.6265745
2008-04-17,262.98726370660944,541.7216078374732,1.1621518160318676,10.072835922241211,1.1920929e-07,1.1920929e-07,0.0,13.44,4.57,-3.9,13.04,673.62,454.65,2.3524018294926248,12.580922
2008-04-18,248.5662565421207,550.6566347596206,1.5026016387851848,18.75059700012207,1.1920929e-07,1.1920929e-07,0.0,13.44,8.24,-1.36,17.84,695.27,557.11,6.841279500247161,19.310253
2008-04-19,226.209935678816,559.4308338056209,1.793385571041581,24.449071884155273,1.1920929e-07,1.1920929e-07,0.0,13.536,10.65,-0.38,21.68,709.65,596.27,19.517223244342013,23.113787
2008-04-20,203.6932595482064,560.8450409641262,1.6071865987639908,20.287532806396484,1.1920929e-07,1.1920929e-07,0.0,13.536,8.89,0.03,17.75,672.61,602.36,23.109961697198173,20.187992
2008-04-21,184.7538234719242,557.3206157524767,1.529616938072075,18.443208694458008,1.1920929e-07,1.1920929e-07,0.0,13.632,8.11,1.54,14.68,579.32,683.13,15.167772967372848,20.187992
2008-04-22,163.84162016675387,559.2956505956462,1.7576907454645487,23.444156646728516,1.1920929e-07,1.1920929e-07,0.0,13.632,10.225,0.93,19.52,676.54,648.05,19.204524803601235,21.943468
2008-04-23,138.99332159157936,560.9514191542162,1.912088473935732,26.222457885742188,1.1920929e-07,1.1920929e-07,0.0,13.728,11.4,0.96,21.84,698.41,648.57,23.40556010810725,22.333574
2008-04-24,110.43678716840788,563.2432247881885,2.1694729890380176,30.856903076171875,1.1920929e-07,4.63,4.63,13.728,13.36,2.26,24.46,524.51,723.77,30.77779975894589,20.773151
2008-04-25,87.80596052697113,559.3574438873497,1.3869504554486967,14.246200561523438,1.1920929e-07,1.1920929e-07,0.0,13.8239975,6.335,-1.53,14.2,644.44,548.07,19.34683516058676,12.093289
2008-04-26,71.95037716696868,557.1498103854752,1.5076319246469734,17.414648056030273,1.1920929e-07,1.1920929e-07,0.0,13.8239975,7.675,-1.06,16.41,672.15,567.47,14.861374289031845,9.0407095
2008-04-27,54.02831605994949,557.9187046144194,1.5370358795883807,17.816614151000977,1.1920929e-07,1.1920929e-07,0.0,13.92,7.845,0.66,15.03,609.89,642.74,16.291302168361366,7.782617
2008-04-28,38.231282892325645,557.568727661629,1.3699033415652557,13.666894912719727,1.1920929e-07,2.95,2.95,13.92,6.09,3.26,8.92,222.08,773.04,15.624135373475616,6.914631
2008-04-29,25.71642156740901,563.7148985320166,1.304189761115982,11.266913414001465,1.1920929e-07,32.54,32.54,14.016003,5.075,1.77,8.38,256.33,695.33,32.562073239894595,33.841705
2008-04-30,18.725713784529184,564.188089089886,1.0142542649560786,2.41172522470265,1.1920929e-07,27.89,27.89,14.016003,1.33,-3.51,6.17,367.58,472.85,34.45602970139034,15.701771
2008-05-01,18.13082217674534,554.4158794580892,0.9163419851696573,1.1920928955078125e-07,1.1920929e-07,1.1920929e-07,0.0,14.112002,0.01,-4.53,4.55,469.55,441.89,10.720108696388797,7.392511
2008-05-02,17.924453437206598,547.0322610735736,0.9610465109414115,1.3792798791052974,1.1920929e-07,1.1920929e-07,0.0,14.112002,0.895,-4.75,6.54,558.05,433.97,4.436839755333985,5.344454
2008-05-03,10.663399585539109,548.7117163480351,1.3336588457585417,10.663399585539109,1.1920929e-07,1.1920929e-07,0.0,14.208,5.615,-1.15,12.38,610.53,560.94,5.422733813099943,4.642263
2008-05-04,3.9063769184058286,550.3235726562664,1.170884272009355,3.9063769184058286,1.1920929e-07,4.85,4.85,14.208,3.615,2.0,5.23,141.06,706.62,6.574386248903775,5.3151956
2008-05-05,1.427217073654223,550.4835704374638,1.1189238932480812,1.4272161696618595,1.1920929e-07,5.42,5.42,14.2862835,2.855,1.27,4.44,140.39,665.98,6.70127241040784,5.5687647
2008-05-06,0.5204100625996957,546.9251635253067,1.5878483600933373,0.5175665574344511,1.1920929e-07,1.1920929e-07,0.0,14.304,8.235,-0.79,17.26,702.14,579.39,4.380428585186572,5.2176695
2008-05-07,0.1948533501289105,542.1292233679454,1.7890776020949095,0.17055253549010924,1.1920929e-07,1.1920929e-07,0.0,14.31933,10.22,0.42,20.02,711.6,629.38,2.4698017726883403,4.856821
2008-05-08,0.08452133858443943,539.0115518311568,1.7944951123700505,0.0591279232501554,1.1920929e-07,1.0,1.0,14.399997,10.27,4.32,16.22,552.98,834.72,1.7017296305581735,4.573994
2008-05-09,0.0423472100529496,536.2497115654934,1.8462239124827677,0.025591003162826757,1.1920929e-07,1.1920929e-07,0.0,14.399997,10.8,2.1,19.5,678.4,712.3,1.2234397922262532,4.330178
2008-05-10,0.022729805532175996,533.4472128140434,1.7390505891372299,0.012650980639408319,1.1920929e-07,1.1920929e-07,0.0,14.495997,9.835,3.02,16.65,603.92,759.05,0.8753161303307858,3.286644
2008-05-11,0.01155932072904613,531.1541122981766,1.4283783176977287,0.006113333647180603,1.1920929e-07,1.1920929e-07,0.0,14.495997,6.85,0.03,13.67,609.02,610.69,0.6655477366388788,2.779506
2008-05-12,0.006288021233308204,529.1268254057344,1.5188368697755485,0.003242826087327935,1.1920929e-07,1.1920929e-07,0.0,14.574286,7.77,-0.01,15.55,649.81,611.96,0.522379566232708,2.4284105
2008-05-13,0.002294559983525685,527.198119292219,1.4917372866518623,0.0011604419280823422,1.1920929e-07,1.1920929e-07,0.0,14.592003,7.53,0.58,14.48,609.33,636.1,0.4148664988683506,2.1455836
2008-05-14,-3.0832495755439907e-05,525.2258611707861,1.7379095816850099,1.1920928955078125e-07,1.1920929e-07,1.1920929e-07,0.0,14.592003,9.965,1.63,18.3,657.45,689.47,0.32777113155813076,2.018799
2008-05-15,-0.00023031149339912594,523.1354921406219,1.9791733949851353,1.1920928955078125e-07,1.1920929e-07,1.1920929e-07,0.0,14.688,11.985,3.05,20.92,671.6,720.33,0.2553315182874895,1.9310253
2008-05-16,-0.00010359461859472214,521.1877852257733,1.595339677695472,1.1920928955078125e-07,1.1920929e-07,0.03,0.03,14.688,8.645,2.05,15.24,569.79,711.58,0.20232087240795865,1.9017673
2008-05-17,-2.272431586482622e-05,519.2830938695356,1.8710994397085297,1.1920928955078125e-07,1.1920929e-07,1.1920929e-07,0.0,14.746397,11.145,4.69,17.6,560.79,855.17,0.1611420804698648,1.6677036
2008-05-18,-4.154317511635302e-06,517.3586707196231,1.9141231078953567,1.1920928955078125e-07,1.1920929e-07,1.1920929e-07,0.0,14.784002,11.525,4.53,18.52,594.55,836.64,0.12804227713816363,1.5214138
2008-05-19,-2.178469273753981e-06,516.7561998091222,1.7651591078439481,1.1920928955078125e-07,1.1920929e-07,1.12,1.12,14.784002,10.26,4.09,16.43,545.97,820.95,0.1191494471014854,1.43364
2008-05-20,-9.964441834162025e-07,518.4526911061246,1.3585163872883683,1.1920928955078125e-07,1.1920929e-07,5.84,5.84,14.879986,6.055,2.08,10.03,309.44,710.92,0.14592192470481735,1.3653713
2008-05-21,-5.601601036906049e-07,522.2178364406411,1.604861661373386,1.1920928955078125e-07,1.1920929e-07,3.89,3.89,14.879992,8.505,3.57,13.44,361.08,792.25,0.22881715420229992,1.4628979
2008-05-22,-2.7526013246031036e-07,525.0375330935584,1.7067020757049138,1.1920928955078125e-07,1.1920929e-07,4.07,4.07,14.879992,9.38,2.99,15.77,439.46,759.76,0.32047829736988814,1.2971028
2008-05-23,-1.3346749136756518e-07,525.1963670256913,1.4529414592266456,1.1920928955078125e-07,1.1920929e-07,0.19,0.19,14.975994,6.785,3.53,10.04,353.58,790.5,0.3266181324383749,1.1703184
2008-05-24,-7.967264833020064e-08,526.3304202841961,1.6347634022059825,1.1920928955078125e-07,1.1920929e-07,4.25,4.25,14.976003,8.57,4.39,12.75,333.06,831.14,0.3740112797048153,1.2385869
2008-05-25,-4.778696909128267e-08,526.4853917143465,1.6029002932676304,1.1920928955078125e-07,1.1920929e-07,1.1920929e-07,0.0,14.976003,8.26,1.38,15.14,641.04,665.64,0.3810008521566256,1.0532866
2008-05-26,-2.8568612066066417e-08,524.2704291930254,1.9442366360860919,1.1920928955078125e-07,1.1920929e-07,1.1920929e-07,0.0,15.034397,11.295,3.12,19.47,686.6,713.89,0.29241166618884157,0.91674936
2008-05-27,-1.667640528135492e-08,523.0039529918598,2.2894667041493,1.1920928955078125e-07,1.1920929e-07,1.58,1.58,15.072,13.92,7.67,20.17,592.59,1020.04,0.2513500920193531,0.91674936
2008-05-28,-9.824336468635625e-09,521.5236904343469,1.8539408650270863,1.1920928955078125e-07,1.1920929e-07,1.1920929e-07,0.0,15.072,10.585,0.2,20.97,735.9,542.41,0.2106058022897801,0.81922287
2008-05-29,-5.491465724121638e-09,519.8320542618904,1.5114054814407756,1.1920928955078125e-07,1.1920929e-07,1.1920929e-07,0.0,15.072,7.45,1.73,13.17,558.43,692.96,0.17206547573532097,0.7119437
2008-05-30,-3.100536822029102e-09,518.0577757277949,1.7654849356848699,1.1920928955078125e-07,1.1920929e-07,1.1920929e-07,0.0,15.167992,9.82,1.08,18.56,690.2,596.52,0.13919670425233086,0.63392246
2008-05-31,-1.8678826127034796e-09,518.0236863955693,1.9818518440675188,1.1920928955078125e-07,1.1920929e-07,4.85,4.85,15.168,11.65,4.8,18.5,449.12,862.02,0.13863092011636655,1.2775975
2008-06-01,-1.1252475000828569e-09,530.419304653689,1.8128002153270328,1.1920928955078125e-07,1.1920929e-07,21.62,21.62,15.168,9.865,7.42,12.31,195.01,1033.61,0.6096086045496395,2.7600007
2008-06-02,-6.79152978367901e-10,538.6775637243044,2.4306734353401747,1.1920928955078125e-07,1.1920929e-07,2.55,2.55,15.168,14.31,9.11,19.51,451.2,1168.42,1.6351605227882908,1.5214138
2008-06-03,-4.1043786823220854e-10,535.8534357185835,2.1141224224116444,1.1920928955078125e-07,1.1920929e-07,1.08,1.08,15.2263975,12.08,7.58,16.58,438.07,1046.12,1.1668644595894153,1.1605657
2008-06-04,-2.478118545574539e-10,539.7706134468154,2.2383655845716355,1.1920928955078125e-07,1.1920929e-07,11.66,11.66,15.264003,12.84,7.79,17.89,355.66,1063.99,1.8632759884490497,2.779506
2008-06-05,-1.497248225518514e-10,544.7068663252962,1.7405335884543722,1.1920928955078125e-07,1.1920929e-07,7.25,7.25,15.264003,8.715,8.0,9.43,80.2,1080.36,3.360565163289922,2.525937
2008-06-06,-8.555500617928589e-11,545.4278649698077,2.211735308964201,1.1920928955078125e-07,1.1920929e-07,2.25,2.25,15.264003,12.48,9.08,15.88,322.69,1166.4,3.662890316773817,1.8237461
2008-06-07,-3.899476478609058e-11,544.3284603014067,1.9664899328495686,1.1920928955078125e-07,1.1920929e-07,3.02,3.02,15.264003,10.64,10.01,11.27,82.47,1240.76,3.21201356871956,2.194347
2008-06-08,-1.6341967649369606e-11,540.5176961905389,3.4926220678361815,1.1920928955078125e-07,1.1920929e-07,1.1920929e-07,0.0,15.27933,20.18,11.96,28.4,647.12,1169.73,2.037240246469784,1.3848767
2008-06-09,-9.761311654698644e-12,535.8696268454245,4.036039760341333,1.1920928955078125e-07,1.1920929e-07,2.39,2.39,15.342286,22.755,16.07,29.44,463.63,1742.7,1.169123921711204,1.3263608
2008-06-10,-5.852193507967676e-12,537.3976959891612,3.4179240174288292,1.1920928955078125e-07,1.1920929e-07,9.94,9.94,15.359997,19.82,16.46,23.18,251.72,1867.63,1.403297912022297,2.3894
2008-06-11,-3.4935870525051385e-12,553.3572433281162,4.27040993487503,1.1920928955078125e-07,1.1920929e-07,36.02,36.02,15.359997,23.16,15.07,31.25,455.81,1663.48,9.446437758362162,12.873502
2008-06-12,-2.1166071633249743e-12,555.7591779199798,2.7912380655221325,1.1920928955078125e-07,1.1920929e-07,3.89,3.89,15.359997,15.86,9.44,22.28,490.47,1177.99,12.586385621235157,3.4426866
2008-06-13,-1.2811936310324184e-12,547.2989683755635,2.148449489261343,1.1920928955078125e-07,1.1920929e-07,1.1920929e-07,0.0,15.359997,11.86,5.23,18.49,598.17,882.92,4.5804991387300475,1.8920146
2008-06-14,-7.457508072584003e-13,543.6774018929418,2.884768020637721,1.1920928955078125e-07,1.1920929e-07,1.1920929e-07,0.0,15.359997,16.77,8.48,25.06,644.42,1033.32,2.9716309803766836,1.3263608
2008-06-15,-4.0537772169697243e-13,545.5943946750037,3.071827068403326,1.1920928955078125e-07,1.1920929e-07,12.48,12.48,15.359997,17.76,10.97,24.55,433.86,1317.59,3.7364992846796086,7.9094014
2008-06-16,-2.3982367530898905e-13,549.2798190594775,2.163662502581771,1.1920928955078125e-07,1.1920929e-07,9.92,9.92,15.359997,11.915,10.91,12.92,96.09,1312.63,5.803584705171929,5.666291
2008-06-17,-1.4304436225244347e-13,549.9437788779222,2.265833285685875,1.1920928955078125e-07,1.1920929e-07,7.37,7.37,15.359997,12.635,10.95,14.32,148.05,1315.61,6.282727986197707,11.21555
2008-06-18,-8.499070173717838e-14,552.4081607653693,2.532714073317503,1.1920928955078125e-07,1.1920929e-07,21.33,21.33,15.359997,14.365,9.52,19.21,372.0,1201.28,8.43376556164022,13.166081
2008-06-19,-5.081433649610815e-14,555.9810422987973,2.473467417142306,1.1920928955078125e-07,1.1920929e-07,10.5,10.5,15.359997,13.875,9.12,18.63,365.4,1169.26,12.92448539873708,8.5823345
2008-06-20,-3.0101515240154785e-14,554.0645291088932,2.4309883584109686,1.1920928955078125e-07,1.1920929e-07,9.25,9.25,15.359997,13.65,8.58,18.72,379.97,1126.24,10.279408367976721,10.337812
2008-06-21,-1.7852839843252572e-14,551.5383362126612,2.432624611142131,1.1920928955078125e-07,1.1920929e-07,9.05,9.05,15.359997,13.735,9.39,18.08,340.02,1190.81,7.6012946402054515,8.484808
2008-06-22,-1.0656273692983145e-14,549.3232494404742,2.562934946371253,1.1920928955078125e-07,1.1920929e-07,3.7,3.7,15.359997,14.65,9.38,19.92,397.28,1190.04,5.833777593942985,5.2469273
2008-06-23,-6.302600397932741e-15,549.1963189766554,2.6986714775662564,1.1920928955078125e-07,1.1920929e-07,9.84,9.84,15.359997,15.5,10.39,20.61,367.32,1270.97,5.745973610500559,6.085655
2008-06-24,-3.759850103183424e-15,547.304146095047,2.8961604059854826,1.1920928955078125e-07,1.1920929e-07,2.63,2.63,15.359997,16.725,10.79,22.66,472.48,1303.09,4.583333616827572,3.5889761
2008-06-25,-2.2415399915715645e-15,542.1956132672965,2.5655041992816194,1.1920928955078125e-07,1.1920929e-07,1.1920929e-07,0.0,15.359997,14.88,8.18,21.58,568.27,1094.48,2.4894704487771064,2.418658
2008-06-26,-1.3220684133308367e-15,536.9970727066794,2.833080447681384,1.1920928955078125e-07,1.1920929e-07,1.1920929e-07,0.0,15.359997,16.675,10.93,22.42,513.64,1314.48,1.3377104117068623,1.8432513
2008-06-27,-7.966438431301453e-16,538.8216592990259,3.267385300343338,1.1920928955078125e-07,1.1920929e-07,11.66,11.66,15.359997,19.01,12.73,25.29,400.0,1467.7,1.663555550734532,2.5942056
2008-06-28,-4.819873009308988e-16,539.6161105007856,3.242361723954007,1.1920928955078125e-07,1.1920929e-07,1.61,1.61,15.359997,18.855,14.19,23.52,437.18,1620.48,1.8291960271966217,2.194347
2008-06-29,-2.9143557231612586e-16,539.7100546457417,2.4136787101376336,1.1920928955078125e-07,1.1920929e-07,8.11,8.11,15.359997,13.96,12.29,15.63,142.49,1426.22,1.8498430293922727,4.44721
2008-06-30,-1.7595670550990143e-16,547.366197918785,3.118769469288899,1.1920928955078125e-07,1.1920929e-07,17.99,17.99,15.359997,17.96,12.69,23.23,368.72,1466.57,4.617439896447203,8.016681
2008-07-01,-1.0623915232394571e-16,547.3156840616757,3.089800545427033,1.1920928955078125e-07,1.1920929e-07,0.39,0.39,15.359989,17.805,11.5,24.11,528.69,1359.82,4.589656243954663,3.3354073
2008-07-02,-6.423397988066907e-17,542.0255168720312,3.01802272508799,1.1920928955078125e-07,1.1920929e-07,2.67,2.67,15.322397,17.615,11.48,23.75,448.21,1360.58,2.4393881826105828,2.2821207
2008-07-03,-3.8720302829700124e-17,543.5760704312999,3.1017337459259138,1.1920928955078125e-07,1.1920929e-07,10.23,10.23,15.264003,18.09,10.8,25.38,414.67,1304.07,2.9358707500767474,2.4771738
2008-07-04,-2.334872653462844e-17,543.28494420768,2.73131385209186,1.1920928955078125e-07,1.1920929e-07,1.51,1.51,15.264003,15.98,7.39,24.57,569.8,1032.92,2.8355075426245406,2.1163256
2008-07-05,-1.4066944707618518e-17,539.0821021095112,2.4834190145243698,1.1920928955078125e-07,1.1920929e-07,1.1920929e-07,0.0,15.264003,14.545,7.52,21.57,541.03,1041.63,1.7161344691964062,1.4921559
2008-07-06,-8.328732908833635e-18,535.0508335043497,2.8777340072525397,1.1920928955078125e-07,1.1920929e-07,1.1920929e-07,0.0,15.264003,17.1,10.19,24.01,519.63,1255.47,1.0601675965651964,1.1995763
2008-07-07,-4.120017004360637e-18,531.137689627955,3.243443691057786,1.1920928955078125e-07,1.1920929e-07,1.1920929e-07,0.0,15.263997,19.235,12.89,25.58,477.33,1481.15,0.66424311547083,1.0142759
2008-07-08,-1.6383513540310273e-18,527.2130678894994,3.5448933138258494,1.1920928955078125e-07,1.1920929e-07,1.1920929e-07,0.0,15.183328,20.97,14.39,27.55,478.59,1642.09,0.4156081234895608,0.8777388
2008-07-09,-9.219256336797998e-19,522.7703205536471,3.8537692864003503,1.1920928955078125e-07,1.1920929e-07,1.1920929e-07,0.0,15.168,22.58,16.08,29.08,466.18,1825.05,0.24443094903900994,1.3556187
2008-07-10,-5.582298966926163e-19,529.6137195050992,4.059205409947935,1.1920928955078125e-07,1.1920929e-07,21.36,21.36,15.168,23.26,17.09,29.43,330.16,1934.46,0.5536692728524225,3.062333
2008-07-11,-3.379407380259101e-19,535.787250544364,2.7256733663434227,1.1920928955078125e-07,1.1920929e-07,1.1920929e-07,0.0,15.168,16.28,9.51,23.05,494.17,1201.03,1.1576736752454724,1.2678449
2008-07-12,-2.0338909833321914e-19,532.6228956790775,2.341328424486244,1.1920928955078125e-07,1.1920929e-07,1.1920929e-07,0.0,15.130397,13.925,8.74,19.11,422.2,1139.49,0.7932175039824602,0.9460073
2008-07-13,-1.221417643226366e-19,529.1538361492611,2.858618912446966,1.1920928955078125e-07,1.1920929e-07,1.1920929e-07,0.0,15.072,17.385,11.08,23.69,468.82,1326.35,0.5240681053472503,0.97526526
2008-07-14,-7.379154320603326e-20,531.2659249377194,3.172384593865509,1.1920928955078125e-07,1.1920929e-07,10.35,10.35,15.072,19.07,15.31,22.83,238.94,1741.61,0.6744985331174359,3.6962554
2008-07-15,-4.460994656941638e-20,532.8651321878033,2.722246126831561,1.1920928955078125e-07,1.1920929e-07,0.92,0.92,15.071992,16.455,10.32,22.59,454.99,1265.35,0.8165101668956153,1.8432513
2008-07-16,-2.687795820237549e-20,529.8407560863951,2.727905206759049,1.1920928955078125e-07,1.1920929e-07,1.1920929e-07,0.0,14.976003,16.69,9.99,23.39,475.85,1239.14,0.5688935724122627,1.0922971
2008-07-17,-1.6011449711088117e-20,526.2117990236474,3.124035087427074,1.1920928955078125e-07,1.1920929e-07,1.1920929e-07,0.0,14.976003,19.08,11.9,26.26,477.72,1391.71,0.3687479476674606,0.83872813
2008-07-18,-9.234070365507891e-21,522.7730911533188,3.1432290547301776,1.1920928955078125e-07,1.1920929e-07,1.1920929e-07,0.0,14.976003,19.295,12.26,26.33,467.49,1423.37,0.24451187526703957,0.8679861
2008-07-19,-5.571902185731268e-21,530.4876834379122,2.763466106802041,1.1920928955078125e-07,1.1920929e-07,22.3,22.3,14.895322,16.975,13.65,20.3,202.06,1563.76,0.614609354653032,2.3503892
2008-07-20,-3.3694658065058898e-21,537.0610934920927,3.34023544880117,1.1920928955078125e-07,1.1920929e-07,1.1920929e-07,0.0,14.879992,19.98,13.9,26.06,425.85,1590.67,1.3479818811935316,1.5896825
2008-07-21,-2.0407038659881837e-21,553.4520229467676,3.0123905927077064,1.1920928955078125e-07,1.1920929e-07,42.33,42.33,14.879992,17.725,14.56,20.89,191.96,1658.74,9.554017817173133,18.237461
2008-07-22,-1.2368423706346982e-21,557.091734500391,3.2071053026973924,1.1920928955078125e-07,1.1920929e-07,6.4,6.4,14.799328,18.76,13.4,24.12,294.37,1539.57,14.758611380925819,8.221486
2008-07-23,-7.490722004395902e-22,548.6866948072857,3.329405559013417,1.1920928955078125e-07,1.1920929e-07,4.85,4.85,14.784002,19.67,15.06,24.28,260.49,1713.88,5.40654664883851,5.9978814
2008-07-24,-4.535285919977718e-22,553.4770718066529,3.076249536080028,1.1920928955078125e-07,1.1920929e-07,24.85,24.85,14.784002,18.185,14.56,21.81,217.32,1659.27,9.582653760222453,29.453012
2008-07-25,-2.748394886332746e-22,561.7278316717099,3.110143182904,1.1920928955078125e-07,1.1920929e-07,30.01,30.01,14.688,18.23,14.88,21.58,204.49,1692.49,25.680648028974154,21.455835
2008-07-26,-1.665111210727508e-22,554.060954368873,2.9981803691180478,1.1920928955078125e-07,1.1920929e-07,1.1920929e-07,0.0,14.688,17.845,11.32,24.37,451.65,1345.39,10.275018946503225,6.3977404
2008-07-27,-1.0082274316764053e-22,548.3030432681219,3.2725001128839755,1.1920928955078125e-07,1.1920929e-07,7.63,7.63,14.670286,19.52,12.74,26.3,338.71,1470.95,5.164316165186529,4.0083404
2008-07-28,-6.088963710722545e-23,544.0297870708689,3.0816431978108887,1.1920928955078125e-07,1.1920929e-07,0.27,0.27,14.592003,18.725,12.71,24.74,416.75,1469.51,3.099414372085824,2.779506
2008-07-29,-3.654791203703102e-23,540.2015652081874,2.991781499896358,1.1920928955078125e-07,1.1920929e-07,2.85,2.85,14.592003,18.345,12.78,23.91,312.62,1473.9,1.9617274119075145,2.3406367
2008-07-30,-2.1903908659852107e-23,538.8977856017428,2.7974877170564376,1.1920928955078125e-07,1.1920929e-07,4.14,4.14,14.495997,17.37,12.62,22.12,306.75,1455.53,1.6787552861387818,1.9212726
2008-07-31,-1.302597958655578e-23,540.4673920773661,3.0404211631905165,1.1920928955078125e-07,1.1920929e-07,9.0,9.0,14.495997,18.72,13.32,24.12,289.93,1529.67,2.0250326901557725,3.150107
2008-08-01,-7.842616497992957e-24,550.0124837190112,2.816890741591747,1.1920928955078125e-07,1.1920929e-07,21.3,21.3,14.478289,17.165,14.94,19.39,138.53,1698.78,6.334513317244127,5.451733
2008-08-02,-4.724371103650447e-24,557.4495460533132,3.267712021512637,1.1920928955078125e-07,1.1920929e-07,16.21,16.21,14.399997,19.53,14.99,24.07,259.09,1704.09,15.403231025028706,5.2469273
2008-08-03,-2.8436127135986542e-24,552.948201983236,3.0991916541487425,1.1920928955078125e-07,1.1920929e-07,6.97,6.97,14.399997,18.77,14.21,23.33,265.43,1622.81,8.99587670317869,7.0706735
2008-08-04,-1.7133688379206553e-24,551.898050618266,2.689559370076303,1.1920928955078125e-07,1.1920929e-07,14.51,14.51,14.304,16.54,14.24,18.84,149.63,1626.16,7.935104221688696,10.727918
2008-08-05,-1.0326556050209089e-24,550.4281786678379,2.7692598349040005,1.1920928955078125e-07,1.1920929e-07,4.29,4.29,14.304,17.07,12.7,21.44,267.36,1467.87,6.657069216763177,6.973147
2008-08-06,-6.2016959328666035e-25,544.5075090201248,2.7056138868675346,1.1920928955078125e-07,1.1920929e-07,1.1920929e-07,0.0,14.208,16.975,12.39,21.56,371.64,1440.53,3.281466343951983,8.728624
2008-08-07,-3.7573979660102786e-25,555.5473627480105,2.07934644333899,1.1920928955078125e-07,1.1920929e-07,38.7,38.7,14.208,12.345,10.67,14.02,121.38,1293.62,12.271855866343301,21.845942
2008-08-08,-2.2771162631997564e-25,560.3986831813356,2.1088039064528283,1.1920928955078125e-07,1.1920929e-07,16.69,16.69,14.112002,12.54,10.86,14.22,124.39,1308.95,21.9097971067934,15.214138
2008-08-09,-1.3771695680674925e-25,555.2042239748029,2.102301443960996,1.1920928955078125e-07,1.1920929e-07,10.46,10.46,14.112002,12.64,10.79,14.49,138.65,1303.52,11.778914339190507,8.982193
2008-08-10,-8.290201937780256e-26,550.3320364643046,2.4323023614866286,1.1920928955078125e-07,1.1920929e-07,2.06,2.06,14.031333,15.245,9.75,20.74,431.43,1219.84,6.581037878686122,7.129189
2008-08-11,-4.791454298306426e-26,546.9456806791115,2.628330071912611,1.1920928955078125e-07,1.1920929e-07,9.61,9.61,14.016003,16.645,10.63,22.66,339.66,1290.68,4.391179701810525,10.435339
2008-08-12,-2.796188151020897e-26,544.3650689138614,2.373596918307911,1.1920928955078125e-07,1.1920929e-07,1.35,1.35,13.978397,15.085,10.88,19.29,353.72,1310.11,3.226093424718172,5.4419804
2008-08-13,-1.6710629623402292e-26,544.1643006323675,2.279111569494844,1.1920928955078125e-07,1.1920929e-07,6.88,6.88,13.92,14.495,10.03,18.96,289.83,1242.73,3.1496287040590807,4.661768
2008-08-14,-1.0023216581597794e-26,541.9823446132128,2.4340129026212507,1.1920928955078125e-07,1.1920929e-07,1.1920929e-07,0.0,13.902287,15.66,9.86,21.46,448.34,1228.45,2.4268378990514266,3.0525804
2008-08-15,-6.019898640782216e-27,537.5794509209254,2.436572948860936,1.1920928955078125e-07,1.1920929e-07,1.1920929e-07,0.0,13.8239975,15.905,9.41,22.4,469.31,1192.51,1.4341047809884917,2.3894
2008-08-16,-3.6078829559861666e-27,533.9561148371447,2.5991430044141457,1.1920928955078125e-07,1.1920929e-07,1.1920929e-07,0.0,13.806286,17.11,10.59,23.63,465.16,1286.99,0.9301888579926755,1.9992938
2008-08-17,-2.173379891916058e-27,535.5482520592128,2.466550829282595,1.1920928955078125e-07,1.1920929e-07,9.82,9.82,13.728,16.285,10.47,22.1,332.04,1277.87,1.1250837879781668,1.7262195
2008-08-18,-1.3095002879753614e-27,535.974061820876,2.4460392254231285,1.1920928955078125e-07,1.1920929e-07,1.1920929e-07,0.0,13.710286,16.155,10.04,22.27,449.25,1243.46,1.1838032528342806,1.4628979
2008-08-19,-7.914365277179512e-28,538.5229136746495,2.7821344609068053,1.1920928955078125e-07,1.1920929e-07,10.97,10.97,13.632,18.32,11.25,25.39,348.56,1339.9,1.6052246590981218,1.6969616
2008-08-20,-4.784196425837063e-28,540.8341050314002,1.7504257180888019,1.1920928955078125e-07,1.1920929e-07,2.63,2.63,13.614286,10.71,6.01,15.41,353.95,936.87,2.1157300356467315,1.3751241
2008-08-21,-2.859312044754885e-28,538.3240997189495,1.8529647330252388,1.1920928955078125e-07,1.1920929e-07,1.1920929e-07,0.0,13.536,11.78,6.77,16.79,409.84,986.88,1.5675436733517312,1.1410604
2008-08-22,-1.7032434322851358e-28,534.8747842195036,2.409842304030943,1.1920928955078125e-07,1.1920929e-07,1.1920929e-07,0.0,13.498397,16.2,8.98,23.42,469.23,1158.23,1.0381009282718352,0.97526526
2008-08-23,-9.518359441671147e-29,531.4248647600236,2.74969231231638,1.1920928955078125e-07,1.1920929e-07,1.1920929e-07,0.0,13.44,18.585,10.41,26.76,474.82,1273.19,0.6874295083969578,0.8679861
2008-08-24,-5.295842167963222e-29,528.0541303115795,2.8364151167296785,1.1920928955078125e-07,1.1920929e-07,1.1920929e-07,0.0,13.35933,19.32,11.65,26.99,457.93,1372.28,0.4595423695607772,0.78996485
2008-08-25,-1.2237768994616462e-30,525.081100721295,2.5637200168900023,1.1920928955078125e-07,1.1920929e-07,2.72,2.72,13.344,17.73,11.22,24.24,353.81,1339.47,0.32215085388758186,0.7607069
2008-08-26,6.295892797949137e-29,522.4977159646479,2.078894810162881,1.1920928955078125e-07,1.1920929e-07,1.1920929e-07,0.0,13.247997,14.465,6.8,22.13,468.81,987.96,0.236598033147387,0.702191
2008-08-27,1.2343960177922903e-28,520.1753225390391,1.7458210763553004,1.1920928955078125e-07,1.1920929e-07,1.1920929e-07,0.0,13.247997,11.72,6.29,17.15,401.82,947.02,0.17926910147622196,0.62416977
2008-08-28,1.6406815332175355e-28,517.9852669418692,2.191366720649967,1.1920928955078125e-07,1.1920929e-07,1.1920929e-07,0.0,13.152,15.59,7.15,24.03,473.36,1013.14,0.13799602446913783,0.56565386
2008-08-29,1.6869449142906697e-28,515.7988956705389,2.2931522457673386,1.1920928955078125e-07,1.1920929e-07,1.1920929e-07,0.0,13.152,16.41,9.29,23.53,440.03,1183.13,0.10627200702956169,0.5266433
2008-08-30,1.2124849588544796e-28,513.4941753879918,2.338304016693427,1.1920928955078125e-07,1.1920929e-07,0.05,0.05,13.056,16.93,10.79,23.07,405.09,1303.51,0.08069195332159466,0.5266433
2008-08-31,2.0112452394431477e-29,511.22706684308,2.2399552298723524,1.1920928955078125e-07,1.1920929e-07,1.1920929e-07,0.0,13.056,16.29,10.32,22.26,395.13,1265.89,0.061545059248758506,0.5168906
2008-09-01,-1.0591676047093857e-28,509.0660928199611,2.013215980962006,1.1920928955078125e-07,1.1920929e-07,1.1920929e-07,0.0,12.96,14.725,9.55,19.9,359.33,1203.86,0.04754045443857116,0.45837468
2008-09-02,-2.242597855525385e-28,506.94576721041096,2.255961169902181,1.1920928955078125e-07,1.1920929e-07,1.1920929e-07,0.0,12.96,16.67,10.55,22.79,392.39,1284.15,0.036901383745707575,0.40961143
2008-09-03,-3.0233726569224446e-28,504.80060390620525,2.039855749132521,1.1920928955078125e-07,1.1920929e-07,1.1920929e-07,0.0,12.864003,15.2,9.24,21.16,382.69,1179.15,0.028558354630453822,0.3901061
2008-09-04,-3.075698437319328e-28,502.5651167991199,2.2319564560685436,1.1920928955078125e-07,1.1920929e-07,1.1920929e-07,0.0,12.864003,16.76,9.7,23.82,411.87,1215.6,0.021864368541618776,0.37060082
2008-09-05,-2.15463078119e-28,500.175873550726,2.459332366984787,1.1920928955078125e-07,1.1920929e-07,1.1920929e-07,0.0,12.767997,18.59,11.89,25.29,391.21,1391.5,0.01643472754544512,0.36084816
2008-09-06,-1.304674541788384e-28,497.3520717360765,2.455252799986267,1.1920928955078125e-07,1.1920929e-07,1.1920929e-07,0.0,12.672003,18.785,12.99,24.58,351.27,1494.62,0.011728418467032715,0.38035345
2008-09-07,-7.906869727082167e-29,516.9885718185234,2.6078326926395596,1.1920928955078125e-07,1.1920929e-07,43.6,43.6,12.672003,19.15,12.88,25.42,268.66,1484.96,0.12250377845835378,2.2723682
2008-09-08,-4.793200513225436e-29,536.1056006110637,1.8736041427907895,1.1920928955078125e-07,1.1920929e-07,1.1920929e-07,0.0,12.576003,13.205,9.41,17.0,252.04,1192.64,1.2025548370483234,1.0240285
2008-09-09,-2.899365071824676e-29,532.2153144794318,2.0986479480467586,1.1920928955078125e-07,1.1920929e-07,1.1920929e-07,0.0,12.576003,15.17,10.13,20.21,315.1,1250.08,0.7555156782117535,0.96551263
2008-09-10,-1.7456202833708187e-29,537.3503332452398,1.6941288743830867,1.1920928955078125e-07,1.1920929e-07,15.01,15.01,12.48,11.675,6.68,16.67,238.56,977.96,1.3953793565486516,1.5604244
2008-09-11,-1.0469252440136835e-29,540.49057128836,1.3046025080313812,1.1920928955078125e-07,1.1920929e-07,1.1920929e-07,0.0,12.48,7.49,1.44,13.54,366.79,675.18,2.0306485936602328,0.7704596
2008-09-12,-6.267785269264453e-30,536.6350859810094,1.5132178094849433,1.1920928955078125e-07,1.1920929e-07,1.1920929e-07,0.0,12.384,10.03,2.98,17.08,392.48,758.43,1.2810884965618068,0.61441714
2008-09-13,-3.770595154195933e-30,538.4119840362077,1.4626632626598686,1.1920928955078125e-07,1.1920929e-07,8.63,8.63,12.384,9.445,5.83,13.06,177.38,924.23,1.58408996087361,0.8289755
2008-09-14,-2.2799459536791426e-30,538.9876686344659,2.3540875453342363,1.1920928955078125e-07,1.1920929e-07,1.1920929e-07,0.0,12.288,17.245,12.46,22.03,288.11,1439.72,1.696880644071972,1.0142759
2008-09-15,-1.3795797778481004e-30,541.6971284013654,2.2122592600671847,1.1920928955078125e-07,1.1920929e-07,12.48,12.48,12.250398,16.18,12.66,19.7,167.65,1465.15,2.3455316922329366,1.3263608
2008-09-16,-8.352610617255053e-31,542.4583592296756,2.086394332685377,1.1920928955078125e-07,1.1920929e-07,1.1920929e-07,0.0,12.192,15.27,7.52,23.02,392.41,1042.47,2.5688603129118923,0.8094702
2008-09-17,-5.0427770163577285e-31,538.6305276066687,1.4858824659565573,1.1920928955078125e-07,1.1920929e-07,1.1920929e-07,0.0,12.096,10.055,3.59,16.52,365.46,792.23,1.625997061339708,0.61441714
2008-09-18,-2.653345942342108e-31,535.8846064835484,1.6283022492585966,1.1920928955078125e-07,1.1920929e-07,0.18,0.18,12.096,11.585,3.54,19.63,400.74,792.05,1.1712182174325565,0.5168906
2008-09-19,-7.326362704167711e-32,533.6847397982822,1.1207421152995933,1.1920928955078125e-07,1.1920929e-07,1.1920929e-07,0.0,11.999997,5.96,-0.83,12.75,373.08,575.73,0.9005127552771846,0.44862202
2008-09-20,2.897848172504847e-32,531.7728335270657,1.098128167216734,1.1920928955078125e-07,1.1920929e-07,1.1920929e-07,0.0,11.999997,5.705,-1.62,13.03,383.87,544.7,0.7166115019007744,0.42911673
2008-09-21,2.3703252318816092e-32,529.9517429038452,1.3807868829629644,1.1920928955078125e-07,1.1920929e-07,1.1920929e-07,0.0,11.904,9.41,1.25,17.57,393.85,666.17,0.5764876061776394,0.41936406
2008-09-22,2.165918903002509e-33,528.297014920702,1.413856904813988,1.1920928955078125e-07,1.1920929e-07,1.1920929e-07,0.0,11.904,9.83,1.76,17.9,388.15,692.42,0.47307336366058833,0.40961143
2008-09-23,-1.7427671219419261e-32,526.7250553891694,1.2445480422695165,1.1920928955078125e-07,1.1920929e-07,1.1920929e-07,0.0,11.808002,8.015,-0.27,16.3,392.11,601.35,0.3920683219299534,0.38035345
2008-09-24,-2.923150264568048e-32,525.123522161686,1.2572957422956175,1.1920928955078125e-07,1.1920929e-07,1.1920929e-07,0.0,11.792672,8.24,0.76,15.72,369.47,639.78,0.32378779553832693,0.36084816
2008-09-25,-2.739955997301231e-32,523.3800730906901,1.5962687460340104,1.1920928955078125e-07,1.1920929e-07,1.1920929e-07,0.0,11.711997,12.16,6.49,17.83,304.22,958.87,0.26290290500736413,0.3510955
2008-09-26,-1.668376956913874e-32,521.432194123845,1.7365737516733597,1.1920928955078125e-07,1.1920929e-07,1.1920929e-07,0.0,11.616,13.71,6.32,21.1,351.83,948.37,0.20831604361723605,0.3510955
2008-09-27,-1.0086658068386958e-32,533.5587998734583,1.3978349644516257,1.1920928955078125e-07,1.1920929e-07,25.96,25.96,11.616,9.88,6.91,12.85,133.18,997.37,0.8870641447475676,1.8139935
2008-09-28,-6.100561276752079e-33,553.0885301613952,2.0651329868073964,1.1920928955078125e-07,1.1920929e-07,23.93,23.93,11.52,15.715,12.64,18.79,133.97,1458.02,9.147974045514689,12.775975
2008-09-29,-3.692562021604118e-33,559.4806567337725,2.027693801185781,1.1920928955078125e-07,1.1920929e-07,21.27,21.27,11.52,15.225,11.89,18.56,145.55,1392.12,19.633750624399536,8.426292
2008-09-30,-2.2338916793469064e-33,553.5556193232218,1.65606725832948,1.1920928955078125e-07,1.1920929e-07,1.1920929e-07,0.0,11.424,12.25,9.14,15.36,187.3,1171.06,9.673007295716237,2.8575273
2008-10-01,-1.3491111586635157e-33,545.3306238041547,1.626883587054557,1.1920928955078125e-07,1.1920929e-07,0.76,0.76,11.424,12.205,8.38,16.03,213.15,1110.56,3.6205805040621484,2.194347
2008-10-02,-8.124502911551274e-34,549.3585304943248,1.441509346454858,1.1920928955078125e-07,1.1920929e-07,18.21,18.21,11.327997,10.3,6.51,14.09,167.98,972.9,5.858420647640592,5.168906
2008-10-03,-4.862924208921053e-34,550.865780407267,1.036206005839193,1.1920928955078125e-07,1.1920929e-07,3.64,3.64,11.327997,5.165,1.01,9.32,223.13,650.83,7.014385070093234,2.5454423
2008-10-04,-2.892976306924806e-34,547.2907842215184,1.0718725278776908,1.1920928955078125e-07,1.1920929e-07,2.92,2.92,11.232,5.905,3.5,8.31,146.29,798.52,4.57602240020497,1.9407779
2008-10-05,-1.712157324409929e-34,543.7429657039378,0.8696910505880949,1.1920928955078125e-07,1.1920929e-07,1.1920929e-07,0.0,11.136003,2.995,-0.91,6.9,239.37,572.7,2.9950004376535384,1.4921559
2008-10-06,-9.625710906145283e-35,540.3970600003381,0.9507040051516608,1.1920928955078125e-07,1.1920929e-07,1.1920929e-07,0.0,11.136003,4.415,-1.57,10.4,321.93,546.11,2.0080873814001996,1.2678449
2008-10-07,-5.219432897402961e-35,537.7546743536209,0.8795267058619854,1.1920928955078125e-07,1.1920929e-07,1.1920929e-07,0.0,11.04,3.455,-0.86,7.77,255.18,574.32,1.4644447050040688,1.1118025
2008-10-08,-2.1908820971962935e-35,535.5676245375287,1.1309941514852868,1.1920928955078125e-07,1.1920929e-07,1.1920929e-07,0.0,11.04,7.32,1.51,13.13,304.65,680.81,1.1276909030184312,0.98501796
2008-10-09,1.380560408549102e-35,533.659119320012,1.2930922992687528,1.1920928955078125e-07,1.1920929e-07,2.0,2.0,10.9439945,9.59,2.49,16.69,330.71,732.46,0.8977604284155317,0.97526526
2008-10-10,4.5336081705610535e-35,531.9603327216271,1.4642734650333111,1.1920928955078125e-07,1.1920929e-07,0.79,0.79,10.9439945,11.605,6.04,17.17,283.3,929.92,0.7328462007931715,0.9460073
2008-10-11,6.295234591590517e-35,530.4027880216781,1.2014055853578562,1.1920928955078125e-07,1.1920929e-07,1.1920929e-07,0.0,10.848,8.675,2.74,14.61,294.8,740.0,0.6084068062582557,0.8289755
2008-10-12,5.69241307438844e-35,528.9180084994698,1.105403196194017,1.1920928955078125e-07,1.1920929e-07,1.1920929e-07,0.0,10.848,7.43,0.4,14.46,321.63,626.47,0.5095079542912707,0.7704596
2008-10-13,3.335437566315682e-35,528.0597580871892,1.2190811507052501,1.1920928955078125e-07,1.1920929e-07,1.33,1.33,10.752,9.11,1.21,17.01,328.62,666.83,0.4598514672738381,0.7704596
2008-10-14,1.7245958880812855e-35,528.0280071561641,1.2108309207463321,1.1920928955078125e-07,1.1920929e-07,1.62,1.62,10.752,9.005,7.19,10.82,104.78,1017.01,0.4581103100501526,0.83872813
2008-10-15,9.763154752732708e-36,527.2316246537384,1.066998878315055,1.1920928955078125e-07,1.1920929e-07,1.1920929e-07,0.0,10.655997,7.21,1.5,12.92,275.51,678.47,0.4165305998626533,0.8094702
2008-10-16,5.7432201956587715e-36,525.5504781190535,1.0997804990729017,1.1920928955078125e-07,1.1920929e-07,1.1920929e-07,0.0,10.655997,7.725,0.93,14.52,300.95,653.48,0.34073332532502126,0.89724404
2008-10-17,3.46175983537344e-36,528.3658755450075,1.0057083813847625,1.1920928955078125e-07,1.1920929e-07,7.52,7.52,10.56,6.41,1.59,11.23,182.0,685.59,0.4769815445717485,1.2483395
2008-10-18,2.090615886852025e-36,530.4616980131088,0.7589569728639743,1.1920928955078125e-07,1.1920929e-07,1.1920929e-07,0.0,10.501603,2.215,-3.78,8.21,285.0,457.88,0.6127041465016267,0.91674936
2008-10-19,1.2609734215171544e-36,529.1528717493665,0.6919304798187019,1.1920928955078125e-07,1.1920929e-07,1.1920929e-07,0.0,10.464,0.95,-5.79,7.69,300.37,398.94,0.5240077233733533,0.78996485
2008-10-20,7.576733906610057e-37,527.951099325363,0.7042441359925388,1.1920928955078125e-07,1.1920929e-07,1.1920929e-07,0.0,10.385714,1.35,-5.73,8.43,301.87,400.15,0.4539201146104065,0.74120164
2008-10-21,4.476267491544397e-37,526.7648836620876,0.8347447698360153,1.1920928955078125e-07,1.1920929e-07,1.1920929e-07,0.0,10.368,3.92,-4.84,12.68,319.25,429.85,0.39393846312574987,0.7607069
2008-10-22,2.7029435284937155e-37,531.2210865606543,0.7513100861254726,1.1920928955078125e-07,1.1920929e-07,10.36,10.36,10.289714,2.345,-0.5,5.19,117.11,589.69,0.6708947756385376,1.2971028
2008-10-23,-6.618671935913365e-06,534.8611674381677,0.540936339613719,1.1920928955078125e-07,0.00011197448,0.819888,0.82,10.271997,-2.47,-6.92,1.98,251.56,362.5,1.0364134108863403,1.1605657
2008-10-24,3.0077838598046832e-05,533.6991091687272,0.6323431766177401,1.1920928955078125e-07,1.1920929e-07,1.1920929e-07,0.0,10.193711,-0.1,-6.59,6.39,310.65,369.7,0.9020601029606506,0.92650205
2008-10-25,1.905739221229531e-05,531.6445640395841,0.8856359403735521,9.52960406663974e-06,1.1920929e-07,1.1920929e-07,0.0,10.1760025,4.95,-3.51,13.41,307.35,476.29,0.705712895556083,0.8484808
2008-10-26,1.1548927389770347e-05,551.9354095167414,0.9762920641013718,5.774797139194437e-06,1.1920929e-07,45.8,45.8,10.097716,5.975,0.23,11.72,191.33,618.66,7.97060221074696,25.356897
2008-10-27,7.001347208896596e-06,556.6601843161824,0.9851874167613137,3.5007961516050967e-06,1.1920929e-07,1.06,1.06,10.08,6.01,0.81,11.21,236.6,643.73,14.016932197049089,6.661062
2008-10-28,4.239496025759741e-06,547.7147761441759,1.1112039742495483,2.119792946196245e-06,1.1920929e-07,1.42,1.42,10.021603,8.195,1.11,15.28,270.08,658.01,4.813804836268186,4.047351
2008-10-29,2.5668829752852524e-06,549.7869666783707,0.8325221692519706,1.2834579598631475e-06,1.1920929e-07,13.11,13.11,9.984,3.805,-1.81,9.42,177.83,538.62,6.1661132276151385,6.21244
2008-10-30,6.011628819903522e-06,549.190751412751,0.5631315269355364,1.1920928955078125e-07,2.3066998e-07,0.85999984,0.86,9.968672,-1.85,-3.56,-0.14,86.87,470.3,5.742152656213236,3.3256545
2008-10-31,0.06601668208296131,544.5943396898124,0.4859461221018176,1.1920928955078125e-07,1.1920929e-07,1.1920929e-07,0.0,9.888002,-3.695,-6.1,-1.29,119.78,385.85,3.3156866000306646,2.4284105
2008-11-01,0.05216899876041644,541.2901567497246,0.7169070358212569,0.03273827862347867,1.1920929e-07,1.1920929e-07,0.0,9.888002,1.965,-6.58,10.51,280.32,375.05,2.2342106920281597,2.1553364
2008-11-02,0.04286093982520542,538.7483715669048,0.558096999208266,1.1920928955078125e-07,1.1920929e-07,1.1920929e-07,0.0,9.792003,-1.45,-6.16,3.26,206.33,386.1,1.649052611656814,1.8139935
2008-11-03,0.0428602164351583,536.7521291933139,0.5302496028411322,1.1920928955078125e-07,1.1920929e-07,1.1920929e-07,0.0,9.792003,-2.125,-6.01,1.76,171.32,389.66,1.2991291784420227,1.5896825
2008-11-04,0.038384453210890616,534.996951633443,0.6865785983531308,0.02283106543646425,1.1920929e-07,1.1920929e-07,0.0,9.696,1.79,-3.31,6.89,208.69,478.06,1.053364487098216,1.5311666
2008-11-05,0.021705633704365585,533.1406967519855,1.1412393580536278,0.012026050543769233,1.1920929e-07,1.1920929e-07,0.0,9.696,9.545,3.55,15.54,220.53,800.0,0.8438402750598397,1.4433926
2008-11-06,0.01250721566339439,530.7408678613001,1.1675491940020901,0.0066441749353048415,1.1920929e-07,1.1920929e-07,0.0,9.5999975,10.13,3.24,17.02,233.03,773.55,0.6334853056024123,1.3653713
2008-11-07,0.0073692948110198,535.6463026717432,1.0754283903131832,0.0038203522622919325,1.1920929e-07,13.41,13.41,9.5999975,8.7,3.23,14.17,150.9,771.38,1.1383415114814524,3.2378807
2008-11-08,0.004394298647158033,540.9810221650184,1.2935490505973057,0.0022454162084398527,1.1920929e-07,3.33,3.33,9.521714,11.58,9.85,13.31,57.66,1227.75,2.1531960397989174,3.0428276
2008-11-09,0.002630340744384861,546.612482117714,1.1079578963436516,0.001332466106083997,1.1920929e-07,14.34,14.34,9.504,9.005,5.03,12.98,119.1,876.32,4.219801394433324,10.825444
2008-11-10,0.0015791479892274499,547.9799166286638,0.7643244933547251,0.0007958081359928783,1.1920929e-07,2.02,2.02,9.504,3.315,0.27,6.36,130.16,624.28,4.968739647564502,5.120143
2008-11-11,0.000949556231555736,545.7382978626525,0.6594394523764021,0.00047701774043101906,1.1920929e-07,3.0,3.0,9.408,1.35,-3.09,5.79,135.09,487.89,3.80129728078848,3.2086227
2008-11-12,0.0006822043237777158,543.1992516101592,0.5143030962492218,1.1920928955078125e-07,1.1920929e-07,1.1920929e-07,0.0,9.408,-2.16,-3.91,-0.41,81.78,453.72,2.8066246809404314,2.418658
2008-11-13,0.0006603046593091221,540.2481398817802,0.5049306754248326,1.1920928955078125e-07,1.1920929e-07,1.1920929e-07,0.0,9.329714,-2.225,-5.61,1.16,143.72,400.0,1.9726741525971248,2.0675623
2008-11-14,0.0006613011934893872,543.9622463723977,0.5570894888278272,1.1920928955078125e-07,1.1920929e-07,11.86,11.86,9.312,-0.895,-4.5,2.71,112.16,440.0,3.074503925359928,6.6415567
2008-11-15,0.0005373622113593564,548.6982768325872,0.8700365154610863,0.00026940299930806606,1.1920929e-07,8.39,8.39,9.312,5.545,3.31,7.78,73.44,777.73,5.414033383279397,7.2364683
2008-11-16,0.00032217985391883074,551.607369353108,1.2208085638135526,0.00016134942638062658,1.1920929e-07,12.81,12.81,9.216002,10.87,6.42,15.32,127.02,953.41,7.664248865959793,15.214138
2008-11-17,0.0001882562508708472,551.494767293096,0.7989415347013278,9.421672644923633e-05,1.1920929e-07,5.46,5.46,9.216002,4.34,-3.8,12.48,174.9,464.03,7.561828747963103,6.973147
2008-11-18,0.0001434909315689592,547.2187687088511,0.45143027620874293,1.1920928955078125e-07,1.1920929e-07,1.1920929e-07,0.0,9.200675,-3.785,-8.7,1.13,192.53,314.97,4.536818020239961,3.930319
2008-11-19,0.0001434719094494171,543.2336162249759,0.38658245084716597,1.1920928955078125e-07,1.1920929e-07,1.1920929e-07,0.0,9.12,-5.71,-10.36,-1.06,185.28,280.97,2.818171839615106,2.7990115
2008-11-20,0.0001434719094494171,540.4524587418622,0.2964475120524303,1.1920928955078125e-07,1.1920929e-07,1.1920929e-07,0.0,9.12,-9.23,-11.98,-6.48,125.78,245.78,2.0214228420640477,2.1260784
2008-11-21,0.0001434719094494171,538.3649811070986,0.29714003495568947,1.1920928955078125e-07,1.1920929e-07,1.1920929e-07,0.0,9.104672,-9.125,-11.51,-6.74,109.76,254.49,1.5752189457315007,1.7652302
2008-11-22,-0.0003966854825954814,536.6504918664897,0.29071689040830817,1.1920928955078125e-07,1.1920929e-07,1.1920929e-07,0.0,9.024,-9.255,-12.72,-5.79,150.86,231.42,1.2834487193300221,1.4824033
2008-11-23,0.30745895045615074,535.1964281767946,0.2646963083365842,1.1920928955078125e-07,0.72,1.1920929e-07,0.72,9.024,-10.46,-12.04,-8.88,75.07,244.34,1.078770908935537,1.2580922
2008-11-24,0.7599844150368261,533.9349795378578,0.265782647143651,1.1920928955078125e-07,1.1920929e-07,1.1920929e-07,0.0,9.024,-10.375,-13.46,-7.29,143.66,213.59,0.9278429079848757,1.2190816
2008-11-25,4.86878392347382,532.7671911904526,0.3560281373155718,1.1920928955078125e-07,10.85,1.1920929e-07,10.85,8.928008,-6.28,-11.84,-0.72,169.35,242.51,0.8070112293951409,4.915337
2008-11-26,13.051090167317577,565.5708845853483,0.6255969580793198,1.2107148153912988,1.1920929e-07,93.74,93.74,8.928,0.825,-2.56,4.21,121.34,506.7,40.64587924420094,25.942057
2008-11-27,12.698122329680201,559.9796432308085,0.5433551593052185,1.1920928955078125e-07,1.1920929e-07,1.1920929e-07,0.0,8.928,-1.065,-5.43,3.3,197.62,411.19,20.83986827002042,8.182476
2008-11-28,12.698124113201297,548.5577363424452,0.5185312594814097,1.1920928955078125e-07,1.1920929e-07,1.1920929e-07,0.0,8.869603,-1.345,-6.01,3.32,203.18,391.54,5.32388276385767,4.8275633
2008-11-29,12.69812412905596,543.8122713807453,0.4616315042263105,1.1920928955078125e-07,1.1920929e-07,1.1920929e-07,0.0,8.832,-2.81,-5.39,-0.23,130.43,411.36,3.0199034835608445,3.5499656
2008-11-30,12.68896131707842,540.8715970502797,0.37628928779265214,1.1920928955078125e-07,1.1920929e-07,1.1920929e-07,0.0,8.832,-5.58,-10.54,-0.62,207.75,276.77,2.1252286354037686,2.838022
2008-12-01,18.74738760913832,538.6440938148835,0.38271601952505574,1.1920928955078125e-07,12.1,3.606081e-07,12.1,8.832,-5.29,-10.98,0.4,165.15,265.21,1.6286347145212043,2.642969
2008-12-02,21.758058866715885,539.4969823513487,0.6105055639127105,2.435378217727475,1.1920929e-07,1.1920929e-07,0.0,8.816672,1.34,-2.41,5.09,172.92,520.0,1.8033451634568063,2.4381633
2008-12-03,21.23354154977442,537.8316382952983,0.4438006644688306,1.1920928955078125e-07,1.1920929e-07,1.1920929e-07,0.0,8.736006,-3.055,-9.11,3.0,222.38,307.18,1.477973092286348,2.165089
2008-12-04,21.2086954237573,536.08325065165,0.44078705309592303,1.1920928955078125e-07,1.1920929e-07,1.1920929e-07,0.0,8.735997,-3.105,-8.01,1.8,202.6,334.4,1.1993479080377922,1.9895412
2008-12-05,21.20603196289423,534.6157300127743,0.4557865033769761,1.1920928955078125e-07,6.671548e-05,0.13993329,0.14,8.735997,-2.595,-8.33,3.14,214.33,326.3,1.0064625634651962,1.7749828
2008-12-06,21.256383200103553,533.3604236197563,0.2489421525235637,1.1920928955078125e-07,1.1920929e-07,1.1920929e-07,0.0,8.735997,-10.795,-15.52,-6.07,200.56,182.2,0.8662865348859041,1.3653713
2008-12-07,21.224888210033917,532.2958151717424,0.2574855588962546,1.1920928955078125e-07,1.1920929e-07,1.1920929e-07,0.0,8.735997,-10.325,-15.9,-4.75,215.86,178.9,0.7628173237543094,1.3653713
2008-12-08,21.826754785113657,531.3370633946233,0.21727900192444125,1.1920928955078125e-07,1.29,1.1920929e-07,1.29,8.677603,-12.43,-21.71,-3.15,226.89,110.01,0.6802558460624442,1.0337812
2008-12-09,22.218331335399117,530.5195081097963,0.13585544957542953,1.1920928955078125e-07,1.1920929e-07,1.1920929e-07,0.0,8.640008,-18.265,-21.89,-14.64,163.47,108.35,0.6169507592880099,1.1410604
2008-12-10,24.522088024134664,529.6992478589684,0.3810572725313067,1.1920928955078125e-07,4.8299975,2.3031234e-06,4.83,8.64,-4.815,-14.1,4.47,174.33,202.34,0.5593560844450017,1.9602833
2008-12-11,25.310122636098686,534.8127248811147,0.5557841807168366,0.1408129757183474,1.1920929e-07,10.28,10.28,8.64,0.395,-7.84,8.63,169.5,336.84,1.030432169568293,2.8575273
2008-12-12,37.40456495233454,544.725836522225,0.38151663932231855,1.1920928955078125e-07,37.53,1.1184811e-06,37.53,8.64,-5.185,-8.96,-1.41,119.47,307.85,3.3681905849612748,7.7436066
2008-12-13,63.20908963192934,541.5910839801605,0.32905051629543375,1.1920928955078125e-07,12.44,1.1920929e-07,12.44,8.64,-7.13,-15.21,0.95,175.41,193.74,2.316001366866574,4.973853
2008-12-14,68.39787851690467,539.3388750568955,0.16564777465447827,1.1920928955078125e-07,1.1920929e-07,1.1920929e-07,0.0,8.64,-16.015,-19.53,-12.5,150.43,126.89,1.769599133683955,2.8477747
2008-12-15,67.97686047799515,537.5445728693416,0.2756822697655939,1.1920928955078125e-07,1.1920929e-07,1.1920929e-07,0.0,8.64,-9.405,-15.91,-2.9,217.3,174.19,1.4281410784937876,2.672227
2008-12-16,67.58528808580357,537.7363715429318,0.6477489525995435,5.308342933654785,1.1920929e-07,3.0,3.0,8.64,2.555,-4.76,9.87,163.73,439.96,1.4612457845434415,6.036892
2008-12-17,68.29226540985677,538.5823956905928,0.30829964991503755,1.1920928955078125e-07,4.47,1.1920929e-07,4.47,8.64,-7.935,-11.69,-4.18,116.2,252.02,1.6166732774211137,3.1988702
2008-12-18,73.52935765671047,536.835720740611,0.28403613493926333,1.1920928955078125e-07,6.0,1.1920929e-07,6.0,8.64,-8.99,-12.27,-5.71,104.83,240.49,1.3121690307428504,2.3796473
2008-12-19,76.80595977847362,535.334040376389,0.3132187485592692,1.1920928955078125e-07,0.25,1.1920929e-07,0.25,8.64,-7.64,-12.44,-2.84,187.77,240.0,1.0966542536555681,1.9505305
2008-12-20,78.7713269244465,534.0784228407589,0.1694874797753383,1.1920928955078125e-07,4.05,1.1920929e-07,4.05,8.64,-15.605,-18.79,-12.42,103.7,137.15,0.9438816027159992,1.6969616
2008-12-21,81.54321220290464,533.0487308404814,0.12884304331172294,1.1920928955078125e-07,1.3,1.1920929e-07,1.3,8.64,-18.97,-23.16,-14.78,162.05,84.6,0.8346190044581195,1.3556187
2008-12-22,94.5320179288216,532.119691834302,0.15099937620933318,1.1920928955078125e-07,24.41,1.1920929e-07,24.41,8.64,-17.0,-22.15,-11.85,149.14,105.04,0.7469331907539666,1.6481984
2008-12-23,106.79182230140854,531.2593370130661,0.15081605567605993,1.1920928955078125e-07,1.1920929e-07,1.1920929e-07,0.0,8.64,-16.995,-21.24,-12.75,172.11,119.93,0.6739678366852032,1.5799297
2008-12-24,107.10420400189916,530.4536059036874,0.1782386197535063,1.1920928955078125e-07,1.04,1.1920929e-07,1.04,8.64,-14.885,-20.57,-9.2,208.34,119.85,0.6121120532901456,1.5701771
2008-12-25,109.96866304425242,529.5445557058434,0.4224232843346092,1.1920928955078125e-07,2.2104018,1.8995985,4.11,8.64,-3.375,-10.45,3.7,168.8,277.93,0.5491128550864655,1.7652302
2008-12-26,111.92018154619961,528.7176804884742,0.2802657214297778,1.1920928955078125e-07,1.1920929e-07,1.1920929e-07,0.0,8.64,-8.965,-19.28,1.35,251.13,128.67,0.4974577866422754,1.6091877
2008-12-27,111.76304403767149,528.0067952661219,0.21448317037194548,1.1920928955078125e-07,1.1920929e-07,1.1920929e-07,0.0,8.64,-12.46,-19.04,-5.88,218.42,130.48,0.4569507675673865,1.5116612
2008-12-28,112.76666114129739,527.3110293702414,0.427895492817898,1.1920928955078125e-07,0.1890537,1.7909464,1.98,8.64,-3.135,-5.15,-1.12,83.86,418.76,0.4205010740928538,1.4726505
2008-12-29,110.39151951676158,529.6671514632754,0.6915324320570374,8.133935928344727,1.1920929e-07,1.1920929e-07,0.0,8.64,3.75,-2.92,10.42,213.31,493.76,0.5572151684701274,2.165089
2008-12-30,107.69058079842765,531.7491185303309,0.3706773799022854,1.1920928955078125e-07,1.12,1.1920929e-07,1.12,8.64,-5.25,-10.02,-0.48,179.88,286.01,0.7145839164648726,2.0285518
2008-12-31,108.10649598684596,531.0679126878276,0.5097636214273564,1.1920928955078125e-07,1.1920929e-07,0.56,0.56,8.64,-0.75,-6.47,4.97,196.6,389.88,0.6587284728874672,1.8237461
2009-01-01,108.07893649508755,530.4635225918888,0.14148998642355448,1.1920928955078125e-07,1.1920929e-07,1.1920929e-07,0.0,8.657714,-17.79,-24.38,-11.2,209.98,87.63,0.6128377285873495,1.6677036
2009-01-02,108.0505585509811,529.750690035505,0.11964098192920303,1.1920928955078125e-07,1.1920929e-07,1.1920929e-07,0.0,8.72067,-19.905,-23.35,-16.46,133.13,92.81,0.5628045862607058,1.5799297
2009-01-03,108.05086441061387,529.0427476672314,0.20135606155501315,1.1920928955078125e-07,0.01,1.1920929e-07,0.01,8.735997,-13.44,-19.73,-7.15,208.44,126.94,0.5171583084714136,1.5214138
2009-01-04,108.05665315012176,528.337072328671,0.2174220279161525,1.1920928955078125e-07,1.1920929e-07,1.1920929e-07,0.0,8.735997,-12.435,-16.74,-8.13,162.33,167.77,0.4753429068805486,1.4628979
2009-01-05,108.23466636798504,527.6756611670489,0.2179068741719337,1.1920928955078125e-07,0.28,1.1920929e-07,0.28,8.735997,-12.39,-16.06,-8.72,142.62,175.55,0.4392252859398582,1.404382
2009-01-06,108.38120608747286,526.9677466133347,0.35778136246449205,1.1920928955078125e-07,1.1920929e-07,1.1920929e-07,0.0,8.735997,-5.765,-9.78,-1.75,153.54,280.0,0.40360325116045137,1.3751241
2009-01-07,108.965315141251,526.2552997372992,0.29439658205493424,1.1920928955078125e-07,1.96,1.1920929e-07,1.96,8.7736025,-8.45,-12.46,-4.44,148.05,240.0,0.37066945709828875,1.3263608
2009-01-08,117.16842841909148,525.6096298304262,0.2837439845922463,1.1920928955078125e-07,13.77,1.1920929e-07,13.77,8.832,-9.015,-11.08,-6.95,64.55,266.73,0.34314992616143636,1.3458661
2009-01-09,124.68461765099377,525.0024867027951,0.2658494638913136,1.1920928955078125e-07,0.84,1.1920929e-07,0.84,8.832,-9.865,-16.63,-3.1,225.85,167.48,0.31913917449094875,1.3263608
2009-01-10,124.7692262362458,524.4793628465586,0.16939607413581254,1.1920928955078125e-07,1.1920929e-07,1.1920929e-07,0.0,8.832,-15.66,-18.76,-12.56,126.66,139.72,0.2998029937272313,1.2190816
2009-01-11,125.9305055160502,524.0182994384213,0.1720320824243793,1.1920928955078125e-07,2.09,1.1920929e-07,2.09,8.8320055,-15.455,-20.25,-10.66,182.67,120.0,0.2837344317128349,1.1995763
2009-01-12,127.5708280507859,523.5663360424682,0.18903227099691833,1.1920928955078125e-07,2.06,1.1920929e-07,2.06,8.928,-14.39,-21.15,-7.63,230.69,120.0,0.2688192123992341,1.1703184
2009-01-13,128.48245550435763,523.1171495720606,0.186797755220731,1.1920928955078125e-07,1.1920929e-07,1.1920929e-07,0.0,8.928,-14.53,-20.53,-8.53,219.42,120.0,0.25477256408777144,1.150813
2009-01-14,128.8609582136251,522.6811380712301,0.22935160854787123,1.1920928955078125e-07,1.03,1.1920929e-07,1.03,8.928,-11.885,-20.93,-2.84,264.42,120.0,0.24184028276050923,1.1020498
2009-01-15,128.98702059387853,522.3182434239662,0.09330946933536201,1.1920928955078125e-07,1.1920929e-07,1.1920929e-07,0.0,8.965603,-23.02,-28.53,-17.51,214.65,52.68,0.23157867001134866,1.0435338
2009-01-16,128.98859340331418,522.005670875698,0.0793014750180943,1.1920928955078125e-07,1.1920929e-07,1.1920929e-07,0.0,9.024,-24.975,-33.16,-16.79,263.1,40.0,0.22308974696368927,1.0240285
2009-01-17,128.97574138761155,521.710745572589,0.07956760195434559,1.1920928955078125e-07,1.1920929e-07,1.1920929e-07,0.0,9.024,-24.93,-32.59,-17.27,258.91,40.0,0.21536561065447982,0.98501796
2009-01-18,129.57295388068957,521.4097260709534,0.1060241160918636,1.1920928955078125e-07,1.5,1.1920929e-07,1.5,9.024009,-21.57,-29.22,-13.92,261.11,41.88,0.2077575826658159,0.96551263
2009-01-19,137.2914519317769,521.0630922844026,0.18797749709278755,1.1920928955078125e-07,13.51,1.1920929e-07,13.51,9.12,-14.67,-17.5,-11.84,98.42,157.53,0.19932902838561817,1.0435338
2009-01-20,144.28659361894788,520.636572930214,0.26381501473558416,1.1920928955078125e-07,1.1920929e-07,1.1920929e-07,0.0,9.12,-10.28,-16.15,-4.41,235.65,169.06,0.1894257728425147,0.9947706
2009-01-21,144.2762506119023,520.2197441648209,0.1952898967001173,1.1920928955078125e-07,1.1920929e-07,1.1920929e-07,0.0,9.120006,-14.165,-20.94,-7.39,258.4,120.0,0.18022308380684546,0.95576
2009-01-22,144.21340261673245,519.8471620135505,0.19298240244808415,1.1920928955078125e-07,1.1920929e-07,1.1920929e-07,0.0,9.216002,-14.44,-19.04,-9.84,201.31,121.09,0.17237634160180426,0.9069967
2009-01-23,144.18560093065977,519.4409017612863,0.2850140892471463,1.1920928955078125e-07,1.1920929e-07,1.1920929e-07,0.0,9.216002,-9.365,-14.77,-3.96,229.93,198.04,0.16420916519681977,0.83872813
2009-01-24,144.4612118067271,518.9932869022841,0.3288543731626384,1.1920928955078125e-07,0.89,1.1920929e-07,0.89,9.253603,-7.49,-12.43,-2.55,218.59,240.0,0.15565794605155767,0.7509543
2009-01-25,144.69158637522276,518.635981387764,0.15128722150729107,1.1920928955078125e-07,1.1920929e-07,1.1920929e-07,0.0,9.312,-17.585,-26.56,-8.61,299.45,80.0,0.14915273489992864,0.67293304
2009-01-26,144.74208746055922,518.3448541453081,0.13130657615349714,1.1920928955078125e-07,1.1920929e-07,1.1920929e-07,0.0,9.312,-19.31,-27.79,-10.83,298.16,74.24,0.14405390745453142,0.61441714
2009-01-27,144.74208746055922,518.0793764241939,0.12068600742477936,1.1920928955078125e-07,1.1920929e-07,1.1920929e-07,0.0,9.408,-20.445,-28.31,-12.58,294.11,59.06,0.13955640776881736,0.5559012
2009-01-28,144.6507043614929,517.8013387398696,0.16987443940198343,1.1920928955078125e-07,1.1920929e-07,1.1920929e-07,0.0,9.408,-16.255,-21.73,-10.78,245.15,120.0,0.13499659126042982,0.5754065
2009-01-29,154.187853899806,517.4585511150032,0.253331226123134,1.1920928955078125e-07,19.0,1.1920929e-07,19.0,9.425714,-11.165,-16.11,-6.22,174.59,163.73,0.1295794226717723,0.5851592
2009-01-30,163.8445821122888,517.0859046441024,0.22803014718323605,1.1920928955078125e-07,1.1920929e-07,1.1920929e-07,0.0,9.504,-12.63,-18.22,-7.04,255.81,160.0,0.12393670502989858,0.61441714
2009-01-31,163.95974938188698,516.7108679141461,0.2794383346007804,1.1920928955078125e-07,0.27,1.1920929e-07,0.27,9.504,-9.965,-16.86,-3.07,293.71,160.0,0.11850585934255328,0.6046645
2009-02-01,164.07394129124066,516.374383425013,0.18766170573293472,1.1920928955078125e-07,0.02,1.1920929e-07,0.02,9.5999975,-15.225,-24.02,-6.43,323.6,80.0,0.11383612997434953,0.5851592
2009-02-02,164.22197932075628,516.0635200661918,0.22528736554427825,1.1920928955078125e-07,0.31,1.1920929e-07,0.31,9.5999975,-12.89,-19.3,-6.48,286.46,120.18,0.10968566326827002,0.56565386
2009-02-03,164.57222402845528,515.6868532156643,0.36353542672857236,1.1920928955078125e-07,1.1920929e-07,1.1920929e-07,0.0,9.680673,-6.655,-14.72,1.41,316.86,200.0,0.10485886659813608,0.5559012
2009-02-04,164.90288563738244,515.2979828477835,0.23884077518006908,1.1920928955078125e-07,0.46,1.1920929e-07,0.46,9.696,-12.245,-15.25,-9.24,156.54,199.07,0.10009842162263023,0.54614854
2009-02-05,165.0798419170825,514.9940355309083,0.1578533569802262,1.1920928955078125e-07,1.1920929e-07,1.1920929e-07,0.0,9.713714,-17.495,-25.84,-9.15,327.24,76.96,0.09652856188034067,0.5363959
2009-02-06,165.14711427927932,514.7484085635849,0.12838560014584618,1.1920928955078125e-07,1.1920929e-07,1.1920929e-07,0.0,9.792003,-20.105,-25.22,-14.99,252.06,80.0,0.09373690336597361,0.5168906
2009-02-07,165.1605605889866,514.4900790308021,0.1892082019878865,1.1920928955078125e-07,1.1920929e-07,1.1920929e-07,0.0,9.792003,-15.325,-22.33,-8.32,306.16,119.79,0.09088793802406847,0.50713795
2009-02-08,165.15288994172286,514.1577428898423,0.3329732553795552,1.1920928955078125e-07,1.1920929e-07,1.1920929e-07,0.0,9.888002,-8.09,-20.38,4.2,367.28,122.4,0.08734977718623342,0.5266433
2009-02-09,165.15123566586138,513.7521860289344,0.3466949100816324,1.1920928955078125e-07,1.1920929e-07,1.1920929e-07,0.0,9.888002,-7.535,-20.01,4.94,369.08,127.84,0.08321814550573603,0.5363959
2009-02-10,165.15123566586138,513.4372795779252,0.20968056699273097,1.1920928955078125e-07,1.1920929e-07,1.1920929e-07,0.0,9.984,-14.245,-19.3,-9.19,243.15,133.4,0.08014528655654839,0.50713795
2009-02-11,165.18038115790338,513.0737401526313,0.31333889981317625,1.1920928955078125e-07,1.1920929e-07,1.1920929e-07,0.0,9.984,-9.005,-16.05,-1.96,307.45,176.71,0.07673870091130085,0.50713795
2009-02-12,163.1315668181752,517.0647183874055,0.7633704458659888,7.03443717956543,1.1920929e-07,5.99,5.99,10.08,3.285,-3.03,9.6,211.34,490.66,0.1236233821770387,0.73144895
2009-02-13,162.6538460169505,524.7919406932083,0.4625528849085995,1.1920928955078125e-07,9.425946,0.004053943,9.43,10.08,-4.135,-12.44,4.17,255.7,237.95,0.3112111759879542,1.4726505
2009-02-14,167.3540269081007,524.2830776351328,0.23508100449510044,1.1920928955078125e-07,1.1920929e-07,1.1920929e-07,0.0,10.1760025,-13.295,-15.9,-10.69,144.82,179.71,0.292853895344466,1.6774563
2009-02-15,167.31510432521756,523.7348096271228,0.31068256468369143,1.1920928955078125e-07,1.1920929e-07,1.1920929e-07,0.0,10.1760025,-9.645,-12.88,-6.41,181.56,230.15,0.2742850638285833,1.4726505
2009-02-16,167.31510432521756,523.1190386812093,0.3705416329800267,1.1920928955078125e-07,1.1920929e-07,1.1920929e-07,0.0,10.271997,-7.395,-11.88,-2.91,247.25,247.79,0.2548300744581424,1.1410604
2009-02-17,167.31510432521756,522.4919358875761,0.38146251840442974,1.1920928955078125e-07,1.1920929e-07,1.1920929e-07,0.0,10.271997,-6.985,-11.05,-2.92,231.55,271.24,0.23643469702139008,0.97526526
2009-02-18,167.19981775526898,521.943019383614,0.2700896486118216,1.1920928955078125e-07,1.1920929e-07,1.1920929e-07,0.0,10.368,-11.685,-18.39,-4.98,336.07,147.31,0.22142605071369237,0.8874914
2009-02-19,171.0134673065684,521.4498189910056,0.29936077159627766,1.1920928955078125e-07,7.35,1.1920929e-07,7.35,10.368,-10.325,-18.34,-2.31,278.32,147.16,0.20875517387105536,0.8484808
2009-02-20,177.83712400074577,520.885285116815,0.42592466492996395,1.1920928955078125e-07,5.63,1.1920929e-07,5.63,10.464,-5.69,-10.34,-1.04,199.57,280.21,0.19513914107296393,0.7802122
2009-02-21,181.3590508752147,520.3498533541293,0.2938044334725621,1.1920928955078125e-07,1.46,1.1920929e-07,1.46,10.464,-10.665,-12.57,-8.76,112.32,235.53,0.18304657081293238,0.7119437
2009-02-22,181.75705839236383,519.8709226862721,0.3184623727139925,1.1920928955078125e-07,1.1920929e-07,1.1920929e-07,0.0,10.56,-9.71,-13.76,-5.66,245.51,203.44,0.1728663916475459,0.6826857
2009-02-23,193.3753070679705,519.3204501392252,0.4338728464006138,1.1920928955078125e-07,22.68,1.1920929e-07,22.68,10.56,-5.52,-9.93,-1.11,204.45,280.22,0.1618629048274581,0.6826857
2009-02-24,207.12222417863842,518.7690537789678,0.34919975309656937,1.1920928955078125e-07,4.6,1.1920929e-07,4.6,10.655997,-8.575,-12.88,-4.27,211.96,230.21,0.15154309685238296,0.6631804
2009-02-25,209.0151304688148,518.3271479155862,0.2579768798079958,1.1920928955078125e-07,1.1920929e-07,1.1920929e-07,0.0,10.655997,-12.545,-19.02,-6.07,379.3,126.62,0.14374948317581165,0.63392246
2009-02-26,209.08055818353768,517.8929723178222,0.3339021656598969,1.1920928955078125e-07,1.1920929e-07,1.1920929e-07,0.0,10.752,-9.27,-17.12,-1.42,420.33,160.0,0.1364826789160325,0.62416977
2009-02-27,208.96870916558467,517.3798036299165,0.4321770714767914,1.1920928955078125e-07,1.1920929e-07,1.1920929e-07,0.0,10.752,-5.77,-10.95,-0.59,329.13,279.65,0.12836598148783385,0.62416977
2009-02-28,210.13490415932804,519.0803790230644,0.5751434655833949,1.1920928955078125e-07,5.155802e-06,6.9199953,6.92,10.848,-1.95,-10.07,6.17,320.97,280.0,0.1572861136467206,0.98501796
2009-03-01,212.11212083505217,520.072873666033,0.2504401494095859,1.1920928955078125e-07,1.1920929e-07,1.1920929e-07,0.0,10.848005,-13.2,-18.83,-7.57,360.42,136.07,0.17708815595172683,1.1703184
2009-03-02,212.54177182661067,519.6194176745378,0.310135540385613,1.1920928955078125e-07,1.38,1.1920929e-07,1.38,10.9439945,-10.525,-17.5,-3.55,410.23,157.08,0.1677491506079985,1.0337812
2009-03-03,216.0551773712631,519.1685554772109,0.2652299256577341,1.1920928955078125e-07,5.12,1.1920929e-07,5.12,11.04,-12.665,-15.95,-9.38,183.38,177.45,0.15895190321738745,0.89724404
2009-03-04,218.6856787929759,518.7692766080809,0.22458980575000523,1.1920928955078125e-07,1.1920929e-07,1.1920929e-07,0.0,11.04,-14.78,-20.19,-9.37,371.57,120.0,0.15154713146008905,0.7704596
2009-03-05,218.2448159161512,518.3962384784496,0.23483648459394027,1.1920928955078125e-07,1.1920929e-07,1.1920929e-07,0.0,11.136003,-14.315,-20.19,-8.44,396.66,120.0,0.14494101653037159,0.7216963
2009-03-06,220.97121199034524,517.9946483574997,0.3154279039067558,1.1920928955078125e-07,5.28,1.1920929e-07,5.28,11.136003,-10.49,-18.09,-2.89,346.41,153.26,0.13815078699595276,0.7119437
2009-03-07,225.15772562674792,518.6820371570576,0.6666590193603897,1.1920928955078125e-07,1.1920929e-07,5.78,5.78,11.232,-0.325,-6.01,5.36,301.85,391.6,0.14997573168158798,0.83872813
2009-03-08,220.4376364802015,532.3413374920578,0.8602444875702878,6.407841205596924,1.1920929e-07,13.9,13.9,11.232,3.02,-0.94,6.98,222.44,565.11,0.7669775213630967,1.4628979
2009-03-09,218.49921043729435,539.0422252546556,0.6473536923515376,1.1920928955078125e-07,1.1920929e-07,1.1920929e-07,0.0,11.327997,-1.42,-8.36,5.52,448.16,325.09,1.7079775626079146,1.6969616
2009-03-10,218.3053058556166,536.8636908573822,0.4676796902080177,1.1920928955078125e-07,1.1920929e-07,1.1920929e-07,0.0,11.327997,-5.91,-11.8,-0.02,423.4,251.6,1.316561385127179,1.180071
2009-03-11,219.88922547344364,535.2754791841286,0.5551892109665544,1.1920928955078125e-07,3.0685067,0.25149313,3.32,11.424,-3.61,-12.26,5.04,384.38,239.79,1.0890080011162486,1.1410604
2009-03-12,220.92287290248242,537.2800215721663,0.5801715541091929,1.1920928955078125e-07,0.24732192,5.762678,6.01,11.424,-3.045,-10.83,4.74,371.75,271.66,1.383706308871982,1.0922971
2009-03-13,223.33181561875833,536.2818357197683,0.26884273676432063,1.1920928955078125e-07,1.1920929e-07,1.1920929e-07,0.0,11.52,-13.455,-19.03,-7.88,430.2,133.89,1.2281445303253566,0.9069967
2009-03-14,223.29276978656037,534.8849051959393,0.295296510718915,1.1920928955078125e-07,1.1920929e-07,1.1920929e-07,0.0,11.616,-12.32,-21.06,-3.58,533.27,117.02,1.039356993068293,0.91674936
2009-03-15,223.29766489866583,533.5039530353167,0.45261049764529315,1.1920928955078125e-07,1.1920929e-07,1.1920929e-07,0.0,11.616,-6.615,-16.25,3.02,546.63,175.69,0.8812702329559945,0.92650205
2009-03-16,223.31196208038318,532.0274613347991,0.738424976550033,1.1920928955078125e-07,1.1920929e-07,1.1920929e-07,0.0,11.711997,0.18,-9.0,9.36,533.31,307.91,0.7387475420145352,1.0142759
2009-03-17,223.32084296921192,530.6314923794074,0.6574703769065083,1.1920928955078125e-07,1.1920929e-07,1.1920929e-07,0.0,11.711997,-1.45,-7.7,4.8,452.2,344.2,0.6252608078009492,1.1215551
2009-03-18,223.5230745362899,529.1437496817233,0.7343220702918971,1.1920928955078125e-07,1.1920929e-07,1.1920929e-07,0.0,11.808002,0.06,-8.59,8.71,526.74,318.31,0.5234369262506973,1.2971028
2009-03-19,221.85366296397154,529.611927296664,0.8187281159138737,3.1211628463132968,1.1920929e-07,0.19,0.19,11.808002,1.63,-5.52,8.78,481.23,406.66,0.5535507287684461,1.5311666
2009-03-20,220.86569729477435,529.3997537794365,0.6098045562022928,1.1920928955078125e-07,1.1920929e-07,1.1920929e-07,0.0,11.904,-2.715,-13.05,7.62,560.74,225.12,0.5396945657816313,1.6969616
2009-03-21,220.86569729582945,528.3667888654949,0.4533324434929861,1.1920928955078125e-07,1.1920929e-07,1.1920929e-07,0.0,11.904,-6.795,-15.06,1.47,529.46,191.15,0.47703359639108883,1.5409192
2009-03-22,220.86569729582945,527.4698975137851,0.5088379367185919,1.1920928955078125e-07,1.1920929e-07,1.1920929e-07,0.0,11.999997,-5.3,-14.62,4.02,550.78,199.0,0.4285589321596416,1.2483395
2009-03-23,220.86569729582945,526.6418567051445,0.4572873349916909,1.1920928955078125e-07,1.1920929e-07,1.1920929e-07,0.0,12.096,-6.85,-14.93,1.23,519.48,193.18,0.38819031205082744,1.1313077
2009-03-24,220.86569729582945,525.8627386188233,0.33037949838733666,1.1920928955078125e-07,1.1920929e-07,1.1920929e-07,0.0,12.096,-11.165,-15.2,-7.13,324.1,189.56,0.3536855887429661,1.0727918
2009-03-25,220.8656621696018,524.7802164507402,0.5655095721809767,1.1920928955078125e-07,1.1920929e-07,1.1920929e-07,0.0,12.192,-3.985,-10.05,2.08,441.69,284.12,0.3107755404738555,1.1118025
2009-03-26,220.86561407069732,523.4396835195657,0.6868265207884421,1.1920928955078125e-07,1.1920929e-07,1.1920929e-07,0.0,12.192,-1.205,-11.07,8.66,565.77,264.17,0.26478201647199473,1.2971028
2009-03-27,220.92632560043245,526.6368509516834,0.7703442867696675,1.1920928955078125e-07,1.1920929e-07,7.74,7.74,12.288,0.245,-6.98,7.47,367.23,363.0,0.3879582138748085,2.048057
2009-03-28,220.19913299643238,530.2096259789114,0.822025782932309,1.8435766455511526,1.1920929e-07,1.1920929e-07,0.0,12.288,1.09,-3.51,5.69,355.93,469.36,0.5945264222069706,3.0428276
2009-03-29,215.32364840863696,532.7840613688749,0.9709293640668847,7.199953079223633,1.1920929e-07,1.1920929e-07,0.0,12.384,3.355,-3.42,10.13,475.23,477.57,0.8086394920220877,3.6962554
2009-03-30,209.7833218263542,541.6621176762773,0.8920881624605626,3.665005982218986,1.1920929e-07,10.3,10.3,12.384,1.86,-2.4,6.12,253.77,516.28,2.3357408096624432,6.5342774
2009-03-31,207.70246640410238,544.7837235922042,0.8288356278558565,0.6241242921312704,1.1920929e-07,0.3,0.3,12.48,0.59,-1.59,2.77,188.2,545.55,3.3915664866745128,6.4562564
2009-04-01,206.94081683132325,541.7521829014579,0.842366097587533,1.1378932067966048,1.1920929e-07,1.1920929e-07,0.0,12.576003,0.795,-4.25,5.84,407.81,441.04,2.36101097039073,4.573994
2009-04-02,206.64547962674885,540.5931493165676,0.7798550814547173,1.1920928955078125e-07,1.1920929e-07,3.0,3.0,12.576003,-0.29,-4.42,3.84,258.84,444.94,2.055688955259462,5.705302
2009-04-03,200.26771854460725,545.0976517565537,1.2179899016702143,13.631426811218262,1.1920929e-07,1.1920929e-07,0.0,12.672003,6.075,-0.27,12.42,476.27,600.23,3.521191304209073,10.240286
2009-04-04,187.85713452233406,555.7199930296359,1.1391120442783669,10.545738220214844,1.1920929e-07,11.89,11.89,12.672003,4.77,1.3,8.24,221.34,670.04,12.52759732355355,20.090466
2009-04-05,180.323868024871,556.8177139114501,0.9805045027513307,4.930020809173584,1.1920929e-07,2.44,2.44,12.767997,2.395,-0.31,5.1,208.21,597.36,14.283247410141778,12.190816
2009-04-06,176.0953188914674,550.619247165709,0.9435940541960877,3.9842154989113965,1.1920929e-07,1.1920929e-07,0.0,12.767997,1.995,-0.71,4.7,247.42,581.77,6.810787728496587,9.255267
2009-04-07,171.282628047429,556.2771676856081,0.9926221335329853,5.131004333496094,1.1920929e-07,19.77,19.77,12.864003,2.48,-0.66,5.62,213.83,583.99,13.38994474776241,19.212727
2009-04-08,168.07800374394017,555.0264785131438,0.8848966471749017,1.2228129774087506,1.1920929e-07,1.49,1.49,12.864003,0.83,-3.75,5.41,398.05,465.28,11.531407098478274,9.694137
2009-04-09,167.9302430838626,547.6118621665571,0.7688984247857055,1.1920928955078125e-07,1.1920929e-07,1.1920929e-07,0.0,12.96,-1.11,-3.39,1.17,223.72,473.91,4.754976984197801,5.9393654
2009-04-10,166.7605075425576,544.1587542469096,0.9491255674411525,4.07879614360354,1.1920929e-07,1.1920929e-07,0.0,12.96,2.035,-4.13,8.2,513.21,441.2,3.147542230132513,5.529754
2009-04-11,161.62783372837816,544.9915122723099,0.9964026024532971,5.4620361328125,1.1920929e-07,1.1920929e-07,0.0,13.056,2.62,-2.84,8.08,479.14,494.69,3.476819893850441,5.5200014
2009-04-12,157.854626920671,544.2756993572696,0.9128121843868445,2.2106392745860433,1.1920929e-07,1.1920929e-07,0.0,13.151992,1.245,-6.15,8.64,574.92,388.56,3.1918294753537793,5.276185
2009-04-13,157.53575109976885,541.0972178409836,0.6741104276223028,1.1920928955078125e-07,1.1920929e-07,1.1920929e-07,0.0,13.152,-3.015,-6.06,0.03,309.99,390.46,2.183296912262438,3.8620505
2009-04-14,157.34545263871854,538.6576054101304,0.850659086939413,1.1920928955078125e-07,1.1920929e-07,1.1920929e-07,0.0,13.247997,0.265,-4.96,5.49,483.46,431.4,1.6312660023283194,3.793782
2009-04-15,154.14051419494493,539.2802431443629,0.996066336329576,5.308342933654785,1.1920929e-07,1.1920929e-07,0.0,13.247997,2.555,-5.4,10.51,613.26,408.12,1.7572460288975469,4.4569626
2009-04-16,147.64422688404377,542.5662195706244,1.0762016330254163,7.554630279541016,1.1920929e-07,1.1920929e-07,0.0,13.344,3.505,-5.2,12.21,631.95,404.24,2.602179245955351,5.0128636
2009-04-17,139.7191325035235,546.0793914200353,1.1029744660647112,8.193048477172852,1.1920929e-07,1.1920929e-07,0.0,13.344,3.775,-4.04,11.59,608.19,446.59,3.959411991150372,5.6857967
2009-04-18,126.9385782030586,552.0709203881154,1.4327302017042942,16.918100357055664,1.1920929e-07,1.1920929e-07,0.0,13.44,7.465,-1.14,16.07,627.47,526.93,8.100700981338084,7.7436066
2009-04-19,114.4123355534063,553.5064428435464,1.113625269852508,7.802903652191162,1.1920929e-07,1.1920929e-07,0.0,13.44,3.61,-3.07,10.29,575.06,487.12,9.616340171884774,6.348977
2009-04-20,107.47488365077076,551.078916335132,1.0757317447924957,6.490599632263184,1.1920929e-07,1.1920929e-07,0.0,13.536,3.055,-4.62,10.73,616.95,417.12,7.195300290151147,5.0421214
2009-04-21,100.22605857411529,551.9371789517303,1.124796530140716,8.003887176513672,1.1920929e-07,5.16,5.16,13.536,3.695,-4.47,11.86,468.42,445.67,7.9722874404159905,6.21244
2009-04-22,92.99312059845266,558.5435093798384,1.0965555332282266,6.443309307098389,1.1920929e-07,19.4,19.4,13.632,3.035,-0.08,6.15,255.64,610.61,17.55399735826066,15.896824
2009-04-23,81.13323085091635,563.5982576943587,1.517607097123985,17.74567985534668,1.1920929e-07,16.7,16.7,13.632,7.815,0.16,15.47,455.31,622.81,32.11143559105303,19.310253
2009-04-24,70.06169175368296,557.2439468250694,1.0821681459717918,5.816713333129883,1.1920929e-07,2.12,2.12,13.728,2.77,-1.02,6.56,358.01,570.21,15.029466958974618,8.30926
2009-04-25,57.24671636860565,556.341453588146,1.622611891452129,20.417579650878906,1.1920929e-07,1.1920929e-07,0.0,13.728,8.945,0.54,17.35,638.86,607.79,13.493185436412114,7.5388007
2009-04-26,28.82160991172494,561.9381634957475,2.592844441577056,28.82160991172494,1.1920929e-07,1.1920929e-07,0.0,13.8239975,16.2,4.55,27.85,665.99,743.86,26.334179861972476,9.85018
2009-04-27,10.559632617568903,557.4982822457065,1.8321538176930654,10.559632617568903,1.1920929e-07,1.0,1.0,13.8239975,10.71,5.9,15.52,462.59,929.5,15.493184077951403,6.5050197
2009-04-28,3.861256665856922,551.6429581286022,2.045063626510221,3.861256665856922,1.1920929e-07,1.1920929e-07,0.0,13.92,12.52,5.65,19.39,574.03,887.51,7.696907178366393,6.06615
2009-04-29,1.4103643300156603,546.3055084871046,2.254644062000841,1.4103632727198043,1.1920929e-07,1.1920929e-07,0.0,13.92,14.255,-1.03,29.54,688.18,489.69,4.06783741637117,5.0323687
2009-04-30,0.5141680293544215,542.3257451056314,1.2125027553314527,0.5111787300881054,1.1920929e-07,1.1920929e-07,0.0,14.016003,4.56,-1.87,10.99,547.28,530.06,2.528478884533146,2.9843118
2009-05-01,0.19299540205994814,540.753856029885,1.5820429972752657,0.16853214067425648,1.1920929e-07,4.0,4.0,14.016003,8.67,-1.13,18.47,484.25,566.64,2.0955413989838614,3.5207076
2009-05-02,0.08408300994663256,542.485647088286,2.053503602863214,0.058743755392320934,1.1920929e-07,7.14,7.14,14.112002,12.635,6.19,19.08,392.61,937.25,2.5772492230950586,5.2079167
2009-05-03,0.04199296932063713,541.3954137451212,1.3221540089736064,0.025341347110705927,1.1920929e-07,1.1920929e-07,0.0,14.112002,5.79,-0.7,12.28,540.71,583.78,2.262485275580501,3.2378807
2009-05-04,0.022855812808883,538.194843766634,1.4617297327858116,0.012728221198920982,1.1920929e-07,1.1920929e-07,0.0,14.208,7.31,1.14,13.48,514.8,658.51,1.5435217096664202,2.3503892
2009-05-05,0.012741214717571947,535.3233284718674,1.8766944060996147,0.006775905592205023,1.1920929e-07,1.1920929e-07,0.0,14.208,11.3,3.24,19.36,588.4,737.22,1.0952516144293885,2.0383043
2009-05-06,0.005738829637199672,533.7393976145975,1.5906102533502937,0.002951727642983514,1.1920929e-07,1.94,1.94,14.2862835,8.66,4.96,12.36,332.84,874.99,0.9064127064592967,2.106573
2009-05-07,0.0018193304376733083,534.6954899285739,1.566929861023967,0.0009179398987008065,1.1920929e-07,5.21,5.21,14.304,8.38,4.69,12.07,251.11,857.18,1.0160995380268745,4.2033935
2009-05-08,0.0009928780069091802,539.7549915710722,1.5768291380095556,0.0004989035000501553,1.1920929e-07,9.77,9.77,14.31933,8.315,7.09,9.54,99.69,1008.27,1.8598014863863646,4.105867
2009-05-09,0.0005992965264961605,540.6980983594937,1.900700051396578,0.00030054615137740606,1.1920929e-07,1.1920929e-07,0.0,14.399997,11.13,5.34,16.92,473.15,894.21,2.081627702731973,3.286644
2009-05-10,0.0003624444425564935,545.1315397874735,2.2785302187613388,0.00018155063585357622,1.1920929e-07,16.38,16.38,14.399997,13.91,7.2,20.62,386.26,1015.94,3.5354770492718233,8.016681
2009-05-11,0.0002189359124288036,547.9262749298225,1.3378167509189587,0.00010958778850091344,1.1920929e-07,3.04,3.04,14.495997,5.38,2.09,8.67,225.0,711.5,4.936996845933463,5.393217
2009-05-12,0.00012867594739634038,544.0257530998614,1.3252224224206588,6.43793674410546e-05,1.1920929e-07,1.1920929e-07,0.0,14.495997,5.345,-1.49,12.18,544.41,550.43,3.097920906554771,3.4134285
2009-05-13,7.596963028040795e-05,540.056980712381,1.414552609992839,3.799924360132239e-05,1.1920929e-07,1.1920929e-07,0.0,14.574286,6.365,-0.51,13.24,536.85,588.62,1.9281302891291452,2.4576685
2009-05-14,4.2524810052704196e-05,536.3213502133328,1.7449249359691983,2.1266925924959012e-05,1.1920929e-07,1.1920929e-07,0.0,14.592003,9.7,0.8,18.6,605.08,640.42,1.2339564408563575,2.0285518
2009-05-15,2.3908362670236777e-05,535.1760434285525,1.8483056522732149,1.195561035962551e-05,1.1920929e-07,3.93,3.93,14.592003,10.64,6.43,14.85,271.4,963.7,1.076146731112889,2.2040997
2009-05-16,1.4371921586439285e-05,533.9663254287015,1.9800602461824226,7.1864771735439695e-06,1.1920929e-07,1.1920929e-07,0.0,14.688,11.665,3.4,19.93,584.22,756.01,0.9313243247219157,1.8042408
2009-05-17,8.690831436380413e-06,537.7918771792602,1.9861301815834467,4.345604544567727e-06,1.1920929e-07,12.57,12.57,14.688,11.6,4.64,18.56,397.15,852.31,1.4709685240454553,6.2612033
2009-05-18,5.255897987975737e-06,539.9694209687791,1.3314395146340503,2.628018055147002e-06,1.1920929e-07,1.1920929e-07,0.0,14.746397,5.27,-0.26,10.8,472.83,599.42,1.9080643908557944,3.34516
2009-05-19,3.1271800297770136e-06,537.1672803343145,1.1888270502473006,1.5636144630258512e-06,1.1920929e-07,1.1920929e-07,0.0,14.784002,3.61,-1.97,9.19,479.87,527.83,1.3651926415750373,2.2918735
2009-05-20,1.8041258258765167e-06,534.4947232038564,1.50562612697853,9.020710501132472e-07,1.1920929e-07,1.1920929e-07,0.0,14.784002,7.26,-2.32,16.84,631.1,516.55,0.99201617717993,1.8530041
2009-05-21,6.731234177998601e-07,531.044610714622,2.116296087343507,3.3656284163776904e-07,1.1920929e-07,1.1920929e-07,0.0,14.879986,12.61,7.53,17.69,423.42,1042.62,0.6568970772965939,1.5994351
2009-05-22,-1.2849113048361254e-07,527.4310839216834,3.3472528296469637,1.1920928955078125e-07,1.1920929e-07,1.1920929e-07,0.0,14.879992,20.325,10.65,30.0,593.03,1161.85,0.42657614896358825,1.3263608
2009-05-23,-3.586231420224935e-07,524.4455771033151,2.064768611757105,1.1920928955078125e-07,1.1920929e-07,1.1920929e-07,0.0,14.879992,12.415,3.48,21.35,595.43,748.76,0.2985952337520102,1.1703184
2009-05-24,-1.9314062676465792e-07,522.1193082365128,1.8158318471701997,1.1920928955078125e-07,1.1920929e-07,1.1920929e-07,0.0,14.975994,10.34,4.66,16.02,453.24,857.2,0.22613932512346505,1.0922971
2009-05-25,-6.397026862908595e-08,519.91370480014,2.073656081221123,1.1920928955078125e-07,1.1920929e-07,1.1920929e-07,0.0,14.976003,12.52,3.72,21.32,587.71,730.61,0.17375226303174565,1.0045233
2009-05-26,1.0229518464896844e-09,517.9654038407768,1.4954143309760812,1.1920928955078125e-07,1.1920929e-07,1.1920929e-07,0.0,14.976003,7.44,-1.89,16.77,613.22,494.43,0.13766892048144624,0.8679861
2009-05-27,2.818764075695707e-09,515.6316891419966,1.7038315535262678,1.1920928955078125e-07,1.1920929e-07,1.1920929e-07,0.0,15.034397,9.475,1.53,17.42,562.31,646.66,0.10417002633305661,0.96551263
2009-05-28,1.703589924026791e-09,521.1689205356785,1.4477277463716742,1.1920928955078125e-07,1.1920929e-07,13.9,13.9,15.072,6.75,2.66,10.84,264.85,740.8,0.2018653723171639,1.8237461
2009-05-29,1.0308484660317576e-09,530.1181284469632,1.3931934191804922,1.1920928955078125e-07,1.1920929e-07,7.58,7.58,15.072,5.905,3.02,8.79,203.25,762.38,0.5880624972316788,2.584453
2009-05-30,6.201732121601032e-10,536.3576323121886,1.7699522076428928,1.1920928955078125e-07,1.1920929e-07,8.87,8.87,15.072,9.415,5.62,13.21,256.56,911.98,1.239317138683852,2.2918735
2009-05-31,3.7361738014018055e-10,538.3162011139417,1.9009783830880569,1.1920928955078125e-07,1.1920929e-07,2.16,2.16,15.167992,10.38,2.56,18.2,541.8,719.5,1.5660650669539584,1.5896825
2009-06-01,2.252381054928033e-10,538.8168941392722,1.7819732129995247,1.1920928955078125e-07,1.1920929e-07,5.97,5.97,15.168,9.35,0.78,17.92,437.18,645.7,1.6626087063827526,1.7847354
2009-06-02,1.3581806810911642e-10,538.3204215733003,1.6809460831196583,1.1920928955078125e-07,1.1920929e-07,1.1920929e-07,0.0,15.168,8.455,1.45,15.46,533.33,683.08,1.5668549566870225,1.2775975
2009-06-03,8.163510038409902e-11,535.3302713148686,1.8266739630172786,1.1920928955078125e-07,1.1920929e-07,1.1920929e-07,0.0,15.168,9.84,5.15,14.53,399.17,883.5,1.096160520133587,1.0630392
2009-06-04,4.678046606055664e-11,532.4991639617842,1.961293975395914,1.1920928955078125e-07,1.1920929e-07,1.1920929e-07,0.0,15.2263975,10.985,4.78,17.19,485.52,863.2,0.7815774606789954,0.8874914
2009-06-05,2.5971442468396354e-11,529.8654046801796,1.9607369388418237,1.1920928955078125e-07,1.1920929e-07,1.1920929e-07,0.0,15.264003,11.02,2.98,19.06,552.66,734.51,0.5705714113330497,0.7802122
2009-06-06,1.3955598727896595e-11,527.3225327125571,1.9556380389869423,1.1920928955078125e-07,1.1920929e-07,1.1920929e-07,0.0,15.264003,11.055,3.22,18.89,539.66,749.88,0.421079405897096,0.7216963
2009-06-07,4.557167803991371e-12,524.7887631603649,2.217807032242025,1.1920928955078125e-07,1.1920929e-07,1.1920929e-07,0.0,15.264003,13.145,3.93,22.36,565.1,740.64,0.31109304869832477,0.6534277
2009-06-08,-2.77311161134011e-13,522.357017498729,2.1188422290909075,1.1920928955078125e-07,1.1920929e-07,1.1920929e-07,0.0,15.264003,12.485,5.22,19.75,498.97,856.39,0.23265398028631434,0.5851592
2009-06-09,-3.8184093140896953e-13,519.6568521630794,1.9419500012504667,1.1920928955078125e-07,1.1920929e-07,1.1920929e-07,0.0,15.27933,11.16,3.88,18.44,502.99,784.72,0.16850110456591202,0.7607069
2009-06-10,-2.3100326929376124e-13,524.9507042464987,1.5385819236448328,1.1920928955078125e-07,1.1920929e-07,14.41,14.41,15.342286,7.3,6.04,8.56,89.36,939.43,0.3171708013011113,1.5994351
2009-06-11,-1.3988099517922567e-13,530.4222266669956,1.7487751116372252,1.1920928955078125e-07,1.1920929e-07,1.28,1.28,15.359997,9.105,7.42,10.79,147.34,1035.37,0.609821465762448,1.1215551
2009-06-12,-8.416156143656033e-14,536.6941213916427,2.3229971298573324,1.1920928955078125e-07,1.1920929e-07,14.53,14.53,15.359997,13.43,7.75,19.11,316.67,1062.0,1.2901565003872897,5.344454
2009-06-13,-5.063400900874873e-14,545.8226900536605,2.3764178803543468,1.1920928955078125e-07,1.1920929e-07,12.17,12.17,15.359997,13.525,7.04,20.01,345.84,1004.48,3.8398196398633986,2.974559
2009-06-14,-3.040922047713084e-14,547.5118657899397,2.5303523584522054,1.1920928955078125e-07,1.1920929e-07,4.93,4.93,15.359997,14.495,8.42,20.57,325.42,1115.07,4.698505607728692,1.8530041
2009-06-15,-1.816961481397869e-14,545.4259044953114,2.244424136838355,1.1920928955078125e-07,1.1920929e-07,3.76,3.76,15.359997,12.615,10.08,15.15,163.0,1246.15,3.662032446356814,1.8627567
2009-06-16,-1.0731362070457241e-14,543.1117750252159,1.8719099387870568,1.1920928955078125e-07,1.1920929e-07,1.96,1.96,15.359997,9.8,6.71,12.89,250.66,986.8,2.7774439570226495,1.7359722
2009-06-17,-6.431286571007023e-15,539.7020827640317,2.250757838842346,1.1920928955078125e-07,1.1920929e-07,1.1920929e-07,0.0,15.359997,12.83,6.09,19.57,467.35,936.86,1.848081960451635,1.209329
2009-06-18,-3.880709148577562e-15,535.2275319558573,2.601396092458449,1.1920928955078125e-07,1.1920929e-07,1.1920929e-07,0.0,15.359997,15.32,6.83,23.81,513.02,983.21,1.0827873097164198,0.9460073
2009-06-19,-2.347063211673367e-15,541.3086375969256,2.461345825586202,1.1920928955078125e-07,1.1920929e-07,21.68,21.68,15.359997,14.23,8.5,19.96,310.89,1120.5,2.2391493961189286,14.921558
2009-06-20,-1.4200513920553617e-15,556.7511372536843,2.282487022549644,1.1920928955078125e-07,1.1920929e-07,23.2,23.2,15.359997,12.555,10.67,14.44,120.56,1293.57,14.170082898920525,8.777388
2009-06-21,-8.591067201578329e-16,554.9351801858503,2.5962572094727734,1.1920928955078125e-07,1.1920929e-07,6.08,6.08,15.359997,14.695,12.34,17.05,150.4,1437.67,11.406304580465081,6.241698
2009-06-22,-5.177139716828468e-16,547.9986323362133,2.9349143076979303,1.1920928955078125e-07,1.1920929e-07,1.68,1.68,15.359997,16.925,12.64,21.21,326.23,1466.92,4.979862741129778,4.4277043
2009-06-23,-3.119091095693845e-16,542.3374391700587,2.345972584703551,1.1920928955078125e-07,1.1920929e-07,0.11,0.11,15.359997,13.42,12.48,14.36,104.14,1444.36,2.532014098347831,2.8575273
2009-06-24,-1.8790654029646262e-16,539.3060718499104,2.423772339551883,1.1920928955078125e-07,1.1920929e-07,2.89,2.89,15.359997,14.04,12.21,15.87,146.63,1428.15,1.76267719311408,3.569471
2009-06-25,-1.1313796050671597e-16,537.5942132596941,3.0749718940083133,1.1920928955078125e-07,1.1920929e-07,2.22,2.22,15.359997,18.025,13.99,22.06,329.58,1599.83,1.4366364478008509,2.6527216
2009-06-26,-6.792063506240014e-17,539.0555880328251,3.571828786339448,1.1920928955078125e-07,1.1920929e-07,11.92,11.92,15.359997,20.52,15.23,25.81,312.91,1738.65,1.7107066226879324,6.4562564
2009-06-27,-4.07864849528111e-17,552.2650142285438,3.609468254537116,1.1920928955078125e-07,1.1920929e-07,34.93,34.93,15.359997,20.285,13.58,26.99,353.92,1556.07,8.290750666869602,12.678449
2009-06-28,-2.4674968641183517e-17,560.5839574322315,3.3524459427062663,1.1920928955078125e-07,1.1920929e-07,19.34,19.34,15.359997,18.775,14.48,23.07,270.68,1650.15,22.400203970782187,6.631804
2009-06-29,-1.4946260904118445e-17,561.462949775042,2.965725180539606,1.1920928955078125e-07,1.1920929e-07,31.94,31.94,15.359997,16.695,15.99,17.4,67.91,1801.3,24.88064496485206,31.793648
2009-06-30,-9.05407008319335e-18,556.741239813539,2.5730063533459195,1.1920928955078125e-07,1.1920929e-07,6.84,6.84,15.359997,14.495,12.9,16.09,121.86,1480.89,14.153336325374292,10.142759
2009-07-01,-5.463422638873442e-18,548.8727815921171,2.7110453352040507,1.1920928955078125e-07,1.1920929e-07,2.0,2.0,15.359997,15.585,13.51,17.66,211.93,1550.29,5.528097992414956,5.705302
2009-07-02,-3.294430139879791e-18,543.6441843957492,2.7611474487209002,1.1920928955078125e-07,1.1920929e-07,3.2,3.2,15.359989,16.045,14.26,17.83,149.41,1621.49,2.9598606756169725,5.8320866
2009-07-03,-1.986751242966558e-18,547.7281207040747,2.4791039832829473,1.1920928955078125e-07,1.1920929e-07,19.05,19.05,15.322397,14.195,13.15,15.24,94.38,1508.13,4.82148598966351,14.2388735
2009-07-04,-1.1981492882496465e-18,555.8979918163526,3.051380147364258,1.1920928955078125e-07,1.1920929e-07,17.67,17.67,15.264003,17.44,11.8,23.08,352.22,1388.9,12.796873856092732,17.847355
2009-07-05,-7.218142466657848e-19,554.7764169666945,2.4739101569157436,1.1920928955078125e-07,1.1920929e-07,8.89,8.89,15.264003,14.015,9.11,18.92,341.44,1168.43,11.19198106923495,9.0407095
2009-07-06,-4.3130779258636346e-19,548.8320106102577,2.2234608066810293,1.1920928955078125e-07,1.1920929e-07,1.1920929e-07,0.0,15.264003,12.465,7.93,17.0,437.41,1074.58,5.501234838444681,4.866574
2009-07-07,-2.4824797357446413e-19,543.5982420818042,2.737856317315621,1.1920928955078125e-07,1.1920929e-07,6.3,6.3,15.264003,16.01,8.76,23.26,395.58,1141.49,2.943658244590109,5.129895
2009-07-08,-1.3246770169290966e-19,544.0160473646373,1.9809543598600527,1.1920928955078125e-07,1.1920929e-07,11.05,11.05,15.263997,10.765,8.86,12.67,173.22,1148.83,3.0943305760940225,9.85018
2009-07-09,-7.759475152231178e-20,547.1784401097783,1.9533151988724902,1.1920928955078125e-07,1.1920929e-07,7.24,7.24,15.183328,10.535,8.34,12.73,199.3,1106.96,4.515010511196573,7.041415
2009-07-10,-4.451100362850217e-20,544.4581670359336,2.3934005072725553,1.1920928955078125e-07,1.1920929e-07,1.1920929e-07,0.0,15.168,13.885,7.56,20.21,519.16,1044.9,3.26217810875268,3.8035345
2009-07-11,-2.6309342391952258e-20,539.715925237388,2.6759686268703406,1.1920928955078125e-07,1.1920929e-07,1.1920929e-07,0.0,15.168,15.855,8.38,23.33,534.32,1110.78,1.8511409750494416,2.6624742
2009-07-12,-1.512139058136367e-20,539.4786999489523,2.79035764236272,1.1920928955078125e-07,1.1920929e-07,8.09,8.09,15.168,16.555,9.9,23.21,383.79,1231.81,1.7994103393071168,3.0135698
2009-07-13,-8.540742286360218e-21,541.5447562250515,2.5527850970558603,1.1920928955078125e-07,1.1920929e-07,1.77,1.77,15.130397,15.065,7.82,22.31,527.26,1066.18,2.303217385641038,2.2626154
2009-07-14,-3.876932718595509e-21,541.3121721792866,2.219276919217039,1.1920928955078125e-07,1.1920929e-07,3.88,3.88,15.072,12.86,7.73,17.99,354.54,1058.62,2.240095198329527,1.9212726
2009-07-15,-1.7602413521954532e-21,539.7851623116532,2.0539683648042844,1.1920928955078125e-07,1.1920929e-07,2.0,2.0,15.072,11.665,8.08,15.25,375.61,1086.62,1.866517676752244,1.6677036
2009-07-16,-1.0491301230680555e-21,536.8545084165884,2.2702739028758034,1.1920928955078125e-07,1.1920929e-07,1.1920929e-07,0.0,15.071992,13.36,8.55,18.17,451.87,1123.98,1.3151177797783913,1.43364
2009-07-17,-6.2893820231492e-22,534.0973253626287,2.301768736118993,1.1920928955078125e-07,1.1920929e-07,2.24,2.24,14.976003,13.77,9.79,17.75,378.79,1223.12,0.9460157049383564,1.3751241
2009-07-18,-3.759599224018889e-22,539.2984727088341,3.1734845265278624,1.1920928955078125e-07,1.1920929e-07,15.68,15.68,14.976003,18.93,12.93,24.93,364.14,1487.43,1.7610775334433786,2.077315
2009-07-19,-2.252101402743936e-22,546.6552766390068,2.965229384695262,1.1920928955078125e-07,1.1920929e-07,10.29,10.29,14.976003,17.56,10.55,24.57,384.99,1283.99,4.241432482885494,3.2963967
2009-07-20,-1.3490830213322646e-22,544.5769362456682,2.4324361196084494,1.1920928955078125e-07,1.1920929e-07,1.1920929e-07,0.0,14.895322,14.44,9.27,19.61,461.23,1181.43,3.3087993685657637,1.5604244
2009-07-21,-8.093490767675434e-23,538.9280770903306,2.7527575232924693,1.1920928955078125e-07,1.1920929e-07,1.1920929e-07,0.0,14.879992,16.665,9.69,23.64,512.01,1215.17,1.6848419816996765,1.2385869
2009-07-22,-4.855237323039249e-23,541.0544574257356,2.787833825608379,1.1920928955078125e-07,1.1920929e-07,12.87,12.87,14.879992,16.81,11.5,22.12,339.83,1362.46,2.172171061219476,2.3113787
2009-07-23,-2.922307906230352e-23,541.4701279840898,2.8202177976521217,1.1920928955078125e-07,1.1920929e-07,0.58,0.58,14.799328,17.08,12.94,21.22,385.04,1489.1,2.2827722102713053,1.7164669
2009-07-24,-1.7600536395228747e-23,539.0732258335236,2.4030752047192716,1.1920928955078125e-07,1.1920929e-07,4.78,4.78,14.784002,14.53,11.97,17.09,196.46,1403.95,1.7143154416073993,3.1891174
2009-07-25,-1.063894048624884e-23,545.1276514548351,2.3006659214392937,1.1920928955078125e-07,1.1920929e-07,15.41,15.41,14.784002,13.64,12.07,15.21,128.13,1405.47,3.5338349553264257,3.7547712
2009-07-26,-6.434790882864719e-24,546.890104234019,2.9752950477917963,1.1920928955078125e-07,1.1920929e-07,2.82,2.82,14.688,17.935,12.78,23.09,399.98,1472.86,4.362118181930273,2.0968204
2009-07-27,-3.887731393145229e-24,543.317698211451,2.9453093139646698,1.1920928955078125e-07,1.1920929e-07,2.65,2.65,14.688,17.875,14.0,21.75,337.76,1600.25,2.846625697022249,1.8334987
2009-07-28,-2.292380613615461e-24,539.0849269916004,3.157405468608309,1.1920928955078125e-07,1.1920929e-07,1.1920929e-07,0.0,14.670286,19.2,13.29,25.11,465.72,1525.93,1.7167137809951774,1.43364
2009-07-29,-1.3343879816068377e-24,534.3547379324557,3.149906674032751,1.1920928955078125e-07,1.1920929e-07,1.1920929e-07,0.0,14.592003,19.4,13.4,25.4,461.47,1536.07,0.9755625449978427,1.1215551
2009-07-30,-8.077048659587651e-25,546.0638235352117,3.5543762332999593,1.1920928955078125e-07,1.1920929e-07,32.89,32.89,14.592003,21.095,14.38,27.81,351.42,1640.0,3.9520542600537296,7.0706735
2009-07-31,-4.895930790778435e-25,551.3810154655478,3.0381123615233068,1.1920928955078125e-07,1.1920929e-07,0.66,0.66,14.495997,18.37,11.81,24.93,453.3,1387.74,7.4597524771217465,3.8522978
2009-08-01,-2.961633682304286e-25,548.4671574860047,2.473993195399572,1.1920928955078125e-07,1.1920929e-07,11.12,11.12,14.495997,15.045,11.52,18.57,236.22,1361.93,5.266577452703465,4.018093
2009-08-02,-1.7841594595876788e-25,546.1276225608948,3.045872917988011,1.1920928955078125e-07,1.1920929e-07,1.1920929e-07,0.0,14.478289,18.595,12.01,25.18,462.78,1405.12,3.982294181559397,2.1845942
2009-08-03,-1.0761083324895043e-25,550.746914979944,2.92965945323065,1.1920928955078125e-07,1.1920929e-07,22.16,22.16,14.399997,17.89,13.43,22.35,273.87,1542.32,6.915472298013347,7.051168
2009-08-04,-6.495869672864325e-26,550.1549094172844,2.4969262979810023,1.1920928955078125e-07,1.1920929e-07,1.1920929e-07,0.0,14.399997,15.255,8.91,21.6,462.42,1152.88,6.44322830641076,2.7892587
2009-08-05,-3.920903590092129e-26,542.9524828247077,2.8230930122650144,1.1920928955078125e-07,1.1920929e-07,1.1920929e-07,0.0,14.304,17.62,9.5,25.74,498.09,1199.9,2.725083781851436,2.106573
2009-08-06,-2.2692393319943992e-26,539.2710670222136,2.5746541830872465,1.1920928955078125e-07,1.1920929e-07,2.75,2.75,14.304,16.2,9.44,22.96,386.32,1195.53,1.755320539403975,1.6677036
2009-08-07,-1.2698504655275851e-26,536.705883384867,2.4380163392001957,1.1920928955078125e-07,1.1920929e-07,1.1920929e-07,0.0,14.208,15.49,8.66,22.32,467.07,1132.53,1.2919708290217984,1.4433926
2009-08-08,-7.648835873111818e-27,537.2041743170015,1.8904087635356894,1.1920928955078125e-07,1.1920929e-07,6.5,6.5,14.208,11.36,6.21,16.51,297.83,946.6,1.3712237128489022,1.43364
2009-08-09,-4.612690940738787e-27,536.9358358220029,2.0758891135464648,1.1920928955078125e-07,1.1920929e-07,1.1920929e-07,0.0,14.112002,12.975,7.01,18.94,433.86,1001.05,1.3279588345813016,1.1313077
2009-08-10,-2.7732225928174148e-27,533.2498387805026,2.4081446753625584,1.1920928955078125e-07,1.1920929e-07,0.04,0.04,14.112002,15.505,8.64,22.37,461.82,1134.23,0.8549160571602593,1.0240285
2009-08-11,-1.6614294705670593e-27,532.7247056145931,3.0473069468692326,1.1920928955078125e-07,1.1920929e-07,6.01,6.01,14.031333,19.555,14.43,24.68,282.85,1647.27,0.8029251505920362,2.3211315
2009-08-12,-9.765913928653916e-28,536.4980389310455,2.83876495786214,1.1920928955078125e-07,1.1920929e-07,9.28,9.28,14.016003,18.255,12.35,24.16,311.59,1447.06,1.260282643394494,2.1553364
2009-08-13,-5.806786970860543e-28,540.9354391405031,2.8912403854796143,1.1920928955078125e-07,1.1920929e-07,10.56,10.56,13.978397,18.47,12.49,24.45,311.64,1456.65,2.1415012594101324,1.5214138
2009-08-14,-3.3519277523815287e-28,540.0634237101802,2.7310547361677,1.1920928955078125e-07,1.1920929e-07,1.1920929e-07,0.0,13.92,17.61,12.25,22.97,387.99,1419.81,1.9296151267840413,1.1313077
2009-08-15,-1.9860751301698736e-28,535.806135755331,3.1079994491377785,1.1920928955078125e-07,1.1920929e-07,1.1920929e-07,0.0,13.902287,19.95,13.27,26.63,431.23,1523.18,1.1602887583618173,0.91674936
2009-08-16,-1.1492224255139125e-28,531.7646896265627,3.144431545352767,1.1920928955078125e-07,1.1920929e-07,1.1920929e-07,0.0,13.8239975,20.375,13.82,26.93,421.93,1579.87,0.715914566691342,0.7802122
2009-08-17,-6.079866022214733e-29,527.8529460483899,3.207651715791988,1.1920928955078125e-07,1.1920929e-07,1.1920929e-07,0.0,13.806286,20.865,14.15,27.58,424.74,1616.67,0.4486280194333508,0.69243836
2009-08-18,-1.5052758833884682e-29,523.9120532673904,3.37106062160354,1.1920928955078125e-07,1.1920929e-07,1.1920929e-07,0.0,13.728,21.95,16.04,27.86,387.61,1815.83,0.28015545224834987,0.62416977
2009-08-19,1.1971442682323932e-29,520.2003368565529,3.6338243816103173,1.1920928955078125e-07,1.1920929e-07,1.1920929e-07,0.0,13.710286,23.405,17.25,29.56,390.87,1959.91,0.17980567678354745,0.5559012
2009-08-20,1.2117283347227302e-29,516.765145150072,2.6760782533633667,1.1920928955078125e-07,1.1920929e-07,1.1920929e-07,0.0,13.632,18.36,10.38,26.34,463.83,1270.11,0.11927685855600766,0.50713795
2009-08-21,7.138646694293852e-30,513.6028764542145,2.4935363846988876,1.1920928955078125e-07,1.1920929e-07,1.1920929e-07,0.0,13.614286,17.3,9.65,24.95,454.55,1214.75,0.0817467644412279,1.0240285
2009-08-22,4.307304763374296e-30,521.4743448918159,2.9116674326352885,1.1920928955078125e-07,1.1920929e-07,19.75,19.75,13.536,19.755,15.16,24.35,241.82,1730.44,0.20936778674719916,2.7307427
2009-08-23,2.6077201080950192e-30,535.4007815323349,3.133145128377957,1.1920928955078125e-07,1.1920929e-07,14.26,14.26,13.498397,20.605,17.81,23.4,152.2,2042.37,1.1054340329136225,3.901061
2009-08-24,1.5517007885547196e-30,539.2872093098308,2.893702735664674,1.1920928955078125e-07,1.1920929e-07,4.61,4.61,13.44,19.2,15.85,22.55,180.07,1796.08,1.758709198075913,1.9212726
2009-08-25,9.310767560949825e-31,538.9730076422592,2.6102967461742237,1.1920928955078125e-07,1.1920929e-07,4.13,4.13,13.35933,17.575,11.88,23.27,281.98,1390.6,1.6939108811001224,1.2775975
2009-08-26,5.583977797182755e-31,536.6839271790957,2.703595405706133,1.1920928955078125e-07,1.1920929e-07,1.1920929e-07,0.0,13.344,18.255,12.83,23.68,358.91,1467.38,1.2885860686363484,0.9362547
2009-08-27,3.289285592453257e-31,533.4024268525839,2.019782074738287,1.1920928955078125e-07,1.1920929e-07,1.1920929e-07,0.0,13.247997,13.66,4.66,22.66,475.57,854.56,0.8706448830851791,0.7704596
2009-08-28,1.9386714283786317e-31,531.5033749440681,1.6073928871132612,1.1920928955078125e-07,1.1920929e-07,1.1920929e-07,0.0,13.247997,10.07,3.78,16.36,406.88,801.69,0.6939080923634539,0.6631804
2009-08-29,1.0416485356814923e-31,533.0494454163705,1.699055727653832,1.1920928955078125e-07,1.1920929e-07,6.29,6.29,13.152,11.015,3.05,18.98,336.81,766.42,0.8346902639317267,0.8679861
2009-08-30,5.86082592027935e-32,537.1091055321535,1.6171935186507878,1.1920928955078125e-07,1.1920929e-07,7.34,7.34,13.152,10.115,6.0,14.23,221.62,945.3,1.355736632791328,1.1605657
2009-08-31,3.3456343107122767e-32,537.7773613401611,2.272243247952993,1.1920928955078125e-07,1.1920929e-07,2.31,2.31,13.056,15.69,9.65,21.73,354.31,1211.67,1.4684196027866512,0.8094702
2009-09-01,1.9399812059024523e-32,535.5059281747241,1.6354995107328711,1.1920928955078125e-07,1.1920929e-07,1.1920929e-07,0.0,13.056,10.455,4.78,16.13,370.94,862.61,1.1194088616276934,0.6436751
2009-09-02,1.1093568705371449e-32,532.9071223574381,1.742006512393294,1.1920928955078125e-07,1.1920929e-07,1.1920929e-07,0.0,12.96,11.65,4.81,18.49,411.01,865.31,0.8206168059142471,0.56565386
2009-09-03,6.29865253290207e-33,530.3401332433186,2.0129153862564504,1.1920928955078125e-07,1.1920929e-07,1.1920929e-07,0.0,12.96,14.055,6.14,21.97,433.66,944.19,0.6038693632302431,0.5266433
2009-09-04,8.18207699170163e-34,528.0055263390119,2.354832254363296,1.1920928955078125e-07,1.1920929e-07,1.1920929e-07,0.0,12.864003,16.83,9.6,24.06,406.18,1207.78,0.4568814951076443,0.47788
2009-09-05,-5.778209196022029e-33,525.9365207536576,2.3569094915823654,1.1920928955078125e-07,1.1920929e-07,1.1920929e-07,0.0,12.864003,16.91,9.38,24.44,412.43,1190.07,0.3568172274728555,0.42911673
2009-09-06,-1.1775768048173204e-32,524.0296144921408,1.6348779296311597,1.1920928955078125e-07,1.1920929e-07,1.1920929e-07,0.0,12.767997,11.145,1.54,20.75,462.1,684.69,0.28411827124252015,0.3901061
2009-09-07,-1.5459638752782047e-32,522.1813055593466,1.4645955256936434,1.1920928955078125e-07,1.1920929e-07,1.1920929e-07,0.0,12.672003,9.585,1.89,17.28,423.49,700.81,0.22782062793815558,0.38035345
2009-09-08,-1.511499120534726e-32,520.28809196016,1.6640057116044336,1.1920928955078125e-07,1.1920929e-07,1.1920929e-07,0.0,12.672003,11.66,3.97,19.35,415.32,815.46,0.1817008196631934,0.37060082
2009-09-09,-9.664705157012597e-33,518.3006919666211,2.0475186585380416,1.1920928955078125e-07,1.1920929e-07,1.1920929e-07,0.0,12.576003,15.2,6.91,23.49,418.63,994.28,0.1432958227679512,0.3510955
2009-09-10,-3.150056868837737e-33,516.49952884445,1.613334957383113,1.1920928955078125e-07,1.1920929e-07,1.1920929e-07,0.0,12.576003,11.405,3.74,19.07,406.46,798.27,0.11555100856412907,0.3315902
2009-09-11,2.110575919255026e-33,514.8400779647986,1.5459103729314527,1.1920928955078125e-07,1.1920929e-07,1.1920929e-07,0.0,12.48,10.9,3.45,18.35,397.84,784.69,0.09476919618844974,0.32183754
2009-09-12,4.5470097770044285e-33,513.1994471849449,1.5453661733303115,1.1920928955078125e-07,1.1920929e-07,1.1920929e-07,0.0,12.48,10.945,3.38,18.51,395.02,784.9,0.07789995410327918,0.32183754
2009-09-13,3.227413554050947e-33,511.475853040328,1.793757171668289,1.1920928955078125e-07,1.1920929e-07,1.1920929e-07,0.0,12.384,13.51,8.5,18.52,295.08,1119.91,0.06340191209486701,0.36084816
2009-09-14,1.6276404912721545e-33,510.00208053598203,1.7935667466378657,1.1920928955078125e-07,1.1920929e-07,1.1920929e-07,0.0,12.384,13.555,6.58,20.53,369.41,968.2,0.05316556073965733,0.3315902
2009-09-15,6.974251419308003e-34,509.5072160226222,1.6935422984191233,1.1920928955078125e-07,1.1920929e-07,2.97,2.97,12.288,12.77,8.22,17.32,209.45,1097.97,0.050113251701283716,0.37060082
2009-09-16,3.8840082759919886e-34,509.70104468266726,1.5199544160351757,1.1920928955078125e-07,1.1920929e-07,1.1920929e-07,0.0,12.250398,11.085,6.01,16.16,299.42,933.46,0.05128732840638641,0.3901061
2009-09-17,1.8482429574317745e-34,508.6918912563972,1.272667977674253,1.1920928955078125e-07,1.1920929e-07,1.1920929e-07,0.0,12.192,8.405,2.33,14.48,343.66,724.53,0.045461791147434844,0.3315902
2009-09-18,8.297076347458744e-35,507.2120551296285,1.383280075396609,1.1920928955078125e-07,1.1920929e-07,1.1920929e-07,0.0,12.096,9.875,4.69,15.06,300.96,855.36,0.03809429607137094,0.32183754
2009-09-19,4.4702361323146434e-35,505.9223214161893,1.3666414254524044,1.1920928955078125e-07,1.1920929e-07,1.1920929e-07,0.0,12.096,9.725,4.68,14.77,297.04,857.16,0.032654084086678914,0.2925796
2009-09-20,1.6393236141768008e-35,504.7481859691338,1.1036279885857363,1.1920928955078125e-07,1.1920929e-07,1.1920929e-07,0.0,11.999997,6.575,0.89,12.26,325.4,641.07,0.02838005874795454,0.27307427
2009-09-21,3.566966693184678e-36,503.46261232857375,1.3976736317222895,1.1920928955078125e-07,1.1920929e-07,1.1920929e-07,0.0,11.999997,10.28,2.07,18.49,392.14,711.05,0.02433922269262341,0.25356898
2009-09-22,2.0988837167341344e-36,501.8764817155529,1.672632280192823,1.1920928955078125e-07,1.1920929e-07,1.1920929e-07,0.0,11.904,13.325,4.34,22.31,395.27,826.89,0.020137457883217715,0.24381632
2009-09-23,1.2566166702385653e-36,500.66978455100775,1.5808668489461983,1.1920928955078125e-07,1.1920929e-07,1.1920929e-07,0.0,11.904,12.455,3.79,21.12,383.77,807.48,0.01743375134161238,0.24381632
2009-09-24,7.472388944486752e-37,505.361643658468,2.0875555771644265,1.1920928955078125e-07,1.1920929e-07,12.48,12.48,11.808002,16.98,11.36,22.6,211.85,1349.16,0.030538291493101513,0.3510955
2009-09-25,4.495003451357552e-37,509.0157914052809,1.5221295887656818,1.1920928955078125e-07,1.1920929e-07,1.1920929e-07,0.0,11.792672,11.735,6.13,17.34,291.06,930.13,0.04725559763927319,0.3510955
2009-09-26,2.7096730681091874e-37,507.4882066145941,0.9512635054653487,1.1920928955078125e-07,1.1920929e-07,1.1920929e-07,0.0,11.711997,4.61,-1.88,11.1,330.35,533.61,0.03937214358122569,0.28282693
2009-09-27,1.6344451414757493e-37,507.81905665269926,1.073405688741466,1.1920928955078125e-07,1.1920929e-07,3.96,3.96,11.616,6.555,-1.58,14.69,277.21,549.22,0.04095966515481536,0.2925796
2009-09-28,9.872715954188623e-38,518.5493571397284,1.3070584449097173,1.1920928955078125e-07,1.1920929e-07,19.03,19.03,11.616,9.275,5.53,13.02,156.08,913.46,0.14761701265385435,2.0578098
2009-09-29,5.977577734167043e-38,528.9628282151901,1.778037193814875,1.1920928955078125e-07,1.1920929e-07,5.37,5.37,11.52,13.995,9.39,18.6,178.58,1190.88,0.5122436692389458,1.0727918
2009-09-30,3.6159517747835067e-38,531.4398920894174,1.6057678223498058,1.1920928955078125e-07,1.1920929e-07,4.09,4.09,11.52,12.275,7.45,17.1,188.06,1036.12,0.6886648508067564,0.79971755
2009-10-01,2.0959643404955764e-38,531.8068389853776,1.0875652966817237,1.1920928955078125e-07,1.1920929e-07,1.01,1.01,11.424,6.305,1.62,10.99,251.74,687.58,0.7195289450092841,0.6046645
2009-10-02,1.1585695808760941e-38,530.5837027989156,0.8973789303910764,1.1920928955078125e-07,1.1920929e-07,0.16,0.16,11.424,3.445,0.22,6.67,183.44,620.89,0.6217008685115233,0.50713795
2009-10-03,6.968946405070881e-39,530.0764965303505,0.8988947321338253,1.1920928955078125e-07,1.1920929e-07,3.14,3.14,11.327997,3.61,-0.12,7.34,175.64,610.73,0.5851446827939644,0.6436751
2009-10-04,4.2215943480733324e-39,545.3061888488702,1.1842927134376695,1.1920928955078125e-07,1.1920929e-07,31.11,31.11,11.327997,7.355,6.52,8.19,48.08,967.49,3.610025864505762,3.34516
2009-10-05,2.5575780778682646e-39,551.7844394874583,1.3845031135222046,1.1920928955078125e-07,1.1920929e-07,0.23,0.23,11.232,9.73,4.95,14.51,257.95,872.88,7.828120738198621,1.3361135
2009-10-06,1.5493561220357854e-39,545.7624389507166,1.3141733315155626,1.1920928955078125e-07,1.1920929e-07,1.65,1.65,11.136003,9.22,5.58,12.86,208.52,917.1,3.8122772871556,0.9069967
2009-10-07,9.15180466730647e-40,543.3166487171009,1.182026013599473,1.1920928955078125e-07,1.1920929e-07,4.76,4.76,11.136003,7.645,4.56,10.73,137.16,848.44,2.8462687771859567,2.5454423
2009-10-08,5.4601237862567635e-40,547.2931323879699,1.2742338808116618,1.1920928955078125e-07,1.1920929e-07,15.74,15.74,11.04,8.83,5.63,12.03,143.38,912.1,4.577306401277157,2.808764
2009-10-09,3.24445795895022e-40,547.2176487304906,1.0903648113716573,1.1920928955078125e-07,1.1920929e-07,1.1920929e-07,0.0,11.04,6.43,2.72,10.14,223.8,744.51,4.536210977349714,1.3458661
2009-10-10,1.9506916139316654e-40,545.8613288053344,1.119868964046293,1.1920928955078125e-07,1.1920929e-07,6.09,6.09,10.9439945,7.01,5.23,8.79,86.55,898.14,3.8575870527957794,1.1410604
2009-10-11,1.17519009908567e-40,544.2661132350643,0.9391210377201616,1.1920928955078125e-07,1.1920929e-07,0.37,0.37,10.9439945,4.385,-1.31,10.08,308.36,557.51,3.188175871947381,0.96551263
2009-10-12,7.060745869189698e-41,540.794368951055,0.8915620745631301,1.1920928955078125e-07,1.1920929e-07,1.1920929e-07,0.0,10.848,3.835,-0.51,8.18,257.99,599.52,2.105709240063121,0.7802122
2009-10-13,4.187570391581207e-41,540.0959749829105,0.9222123855393717,1.1920928955078125e-07,1.1920929e-07,4.19,4.19,10.848,4.36,-0.4,9.12,204.64,599.96,1.937134314116564,0.8094702
2009-10-14,0.0011747158027309486,540.408523849297,0.688101330396048,1.1920928955078125e-07,1.1920929e-07,4.25,4.25,10.752,0.17,-1.62,1.96,91.04,545.12,2.0108396952823977,1.0727918
2009-10-15,0.0032036939370880422,539.1000887417428,0.6406086002338595,1.1920928955078125e-07,1.1920929e-07,1.1920929e-07,0.0,10.752,-0.825,-3.16,1.51,152.8,481.31,1.7198264152448741,0.8289755
2009-10-16,0.0038082416310883157,537.1140788780255,0.5839741960585445,1.1920928955078125e-07,1.1920929e-07,1.1920929e-07,0.0,10.655997,-1.965,-4.74,0.81,178.89,440.0,1.3565424573027394,0.73144895
2009-10-17,0.0038082426441447452,535.3164646037128,0.5838672817029139,1.1920928955078125e-07,1.1920929e-07,1.1920929e-07,0.0,10.655997,-1.92,-6.61,2.77,273.08,371.33,1.094353788359905,0.67293304
2009-10-18,0.005271165327516516,533.6988565570588,0.6644294968537863,1.1920928955078125e-07,1.1920929e-07,1.1920929e-07,0.0,10.56,0.105,-6.67,6.88,323.84,371.16,0.9020328778426266,0.63392246
2009-10-19,0.010158558354826932,532.2365228985859,0.6106511404485596,1.1920928955078125e-07,1.1920929e-07,1.1920929e-07,0.0,10.501603,-0.99,-3.45,1.47,156.85,474.3,0.7574325345950695,0.61441714
2009-10-20,0.009261733518479847,530.8522250520247,0.7694834358914491,0.004845162865076341,1.1920929e-07,1.1920929e-07,0.0,10.464,2.46,-3.56,8.48,300.49,467.55,0.6419699674934892,0.5851592
2009-10-21,0.005442593006857169,529.2530060691647,0.9121350961329571,0.002795332775184727,1.1920929e-07,1.1920929e-07,0.0,10.385714,5.155,-1.68,11.99,311.75,541.68,0.53031451651504,0.5851592
2009-10-22,0.0032152590462015164,529.7260602242067,0.9438853582699571,0.001633472023666675,1.1920929e-07,5.2,5.2,10.368,5.685,0.99,10.38,194.51,651.15,0.561150845964391,0.7216963
2009-10-23,0.0018675712745637187,531.6519712376836,0.7417755939503986,0.000942504940019105,1.1920929e-07,1.71,1.71,10.289714,2.145,-2.15,6.44,251.03,523.99,0.706337725227097,1.0045233
2009-10-24,0.001114409390017063,537.0169632689194,0.7229247859642975,0.0005603085318781135,1.1920929e-07,14.85,14.85,10.271997,1.645,-2.65,5.94,186.61,506.5,1.3408932366883974,8.319013
2009-10-25,0.0006712916128762705,558.2446875459558,0.8668517778903053,0.000336772383281333,1.1920929e-07,39.97,39.97,10.193711,3.87,-0.81,8.55,193.73,580.89,16.93832997787942,11.605657
2009-10-26,0.0004062030105442776,557.022157847529,0.8880387172724203,0.00020351400691938422,1.1920929e-07,1.1920929e-07,0.0,10.1760025,4.29,-1.34,9.92,282.59,556.05,14.636433495058323,3.569471
2009-10-27,0.00024303046493899115,547.6383172114012,0.7806891013564724,0.00012166289191403899,1.1920929e-07,1.1920929e-07,0.0,10.097716,2.74,-2.85,8.33,282.35,497.69,4.770030255955879,2.1553364
2009-10-28,0.00013652662594701,542.6992724424066,0.7250337597177794,6.83098914073079e-05,1.1920929e-07,1.1920929e-07,0.0,10.08,1.81,-1.81,5.43,215.49,537.62,2.643876306403333,1.6969616
2009-10-29,7.910162532431972e-05,539.5855254888501,0.7135281068328986,3.956643174572144e-05,1.1920929e-07,1.1920929e-07,0.0,10.021603,1.745,-0.93,4.42,169.56,573.6,1.822523918976455,1.4238874
2009-10-30,4.046522340642043e-05,536.876906838299,0.7493405957515279,2.023670528891769e-05,1.1920929e-07,1.1920929e-07,0.0,9.984,2.595,-1.51,6.7,232.65,549.67,1.3186419002792709,1.2385869
2009-10-31,1.8203871222434963e-05,535.8225675240823,0.838792788921922,9.1027640635339e-06,1.1920929e-07,2.22,2.22,9.968672,4.325,-0.7,9.35,242.16,588.2,1.1625689125824836,1.2483395
2009-11-01,1.0315530006113533e-05,536.4683818896416,1.2456014131622029,5.158031028454798e-06,1.1920929e-07,7.33,7.33,9.888002,10.515,4.63,16.4,194.8,852.28,1.2558249107497013,1.5604244
2009-11-02,5.154863293707806e-06,536.0983042550537,0.8023736514371538,2.5774980783928305e-06,1.1920929e-07,1.1920929e-07,0.0,9.888002,3.775,-3.54,11.09,283.27,468.32,1.2015069630510031,1.2288343
2009-11-03,2.7215470470086497e-06,534.6670774271855,0.6453098856771641,1.34428852303718e-06,1.1920929e-07,1.1920929e-07,0.0,9.792003,0.75,-4.35,5.85,241.8,440.38,1.012656068586975,1.0825444
2009-11-04,1.6001730531391884e-06,533.3938996887777,0.6819283962825204,8.000907342483751e-07,1.1920929e-07,0.48,0.48,9.792003,1.59,-3.76,6.94,246.41,460.57,0.8697583154190738,1.0142759
2009-11-05,9.573413356597402e-07,532.1361961371085,0.6294254494072108,4.5370964541387167e-07,1.1920929e-07,1.1920929e-07,0.0,9.696,0.6,-3.5,4.7,207.55,470.87,0.7484075205641271,0.9362547
2009-11-06,0.01522402115150175,531.6360898075662,0.6003907708207579,1.1920928955078125e-07,1.1920929e-07,1.63,1.63,9.696,-0.07,-3.29,3.15,171.41,480.35,0.7049987347576572,0.9069967
2009-11-07,0.016299851863514975,531.1736985753292,0.5038414913043638,1.1920928955078125e-07,1.1920929e-07,1.1920929e-07,0.0,9.5999975,-2.42,-4.9,0.06,133.88,425.41,0.6671070263038488,0.85823345
2009-11-08,0.012952681497331952,530.0677536119191,0.5488068429094153,1.1920928955078125e-07,1.1920929e-07,1.1920929e-07,0.0,9.5999975,-1.175,-5.97,3.62,222.75,395.77,0.5845337684485892,0.8289755
2009-11-09,0.00798475392518712,528.8478406711573,0.8289937001686836,0.004151683069973727,1.1920929e-07,1.1920929e-07,0.0,9.521714,5.035,-2.49,12.56,256.35,517.17,0.5052543482503166,0.79971755
2009-11-10,0.004430833022295901,527.5065467434362,0.9170775888383071,0.0022644891861846417,1.1920929e-07,1.1920929e-07,0.0,9.504,6.635,-2.77,16.04,263.21,500.65,0.43043960836389633,0.7802122
2009-11-11,0.002406131751203751,526.2622918128518,0.758841354582571,0.0012175388523617831,1.1920929e-07,1.1920929e-07,0.0,9.504,3.81,-1.7,9.32,219.92,543.17,0.37097924308913727,0.74120164
2009-11-12,0.0014463750243417783,525.2357393920162,0.6073928474495789,0.0007153165848985437,1.1920929e-07,1.1920929e-07,0.0,9.408,0.71,-6.56,7.98,246.14,362.56,0.3281582048448099,0.7119437
2009-11-13,0.020401658559005866,524.3172654828154,0.597623234475903,0.009775734875213079,1.1920929e-07,1.1920929e-07,0.0,9.408,0.5,-7.11,8.11,245.0,360.0,0.2940525594200337,0.6826857
2009-11-14,0.012025255084148192,523.058950548179,0.6552057743550078,0.0063737090425958105,1.1920929e-07,1.1920929e-07,0.0,9.329714,2.0,-5.9,9.9,241.16,392.38,0.2530071493648873,1.1215551
2009-11-15,0.007118879269490198,544.0417944776465,0.771467649262473,0.003686082260637805,1.1920929e-07,44.42,44.42,9.312,3.865,1.17,6.56,84.33,664.14,3.103864042762976,11.703183
2009-11-16,0.00425585218478967,554.1929386291738,1.0665144776926458,0.0021731999537084384,1.1920929e-07,1.1920929e-07,0.0,9.312,8.515,4.52,12.51,155.25,845.92,10.438332020836992,3.6767502
2009-11-17,0.0031403826667382308,546.6663603290859,0.7329432788278734,0.0015948443155713605,1.1920929e-07,1.1920929e-07,0.0,9.216002,3.185,-1.84,8.21,188.56,532.99,4.247052944222312,2.1455836
2009-11-18,0.004536974038853674,542.5689493685911,0.5635106079612071,1.1920928955078125e-07,1.1920929e-07,1.1920929e-07,0.0,9.216002,-0.545,-6.26,5.17,199.78,378.88,2.6030280862395427,1.6481984
2009-11-19,0.00442728423181029,539.6336136325273,0.6431691257705776,0.002262616537533026,1.1920929e-07,1.1920929e-07,0.0,9.200675,1.475,-6.4,9.35,227.74,367.63,1.8330253117450006,1.43364
2009-11-20,0.003014667138466441,537.722209719477,0.7172952878143688,0.0015300523935350978,1.1920929e-07,0.97,0.97,9.12,3.265,-6.0,12.53,228.8,390.79,1.4587754115919522,5.1494007
2009-11-21,0.0018147912175487703,546.6955818310909,0.8939965079839393,0.0009156290507124338,1.1920929e-07,22.28,22.28,9.12,6.33,2.41,10.25,107.27,720.23,4.261906690613481,4.642263
2009-11-22,0.0010943546540528155,550.3954104422326,0.7112937304317795,0.000550171327418159,1.1920929e-07,1.1920929e-07,0.0,9.104672,2.82,-1.98,7.62,168.86,527.03,6.631057227297874,2.5454423
2009-11-23,0.0006602580444133905,545.0642331279334,0.6278616085538333,0.000331194073778531,1.1920929e-07,1.1920929e-07,0.0,9.024,1.26,-4.63,7.15,190.49,440.0,3.5071599705055707,1.91152
2009-11-24,0.007975673415093554,541.6232217793325,0.5575507458585204,1.1920928955078125e-07,1.1920929e-07,1.1920929e-07,0.0,9.024,-0.37,-4.22,3.48,139.36,446.94,2.324911341052761,1.6677036
2009-11-25,0.006591780103561046,539.0349817663771,0.667451741876243,0.003404479647063251,1.1920929e-07,0.05,0.05,9.024,2.32,-1.92,6.56,149.94,532.93,1.7065000559314722,1.5214138
2009-11-26,0.003928776296008081,537.3766380845249,0.6603334956440283,0.0020029713932309266,1.1920929e-07,1.24,1.24,8.928008,2.365,-0.52,5.25,107.54,589.93,1.399771717563738,1.5409192
2009-11-27,0.002320149157520845,537.1806573474623,0.781731115693598,0.001173531705374099,1.1920929e-07,2.64,2.64,8.928,4.885,1.37,8.4,107.06,671.51,1.3673763147483595,2.7307427
2009-11-28,0.0014197495510294119,551.6611259167645,0.6330194014399103,0.0007148942260079759,1.1920929e-07,32.56,32.56,8.928,1.36,-1.73,4.45,84.99,541.83,7.713632604240816,5.949118
2009-11-29,0.0026071783682592407,554.6585876125847,0.5397371695474498,1.1920928955078125e-07,1.1920929e-07,1.1920929e-07,0.0,8.869603,-0.93,-2.86,1.0,73.61,496.94,11.035524250862151,3.062333
2009-11-30,0.003933873254201594,548.6108056636754,0.5590951553343264,1.1920928955078125e-07,1.1920929e-07,3.43,3.43,8.832,-0.205,-1.86,1.45,48.88,537.2,5.357746668487907,2.6332164
2009-12-01,0.0054846692842272365,546.0624622334333,0.4999317060670207,1.1920928955078125e-07,2.1219253e-07,1.7799997,1.78,8.832,-1.74,-6.28,2.8,164.39,383.33,3.9514115287746057,2.6332164
2009-12-02,0.021234624560993086,543.1134217164947,0.43878567344608377,1.1920928955078125e-07,1.1920929e-07,1.1920929e-07,0.0,8.832,-3.505,-6.75,-0.26,132.04,371.19,2.7779904538633904,1.9602833
2009-12-03,0.1974428444506432,544.9863641631574,0.5431930783090186,1.1920928955078125e-07,1.1920929e-07,11.44,11.44,8.816672,-0.5,-5.96,4.96,142.75,395.85,3.4746820113814834,10.630391
2009-12-04,0.09748803128084477,550.7723797353988,0.8312821399057999,0.07078519949151209,1.1920929e-07,10.24,10.24,8.736006,5.765,1.14,10.39,122.32,651.54,6.9365444859554115,8.445797
2009-12-05,0.04863447930997484,548.3070581273953,0.6160612895454318,0.030115906905304274,1.1920929e-07,1.1920929e-07,0.0,8.735997,1.37,-3.13,5.87,164.28,483.51,5.166794013743171,3.9790823
2009-12-06,0.047796464704731804,545.6635551684396,0.4562209699058631,1.1920928955078125e-07,0.031165695,4.1788344,4.21,8.735997,-2.87,-5.85,0.11,89.08,397.54,3.7675024463302234,2.8477747
2009-12-07,1.4904052924312792,542.605876599591,0.3989755119768334,1.1920928955078125e-07,0.06999985,1.502037e-07,0.07,8.735997,-4.665,-7.59,-1.74,117.3,343.42,2.614537983392985,2.223605
2009-12-08,2.6610648260932863,539.982709796021,0.38952041157836526,1.1920928955078125e-07,2.4999998,3.7252903e-07,2.5,8.735997,-4.93,-6.89,-2.97,75.86,359.28,1.9110962703777412,1.9310253
2009-12-09,3.976378130863357,537.9482010928449,0.3055073441762964,1.1920928955078125e-07,1.1920929e-07,1.1920929e-07,0.0,8.677603,-8.1,-13.12,-3.08,188.79,222.01,1.4987003372832397,1.4141346
2009-12-10,15.768391583421778,536.2876624604677,0.31273264865949696,1.1920928955078125e-07,21.96,1.1920929e-07,21.96,8.640008,-7.685,-10.97,-4.4,107.59,267.98,1.2289998211089688,1.5701771
2009-12-11,31.753373049270156,534.8126196859376,0.3825182477190615,1.1920928955078125e-07,9.749998,2.0340085e-06,9.75,8.64,-4.895,-10.0,0.21,145.18,285.79,1.030419218668256,1.4238874
2009-12-12,36.392326386872604,533.5529434713194,0.23516789245957517,1.1920928955078125e-07,1.1920929e-07,1.1920929e-07,0.0,8.64,-11.4,-14.01,-8.79,121.38,208.83,0.8864436738340864,1.1215551
2009-12-13,35.464834854662826,532.4829283833647,0.2513824357551541,1.1920928955078125e-07,1.1920929e-07,1.1920929e-07,0.0,8.64,-10.5,-13.36,-7.64,130.08,211.12,0.7800628323247962,1.2385869
2009-12-14,40.48906725591352,531.4690014633345,0.31199533570606947,1.1920928955078125e-07,8.6,1.1920929e-07,8.6,8.64,-7.595,-13.4,-1.79,160.19,218.97,0.6910641458994071,1.3653713
2009-12-15,46.39819819955892,530.9213047177967,0.4328219992728743,1.1920928955078125e-07,0.21518464,3.9048152,4.12,8.64,-3.07,-5.45,-0.69,85.28,409.86,0.6472903865133003,1.3458661
2009-12-16,46.43383704955766,531.5676186235002,0.3540887068080309,1.1920928955078125e-07,1.1920929e-07,1.1920929e-07,0.0,8.64,-5.875,-12.6,0.85,223.55,233.44,0.6992548146132704,1.2288343
2009-12-17,46.44052898495013,530.6210585727669,0.14708706670051597,1.1920928955078125e-07,1.1920929e-07,1.1920929e-07,0.0,8.64,-17.29,-23.78,-10.8,221.67,91.75,0.6244818377427921,1.0142759
2009-12-18,46.44052898495013,529.902798865671,0.11158095070091771,1.1920928955078125e-07,1.1920929e-07,1.1920929e-07,0.0,8.64,-20.635,-24.09,-17.18,159.56,90.17,0.5731263004415177,1.0045233
2009-12-19,46.47767206006502,529.2135344421995,0.16351514040893186,1.1920928955078125e-07,1.1920929e-07,1.1920929e-07,0.0,8.64,-15.94,-19.87,-12.01,171.49,120.0,0.5278194488661964,0.9947706
2009-12-20,46.60932519491489,528.5196916371749,0.21452549445977925,1.1920928955078125e-07,1.1920929e-07,1.1920929e-07,0.0,8.64,-12.47,-18.06,-6.88,214.9,149.18,0.4858283719331154,0.98501796
2009-12-21,46.841256170009046,527.8360787275392,0.2343471402742176,1.1920928955078125e-07,1.1920929e-07,1.1920929e-07,0.0,8.64,-11.305,-13.87,-8.74,129.08,210.54,0.4477248226002674,0.95576
2009-12-22,47.17877993120746,527.1776109245326,0.22455267862042486,1.1920928955078125e-07,0.51,1.1920929e-07,0.51,8.64,-11.845,-13.12,-10.57,69.83,221.68,0.4138511975786858,0.9069967
2009-12-23,47.627211424370095,526.5592034393951,0.18390773183028086,1.1920928955078125e-07,1.08,1.1920929e-07,1.08,8.64,-14.395,-17.85,-10.94,167.77,152.53,0.3843757073659798,0.85823345
2009-12-24,48.09802089081652,525.9793068663209,0.2164862770075646,1.1920928955078125e-07,0.06,1.1920929e-07,0.06,8.64,-12.29,-17.43,-7.15,212.05,158.85,0.3586459449507774,0.8484808
2009-12-25,48.14993622977672,525.321140203702,0.4027527177745629,1.1920928955078125e-07,1.1920929e-07,1.1920929e-07,0.0,8.64,-3.93,-8.72,0.86,202.12,317.77,0.33152370996570574,0.8289755
2009-12-26,48.088644099875864,524.6344781490125,0.33324870865072564,1.1920928955078125e-07,1.1920929e-07,1.1920929e-07,0.0,8.64,-6.525,-9.12,-3.93,133.25,304.37,0.3054110017123733,0.8094702
2009-12-27,52.29640912989237,523.992628101358,0.3650056234276309,1.1920928955078125e-07,10.2,3.0398368e-07,10.2,8.64,-5.26,-9.68,-0.84,146.05,295.29,0.2828655070602626,5.754065
2009-12-28,57.25444186264198,534.9942986674539,0.5313344406655434,1.1920928955078125e-07,1.1920929e-07,22.81,22.81,8.64,-0.26,-4.55,4.03,141.59,437.66,1.0530306543249994,5.334701
2009-12-29,57.28306572650186,546.4004650120859,0.44039717666161354,1.1920928955078125e-07,1.0978454,4.0221543,5.12,8.64,-3.23,-6.84,0.38,127.87,362.63,4.114250641873491,2.165089
2009-12-30,59.21796706839013,542.9049065645002,0.19907793373109772,1.1920928955078125e-07,1.1920929e-07,1.1920929e-07,0.0,8.64,-13.775,-21.33,-6.22,239.35,115.6,2.709637503560719,1.3751241
2009-12-31,58.92086497903451,540.408369814786,0.16597624982072792,1.1920928955078125e-07,1.1920929e-07,1.1920929e-07,0.0,8.64,-16.015,-21.42,-10.61,218.35,114.3,2.010802688704165,1.2873502
2010-01-01,60.70213406073765,538.4020696504431,0.28781158267754237,1.1920928955078125e-07,3.63,1.1920929e-07,3.63,8.657714,-8.88,-11.58,-6.18,98.67,254.33,1.582214638645766,1.2288343
2010-01-02,64.59704586005583,536.6523619742721,0.3478683536503927,1.1920928955078125e-07,4.26,1.1920929e-07,4.26,8.72067,-6.375,-9.73,-3.02,118.31,292.87,1.283735520633491,1.1703184
2010-01-03,73.5320240254778,535.1564246430183,0.30133308146348126,1.1920928955078125e-07,12.62,1.1920929e-07,12.62,8.735997,-8.305,-10.45,-6.16,81.85,277.28,1.073627185893373,1.1215551
2010-01-04,81.96342651681707,533.8207915774651,0.3825768531844676,1.1920928955078125e-07,3.8899996,3.477931e-07,3.89,8.735997,-5.02,-9.82,-0.22,151.37,293.48,0.9152703671795388,1.1118025
2010-01-05,83.55784923216187,532.6205604992351,0.31849363904277145,1.1920928955078125e-07,1.1920929e-07,1.1920929e-07,0.0,8.735997,-7.495,-9.27,-5.72,93.67,302.81,0.7929962253483682,1.0825444
2010-01-06,83.51209098378541,531.5606051737503,0.3128397027449381,1.1920928955078125e-07,1.1920929e-07,1.1920929e-07,0.0,8.735997,-7.71,-9.26,-6.16,83.25,302.54,0.6986691180825694,1.0337812
2010-01-07,83.83290787133942,530.5869312291256,0.31419242818443555,1.1920928955078125e-07,0.56,1.1920929e-07,0.56,8.7736025,-7.685,-9.38,-5.99,90.48,298.71,0.6219407209187038,1.0045233
2010-01-08,84.40612568203515,529.6922139392994,0.27240778365505147,1.1920928955078125e-07,1.1920929e-07,1.1920929e-07,0.0,8.832,-9.66,-12.96,-6.36,164.69,234.01,0.5588862003594658,0.96551263
2010-01-09,84.96260332913876,528.890865830616,0.25388052334608296,1.1920928955078125e-07,0.82,1.1920929e-07,0.82,8.832,-10.57,-14.52,-6.62,192.4,198.5,0.507858322747038,0.9362547
2010-01-10,85.39962452163074,528.1821019499423,0.1609198191199838,1.1920928955078125e-07,1.1920929e-07,1.1920929e-07,0.0,8.832,-16.39,-19.84,-12.94,172.01,120.0,0.4666226603645075,0.91674936
2010-01-11,85.722456560273,527.4819905310127,0.1923666848299006,1.1920928955078125e-07,1.1920929e-07,1.1920929e-07,0.0,8.8320055,-14.125,-19.05,-9.2,223.42,136.58,0.4291785821511585,0.92650205
2010-01-12,85.92706628956327,526.8125228077201,0.28501481574175197,1.1920928955078125e-07,0.31,1.1920929e-07,0.31,8.928,-9.13,-12.87,-5.39,189.05,228.43,0.39618708454483426,0.89724404
2010-01-13,86.00349417255097,526.2133710764599,0.18357682701303954,1.1920928955078125e-07,1.1920929e-07,1.1920929e-07,0.0,8.928,-14.825,-18.32,-11.33,177.21,159.24,0.36881721444329707,0.8679861
2010-01-14,86.0176631177434,525.6999124806074,0.16067462430371088,1.1920928955078125e-07,1.1920929e-07,1.1920929e-07,0.0,8.928,-16.485,-22.86,-10.11,254.47,94.3,0.34687144375221723,0.8484808
2010-01-15,86.0172244018535,525.1836540391647,0.21378561097704826,1.1920928955078125e-07,1.1920929e-07,1.1920929e-07,0.0,8.965603,-12.91,-22.23,-3.59,275.46,107.37,0.3261224020602199,0.8484808
2010-01-16,86.01674444276276,524.5332841952986,0.46324378839010466,1.1920928955078125e-07,1.1920929e-07,1.1920929e-07,0.0,9.024,-2.555,-5.79,0.68,170.35,397.27,0.30174068175889823,0.8484808
2010-01-17,85.97439455788587,523.7676308655596,0.46486518313619324,1.1920928955078125e-07,1.1920929e-07,1.1920929e-07,0.0,9.024,-2.485,-5.11,0.14,145.18,422.55,0.27536276006864224,0.81922287
2010-01-18,87.35891478125309,523.1173124390856,0.3418704968492922,1.1920928955078125e-07,3.0,1.1920929e-07,3.0,9.024009,-6.73,-8.65,-4.81,90.83,317.73,0.25477752175633733,0.79971755
2010-01-19,90.02850444192396,522.5314069306518,0.3494542060359669,1.1920928955078125e-07,2.3,1.1920929e-07,2.3,9.12,-6.56,-8.62,-4.5,113.34,319.08,0.23755233642970278,0.78996485
2010-01-20,94.21794172464222,521.9183691660686,0.4117474102676545,1.1920928955078125e-07,5.62946,0.0005401066,5.63,9.12,-4.285,-5.51,-3.06,56.52,400.0,0.22077487598466763,0.7802122
2010-01-21,97.51038827838026,521.3122536569764,0.3617666872942772,1.1920928955078125e-07,1.0,1.1920929e-07,1.0,9.120006,-6.055,-9.36,-2.75,188.28,300.01,0.2053521142999265,0.7607069
2010-01-22,97.92521373591536,520.7983847362759,0.2776921597969594,1.1920928955078125e-07,1.1920929e-07,1.1920929e-07,0.0,9.216002,-9.745,-16.14,-3.35,276.17,165.86,0.19312355711900916,0.73144895
2010-01-23,97.90384170766241,520.3525337147822,0.2452965836548112,1.1920928955078125e-07,1.1920929e-07,1.1920929e-07,0.0,9.216002,-11.365,-20.83,-1.9,299.89,120.0,0.1831051997223689,0.7119437
2010-01-24,97.90498984071624,519.9239961392059,0.26328515015080317,1.1920928955078125e-07,1.1920929e-07,1.1920929e-07,0.0,9.253603,-10.48,-19.51,-1.45,301.48,128.25,0.17396603798905919,0.702191
2010-01-25,99.69936078659968,519.450566186838,0.3607365388809688,1.1920928955078125e-07,4.51,1.1920929e-07,4.51,9.312,-6.33,-13.49,0.83,217.97,214.63,0.16439888455278617,4.2911673
2010-01-26,99.50376428488575,536.2835479928822,0.7124391099145505,6.112277030944824,1.1920929e-07,29.63,29.63,9.312,2.895,-1.33,7.12,171.12,558.25,1.2283958082769648,12.288342
2010-01-27,97.38651909987041,548.5052572254764,0.5151278223445473,1.1920928955078125e-07,4.6634673e-06,0.23999533,0.24,9.408,-2.275,-4.15,-0.4,119.5,452.04,5.290605958755686,5.168906
2010-01-28,97.26337278253587,544.0140222281979,0.4138352335229917,1.1920928955078125e-07,1.1920929e-07,1.1920929e-07,0.0,9.408,-5.22,-9.37,-1.07,238.23,297.62,3.0935819656183456,2.7600007
2010-01-29,98.56116258366096,541.079998917693,0.2758242808879681,1.1920928955078125e-07,2.23,1.1920929e-07,2.23,9.425714,-10.635,-18.68,-2.59,297.23,140.54,2.178809876008546,1.7067143
2010-01-30,99.64719530120753,538.9722203091795,0.13227286553809722,1.1920928955078125e-07,1.1920929e-07,1.1920929e-07,0.0,9.504,-19.94,-23.24,-16.64,208.71,93.36,1.6937515443068416,1.3361135
2010-01-31,99.64119403520355,537.3067081702918,0.1467809723524285,1.1920928955078125e-07,1.1920929e-07,1.1920929e-07,0.0,9.504,-18.64,-23.46,-13.82,269.83,84.13,1.3881252389355276,1.1995763
2010-02-01,99.64260316508884,535.8463572536301,0.20364559718823935,1.1920928955078125e-07,0.01,1.1920929e-07,0.01,9.5999975,-14.66,-20.11,-9.21,290.17,127.14,1.1658780363203618,1.1313077
2010-02-02,99.64342116636263,534.512539078833,0.20434471344713606,1.1920928955078125e-07,1.1920929e-07,1.1920929e-07,0.0,9.5999975,-14.585,-19.17,-10.0,265.62,136.78,0.9941300344296619,1.0727918
2010-02-03,99.64370173560353,533.3010464848703,0.2095206380828129,1.1920928955078125e-07,1.1920929e-07,1.1920929e-07,0.0,9.680673,-14.345,-20.51,-8.18,309.81,123.4,0.8601626268828115,1.0435338
2010-02-04,99.64367168378052,532.2085806408621,0.29855608385577354,1.1920928955078125e-07,1.1920929e-07,1.1920929e-07,0.0,9.696,-9.745,-15.96,-3.53,306.7,178.37,0.7549080765796207,1.0142759
2010-02-05,99.64355782186264,531.2318427159288,0.24383321226022117,1.1920928955078125e-07,1.1920929e-07,1.1920929e-07,0.0,9.713714,-12.395,-14.89,-9.9,159.95,199.11,0.6717575118092248,0.98501796
2010-02-06,99.64396289648373,530.3626489419731,0.21681083699216705,1.1920928955078125e-07,1.1920929e-07,1.1920929e-07,0.0,9.792003,-13.985,-20.71,-7.26,323.51,119.57,0.6054960358312687,0.96551263
2010-02-07,99.64756104204915,529.5642494300763,0.21235805480596023,1.1920928955078125e-07,1.1920929e-07,1.1920929e-07,0.0,9.792003,-14.23,-21.08,-7.38,324.51,116.87,0.5504064191616721,0.95576
2010-02-08,99.65660389287838,528.8031829284987,0.25247429377874825,1.1920928955078125e-07,1.1920929e-07,1.1920929e-07,0.0,9.888002,-12.115,-14.54,-9.69,160.47,199.57,0.5025656864857573,0.9362547
2010-02-09,99.67320073717875,528.0477209355456,0.30163204268969485,1.1920928955078125e-07,0.05,1.1920929e-07,0.05,9.888002,-9.765,-11.79,-7.74,136.17,250.06,0.4591905965805841,0.92650205
2010-02-10,99.69586949034627,527.2736132795653,0.3766474442605162,1.1920928955078125e-07,1.1920929e-07,1.1920929e-07,0.0,9.984,-6.895,-11.9,-1.89,291.98,248.41,0.4186254638774357,0.92650205
2010-02-11,99.7075072654703,526.5060046648023,0.37859689221805604,1.1920928955078125e-07,1.1920929e-07,1.1920929e-07,0.0,9.984,-6.805,-10.6,-3.01,243.08,272.94,0.3819403341212807,0.92650205
2010-02-12,99.71001907515485,525.7560217469247,0.39076567672770257,1.1920928955078125e-07,1.1920929e-07,1.1920929e-07,0.0,10.08,-6.485,-9.34,-3.63,195.09,300.78,0.34920461764850524,0.9069967
2010-02-13,99.7086526079005,525.0295718308519,0.39137150855105324,1.1920928955078125e-07,1.1920929e-07,1.1920929e-07,0.0,10.08,-6.445,-10.39,-2.5,260.73,278.36,0.32017360506257186,0.8777388
2010-02-14,99.7087294436558,524.3311702060967,0.3885420626093467,1.1920928955078125e-07,1.1920929e-07,1.1920929e-07,0.0,10.1760025,-6.655,-10.21,-3.1,249.71,282.12,0.294541476889274,0.85823345
2010-02-15,99.7137872596134,523.6524791823994,0.3832223836767177,1.1920928955078125e-07,1.1920929e-07,1.1920929e-07,0.0,10.1760025,-6.825,-8.47,-5.18,127.54,321.8,0.2716002399047718,0.83872813
2010-02-16,99.72304344596871,522.9867770305339,0.35937107981509614,1.1920928955078125e-07,1.1920929e-07,1.1920929e-07,0.0,10.271997,-7.805,-12.17,-3.44,294.97,242.56,0.25083481354175047,0.81922287
2010-02-17,99.73527408371594,522.328896336163,0.4511056236276533,1.1920928955078125e-07,1.1920929e-07,1.1920929e-07,0.0,10.271997,-4.68,-10.78,1.42,349.7,270.61,0.23187360802919657,0.8094702
2010-02-18,99.7492552538492,521.6736696849492,0.4778876363308475,1.1920928955078125e-07,1.1920929e-07,1.1920929e-07,0.0,10.368,-3.99,-5.95,-2.03,148.98,393.23,0.21441370522374453,0.78996485
2010-02-19,99.76376303736268,521.0159296625554,0.5320467987135233,1.1920928955078125e-07,2.0785332e-05,0.15997921,0.16,10.368,-2.465,-6.81,1.88,292.84,368.79,0.19820899000041958,0.7802122
2010-02-20,99.77757351525055,520.3505088546441,0.435184271005206,1.1920928955078125e-07,1.1920929e-07,1.1920929e-07,0.0,10.464,-5.38,-6.91,-3.85,121.51,365.78,0.18306090717906237,0.7704596
2010-02-21,99.78946276850697,519.6722398468779,0.5096322934689365,1.1920928955078125e-07,1.1920929e-07,1.1920929e-07,0.0,10.464,-3.165,-6.38,0.05,245.16,381.28,0.16881117669547485,0.7607069
2010-02-22,99.79820687812608,518.9759552249195,0.45236821872390925,1.1920928955078125e-07,1.1920929e-07,1.1920929e-07,0.0,10.56,-4.935,-6.55,-3.32,138.45,375.89,0.15533595058756147,0.7509543
2010-02-23,99.80258192510207,518.2564875744317,0.5939622939629985,1.1920928955078125e-07,1.1920929e-07,1.1920929e-07,0.0,10.56,-1.085,-4.35,2.18,269.12,446.65,0.14254100858863591,0.74120164
2010-02-24,99.80285995543356,517.5184231936005,0.5616788602553117,1.1920928955078125e-07,2.3782252e-07,0.20999976,0.21,10.655997,-1.99,-3.58,-0.4,145.86,470.47,0.13050967782350617,0.73144895
2010-02-25,99.8028602814082,516.7886284590884,0.5809528430068203,1.1920928955078125e-07,7.1704386e-07,24.06,24.06,10.655997,-1.49,-2.74,-0.24,92.44,501.6,0.11961198780121055,0.78996485
2010-02-26,99.80286056275993,516.06997636232,0.6458383548639677,1.1920928955078125e-07,1.1920929e-07,41.67,41.67,10.752,-0.08,-2.13,1.97,145.11,524.67,0.1097703057259578,2.1260784
2010-02-27,99.80286080276652,515.3635014134732,0.6498865143782622,1.1920928955078125e-07,1.1920929e-07,12.84,12.84,10.752,0.03,-3.0,3.06,204.98,491.01,0.10088506881161541,1.3361135
2010-02-28,99.80286100470569,514.6702381227258,0.5718654723691494,1.1920928955078125e-07,5.15759e-06,10.179996,10.18,10.848,-1.91,-3.75,-0.07,139.67,461.45,0.09286551028264334,1.0532866
2010-03-01,99.80286117185521,513.9912210002555,0.5530706599499339,1.1920928955078125e-07,0.00014570802,3.049854,3.05,10.848005,-2.365,-4.65,-0.08,179.64,437.3,0.08562906812511104,1.0045233
2010-03-02,99.80286130749282,513.32748455624,0.522579648328653,1.1920928955078125e-07,1.1920929e-07,1.1920929e-07,0.0,10.9439945,-3.27,-6.54,0.0,316.43,377.45,0.07910080052108161,0.96551263
2010-03-03,99.80286141489626,512.6800633008573,0.622267683362904,1.1920928955078125e-07,1.1920929e-07,1.1920929e-07,0.0,11.04,-0.9,-6.72,4.92,424.79,371.65,0.07321281600175204,0.97526526
2010-03-04,99.80286149734329,512.0499917442852,0.5605353522679574,1.1920928955078125e-07,1.1920929e-07,1.1920929e-07,0.0,11.04,-2.37,-5.67,0.93,324.97,403.09,0.06790372445337291,0.9069967
2010-03-05,99.80286155811164,511.43830439670137,0.5052040070201398,1.1920928955078125e-07,1.1920929e-07,1.1920929e-07,0.0,11.136003,-3.935,-8.55,0.68,405.15,319.06,0.063118113498351,0.81922287
2010-03-06,99.80286160047909,510.8460357682836,0.484195723355884,1.1920928955078125e-07,1.1920929e-07,1.1920929e-07,0.0,11.136003,-4.51,-10.59,1.57,450.91,272.92,0.05880605342733033,0.8289755
2010-03-07,99.80286162772336,510.27422036920973,0.5655000221474531,1.1920928955078125e-07,1.1920929e-07,1.1920929e-07,0.0,11.232,-2.44,-10.02,5.14,470.05,288.07,0.05492263275028508,0.8874914
2010-03-08,99.8028616431222,509.72389270965743,0.7328225228638358,2.340761958331541,1.1920929e-07,1.1920929e-07,0.0,11.232,1.3,-5.08,7.68,456.04,421.77,0.051427525539710764,1.150813
2010-03-09,99.80286164995337,509.1960872998046,0.7007638337497083,0.49429492968880595,1.1920929e-07,1.1920929e-07,0.0,11.327997,0.54,-4.74,5.82,437.48,437.0,0.0482845910316028,1.1703184
2010-03-10,99.80286157617125,508.69183722135,0.44670598375947146,1.1920928955078125e-07,1.1920929e-07,1.1920929e-07,0.0,11.327997,-5.8,-11.71,0.11,459.5,251.99,0.0454614976474262,0.98501796
2010-03-11,99.80147870276159,508.16002024652903,0.5088894761867541,1.1920928955078125e-07,1.1920929e-07,1.1920929e-07,0.0,11.424,-4.1,-11.88,3.68,487.94,247.9,0.042662717270888016,0.97526526
2010-03-12,99.80183425721641,507.5323296066773,0.6586570501899897,1.1920928955078125e-07,1.1920929e-07,1.1920929e-07,0.0,11.424,-0.43,-8.63,7.77,491.41,318.32,0.039580250587062396,1.0532866
2010-03-13,99.81724572095474,506.8045887867662,0.683558893347834,1.1920928955078125e-07,1.1920929e-07,1.1920929e-07,0.0,11.52,0.005,-7.88,7.89,490.95,336.52,0.036284162597886846,1.3068554
2010-03-14,99.85059129403504,506.07893076177163,0.6885066085079157,1.1920928955078125e-07,1.1920929e-07,0.05,0.05,11.616,0.01,-4.7,4.72,410.97,434.09,0.03327083823298264,1.4824033
2010-03-15,99.8796662290936,510.2508123548772,0.6980368601408087,1.1920928955078125e-07,1.1920929e-07,9.09,9.09,11.616,0.09,-2.14,2.32,182.22,524.39,0.05476924304889313,1.8725094
2010-03-16,98.60792737370791,514.8682857111802,0.7910828838080396,3.1920997251037164,1.1920929e-07,1.1920929e-07,0.0,11.711997,1.66,-3.84,7.16,442.11,456.48,0.09508912626171367,2.018799
2010-03-17,93.37328755652113,519.146750228632,0.8953416338506308,7.223598003387451,1.1920929e-07,1.1920929e-07,0.0,11.711997,3.365,-4.82,11.55,500.12,433.46,0.15853833360747213,2.672227
2010-03-18,86.72988487599488,524.6714945561736,0.887129316010119,6.242325782775879,1.1920929e-07,1.1920929e-07,0.0,11.808002,2.95,-4.14,10.04,486.81,451.07,0.30676471627861596,3.6962554
2010-03-19,78.83471234752923,531.1801896313683,0.9862662403818137,9.54081916809082,1.1920929e-07,1.1920929e-07,0.0,11.808002,4.345,-0.94,9.63,430.52,573.95,0.6676245934884807,4.798305
2010-03-20,67.69829240712733,540.1020886319043,1.103127349088258,12.650154113769531,1.1920929e-07,1.1920929e-07,0.0,11.904,5.66,-1.71,13.03,489.2,543.76,1.9385498024742163,6.2709556
2010-03-21,54.83734970543994,548.3999219741077,1.103559136867295,12.118138313293457,1.1920929e-07,1.1920929e-07,0.0,11.904,5.435,-2.49,13.36,502.7,512.35,5.224439694738992,5.9101076
2010-03-22,49.07524900252648,547.608689617372,0.7683038033818796,1.1920928955078125e-07,1.1920929e-07,1.75,1.75,11.999997,-0.015,-2.6,2.57,224.7,505.46,4.753174954604259,3.5792236
2010-03-23,47.505450576157266,554.2787658720446,0.8837700472911376,3.357617599282264,1.1920929e-07,23.95,23.95,12.096,1.73,-1.88,5.34,251.26,535.48,10.545922128086502,16.57951
2010-03-24,46.54489931506466,565.3196273813977,0.7575824670224581,1.1920928955078125e-07,1.1920929e-07,43.68,43.68,12.096,-0.79,-1.9,0.32,90.83,534.09,39.443835961395756,17.749828
2010-03-25,46.54469225786111,558.5819461470757,0.700751373308653,1.1920928955078125e-07,9.763241e-07,3.6399992,3.64,12.192,-1.845,-4.84,1.15,233.13,429.72,17.634796718372254,6.8171043
2010-03-26,46.54640155361491,549.0590310872939,0.8887354416748586,3.60589299061445,1.1920929e-07,1.1920929e-07,0.0,12.192,1.835,-7.3,10.97,535.97,353.54,5.652491968896591,6.826857
2010-03-27,46.546615671531285,543.9886921000608,0.4099592019857981,1.1920928955078125e-07,1.1920929e-07,1.1920929e-07,0.0,12.288,-8.97,-13.66,-4.28,409.35,211.76,3.084233734296954,4.213146
2010-03-28,46.54379485051989,540.9731858356992,0.46969396986477446,1.1920928955078125e-07,1.1920929e-07,1.1920929e-07,0.0,12.288,-7.065,-12.81,-1.32,461.98,229.56,2.151181014969988,3.2768915
2010-03-29,49.959995909451614,539.3519820064917,0.6293333641301242,1.1920928955078125e-07,0.64135826,9.528642,10.17,12.384,-3.09,-7.24,1.06,279.17,358.23,1.7723724797404625,10.532866
2010-03-30,48.4807604388934,552.0565769920063,0.9750077800103583,6.100454807281494,1.1920929e-07,21.29,21.29,12.384,2.89,-0.22,6.0,215.18,601.63,8.086830550207392,16.189404
2010-03-31,43.83188605302312,561.1346631098602,0.8954521384944795,2.3052774254825295,1.1920929e-07,21.25,21.25,12.48,1.285,-0.04,2.61,100.77,611.79,23.92364263726763,31.9887
2010-04-01,39.59002806662744,557.3188279080641,1.0282695531075339,7.093549728393555,1.1920929e-07,4.49,4.49,12.576003,3.31,1.95,4.67,104.57,707.07,15.164533358346832,16.57951
2010-04-02,27.252077932245157,556.4237201163351,1.3644190191758148,17.272775650024414,1.1920929e-07,1.1920929e-07,0.0,12.576003,7.615,0.23,15.0,508.97,617.86,13.62646427390679,15.701771
2010-04-03,10.918213585170005,556.4494296614121,1.5969250160286002,10.918213585170005,1.1920929e-07,1.1920929e-07,0.0,12.672003,9.945,0.68,19.21,537.88,637.79,13.668385328864561,18.237461
2010-04-04,3.994682506747374,551.3452142000014,1.915276130000551,3.994682506747374,1.1920929e-07,1.1920929e-07,0.0,12.672003,12.985,1.12,24.85,552.94,661.36,7.427911841283577,17.457249
2010-04-05,1.4591762320483146,546.6341510587945,1.3661841009275049,1.4591755606415848,1.1920929e-07,1.1920929e-07,0.0,12.767997,7.675,-0.58,15.93,518.38,584.96,4.230740440452049,11.118024
2010-04-06,0.5318262502236577,542.6985499810347,1.4380086181699399,0.5292323437087947,1.1920929e-07,1.1920929e-07,0.0,12.767997,8.58,-0.66,17.82,535.87,584.64,2.6436481017670306,9.050462
2010-04-07,0.2003221506797452,545.5029030892439,1.3937775330477926,0.17651083837001896,1.1920929e-07,13.65,13.65,12.864003,7.9,4.73,11.07,200.54,858.56,3.6958772212992503,11.605657
2010-04-08,0.08759170833063877,546.0623272528281,1.937645034737726,0.06183759365122735,1.1920929e-07,0.29,0.29,12.864003,13.085,4.44,21.73,509.97,841.48,3.95134780410767,8.728624
2010-04-09,0.04412476197286292,545.7147154153006,1.1440257745467333,0.026852400709427397,1.1920929e-07,9.53,9.53,12.96,4.77,2.52,7.02,151.54,734.2,3.79060189473602,7.9581647
2010-04-10,0.0237827919197903,553.9526774105486,0.9554147552704324,0.013298819685517342,1.1920929e-07,23.15,23.15,12.96,1.87,-2.04,5.78,259.73,528.73,10.142950222698463,11.118024
2010-04-11,0.013739592450009034,553.1800005123341,0.9769788142123685,0.007340996197894474,1.1920929e-07,1.1920929e-07,0.0,13.056,2.11,-1.52,5.74,331.54,549.77,9.248497639244787,5.646786
2010-04-12,0.008015160024490169,546.1435490112779,1.085047050496499,0.00416810106098992,1.1920929e-07,1.1920929e-07,0.0,13.151992,3.745,-0.28,7.77,360.9,600.23,3.9898791371247833,4.2521567
2010-04-13,0.004190107539216161,541.8019343374903,0.9249738848512635,0.002138926082870454,1.1920929e-07,1.1920929e-07,0.0,13.152,1.505,-4.0,7.01,456.11,452.04,2.3750870746066486,3.3939233
2010-04-14,0.0021607938156169206,538.7313599956908,1.1014821472599052,0.001092069028450345,1.1920929e-07,1.1920929e-07,0.0,13.247997,4.065,-3.93,12.06,538.76,454.1,1.6457043059454024,2.9257958
2010-04-15,0.0012744547708489844,536.228799133734,1.0666673415892263,0.0006412879178715006,1.1920929e-07,1.1920929e-07,0.0,13.247997,3.655,-3.57,10.88,518.82,468.19,1.2203867547440914,2.5942056
2010-04-16,0.0007597656924564149,533.9929528984085,1.042588529294714,0.0003813259490549459,1.1920929e-07,1.1920929e-07,0.0,13.344,3.27,-2.98,9.52,488.13,492.79,0.9342919516429028,2.496679
2010-04-17,0.0008839298192291821,537.6222560441037,0.8616968229989749,0.00029166396148598415,1.1920929e-07,11.6,11.6,13.344,0.375,-2.47,3.22,209.86,510.78,1.4414579593298995,2.779506
2010-04-18,0.0023643139887272,542.5030118941326,0.7874554061573451,1.1920928955078125e-07,1.1920929e-07,4.09,4.09,13.44,-1.155,-3.26,0.95,160.28,482.46,2.582601818137046,2.8477747
2010-04-19,0.0035300922101813028,541.8416002521739,0.870791051290221,3.029892575656468e-06,1.1920929e-07,1.58,1.58,13.44,0.31,-2.87,3.49,315.89,496.35,2.3863697985621797,3.6474922
2010-04-20,0.003191319084221504,539.9870325492886,1.1636020877870235,0.00162111867514917,1.1920929e-07,1.0,1.0,13.536,4.53,0.26,8.8,403.02,622.56,1.9120835555421416,4.525231
2010-04-21,0.0019025281945065755,537.5275719311876,1.3643999637797037,0.0009603128581403543,1.1920929e-07,1.1920929e-07,0.0,13.536,7.015,0.36,13.67,512.14,625.07,1.4252431314909104,4.0863614
2010-04-22,0.0011321069361385863,534.8735206273411,1.50928928333592,0.0005692575991346139,1.1920929e-07,0.91,0.91,13.632,8.54,0.85,16.23,538.7,644.86,1.0379442166652073,3.481697
2010-04-23,0.0006721728822976029,536.8049901698324,1.5556816699906733,0.00033721597785518536,1.1920929e-07,8.63,8.63,13.632,8.955,1.66,16.25,387.06,690.14,1.3073600746238614,4.2716618
2010-04-24,0.00039951922509337616,537.600007938563,1.0988812247230992,0.00020015865104396316,1.1920929e-07,0.5,0.5,13.728,3.53,-1.09,8.15,398.78,566.31,1.437631427096725,3.4329338
2010-04-25,0.0002351025117264597,535.3340222932022,1.4075830471688415,0.00011768943877713167,1.1920929e-07,1.1920929e-07,0.0,13.728,7.34,-0.65,15.33,541.71,584.13,1.0966518842922026,2.7600007
2010-04-26,0.0001301327529184804,532.9405375362746,1.3810882088341563,6.5108712786721e-05,1.1920929e-07,1.1920929e-07,0.0,13.8239975,7.01,-0.16,14.18,516.63,603.88,0.8238995638580584,2.4869266
2010-04-27,7.80426138934777e-05,531.2502008124612,1.4853005356527362,3.903653356992434e-05,1.1920929e-07,2.9,2.9,13.8239975,8.18,0.16,16.2,439.99,620.09,0.6732325524908555,2.301626
2010-04-28,4.970161947611715e-05,530.1811772463706,0.9576617902289682,2.4856816463914568e-05,1.1920929e-07,14.41,14.41,13.92,1.5,-0.43,3.43,137.47,592.19,0.5925090610591631,4.6812735
2010-04-29,3.3320766161212e-05,530.5409220854032,0.8794285732234248,1.1920928955078125e-07,1.1920929e-07,5.36,5.36,13.92,0.25,-2.0,2.5,159.89,530.91,0.6185312463254634,4.1448774
2010-04-30,2.0314038757550936e-05,531.6414443319799,1.0332667708988246,1.0158051029198528e-05,1.1920929e-07,1.1920929e-07,0.0,14.016003,2.475,-1.27,6.22,338.51,559.6,0.7054498999748756,2.8965378
2010-05-01,9.783365332908952e-06,530.4845599433057,1.4748738653461104,4.8919219520473785e-06,1.1920929e-07,1.1920929e-07,0.0,14.016003,7.88,1.02,14.74,491.32,648.65,0.614380032328707,2.5161843
2010-05-02,3.5146299950781937e-06,528.0762694900469,1.9285428085392715,1.7573458790990994e-06,1.1920929e-07,0.03,0.03,14.112002,12.06,3.05,21.07,539.69,767.12,0.4607595333263169,2.467421
2010-05-03,1.8469571542049829e-06,525.7793356773061,2.729494924248539,9.234871052293148e-07,1.1920929e-07,1.1920929e-07,0.0,14.112002,17.82,9.95,25.69,494.68,1236.46,0.3501786826060729,2.642969
2010-05-04,8.801453683523463e-07,524.6353752046579,2.647053933978406,4.4007462081584676e-07,1.1920929e-07,2.48,2.48,14.208,17.23,9.18,25.28,440.47,1174.69,0.3054437368957097,2.7404954
2010-05-05,3.624249938181462e-07,524.4086762555954,2.1178233822542323,1.8121282528876348e-07,1.1920929e-07,2.57,2.57,14.208,13.57,6.68,20.46,428.19,977.18,0.2972816745756044,2.808764
2010-05-06,2.1042464219107851e-07,524.8815849026785,2.20825628680768,1.1920928955078125e-07,1.1920929e-07,3.03,3.03,14.2862835,14.145,8.62,19.67,317.55,1129.41,0.3145623169799285,2.555195
2010-05-07,1.1917749414126609e-07,527.4622175445849,1.631430435267136,1.1920928955078125e-07,1.1920929e-07,7.1,7.1,14.304,9.22,3.37,15.07,334.89,781.96,0.4281658727149376,2.6137109
2010-05-08,7.002718190403223e-08,532.4964569254512,1.4824181441088715,1.1920928955078125e-07,1.1920929e-07,4.08,4.08,14.31933,7.57,3.0,12.14,289.42,762.0,0.7813247152418549,3.0818384
2010-05-09,3.965007587327401e-08,539.52585442354,1.0628007580670582,1.1920928955078125e-07,1.1920929e-07,14.44,14.44,14.399997,2.275,-0.37,4.92,186.08,597.27,1.8095766769227455,4.710531
2010-05-10,0.0003355916773438767,543.0166139573786,0.952590072150513,0.0001574934922083133,1.1920929e-07,0.67,0.67,14.399997,0.58,-2.77,3.93,310.08,500.8,2.7460442564152316,2.8282692
2010-05-11,0.012138993572441905,540.0403192441763,0.9004938284190962,1.1920928955078125e-07,1.1920929e-07,1.1920929e-07,0.0,14.495997,-0.25,-2.72,2.22,230.12,501.88,1.9242958231376261,2.1845942
2010-05-12,0.007911914558760546,537.3429455212802,1.2520498786153402,0.0041123716737748155,1.1920929e-07,1.1920929e-07,0.0,14.495997,4.675,-1.48,10.83,470.49,555.6,1.3941482412133828,1.8920146
2010-05-13,0.004551485368452875,534.8869226365953,1.2439194343195452,0.002327523793029523,1.1920929e-07,1.1920929e-07,0.0,14.574286,4.565,-2.76,11.89,511.16,501.17,1.0396075493502985,1.6677036
2010-05-14,0.0017827751639804814,532.8175390047976,1.4428123279000509,0.0008993330897620668,1.1920929e-07,1.1920929e-07,0.0,14.592003,6.855,-1.09,14.8,525.79,568.71,0.8118803948901705,1.5116612
2010-05-15,-7.315058290637e-05,531.3895350052757,1.6447395020431885,1.1920928955078125e-07,1.1920929e-07,1.59,1.59,14.592003,8.92,4.19,13.65,397.46,827.48,0.6845338991614351,1.4824033
2010-05-16,-0.0004626070939559513,530.8448229097105,1.5301931026214168,1.1920928955078125e-07,1.1920929e-07,2.0,2.0,14.688,7.715,2.89,12.54,388.83,753.63,0.6414024652853265,1.5311666
2010-05-17,-0.00026713608022679316,529.3551853350674,1.6925721402222746,1.1920928955078125e-07,1.1920929e-07,1.1920929e-07,0.0,14.688,9.325,2.71,15.94,480.19,737.04,0.5368283612383415,1.2971028
2010-05-18,-0.00015427728810679008,526.9114221923111,2.013309262669569,1.1920928955078125e-07,1.1920929e-07,1.1920929e-07,0.0,14.746397,12.08,3.08,21.08,533.4,766.28,0.4008963128572275,1.1215551
2010-05-19,-9.104356411346585e-05,524.7843005730718,2.056615834991329,1.1920928955078125e-07,1.1920929e-07,1.78,1.78,14.784002,12.445,3.97,20.92,503.83,815.32,0.3109272241966872,1.5506718
2010-05-20,-5.4311801919813e-05,527.2480032880235,1.48183341386963,1.1920928955078125e-07,1.1920929e-07,8.52,8.52,14.784002,7.225,4.98,9.47,146.39,877.82,0.4173465000664716,2.3991525
2010-05-21,-3.214860051048771e-05,528.8670450518764,2.1909914541431825,1.1920928955078125e-07,1.1920929e-07,1.1920929e-07,0.0,14.879986,13.235,3.9,22.57,533.87,809.11,0.5064149845489662,1.4531453
2010-05-22,-1.9227594582677592e-05,526.3497925223776,2.0664603775537684,1.1920928955078125e-07,1.1920929e-07,1.1920929e-07,0.0,14.879992,12.37,4.06,20.68,513.69,808.36,0.3748779514514877,1.1215551
2010-05-23,-1.1072497579493182e-05,523.8793983369205,2.2232861224678877,1.1920928955078125e-07,1.1920929e-07,1.1920929e-07,0.0,14.879992,13.625,6.81,20.44,465.88,984.7,0.27906454368313066,0.98501796
2010-05-24,-3.16484872315773e-06,521.1823915052512,2.5926238184121573,1.1920928955078125e-07,1.1920929e-07,1.1920929e-07,0.0,14.975994,16.12,8.66,23.58,478.94,1132.85,0.20219053273029491,0.85823345
2010-05-25,3.53971100792631e-06,518.2978767931515,3.0006802751546076,1.7698868278482007e-06,1.1920929e-07,1.1920929e-07,0.0,14.976003,18.655,11.11,26.2,473.04,1328.49,0.14324763319267714,0.7607069
2010-05-26,7.041488612748924e-06,515.3081493965362,3.39969088183542,3.5208682627791194e-06,1.1920929e-07,0.61,0.61,14.976003,20.88,12.54,29.22,476.2,1454.72,0.10022008279871882,0.6631804
2010-05-27,5.573206537223865e-06,512.2867241396285,2.819788531521582,2.7866809201896784e-06,1.1920929e-07,1.1920929e-07,0.0,15.034397,17.74,7.44,28.04,531.41,1036.71,0.06985175185126305,0.5851592
2010-05-28,2.692778173107652e-06,509.29403506799827,1.9403769699646327,1.3464072141895489e-06,1.1920929e-07,1.1920929e-07,0.0,15.072,11.685,3.27,20.1,508.93,775.56,0.048852965038203335,0.5168906
2010-05-29,6.317516416635985e-07,506.90204100098464,2.0963394429398146,3.158768186071411e-07,1.1920929e-07,1.1920929e-07,0.0,15.072,13.0,5.36,20.64,479.38,897.25,0.03670910203663391,0.47788
2010-05-30,-1.1360963726140517e-07,505.8140095627491,2.313564015048739,1.1920928955078125e-07,1.1920929e-07,2.12,2.12,15.072,14.635,7.85,21.42,406.49,1069.71,0.03223423434183678,0.47788
2010-05-31,-6.706436800656212e-08,504.66615068285046,1.835940757169061,1.1920928955078125e-07,1.1920929e-07,1.1920929e-07,0.0,15.167992,10.85,3.45,18.25,472.16,784.36,0.02810325317967647,0.42911673
2010-06-01,-3.9706499666071547e-08,502.56523073111913,2.260774912884421,1.1920928955078125e-07,1.1920929e-07,1.1920929e-07,0.0,15.168,14.26,6.17,22.35,485.46,953.0,0.02186466616911857,0.4388694
2010-06-02,-2.3908743987384437e-08,506.5386492247335,2.005781768716629,1.1920928955078125e-07,1.1920929e-07,11.92,11.92,15.168,12.2,7.89,16.51,240.26,1071.38,0.035149397021976954,0.61441714
2010-06-03,-1.4388491454461233e-08,511.4774031395,2.569963407604704,1.1920928955078125e-07,1.1920929e-07,3.94,3.94,15.168,16.075,8.16,23.99,358.58,1095.89,0.06341365537712501,0.54614854
2010-06-04,-8.632272632453037e-09,515.2212914891762,2.0213139716787625,1.1920928955078125e-07,1.1920929e-07,7.1,7.1,15.2263975,11.99,9.63,14.35,141.77,1210.96,0.09918541711792694,0.6826857
2010-06-05,-5.190577426734553e-09,518.3037426990745,2.7051252026403017,1.1920928955078125e-07,1.1920929e-07,4.68,4.68,15.264003,16.6,11.54,21.66,272.91,1363.19,0.14334806289767923,1.0240285
2010-06-06,-3.1211672783265915e-09,524.9662528108461,2.6464168015650764,1.1920928955078125e-07,1.1920929e-07,14.63,14.63,15.264003,16.025,11.61,20.44,247.44,1369.08,0.31776056005562614,2.8185167
2010-06-07,-1.875511705197417e-09,541.6018022480092,1.8059812279138967,1.1920928955078125e-07,1.1920929e-07,24.85,24.85,15.264003,9.38,7.08,11.68,142.35,1008.28,2.3189691281680602,3.5597184
2010-06-08,-1.1351267864973897e-09,547.8244391738363,1.9326530509019462,1.1920928955078125e-07,1.1920929e-07,0.09,0.09,15.264003,10.265,4.49,16.04,420.01,843.52,4.87729177660528,1.4433926
2010-06-09,-6.859050331639815e-10,543.0281833210975,1.7644547585381158,1.1920928955078125e-07,1.1920929e-07,1.04,1.04,15.27933,8.96,3.36,14.56,406.65,783.46,2.749842690926869,0.9460073
2010-06-10,-4.095930363556406e-10,539.8891321618064,2.245451337825995,1.1920928955078125e-07,1.1920929e-07,1.38,1.38,15.342286,12.805,6.15,19.46,444.76,946.95,1.889848345316412,0.79971755
2010-06-11,-2.1893735650710403e-10,537.3107617031945,1.6217938783007015,1.1920928955078125e-07,1.1920929e-07,6.0,6.0,15.359997,7.735,5.26,10.21,150.39,890.65,1.3887976811446872,1.0825444
2010-06-12,-6.632626563130536e-11,534.7273104039307,2.0586921923457946,1.1920928955078125e-07,1.1920929e-07,1.1920929e-07,0.0,15.359997,11.55,6.66,16.44,367.55,980.39,1.019969940967571,0.83872813
2010-06-13,1.537225403571067e-11,531.9995096049687,2.2151918435563567,1.1920928955078125e-07,1.1920929e-07,1.1920929e-07,0.0,15.359997,12.805,7.19,18.42,408.56,1016.42,0.7362845262263379,0.6826857
2010-06-14,1.5217816283903414e-11,529.3729597096853,2.508659343881751,1.1920928955078125e-07,1.1920929e-07,1.1920929e-07,0.0,15.359997,14.905,8.4,21.41,442.61,1111.79,0.5379696050856324,0.5851592
2010-06-15,8.815610629707999e-12,528.6456582184871,2.002290019155687,1.1920928955078125e-07,1.1920929e-07,3.89,3.89,15.359997,11.29,6.73,15.85,269.78,980.53,0.49319549409511615,0.56565386
2010-06-16,5.300073146407993e-12,527.6221857399232,1.9933895538531416,1.1920928955078125e-07,1.1920929e-07,1.1920929e-07,0.0,15.359997,11.25,3.86,18.64,484.76,805.64,0.43642796435852604,0.46812734
2010-06-17,3.1976294191719044e-12,529.3489946848472,2.04824346042571,1.1920928955078125e-07,1.1920929e-07,8.04,8.04,15.359997,11.63,5.45,17.81,329.31,906.87,0.5364314452811234,0.89724404
2010-06-18,1.929251442088043e-12,533.299454604848,2.425672956875094,1.1920928955078125e-07,1.1920929e-07,5.06,5.06,15.359997,14.235,8.84,19.63,297.58,1148.44,0.8599990443061261,0.97526526
2010-06-19,1.1583689778433084e-12,532.2452420062149,3.0056199260086527,1.1920928955078125e-07,1.1920929e-07,1.1920929e-07,0.0,15.359997,17.81,10.28,25.34,471.27,1262.04,0.7582219937545575,0.56565386
2010-06-20,6.663454523759482e-13,528.2754844989676,3.357934502019363,1.1920928955078125e-07,1.1920929e-07,1.1920929e-07,0.0,15.359997,19.81,12.08,27.54,472.86,1414.57,0.4718579894863028,0.48763263
2010-06-21,3.9383833820986845e-13,525.134602658036,3.4041568927332935,1.1920928955078125e-07,1.1920929e-07,2.26,2.26,15.359997,20.145,13.16,27.13,419.92,1511.39,0.3242167336544689,0.5266433
2010-06-22,2.274315380499705e-13,522.5828157820065,2.5671165337405073,1.1920928955078125e-07,1.1920929e-07,1.1920929e-07,0.0,15.359997,15.495,8.07,22.92,477.83,1085.81,0.23901592529961233,0.3901061
2010-06-23,1.3479925701705337e-13,522.2160104189386,2.761739545337056,1.1920928955078125e-07,1.1920929e-07,5.5,5.5,15.359997,16.715,9.2,24.23,354.57,1177.76,0.228767238799085,0.4973853
2010-06-24,7.781048763147338e-14,523.7541409785613,2.5448563541945424,1.1920928955078125e-07,1.1920929e-07,3.58,3.58,15.359997,15.315,11.72,18.91,213.0,1388.64,0.27491930357159977,0.6436751
2010-06-25,4.618605008625942e-14,523.4303091557723,2.8602426926114677,1.1920928955078125e-07,1.1920929e-07,1.71,1.71,15.359997,17.26,11.21,23.31,415.61,1336.81,0.26448561896747286,0.50713795
2010-06-26,2.714350202011552e-14,521.2026131160536,2.75140774120707,1.1920928955078125e-07,1.1920929e-07,1.1920929e-07,0.0,15.359997,16.685,10.81,22.56,426.14,1304.49,0.2026796226902251,0.39985877
2010-06-27,1.637265482380943e-14,518.3502753314713,2.309607589096681,1.1920928955078125e-07,1.1920929e-07,1.1920929e-07,0.0,15.359997,13.9,9.7,18.1,342.28,1215.81,0.1441472430845594,0.36084816
2010-06-28,9.898346869047534e-15,526.7237256330721,2.7872553313468664,1.1920928955078125e-07,1.1920929e-07,19.68,19.68,15.359997,16.725,11.53,21.92,298.49,1369.72,0.39200603646827914,2.6332164
2010-06-29,5.9834772869337005e-15,536.0259672364971,3.156585215065984,1.1920928955078125e-07,1.1920929e-07,6.67,6.67,15.359997,18.515,14.82,22.21,227.14,1688.76,1.1911674768270137,1.7457249
2010-06-30,3.5527007894333945e-15,534.5984150233895,2.727551402912537,1.1920928955078125e-07,1.1920929e-07,1.1920929e-07,0.0,15.359997,16.12,7.52,24.72,524.57,1041.7,1.0043825882966582,0.8094702
2010-07-01,2.1254047571625234e-15,531.1997064532018,2.206370693437753,1.1920928955078125e-07,1.1920929e-07,0.16,0.16,15.359997,12.765,8.55,16.98,351.43,1123.99,0.6691831957974831,0.5754065
2010-07-02,1.266462093641252e-15,530.5397250524112,1.9955972802019597,1.1920928955078125e-07,1.1920929e-07,3.48,3.48,15.359989,11.18,7.66,14.7,260.08,1052.92,0.6184427909661231,0.48763263
2010-07-03,7.022193863992242e-16,529.5857760460187,2.5443246637342654,1.1920928955078125e-07,1.1920929e-07,1.1920929e-07,0.0,15.322397,15.17,9.7,20.64,431.49,1216.09,0.5518238611974271,0.39985877
2010-07-04,3.2385568188260066e-16,526.3584618099311,3.200073278870192,1.1920928955078125e-07,1.1920929e-07,1.1920929e-07,0.0,15.264003,19.16,12.14,26.18,475.47,1418.69,0.37526644667816156,0.3315902
2010-07-05,1.6915510484990927e-16,522.4887857113855,3.6749061850847276,1.1920928955078125e-07,1.1920929e-07,1.1920929e-07,0.0,15.264003,21.655,16.87,26.44,363.19,1914.85,0.23634572534551682,0.2925796
2010-07-06,9.079247461081228e-17,518.451069866096,3.9965177770010913,1.1920928955078125e-07,1.1920929e-07,1.1920929e-07,0.0,15.264003,23.25,17.65,28.85,400.3,2021.57,0.14589366203083196,0.25356898
2010-07-07,4.554720702723675e-17,514.2518003729915,4.152361760470892,1.1920928955078125e-07,1.1920929e-07,1.1920929e-07,0.0,15.264003,24.065,17.47,30.66,433.38,1996.91,0.08833693170399019,0.23406367
2010-07-08,2.6785719181545453e-17,509.9753355340859,4.221729839245764,1.1920928955078125e-07,1.1920929e-07,1.1920929e-07,0.0,15.263997,24.505,17.69,31.32,437.53,2025.84,0.05299594475444311,0.21455836
2010-07-09,1.5520905321018204e-17,505.9203673685271,3.745126580505665,1.1920928955078125e-07,1.1920929e-07,1.1920929e-07,0.0,15.183328,22.635,17.06,28.21,393.82,1952.55,0.0326464613765196,0.21455836
2010-07-10,9.272227952100354e-18,507.2535334454529,3.8381572562689397,1.1920928955078125e-07,1.1920929e-07,9.37,9.37,15.168,23.035,17.26,28.81,300.42,1976.28,0.03828355007666663,0.3510955
2010-07-11,5.55953874059182e-18,513.5256662066039,2.864515134802452,1.1920928955078125e-07,1.1920929e-07,9.2,9.2,15.168,17.815,14.81,20.82,184.13,1685.48,0.08099612507748159,0.63392246
2010-07-12,3.3197136064251512e-18,517.096029519855,3.4241805459164585,1.1920928955078125e-07,1.1920929e-07,4.46,4.46,15.168,20.725,14.19,27.26,353.81,1619.23,0.1240867217963857,0.54614854
2010-07-13,1.9988446088780097e-18,515.710617324608,3.4274343939226553,1.1920928955078125e-07,1.1920929e-07,1.1920929e-07,0.0,15.130397,20.83,15.34,26.32,394.66,1742.85,0.10515701386014668,0.3510955
2010-07-14,1.204223607602638e-18,517.5923239606664,3.4516754883471257,1.1920928955078125e-07,1.1920929e-07,10.97,10.97,15.072,20.955,16.84,25.07,238.16,1919.34,0.13166711604603967,0.44862202
2010-07-15,7.26237936840658e-19,526.470615386415,3.257788226861805,1.1920928955078125e-07,1.1920929e-07,11.79,11.79,15.072,19.675,16.01,23.34,218.71,1818.25,0.380328809862381,1.0922971
2010-07-16,4.382019382899611e-19,528.1057018890126,3.630731643523196,1.1920928955078125e-07,1.1920929e-07,1.1920929e-07,0.0,15.071992,21.48,16.16,26.8,389.94,1836.51,0.4623826556870681,0.44862202
2010-07-17,2.645202079922718e-19,524.2253743003822,3.4504790087859925,1.1920928955078125e-07,1.1920929e-07,0.29,0.29,14.976003,20.84,15.99,25.69,366.98,1813.17,0.2908418250544646,0.36084816
2010-07-18,1.5745058251178646e-19,520.5513702290232,3.619290682378771,1.1920928955078125e-07,1.1920929e-07,1.1920929e-07,0.0,14.976003,21.785,16.27,27.3,398.5,1844.36,0.18750723121878174,0.28282693
2010-07-19,8.369482655959842e-20,516.9244347198576,2.907806375047835,1.1920928955078125e-07,1.1920929e-07,1.1920929e-07,0.0,14.976003,18.17,13.27,23.07,383.37,1524.59,0.12156862408714993,0.24381632
2010-07-20,4.4380395635605676e-20,515.2045618678341,2.8104551095424353,1.1920928955078125e-07,1.1920929e-07,2.74,2.74,14.895322,17.745,13.22,22.27,308.5,1519.6,0.09898736138761242,0.28282693
2010-07-21,2.667726622970475e-20,513.4920434644988,2.632322776782026,1.1920928955078125e-07,1.1920929e-07,1.1920929e-07,0.0,14.879992,16.725,11.29,22.16,422.12,1343.33,0.08067140227344671,0.3315902
2010-07-22,1.6149390497969525e-20,519.9815545701945,2.9778643959952293,1.1920928955078125e-07,1.1920929e-07,17.79,17.79,14.879992,18.58,12.27,24.89,340.27,1428.43,0.17516651826954005,0.8874914
2010-07-23,9.774740183398544e-21,525.7901288944645,2.6105895671633577,1.1920928955078125e-07,1.1920929e-07,1.1920929e-07,0.0,14.799328,16.285,10.49,22.08,441.93,1279.26,0.3506305469935339,0.4973853
2010-07-24,5.900331420038653e-21,522.5866386915898,2.8821814820288716,1.1920928955078125e-07,1.1920929e-07,1.1920929e-07,0.0,14.784002,18.055,11.99,24.12,445.56,1412.6,0.23912512149176923,0.31208488
2010-07-25,3.532890667783173e-21,521.6075691313514,3.1977798207995267,1.1920928955078125e-07,1.1920929e-07,3.69,3.69,14.784002,19.845,15.6,24.09,259.19,1772.97,0.21272703072725696,0.2925796
2010-07-26,2.073862961817786e-21,520.4507860343217,2.789548307352093,1.1920928955078125e-07,1.1920929e-07,1.1920929e-07,0.0,14.688,17.685,12.82,22.55,389.17,1479.26,0.18526733325454378,0.26332164
2010-07-27,1.171837795715249e-21,517.6241177084032,2.507897927733266,1.1920928955078125e-07,1.1920929e-07,1.1920929e-07,0.0,14.688,16.005,11.65,20.36,361.29,1371.64,0.1321682243704147,0.21455836
2010-07-28,6.846605345133942e-22,514.7670984298605,2.882423393671496,1.1920928955078125e-07,1.1920929e-07,1.1920929e-07,0.0,14.670286,18.44,11.97,24.91,456.44,1397.2,0.0939464541184516,0.18530041
2010-07-29,3.781006705217838e-22,511.66478072169593,3.0797742932787333,1.1920928955078125e-07,1.1920929e-07,1.1920929e-07,0.0,14.592003,19.755,13.45,26.06,443.53,1545.73,0.06484933755467326,0.1657951
2010-07-30,2.073321048818299e-22,508.86406910631274,2.2307332420486756,1.1920928955078125e-07,1.1920929e-07,1.1920929e-07,0.0,14.592003,14.47,6.88,22.06,500.47,990.0,0.04640669137805318,0.1462898
2010-07-31,5.815446640299042e-23,506.60225032387416,1.8815342556994354,1.1920928955078125e-07,1.1920929e-07,1.1920929e-07,0.0,14.495997,11.9,5.79,18.01,456.35,922.0,0.03541751199820164,0.1462898
2010-08-01,-4.284287982875998e-23,504.5506823588064,2.132137235333498,1.1920928955078125e-07,1.1920929e-07,1.1920929e-07,0.0,14.495997,13.98,7.78,20.18,451.74,1064.15,0.027718205419312542,0.1462898
2010-08-02,-6.127523740122073e-23,502.36254698883573,2.345282405780544,1.1920928955078125e-07,1.1920929e-07,1.1920929e-07,0.0,14.478289,15.63,8.91,22.35,463.37,1152.71,0.02134154615712616,0.13653713
2010-08-03,-3.7006294715314145e-23,503.16429795011345,2.5699454039956016,1.1920928955078125e-07,1.1920929e-07,8.11,8.11,14.399997,17.21,10.6,23.82,338.27,1288.58,0.02348700260472656,0.21455836
2010-08-04,-2.234931256169583e-23,526.1986211250584,2.8605477240213357,1.1920928955078125e-07,1.1920929e-07,39.24,39.24,14.399997,18.255,15.03,21.48,197.72,1710.95,0.36816782295069245,3.6962554
2010-08-05,-1.3507009278211418e-23,545.1426464776421,3.533269084895491,1.1920928955078125e-07,1.1920929e-07,8.99,8.99,14.304,21.365,16.2,26.53,286.48,1840.52,3.540171754286447,1.1118025
2010-08-06,-8.143031827121884e-24,541.6724607606343,3.3433883912241895,1.1920928955078125e-07,1.1920929e-07,1.1920929e-07,0.0,14.304,20.525,15.65,25.4,366.44,1772.16,2.338629031383892,0.62416977
2010-08-07,-4.910843387381956e-24,539.6271785694861,2.1591806437886483,1.1920928955078125e-07,1.1920929e-07,4.45,4.45,14.208,13.42,4.7,22.14,408.83,858.01,1.8316165363162602,0.39985877
2010-08-08,-2.95529588655463e-24,537.672718402511,1.9232105548505272,1.1920928955078125e-07,1.1920929e-07,1.1920929e-07,0.0,14.208,11.62,5.73,17.51,437.05,920.22,1.4501749550933163,0.30233225
2010-08-09,-1.7797811402871376e-24,537.2073703939232,2.379958891898968,1.1920928955078125e-07,1.1920929e-07,6.19,6.19,14.112002,15.19,8.78,21.6,334.93,1144.32,1.3717474289228468,0.2925796
2010-08-10,-1.072214993462401e-24,537.7986953955935,2.9461387401028123,1.1920928955078125e-07,1.1920929e-07,3.05,3.05,14.112002,18.725,13.31,24.14,316.43,1526.71,1.4721673013301848,0.3510955
2010-08-11,-6.436842238269161e-25,536.8006911430518,2.790671514917369,1.1920928955078125e-07,1.1920929e-07,3.28,3.28,14.031333,17.94,10.33,25.55,370.31,1266.17,1.306688736545885,0.30233225
2010-08-12,-3.698055154729755e-25,534.5018726133223,2.592599268655589,1.1920928955078125e-07,1.1920929e-07,1.1920929e-07,0.0,14.016003,16.8,9.83,23.77,454.14,1226.2,0.9928639156031603,0.24381632
2010-08-13,-2.040955600768517e-25,531.1031321332651,2.3945767442652244,1.1920928955078125e-07,1.1920929e-07,1.1920929e-07,0.0,13.978397,15.635,9.37,21.9,428.65,1189.7,0.6615062056150689,0.20480572
2010-08-14,-1.184035062941437e-25,527.7367328547537,2.4952408603846865,1.1920928955078125e-07,1.1920929e-07,1.1920929e-07,0.0,13.92,16.49,9.44,23.54,448.5,1195.36,0.4424419086492457,0.18530041
2010-08-15,-6.376856642657344e-26,524.6915422483643,2.6554896085138986,1.1920928955078125e-07,1.1920929e-07,1.1920929e-07,0.0,13.902287,17.645,10.12,25.17,455.91,1249.76,0.3075003768183081,0.1657951
2010-08-16,-3.693789411504819e-26,523.3888915412639,2.574014710544866,1.1920928955078125e-07,1.1920929e-07,5.47,5.47,13.8239975,17.26,11.55,22.97,290.1,1369.87,0.2631800480122031,0.18530041
2010-08-17,-1.9600215614457442e-26,522.3996216103166,2.3964318500404103,1.1920928955078125e-07,1.1920929e-07,0.55,0.55,13.806286,16.125,11.76,20.49,319.97,1385.95,0.23384126600917043,0.27307427
2010-08-18,-1.0856911501229384e-26,520.4555303348724,2.43933529738199,1.1920928955078125e-07,1.1920929e-07,1.1920929e-07,0.0,13.728,16.575,9.99,23.16,421.5,1239.54,0.18537237975290238,0.21455836
2010-08-19,-5.755379172239954e-27,519.8245744229304,2.3092586964509865,1.1920928955078125e-07,1.1920929e-07,1.1920929e-07,0.0,13.710286,15.71,9.29,22.13,415.57,1182.91,0.17191177378248793,0.17554775
2010-08-20,-2.5760255390011387e-27,521.0151632558573,2.540408636178696,1.1920928955078125e-07,1.1920929e-07,7.63,7.63,13.632,17.35,9.73,24.97,333.18,1218.44,0.19819084110494972,0.18530041
2010-08-21,-1.394180956561354e-27,522.8301862470566,2.1272728912738925,1.1920928955078125e-07,1.1920929e-07,1.1920929e-07,0.0,13.614286,14.385,7.12,21.65,442.17,1009.32,0.24618553945391572,0.18530041
2010-08-22,-5.87704189704521e-28,523.3146696743869,2.1814550206822294,1.1920928955078125e-07,1.1920929e-07,2.09,2.09,13.536,14.875,8.25,21.5,404.21,1101.0,0.26085651916921254,0.1657951
2010-08-23,-8.272739744908711e-29,522.9762969691185,2.021469742471221,1.1920928955078125e-07,1.1920929e-07,2.0,2.0,13.498397,13.69,11.44,15.94,171.56,1356.99,0.2505209309618758,0.17554775
2010-08-24,1.1770163434226742e-29,522.5384301961319,2.0328486752479513,1.1920928955078125e-07,1.1920929e-07,1.79,1.79,13.44,13.865,10.57,17.16,235.41,1285.5,0.23775175613058525,0.18530041
2010-08-25,7.10669055606417e-30,520.8590513472124,2.3842670856349706,1.1920928955078125e-07,1.1920929e-07,1.1920929e-07,0.0,13.35933,16.635,10.74,22.53,381.14,1299.43,0.19452846332802942,0.39985877
2010-08-26,4.30491962546889e-30,531.7070774691467,2.0136080155816583,1.1920928955078125e-07,1.1920929e-07,26.11,26.11,13.344,13.545,12.05,15.04,89.26,1410.14,0.7110035780290143,1.1118025
2010-08-27,2.6055852205250277e-30,541.470964331962,2.486971725007107,1.1920928955078125e-07,1.1920929e-07,1.1,1.1,13.247997,16.83,11.35,22.31,350.99,1348.36,2.2830003278087663,0.47788
2010-08-28,1.5423886068117301e-30,538.3215961196962,2.0905409567598934,1.1920928955078125e-07,1.1920929e-07,1.1920929e-07,0.0,13.247997,14.07,8.72,19.42,364.39,1137.55,1.5670748524636589,0.2925796
2010-08-29,9.212315918084732e-31,534.8015906239996,2.3012655187535658,1.1920928955078125e-07,1.1920929e-07,1.1920929e-07,0.0,13.152,15.87,9.5,22.24,402.48,1200.36,1.0290622998702503,0.22431101
2010-08-30,5.449826033687956e-31,531.2836452429742,3.0425416779701804,1.1920928955078125e-07,1.1920929e-07,1.1920929e-07,0.0,13.152,20.68,14.0,27.36,394.91,1597.61,0.6759280835228078,0.18530041
2010-08-31,3.073324879090582e-31,527.6640422506958,3.0304860514500276,1.1920928955078125e-07,1.1920929e-07,1.1920929e-07,0.0,13.056,20.855,14.86,26.85,366.18,1693.54,0.4386159749764223,0.15604244
2010-09-01,1.5639452933694487e-31,524.1205220084377,3.316201946206795,1.1920928955078125e-07,1.1920929e-07,1.1920929e-07,0.0,13.056,22.53,15.72,29.34,389.13,1784.05,0.28722102324297377,0.1462898
2010-09-02,9.126419237944408e-32,520.2235640415247,3.3326319196112366,1.1920928955078125e-07,1.1920929e-07,1.1920929e-07,0.0,12.96,22.875,15.78,29.97,394.09,1788.07,0.18030535471898693,0.12678449
2010-09-03,5.504105786531818e-32,520.5778242252063,3.256446449385103,1.1920928955078125e-07,1.1920929e-07,10.08,10.08,12.96,22.46,15.39,29.53,295.01,1747.91,0.18810081668821158,0.12678449
2010-09-04,3.3268545866501357e-32,540.235090556725,3.408722833453536,1.1920928955078125e-07,1.1920929e-07,35.73,35.73,12.864003,22.74,16.31,29.17,271.88,1847.07,1.9696009419090141,2.1163256
2010-09-05,2.0162968001523572e-32,550.0315376316406,2.408440162352168,1.1920928955078125e-07,1.1920929e-07,0.17,0.17,12.864003,16.525,10.33,22.72,370.88,1266.56,6.348950395139987,0.79971755
2010-09-06,1.2186576422107719e-32,543.8008936980524,1.6869660790073728,1.1920928955078125e-07,1.1920929e-07,1.1920929e-07,0.0,12.767997,11.055,6.95,15.16,283.41,996.15,3.015801072530734,0.3901061
2010-09-07,7.310935086103967e-33,540.1262820034991,1.8932486340889776,1.1920928955078125e-07,1.1920929e-07,1.11,1.11,12.672003,13.13,7.73,18.53,348.78,1060.35,1.9441614273602033,0.28282693
2010-09-08,3.983934987627465e-33,538.1859034427347,2.494630113102207,1.1920928955078125e-07,1.1920929e-07,9.49,9.49,12.672003,17.725,12.7,22.75,239.76,1455.62,1.5418738451260148,0.25356898
2010-09-09,1.6666921067836565e-33,537.8132810111896,2.1981661843578713,1.1920928955078125e-07,1.1920929e-07,5.29,5.29,12.576003,15.76,10.02,21.5,267.15,1241.49,1.4747350223834648,0.3315902
2010-09-10,7.280143516105069e-34,538.864380844316,1.694866636554614,1.1920928955078125e-07,1.1920929e-07,4.71,4.71,12.576003,11.515,7.63,15.4,204.64,1054.22,1.672068510000674,0.50713795
2010-09-11,4.0914388362733115e-34,538.1297109000479,1.4969246736604747,1.1920928955078125e-07,1.1920929e-07,1.0,1.0,12.48,9.695,6.92,12.47,203.22,994.72,1.5315567387449327,0.38035345
2010-09-12,2.1990856245073718e-34,535.497856814517,1.8077436289527626,1.1920928955078125e-07,1.1920929e-07,1.1920929e-07,0.0,12.48,12.77,5.7,19.84,407.32,917.76,1.1183298813066613,0.27307427
2010-09-13,1.2721728411489242e-34,534.3372636710404,1.508655546976144,1.1920928955078125e-07,1.1920929e-07,0.58,0.58,12.384,10.05,7.72,12.38,175.29,1058.01,0.9735279025026261,0.25356898
2010-09-14,6.780707772305514e-35,536.1761956763995,1.435321414711863,1.1920928955078125e-07,1.1920929e-07,6.82,6.82,12.384,9.215,7.37,11.06,108.93,1031.78,1.212740739269425,0.44862202
2010-09-15,3.98729945984722e-35,537.6768727260853,1.5367428435625483,1.1920928955078125e-07,1.1920929e-07,2.24,2.24,12.288,10.365,5.5,15.23,317.73,905.94,1.45089492766013,0.5363959
2010-09-16,2.405859310371599e-35,536.8726369464173,1.4445916359990238,1.1920928955078125e-07,1.1920929e-07,3.49,3.49,12.250398,9.465,6.63,12.3,173.63,973.02,1.3179693567198876,0.37060082
2010-09-17,1.4549761712778918e-35,546.4997523313232,1.6378328981065449,1.1920928955078125e-07,1.1920929e-07,22.28,22.28,12.192,11.24,7.3,15.18,213.86,1024.14,4.163347133432825,1.9895412
2010-09-18,8.816012398957261e-36,549.9045241630486,1.3143159975198282,1.1920928955078125e-07,1.1920929e-07,0.9,0.9,12.096,7.82,2.09,13.55,373.83,710.59,6.25333054776168,1.0630392
2010-09-19,5.312540029949419e-36,544.3448081334641,1.5184313114006118,1.1920928955078125e-07,1.1920929e-07,1.1920929e-07,0.0,12.096,10.23,3.7,16.76,393.93,797.02,3.218293417462983,0.5754065
2010-09-20,2.7611351934516905e-36,540.2600821924378,1.5175223060986296,1.1920928955078125e-07,1.1920929e-07,1.1920929e-07,0.0,11.999997,10.465,2.41,18.52,421.87,728.57,1.9754908554453383,0.41936406
2010-09-21,1.0819933530788083e-36,537.1952733687448,1.258975093951781,1.1920928955078125e-07,1.1920929e-07,1.1920929e-07,0.0,11.999997,7.64,1.54,13.74,377.79,682.97,1.369766237809297,0.3315902
2010-09-22,5.124059290376769e-37,534.647979333742,1.3952502480657574,1.1920928955078125e-07,1.1920929e-07,1.1920929e-07,0.0,11.904,9.435,3.51,15.36,363.29,787.07,1.010348024851001,0.28282693
2010-09-23,3.0459422250796653e-37,532.1116266432504,1.8682356755026033,1.1920928955078125e-07,1.1920929e-07,1.1920929e-07,0.0,11.904,14.17,6.5,21.84,392.01,965.36,0.7462137837996,0.25356898
2010-09-24,1.8373454009398927e-37,534.5412209707109,1.4741636990819644,1.1920928955078125e-07,1.1920929e-07,8.48,8.48,11.808002,10.43,6.57,14.29,195.53,970.44,0.9975426139148122,0.3901061
2010-09-25,1.1089706974656833e-37,536.7017909289843,1.7626712725488338,1.1920928955078125e-07,1.1920929e-07,1.67,1.67,11.792672,13.24,8.4,18.08,288.84,1112.5,1.2913392641217576,0.5949118
2010-09-26,6.663320307190462e-38,534.1766643080472,2.014268323001144,1.1920928955078125e-07,1.1920929e-07,1.1920929e-07,0.0,11.711997,15.605,8.33,22.88,369.64,1106.42,0.9550258592921117,0.39985877
2010-09-27,3.992927075525311e-38,533.006556130713,1.2562398940531927,1.1920928955078125e-07,1.1920929e-07,2.56,2.56,11.616,8.23,7.4,9.06,65.84,1031.9,0.8304239840155556,0.38035345
2010-09-28,2.3509929199658663e-38,539.1904649604296,1.4683773213954032,1.1920928955078125e-07,1.1920929e-07,12.55,12.55,11.616,10.49,8.41,12.57,109.04,1113.19,1.73849765179013,1.6189404
2010-09-29,1.4058839181110068e-38,546.0472282250074,2.085054948244319,1.1920928955078125e-07,1.1920929e-07,9.23,9.23,11.52,16.085,12.84,19.33,160.04,1473.6,3.9442260001909615,2.5942056
2010-09-30,8.391598743325439e-39,545.0811704685424,1.9791193162426632,1.1920928955078125e-07,1.1920929e-07,1.1920929e-07,0.0,11.52,15.255,10.96,19.55,272.54,1316.44,3.514264375992214,3.2086227
