date,s_snow,s_water,et_bucket,m_bucket,ps_bucket,pr_bucket,prcp(mm/day),dayl(s),tmean(c),tmin(c),tmax(c),srad(w/m2),vp(pa),q_bucket,obs_runoff(mm/day)
1980-10-01,2.4214059919102096e-36,1262.4723414766522,1.8788302193952742,1.1920928955078125e-07,1.1920929e-07,1.1920929e-07,0.0,11.520008,17.025,9.37,24.68,357.56,1189.65,0.004425230275290749,0.18530041
1980-10-02,1.426959380348217e-36,1261.3574982973605,2.1293518541440775,1.1920928955078125e-07,1.1920929e-07,1.26,1.26,11.423997,19.285,12.55,26.02,300.71,1444.19,0.0042803524353167465,0.19456543
1980-10-03,7.91278461830991e-37,1261.7991537769701,1.6298766272757543,1.1920928955078125e-07,1.1920929e-07,3.12,3.12,11.423997,14.825,8.56,21.09,241.33,1124.67,0.0043371709970207286,0.19456543
1980-10-04,4.354784729825816e-37,1262.4514636959232,1.331357763284702,1.1920928955078125e-07,1.1920929e-07,1.1920929e-07,0.0,11.328,11.685,6.77,16.6,268.37,981.21,0.004422472586332603,0.21309547
1980-10-05,1.1620990491762576e-37,1262.036628859578,1.2536505052205806,1.1920928955078125e-07,1.1920929e-07,1.1920929e-07,0.0,11.328,10.735,5.11,16.36,298.11,888.85,0.004368033107332321,0.20383045
1980-10-06,-1.1333347487118539e-37,1260.9148272445311,1.182739805902116,1.1920928955078125e-07,1.1920929e-07,1.1920929e-07,0.0,11.232,9.965,3.17,16.76,337.61,773.54,0.004224150127315405,0.17603539
1980-10-07,-1.7735241086492115e-37,1259.541616689475,1.2831411670170305,1.1920928955078125e-07,1.1920929e-07,1.1920929e-07,0.0,11.232,11.27,4.0,18.54,346.16,800.0,0.004054457095558823,0.15750535
1980-10-08,-8.227426460957986e-38,1258.629419950228,1.4406163336248983,1.1920928955078125e-07,1.1920929e-07,1.1920929e-07,0.0,11.138781,13.27,4.21,22.33,378.23,817.12,0.003945518749292239,0.18530041
1980-10-09,3.846365018903813e-38,1258.5604988717027,1.7900263727407437,1.1920928955078125e-07,1.1920929e-07,1.1920929e-07,0.0,11.136,16.835,8.71,24.96,349.64,1137.07,0.003937407834728457,0.15750535
1980-10-10,1.4935016855441632e-37,1258.8553951282167,1.5904163921474301,1.1920928955078125e-07,1.1920929e-07,1.79,1.79,11.136,14.88,7.53,22.23,331.47,1042.49,0.003972229815819856,0.15750535
1980-10-11,2.1739235601863994e-37,1259.0212888779931,1.4487440649597072,1.1920928955078125e-07,1.1920929e-07,1.86,1.86,11.04,13.5,7.49,19.51,293.43,1038.99,0.003991954081724773,0.16677037
1980-10-12,2.0959727811379423e-37,1258.5653602792556,1.3902035614552697,1.1920928955078125e-07,1.1920929e-07,1.1920929e-07,0.0,11.04,12.84,5.43,20.25,335.51,901.32,0.003937979398089071,0.18530041
1980-10-13,1.1244077286007158e-37,1257.1170854414427,1.0692297214463506,1.1920928955078125e-07,1.1920929e-07,1.1920929e-07,0.0,10.944003,8.84,4.26,13.42,244.52,820.69,0.0037713204302543507,0.15750535
1980-10-14,-1.4997479794011899e-38,1255.0673521631181,0.9362791029000362,1.1920928955078125e-07,1.1920929e-07,1.1920929e-07,0.0,10.944003,6.815,0.34,13.29,316.54,621.78,0.003547433168398324,0.15750535
1980-10-15,-1.3454318520570672e-37,1253.006848388384,1.2251070100480077,1.1920928955078125e-07,1.1920929e-07,1.1920929e-07,0.0,10.848002,11.17,3.89,18.45,329.4,800.05,0.0033357642363702096,0.16677037
1980-10-16,-2.1109843827213627e-37,1251.517828806578,1.4733391948469436,1.1920928955078125e-07,1.1920929e-07,1.1920929e-07,0.0,10.848002,14.155,4.51,23.8,363.44,840.58,0.003190707541140389,0.16677037
1980-10-17,-2.095653338904239e-37,1251.1825481070373,1.6737211209641554,1.1920928955078125e-07,1.1920929e-07,1.1920929e-07,0.0,10.803894,16.32,6.92,25.72,350.34,993.97,0.003158925339661544,0.16677037
1980-10-18,-1.1654766462589012e-37,1251.868393128861,1.9529645116904293,1.1920928955078125e-07,1.1920929e-07,10.49,10.49,10.752,18.975,13.12,24.83,193.64,1506.3,0.003224280532311455,0.16677037
1980-10-19,4.950282673278909e-40,1251.6759879069082,1.6438372316359666,1.1920928955078125e-07,1.1920929e-07,0.96,0.96,10.752,16.095,11.03,21.16,232.06,1322.3,0.003205810688296772,0.2779506
1980-10-20,1.0536284390004162e-37,1250.750396522382,1.2710434099988828,1.1920928955078125e-07,1.1920929e-07,1.1920929e-07,0.0,10.655997,12.07,4.03,20.11,327.08,813.11,0.0031184270180871993,0.23162551
1980-10-21,1.662554843442909e-37,1249.4187931194192,1.2900700069370283,1.1920928955078125e-07,1.1920929e-07,1.1920929e-07,0.0,10.655997,12.325,5.0,19.65,307.77,879.91,0.0029968739403078352,0.19456543
1980-10-22,1.5137265167211541e-37,1248.0083518421563,1.3227061128162807,1.1920928955078125e-07,1.1920929e-07,1.1920929e-07,0.0,10.559998,12.89,5.63,20.15,302.59,920.0,0.002873287364524052,0.17603539
1980-10-23,8.864567146648413e-38,1245.651346572087,0.9221431653667578,1.1920928955078125e-07,1.1920929e-07,1.1920929e-07,0.0,10.559998,7.245,-1.46,15.95,335.06,560.0,0.002678029814306151,0.18530041
1980-10-24,4.916063624314605e-38,1245.0405542355293,0.9087300359973632,1.1920928955078125e-07,1.1920929e-07,1.1920929e-07,0.0,10.558345,7.03,-0.21,14.27,302.79,600.0,0.00262963316278994,0.18530041
1980-10-25,2.958386582090946e-38,1268.6922699987522,1.1012811859840144,1.1920928955078125e-07,1.1920929e-07,44.18,44.18,10.464,9.86,4.91,14.81,169.21,871.13,0.005328324418436903,1.797414
1980-10-26,1.7907116604550778e-38,1302.9417867502927,0.8877050953447051,1.1920928955078125e-07,1.1920929e-07,24.81,24.81,10.464,6.115,2.01,10.22,145.36,705.91,0.014815267267695763,1.2137177
1980-10-27,1.0731787390433707e-38,1312.7524345232441,0.838709603209487,1.1920928955078125e-07,1.1920929e-07,1.1920929e-07,0.0,10.367997,5.28,0.93,9.63,205.2,640.0,0.019857551247692805,0.39839587
1980-10-28,6.449229503457731e-39,1313.2236139119334,1.0982183011684308,1.1920928955078125e-07,1.1920929e-07,3.48,3.48,10.367997,9.42,4.67,14.17,167.24,853.59,0.020138890879749273,0.3150107
1980-10-29,3.864995094766926e-39,1313.9685451578998,0.8975496586264109,1.1920928955078125e-07,1.1920929e-07,1.1920929e-07,0.0,10.323892,6.36,0.2,12.52,267.67,617.01,0.02059184158544213,0.28721562
1980-10-30,2.2631342487091243e-39,1313.1744533412514,0.8213615374075108,1.1920928955078125e-07,1.1920929e-07,1.1920929e-07,0.0,10.272,5.1,-1.06,11.26,266.42,560.0,0.02010935198808887,0.25942057
1980-10-31,1.2361356254202558e-39,1312.2641311914228,0.8959815171410489,1.1920928955078125e-07,1.1920929e-07,1.1920929e-07,0.0,10.272,6.43,-2.5,15.36,318.8,520.0,0.019570133420244197,0.24089052
1980-11-01,3.662936825875861e-40,1311.2566491317932,1.069065971062083,1.1920928955078125e-07,1.1920929e-07,1.1920929e-07,0.0,10.176,9.315,2.59,16.04,271.05,726.84,0.018990203090468127,0.25015554
1980-11-02,-1.6861059281215492e-40,1310.2576152983308,0.8816150268510182,1.1920928955078125e-07,1.1920929e-07,1.1920929e-07,0.0,10.176,6.35,0.47,12.23,249.45,636.75,0.018432106946798688,0.22236049
1980-11-03,-1.9288483021321007e-40,1309.3770606354342,0.8121391958793491,1.1920928955078125e-07,1.1920929e-07,1.1920929e-07,0.0,10.176,5.115,-3.0,13.23,297.35,480.0,0.017953812767974947,0.23162551
1980-11-04,1.116826258453815e-40,1308.566146978232,1.0247922050729306,1.1920928955078125e-07,1.1920929e-07,4.46,4.46,10.079997,8.835,4.7,12.97,136.15,856.39,0.017524331010489707,0.23162551
1980-11-05,5.715691085763042e-40,1307.7837944165187,0.97555702249117,1.1920928955078125e-07,1.1920929e-07,1.1920929e-07,0.0,10.079997,8.08,3.77,12.39,188.96,800.36,0.017119716162557443,0.28721562
1980-11-06,1.0941281595615888e-39,1307.0257935107024,0.7677642899224573,1.1920928955078125e-07,1.1920929e-07,1.1920929e-07,0.0,10.035892,4.505,-2.8,11.81,276.87,496.21,0.016736607983086932,0.25942057
1980-11-07,1.586713320383267e-39,1306.2879348211904,1.0933191318576991,1.1920928955078125e-07,1.1920929e-07,1.1920929e-07,0.0,9.983997,10.025,1.73,18.32,286.31,698.46,0.01637191627628646,0.23162551
1980-11-08,1.956678132623368e-39,1305.5660089083908,1.3519033327721848,1.1920928955078125e-07,1.1920929e-07,1.05,1.05,9.983997,13.42,7.97,18.87,217.44,1077.68,0.016022791782286255,0.25015554
1980-11-09,2.111376137863925e-39,1304.8558063327112,1.0587929023490734,1.1920928955078125e-07,1.1920929e-07,0.6,0.6,9.888,9.69,2.86,16.52,256.8,748.66,0.015686602128499004,0.23162551
1980-11-10,1.958160877686968e-39,1304.1531176545595,0.9900409254709274,1.1920928955078125e-07,1.1920929e-07,1.34,1.34,9.888,8.65,3.73,13.57,196.03,800.06,0.015360912225322525,0.24089052
1980-11-11,1.4078159170916337e-39,1303.4539569823423,0.7034382112807791,1.1920928955078125e-07,1.1920929e-07,1.1920929e-07,0.0,9.888,3.46,-0.75,7.67,184.89,581.17,0.015043568985910664,0.23162551
1980-11-12,8.263643406992629e-40,1302.7569252548926,0.7056498957642404,1.1920928955078125e-07,1.1920929e-07,1.1920929e-07,0.0,9.792,3.66,-1.03,8.35,200.31,570.21,0.01473371831861892,0.20383045
1980-11-13,4.881726119134234e-40,1301.9621360756673,0.8599831017908338,1.1920928955078125e-07,1.1920929e-07,1.1920929e-07,0.0,9.792,6.655,-0.5,13.81,260.17,600.0,0.014388191429504768,0.21309547
1980-11-14,2.8445309131953097e-40,1300.9520417919289,1.1044323979784838,1.1920928955078125e-07,1.1920929e-07,1.1920929e-07,0.0,9.792,10.555,3.68,17.43,247.91,800.0,0.013960730934998784,0.21309547
1980-11-15,1.6975138084130435e-40,1299.7692859978797,1.0839621547036158,1.1920928955078125e-07,1.1920929e-07,1.1920929e-07,0.0,9.698783,10.425,5.35,15.5,203.92,897.33,0.013476315750724081,0.23162551
1980-11-16,-2.9815349214972675e-12,1299.4891426980764,0.6872192916809279,1.1920928955078125e-07,1.1920929e-07,1.58,1.58,9.696003,3.45,-0.72,7.62,182.53,580.61,0.013364063054342006,0.22236049
1980-11-17,0.020040430821866524,1302.2388021292977,0.5231336419999532,1.1920928955078125e-07,0.03413242,5.5958676,5.63,9.696003,-0.57,-5.5,4.36,160.94,400.0,0.01450754008539015,0.23162551
1980-11-18,0.07373679826241251,1315.1819218268163,0.5571220726305229,0.041352267307696984,6.1625244e-05,21.09994,21.1,9.696003,0.195,-2.24,2.63,85.72,519.54,0.021351541417917837,1.0284172
1980-11-19,0.040236595876205025,1325.755845543212,0.5690483194884327,0.023938879496343945,1.1920929e-07,1.1920929e-07,0.0,9.6,0.53,-3.06,4.12,164.26,483.69,0.029278104263244197,0.6670815
1980-11-20,0.02242110017595903,1325.0185119281505,0.5697125951701019,0.012392272978684948,1.1920929e-07,1.1920929e-07,0.0,9.6,0.555,-5.17,6.28,232.78,423.6,0.02864058160288653,0.39839587
1980-11-21,0.012786152554277138,1324.4012674462156,0.6250526085088548,0.006801234604375488,1.1920929e-07,1.1920929e-07,0.0,9.6,1.915,-5.01,8.84,255.41,437.99,0.028117579215520494,0.33354074
1980-11-22,0.006866888969540881,1323.6913591790726,0.7134315418433281,0.003551283593670157,1.1920929e-07,1.1920929e-07,0.0,9.555897,3.95,-1.36,9.26,219.09,559.29,0.027527859055939394,0.30574566
1980-11-23,0.0038923377448175016,1323.294299758797,0.6654749248466351,0.001984039824028656,1.1920929e-07,1.1920929e-07,0.0,9.504003,3.0,-3.25,9.25,240.98,480.0,0.02720343238760792,0.2779506
1980-11-24,0.002321437303617533,1337.6312825899545,0.7865036615242725,0.0011741907246844406,1.1920929e-07,29.41,29.41,9.504003,5.34,2.71,7.97,91.39,737.49,0.04173818881677165,2.0290394
1980-11-25,0.0013883949669169944,1353.9904017093872,0.7856519945110179,0.0006990165075079276,1.1920929e-07,6.96,6.96,9.504003,5.14,2.14,8.14,131.14,714.09,0.06802442058770923,2.353315
1980-11-26,0.0008058531809838005,1356.3356101639479,0.6381221395002484,0.0004045500800793883,1.1920929e-07,1.1920929e-07,0.0,9.459894,2.085,-2.98,7.15,210.58,481.68,0.072958439354187,0.70414156
1980-11-27,0.0004448327244147756,1355.3023067588556,0.6072644033946994,0.0002229108923350278,1.1920929e-07,1.1920929e-07,0.0,9.408,1.45,-2.5,5.4,174.76,520.0,0.07074186886901111,0.52810615
1980-11-28,0.0002600178154714549,1356.5092453592572,0.6510706983910648,0.00013017793080140444,1.1920929e-07,6.19,6.19,9.408,2.46,-0.04,4.96,88.42,604.55,0.07333766699819226,0.6485514
1980-11-29,0.00014377674903676407,1358.4603432602587,0.6604521648459952,7.194005389338846e-05,1.1920929e-07,1.1920929e-07,0.0,9.408,2.65,0.69,4.61,95.77,636.56,0.07773691136290102,0.58369625
1980-11-30,8.349467370221288e-05,1357.9129222382621,0.7567636219065893,4.1764765251435545e-05,1.1920929e-07,1.1920929e-07,0.0,9.408,4.685,0.57,8.8,184.45,631.88,0.07647663796650368,0.453986
1980-12-01,4.359512954030537e-05,1356.9477570917152,0.9723865039386437,2.1802316108376524e-05,1.1920929e-07,1.1920929e-07,0.0,9.363897,8.6,1.62,15.58,244.57,689.37,0.07430419616380157,0.39839587
1980-12-02,2.3919248554915168e-05,1355.9903672924158,1.0052181522928345,1.1961054603579345e-05,1.1920929e-07,1.1920929e-07,0.0,9.311997,9.215,1.27,17.16,252.42,661.85,0.0722102281656317,0.37986583
1980-12-03,1.4043563142536535e-05,1356.699678911595,0.8078227366879024,7.022274625431804e-06,1.1920929e-07,2.31,2.31,9.311997,5.84,-2.34,14.02,236.53,518.39,0.07375584989206654,0.37986583
1980-12-04,0.002961507216153354,1357.0248734217894,0.5054342539909308,1.1920928955078125e-07,1.1920929e-07,1.1920929e-07,0.0,9.311997,-1.075,-5.98,3.83,206.12,400.0,0.07447548150943094,0.33354074
1980-12-05,0.002978912343536583,1356.4423154418157,0.5277134180254525,1.1920928955078125e-07,1.1920929e-07,1.1920929e-07,0.0,9.311997,-0.45,-5.5,4.6,207.72,400.0,0.07319125592121384,0.3150107
1980-12-06,0.0029230918620947502,1355.729421400254,0.6597191992983211,0.0014829055752650236,1.1920929e-07,1.1920929e-07,0.0,9.311997,2.815,-3.89,9.52,238.61,448.86,0.07164980142924247,0.34280574
1980-12-07,0.002626743328305811,1354.8206427745747,0.9910704385420129,0.0013306201236914328,1.1920929e-07,1.1920929e-07,0.0,9.310348,9.01,3.13,14.89,219.04,770.03,0.06973177445784044,0.3150107
1980-12-08,0.0019025192573189052,1353.6688262393136,1.2213180389706992,0.0009603083045355896,1.1920929e-07,1.1920929e-07,0.0,9.2187805,12.485,5.54,19.43,230.07,920.0,0.06737440330795899,0.3242757
1980-12-09,0.0007631309814472749,1352.8882916954155,1.286762096961221,0.0003830214058950918,1.1920929e-07,2.73,2.73,9.216,13.34,7.2,19.48,169.14,1017.1,0.06582238564077159,0.3242757
1980-12-10,-0.00044439774619196284,1352.7505498400153,0.8024326084792612,1.1920928955078125e-07,1.1920929e-07,2.38,2.38,9.216,5.94,1.81,10.07,140.63,696.36,0.06555223424096732,0.34280574
1980-12-11,-0.0013845878225678641,1352.837636364861,0.6064935742623399,1.1920928955078125e-07,1.1920929e-07,1.1920929e-07,0.0,9.216,1.76,-1.41,4.93,144.2,553.17,0.06572290677731325,0.30574566
1980-12-12,-0.0017219601446494858,1352.7315869617012,0.5957758548637985,1.1920928955078125e-07,1.1920929e-07,1.1920929e-07,0.0,9.216,1.5,-1.89,4.89,153.55,534.17,0.06551512951367369,0.28721562
1980-12-13,-0.0012254348410849355,1352.0741650350544,0.7760181873978758,1.1920928955078125e-07,1.1920929e-07,1.1920929e-07,0.0,9.216,5.44,0.0,10.88,212.29,600.0,0.06424165357555316,0.29648066
1980-12-14,-0.0007431443226399239,1351.3211388010382,0.6016945003216819,1.1920928955078125e-07,1.1920929e-07,1.1920929e-07,0.0,9.216,1.66,-6.1,9.42,248.88,387.59,0.06281337115860315,0.26868558
1980-12-15,0.010010697409061808,1350.740986593557,0.45170217078168573,1.1920928955078125e-07,0.039999958,1.1920929e-07,0.04,9.216,-2.46,-8.18,3.26,223.04,328.12,0.06173467669953256,0.25942057
1980-12-16,1.608999288821458,1350.2266720323566,0.4695667346581806,1.1920928955078125e-07,3.1491778,0.0008223653,3.15,9.216,-1.905,-5.39,1.58,123.69,412.93,0.06079389665697721,0.26868558
1980-12-17,3.1860720339807824,1349.7325315784606,0.40869914092723136,1.1920928955078125e-07,1.1920929e-07,1.1920929e-07,0.0,9.216,-3.855,-8.88,1.17,215.78,308.08,0.0599035257509532,0.2779506
1980-12-18,3.1842589123683536,1349.2359865549001,0.47570275154382397,1.1920928955078125e-07,1.1920929e-07,1.1920929e-07,0.0,9.216,-1.71,-8.78,5.36,250.13,319.8,0.05902195730689757,0.2779506
1980-12-19,2.1077091863341413,1349.7207212756618,0.5869745394383004,2.107703154650187,1.1920929e-07,1.1920929e-07,0.0,9.216,1.315,-3.88,6.51,211.21,459.01,0.05988240558749837,0.2779506
1980-12-20,1.5879687857087534,1349.7032229707731,0.34151117347929055,1.1920928955078125e-07,1.1920929e-07,1.1920929e-07,0.0,9.216,-6.335,-13.2,0.53,247.01,221.44,0.05985112735525572,0.25942057
1980-12-21,1.587968785712366,1349.3421818892205,0.2753448730448893,1.1920928955078125e-07,1.1920929e-07,1.1920929e-07,0.0,9.216,-9.235,-13.71,-4.76,197.06,200.12,0.059209399855520886,0.22236049
1980-12-22,1.587968785712366,1349.006495238421,0.2941262373440909,1.1920928955078125e-07,1.1920929e-07,1.1920929e-07,0.0,9.216,-8.35,-13.5,-3.2,215.72,200.0,0.05861891260322737,0.21309547
1980-12-23,1.5879701237889978,1348.6042817711739,0.40038399629067356,1.1920928955078125e-07,1.1920929e-07,1.1920929e-07,0.0,9.216,-4.13,-9.48,1.22,219.9,282.64,0.05791915178383355,0.23162551
1980-12-24,3.5057893288101365,1348.1211569365487,0.4850843507030931,1.1920928955078125e-07,3.7353952,0.1246047,3.86,9.216,-1.42,-5.34,2.5,134.9,413.02,0.05708965754817404,0.25015554
1980-12-25,5.607613549741192,1347.671907340836,0.30849365283802554,1.1920928955078125e-07,0.32,1.1920929e-07,0.32,9.216,-7.695,-16.22,0.83,259.88,169.72,0.056328987925992016,0.19456543
1980-12-26,5.729120565891991,1347.3574861457294,0.23008963325490506,1.1920928955078125e-07,1.1920929e-07,1.1920929e-07,0.0,9.216,-11.58,-16.79,-6.37,216.02,160.0,0.05580264691332832,0.22236049
1980-12-27,5.72857183622914,1347.0474031616748,0.29611601547909555,1.1920928955078125e-07,1.1920929e-07,1.1920929e-07,0.0,9.216,-8.24,-13.8,-2.68,222.6,200.0,0.055288385111572955,0.25942057
1980-12-28,5.7216345661112085,1346.6465090102267,0.42094326291689654,1.1920928955078125e-07,1.1920929e-07,1.1920929e-07,0.0,9.216,-3.41,-6.63,-0.19,145.95,367.08,0.05463053429429456,0.25942057
1980-12-29,4.239549775999412,1347.5633322165725,0.6053661191673515,4.239549775999412,1.1920929e-07,1.1920929e-07,0.0,9.216,1.79,-1.11,4.69,130.11,560.05,0.056146674376255305,0.2779506
1980-12-30,1.5457508315446624,1349.5588299009278,0.6468779827704569,1.5457505322983278,1.1920929e-07,1.1920929e-07,0.0,9.216,2.745,-0.41,5.9,136.9,600.0,0.0595936474940199,0.29648066
1980-12-31,0.5635696496974709,1349.8376922964994,0.6263058846613956,0.5615658753204399,1.1920929e-07,1.1920929e-07,0.0,9.216,2.265,-0.76,5.29,133.51,580.02,0.060091911632724856,0.28721562
1981-01-01,2.1379304008306717,1349.8448916232323,0.3919198330656444,1.1920928955078125e-07,4.4,1.1920929e-07,4.4,9.216,-4.44,-7.14,-1.74,111.62,356.43,0.06010483021962601,0.2779506
1981-01-02,6.2276061941128456,1349.3591820711679,0.45813308784017137,1.1920928955078125e-07,3.2499871,1.2785196e-05,3.25,9.267895,-2.325,-5.1,0.45,118.33,424.56,0.05923946164880886,0.26868558
1981-01-03,7.6408131648096225,1348.8830182493834,0.37485358650149675,1.1920928955078125e-07,1.1920929e-07,1.1920929e-07,0.0,9.311997,-5.19,-10.97,0.59,260.62,279.76,0.05840319584219182,0.25015554
1981-01-04,7.640863574571126,1348.4971944204704,0.2914778751466311,1.1920928955078125e-07,1.1920929e-07,1.1920929e-07,0.0,9.311997,-8.605,-15.83,-1.38,287.29,177.21,0.057734256143010976,0.24089052
1981-01-05,7.640863574571126,1348.1740514111684,0.2589382901463484,1.1920928955078125e-07,1.1920929e-07,1.1920929e-07,0.0,9.311997,-10.175,-14.52,-5.83,224.91,200.0,0.05717989174669059,0.23162551
1981-01-06,7.638641335018507,1347.8342236760395,0.3159274743960156,1.1920928955078125e-07,1.1920929e-07,1.1920929e-07,0.0,9.311997,-7.515,-13.26,-1.77,264.81,219.1,0.05660264546772016,0.22236049
1981-01-07,9.61612593333683,1347.4002808542173,0.4353787741500723,1.1920928955078125e-07,3.94,1.1920929e-07,3.94,9.311997,-3.09,-7.98,1.8,181.48,333.4,0.05587399507588637,0.22236049
1981-01-08,11.58427596147714,1346.9768931007443,0.289630014998724,1.1920928955078125e-07,1.1920929e-07,1.1920929e-07,0.0,9.311997,-8.675,-14.7,-2.65,274.81,197.95,0.05517210957652752,0.20383045
1981-01-09,11.582547686556184,1346.6451969614018,0.2558180827445028,1.1920928955078125e-07,1.1920929e-07,1.1920929e-07,0.0,9.408,-10.455,-16.0,-4.91,266.49,160.0,0.0546283941780341,0.20383045
1981-01-10,11.582547686556184,1346.3004698420393,0.2989821447738456,1.1920928955078125e-07,1.1920929e-07,1.1920929e-07,0.0,9.408,-8.38,-12.18,-4.58,209.68,239.71,0.05406899584802168,0.20383045
1981-01-11,11.582547686556184,1345.9658437662476,0.2612782914039008,1.1920928955078125e-07,1.1920929e-07,1.1920929e-07,0.0,9.408,-10.17,-14.59,-5.75,235.48,196.97,0.05353146827657105,0.20383045
1981-01-12,11.582547686556184,1345.6735413590484,0.20997153572140204,1.1920928955078125e-07,1.1920929e-07,1.1920929e-07,0.0,9.408,-13.015,-18.16,-7.87,261.6,156.38,0.053066302035067896,0.19456543
1981-01-13,11.582547686556184,1345.4141568413384,0.21756040336984134,1.1920928955078125e-07,1.1920929e-07,1.1920929e-07,0.0,9.408,-12.555,-18.5,-6.61,283.07,160.0,0.052656906926779413,0.18530041
1981-01-14,11.570646681263934,1345.0840223508021,0.3437217940724009,1.1920928955078125e-07,1.1920929e-07,1.1920929e-07,0.0,9.504003,-6.62,-11.13,-2.11,242.01,264.94,0.05214040971829209,0.18530041
1981-01-15,12.653646541014517,1344.6565388478316,0.40888794176599336,1.1920928955078125e-07,2.09,1.1920929e-07,2.09,9.504003,-4.225,-8.37,-0.08,224.31,320.23,0.051479129466543476,0.18530041
1981-01-16,13.983001371745896,1344.1547013061916,0.4994712209941703,1.1920928955078125e-07,0.49964285,0.020357115,0.52,9.504003,-1.4,-4.85,2.05,195.1,435.71,0.05071352381619382,0.24089052
1981-01-17,14.178618772864542,1343.6331484566144,0.4384071916225523,1.1920928955078125e-07,1.1920929e-07,1.1920929e-07,0.0,9.504003,-3.24,-8.04,1.56,255.87,320.0,0.0499299040187902,0.22236049
1981-01-18,14.179648953974406,1343.187114804982,0.36732656158757193,1.1920928955078125e-07,1.1920929e-07,1.1920929e-07,0.0,9.6,-5.83,-10.86,-0.8,266.53,272.7,0.049269362529322305,0.22236049
1981-01-19,14.021315785413481,1342.8456229138542,0.5747965004980653,4.478104230256122,1.1920929e-07,1.1920929e-07,0.0,9.6,0.49,-4.96,5.94,276.35,430.73,0.048769551817428064,0.22236049
1981-01-20,5.430835502757297,1350.6828286241762,0.7719360289751416,5.430835502757297,1.1920929e-07,1.1920929e-07,0.0,9.6,4.76,0.85,8.67,220.65,646.32,0.06162756872065174,0.24089052
1981-01-21,1.9853172741510472,1354.4631152320142,0.6723699905518162,1.9853172694118304,1.1920929e-07,2.24,2.24,9.602783,2.655,-1.82,7.13,232.89,536.07,0.06899134335456782,0.25942057
1981-01-22,0.7243278668003945,1356.1443679692968,0.5950418304734082,0.7229017883946052,1.1920929e-07,1.1920929e-07,0.0,9.696003,0.705,-5.55,6.96,300.66,400.0,0.07254302610904921,0.29648066
1981-01-23,0.26693515182975525,1355.8916064327814,0.6965823766667634,0.2496360830668919,1.1920929e-07,1.1920929e-07,0.0,9.696003,3.02,-0.6,6.64,209.85,585.24,0.07199760829910114,0.29648066
1981-01-24,0.11015288334761972,1355.2942285419876,0.6620391971048052,0.082674855920107,1.1920929e-07,1.1920929e-07,0.0,9.696003,2.275,-0.47,5.02,164.17,590.5,0.0707248080415414,0.2779506
1981-01-25,0.05351946599288004,1354.6660125577391,0.5821383739031867,0.03047471352777812,1.1920929e-07,1.1920929e-07,0.0,9.792,0.26,-6.94,7.46,310.64,360.0,0.06941056868706515,0.2779506
1981-01-26,0.026122902719341805,1353.946658118268,0.7527876719288179,0.014757830601079998,1.1920929e-07,1.1920929e-07,0.0,9.792,4.05,-1.5,9.6,273.08,560.0,0.06793563220824066,0.2779506
1981-01-27,0.013120032742558803,1353.0657807090317,0.8914029089492033,0.00698973827687069,1.1920929e-07,1.1920929e-07,0.0,9.792,6.615,2.29,10.94,228.66,721.4,0.06617213489364868,0.29648066
1981-01-28,0.007201424834581072,1352.2193261689833,0.7241343121611066,0.003730307713922629,1.1920929e-07,1.1920929e-07,0.0,9.888,3.345,-2.43,9.12,275.85,520.0,0.06452069520256759,0.2779506
1981-01-29,0.004134854236131478,1351.4801114296604,0.6397186747085152,0.002110162823586941,1.1920929e-07,1.1920929e-07,0.0,9.888,1.525,-3.38,6.43,255.32,480.0,0.06311222992932772,0.25015554
1981-01-30,0.0035454924605386644,1350.925065028004,0.4119794780596864,1.1920928955078125e-07,1.1920929e-07,1.1920929e-07,0.0,9.888,-4.735,-9.57,0.1,260.11,280.12,0.06207491762625287,0.24089052
1981-01-31,0.003623290609208664,1350.464328516804,0.39903493351888425,1.1920928955078125e-07,1.1920929e-07,1.1920929e-07,0.0,9.983997,-5.305,-11.35,0.74,293.16,251.87,0.06122682084770884,0.24089052
1981-02-01,0.003947334450799834,1350.530259421896,0.4571738002191879,1.1920928955078125e-07,1.1920929e-07,1.1920929e-07,0.0,9.983997,-3.415,-10.46,3.63,311.32,280.0,0.061347468455339074,0.24089052
1981-02-02,0.006100186021730004,1364.2799829073458,0.7527060197267171,0.003143094846324751,1.1920929e-07,25.87,25.87,9.983997,3.645,-2.44,9.73,216.25,514.24,0.09248929248585783,1.6677036
1981-02-03,1.9751915812816665,1375.1218841047064,0.42642253669118785,1.1920928955078125e-07,1.09,1.1920929e-07,1.09,10.079997,-4.77,-12.11,2.57,317.17,239.68,0.12784392123632152,2.0383043
1981-02-04,2.388584938086549,1374.619968586734,0.3367099317190381,1.1920928955078125e-07,1.1920929e-07,1.1920929e-07,0.0,10.079997,-7.99,-11.98,-4.0,234.72,242.41,0.1259423132594731,0.8338518
1981-02-05,2.388110588460355,1374.1744595165499,0.32284872061088726,1.1920928955078125e-07,1.1920929e-07,1.1920929e-07,0.0,10.079997,-8.55,-13.98,-3.12,290.95,200.0,0.12427812154964775,0.5559012
1981-02-06,2.3881105884603544,1373.6779845417282,0.4337717479278641,1.1920928955078125e-07,1.1920929e-07,1.1920929e-07,0.0,10.176,-4.65,-11.42,2.12,322.32,248.55,0.12244944239741834,0.46325102
1981-02-07,2.3962553040620795,1373.0379875038313,0.5943661498534566,1.1920928955078125e-07,1.1920929e-07,1.1920929e-07,0.0,10.176,-0.19,-6.0,5.62,300.72,400.0,0.12013176843632867,0.42619094
1981-02-08,0.9723711151449942,1375.938076806954,0.6650089378341888,0.9723088678563343,1.1920929e-07,4.43,4.43,10.270348,1.275,-2.63,5.18,179.96,505.11,0.13099773333539105,0.4169259
1981-02-09,1.512449037575863,1377.3603783821256,0.4643543781889309,1.1920928955078125e-07,0.42,1.1920929e-07,0.42,10.272,-3.87,-9.56,1.82,296.27,291.09,0.13668063496212837,0.42619094
1981-02-10,1.3399481870087127,1376.7441936053556,0.5312128477223321,1.1920928955078125e-07,1.1920929e-07,1.1920929e-07,0.0,10.272,-1.97,-8.09,4.15,319.26,320.0,0.13418897126800386,0.35207078
1981-02-11,0.6544062695250791,1389.0931107474066,0.9778806005362238,0.6534661722523882,1.1920929e-07,24.26,24.26,10.367997,6.755,0.08,13.43,243.58,613.95,0.19402029481759706,7.05068
1981-02-12,0.26493088902492623,1403.5307049429382,0.6175281647734808,1.1920928955078125e-07,0.0010628414,5.488937,5.49,10.367997,-0.225,-13.34,12.89,322.08,214.08,0.29858067693958534,1.6213785
1981-02-13,1.8372493137225914,1403.340194123438,0.37121674150365164,1.1920928955078125e-07,1.1920929e-07,1.1920929e-07,0.0,10.419894,-7.4,-13.02,-1.78,329.46,238.71,0.2968870912859301,0.74120164
1981-02-14,1.8367823509356376,1402.6183348107995,0.5424430557726657,1.1920928955078125e-07,1.1920929e-07,1.1920929e-07,0.0,10.464,-2.2,-9.45,5.05,371.04,284.34,0.2905566719063867,0.6485514
1981-02-15,1.2523671480711949,1402.2922526838972,0.7060447871183926,1.252362440837258,1.1920929e-07,1.1920929e-07,0.0,10.464,1.6,-5.5,8.7,365.08,400.0,0.2877414942124431,0.5559012
1981-02-16,0.4550951994584637,1402.017805601189,0.869463500033409,0.45034088353781204,1.1920929e-07,1.1920929e-07,0.0,10.559998,4.555,-3.5,12.61,381.69,480.0,0.28539324947288996,0.5095761
1981-02-17,0.17351814974490082,1401.1619041328313,1.2091825882383913,0.1475032661216709,1.1920929e-07,0.36,0.36,10.559998,9.625,2.83,16.42,343.27,746.33,0.2781922892733751,0.47251603
1981-02-18,0.07703681821169772,1399.8373134446613,1.466706136772959,0.0526624100317251,1.1920929e-07,1.1920929e-07,0.0,10.655997,12.56,5.5,19.62,325.82,920.0,0.2674046247556228,0.5095761
1981-02-19,0.03904978539213709,1399.1045767924008,1.479224072498632,0.023289391262501177,1.1920929e-07,0.34,0.34,10.655997,12.705,6.49,18.92,300.51,959.47,0.26161786883003196,0.6207563
1981-02-20,0.020416778620203645,1409.9021020318087,1.4386093462377691,0.011246896467280281,1.1920929e-07,22.97,22.97,10.655997,12.135,9.51,14.76,113.54,1201.04,0.36114416235872576,2.9648066
1981-02-21,0.011550409506903461,1429.6353261609906,1.3445208178055708,0.006108364339616261,1.1920929e-07,18.38,18.38,10.752,10.695,7.33,14.06,146.99,1026.33,0.6509751308074602,5.8276978
1981-02-22,0.006647130211678175,1439.3584034578641,1.347259029687592,0.0034339853019311863,1.1920929e-07,3.17,3.17,10.752,10.62,8.93,12.31,86.85,1154.64,0.8702520579613686,2.0568345
1981-02-23,0.0038947295709601134,1455.9882155533069,1.3287082427667791,0.0019852822886159047,1.1920929e-07,27.13,27.13,10.848002,10.08,7.36,12.8,124.9,1029.92,1.42983666346116,6.494779
1981-02-24,0.002312588623268792,1473.124914858034,1.0445929366265356,0.0011696638811463708,1.1920929e-07,13.57,13.57,10.848002,6.175,0.35,12.0,239.15,626.22,2.3850675544430393,5.3459167
1981-02-25,0.0013644926859940588,1475.8852746927075,0.9198880174951642,0.0006869008715060092,1.1920929e-07,1.1920929e-07,0.0,10.944003,4.095,0.59,7.6,222.75,639.0,2.5899698081074964,2.1494846
1981-02-26,0.000692006215248659,1473.457297492197,0.9463645613922255,0.0003472002843517308,1.1920929e-07,1.1920929e-07,0.0,10.944003,4.545,1.36,7.73,207.5,669.24,2.4088554624149423,1.5287284
1981-02-27,0.0002927430334640122,1470.1352760800346,0.9923505699610231,0.0001465857627881057,1.1920929e-07,1.1920929e-07,0.0,10.946783,5.29,-0.48,11.06,330.14,596.03,2.181391274530544,1.2229826
1981-02-28,0.0001573127068335322,1467.5967117512162,1.0559656156287478,7.871822162333541e-05,1.1920929e-07,2.16,2.16,11.04,6.13,-0.39,12.65,326.83,600.0,2.022160447915698,1.0747423
1981-03-01,5.772635067250348e-05,1465.833725353727,1.1673611908880617,2.8871506164925314e-05,1.1920929e-07,2.88,2.88,11.04,7.685,3.11,12.26,227.33,769.75,1.9184685838768536,1.0840074
1981-03-02,-4.8419609061146635e-06,1464.128661881919,0.953689441121186,1.1920928955078125e-07,1.1920929e-07,1.1920929e-07,0.0,11.136,4.495,0.69,8.3,251.9,640.0,1.8232443125252165,0.907972
1981-03-03,-1.3510566004838933e-05,1461.8377837931598,0.7491903616294403,1.1920928955078125e-07,1.1920929e-07,1.1920929e-07,0.0,11.136,0.95,-3.61,5.51,299.61,467.14,1.7027021861048872,0.79679173
1981-03-04,0.0016047599749568536,1459.5106783464962,0.632678465544732,1.1920928955078125e-07,1.1920929e-07,1.1920929e-07,0.0,11.232,-1.585,-7.48,4.31,359.65,359.93,1.588410517176954,0.71340656
1981-03-05,0.3036451556057447,1464.3318639935437,0.7761211658335101,0.2897355518598535,1.1920929e-07,14.62,14.62,11.232,1.315,-1.58,4.21,159.31,549.99,1.8343399346004787,0.8709119
1981-03-06,0.12092279993566771,1471.080116418912,0.7556748775380653,0.09304355583947052,1.1920929e-07,3.8,3.8,11.328,0.735,-1.56,3.03,140.49,546.74,2.2438068206496156,0.8709119
1981-03-07,0.12658975903487346,1469.612210385101,0.6752359569361014,1.1920928955078125e-07,1.1920929e-07,1.1920929e-07,0.0,11.328,-0.875,-5.26,3.51,311.25,418.13,2.1475876464426156,0.907972
1981-03-08,0.14301330537260076,1466.8393297890827,0.7412624644836744,0.11159773561342452,1.1920929e-07,1.1920929e-07,0.0,11.423997,0.375,-3.75,4.5,301.94,460.46,1.9769447012434782,0.917237
1981-03-09,0.0684959733013006,1464.1692128724426,0.9296145611756177,0.045539188788381695,1.1920929e-07,1.1920929e-07,0.0,11.423997,3.73,0.69,6.77,236.86,636.79,1.825453180229337,0.898707
1981-03-10,0.035731025917981565,1461.5281187375565,0.9106577458902975,0.021023748614207003,1.1920929e-07,1.1920929e-07,0.0,11.423997,3.45,-1.26,8.16,336.81,559.81,1.6870316039104838,0.8153218
1981-03-11,0.018944543576068507,1459.0918401710865,0.911249275524312,0.01036683725090312,1.1920929e-07,0.12,0.12,11.520008,3.36,-0.99,7.71,322.19,561.05,1.568670082937875,0.76899666
1981-03-12,0.010425593938801693,1456.721361302446,0.9180630655410158,0.005484283630527554,1.1920929e-07,1.1920929e-07,0.0,11.520008,3.495,-2.76,9.75,403.88,499.1,1.4614812377400805,0.74120164
1981-03-13,0.005160616846638058,1454.22358226805,1.219328890090377,0.0026468735665638263,1.1920929e-07,1.1920929e-07,0.0,11.616,7.695,0.01,15.38,433.24,600.45,1.356451135952082,0.6670815
1981-03-14,0.002106303220847393,1451.7840361471278,1.0187319236597367,0.001064242483532062,1.1920929e-07,1.1920929e-07,0.0,11.616,4.98,-4.22,14.18,462.24,444.81,1.2611599718147064,0.6022263
1981-03-15,0.0011615173584463572,1451.1157886043618,0.9701862948241625,0.0005841314477392097,1.1920929e-07,1.1920929e-07,0.0,11.711997,4.13,-3.77,12.03,449.5,459.81,1.2362460242389746,0.5559012
1981-03-16,0.0005705598170162997,1453.64470953552,1.180756446433929,0.00028609375256232204,1.1920929e-07,5.98,5.98,11.711997,7.08,1.02,13.14,304.45,658.37,1.3332077221213063,0.71340656
1981-03-17,0.0002849756752914233,1454.1099402620916,0.751183045348168,0.00012208514762409903,5.7220456e-07,0.23999943,0.24,11.808,0.215,-5.89,6.32,417.21,394.16,1.351856333172933,0.79679173
1981-03-18,0.0002187060182512447,1452.3104564837506,0.6293407691987107,1.1920928955078125e-07,1.1920929e-07,1.1920929e-07,0.0,11.808,-2.3,-9.61,5.01,460.13,291.42,1.2811392973624862,0.6114913
1981-03-19,0.00022190709299008119,1450.4205799513766,0.6476421516786703,1.1920928955078125e-07,1.1920929e-07,1.1920929e-07,0.0,11.903997,-1.99,-7.5,3.52,411.75,360.0,1.21084911522458,0.58369625
1981-03-20,0.00025189412142184107,1448.5557894386877,0.6636313475032728,1.1920928955078125e-07,1.1920929e-07,1.1920929e-07,0.0,11.903997,-1.625,-6.39,3.14,383.41,375.48,1.1452729386970792,0.56516623
1981-03-21,0.0003529718905345572,1446.6530722466166,0.8208626702716284,0.00017679704900450826,1.1920929e-07,1.1920929e-07,0.0,12.000003,1.345,-2.84,5.53,353.76,493.7,1.0820221919634958,0.53737116
1981-03-22,0.0004865403124730808,1444.7204556512843,0.8592873683868039,0.000243861958758258,1.1920929e-07,1.1920929e-07,0.0,12.000003,2.035,-4.8,8.87,458.08,440.0,1.0213524310954147,0.49104607
1981-03-23,0.0006102901199414781,1442.7704200641888,1.0300222269464574,0.0003060761921569535,1.1920929e-07,1.1920929e-07,0.0,12.000003,4.75,-1.02,10.52,421.92,565.95,0.9635831812383566,0.49104607
1981-03-24,0.0006819120456438149,1440.8154458968281,1.0622795487992596,0.000342118528412148,1.1920929e-07,1.1920929e-07,0.0,12.096,5.115,-1.5,11.73,443.97,560.0,0.9089474085218207,0.47251603
1981-03-25,0.0006590968222841577,1438.8680135607,1.0313313733405267,0.0003306344287634826,1.1920929e-07,1.1920929e-07,0.0,12.096,4.69,-2.41,11.79,456.28,520.0,0.8576026150142467,0.44472098
1981-03-26,0.0004995351825665718,1436.9406034673027,1.1008164718061046,0.00025039142848259547,1.1920929e-07,1.1920929e-07,0.0,12.191998,5.575,-3.0,14.15,484.77,480.15,0.8096420745295625,0.43545595
1981-03-27,0.00021530233287399498,1435.433950838096,1.4453268085017976,0.00010776705412858341,1.1920929e-07,1.1920929e-07,0.0,12.191998,9.79,3.8,15.78,411.82,799.7,0.7740269267069246,0.42619094
1981-03-28,-9.316556153952406e-05,1434.606731741325,1.2716436907994533,1.1920928955078125e-07,1.1920929e-07,1.1920929e-07,0.0,12.287997,7.685,-1.15,16.52,485.76,560.0,0.755143328586503,0.4076609
1981-03-29,-0.0003414669076294061,1434.1841751961206,1.8187788910057938,1.1920928955078125e-07,1.1920929e-07,1.1920929e-07,0.0,12.287997,13.34,3.87,22.81,484.36,799.44,0.7456757732101846,0.39839587
1981-03-30,-0.0004452278720549353,1433.8911605479243,2.229377530032338,1.1920928955078125e-07,1.1920929e-07,6.77,6.77,12.383997,16.55,11.25,21.85,272.08,1339.62,0.7391804405920668,0.44472098
1981-03-31,-0.0003276310985038472,1433.4251130275566,2.2212776038608157,1.1920928955078125e-07,1.1920929e-07,1.8,1.8,12.383997,16.495,11.02,21.97,352.49,1321.35,0.7289658034076928,0.5559012
1981-04-01,-9.878920654536968e-05,1432.2141992375032,2.1058815327667006,1.1920928955078125e-07,1.1920929e-07,6.98,6.98,12.479998,15.5,8.0,23.0,341.79,1080.0,0.7030804910504,0.46325102
1981-04-02,0.00012951030267283222,1430.6791974378568,1.9293193200957104,6.479708362680106e-05,1.1920929e-07,6.36,6.36,12.479998,14.085,8.32,19.85,291.75,1105.96,0.6715841523705242,0.7319366
1981-04-03,0.0002934479123571759,1429.5568281008846,1.9408455090133907,0.00014693923521727126,1.1920929e-07,1.1920929e-07,0.0,12.576006,14.07,3.66,24.48,502.52,788.68,0.6494511661271523,0.5095761
1981-04-04,0.00032920410571407827,1429.5838116988532,2.749679496373785,0.00016487299097039493,1.1920929e-07,1.1920929e-07,0.0,12.576006,19.87,14.09,25.65,367.89,1607.57,0.6499746240161933,0.453986
1981-04-05,0.00020097002944874837,1430.766081048812,2.580010695195337,0.00010058598707223104,1.1920929e-07,10.16,10.16,12.576006,18.775,13.79,23.76,248.41,1576.9,0.6733286170031157,1.2322477
1981-04-06,2.8993611426177265e-05,1430.288639589767,1.4113169940854686,1.4498907286832742e-05,1.1920929e-07,4.79,4.79,12.672003,8.87,2.6,15.14,310.94,740.54,0.6637981149641784,2.2328699
1981-04-07,-0.00012497786545504044,1428.6412950721929,1.1900072088942144,1.1920928955078125e-07,1.1920929e-07,1.1920929e-07,0.0,12.672003,6.26,-1.5,14.02,468.91,560.0,0.6319382471520993,1.0562123
1981-04-08,-0.0002146875085203754,1426.8254184717416,1.726527896246482,1.1920928955078125e-07,1.1920929e-07,1.1920929e-07,0.0,12.768005,11.97,3.0,20.94,485.11,760.0,0.598587834042592,0.8709119
1981-04-09,-0.00019387842509529846,1425.8423807640654,2.2425775214451025,1.1920928955078125e-07,1.1920929e-07,2.62,2.62,12.768005,16.235,10.61,21.86,295.95,1288.6,0.5812737118023851,0.80605674
1981-04-10,-0.0001146251940450574,1424.0663363119738,1.6568420936694528,1.1920928955078125e-07,1.1920929e-07,1.1920929e-07,0.0,12.864003,11.225,3.21,19.24,462.7,777.2,0.5512523281188959,0.76899666
1981-04-11,-6.762311927135776e-05,1424.0202654959216,2.1912677786295993,1.1920928955078125e-07,1.1920929e-07,5.55,5.55,12.864003,15.75,8.78,22.72,313.91,1142.08,0.5504945569090741,0.7319366
1981-04-12,-4.045710406360334e-05,1438.2304771092768,2.1893988300520344,1.1920928955078125e-07,1.1920929e-07,25.84,25.84,12.96,15.45,10.06,20.84,265.68,1245.12,0.84143207267335,3.4836476
1981-04-13,-2.4285185512082376e-05,1454.2466848072495,1.3812957005817357,1.1920928955078125e-07,1.1920929e-07,13.35,13.35,12.96,7.93,3.89,11.97,223.85,804.66,1.357387132170243,3.9376335
1981-04-14,-1.4596611868944662e-05,1468.3282259940456,1.5919813587720517,1.1920928955078125e-07,1.1920929e-07,21.3,21.3,13.05322,9.88,4.54,15.22,282.29,843.18,2.0668134116173658,7.9679174
1981-04-15,-8.765345842197646e-06,1476.4590994446598,1.4371890171303447,1.1920928955078125e-07,1.1920929e-07,3.13,3.13,13.056,8.195,0.99,15.4,365.99,653.83,2.6347267245029005,3.4002624
1981-04-16,-5.241358087891048e-06,1473.781057608578,1.399306106038716,1.1920928955078125e-07,1.1920929e-07,1.1920929e-07,0.0,13.056,7.81,-1.08,16.7,507.27,560.0,2.4322543565933272,2.1865447
1981-04-17,-3.0676889740025e-06,1469.930957152752,2.0106617709947163,1.1920928955078125e-07,1.1920929e-07,0.21,0.21,13.152,13.465,7.93,19.0,380.46,1074.6,2.1681240965267694,1.815944
1981-04-18,-1.6690339966398581e-06,1466.161516489192,2.579113247755247,1.1920928955078125e-07,1.1920929e-07,0.96,0.96,13.152,17.605,12.15,23.06,364.65,1412.36,1.9373371682443359,1.5750535
1981-04-19,-8.820034942407352e-07,1462.4240832479647,1.979164922000906,1.1920928955078125e-07,1.1920929e-07,1.1920929e-07,0.0,13.248009,13.175,3.97,22.38,506.17,800.0,1.732771635551235,1.2693077
1981-04-20,-8.90298425808041e-09,1458.2630583217863,1.7649508883618623,1.1920928955078125e-07,1.1920929e-07,3.8,3.8,13.248009,11.385,6.63,16.14,254.44,973.49,1.5303285137510318,1.3156328
1981-04-21,8.004995291788884e-07,1454.4198304453403,1.207863050486833,4.0025136658818474e-07,1.1920929e-07,1.1920929e-07,0.0,13.343997,5.43,-2.03,12.89,475.81,520.0,1.3644226942390913,1.0747423
1981-04-22,1.306754977404606e-06,1451.7478371478376,1.393352698879189,6.533817577237303e-07,1.1920929e-07,1.1920929e-07,0.0,13.343997,7.64,-0.5,15.78,492.57,599.99,1.2597976099012347,0.98209214
1981-04-23,1.2704142917535087e-06,1451.1005159584888,2.147627799610089,6.35211180757936e-07,1.1920929e-07,4.09,4.09,13.343997,14.51,8.54,20.48,297.95,1123.18,1.2356824117590153,0.97282714
1981-04-24,6.760408675292898e-07,1451.7559226926658,2.181350918093478,3.3802157634278127e-07,1.1920929e-07,6.05,6.05,13.439995,14.64,9.11,20.17,283.88,1168.54,1.260101784485075,1.1118025
1981-04-25,1.9947708089745537e-08,1450.73026702006,1.5812448025113057,1.1920928955078125e-07,1.1920929e-07,1.1920929e-07,0.0,13.439995,9.505,5.51,13.5,304.31,907.41,1.2220973133243063,0.88944197
1981-04-26,-5.070923810617527e-07,1448.4048053656632,1.4783115329756618,1.1920928955078125e-07,1.1920929e-07,1.1920929e-07,0.0,13.535997,8.37,1.51,15.23,459.62,680.93,1.1401215773425462,0.79679173
1981-04-27,-7.317876115880911e-07,1445.307591913877,2.105532013503137,1.1920928955078125e-07,1.1920929e-07,1.1920929e-07,0.0,13.535997,14.02,7.88,20.16,421.13,1070.08,1.03941532224855,0.75973165
1981-04-28,-5.276956572567172e-07,1441.9460296160612,2.531195286024521,1.1920928955078125e-07,1.1920929e-07,1.1920929e-07,0.0,13.580106,17.035,9.0,25.07,485.16,1159.82,0.9401544616238514,0.71340656
1981-04-29,-2.8798273884855114e-07,1438.5248662921329,2.83855123036589,1.1920928955078125e-07,1.1920929e-07,0.33,0.33,13.632,18.935,12.49,25.38,422.24,1439.12,0.8488607489314627,0.6948765
1981-04-30,-1.5351301913697253e-07,1435.2132771792274,2.4195449418453023,1.1920928955078125e-07,1.1920929e-07,1.1920929e-07,0.0,13.632,16.3,9.52,23.08,443.68,1201.67,0.7689437287312367,0.6763465
1981-05-01,-9.05563243613557e-08,1438.6926115540377,1.781227779081994,1.1920928955078125e-07,1.1920929e-07,10.96,10.96,13.727997,11.18,6.36,16.0,278.85,948.99,0.8531229622981451,0.70414156
1981-05-02,-5.338935993784272e-08,1447.32153978054,1.7489207160351163,1.1920928955078125e-07,1.1920929e-07,10.51,10.51,13.727997,10.795,6.24,15.35,262.32,947.1,1.1038353319461602,1.2507777
1981-05-03,-3.1211980569627866e-08,1448.1874377325603,1.7254526044476344,1.1920928955078125e-07,1.1920929e-07,1.1920929e-07,0.0,13.72965,10.57,2.7,18.44,506.64,735.97,1.1327459678861953,0.7875267
1981-05-04,-1.84756150589622e-08,1445.111205951263,2.1672921257319975,1.1920928955078125e-07,1.1920929e-07,1.1920929e-07,0.0,13.824,14.15,5.0,23.3,527.92,880.0,1.0333383490117187,0.6763465
1981-05-05,-1.0515535644542361e-08,1441.6895396167813,2.3717501181763008,1.1920928955078125e-07,1.1920929e-07,1.1920929e-07,0.0,13.824,15.665,6.5,24.83,521.7,960.0,0.932982001127762,0.6207563
1981-05-06,-6.021873822057299e-09,1438.9813352752242,2.3664285554551876,1.1920928955078125e-07,1.1920929e-07,1.43,1.43,13.920003,15.545,8.62,22.47,455.24,1129.43,0.8605092774594554,0.6114913
1981-05-07,-2.29257508978789e-09,1436.4653798194947,1.711198110307544,1.1920928955078125e-07,1.1920929e-07,0.07,0.07,13.920003,10.35,3.29,17.41,474.87,783.28,0.7982350064078161,0.6207563
1981-05-08,4.858805157075826e-10,1433.970197136124,1.7300091966375226,1.1920928955078125e-07,1.1920929e-07,1.1920929e-07,0.0,13.920003,10.55,2.47,18.63,510.54,720.0,0.7409268723520519,0.5559012
1981-05-09,1.4983646905536421e-09,1431.5467336493384,1.8324792007368524,1.1920928955078125e-07,1.1920929e-07,1.1920929e-07,0.0,14.015994,11.38,2.01,20.75,538.38,720.0,0.6892073763109504,0.51884115
1981-05-10,9.272314808720294e-10,1431.685757693076,2.3363191226003086,1.1920928955078125e-07,1.1920929e-07,3.49,3.49,14.015994,15.305,9.51,21.1,305.73,1200.98,0.6920742063557953,0.52810615
1981-05-11,5.267206274897612e-10,1439.2262935538554,2.5779241775281836,1.1920928955078125e-07,1.1920929e-07,16.6,16.6,14.015994,16.845,14.01,19.68,165.51,1600.88,0.8668260797111764,0.7782617
1981-05-12,3.102153144554786e-10,1448.7241274072003,2.3500575440652316,1.1920928955078125e-07,1.1920929e-07,9.59,9.59,14.111998,15.095,11.14,19.05,230.25,1331.1,1.1510438367101452,1.0840074
1981-05-13,1.7630195487945985e-10,1450.1079922025262,1.9853715222109778,1.1920928955078125e-07,1.1920929e-07,1.1920929e-07,0.0,14.111998,12.345,4.5,20.19,503.19,840.0,1.1996005456278906,0.6948765
1981-05-14,1.0311637905776229e-10,1447.531168705336,2.752673962671415,1.1920928955078125e-07,1.1920929e-07,1.1920929e-07,0.0,14.111998,17.73,9.76,25.7,489.72,1220.46,1.1107660108899957,0.6022263
1981-05-15,5.674880365216553e-11,1450.3747675194475,3.14522115407301,1.1920928955078125e-07,1.1920929e-07,12.67,12.67,14.208003,19.835,13.4,26.27,327.27,1536.74,1.209193967315613,0.6485514
1981-05-16,3.3182805836816865e-11,1456.925672761413,2.2546915903898306,1.1920928955078125e-07,1.1920929e-07,10.27,10.27,14.208003,14.215,9.18,19.25,282.52,1174.49,1.4704240011451457,1.4082831
1981-05-17,1.8309260587235407e-11,1457.1580008785916,2.1386343410463837,1.1920928955078125e-07,1.1920929e-07,1.1920929e-07,0.0,14.208003,13.355,6.03,20.68,485.73,922.53,1.480659569734512,0.79679173
1981-05-18,1.049060696033586e-11,1453.7266371514809,2.3554997344819295,1.1920928955078125e-07,1.1920929e-07,1.1920929e-07,0.0,14.304006,14.855,8.24,21.47,452.65,1099.34,1.336472997842013,0.6763465
1981-05-19,4.810237936013913e-12,1452.7239440628375,1.8061204585501902,1.1920928955078125e-07,1.1920929e-07,5.35,5.35,14.304006,10.595,7.26,13.93,216.33,1021.08,1.297054159723846,0.6856115
1981-05-20,1.3111422487385787e-12,1452.1027005968663,2.05380397395512,1.1920928955078125e-07,1.1920929e-07,1.1920929e-07,0.0,14.304006,12.65,6.63,18.67,438.17,970.16,1.2732167687721172,0.70414156
1981-05-21,5.076257443096923e-13,1449.1939485947757,2.2830824665631417,1.1920928955078125e-07,1.1920929e-07,1.1920929e-07,0.0,14.397217,14.29,5.0,23.58,541.89,880.23,1.1673043621110224,0.5929613
1981-05-22,2.49984867796096e-13,1445.3905476091552,2.9782298212308564,1.1920928955078125e-07,1.1920929e-07,1.1920929e-07,0.0,14.399997,18.74,9.99,27.49,515.82,1238.91,1.0419930302035572,0.54663616
1981-05-23,9.652823776909713e-14,1441.4642009111144,2.8645457581731786,1.1920928955078125e-07,1.1920929e-07,1.1920929e-07,0.0,14.399997,18.13,7.99,28.27,544.14,1068.79,0.9267258200859941,0.5095761
1981-05-24,4.953597755054397e-14,1437.4180224058516,3.038923798818165,1.1920928955078125e-07,1.1920929e-07,1.1920929e-07,0.0,14.399997,19.175,10.57,27.78,504.6,1284.03,0.8212659835117331,0.48178104
1981-05-25,1.4057868890481435e-14,1432.6652844019893,3.526346627011598,1.1920928955078125e-07,1.1920929e-07,1.1920929e-07,0.0,14.495997,21.665,13.0,30.33,494.19,1465.53,0.7126139817824664,0.453986
1981-05-26,-1.1871777416050561e-14,1427.9478931720078,3.9085053532700376,1.1920928955078125e-07,1.1920929e-07,1.1920929e-07,0.0,14.495997,23.515,16.82,30.21,417.21,1896.67,0.6189893694649832,0.43545595
1981-05-27,-1.9875472306703965e-14,1424.1262469865503,3.718471554554008,1.1920928955078125e-07,1.1920929e-07,1.1920929e-07,0.0,14.495997,22.69,16.82,28.56,382.83,1905.79,0.5522392972475217,0.43545595
1981-05-28,-1.1013353731211306e-14,1421.447816100828,3.4695060364918686,1.1920928955078125e-07,1.1920929e-07,14.68,14.68,14.495997,21.52,17.14,25.9,231.49,1942.92,0.5097951227503447,0.43545595
1981-05-29,-2.2569679633939806e-15,1419.4877322634902,3.353657076382278,1.1920928955078125e-07,1.1920929e-07,10.97,10.97,14.592003,20.845,16.74,24.95,222.03,1898.89,0.480816057476978,0.98209214
1981-05-30,3.722501287274799e-15,1419.0553812128026,3.4464377485181577,1.1920928955078125e-07,1.1920929e-07,1.1920929e-07,0.0,14.592003,21.32,15.26,27.38,406.58,1741.06,0.4746490319738016,0.56516623
1981-05-31,4.797375927892539e-15,1421.0000789444643,3.5289500165933805,1.1920928955078125e-07,1.1920929e-07,7.62,7.62,14.592003,21.705,16.35,27.06,276.49,1852.93,0.5030252650988081,0.57443124
1981-06-01,2.230183627773143e-15,1423.8079940172024,2.7090512412872334,1.1920928955078125e-07,1.1920929e-07,1.1920929e-07,0.0,14.592003,17.18,10.08,24.28,462.82,1246.23,0.5470165571183263,0.5003111
1981-06-02,-3.624506768905794e-16,1425.7224335066405,2.6189900189814503,1.1920928955078125e-07,1.1920929e-07,9.07,9.07,14.592003,16.595,13.02,20.17,205.83,1489.76,0.5791956714422338,0.53737116
1981-06-03,-2.2801438605623183e-15,1427.8002888975773,2.7345194424002233,1.1920928955078125e-07,1.1920929e-07,1.27,1.27,14.688,17.18,14.51,19.85,214.41,1652.8,0.6162673833764697,0.5929613
1981-06-04,-2.827156308125977e-15,1431.1022165594507,3.37275608332674,1.1920928955078125e-07,1.1920929e-07,12.77,12.77,14.688,20.69,15.98,25.4,263.84,1810.91,0.6801203887273053,0.70414156
1981-06-05,-1.8004279322693642e-15,1434.5873704747698,3.6017072818540776,1.1920928955078125e-07,1.1920929e-07,4.01,4.01,14.688,21.78,16.04,27.52,309.27,1807.42,0.7547069152049819,0.6578164
1981-06-06,-8.782258241135543e-16,1432.1787336963525,3.9754043258796017,1.1920928955078125e-07,1.1920929e-07,1.1920929e-07,0.0,14.688,23.53,19.11,27.95,328.69,2217.27,0.7023363724786003,0.52810615
1981-06-07,-3.7564135024118996e-16,1427.4447010373894,3.430368632485048,1.1920928955078125e-07,1.1920929e-07,1.1920929e-07,0.0,14.688,21.025,15.0,27.05,430.09,1720.17,0.6097590004737704,0.5003111
1981-06-08,-2.181422141445086e-16,1423.199469611449,3.174677579582946,1.1920928955078125e-07,1.1920929e-07,1.1920929e-07,0.0,14.688,19.75,11.51,27.99,516.92,1350.45,0.5371673910583464,0.42619094
1981-06-09,-1.2322627668366503e-16,1419.6960408651635,3.996710222924621,1.1920928955078125e-07,1.1920929e-07,1.44,1.44,14.732102,23.725,18.72,28.73,339.81,2163.6,0.4838158960189149,0.4169259
1981-06-10,-7.380176052517455e-17,1424.2314133405378,3.562848423785561,1.1920928955078125e-07,1.1920929e-07,13.64,13.64,14.783998,21.605,16.11,27.1,300.35,1820.21,0.5539760843561826,0.5003111
1981-06-11,-4.438473821639967e-17,1427.8244356118328,3.1851616438740975,1.1920928955078125e-07,1.1920929e-07,0.31,0.31,14.783998,19.64,14.79,24.49,364.23,1686.95,0.616711855185843,0.53737116
1981-06-12,-2.671529117248102e-17,1424.0190229498803,3.6047818194801273,1.1920928955078125e-07,1.1920929e-07,1.1920929e-07,0.0,14.783998,21.81,16.01,27.61,417.23,1800.91,0.5504741339864477,0.42619094
1981-06-13,-1.607344505877511e-17,1419.728660578286,4.044082210965258,1.1920928955078125e-07,1.1920929e-07,1.1920929e-07,0.0,14.783998,23.87,18.58,29.16,385.19,2133.32,0.4842873422943056,0.8431168
1981-06-14,-9.667086699372528e-18,1440.15791135378,4.231015605140631,1.1920928955078125e-07,1.1920929e-07,42.12,42.12,14.783998,24.415,19.5,29.33,272.88,2265.97,0.8912763910638511,7.9679174
1981-06-15,-5.829146022236405e-18,1456.847404270331,4.4800947705994405,1.1920928955078125e-07,1.1920929e-07,4.81,4.81,14.783998,25.225,19.13,31.32,394.34,2219.89,1.4669917219172537,1.4175481
1981-06-16,-3.516853725254982e-18,1451.828615720852,5.097470108823956,1.1920928955078125e-07,1.1920929e-07,1.1920929e-07,0.0,14.783998,27.605,21.46,33.75,409.56,2552.85,1.2628397641125158,0.92650205
1981-06-17,-2.1132419540427763e-18,1449.7311633713073,4.535216115273644,1.1920928955078125e-07,1.1920929e-07,7.86,7.86,14.783998,25.53,18.95,32.11,329.24,2193.49,1.1861790690313194,0.7782617
1981-06-18,-1.2617002048849652e-18,1448.8157830910197,3.3477030537129866,1.1920928955078125e-07,1.1920929e-07,1.1920929e-07,0.0,14.783998,20.24,13.51,26.97,466.49,1560.5,1.1541981591595085,0.6578164
1981-06-19,-7.456266943164775e-19,1442.3675306156535,3.781839083609445,1.1920928955078125e-07,1.1920929e-07,1.1920929e-07,0.0,14.783998,22.42,16.56,28.28,419.1,1883.71,0.952061231221572,0.58369625
1981-06-20,-4.467103146662327e-19,1447.1245414109028,3.9260015011731526,1.1920928955078125e-07,1.1920929e-07,18.9,18.9,14.783998,23.015,18.07,27.96,280.37,2075.63,1.0973616594655615,1.5009333
1981-06-21,-2.692464016134783e-19,1454.96834929456,3.7734119502405084,1.1920928955078125e-07,1.1920929e-07,4.86,4.86,14.783998,22.23,16.1,28.36,355.44,1816.21,1.3869527433258306,1.0376823
1981-06-22,-1.624370888248012e-19,1464.3704517610215,4.228461566571791,1.1920928955078125e-07,1.1920929e-07,24.96,24.96,14.783998,24.11,17.44,30.78,343.92,1993.69,1.8364545924733229,3.9561636
1981-06-23,-9.785733064494253e-20,1469.446559927755,3.8263444251420284,1.1920928955078125e-07,1.1920929e-07,0.02,0.02,14.783998,22.3,15.9,28.7,459.74,1798.17,2.136991928222969,1.2415127
1981-06-24,-5.835248614656158e-20,1463.9963270469732,3.6055023024957773,1.1920928955078125e-07,1.1920929e-07,1.1920929e-07,0.0,14.783998,21.335,14.5,28.17,482.75,1640.1,1.8160544306434638,0.8616469
1981-06-25,-1.4839392856877744e-20,1458.8639031061157,4.412425540975946,1.1920928955078125e-07,1.1920929e-07,1.1920929e-07,0.0,14.783998,24.93,18.64,31.22,444.89,2141.7,1.5580303681811296,0.75046664
1981-06-26,9.705150645138744e-20,1455.4991094029174,3.741237865934895,1.1920928955078125e-07,1.1920929e-07,5.8,5.8,14.783998,22.075,14.64,29.51,372.85,1669.07,1.409107456713289,1.1951876
1981-06-27,2.594594543665735e-19,1453.986687422954,2.87078338396207,1.1920928955078125e-07,1.1920929e-07,1.1920929e-07,0.0,14.783998,17.58,10.73,24.43,493.59,1298.66,1.3468905354322227,0.6856115
1981-06-28,4.477309686568889e-19,1454.2885556523534,3.143568650903765,1.1920928955078125e-07,1.1920929e-07,1.1920929e-07,0.0,14.783998,19.105,11.21,27.0,516.69,1337.06,1.3590851700900068,0.58369625
1981-06-29,6.372125670905418e-19,1456.3666325772433,3.3720448534453764,1.1920928955078125e-07,1.1920929e-07,1.1920929e-07,0.0,14.783998,20.275,12.03,28.52,519.5,1402.06,1.4460836690592629,0.51884115
1981-06-30,8.032507674357415e-19,1460.1828366837515,3.9343140532433445,1.1920928955078125e-07,1.1920929e-07,1.1920929e-07,0.0,14.783998,22.895,17.0,28.79,423.71,1920.0,1.6206108271340767,0.49104607
1981-07-01,9.211920874606958e-19,1465.699086458006,3.8963425831411636,1.1920928955078125e-07,1.1920929e-07,1.1920929e-07,0.0,14.783998,22.66,17.42,27.9,393.83,1987.58,1.9107717340654204,0.46325102
1981-07-02,9.663830449336134e-19,1472.8773003861343,3.7652258724007313,1.1920928955078125e-07,1.1920929e-07,18.94,18.94,14.783998,21.98,17.5,26.46,262.71,1999.96,2.3674991347311516,0.97282714
1981-07-03,9.141701576227032e-19,1481.6793969542646,3.801236337712567,1.1920928955078125e-07,1.1920929e-07,6.94,6.94,14.781217,22.045,18.35,25.74,221.67,2109.22,3.0791297475505486,0.80605674
1981-07-04,7.39899943296174e-19,1492.0672946485247,3.5528550946804445,1.1920928955078125e-07,1.1920929e-07,21.9,21.9,14.689652,20.865,17.13,24.6,228.03,1945.95,4.1988414982845095,3.4280574
1981-07-05,4.617492885458284e-19,1500.7784455256503,3.4141419764967997,1.1920928955078125e-07,1.1920929e-07,15.1,15.1,14.688,20.085,16.5,23.67,242.03,1880.0,5.446134145072798,1.797414
1981-07-06,2.6441175076163664e-19,1496.9639006852344,3.954749509321427,1.1920928955078125e-07,1.1920929e-07,1.1920929e-07,0.0,14.688,22.665,17.27,28.06,401.85,1963.43,4.859868697901148,1.0098872
1981-07-07,1.5631496627996268e-19,1488.642771324045,4.398189564642524,1.1920928955078125e-07,1.1920929e-07,1.1920929e-07,0.0,14.688,24.63,18.52,30.74,426.98,2122.69,3.790732617320489,0.79679173
1981-07-08,8.948432107633826e-20,1480.7087200017795,4.733977650661361,1.1920928955078125e-07,1.1920929e-07,1.1920929e-07,0.0,14.688,26.035,19.5,32.57,438.88,2280.0,2.9911698172826715,0.6578164
1981-07-09,3.6290631449485446e-20,1473.1151136482906,5.257453330333018,1.1920928955078125e-07,1.1920929e-07,1.1920929e-07,0.0,14.688,28.02,22.35,33.69,388.6,2695.96,2.384369680069415,0.58369625
1981-07-10,-5.0941769259061436e-20,1465.8631326804023,5.2447088955890555,1.1920928955078125e-07,1.1920929e-07,1.1920929e-07,0.0,14.636108,28.13,22.26,34.0,396.46,2681.55,1.9201538222722805,0.52810615
1981-07-11,-1.5247544042294508e-19,1459.0113139722173,4.337190164874687,1.1920928955078125e-07,1.1920929e-07,1.1920929e-07,0.0,14.592003,24.855,17.85,31.86,458.56,2055.33,1.5649029820719302,0.46325102
1981-07-12,-2.452563840325302e-19,1452.6169602756274,4.356059208026785,1.1920928955078125e-07,1.1920929e-07,1.1920929e-07,0.0,14.592003,25.01,17.88,32.14,460.59,2060.91,1.2929175642311428,0.43545595
1981-07-13,-3.062306020781812e-19,1446.7373743425242,4.74478079923175,1.1920928955078125e-07,1.1920929e-07,1.1920929e-07,0.0,14.592003,26.61,20.99,32.23,388.53,2478.05,1.084749170143809,0.39839587
1981-07-14,-3.123440965502625e-19,1441.4298589247992,4.460681388679384,1.1920928955078125e-07,1.1920929e-07,1.1920929e-07,0.0,14.592003,25.57,20.37,30.77,371.66,2378.46,0.9257760587996978,0.38913086
1981-07-15,-2.4054286943913845e-19,1436.7517167743442,3.533854968065031,1.1920928955078125e-07,1.1920929e-07,1.1920929e-07,0.0,14.540109,21.6,13.2,30.0,510.56,1511.98,0.8050887272498988,0.35207078
1981-07-16,-1.231401475033614e-19,1432.509456769475,3.606254591651867,1.1920928955078125e-07,1.1920929e-07,1.1920929e-07,0.0,14.495997,22.055,15.51,28.6,447.94,1761.1,0.709306105093115,0.34280574
1981-07-17,-2.5526197129526417e-20,1428.3319889766406,3.536059714118155,1.1920928955078125e-07,1.1920929e-07,1.1920929e-07,0.0,14.495997,21.765,14.96,28.57,458.95,1711.51,0.62612900229692,0.36133578
1981-07-18,2.9041448728829707e-20,1424.024706659893,3.930085296813574,1.1920928955078125e-07,1.1920929e-07,1.1920929e-07,0.0,14.495997,23.66,16.01,31.31,477.85,1802.32,0.5505675596323036,0.33354074
1981-07-19,2.567313466051995e-20,1419.3093704900252,4.3076483251532025,1.1920928955078125e-07,1.1920929e-07,1.1920929e-07,0.0,14.4441,25.405,17.89,32.92,462.79,2061.98,0.4782622669916157,0.3150107
1981-07-20,1.5193759464528477e-20,1414.2484220906802,4.839218223513371,1.1920928955078125e-07,1.1920929e-07,1.1920929e-07,0.0,14.399997,27.615,22.28,32.95,358.81,2685.42,0.4111876006138295,0.4076609
1981-07-21,9.163242016952052e-21,1421.0360533057465,4.466569702175071,1.1920928955078125e-07,1.1920929e-07,21.08,21.08,14.399997,26.085,20.23,31.94,294.58,2358.34,0.5035658657727732,1.834474
1981-07-22,5.529905549853851e-21,1426.2343682731869,3.852622374156936,1.1920928955078125e-07,1.1920929e-07,1.1920929e-07,0.0,14.399997,23.4,18.1,28.7,379.36,2079.13,0.588116881343185,0.75046664
1981-07-23,3.332550872721124e-21,1421.8525990611538,3.07192106720171,1.1920928955078125e-07,1.1920929e-07,1.1920929e-07,0.0,14.305658,19.655,12.49,26.82,476.11,1439.16,0.5159938911797833,0.44472098
1981-07-24,1.979768412900946e-21,1419.6646917692685,3.108532473159018,1.1920928955078125e-07,1.1920929e-07,3.62,3.62,14.304006,19.885,13.86,25.91,347.16,1588.69,0.48336324620728655,0.38913086
1981-07-25,1.0422696101730836e-21,1417.3413277337254,3.1658700168073337,1.1920928955078125e-07,1.1920929e-07,0.81,0.81,14.304006,20.225,16.89,23.56,268.25,1910.85,0.4509684925076996,0.43545595
1981-07-26,5.370968364711406e-22,1414.7992862479741,3.740664955790202,1.1920928955078125e-07,1.1920929e-07,1.71,1.71,14.301225,23.145,18.88,27.41,296.63,2180.57,0.41800661207389356,0.42619094
1981-07-27,2.905588739450921e-22,1413.1518640198005,4.136660982101957,1.1920928955078125e-07,1.1920929e-07,0.68,0.68,14.208003,25.055,20.68,29.43,325.19,2428.06,0.3979429089436729,0.4169259
1981-07-28,1.1313120155880408e-22,1414.341152552936,3.7225157061530587,1.1920928955078125e-07,1.1920929e-07,8.27,8.27,14.208003,23.18,17.88,28.48,309.53,2060.4,0.41232765147638845,0.72267157
1981-07-29,3.760692224147853e-23,1420.2502400537098,3.530705700350603,1.1920928955078125e-07,1.1920929e-07,12.73,12.73,14.208003,22.185,18.23,26.14,240.7,2096.91,0.49188833175156804,1.9456543
1981-07-30,2.156869802856858e-23,1422.5858290186945,2.8362553287756525,1.1920928955078125e-07,1.1920929e-07,1.1920929e-07,0.0,14.111998,18.525,10.58,26.47,514.4,1286.73,0.5274149880809242,0.5559012
1981-07-31,1.1744973282280365e-23,1418.8312023402489,3.221139682121905,1.1920928955078125e-07,1.1920929e-07,1.1920929e-07,0.0,14.111998,20.735,12.85,28.62,501.01,1468.4,0.4714825644470385,0.42619094
1981-08-01,6.87932607790911e-24,1415.012822842483,3.2871303498736855,1.1920928955078125e-07,1.1920929e-07,1.1920929e-07,0.0,14.111998,21.13,13.55,28.71,487.4,1564.1,0.420680240866159,0.37060082
1981-08-02,3.8515652154694286e-24,1411.3289711795012,3.2933230904177977,1.1920928955078125e-07,1.1920929e-07,1.1920929e-07,0.0,14.015994,21.325,13.5,29.15,488.86,1560.0,0.3768625949564385,0.34280574
1981-08-03,1.895867961440695e-24,1408.5237041723726,3.6310678386445607,1.1920928955078125e-07,1.1920929e-07,4.35,4.35,14.015994,23.055,17.87,28.24,278.85,2049.78,0.3465825549363407,0.38913086
1981-08-04,-3.911447706278313e-25,1407.0217533471775,3.6733981304471133,1.1920928955078125e-07,1.1920929e-07,9.72,9.72,14.013214,23.28,17.89,28.67,298.96,2061.73,0.3313833378646271,0.51884115
1981-08-05,-2.4647967761389686e-24,1406.1353670745325,3.8951421531502795,1.1920928955078125e-07,1.1920929e-07,1.1920929e-07,0.0,13.920003,24.44,19.0,29.88,375.37,2200.14,0.3227280834410789,0.39839587
1981-08-06,-3.699428561241287e-24,1405.1417683074267,3.5200887512549834,1.1920928955078125e-07,1.1920929e-07,3.43,3.43,13.920003,22.675,16.99,28.36,313.37,1919.51,0.3132943829728678,0.35207078
1981-08-07,-3.469380632083349e-24,1403.31817999885,3.126360369872545,1.1920928955078125e-07,1.1920929e-07,1.1920929e-07,0.0,13.824,20.765,14.38,27.15,434.25,1638.94,0.29669201232162906,0.37986583
1981-08-08,-1.9164851365026273e-24,1401.3376359785193,3.564075902045471,1.1920928955078125e-07,1.1920929e-07,3.9,3.9,13.824,23.06,17.48,28.64,290.47,1998.31,0.27965579982164274,0.35207078
1981-08-09,-5.038614971257453e-25,1400.7119051203633,3.71495867514928,1.1920928955078125e-07,1.1920929e-07,6.16,6.16,13.824,23.795,18.02,29.57,294.48,2081.64,0.27447947913793835,0.37060082
1981-08-10,4.0123745883217393e-25,1399.6517694152183,3.7021151429554435,1.1920928955078125e-07,1.1920929e-07,1.1920929e-07,0.0,13.727997,23.87,17.23,30.51,429.2,1956.38,0.265927307083417,0.3242757
1981-08-11,4.880255691233553e-25,1396.3773092333172,3.950574817659389,1.1920928955078125e-07,1.1920929e-07,1.1920929e-07,0.0,13.727997,25.06,18.5,31.62,419.81,2120.0,0.24115845855407592,0.30574566
1981-08-12,2.403646325098519e-25,1393.6973750563318,3.786608898500951,1.1920928955078125e-07,1.1920929e-07,6.88,6.88,13.6761,24.41,18.52,30.3,295.0,2122.94,0.22261343671627806,0.30574566
1981-08-13,5.442826892017087e-26,1392.2209396787157,3.244042279334123,1.1920928955078125e-07,1.1920929e-07,0.77,0.77,13.632,21.78,16.0,27.56,394.24,1800.0,0.2130130477837452,0.35207078
1981-08-14,-2.5564078030962824e-26,1389.9880128089792,3.4642399034973566,1.1920928955078125e-07,1.1920929e-07,1.1920929e-07,0.0,13.632,22.95,16.65,29.25,418.21,1891.94,0.19927439300323405,0.30574566
1981-08-15,-1.528132031956625e-26,1386.9602012647479,3.664776884352892,1.1920928955078125e-07,1.1920929e-07,1.1920929e-07,0.0,13.535997,24.1,18.0,30.2,403.91,2080.0,0.1820494578316428,0.28721562
1981-08-16,-5.305024044851507e-27,1385.128749512184,3.516087905069811,1.1920928955078125e-07,1.1920929e-07,3.0,3.0,13.535997,23.395,18.08,28.71,278.42,2083.12,0.172361660382365,0.30574566
1981-08-17,2.572772036292766e-28,1383.4222716276263,2.6209299978385827,1.1920928955078125e-07,1.1920929e-07,1.1920929e-07,0.0,13.44165,18.485,10.48,26.49,490.85,1278.07,0.16379947440686346,0.29648066
1981-08-18,5.559785180805777e-28,1380.9523132885195,2.347760752112333,1.1920928955078125e-07,1.1920929e-07,1.1920929e-07,0.0,13.439995,16.675,7.67,25.68,516.16,1053.77,0.15215427830520947,0.25942057
1981-08-19,1.6487785440962743e-28,1378.2724452064433,2.5344009917047705,1.1920928955078125e-07,1.1920929e-07,1.1920929e-07,0.0,13.439995,17.985,9.72,26.25,492.34,1217.35,0.1404539316265258,0.23162551
1981-08-20,-1.3549375656776471e-28,1375.5498984490198,2.6249178081799287,1.1920928955078125e-07,1.1920929e-07,1.1920929e-07,0.0,13.343997,18.73,11.44,26.02,459.48,1355.23,0.1294882053299499,0.22236049
1981-08-21,-2.5162021236507025e-28,1372.8309642903155,2.5363727099057902,1.1920928955078125e-07,1.1920929e-07,1.1920929e-07,0.0,13.343997,18.185,9.5,26.87,494.51,1200.0,0.11939148883053728,0.23162551
1981-08-22,-4.8980636240230417e-29,1370.209861913399,2.6447205950103077,1.1920928955078125e-07,1.1920929e-07,1.1920929e-07,0.0,13.248009,19.045,13.07,25.02,402.57,1498.06,0.11040408027240713,0.21309547
1981-08-23,6.131829642903047e-28,1367.863695093546,2.5390090969705703,1.1920928955078125e-07,1.1920929e-07,1.1920929e-07,0.0,13.248009,18.385,9.74,27.03,488.75,1219.24,0.10293474967521132,0.19456543
1981-08-24,1.618665495884147e-27,1365.7595730623113,2.978016370979622,1.1920928955078125e-07,1.1920929e-07,1.1920929e-07,0.0,13.196108,21.195,13.25,29.14,454.93,1519.75,0.09666684264548252,0.21309547
1981-08-25,2.832607199628933e-27,1363.846574421664,2.7241343737139774,1.1920928955078125e-07,1.1920929e-07,1.1920929e-07,0.0,13.152,19.75,11.74,27.76,457.26,1379.44,0.09130012701931421,0.19456543
1981-08-26,4.120148316612299e-27,1362.0737777735728,2.7729398906132023,1.1920928955078125e-07,1.1920929e-07,1.1920929e-07,0.0,13.152,20.075,14.16,25.99,375.8,1613.14,0.08659309268353715,0.19456543
1981-08-27,5.346429087921885e-27,1360.3902617200072,3.02805079546688,1.1920928955078125e-07,1.1920929e-07,1.1920929e-07,0.0,13.056,21.735,14.45,29.02,420.87,1635.87,0.08234795817712982,0.19456543
1981-08-28,6.3765897546453225e-27,1358.7451048629362,3.2266181634934132,1.1920928955078125e-07,1.1920929e-07,1.1920929e-07,0.0,13.056,22.86,15.4,30.32,416.75,1752.07,0.07840067998879306,0.19456543
1981-08-29,7.075770557870252e-27,1357.087385804329,3.1525543110611745,1.1920928955078125e-07,1.1920929e-07,1.1920929e-07,0.0,12.96,22.605,15.51,29.7,404.7,1760.94,0.07461461932062544,0.18530041
1981-08-30,7.309111738684311e-27,1355.3661831461543,3.1693969460480433,1.1920928955078125e-07,1.1920929e-07,2.92,2.92,12.96,22.72,18.23,27.21,238.83,2096.59,0.07087691791375188,0.18530041
1981-08-31,6.941753538175134e-27,1353.5305754903818,3.036036548937801,1.1920928955078125e-07,1.1920929e-07,33.13,33.13,12.864003,22.125,17.97,26.28,204.8,2074.94,0.06709686252938188,0.4169259
1981-09-01,5.83883619743036e-27,1351.5296414389804,3.0045805221141655,1.1920928955078125e-07,1.1920929e-07,9.18,9.18,12.864003,21.97,18.14,25.8,194.79,2088.89,0.06320563351207677,0.37060082
1981-09-02,3.78772028677792e-27,1349.3379278353825,3.043454617865053,1.1920928955078125e-07,1.1920929e-07,1.1920929e-07,0.0,12.861222,22.225,19.21,25.24,206.8,2229.53,0.05920187970577405,0.26868558
1981-09-03,-7.583966715682682e-28,1347.5061650613159,2.8190551253876808,1.1920928955078125e-07,1.1920929e-07,0.49,0.49,12.768005,21.05,18.35,23.75,182.16,2112.46,0.05605091959841891,0.25942057
1981-09-04,-7.2606779735144e-27,1346.2531406185662,2.571648322500619,1.1920928955078125e-07,1.1920929e-07,0.34,0.34,12.768005,19.495,16.0,22.99,247.28,1815.28,0.05399264193736292,0.25015554
1981-09-05,-1.426088493647669e-26,1345.5485815812156,2.427555421783978,1.1920928955078125e-07,1.1920929e-07,1.16,1.16,12.672003,18.655,15.64,21.67,219.43,1774.43,0.05286867809063988,0.25942057
1981-09-06,-2.0300778877871368e-26,1345.3622150233455,2.628928687659066,1.1920928955078125e-07,1.1920929e-07,1.31,1.31,12.672003,20.01,16.5,23.52,247.06,1869.87,0.05257530579267598,0.26868558
1981-09-07,-2.3922121115114642e-26,1345.6637680190374,2.6933057579031683,1.1920928955078125e-07,1.1920929e-07,3.65,3.65,12.576006,20.55,16.76,24.34,200.47,1900.76,0.05305081890020217,0.25942057
1981-09-08,-2.3666672965622742e-26,1346.4229676423734,2.577598667562574,1.1920928955078125e-07,1.1920929e-07,6.3,6.3,12.576006,19.79,16.02,23.56,202.02,1803.77,0.054267117294142526,0.30574566
1981-09-09,-1.8076195746811875e-26,1347.609540967435,2.103849745565377,1.1920928955078125e-07,1.1920929e-07,3.64,3.64,12.479998,16.49,10.47,22.51,313.21,1277.76,0.05622419340588243,0.46325102
1981-09-10,-9.519234270357025e-27,1347.713182292171,1.9894751807654867,1.1920928955078125e-07,1.1920929e-07,1.1920929e-07,0.0,12.479998,15.565,7.0,24.13,468.19,1000.03,0.05639844981406132,0.30574566
1981-09-11,-2.707271643924168e-27,1345.762182888478,2.5752184854047844,1.1920928955078125e-07,1.1920929e-07,1.1920929e-07,0.0,12.383997,20.045,12.56,27.53,425.36,1444.6,0.053206936360782386,0.25942057
1981-09-12,8.453681257407877e-28,1342.8013523323887,2.9824400354875054,1.1920928955078125e-07,1.1920929e-07,1.1920929e-07,0.0,12.383997,22.615,16.04,29.19,384.47,1806.38,0.04870512934038236,0.24089052
1981-09-13,7.3585069866642385e-28,1339.3635642384652,2.97127993625733,1.1920928955078125e-07,1.1920929e-07,1.1920929e-07,0.0,12.287997,22.73,15.61,29.85,398.45,1768.53,0.04395379375578357,0.21309547
1981-09-14,3.9326807435016974e-28,1335.6494766904746,3.003196854507443,1.1920928955078125e-07,1.1920929e-07,1.1920929e-07,0.0,12.287997,22.965,15.5,30.43,404.14,1760.0,0.039340077656498045,0.22236049
1981-09-15,2.198743358873569e-28,1335.4459274089957,3.0800537681386784,1.1920928955078125e-07,1.1920929e-07,5.47,5.47,12.287997,23.41,17.64,29.18,255.89,2022.94,0.03910171064249525,0.22236049
1981-09-16,1.2897765053515859e-28,1344.9457822595693,2.084860523748087,1.1920928955078125e-07,1.1920929e-07,14.95,14.95,12.191998,16.76,12.26,21.26,228.65,1420.65,0.05192564007391898,0.35207078
1981-09-17,7.685855599391018e-29,1354.0144564952204,2.072548936596825,1.1920928955078125e-07,1.1920929e-07,5.91,5.91,12.191998,16.55,13.32,19.78,175.22,1531.22,0.06807329513471524,0.453986
1981-09-18,4.5266542989617007e-29,1357.9760078872152,1.9464881269876666,1.1920928955078125e-07,1.1920929e-07,5.64,5.64,12.096,15.595,11.0,20.19,258.31,1320.0,0.07662082588625621,0.33354074
1981-09-19,2.6300068469546007e-29,1359.756065608999,1.6880211477592206,1.1920928955078125e-07,1.1920929e-07,2.28,2.28,12.096,13.25,8.09,18.41,334.21,1087.09,0.0808033032746975,0.35207078
1981-09-20,1.436878423943836e-29,1358.8349038211836,1.8035413171154349,1.1920928955078125e-07,1.1920929e-07,1.1920929e-07,0.0,12.000003,14.465,9.93,19.0,324.18,1234.59,0.07861117117009227,0.3150107
1981-09-21,7.985945822941061e-30,1356.8666941061294,1.9265354446558507,1.1920928955078125e-07,1.1920929e-07,1.1920929e-07,0.0,12.000003,15.57,9.1,22.04,400.28,1168.33,0.07412456946357454,0.26868558
1981-09-22,2.7932158928079988e-30,1354.711750709259,2.171147373397183,1.1920928955078125e-07,1.1920929e-07,1.1920929e-07,0.0,11.903997,17.715,10.54,24.89,412.65,1282.91,0.06950542390386558,0.26868558
1981-09-23,-4.024214608282853e-31,1352.6362304710462,1.8139591352382316,1.1920928955078125e-07,1.1920929e-07,1.1920929e-07,0.0,11.903997,14.765,6.45,23.08,441.26,958.03,0.06532886325655898,0.25015554
1981-09-24,-7.115153608748838e-31,1350.8939449461789,1.538424903769626,1.1920928955078125e-07,1.1920929e-07,1.1920929e-07,0.0,11.808,12.25,5.73,18.77,404.6,919.13,0.06201726546971667,0.22236049
1981-09-25,8.927658465922786e-32,1349.5986074338116,1.7166942943312806,1.1920928955078125e-07,1.1920929e-07,1.1920929e-07,0.0,11.808,14.035,6.0,22.07,431.93,920.0,0.05966446753378512,0.22236049
1981-09-26,1.1020152937488102e-30,1348.6126760250856,2.0657160882495464,1.1920928955078125e-07,1.1920929e-07,1.1920929e-07,0.0,11.711997,17.23,9.51,24.95,414.03,1200.85,0.057933670196938854,0.22236049
1981-09-27,2.081180769456071e-30,1347.773071740592,2.356065075934923,1.1920928955078125e-07,1.1920929e-07,1.1920929e-07,0.0,11.711997,19.455,11.52,27.39,408.18,1361.81,0.05649939050308317,0.22236049
1981-09-28,2.781253014843221e-30,1346.916715600922,2.2446004576190686,1.1920928955078125e-07,1.1920929e-07,3.62,3.62,11.711997,18.645,11.59,25.7,291.01,1367.47,0.055073066515974434,0.4076609
1981-09-29,2.9567120329724666e-30,1345.8805286266672,1.4037584614801821,1.1920928955078125e-07,1.1920929e-07,1.1920929e-07,0.0,11.616,11.11,3.55,18.67,413.78,800.0,0.053395279079298454,0.26868558
1981-09-30,2.362037826906021e-30,1344.5014318384185,1.5713698921288233,1.1920928955078125e-07,1.1920929e-07,1.1920929e-07,0.0,11.616,12.93,7.13,18.73,354.1,1011.6,0.051241271453234455,0.24089052
1981-10-01,4.51184384971733e-31,1343.1796189814258,1.8980284964505287,1.1920928955078125e-07,1.1920929e-07,1.1920929e-07,0.0,11.520008,16.165,8.99,23.34,383.27,1158.95,0.049258336779642115,0.24089052
1981-10-02,-2.7937454143518838e-30,1342.4738743079483,1.9039218116659526,1.1920928955078125e-07,1.1920929e-07,11.89,11.89,11.520008,16.225,8.37,24.08,293.4,1109.85,0.048231219428249816,0.70414156
1981-10-03,-6.602260834236577e-30,1342.1762336188212,1.2442803629030317,1.1920928955078125e-07,1.1920929e-07,1.1920929e-07,0.0,11.423997,9.515,4.59,14.44,304.82,851.75,0.047804489969313274,0.35207078
1981-10-04,-1.0200871440110992e-29,1342.0748940132203,1.2545519300150552,1.1920928955078125e-07,1.1920929e-07,1.1920929e-07,0.0,11.423997,9.645,2.5,16.79,378.22,720.0,0.04766006195176355,0.26868558
1981-10-05,-1.281608679740378e-29,1341.958052590321,1.8658233602140535,1.1920928955078125e-07,1.1920929e-07,1.1920929e-07,0.0,11.328,16.175,9.44,22.91,346.73,1195.01,0.047494082418756224,0.25015554
1981-10-06,-1.367441647154359e-29,1341.6139064492993,2.010962723868252,1.1920928955078125e-07,1.1920929e-07,3.51,3.51,11.328,17.425,11.5,23.35,238.79,1360.0,0.04700855535067661,0.25015554
1981-10-07,-1.2002370027959063e-29,1340.830652689331,1.7369666146462417,1.1920928955078125e-07,1.1920929e-07,0.34,0.34,11.232,15.15,9.55,20.75,295.65,1203.63,0.04592195101896623,0.25015554
1981-10-08,-6.689353261043143e-30,1339.5003035434358,1.2961525614873415,1.1920928955078125e-07,1.1920929e-07,1.1920929e-07,0.0,11.232,10.455,5.83,15.08,264.99,924.76,0.044133613354670295,0.25015554
1981-10-09,3.7250260963730135e-30,1338.1284730715533,1.128601463475996,1.1920928955078125e-07,1.1920929e-07,1.1920929e-07,0.0,11.138781,8.435,1.71,15.16,344.66,697.16,0.04236241846964534,0.21309547
1981-10-10,1.677706855569279e-29,1336.8100174887038,1.1095351350833584,1.1920928955078125e-07,1.1920929e-07,1.1920929e-07,0.0,11.136,8.19,0.74,15.64,363.0,640.0,0.04072715998426823,0.23162551
1981-10-11,2.948512147650196e-29,1335.5386689160223,1.2329725541818957,1.1920928955078125e-07,1.1920929e-07,1.1920929e-07,0.0,11.136,9.85,4.53,15.17,291.66,842.0,0.03921013622668469,0.22236049
1981-10-12,3.8867532218386285e-29,1334.3081594746438,1.1514719989704827,1.1920928955078125e-07,1.1920929e-07,1.1920929e-07,0.0,11.04,8.93,2.5,15.36,329.83,720.22,0.037795678238648496,0.22236049
1981-10-13,4.1942648140931533e-29,1333.1122212857033,1.1364881355781837,1.1920928955078125e-07,1.1920929e-07,1.1920929e-07,0.0,11.04,8.74,0.49,16.99,370.74,639.46,0.03646987089393804,0.22236049
1981-10-14,3.5728816603723487e-29,1331.9445864703357,1.10409751995295,1.1920928955078125e-07,1.1920929e-07,1.1920929e-07,0.0,10.944003,8.44,-0.5,17.38,378.77,600.0,0.035220322061331,0.21309547
1981-10-15,1.9312827395746217e-29,1330.7818598338615,1.1997319222501475,1.1920928955078125e-07,1.1920929e-07,1.1920929e-07,0.0,10.944003,9.75,1.01,18.49,368.59,640.66,0.03401857089029522,0.22236049
1981-10-16,-2.1168234833744664e-31,1329.777697903671,1.4595350061264942,1.1920928955078125e-07,1.1920929e-07,1.1920929e-07,0.0,10.848002,13.02,5.87,20.17,324.73,928.57,0.03301375625802795,0.20383045
1981-10-17,-1.7295252842653465e-29,1329.3563221044567,1.1754996534060325,1.1920928955078125e-07,1.1920929e-07,1.1920929e-07,0.0,10.848002,9.585,1.2,17.97,351.07,656.11,0.03260099797220931,0.21309547
1981-10-18,-2.666311716085356e-29,1329.952198262089,1.1927160583343783,1.1920928955078125e-07,1.1920929e-07,3.53,3.53,10.803894,9.87,3.5,16.24,222.38,800.0,0.03318621434753315,0.22236049
1981-10-19,-2.3042538124311782e-29,1331.9990939694003,1.1037858374696232,1.1920928955078125e-07,1.1920929e-07,4.01,4.01,10.752,8.71,3.07,14.35,202.89,763.58,0.03527768923572627,0.23162551
1981-10-20,-1.1977459959428493e-29,1332.9621564596468,0.886675713251605,1.1920928955078125e-07,1.1920929e-07,1.1920929e-07,0.0,10.752,5.34,-3.02,13.7,342.64,480.2,0.03630682833978198,0.24089052
1981-10-21,-3.2849702585321166e-30,1331.7585751075994,1.20870224388121,1.1920928955078125e-07,1.1920929e-07,1.1920929e-07,0.0,10.655997,10.275,0.08,20.47,359.11,606.1,0.03502525328249373,0.22236049
1981-10-22,1.083633793379745e-30,1330.7205329030598,1.46842638124626,1.1920928955078125e-07,1.1920929e-07,1.1920929e-07,0.0,10.655997,13.395,4.62,22.17,329.45,849.95,0.0339563365390019,0.22236049
1981-10-23,8.470403967972635e-31,1332.1772767036857,1.5327661148469627,1.1920928955078125e-07,1.1920929e-07,8.91,8.91,10.559998,14.22,8.71,19.73,182.43,1137.09,0.035465872913515745,0.23162551
1981-10-24,3.6660428610218333e-31,1336.3750540963774,0.9038505320181821,1.1920928955078125e-07,1.1920929e-07,6.8,6.8,10.559998,5.865,-0.16,11.89,202.45,600.03,0.04020165093911781,0.4076609
1981-10-25,9.244511166998367e-32,1341.2583587992544,0.8092182359418054,1.1920928955078125e-07,1.1920929e-07,3.61,3.61,10.558345,4.145,-1.2,9.49,189.22,561.84,0.046512155131434335,0.30574566
1981-10-26,4.3002511358801594e-32,1348.1708751845777,1.1209064493145935,1.1920928955078125e-07,1.1920929e-07,10.53,10.53,10.464,9.185,5.59,12.78,130.54,915.9,0.05717446930810642,0.30574566
1981-10-27,2.5186539724414705e-32,1365.7941656607397,1.6278437364661482,1.1920928955078125e-07,1.1920929e-07,24.29,24.29,10.464,14.945,11.01,18.88,136.88,1320.87,0.09676673803648857,1.1581275
1981-10-28,1.4942944977111278e-32,1381.909516315644,1.5586824436029814,1.1920928955078125e-07,1.1920929e-07,11.67,11.67,10.367997,14.195,9.63,18.76,157.04,1210.25,0.15656560825108978,1.1118025
1981-10-29,8.757685126870155e-33,1385.4164955798628,1.1589618481997088,1.1920928955078125e-07,1.1920929e-07,1.1920929e-07,0.0,10.367997,9.425,2.38,16.47,291.4,720.0,0.17384888804585075,0.48178104
1981-10-30,2.7655302983708105e-33,1384.5755715837656,1.0970756545288498,1.1920928955078125e-07,1.1920929e-07,1.1920929e-07,0.0,10.323892,8.645,5.08,12.21,173.06,879.7,0.16953818304788743,0.37060082
1981-10-31,-3.5116746871273225e-33,1383.4612700960856,1.0221296855926283,1.1920928955078125e-07,1.1920929e-07,1.1920929e-07,0.0,10.272,7.64,3.15,12.13,213.03,771.56,0.16399031614297044,0.3242757
1981-11-01,-8.338126518758535e-33,1382.1282284737933,1.2795997319461097,1.1920928955078125e-07,1.1920929e-07,1.1920929e-07,0.0,10.272,11.17,6.7,15.64,208.94,976.79,0.1575913748028762,0.30574566
1981-11-02,-9.978021885657123e-33,1380.6310840738597,1.5004616310274974,1.1920928955078125e-07,1.1920929e-07,1.1920929e-07,0.0,10.176,13.895,6.97,20.82,275.47,997.74,0.15070190391214663,0.30574566
1981-11-03,-6.064266246723987e-33,1379.0337977604631,1.4282214885070974,1.1920928955078125e-07,1.1920929e-07,1.1920929e-07,0.0,10.176,13.115,5.83,20.4,281.75,920.0,0.14368336090447983,0.2779506
1981-11-04,1.1593786815717244e-32,1377.4962047307981,1.2491404726885014,1.1920928955078125e-07,1.1920929e-07,1.1920929e-07,0.0,10.176,10.99,1.94,20.04,309.54,715.33,0.13723606885987363,0.2779506
1981-11-05,4.142874655368246e-32,1376.055098311319,1.3022602435129706,1.1920928955078125e-07,1.1920929e-07,1.1920929e-07,0.0,10.079997,11.82,3.51,20.13,293.88,795.29,0.13145624334998118,0.25942057
1981-11-06,7.880879041784257e-32,1374.7045108546706,1.3181939580177475,1.1920928955078125e-07,1.1920929e-07,8.18,8.18,10.079997,12.03,6.2,17.86,177.7,940.8,0.12626062616046477,0.37986583
1981-11-07,1.191020958588685e-31,1373.4384747134986,1.0121658038080603,1.1920928955078125e-07,1.1920929e-07,1.1920929e-07,0.0,10.035892,7.96,3.42,12.5,198.11,782.45,0.12157689580918325,0.37986583
1981-11-08,1.5767684032743113e-31,1372.2510222404483,1.0764522352259287,1.1920928955078125e-07,1.1920929e-07,1.1920929e-07,0.0,9.983997,9.01,2.4,15.62,256.66,726.73,0.11734191426816576,0.29648066
1981-11-09,1.8990120127420142e-31,1371.1361857881654,1.1130316804053175,1.1920928955078125e-07,1.1920929e-07,1.1920929e-07,0.0,9.983997,9.545,2.5,16.59,263.97,720.0,0.11350027414151173,0.26868558
1981-11-10,2.111433561498503e-31,1370.0879977092952,0.8771551740492165,1.1920928955078125e-07,1.1920929e-07,0.02,0.02,9.888,6.03,0.51,11.55,226.99,630.13,0.1100030918505308,0.26868558
1981-11-11,2.1677148240504846e-31,1369.100490356483,0.8213292818356442,1.1920928955078125e-07,1.1920929e-07,1.1920929e-07,0.0,9.888,5.045,-0.5,10.59,227.16,599.8,0.10680700325523194,0.26868558
1981-11-12,2.021537574904671e-31,1368.1676960823743,0.7936845334279907,1.1920928955078125e-07,1.1920929e-07,1.1920929e-07,0.0,9.888,4.54,-0.92,10.0,225.19,567.89,0.10387332675151563,0.25942057
1981-11-13,1.626583588567769e-31,1367.2836472396148,0.6876711606077222,1.1920928955078125e-07,1.1920929e-07,1.1920929e-07,0.0,9.792,2.56,-4.82,9.94,271.33,440.0,0.10116736571967586,0.25015554
1981-11-14,9.554586887664837e-32,1366.4097056957382,0.8575167889510582,1.1920928955078125e-07,1.1920929e-07,1.1920929e-07,0.0,9.792,5.875,0.22,11.53,229.07,616.33,0.09856163634944769,0.25015554
1981-11-15,1.605010611908649e-32,1365.398795314911,1.1380335638976284,1.1920928955078125e-07,1.1920929e-07,1.1920929e-07,0.0,9.792,10.265,6.38,14.15,167.19,951.17,0.0956311266717558,0.25015554
1981-11-16,-5.422315596367424e-32,1364.283685188288,1.1832374367637788,1.1920928955078125e-07,1.1920929e-07,1.1920929e-07,0.0,9.698783,11.045,6.23,15.86,199.86,946.7,0.09249951706078449,0.24089052
1981-11-17,-9.411993686455518e-32,1363.122780317673,0.9389769785707126,1.1920928955078125e-07,1.1920929e-07,1.1920929e-07,0.0,9.696003,7.45,1.17,13.73,241.56,653.88,0.08934820471218778,0.24089052
1981-11-18,-8.251994905665242e-32,1361.975659367371,1.0385718957356982,1.1920928955078125e-07,1.1920929e-07,1.1920929e-07,0.0,9.696003,9.025,5.82,12.23,142.35,925.34,0.08633977928492978,0.24089052
1981-11-19,-3.519286236084184e-32,1361.805397458974,0.978736000139498,1.1920928955078125e-07,1.1920929e-07,1.1920929e-07,0.0,9.696003,8.105,2.0,14.21,236.79,720.0,0.08590196954287105,0.23162551
1981-11-20,1.3076211537799973e-32,1362.811277468382,1.068828959753248,1.1920928955078125e-07,1.1920929e-07,5.47,5.47,9.6,9.62,4.5,14.74,158.23,840.36,0.08852104343475495,0.25942057
1981-11-21,4.912889554962066e-32,1364.1064293622135,0.8104400588447043,1.1920928955078125e-07,1.1920929e-07,1.1920929e-07,0.0,9.6,5.345,0.47,10.22,210.08,628.25,0.09201125647525613,0.29648066
1981-11-22,5.980681258496789e-32,1364.8039831070867,0.6585166198735747,1.1920928955078125e-07,1.1920929e-07,1.1920929e-07,0.0,9.6,2.24,0.09,4.39,106.05,613.85,0.09394772105914737,0.25015554
1981-11-23,0.010809135124158473,1364.3050069738986,0.5588420931618495,1.1920928955078125e-07,1.1920929e-07,1.1920929e-07,0.0,9.555897,-0.08,-3.85,3.69,177.44,459.07,0.09255842335676076,0.24089052
1981-11-24,0.09693888977491119,1363.7192521615762,0.5069188008186923,1.1920928955078125e-07,0.29726735,0.012732646,0.31,9.504003,-1.395,-6.26,3.47,218.34,379.06,0.09095370067777038,0.23162551
1981-11-25,0.9218148577476946,1363.1365589662776,0.48715253980160206,1.1920928955078125e-07,1.3097925,0.00020742505,1.31,9.504003,-1.955,-6.32,2.41,213.49,374.22,0.08938497035994118,0.25015554
1981-11-26,1.5610631968688025,1362.5692279422449,0.5543312499785217,1.1920928955078125e-07,1.1920929e-07,1.1920929e-07,0.0,9.504003,-0.1,-6.01,5.81,254.67,399.02,0.08788359833299732,0.25015554
1981-11-27,0.6092207912504063,1362.7046734977991,0.8841866245206104,0.6078468066649622,1.1920929e-07,1.1920929e-07,0.0,9.459894,6.91,-0.27,14.09,253.4,599.91,0.08823973073264499,0.25015554
1981-11-28,0.2264326859624152,1362.1697859153176,0.7775030370588706,0.20512065962993978,1.1920929e-07,1.1920929e-07,0.0,9.408,5.045,-1.25,11.34,235.19,560.53,0.08684167736842408,0.24089052
1981-11-29,0.09604486743231694,1361.484597519568,0.6835019574447665,0.06946076495648137,1.1920929e-07,1.1920929e-07,0.0,9.408,3.125,-0.06,6.31,142.9,607.81,0.08508309087715821,0.23162551
1981-11-30,0.04720488017801207,1360.8259055729054,0.5622410577403755,0.026492228897873265,1.1920929e-07,1.1920929e-07,0.0,9.408,0.27,-5.41,5.95,222.19,407.67,0.08342609144462843,0.22236049
1981-12-01,1.3908438221572519,1364.7660542929293,0.5160759676554815,1.1920928955078125e-07,4.00511,8.47489,12.48,9.408,-1.005,-5.94,3.93,167.59,400.0,0.09384138757311217,0.25942057
1981-12-02,0.8371442942557771,1377.0599181950438,0.7567530626515816,0.8369506394094339,1.1920929e-07,10.65,10.65,9.363897,4.545,0.45,8.64,143.49,634.17,0.13545993832216904,0.6670815
1981-12-03,0.30622980462191896,1381.4904474878313,0.793778675885669,0.2925445504142409,1.1920929e-07,1.1920929e-07,0.0,9.311997,5.3,1.23,9.37,191.01,658.07,0.15461877872887997,0.4169259
1981-12-04,0.1222706738779679,1380.6691617577806,0.7425566250231628,0.09445892946433375,1.1920929e-07,1.1920929e-07,0.0,9.311997,4.305,0.1,8.51,199.76,607.96,0.1508733377688529,0.33354074
1981-12-05,0.05781128701107809,1380.0843223793418,0.6978795931148718,0.03703582183185952,1.1920929e-07,0.36,0.36,9.311997,3.385,-0.03,6.8,171.26,609.38,0.1482616383037089,0.30574566
1981-12-06,0.030180876616742885,1379.4880238196613,0.6438815302773935,0.017350521938558114,1.1920929e-07,1.1920929e-07,0.0,9.311997,2.2,-1.15,5.55,164.32,564.33,0.14564530799742625,0.28721562
1981-12-07,0.016185481867581116,1378.6791872219885,0.6727026849959274,0.00874623947370303,1.1920929e-07,1.1920929e-07,0.0,9.311997,2.855,-1.37,7.08,190.84,554.53,0.14217007346137042,0.26868558
1981-12-08,0.007814570360993481,1378.487606719445,0.7758150335013334,0.004059876310213606,1.1920929e-07,2.2,2.2,9.310348,4.99,0.59,9.39,182.33,634.84,0.1413591527554005,0.2779506
1981-12-09,0.002518007230380514,1378.5815354475649,0.5917474341412722,0.0012748284510198105,1.1920929e-07,1.1920929e-07,0.0,9.2187805,1.12,-3.9,6.14,212.88,456.18,0.14175615406611913,0.2779506
1981-12-10,0.001596064029754227,1378.116933477011,0.4644556402595822,1.1920928955078125e-07,1.1920929e-07,1.1920929e-07,0.0,9.216,-2.35,-5.45,0.75,152.24,412.86,0.13980327838416542,0.2779506
1981-12-11,0.0016064211505812274,1377.4824367912988,0.49166732034176275,1.1920928955078125e-07,1.1920929e-07,1.1920929e-07,0.0,9.216,-1.535,-4.7,1.63,155.75,435.91,0.1371796650572119,0.2779506
1981-12-12,0.0016680840657177214,1376.8451742703426,0.5184504268037067,1.1920928955078125e-07,1.1920929e-07,1.1920929e-07,0.0,9.216,-0.77,-4.38,2.84,173.4,442.65,0.13459417212871022,0.25015554
1981-12-13,0.001704960981607456,1376.229843320606,0.44625221888267297,1.1920928955078125e-07,1.1920929e-07,1.1920929e-07,0.0,9.216,-2.895,-8.89,3.1,237.11,320.0,0.13214391305600556,0.3242757
1981-12-14,5.413681432808137,1375.6476687773632,0.4639511705762778,1.1920928955078125e-07,11.96996,4.031092e-05,11.97,9.216,-2.34,-6.5,1.82,165.66,360.0,0.12986676275599732,0.52810615
1981-12-15,15.190466872236893,1379.628640816814,0.5245901851392268,1.1920928955078125e-07,0.170156,15.309843,15.48,9.216,-0.63,-2.2,0.94,70.32,520.0,0.14625809107977747,0.6114913
1981-12-16,15.28430209182015,1392.622376860017,0.5247570782800247,1.1920928955078125e-07,0.435325,10.674675,11.11,9.216,-0.76,-3.13,1.61,103.97,485.5,0.21558160697781809,0.5559012
1981-12-17,18.546642705209067,1393.917753207339,0.4500654036965816,1.1920928955078125e-07,0.47,1.1920929e-07,0.47,9.216,-2.955,-7.0,1.09,217.46,360.0,0.22408307332127209,0.5095761
1981-12-18,18.751380428199717,1393.2286477064988,0.476899571924041,1.1920928955078125e-07,0.06999807,1.925528e-06,0.07,9.216,-2.13,-5.83,1.57,203.49,398.27,0.2195196055353257,0.42619094
1981-12-19,18.780603061739082,1392.601284210513,0.3485146651657278,1.1920928955078125e-07,1.1920929e-07,1.1920929e-07,0.0,9.216,-6.485,-12.24,-0.73,264.22,240.0,0.21544587989304534,0.37060082
1981-12-20,18.779719809066133,1392.0556419772888,0.31865347018675216,1.1920928955078125e-07,1.1920929e-07,1.1920929e-07,0.0,9.216,-7.695,-12.07,-3.32,231.29,240.0,0.21196432145849092,0.3150107
1981-12-21,18.75045476479295,1391.5421874544943,0.2927138382847164,1.1920928955078125e-07,1.1920929e-07,1.1920929e-07,0.0,9.216,-8.83,-15.44,-2.22,277.58,200.0,0.20873953910737372,0.29648066
1981-12-22,19.523187953433357,1391.0877241246976,0.4642081636625224,1.1920928955078125e-07,1.7199988,1.2814999e-06,1.72,9.216,-2.49,-7.45,2.47,243.77,348.36,0.20592620845092835,0.33354074
1981-12-23,9.761533578465201,1400.8072852889393,0.8257589053360673,9.761533578465201,1.1920929e-07,1.1920929e-07,0.0,9.216,5.845,0.01,11.68,252.55,601.09,0.27526227216244137,1.0284172
1981-12-24,3.5674167431095523,1405.9211937762288,0.7210731879327227,3.567416743109551,1.1920929e-07,1.1920929e-07,0.0,9.216,3.75,-1.5,9.0,241.83,560.0,0.3206708923098394,1.5750535
1981-12-25,1.3030152429097388,1407.1764394034465,0.6412538571989344,1.30301238515308,1.1920929e-07,1.1920929e-07,0.0,9.216,2.0,-1.7,5.7,195.71,541.2,0.33291740925024355,0.79679173
1981-12-26,0.8405695978391042,1406.7428693152574,0.49702479120667276,1.1920928955078125e-07,1.1920929e-07,1.1920929e-07,0.0,9.216,-1.68,-6.5,3.14,237.1,360.03,0.32863539414459425,0.92650205
1981-12-27,0.78103462610735,1406.8985717274988,0.5781252507503837,0.7723840886871073,2.8461218e-07,1.9099997,1.91,9.216,0.49,-2.58,3.56,174.55,509.85,0.33016676368655107,0.52810615
1981-12-28,0.28876357139690173,1407.4121689059955,0.5952978396406927,0.2734817988858303,1.1920929e-07,1.1920929e-07,0.0,9.216,0.91,-3.99,5.81,241.9,441.09,0.33526888303809943,0.51884115
1981-12-29,0.11797687297367868,1406.62597120437,0.6539854675082825,0.09024124374218571,1.1920929e-07,1.1920929e-07,0.0,9.216,2.295,-1.38,5.97,196.13,555.15,0.3274903438588953,0.47251603
1981-12-30,0.0805508380695715,1405.7691199881783,0.47797686993303157,1.1920928955078125e-07,1.1920929e-07,1.1920929e-07,0.0,9.216,-2.225,-8.05,3.6,258.85,320.0,0.31921814953559113,0.42619094
1981-12-31,0.07980253441485252,1404.988964061547,0.4716744655343075,1.1920928955078125e-07,1.1920929e-07,1.1920929e-07,0.0,9.216,-2.405,-7.37,2.56,241.93,360.0,0.3118682562503442,0.453986
1982-01-01,0.2420959346840202,1411.650618398236,0.6614627910014762,0.22234372897966873,1.1920929e-07,15.59,15.59,9.216,2.41,-2.07,6.89,139.42,526.34,0.3804993190798152,0.93576705
1982-01-02,0.10823462391602864,1419.125466660738,0.5724296949669706,0.059562290589186655,1.1920929e-07,1.1920929e-07,0.0,9.267895,0.14,-5.01,5.29,206.75,439.17,0.47564332722555225,1.0006222
1982-01-03,0.12229585238087104,1417.5450962976106,0.5035748048091693,1.1920928955078125e-07,1.2085131,0.0014868594,1.21,9.311997,-1.75,-5.0,1.5,134.41,439.99,0.45372060152404614,0.6300214
1982-01-04,0.6646196371233724,1432.3160409792533,0.7291774734131485,0.66375744709237,1.1920929e-07,30.29,30.29,9.311997,3.485,-1.06,8.03,142.26,560.39,0.7052216640620111,5.2995915
1982-01-05,0.2452167938504891,1445.9951471715508,0.739859250158847,0.22577596805502143,1.1920929e-07,1.1920929e-07,0.0,9.311997,3.56,-1.56,8.68,206.35,547.43,1.0609740235443805,2.0290394
1982-01-06,0.10274767455473056,1444.4560574980737,0.6141569258952883,0.07564019619415908,1.1920929e-07,1.1920929e-07,0.0,9.311997,0.835,-4.46,6.13,213.72,440.0,1.0133212142001973,1.1118025
1982-01-07,0.05066175603721358,1442.831158691869,0.7664613792915095,0.03161360539115094,1.1920929e-07,1.1920929e-07,0.0,9.311997,4.12,0.35,7.89,165.97,623.53,0.9653322564237204,0.95429707
1982-01-08,0.037809374242599496,1441.3013652968255,0.4834012784211445,1.1920928955078125e-07,1.1920929e-07,1.1920929e-07,0.0,9.311997,-2.565,-8.38,3.25,229.92,320.0,0.922231067826617,0.75973165
1982-01-09,0.03764676530805832,1439.9385246597112,0.4208335112265544,1.1920928955078125e-07,1.1920929e-07,1.1920929e-07,0.0,9.408,-4.635,-8.7,-0.57,183.47,320.0,0.8854572152176846,0.6485514
1982-01-10,0.03764676530804228,1438.738957700144,0.24736948824809954,1.1920928955078125e-07,1.1920929e-07,1.1920929e-07,0.0,9.408,-11.76,-18.36,-5.16,251.41,157.32,0.854304333038335,0.46325102
1982-01-11,0.03764676530804228,1437.690063788916,0.19227275193927854,1.1920928955078125e-07,1.1920929e-07,1.1920929e-07,0.0,9.408,-14.98,-18.95,-11.01,185.22,126.64,0.8279639694793322,0.42619094
1982-01-12,0.037600724751870956,1436.6521215685173,0.2569628962058614,1.1920928955078125e-07,1.1920929e-07,1.1920929e-07,0.0,9.408,-11.245,-16.09,-6.4,214.68,166.21,0.8026981816362659,0.4169259
1982-01-13,4.306370408941895,1435.5736585081427,0.3199981602587977,1.1920928955078125e-07,8.37,1.1920929e-07,8.37,9.408,-8.33,-11.5,-5.16,129.23,241.04,0.777262437614528,0.4169259
1982-01-14,9.452501851513407,1434.4629146925076,0.3620128947667541,1.1920928955078125e-07,1.61,1.1920929e-07,1.61,9.504003,-6.79,-10.46,-3.12,188.31,280.0,0.7519076298747865,0.5559012
1982-01-15,9.974322542980962,1433.3656349923724,0.3525338313936908,1.1920928955078125e-07,1.1920929e-07,1.1920929e-07,0.0,9.504003,-7.14,-11.41,-2.87,222.76,255.52,0.7276723862299131,0.53737116
1982-01-16,11.677784948643085,1432.2980880403486,0.34800808349214,1.1920928955078125e-07,3.2,1.1920929e-07,3.2,9.504003,-7.305,-14.55,-0.06,226.44,200.0,0.7048437394004046,0.48178104
1982-01-17,13.22049164460135,1431.3055944239613,0.24022473053277682,1.1920928955078125e-07,1.1920929e-07,1.1920929e-07,0.0,9.504003,-12.205,-24.41,0.0,337.4,80.0,0.684262952373758,0.46325102
1982-01-18,13.221759278653174,1430.4311691049381,0.18288836209323708,1.1920928955078125e-07,1.1920929e-07,1.1920929e-07,0.0,9.6,-15.8,-21.95,-9.65,289.01,120.0,0.6666290224735505,0.46325102
1982-01-19,13.217545691324002,1429.5446310686432,0.2831659244117006,1.1920928955078125e-07,1.1920929e-07,1.1920929e-07,0.0,9.6,-10.17,-13.36,-6.98,182.21,213.25,0.6492146928752868,0.46325102
1982-01-20,13.654345796309908,1428.5539386769706,0.4266417063205474,1.1920928955078125e-07,1.11,1.1920929e-07,1.11,9.6,-4.615,-10.21,0.98,275.58,280.0,0.6302921194799517,0.48178104
1982-01-21,17.537133094442986,1427.4620697363757,0.4819482064238202,1.1920928955078125e-07,7.05,2.1010638e-07,7.05,9.602783,-2.905,-7.19,1.38,175.06,358.98,0.610075300008539,0.48178104
1982-01-22,21.40597669350069,1426.4442646229622,0.36016853170029106,1.1920928955078125e-07,1.1920929e-07,1.1920929e-07,0.0,9.696003,-7.055,-9.85,-4.26,166.43,280.0,0.5918142312298913,0.53737116
1982-01-23,31.073710907426598,1425.4982000853513,0.36945337175164233,1.1920928955078125e-07,18.89,1.1920929e-07,18.89,9.696003,-6.7,-11.47,-1.93,196.07,245.51,0.5753308177673785,0.5003111
1982-01-24,40.28361034917385,1424.5423195455971,0.40641539109110875,1.1920928955078125e-07,1.1920929e-07,1.1920929e-07,0.0,9.696003,-5.385,-11.05,0.28,292.52,262.7,0.5591426051176271,0.5929613
1982-01-25,40.283804564625314,1423.6535255560416,0.26584358148466647,1.1920928955078125e-07,1.1920929e-07,1.1920929e-07,0.0,9.792,-11.205,-16.6,-5.81,289.75,160.0,0.544499462174367,0.5559012
1982-01-26,40.28380452263165,1422.8486923799176,0.28845806019980585,1.1920928955078125e-07,1.1920929e-07,1.1920929e-07,0.0,9.792,-10.125,-15.74,-4.51,298.7,180.59,0.5315707280282298,0.51884115
1982-01-27,40.28380447585228,1422.0474794450072,0.28895145384408527,1.1920928955078125e-07,1.1920929e-07,1.1920929e-07,0.0,9.792,-10.095,-16.36,-3.83,318.53,160.0,0.5190050748750982,0.5003111
1982-01-28,40.283804475909726,1421.194756404115,0.3985722104675557,1.1920928955078125e-07,1.1920929e-07,1.1920929e-07,0.0,9.888,-5.89,-13.62,1.84,346.95,203.32,0.505957702269649,0.48178104
1982-01-29,40.28380493055022,1420.235421285152,0.5387594046305579,1.1920928955078125e-07,1.1920929e-07,1.1920929e-07,0.0,9.888,-1.67,-7.65,4.31,312.44,342.35,0.4916707397187105,0.46325102
1982-01-30,40.28277882242613,1419.2008789887811,0.5575725496356161,1.1920928955078125e-07,1.1920929e-07,1.1920929e-07,0.0,9.888,-1.17,-8.94,6.6,350.61,320.0,0.47671552084588276,0.44472098
1982-01-31,26.86637328855983,1431.4257537015912,0.805790526895796,26.86637328855983,1.1920929e-07,1.1920929e-07,0.0,9.983997,3.945,-0.1,7.99,241.98,605.39,0.68672230078927,0.74120164
1982-02-01,9.841295322515347,1448.8165687732908,0.9023276910124687,9.841295322515347,1.1920929e-07,4.92,4.92,9.983997,5.465,-1.15,12.08,287.69,565.65,1.154225235679979,4.8178105
1982-02-02,5.76873599345892,1453.6688281932902,0.5249581484522751,1.1920928955078125e-07,1.1920929e-07,1.1920929e-07,0.0,9.983997,-2.505,-7.62,2.61,291.38,345.05,1.3341681566590247,2.4552302
1982-02-03,8.10291459516849,1465.3560561059467,0.6604164670790181,4.8908079316886415,3.7765503e-06,31.679996,31.68,10.079997,0.53,-2.37,3.43,140.93,517.03,1.8913011212667488,15.750534
1982-02-04,3.027354636823537,1482.546731644496,0.7804023004331133,3.0273546368233215,1.1920929e-07,0.01,0.01,10.079997,2.805,-0.78,6.39,227.62,578.5,3.159911022484005,7.9123273
1982-02-05,1.4942250113505957,1480.2928476604914,0.6079623149356249,1.1920928955078125e-07,1.1920929e-07,1.1920929e-07,0.0,10.079997,-0.81,-5.37,3.75,280.02,410.25,2.9542577825857745,2.4737604
1982-02-06,1.2459070264198262,1477.101919473368,0.6555543673656621,0.9851348098235655,1.1920929e-07,1.1920929e-07,0.0,10.176,0.17,-3.61,3.95,245.19,465.83,2.6857842596821464,1.6584386
1982-02-07,1.232918036863042,1473.998535260739,0.4785333606907641,1.1920928955078125e-07,1.1920929e-07,1.1920929e-07,0.0,10.176,-4.265,-11.1,2.57,360.05,271.17,2.448099451724958,1.2322477
1982-02-08,1.2317186744920856,1471.133449329152,0.5673414631224792,1.1920928955078125e-07,1.1920929e-07,1.1920929e-07,0.0,10.270348,-1.975,-8.46,4.51,351.77,320.0,2.2473827341868056,1.2229826
1982-02-09,1.075558447945695,1471.52609451355,0.6908804264495146,1.0752185665228569,1.8328429e-07,6.15,6.15,10.272,0.85,-2.82,4.52,183.16,496.25,2.2738851813351713,1.0284172
1982-02-10,1.3652495660025286,1471.3831413374335,0.5037435971715933,1.1920928955078125e-07,1.1920929e-07,1.1920929e-07,0.0,10.272,-3.655,-9.28,1.97,335.09,299.59,2.264200256582698,0.907972
1982-02-11,1.3653723176359949,1468.7127946465346,0.4951449812228246,1.1920928955078125e-07,1.1920929e-07,1.1920929e-07,0.0,10.367997,-4.0,-9.64,1.64,338.27,280.13,2.0906822534782394,0.88944197
1982-02-12,1.3653710203870195,1466.1915895968184,0.521329101854496,1.1920928955078125e-07,1.1920929e-07,1.1920929e-07,0.0,10.367997,-3.255,-9.29,2.78,350.76,297.04,1.9390775276469057,0.8153218
1982-02-13,2.68169780033742,1463.7827717339471,0.5558025299254485,1.1920928955078125e-07,2.6299953,4.859567e-06,2.63,10.419894,-2.4,-6.33,1.53,231.64,373.21,1.8045115075066518,0.71340656
1982-02-14,3.99807982864608,1461.4920507844045,0.55022833641935,1.1920928955078125e-07,1.1920929e-07,1.1920929e-07,0.0,10.464,-2.58,-9.5,4.34,379.06,280.0,1.6852157900958564,0.7319366
1982-02-15,2.4263414242293533,1460.7297730589557,0.8612430814178993,2.4263414241589674,1.1920929e-07,1.1920929e-07,0.0,10.464,3.935,-5.41,13.28,414.0,407.17,1.64729335080806,0.98209214
1982-02-16,0.8863753641534163,1459.5755101486159,1.2113967324201103,0.886250027825587,1.1920929e-07,1.1920929e-07,0.0,10.559998,9.015,2.57,15.46,362.51,734.96,1.5914882554588443,1.7047638
1982-02-17,0.32382137358015706,1462.0044361326375,0.8845663101669091,0.3115962335386458,1.1920929e-07,9.93,9.93,10.559998,4.185,-2.57,10.94,284.92,510.12,1.7111957799312734,2.260665
1982-02-18,2.45073564761732,1469.1798417652117,0.6027266839388679,1.1920928955078125e-07,12.533419,0.056581855,12.59,10.655997,-1.62,-4.52,1.28,159.48,440.0,2.1200412234154693,1.4824033
1982-02-19,7.985754795229988,1471.4374958621117,0.6969552529286381,4.008856108923396,1.9168854e-06,8.039998,8.04,10.655997,0.445,-2.64,3.53,170.97,508.84,2.267877847565347,1.389753
1982-02-20,3.009387056279497,1477.5710315666822,0.8527191539656616,3.00938705627924,1.1920929e-07,1.28,1.28,10.655997,3.345,0.13,6.56,226.41,615.09,2.7236680354170377,2.26993
1982-02-21,1.0988236596509742,1477.6818955080757,0.847526993485486,1.0988050905814162,1.1920929e-07,2.6,2.6,10.752,3.12,0.0,6.24,201.57,600.0,2.732698787305444,3.4929125
1982-02-22,0.4006367549994227,1476.0251287921665,0.8312913909799884,0.39347573906110095,1.1920929e-07,1.1920929e-07,0.0,10.752,2.85,-0.07,5.77,222.96,607.93,2.600807515016064,3.4373224
1982-02-23,0.15466587310740526,1472.9041776654362,0.940524702594974,0.12751128239762843,1.1920929e-07,1.1920929e-07,0.0,10.848002,4.59,-1.96,11.14,396.0,523.54,2.3693998183634974,2.7887712
1982-02-24,0.07016068931994777,1469.7614399681222,0.9641176766507894,0.04690550400368698,1.1920929e-07,1.1920929e-07,0.0,10.848002,4.995,-0.96,10.95,379.03,563.26,2.1571779897144188,2.28846
1982-02-25,0.04792117269032736,1466.955023221946,0.5632564444863617,1.1920928955078125e-07,1.1920929e-07,1.1920929e-07,0.0,10.944003,-2.935,-8.39,2.52,373.49,320.0,1.9837856128900526,1.6121135
1982-02-26,0.04792117177723084,1464.5285573814365,0.48670314978129603,1.1920928955078125e-07,1.1920929e-07,1.1920929e-07,0.0,10.944003,-4.95,-11.34,1.44,410.51,252.6,1.845144465396829,1.2507777
1982-02-27,0.0479211722363309,1462.2067646168327,0.5905351194230548,1.1920928955078125e-07,1.1920929e-07,1.1920929e-07,0.0,10.946783,-2.225,-7.33,2.88,367.67,358.46,1.7215646069722292,1.1118025
1982-02-28,0.04988908324178994,1459.9077714057366,0.6742984409110317,1.1920928955078125e-07,1.1920929e-07,1.1920929e-07,0.0,11.04,-0.43,-6.21,5.35,396.77,382.98,1.6073554297994914,1.0191522
1982-03-01,0.10617828792417768,1457.606836965367,0.7076720954213395,0.07306827198296575,1.1920929e-07,1.1920929e-07,0.0,11.04,0.29,-7.35,7.93,449.83,360.0,1.5006359468343993,0.97282714
1982-03-02,0.053564758300353954,1455.4135282448751,0.8495313958728863,0.03378861498751771,1.1920929e-07,1.1920929e-07,0.0,11.136,2.86,-3.05,8.77,402.12,486.68,1.4055113882876011,0.94503206
1982-03-03,0.04705690850395859,1453.4550051682213,0.679984548148254,1.1920928955078125e-07,0.000272187,0.32972783,0.33,11.136,-0.37,-6.03,5.29,401.13,388.4,1.32567752758465,0.92650205
1982-03-04,0.2630766877871832,1451.6197588166026,0.5933028231866097,1.1920928955078125e-07,0.2699996,4.10378e-07,0.27,11.232,-2.42,-6.4,1.56,321.97,368.04,1.254989141924143,0.8338518
1982-03-05,0.22168907609906213,1449.9800097506215,0.8314221012287861,0.1999094735119715,1.1920929e-07,0.23,0.23,11.232,2.47,-2.39,7.33,363.87,516.9,1.1950252623374706,0.8431168
1982-03-06,0.09655513049229097,1448.2536241373332,0.7672970506711029,0.06992757950435018,1.1920929e-07,1.1920929e-07,0.0,11.328,1.185,-3.74,6.11,372.6,460.87,1.1349867051684377,0.8153218
1982-03-07,0.08501205844413319,1453.0271521552884,0.6987432019618209,1.1920928955078125e-07,0.002362626,12.827637,12.83,11.328,-0.22,-2.46,2.02,147.65,520.0,1.3088499402753693,1.9641843
1982-03-08,6.486248355167785,1455.0203739055494,0.5784294847486302,1.1920928955078125e-07,7.4,2.2053719e-07,7.4,11.423997,-3.05,-7.93,1.83,287.76,333.23,1.389108840267537,1.9734493
1982-03-09,9.566982467993824,1453.2798147327085,0.7215839394972661,0.576885867169068,1.1920929e-07,1.1920929e-07,0.0,11.423997,0.12,-6.92,7.16,465.37,360.0,1.3187612351198101,1.399018
1982-03-10,9.674289791899035,1450.9920420308647,0.6973562748659805,1.1920928955078125e-07,1.1920929e-07,1.1920929e-07,0.0,11.423997,-0.35,-7.06,6.36,460.43,360.0,1.2316867423376308,1.1766576
1982-03-11,4.2207726829198355,1454.636721699035,1.1300184872530248,4.2207726829198355,1.1920929e-07,0.92,0.92,11.520008,6.65,-0.33,13.63,457.14,599.55,1.3732872789103647,1.1581275
1982-03-12,1.5421876392392737,1458.558148577513,1.472493142384644,1.5421873298528068,1.1920929e-07,6.68,6.68,11.520008,10.725,4.13,17.32,329.53,810.02,1.5438715054848908,1.5935835
1982-03-13,0.562109647599276,1460.8607378364754,1.555164976386956,0.5600817768973515,1.1920929e-07,2.0,2.0,11.616,11.435,4.64,18.23,442.44,850.88,1.6537474447264409,1.2693077
1982-03-14,0.21062680721288057,1458.9651017276442,1.5173964950524312,0.18777609681378746,1.1920929e-07,1.1920929e-07,0.0,11.616,11.065,4.17,17.96,418.02,825.33,1.562745211211428,1.1395975
1982-03-15,0.09044135851442991,1456.1263163610954,1.2226584440570174,0.06438119210593267,1.1920929e-07,1.1920929e-07,0.0,11.711997,7.59,2.08,13.1,373.13,718.98,1.4357446401320662,0.97282714
1982-03-16,0.04479101635827903,1461.283473593037,0.9855036500243638,0.027328891137089886,1.1920929e-07,13.98,13.98,11.711997,4.26,1.73,6.79,155.28,698.58,1.6747533944567752,1.361958
1982-03-17,0.023478257397284222,1469.6433974697447,1.1482023079372636,0.013110904555855549,1.1920929e-07,8.23,8.23,11.808,6.36,1.6,11.12,266.56,687.72,2.1495883757069802,2.4552302
1982-03-18,0.012936452512027633,1470.575121492463,1.198425701561747,0.00688602326842432,1.1920929e-07,1.1920929e-07,0.0,11.808,7.005,2.0,12.01,366.82,713.57,2.210228200348953,1.4453431
1982-03-19,0.006223099795157673,1467.4393223418986,1.1426043342750647,0.0032083360919447253,1.1920929e-07,1.1920929e-07,0.0,11.903997,6.185,0.79,11.58,388.22,640.0,2.012679942316299,1.2600428
1982-03-20,0.003207955369706664,1465.3107182778174,1.1146177016037013,0.0016297029228774977,1.1920929e-07,2.24,2.24,11.903997,5.83,2.13,9.53,274.7,715.09,1.88874260664968,1.2322477
1982-03-21,0.0017376979535088535,1463.2451536940273,1.2736280465972851,0.000876397772246964,1.1920929e-07,0.51,0.51,12.000003,7.77,3.87,11.67,309.72,799.98,1.7757763956421049,1.1395975
1982-03-22,0.000881049043075865,1460.4721027568928,1.244688653073231,0.0004424651275254578,1.1920929e-07,1.1920929e-07,0.0,12.000003,7.445,1.9,12.99,395.14,712.0,1.6346685019820841,1.0191522
1982-03-23,0.0004288535077717733,1457.731883970429,1.0160575042110416,0.00021488654150902397,1.1920929e-07,1.1920929e-07,0.0,12.000003,4.39,-1.97,10.75,428.4,522.49,1.5062492703552521,0.917237
1982-03-24,-4.110468226192754e-05,1455.2641544496191,1.1326328528342298,1.1920928955078125e-07,1.1920929e-07,1.1920929e-07,0.0,12.096,5.935,-2.01,13.88,465.13,520.0,1.3992567658769335,0.8616469
1982-03-25,-0.00041174760155007783,1453.0947253174613,1.3003242084000304,1.1920928955078125e-07,1.1920929e-07,1.1920929e-07,0.0,12.096,8.075,0.26,15.89,460.72,620.79,1.3114933392590487,0.8245868
1982-03-26,-0.0005566254083213941,1451.2486788575789,1.3161867007324262,1.1920928955078125e-07,1.1920929e-07,2.1,2.1,12.191998,8.16,1.46,14.86,422.9,678.62,1.2411609883952017,0.8338518
1982-03-27,-0.00038502178995817666,1449.6654245995228,0.8294614913016063,1.1920928955078125e-07,1.1920929e-07,1.1920929e-07,0.0,12.191998,1.235,-3.92,6.39,383.85,446.81,1.18385308827016,0.7319366
1982-03-28,-0.00014995538394817443,1447.7242334607065,0.681765983373424,1.1920928955078125e-07,1.1920929e-07,1.1920929e-07,0.0,12.287997,-1.685,-8.86,5.49,464.68,314.26,1.1171875386106318,0.6485514
1982-03-29,3.09499997620242e-05,1445.61870968244,0.9536698745324906,1.547739463720616e-05,1.1920929e-07,1.1920929e-07,0.0,12.287997,3.215,-6.49,12.92,505.02,360.97,1.0491157989412805,0.6578164
1982-03-30,0.0001058048985278149,1443.7470747227055,1.2665117820402614,5.29304359526778e-05,1.1920929e-07,1.1920929e-07,0.0,12.383997,7.405,-2.77,17.58,504.88,498.21,0.9920958763554777,0.6392864
1982-03-31,6.859546602748923e-05,1443.399634449636,1.7277256487114916,3.430949635818218e-05,1.1920929e-07,4.54,4.54,12.383997,12.285,6.16,18.41,305.38,933.51,0.9818572069043257,0.7319366
1982-04-01,3.692705582185168e-05,1445.2339188849799,1.790656911391799,1.8466936929516277e-05,1.1920929e-07,4.23,4.23,12.479998,12.715,5.5,19.93,337.85,920.0,1.0371314043320907,0.8616469
1982-04-02,2.115369314017323e-05,1445.5871901918197,1.6332161393588622,1.0577965266916116e-05,1.1920929e-07,1.1920929e-07,0.0,12.479998,11.24,3.79,18.69,455.42,800.0,1.048128931767164,0.6392864
1982-04-03,1.2555587700557786e-05,1452.0383927630455,1.613993112586047,6.278187957234641e-06,1.1920929e-07,16.16,16.16,12.576006,10.86,3.87,17.85,330.72,800.0,1.2707744081944694,1.5009333
1982-04-04,7.502250006910283e-06,1456.7020485445832,1.4033039721665839,3.7512657128429914e-06,1.1920929e-07,0.06,0.06,12.576006,8.615,0.94,16.29,464.76,643.64,1.460638732212479,1.8715341
1982-04-05,4.485657319185007e-06,1454.0389756994857,0.934464281407574,2.242878962396458e-06,1.1920929e-07,1.1920929e-07,0.0,12.576006,2.485,-3.49,8.46,415.64,473.83,1.3489949733415811,1.0376823
1982-04-06,2.6598547647397143e-06,1462.1483996208306,0.9741379759011684,1.3299450694382797e-06,1.1920929e-07,17.51,17.51,12.672003,2.905,-2.73,8.54,297.9,501.9,1.7185671161951594,2.9833364
1982-04-07,1.4401002713831588,1466.7306516846352,0.6449460518243999,1.1920928955078125e-07,1.1920929e-07,1.1920929e-07,0.0,12.672003,-3.09,-8.85,2.67,410.1,315.02,1.9705400929588728,1.6862336
1982-04-08,1.050766393414415,1464.0134220116367,0.7872127381891297,1.1920928955078125e-07,1.1920929e-07,1.1920929e-07,0.0,12.768005,-0.335,-6.86,6.19,443.1,360.47,1.8169816197885593,1.3156328
1982-04-09,0.47103585792743674,1465.1098318565662,0.9459584842891948,0.46683363200454836,1.1920929e-07,5.8,5.8,12.768005,2.33,-1.83,6.49,241.07,535.83,1.8774477174122206,1.4268131
1982-04-10,0.17943334062619762,1465.3525002895262,0.9860564350861696,0.15385650735643075,1.1920929e-07,1.1920929e-07,0.0,12.864003,2.83,-2.85,8.51,411.11,493.79,1.891100333436895,1.4546082
1982-04-11,0.07970218703951698,1462.589982156273,1.114154323541469,0.054941672100092494,1.1920929e-07,1.1920929e-07,0.0,12.864003,4.68,-1.8,11.16,445.38,536.41,1.7413760505721958,1.1766576
1982-04-12,0.040163390173547274,1459.8284592356542,1.1531756721988504,0.024061090178605447,1.1920929e-07,1.1920929e-07,0.0,12.96,5.115,-2.92,13.15,495.43,486.65,1.6035535528347533,1.0284172
1982-04-13,0.021174120222418134,1456.7618938254354,1.8679605682466558,0.0117037494745648,1.1920929e-07,1.1920929e-07,0.0,12.96,12.66,3.97,21.35,497.04,801.87,1.4632510212050034,0.98209214
1982-04-14,0.01150278432982888,1453.5401180211536,1.7607976466595325,0.006081813035888617,1.1920929e-07,1.1920929e-07,0.0,13.05322,11.635,1.0,22.27,529.57,640.0,1.3290507534669536,0.94503206
1982-04-15,0.005934698148815967,1450.7193482628768,1.5073543920901373,0.0030553748451836115,1.1920929e-07,1.1920929e-07,0.0,13.056,9.21,1.22,17.2,480.61,657.65,1.2216989598259078,0.8431168
1982-04-16,0.0027318867811185477,1447.907398616676,1.8610717620581416,0.0013846002437031086,1.1920929e-07,1.1920929e-07,0.0,13.056,12.58,3.73,21.43,493.8,800.0,1.1233141097201425,0.80605674
1982-04-17,0.001572823727524035,1445.9230201889359,2.6787204039620915,0.0007925961724689909,1.1920929e-07,0.02,0.02,13.152,18.475,12.03,24.92,400.23,1402.67,1.0586916044760164,0.8338518
1982-04-18,0.0008769888831100896,1447.921095661917,2.1783205085277544,0.0004404172029843566,1.1920929e-07,10.36,10.36,13.152,15.015,6.14,23.89,365.53,937.6,1.1237736010721049,1.4268131
1982-04-19,0.0005142549012860752,1450.3843890794935,1.7356480528347042,0.00025778859444473986,1.1920929e-07,1.1920929e-07,0.0,13.248009,11.205,2.25,20.16,495.86,720.42,1.209541394885672,0.8801769
1982-04-20,0.0002883081175050703,1447.2627696004263,1.9489613474242742,0.000144361862535142,1.1920929e-07,1.1920929e-07,0.0,13.248009,13.095,5.7,20.49,443.15,920.0,1.1019000655472213,0.79679173
1982-04-21,0.00016953742136649718,1445.2937914597264,2.024489572549272,8.4840568009146e-05,1.1920929e-07,3.22,3.22,13.343997,13.615,9.88,17.35,229.52,1230.42,1.0389871155579327,0.76899666
1982-04-22,9.566163360407427e-05,1443.8358773276402,1.5391937552729607,4.785369467065197e-05,1.1920929e-07,1.1920929e-07,0.0,13.343997,9.27,3.49,15.05,387.04,799.22,0.9947298757133702,0.6948765
1982-04-23,5.6264308409466045e-05,1441.4407736684566,1.4967854060259376,2.8140068385526227e-05,1.1920929e-07,1.1920929e-07,0.0,13.343997,8.86,0.01,17.71,501.9,600.75,0.9260778111651159,0.6578164
1982-04-24,3.1573164933120944e-05,1438.8101247152679,1.944435156973842,1.5789074628399503e-05,1.1920929e-07,1.1920929e-07,0.0,13.439995,12.92,3.98,21.86,497.02,797.74,0.8561215772227004,0.6392864
1982-04-25,1.8554223767675923e-05,1439.179705596498,2.147938782717453,9.277972531884546e-06,1.1920929e-07,1.1920929e-07,0.0,13.439995,14.53,4.56,24.5,515.74,809.96,0.8656211435289201,0.6207563
1982-04-26,1.0420031625703567e-05,1450.20479000537,2.586565060065309,5.2102872554992395e-06,1.1920929e-07,22.63,22.63,13.535997,17.355,11.6,23.11,273.35,1368.05,1.2030726304823827,2.1309547
1982-04-27,6.112351127114845e-06,1464.4290497659254,2.1478661087831292,3.056268965648146e-06,1.1920929e-07,12.57,12.57,13.535997,14.13,10.79,17.47,176.62,1303.03,1.8396704991206252,2.1680148
1982-04-28,3.40583020679646e-06,1472.9259879758097,1.7858687591611067,1.7029441025967213e-06,1.1920929e-07,9.79,9.79,13.580106,11.02,5.67,16.37,277.12,918.55,2.3709433020444535,2.4737604
1982-04-29,1.953568748776332e-06,1473.6793564339564,1.6851642882970832,9.767939154653063e-07,1.1920929e-07,1.1920929e-07,0.0,13.632,10.035,2.35,17.72,478.53,720.0,2.4248797956815697,1.4082831
1982-04-30,8.765294181250485e-07,1470.8847823456556,1.929000792935302,4.382666298220763e-07,1.1920929e-07,1.1920929e-07,0.0,13.632,12.21,3.98,20.44,490.1,805.51,2.2307583969334046,1.1951876
1982-05-01,1.855183067511631e-07,1466.7036484882508,2.2019096657732145,1.1920928955078125e-07,1.1920929e-07,1.1920929e-07,0.0,13.727997,14.28,6.07,22.49,484.48,929.31,1.968951963821841,1.0747423
1982-05-02,2.5760216088513666e-08,1462.5247265344067,2.2125389518639476,1.1920928955078125e-07,1.1920929e-07,1.1920929e-07,0.0,13.727997,14.405,6.81,22.0,465.05,984.55,1.7379864548132324,0.99135715
1982-05-03,1.0635310211570621e-08,1458.6658991429756,2.176698438591898,1.1920928955078125e-07,1.1920929e-07,1.1920929e-07,0.0,13.72965,14.18,5.95,22.41,485.94,923.14,1.5488464694002306,0.898707
1982-05-04,-1.1782657312127532e-09,1454.9942345300183,2.2424954432038295,1.1920928955078125e-07,1.1920929e-07,1.1920929e-07,0.0,13.824,14.595,6.41,22.78,484.05,952.42,1.3880251068969907,0.8338518
1982-05-05,-6.387876029653873e-09,1451.4776354597088,2.141641626707795,1.1920928955078125e-07,1.1920929e-07,1.1920929e-07,0.0,13.824,13.885,5.27,22.5,497.47,870.17,1.2496748585089241,0.76899666
1982-05-06,-1.0799983418484865e-09,1448.0709051474053,2.4251222511704107,1.1920928955078125e-07,1.1920929e-07,1.1920929e-07,0.0,13.920003,15.845,6.17,25.52,517.7,899.01,1.1288115090519055,0.7319366
1982-05-07,1.718167889802851e-08,1444.7047908884388,2.981378241276185,1.1920928955078125e-07,1.1920929e-07,1.1920929e-07,0.0,13.920003,19.34,9.97,28.71,498.37,1162.25,1.0208748376911354,0.70414156
1982-05-08,4.5111287770303324e-08,1441.365035813733,2.905102789802041,1.1920928955078125e-07,1.1920929e-07,4.0,4.0,13.920003,18.94,10.88,27.0,343.76,1310.33,0.9239859640171589,0.6856115
1982-05-09,7.906856236758483e-08,1438.0421411670577,2.163238177402283,1.1920928955078125e-07,1.1920929e-07,2.0,2.0,14.015994,13.975,8.03,19.92,383.84,1082.48,0.8367137006373397,0.7319366
1982-05-10,1.154132367824819e-07,1434.7266081921825,2.25711263882291,1.1920928955078125e-07,1.1920929e-07,1.1920929e-07,0.0,14.015994,14.705,6.7,22.71,466.79,975.88,0.7578510323923454,0.6207563
1982-05-11,1.5050504510760345e-07,1431.4089381328777,2.3005545477060574,1.1920928955078125e-07,1.1920929e-07,1.1920929e-07,0.0,14.015994,15.055,5.46,24.65,512.01,865.6,0.6863775985383247,0.56516623
1982-05-12,1.8070372143555826e-07,1428.0796322329124,2.942256544924434,1.1920928955078125e-07,1.1920929e-07,1.1920929e-07,0.0,14.111998,19.08,9.28,28.88,505.51,1103.62,0.6214289356396653,0.54663616
1982-05-13,2.0236899985895533e-07,1424.7291917360567,3.3648710526656407,1.1920928955078125e-07,1.1920929e-07,1.1920929e-07,0.0,14.111998,21.415,12.93,29.9,461.1,1433.88,0.5622711317365857,0.52810615
1982-05-14,2.1186061447040353e-07,1421.3481178860804,3.147809188775749,1.1920928955078125e-07,1.1920929e-07,1.1920929e-07,0.0,14.111998,20.31,13.0,27.62,425.5,1479.02,0.5082798275558466,0.5003111
1982-05-15,2.0553829936251168e-07,1417.926911926753,2.5629818638070843,1.1920928955078125e-07,1.1920929e-07,1.1920929e-07,0.0,14.208003,16.77,7.99,25.55,488.92,1030.94,0.4589227232841192,0.47251603
1982-05-16,1.797617886278888e-07,1414.4560751018446,2.812403504854731,1.1920928955078125e-07,1.1920929e-07,1.1920929e-07,0.0,14.208003,18.365,9.04,27.69,500.26,1085.23,0.41374492430615983,0.453986
1982-05-17,1.3089081635914334e-07,1410.9261086551246,3.2099843044792475,1.1920928955078125e-07,1.1920929e-07,1.1920929e-07,0.0,14.208003,20.655,12.07,29.24,469.69,1338.76,0.37235659731136744,0.44472098
1982-05-18,5.762939737272812e-08,1407.3721189031407,3.4132713685575484,1.1920928955078125e-07,1.1920929e-07,3.23,3.23,14.304006,21.64,14.85,28.43,343.65,1695.7,0.3348682040333286,0.4169259
1982-05-19,-2.44362158923543e-08,1404.1976110695643,3.4332439574370164,1.1920928955078125e-07,1.1920929e-07,1.1920929e-07,0.0,14.304006,21.78,15.76,27.8,366.85,1780.71,0.30458574518381054,0.4076609
1982-05-20,-9.295720387227582e-08,1401.9631809056648,3.390333266321525,1.1920928955078125e-07,1.1920929e-07,8.31,8.31,14.304006,21.59,15.01,28.17,321.5,1705.1,0.28492815729104887,0.44472098
1982-05-21,-1.2557765039736967e-07,1401.2296135005975,3.445324673837185,1.1920928955078125e-07,1.1920929e-07,1.1920929e-07,0.0,14.397217,21.765,15.99,27.54,354.69,1797.23,0.27875526976865383,0.4076609
1982-05-22,-1.0029191298657595e-07,1402.5296582409876,2.7566444438653925,1.1920928955078125e-07,1.1920929e-07,5.76,5.76,14.399997,17.945,13.46,22.43,222.52,1542.0,0.28978838160293136,0.4169259
1982-05-23,-3.6074306084701436e-08,1403.7370153575937,2.0055701227037295,1.1920928955078125e-07,1.1920929e-07,6.79,6.79,14.399997,12.705,10.13,15.28,141.6,1250.65,0.3004256141723441,0.47251603
1982-05-24,3.21857861720625e-08,1403.443178673653,2.012018194465902,1.1920928955078125e-07,1.1920929e-07,2.83,2.83,14.399997,12.76,10.58,14.94,132.31,1286.55,0.2978013975594155,0.52810615
1982-05-25,8.571475019223724e-08,1401.923645349035,2.49581977077614,1.1920928955078125e-07,1.1920929e-07,1.1920929e-07,0.0,14.495997,16.185,12.7,19.67,256.66,1456.26,0.2845920117541993,0.48178104
1982-05-26,1.0573897238434421e-07,1399.4539125436097,2.7971039616097775,1.1920928955078125e-07,1.1920929e-07,1.1920929e-07,0.0,14.495997,18.115,11.91,24.32,412.7,1386.16,0.26436094445210045,0.453986
1982-05-27,7.697682603681137e-08,1396.8709881553318,3.100585121121979,1.1920928955078125e-07,1.1920929e-07,1.1920929e-07,0.0,14.495997,19.89,14.12,25.66,382.43,1607.07,0.2447395239399574,0.4169259
1982-05-28,4.385692130584966e-08,1401.1327086820993,3.202411076709015,1.1920928955078125e-07,1.1920929e-07,10.89,10.89,14.495997,20.39,16.57,24.21,200.94,1882.76,0.2779498899381392,0.453986
1982-05-29,2.5329686701104343e-08,1407.1323898485673,3.1551287510425223,1.1920928955078125e-07,1.1920929e-07,7.89,7.89,14.592003,19.95,15.13,24.77,251.11,1730.05,0.33247983385677565,0.72267157
1982-05-30,1.4589957855222439e-08,1408.4343729007599,3.637583701432439,1.1920928955078125e-07,1.1920929e-07,3.45,3.45,14.592003,22.385,16.55,28.22,295.14,1884.0,0.3456593638844699,0.51884115
1982-05-31,8.489353878851883e-09,1407.564845570341,3.8671941251046573,1.1920928955078125e-07,1.1920929e-07,3.5,3.5,14.592003,23.465,17.87,29.06,278.31,2059.66,0.33680073432779095,0.52810615
1982-06-01,4.591763382573657e-09,1405.9131889351124,3.9605879758963116,1.1920928955078125e-07,1.1920929e-07,1.1920929e-07,0.0,14.592003,23.905,18.46,29.35,364.48,2119.63,0.3205942584348078,1.5009333
1982-06-02,2.2465651846541194e-09,1407.6942187602726,3.3170927659192198,1.1920928955078125e-07,1.1920929e-07,13.19,13.19,14.592003,20.8,14.84,26.76,304.68,1695.39,0.33810425167874303,1.4824033
1982-06-03,1.3149309203308463e-09,1411.777855324378,2.8523134163278954,1.1920928955078125e-07,1.1920929e-07,2.02,2.02,14.688,18.075,11.48,24.67,430.19,1358.23,0.38194759961272096,0.6022263
1982-06-04,7.757481040037502e-10,1413.053157870263,2.59553168815089,1.1920928955078125e-07,1.1920929e-07,7.95,7.95,14.688,16.485,12.46,20.51,236.17,1436.58,0.396771831548627,0.74120164
1982-06-05,4.6356053925216377e-10,1426.3185983686162,2.6088612486417304,1.1920928955078125e-07,1.1920929e-07,20.44,20.44,14.688,16.415,13.73,19.1,168.13,1577.56,0.5895978217882817,1.5009333
1982-06-06,2.7821154918268325e-10,1438.7418230191374,2.4867324846244774,1.1920928955078125e-07,1.1920929e-07,10.03,10.03,14.688,15.48,10.66,20.3,289.2,1292.41,0.8543774241545423,1.4731382
1982-06-07,1.663110650295966e-10,1441.8690148598146,2.8275273305362982,1.1920928955078125e-07,1.1920929e-07,3.72,3.72,14.688,17.575,12.52,22.63,311.55,1441.22,0.9379950553940549,1.2229826
1982-06-08,9.25406857988331e-11,1439.5456422655964,2.9625038393084067,1.1920928955078125e-07,1.1920929e-07,1.1920929e-07,0.0,14.688,18.385,12.91,23.86,419.09,1472.57,0.8751308903456123,0.80605674
1982-06-09,4.9415922185881734e-11,1435.2726741818658,3.328033596308863,1.1920928955078125e-07,1.1920929e-07,1.1920929e-07,0.0,14.732102,20.36,13.77,26.95,465.84,1581.28,0.770308640818767,0.6670815
1982-06-10,2.787562669876673e-11,1432.9645776985917,3.3548972973525704,1.1920928955078125e-07,1.1920929e-07,7.18,7.18,14.783998,20.465,13.84,27.09,352.61,1586.85,0.7190106480718048,0.6948765
1982-06-11,1.3024970781012635e-11,1432.9150708963484,2.6716587383950783,1.1920928955078125e-07,1.1920929e-07,2.48,2.48,14.783998,16.625,14.44,18.81,184.43,1635.14,0.717948610980991,0.74120164
1982-06-12,6.55174435810077e-12,1433.0832995749352,2.4450535211340023,1.1920928955078125e-07,1.1920929e-07,3.54,3.54,14.783998,15.16,11.54,18.78,249.9,1362.83,0.7215639164855884,0.6670815
1982-06-13,3.959359272979695e-12,1453.37669214706,2.1915710068909955,1.1920928955078125e-07,1.1920929e-07,43.52,43.52,14.783998,13.15,10.59,15.71,190.35,1287.52,1.3225813586269854,8.977804
1982-06-14,2.393026284646829e-12,1470.9452183311023,2.699914816638096,1.1920928955078125e-07,1.1920929e-07,0.07,0.07,14.783998,16.365,10.86,21.87,463.54,1309.15,2.2347874266777437,3.4280574
1982-06-15,1.445557062037509e-12,1466.0666541052422,3.288775262691436,1.1920928955078125e-07,1.1920929e-07,1.1920929e-07,0.0,14.783998,19.735,12.0,27.47,531.25,1400.32,1.9318576197919815,1.6213785
1982-06-16,8.632236450695851e-13,1460.4738562033372,4.225588272424916,1.1920928955078125e-07,1.1920929e-07,1.1920929e-07,0.0,14.783998,24.145,18.32,29.97,451.66,2105.07,1.6347540862613443,1.2507777
1982-06-17,-1.975372674328508e-14,1454.8792185945963,3.8664700006615322,1.1920928955078125e-07,1.1920929e-07,26.96,26.96,14.783998,22.655,17.5,27.81,322.0,1999.96,1.3832666047985238,4.3267646
1982-06-18,-1.3912974574340378e-12,1449.707747966362,3.448967401979833,1.1920928955078125e-07,1.1920929e-07,6.27,6.27,14.783998,20.74,14.85,26.63,402.62,1696.82,1.1853500575385774,1.5935835
1982-06-19,-2.940137242789003e-12,1444.9118101468819,3.4970708032524276,1.1920928955078125e-07,1.1920929e-07,1.1920929e-07,0.0,14.783998,21.035,14.52,27.55,495.62,1649.61,1.0272045882223797,1.2137177
1982-06-20,-4.3550027785945084e-12,1440.4437709644044,3.176669416742809,1.1920928955078125e-07,1.1920929e-07,1.1920929e-07,0.0,14.783998,19.445,12.24,26.65,521.7,1419.54,0.8989161620605528,1.0191522
1982-06-21,-5.324623760636881e-12,1436.2559962471776,3.294495678495851,1.1920928955078125e-07,1.1920929e-07,1.1920929e-07,0.0,14.783998,20.115,13.48,26.75,499.87,1550.93,0.7932601911663403,0.907972
1982-06-22,-5.537729884702453e-12,1432.300851823449,3.3435673673689577,1.1920928955078125e-07,1.1920929e-07,1.1920929e-07,0.0,14.783998,20.415,13.74,27.09,495.27,1579.04,0.7049019061976748,0.8153218
1982-06-23,-4.683050846577548e-12,1428.5307035214673,3.1125801889665143,1.1920928955078125e-07,1.1920929e-07,1.1920929e-07,0.0,14.783998,19.24,12.86,25.62,484.36,1476.36,0.6298550029286952,0.7782617
1982-06-24,-8.38609057514326e-13,1424.8967468654628,2.940151843561129,1.1920928955078125e-07,1.1920929e-07,1.1920929e-07,0.0,14.783998,18.32,10.82,25.82,520.08,1305.97,0.5650911424127625,0.6856115
1982-06-25,1.0995635810872144e-11,1421.3636330526513,3.120779986882529,1.1920928955078125e-07,1.1920929e-07,1.1920929e-07,0.0,14.783998,19.37,11.5,27.24,524.59,1360.0,0.5085153435158865,0.6392864
1982-06-26,2.902585869227023e-11,1417.9197803415504,3.769328418545915,1.1920928955078125e-07,1.1920929e-07,1.1920929e-07,0.0,14.783998,22.66,16.16,29.16,466.2,1824.88,0.45882501310065277,0.6207563
1982-06-27,5.085488635705935e-11,1414.5548391332404,3.892863330769235,1.1920928955078125e-07,1.1920929e-07,1.1920929e-07,0.0,14.783998,23.265,16.6,29.93,465.97,1887.87,0.4149668151723839,0.6022263
1982-06-28,7.408554557561893e-11,1411.2584598288013,4.159030708360738,1.1920928955078125e-07,1.1920929e-07,1.1920929e-07,0.0,14.783998,24.47,18.32,30.62,437.3,2105.63,0.3760700107547387,0.6300214
1982-06-29,9.632066311832838e-11,1408.020292829313,4.3275078845811645,1.1920928955078125e-07,1.1920929e-07,1.44,1.44,14.783998,25.215,20.03,30.4,359.86,2328.47,0.3414120815585718,0.79679173
1982-06-30,1.1516306575556716e-10,1404.829988535855,3.740963491859,1.1920928955078125e-07,1.1920929e-07,3.55,3.55,14.783998,22.69,17.49,27.89,300.57,1998.71,0.310391422706361,0.6207563
1982-07-01,1.2821558025771464e-10,1401.6771973495079,2.9511622434948284,1.1920928955078125e-07,1.1920929e-07,1.1920929e-07,0.0,14.783998,18.66,11.77,25.55,491.68,1381.68,0.2825055446267518,0.6022263
1982-07-02,1.3308103339515024e-10,1398.5515696713512,2.969966497198746,1.1920928955078125e-07,1.1920929e-07,1.1920929e-07,0.0,14.783998,18.805,11.29,26.32,509.75,1343.27,0.2573335870712785,0.51884115
1982-07-03,1.2736225193825337e-10,1395.4427559024653,3.267389472434262,1.1920928955078125e-07,1.1920929e-07,13.01,13.01,14.781217,20.47,14.62,26.32,330.02,1659.6,0.23452222200671566,0.52810615
1982-07-04,1.0866206265740355e-10,1392.34040644393,2.9544611915772365,1.1920928955078125e-07,1.1920929e-07,9.34,9.34,14.689652,18.9,13.46,24.34,332.82,1553.47,0.21377422984023484,0.7319366
1982-07-05,7.174289064877216e-11,1389.232652100168,3.307616979718676,1.1920928955078125e-07,1.1920929e-07,1.1920929e-07,0.0,14.688,20.865,16.24,25.49,366.69,1839.87,0.1948303517803101,0.54663616
1982-07-06,-1.5715813409533148e-10,1386.0148904514458,3.159533184576169,1.1920928955078125e-07,1.1920929e-07,1.1920929e-07,0.0,14.688,20.12,13.43,26.81,470.7,1549.1,0.17698293663526324,0.5095761
1982-07-07,-6.356985472613192e-10,1382.6367592049294,3.8499293129088787,1.1920928955078125e-07,1.1920929e-07,1.1920929e-07,0.0,14.688,23.585,17.0,30.17,449.14,1928.16,0.16000245328218468,0.46325102
1982-07-08,-1.302411054006756e-09,1379.1101493974272,4.395628355726468,1.1920928955078125e-07,1.1920929e-07,1.1920929e-07,0.0,14.688,25.98,19.83,32.13,417.65,2306.14,0.1440112903279069,0.43545595
1982-07-09,-2.0958283594892072e-09,1375.446952065748,4.352204088441081,1.1920928955078125e-07,1.1920929e-07,2.03,2.03,14.688,25.85,20.07,31.63,358.61,2330.81,0.12909079930762798,0.4169259
1982-07-10,-2.954483168866238e-09,1371.6590582467002,4.133856410782926,1.1920928955078125e-07,1.1920929e-07,1.1920929e-07,0.0,14.636108,25.045,19.9,30.19,375.53,2312.02,0.11528613492663099,0.38913086
1982-07-11,-3.816908187295411e-09,1367.758358977092,4.1224207773132395,1.1920928955078125e-07,1.1920929e-07,1.1920929e-07,0.0,14.592003,25.1,20.5,29.7,340.82,2399.82,0.10261151572603804,0.36133578
1982-07-12,-4.621636119934295e-09,1363.7567452937317,4.141686840495412,1.1920928955078125e-07,1.1920929e-07,1.1920929e-07,0.0,14.592003,25.235,20.39,30.08,352.43,2382.26,0.09105557755819849,0.37986583
1982-07-13,-5.307199671940452e-09,1359.666108233428,3.908220311036815,1.1920928955078125e-07,1.1920929e-07,1.1920929e-07,0.0,14.592003,24.26,17.45,31.07,445.91,1992.51,0.08058656121017466,0.34280574
1982-07-14,-5.812131548471451e-09,1355.4983388329895,3.975270720705802,1.1920928955078125e-07,1.1920929e-07,1.1920929e-07,0.0,14.592003,24.615,18.35,30.88,420.63,2108.01,0.07115714378780273,0.3150107
1982-07-15,-6.07496445468485e-09,1351.2653281292241,4.021830274614644,1.1920928955078125e-07,1.1920929e-07,1.1920929e-07,0.0,14.540109,24.94,19.1,30.78,401.5,2215.91,0.06270878650099129,0.37060082
1982-07-16,-6.034231095738222e-09,1346.9789671589406,4.195832877637786,1.1920928955078125e-07,1.1920929e-07,1.1920929e-07,0.0,14.495997,25.805,19.35,32.26,423.69,2255.75,0.05517552633597938,0.35207078
1982-07-17,-5.628464176789126e-09,1342.6511469589473,4.478880777218003,1.1920928955078125e-07,1.1920929e-07,1.1920929e-07,0.0,14.495997,27.035,20.73,33.34,408.92,2436.22,0.04848718424760865,0.3242757
1982-07-18,-4.796196402995129e-09,1338.2937585660527,4.608577064632993,1.1920928955078125e-07,1.1920929e-07,1.1920929e-07,0.0,14.495997,27.61,21.37,33.85,401.95,2538.47,0.04257199758287615,0.30574566
1982-07-19,-3.475960479513798e-09,1333.9186930170652,4.554385748904066,1.1920928955078125e-07,1.1920929e-07,1.1920929e-07,0.0,14.4441,27.52,20.95,34.09,415.8,2472.54,0.03735870992744868,0.6856115
1982-07-20,3.0362685767502015e-09,1329.5249186128249,4.145217723947608,1.1920928955078125e-07,1.1920929e-07,5.44,5.44,14.399997,25.94,20.28,31.6,289.09,2366.43,0.032765523566026765,1.2044526
1982-07-21,2.0342646246272687e-08,1325.1159039395716,3.1842375875304594,1.1920928955078125e-07,1.1920929e-07,1.1920929e-07,0.0,14.399997,21.365,14.62,28.11,454.96,1665.04,0.028723987584667505,0.6300214
1982-07-22,4.600140030492215e-08,1320.722274045013,3.3219050493121696,1.1920928955078125e-07,1.1920929e-07,1.1920929e-07,0.0,14.399997,22.155,14.11,30.2,492.46,1609.1,0.02519253354367428,0.37986583
1982-07-23,7.749049768398979e-08,1316.3749023171072,3.8029866172467472,1.1920928955078125e-07,1.1920929e-07,1.1920929e-07,0.0,14.305658,24.7,18.51,30.89,414.22,2131.41,0.022125790581363883,0.34280574
1982-07-24,1.1228790531476671e-07,1312.1046621438124,3.470811370763535,1.1920928955078125e-07,1.1920929e-07,1.1920929e-07,0.0,14.304006,23.15,16.54,29.76,439.62,1883.47,0.019477173210250016,0.34280574
1982-07-25,1.478715901285442e-07,1307.9424269130873,3.5975368655933,1.1920928955078125e-07,1.1920929e-07,1.1920929e-07,0.0,14.304006,23.835,16.06,31.61,476.56,1810.18,0.017200995108004585,0.3150107
1982-07-26,1.8171951905661332e-07,1303.91907001289,4.152866761750777,1.1920928955078125e-07,1.1920929e-07,1.1920929e-07,0.0,14.301225,26.445,19.45,33.44,436.36,2270.66,0.015253941454981008,0.29648066
1982-07-27,2.1130965903026527e-07,1300.0654648311788,4.275458665584751,1.1920928955078125e-07,1.1920929e-07,0.15,0.15,14.208003,27.14,20.95,33.33,399.19,2472.68,0.013596019385701617,0.28721562
1982-07-28,2.341199769807911e-07,1296.412484755912,3.8024177963256487,1.1920928955078125e-07,1.1920929e-07,14.65,14.65,14.208003,25.09,20.45,29.73,250.02,2391.49,0.012191103325692792,0.33354074
1982-07-29,2.476284398394822e-07,1292.9910031750478,3.078076177273734,1.2381437321935163e-07,1.1920929e-07,1.1920929e-07,0.0,14.208003,21.435,14.52,28.35,456.48,1643.73,0.011007181463306563,0.3150107
1982-07-30,2.493130145376297e-07,1289.8318934765448,3.1193863017333507,1.246566626612629e-07,1.1920929e-07,0.27,0.27,14.111998,21.825,16.47,27.18,384.05,1875.06,0.010016395341385688,0.2779506
1982-07-31,2.3665166800652468e-07,1286.9660290483612,3.318519517950195,1.1920928955078125e-07,1.1920929e-07,1.1920929e-07,0.0,14.111998,22.94,18.53,27.35,327.91,2129.91,0.009194949450916973,0.28721562
1982-08-01,2.0712236717745835e-07,1284.424283278455,3.2192613308997418,1.1920928955078125e-07,1.1920929e-07,1.68,1.68,14.111998,22.445,16.5,28.39,382.17,1872.48,0.00852295375111958,0.37060082
1982-08-02,1.5820307898172164e-07,1282.237529554785,3.157229392235172,1.1920928955078125e-07,1.1920929e-07,1.1920929e-07,0.0,14.015994,22.255,16.01,28.5,427.73,1800.95,0.007984250512272476,0.29648066
1982-08-03,7.845980846573066e-08,1280.4252225030816,3.169134577425295,1.1920928955078125e-07,1.1920929e-07,4.81,4.81,14.015994,22.345,16.5,28.19,330.56,1880.09,0.007563689398645163,0.88944197
1982-08-04,-4.9742479777942654e-08,1278.8979818259727,3.326528210763041,1.1920928955078125e-07,1.1920929e-07,1.1920929e-07,0.0,14.013214,23.215,16.48,29.95,439.08,1877.45,0.007226528470353334,0.35207078
1982-08-05,-1.9456093945488942e-07,1277.509766531825,3.785110104062229,1.1920928955078125e-07,1.1920929e-07,8.31,8.31,13.920003,25.635,20.39,30.88,270.48,2383.06,0.00693311674983359,0.3150107
1982-08-06,-3.2042018523329944e-07,1276.1143551236673,3.469512590721079,1.1920928955078125e-07,1.1920929e-07,1.1920929e-07,0.0,13.920003,24.11,19.14,29.08,354.89,2222.19,0.006650189117913374,0.29648066
1982-08-07,-3.9174483178136226e-07,1274.5655261045288,3.1800608250771507,1.1920928955078125e-07,1.1920929e-07,1.1920929e-07,0.0,13.824,22.725,17.4,28.05,380.45,1988.3,0.006349654401887279,0.28721562
1982-08-08,-3.7295949376726805e-07,1272.7170579774381,3.4637888463059388,1.1920928955078125e-07,1.1920929e-07,1.1920929e-07,0.0,13.824,24.25,20.09,28.41,307.95,2340.68,0.0060087026581874545,0.25942057
1982-08-09,-2.435033939951678e-07,1270.3939821846084,3.5285995573138793,1.1920928955078125e-07,1.1920929e-07,2.6,2.6,13.824,24.61,20.02,29.2,292.43,2322.97,0.00560605077438624,0.28721562
1982-08-10,-1.1116082650040706e-07,1267.9537477077724,3.453154134613535,1.1920928955078125e-07,1.1920929e-07,6.39,6.39,13.727997,24.385,19.47,29.3,264.09,2272.92,0.005212116632137167,0.28721562
1982-08-11,-2.306087018834098e-08,1267.2633303775544,2.9445889466121553,1.1920928955078125e-07,1.1920929e-07,0.36,0.36,13.727997,21.61,15.96,27.26,399.56,1798.47,0.005105771515104202,0.25942057
1982-08-12,1.643730858270378e-10,1270.0662024439423,2.3792875811428207,1.1920928955078125e-07,1.1920929e-07,7.57,7.57,13.6761,18.005,12.57,23.44,301.98,1445.89,0.005551452852764834,0.28721562
1982-08-13,8.175682490648028e-11,1270.945989939884,2.3654965406822774,1.1920928955078125e-07,1.1920929e-07,1.1920929e-07,0.0,13.632,17.95,11.01,24.89,465.67,1320.55,0.005699214433164152,0.2779506
1982-08-14,2.3731326568488517e-11,1268.8239713859257,2.5319437429815044,1.1920928955078125e-07,1.1920929e-07,1.1920929e-07,0.0,13.632,19.125,11.59,26.66,478.13,1367.21,0.005349318438768697,0.24089052
1982-08-15,3.2636178700581477e-12,1265.8849131662096,2.721471923777642,1.1920928955078125e-07,1.1920929e-07,1.1920929e-07,0.0,13.535997,20.515,12.65,28.38,479.82,1451.67,0.0048999000914058495,0.23162551
1982-08-16,1.7137472685664072e-12,1261.9699291113354,2.948629974050503,1.1920928955078125e-07,1.1920929e-07,1.1920929e-07,0.0,13.535997,21.95,14.57,29.33,457.46,1650.94,0.0043593427394050775,0.21309547
1982-08-17,6.01199019654606e-13,1258.174449212577,3.2409400298321427,1.1920928955078125e-07,1.1920929e-07,1.1920929e-07,0.0,13.44165,23.775,17.19,30.36,419.86,1951.06,0.0038922832285708696,0.19456543
1982-08-18,1.5117410895220085e-13,1257.4480816540774,2.743459112922093,1.1920928955078125e-07,1.1920929e-07,4.35,4.35,13.439995,20.89,13.1,28.68,358.63,1498.76,0.0038087767146928186,0.25015554
1982-08-19,8.507408331315966e-14,1256.449101234778,2.672651553240747,1.1920928955078125e-07,1.1920929e-07,1.1920929e-07,0.0,13.439995,20.455,12.66,28.25,468.55,1452.55,0.0036968478626092155,0.26868558
1982-08-20,4.256318710795376e-14,1253.4397826252016,2.889656747330168,1.1920928955078125e-07,1.1920929e-07,1.1920929e-07,0.0,13.343997,21.965,15.28,28.65,424.37,1742.16,0.0033791640330794203,0.19456543
1982-08-21,2.4071526331563813e-14,1251.7142081689656,2.805098619573074,1.1920928955078125e-07,1.1920929e-07,3.17,3.17,13.343997,21.475,15.89,27.06,285.7,1790.92,0.003209471183056638,0.22236049
1982-08-22,1.2598263964983911e-14,1250.1564306686384,1.9483475716061796,1.1920928955078125e-07,1.1920929e-07,1.1920929e-07,0.0,13.248009,15.475,8.42,22.53,459.6,1113.72,0.0030636104099376143,0.19456543
1982-08-23,6.5771116997207714e-15,1248.1020477257994,2.331881319406786,1.1920928955078125e-07,1.1920929e-07,1.1920929e-07,0.0,13.248009,18.495,14.15,22.84,322.36,1612.08,0.0028813368408876884,0.20383045
1982-08-24,1.9553755461362443e-15,1245.6344747135356,2.763735461702968,1.1920928955078125e-07,1.1920929e-07,1.33,1.33,13.196108,21.495,15.91,27.08,381.02,1793.23,0.002676681070768351,0.22236049
1982-08-25,-3.665188433114327e-15,1243.0587927916883,3.156237983707908,1.1920928955078125e-07,1.1920929e-07,0.93,0.93,13.152,23.905,18.15,29.66,379.61,2090.73,0.0024785481373279235,0.23162551
1982-08-26,-8.783063366656256e-15,1240.4763135004866,2.4394202310398714,1.1920928955078125e-07,1.1920929e-07,1.1920929e-07,0.0,13.152,19.485,11.06,27.91,481.91,1324.79,0.002294615621143232,0.17603539
1982-08-27,-1.1896732383114855e-14,1237.98834838016,2.488041154747347,1.1920928955078125e-07,1.1920929e-07,1.1920929e-07,0.0,13.056,19.98,13.53,26.43,417.33,1561.56,0.002130336035242096,0.18530041
1982-08-28,-1.1504678611115443e-14,1235.6962089709375,2.339438525178106,1.1920928955078125e-07,1.1920929e-07,1.1920929e-07,0.0,13.056,18.965,14.0,23.93,352.88,1599.82,0.001989415897302437,0.16677037
1982-08-29,-6.9884645182778274e-15,1233.582647642859,1.7105886216745039,1.1920928955078125e-07,1.1920929e-07,1.1920929e-07,0.0,12.96,13.925,4.66,23.19,507.21,852.59,0.0018677498245978762,0.18530041
1982-08-30,-2.0129499743438718e-15,1231.2309979738368,2.0294227225872237,1.1920928955078125e-07,1.1920929e-07,1.1920929e-07,0.0,12.96,16.765,11.0,22.53,390.23,1320.0,0.0017411031284216736,0.14824033
1982-08-31,1.8047717596569165e-15,1228.7385222436428,2.49950305037027,1.1920928955078125e-07,1.1920929e-07,1.1920929e-07,0.0,12.864003,20.44,12.97,27.91,438.67,1480.73,0.001616233759273059,0.15750535
1982-09-01,3.269262933443665e-15,1226.2723145439318,2.9990343861709294,1.1920928955078125e-07,1.1920929e-07,1.1920929e-07,0.0,12.864003,23.635,18.95,28.32,309.31,2192.25,0.0015014970165351978,0.15750535
1982-09-02,2.1459960136061992e-15,1225.4319823642763,3.1720310684066955,1.1920928955078125e-07,1.1920929e-07,4.02,4.02,12.861222,24.64,19.99,29.29,238.35,2320.32,0.001464292220350442,0.20383045
1982-09-03,1.2533926169750696e-15,1231.813225960357,2.9368987695339692,1.1920928955078125e-07,1.1920929e-07,14.51,14.51,12.768005,23.32,17.13,29.51,285.17,1951.09,0.0017716353489980034,0.47251603
1982-09-04,7.432362922377484e-16,1236.7457835343344,2.1303956537612248,1.1920928955078125e-07,1.1920929e-07,1.1920929e-07,0.0,12.768005,17.75,10.45,25.05,436.49,1275.86,0.0020527477334812026,0.26868558
1982-09-05,4.3782554236487446e-16,1234.3839975657888,1.9733083502282036,1.1920928955078125e-07,1.1920929e-07,1.1920929e-07,0.0,12.672003,16.63,8.32,24.94,462.17,1100.63,0.001912977816619313,0.19456543
1982-09-06,2.5912182514854884e-16,1232.280640530796,2.2185994263944977,1.1920928955078125e-07,1.1920929e-07,1.1920929e-07,0.0,12.672003,18.62,10.0,27.24,458.84,1225.42,0.0017965337269740106,0.18530041
1982-09-07,1.3928770746091496e-16,1229.9974281351797,2.405631226207102,1.1920928955078125e-07,1.1920929e-07,1.1920929e-07,0.0,12.576006,20.155,13.31,27.0,398.17,1529.39,0.0016781415990794158,0.18530041
1982-09-08,-1.5210935159608535e-17,1227.7581338404204,2.2113203845227756,1.1920928955078125e-07,1.1920929e-07,1.1920929e-07,0.0,12.576006,18.755,15.13,22.38,244.08,1725.46,0.0015696084367470776,0.16677037
1982-09-09,-1.770986483849907e-16,1225.5360268275028,2.149316140516535,1.1920928955078125e-07,1.1920929e-07,1.1920929e-07,0.0,12.479998,18.435,14.15,22.72,283.6,1614.6,0.0014688482014411667,0.18530041
1982-09-10,-3.024251149646702e-16,1223.266753877199,2.3853420840258317,1.1920928955078125e-07,1.1920929e-07,1.1920929e-07,0.0,12.479998,20.235,13.46,27.01,390.03,1553.06,0.0013726218223536017,0.19456543
1982-09-11,-3.472400176480862e-16,1220.8859617702815,2.4737441275696463,1.1920928955078125e-07,1.1920929e-07,1.1920929e-07,0.0,12.383997,21.025,13.3,28.75,413.01,1522.9,0.0012784354246767465,0.17603539
1982-09-12,-2.6787856089361186e-16,1218.32949794331,2.6467591026416106,1.1920928955078125e-07,1.1920929e-07,1.1920929e-07,0.0,12.383997,22.23,14.98,29.48,395.73,1583.7,0.0011844827233784662,0.16677037
1982-09-13,-7.874725698458676e-17,1215.5953862334227,2.571718794091694,1.1920928955078125e-07,1.1920929e-07,1.1920929e-07,0.0,12.287997,21.905,14.75,29.06,391.69,1567.85,0.001091629031688388,0.16677037
1982-09-14,1.4756626481481986e-16,1212.793567788622,2.5480747503483605,1.1920928955078125e-07,1.1920929e-07,1.1920929e-07,0.0,12.287997,21.785,15.3,28.27,366.91,1668.28,0.0010040225335347075,0.14824033
1982-09-15,3.50422169549154e-16,1210.0402136663129,2.5137897177277,1.1920928955078125e-07,1.1920929e-07,1.1920929e-07,0.0,12.287997,21.59,15.99,27.19,330.35,1788.86,0.0009247839570555911,0.1389753
1982-09-16,4.691806222629616e-16,1207.4514949239,2.6281441461938018,1.1920928955078125e-07,1.1920929e-07,1.1920929e-07,0.0,12.191998,22.535,17.03,28.04,325.12,1807.78,0.0008559964567100841,0.16677037
1982-09-17,4.4320178800078843e-16,1205.1435826187883,2.0629403593875955,1.1920928955078125e-07,1.1920929e-07,1.1920929e-07,0.0,12.191998,18.42,10.24,26.6,430.42,1021.1,0.000798996556795382,0.1389753
1982-09-18,2.684777874587171e-16,1203.2749133495342,1.8405685295713374,1.1920928955078125e-07,1.1920929e-07,1.1920929e-07,0.0,12.096,16.67,8.5,24.84,431.25,919.5,0.0007556376375917028,0.12971029
1982-09-19,1.1849213454165376e-16,1202.6655474373238,1.6645786192901542,1.1920928955078125e-07,1.1920929e-07,1.1920929e-07,0.0,12.096,15.02,6.77,23.27,432.43,830.29,0.0007420135544419027,0.12971029
1982-09-20,3.270271950540578e-17,1204.649471643237,1.8888783754511393,1.1920928955078125e-07,1.1920929e-07,9.31,9.31,12.000003,17.215,13.26,21.17,188.21,1522.18,0.0007872953630858912,0.15750535
1982-09-21,1.6144264571902013e-17,1206.156034547122,1.7647145634441543,1.1920928955078125e-07,1.1920929e-07,1.1920929e-07,0.0,12.000003,16.065,12.89,19.24,209.63,1471.23,0.000823518822622431,0.20383045
1982-09-22,9.756151526850063e-18,1217.1004424104938,1.6786657719920983,1.1920928955078125e-07,1.1920929e-07,23.12,23.12,11.903997,15.225,12.02,18.43,159.63,1401.61,0.0011418035148651742,0.4169259
1982-09-23,5.898194176095392e-18,1230.9187538583353,1.4145146779920492,1.1920928955078125e-07,1.1920929e-07,7.35,7.35,11.903997,12.265,7.21,17.32,239.33,1016.44,0.0017249462930075522,0.56516623
1982-09-24,3.531417696909451e-18,1232.8453742564081,1.4931078774618682,1.1920928955078125e-07,1.1920929e-07,1.1920929e-07,0.0,11.808,13.24,6.52,19.96,381.4,961.3,0.0018270833719900555,0.28721562
1982-09-25,2.0990929160214093e-18,1231.0904486812374,1.7163322981424691,1.1920928955078125e-07,1.1920929e-07,1.1920929e-07,0.0,11.808,15.535,9.38,21.69,355.91,1189.93,0.0017338118674124243,0.24089052
1982-09-26,1.2527037047631435e-18,1228.7154547504388,1.6918811359098702,1.1920928955078125e-07,1.1920929e-07,1.1920929e-07,0.0,11.711997,15.465,10.29,20.64,314.38,1263.23,0.001615120963537227,0.22236049
1982-09-27,7.563201431770248e-19,1241.031695507497,1.877138600585298,1.1920928955078125e-07,1.1920929e-07,25.73,25.73,11.711997,17.02,12.87,21.17,194.1,1469.75,0.0023329835202008666,0.52810615
1982-09-28,4.573405456755471e-19,1251.130497818247,1.8558054376945954,1.1920928955078125e-07,1.1920929e-07,1.1920929e-07,0.0,11.711997,16.695,11.49,21.9,314.46,1359.16,0.0031540198145242277,0.38913086
1982-09-29,2.760767211729953e-19,1249.3201947241575,1.8044593497225998,1.1920928955078125e-07,1.1920929e-07,1.1920929e-07,0.0,11.616,16.39,10.85,21.93,327.13,1307.8,0.002988064270375202,0.26868558
1982-09-30,-1.4132573361102307e-20,1247.4687081150682,1.829141060406305,1.1920928955078125e-07,1.1920929e-07,1.1920929e-07,0.0,11.616,16.64,12.22,21.06,276.54,1417.29,0.0028273620117820987,0.25015554
1982-10-01,-7.096494264873624e-19,1245.4965560815922,1.7578673237675453,1.1920928955078125e-07,1.1920929e-07,1.1920929e-07,0.0,11.520008,16.145,9.22,23.07,370.82,1177.44,0.0026656812376155544,0.24089052
1982-10-02,-1.6854017028259939e-18,1243.4294481849613,1.8660973812074733,1.1920928955078125e-07,1.1920929e-07,1.1920929e-07,0.0,11.520008,17.165,10.53,23.8,355.01,1282.22,0.0025061306292810605,0.22236049
1982-10-03,-2.8061233506067006e-18,1241.2960357666059,1.6078072188887793,1.1920928955078125e-07,1.1920929e-07,1.1920929e-07,0.0,11.423997,14.87,6.5,23.24,398.15,960.0,0.002351469837764522,0.21309547
1982-10-04,-3.936548318059187e-18,1239.124970167956,2.0648486142663316,1.1920928955078125e-07,1.1920929e-07,1.1920929e-07,0.0,11.423997,19.065,12.4,25.73,343.58,1432.24,0.002203874530058606,0.20383045
1982-10-05,-4.941410553413158e-18,1236.944902730442,2.1124458057526425,1.1920928955078125e-07,1.1920929e-07,1.1920929e-07,0.0,11.328,19.625,14.28,24.97,296.15,1622.02,0.002064988279327682,0.20383045
1982-10-06,-5.6854440048983146e-18,1234.7844847954939,2.0945440306626786,1.1920928955078125e-07,1.1920929e-07,1.1920929e-07,0.0,11.328,19.51,15.21,23.81,252.72,1736.5,0.0019359900204817017,0.20383045
1982-10-07,-6.033382620744357e-18,1232.6723677045418,2.116312463841507,1.1920928955078125e-07,1.1920929e-07,1.1920929e-07,0.0,11.232,19.86,14.78,24.94,286.11,1684.55,0.0018176696769329577,0.19456543
1982-10-08,-5.8499603491810005e-18,1230.6372027990158,2.1838596557598327,1.1920928955078125e-07,1.1920929e-07,1.1920929e-07,0.0,11.232,20.425,14.46,26.39,312.88,1637.15,0.0017105062331743595,0.19456543
1982-10-09,-4.999911138437938e-18,1228.7076414203461,2.136584453285094,1.1920928955078125e-07,1.1920929e-07,1.1920929e-07,0.0,11.138781,20.22,14.45,25.99,302.9,1635.82,0.0016147442155002496,0.18530041
1982-10-10,-3.0765953215149464e-18,1226.9100477382592,1.634350207643466,1.1920928955078125e-07,1.1920929e-07,1.1920929e-07,0.0,11.136,15.75,9.53,21.97,327.7,1202.02,0.001530361598971267,0.20383045
1982-10-11,6.859111677366233e-18,1225.2035125001269,1.132912625500035,1.1920928955078125e-07,1.1920929e-07,1.1920929e-07,0.0,11.136,9.875,5.58,14.17,262.5,909.24,0.0014543373261851843,0.22236049
1982-10-12,2.5874380386064985e-17,1223.5646278918805,1.4285138877542274,1.1920928955078125e-07,1.1920929e-07,1.1920929e-07,0.0,11.04,13.735,9.94,17.53,233.01,1234.85,0.0013848842559224513,0.24089052
1982-10-13,5.1382382066886174e-17,1221.995806050756,1.5578604185869556,1.1920928955078125e-07,1.1920929e-07,9.55,9.55,11.04,15.17,11.99,18.35,148.9,1399.29,0.0013215095935209492,0.2779506
1982-10-14,8.079628798213466e-17,1220.4994591139903,1.2846133123210928,1.1920928955078125e-07,1.1920929e-07,7.0,7.0,10.944003,12.205,7.21,17.2,219.24,1017.06,0.0012637668404870326,0.37060082
1982-10-15,1.115292693941153e-16,1219.0779992188193,1.4310320054318189,1.1920928955078125e-07,1.1920929e-07,1.1920929e-07,0.0,10.944003,13.965,8.5,19.43,304.87,1120.0,0.001211252435986584,0.25942057
1982-10-16,1.40994497565133e-16,1217.7338385024789,1.1872490984759707,1.1920928955078125e-07,1.1920929e-07,0.15,0.15,10.848002,11.125,4.52,17.73,336.69,841.8,0.0011636027034763413,0.21309547
1982-10-17,1.666051437574925e-16,1216.4693891022057,0.9205945575050564,1.1920928955078125e-07,1.1920929e-07,1.1920929e-07,0.0,10.848002,7.17,1.0,13.34,334.06,640.37,0.0011204910935368642,0.20383045
1982-10-18,1.857743792334988e-16,1215.287063155236,0.845377211238292,1.1920928955078125e-07,1.1920929e-07,1.1920929e-07,0.0,10.803894,5.945,-1.84,13.73,368.77,532.89,0.001081625714586661,0.20383045
1982-10-19,1.959153752554566e-16,1214.1892727988059,1.080223336529291,1.1920928955078125e-07,1.1920929e-07,1.1920929e-07,0.0,10.752,9.82,1.73,17.91,364.61,697.72,0.0010467471441798363,0.19456543
1982-10-20,1.94441303085671e-16,1213.1784301701514,1.3802891770062626,1.1920928955078125e-07,1.1920929e-07,1.1920929e-07,0.0,10.752,13.745,6.45,21.04,338.63,955.77,0.0010156265150013393,0.19456543
1982-10-21,1.7876533398644658e-16,1212.256947406509,1.3298660066678076,1.1920928955078125e-07,1.1920929e-07,4.0,4.0,10.655997,13.3,6.62,19.98,239.87,970.16,0.0009880638714735135,0.19456543
1982-10-22,1.4630063922008842e-16,1211.427236645115,0.8292441482068278,1.1920928955078125e-07,1.1920929e-07,1.1920929e-07,0.0,10.655997,5.91,-0.4,12.22,316.23,600.0,0.0009638867950873798,0.20383045
1982-10-23,9.582540840395774e-17,1211.011596108629,0.7021985568802386,1.1920928955078125e-07,1.1920929e-07,1.1920929e-07,0.0,10.559998,3.55,-2.53,9.63,308.63,515.37,0.0009519986990380137,0.20383045
1982-10-24,4.917474479377549e-17,1215.7109026483533,0.740724167553831,1.1920928955078125e-07,1.1920929e-07,1.1920929e-07,0.0,10.559998,4.29,-1.19,9.77,287.35,560.0,0.001095400655622277,0.24089052
1982-10-25,1.92875603401202e-17,1225.8090705781976,0.8628234423415385,1.1920928955078125e-07,1.1920929e-07,19.24,19.24,10.558345,6.475,3.07,9.88,147.56,765.8,0.0014808719833119162,0.29648066
1982-10-26,9.62885786751563e-18,1237.8305168129675,1.0666492595477721,1.1920928955078125e-07,1.1920929e-07,10.7,10.7,10.464,9.745,4.15,15.34,210.79,815.83,0.002120320376930763,0.44472098
1982-10-27,5.5304658411505366e-18,1240.4375111751178,1.1020320429114459,1.1920928955078125e-07,1.1920929e-07,1.1920929e-07,0.0,10.464,10.225,2.67,17.78,322.88,734.29,0.0022919587127906873,0.2779506
1982-10-28,3.2684286102847377e-18,1239.3838213764288,1.0727757136388951,1.1920928955078125e-07,1.1920929e-07,1.1920929e-07,0.0,10.367997,9.96,0.88,19.04,340.1,641.9,0.0022209737718904823,0.25015554
1982-10-29,1.8838914651301143e-18,1238.2404572313972,1.2023004345979755,1.1920928955078125e-07,1.1920929e-07,1.1920929e-07,0.0,10.367997,11.78,2.7,20.86,332.6,736.06,0.002146432563960867,0.24089052
1982-10-30,1.0495247159555366e-18,1236.9392417643699,1.3085632378853465,1.1920928955078125e-07,1.1920929e-07,1.1920929e-07,0.0,10.323892,13.225,4.96,21.49,314.06,877.18,0.0020646392741507326,0.23162551
1982-10-31,3.1993754410040293e-19,1235.3839672599863,1.511068142970978,1.1920928955078125e-07,1.1920929e-07,1.1920929e-07,0.0,10.272,15.675,8.0,23.35,296.06,1080.0,0.001970954946699382,0.22236049
1982-11-01,-1.7916204273303034e-19,1233.6572081464863,1.8753420275442918,1.1920928955078125e-07,1.1920929e-07,1.1920929e-07,0.0,10.272,19.31,12.86,25.76,258.86,1468.71,0.001871912489723342,0.22236049
1982-11-02,-2.8233156734564747e-19,1231.8514378121704,1.81127801428777,1.1920928955078125e-07,1.1920929e-07,1.1920929e-07,0.0,10.176,18.905,11.0,26.81,287.98,1320.0,0.0017736578121784247,0.22236049
1982-11-03,-1.6994537483778015e-19,1229.8002768531342,1.7456140261687894,1.1920928955078125e-07,1.1920929e-07,1.1920929e-07,0.0,10.176,18.31,11.93,24.69,255.38,1394.12,0.0016682921708734144,0.3242757
1982-11-04,-1.02785491551359e-19,1244.5607838059982,1.6543410084986976,1.1920928955078125e-07,1.1920929e-07,30.79,30.79,10.176,17.21,12.42,22.0,156.38,1433.82,0.0025922322537406347,0.4169259
1982-11-05,-6.218791594058193e-20,1258.985873133287,0.9627773092451998,1.1920928955078125e-07,1.1920929e-07,1.87,1.87,10.079997,8.465,1.86,15.07,263.28,701.54,0.003987735050458838,0.6485514
1982-11-06,-3.6588713102249606e-20,1259.0641312747405,0.6603029532787408,1.1920928955078125e-07,1.1920929e-07,1.1920929e-07,0.0,10.079997,2.75,-2.27,7.77,229.23,516.78,0.003997063806710888,0.4169259
1982-11-07,-2.1469565291378352e-20,1258.325386163161,0.732291852146234,1.1920928955078125e-07,1.1920929e-07,1.1920929e-07,0.0,10.035892,4.365,-3.47,12.2,293.93,479.71,0.003909864060186576,0.3242757
1982-11-08,-1.0340881864553701e-20,1257.3976245414597,0.9822526151424579,1.1920928955078125e-07,1.1920929e-07,1.1920929e-07,0.0,9.983997,8.945,0.3,17.59,296.51,624.0,0.003803042931922133,0.2779506
1982-11-09,-2.4561201839275047e-21,1256.3244733305573,1.0974800399896352,1.1920928955078125e-07,1.1920929e-07,1.1920929e-07,0.0,9.983997,10.7,4.26,17.14,251.28,820.93,0.003683116946466093,0.25942057
1982-11-10,2.885946466449583e-22,1255.29803252504,0.9428862013304898,1.1920928955078125e-07,1.1920929e-07,1.1920929e-07,0.0,9.888,8.485,4.47,12.5,176.77,842.55,0.003571950983634457,0.24089052
1982-11-11,1.4543856711746086e-22,1254.9850640916463,0.902144172500126,1.1920928955078125e-07,1.1920929e-07,1.1920929e-07,0.0,9.888,7.805,2.46,13.15,220.05,720.0,0.003538727981023967,0.24089052
1982-11-12,2.984125160350807e-23,1256.128050387064,1.2516321584034587,1.1920928955078125e-07,1.1920929e-07,1.1920929e-07,0.0,9.888,12.955,7.27,18.64,219.34,1021.83,0.0036615794483995,0.4076609
1982-11-13,-3.059975717587332e-23,1259.1389637868863,1.1420687789266504,1.1920928955078125e-07,1.1920929e-07,10.4,10.4,9.792,11.605,3.71,19.5,199.13,797.13,0.004006004621688179,0.46325102
1982-11-14,-2.4524405353411372e-23,1263.4282783157098,0.588801993893209,1.1920928955078125e-07,1.1920929e-07,1.1920929e-07,0.0,9.792,1.44,-3.62,6.5,206.9,468.09,0.004553356531105014,0.38913086
1982-11-15,-1.4526378355305656e-23,1264.9334136213845,0.6374882301784411,1.1920928955078125e-07,1.1920929e-07,1.1920929e-07,0.0,9.792,2.59,-0.53,5.71,136.5,592.54,0.004762653451032873,0.33354074
1982-11-16,-8.728189433837573e-24,1264.4851580779182,0.5255169031478236,1.1920928955078125e-07,1.1920929e-07,1.1920929e-07,0.0,9.698783,-0.085,-7.04,6.87,254.98,358.95,0.004699334746426075,0.2779506
1982-11-17,-5.370401346217484e-24,1263.6125363801227,0.6346470509328583,1.1920928955078125e-07,1.1920929e-07,1.1920929e-07,0.0,9.696003,2.685,-3.61,8.98,237.49,467.67,0.004578476193024398,0.26868558
1982-11-18,-2.7136694595527176e-24,1262.8397353091061,0.7917522821639982,1.1920928955078125e-07,1.1920929e-07,1.1920929e-07,0.0,9.696003,6.01,-0.49,12.51,238.44,600.0,0.004474040675585369,0.25942057
1982-11-19,-5.997379297915581e-25,1261.9324566791513,0.8976230261768007,1.1920928955078125e-07,1.1920929e-07,1.1920929e-07,0.0,9.696003,7.945,3.9,11.99,166.5,800.0,0.004354468011339831,0.25942057
1982-11-20,4.723769296979774e-25,1261.0603579942078,0.9196258019703768,1.1920928955078125e-07,1.1920929e-07,1.1920929e-07,0.0,9.6,8.485,5.08,11.89,143.65,878.52,0.00424254507011876,0.25015554
1982-11-21,3.320492528041529e-25,1260.3778875155285,1.0796019242606762,1.1920928955078125e-07,1.1920929e-07,1.0,1.0,9.6,11.01,7.82,14.2,133.66,1065.68,0.004156968785588869,0.25015554
1982-11-22,2.5161458850561903e-26,1259.8801082364694,1.1851804218139392,1.1920928955078125e-07,1.1920929e-07,1.2,1.2,9.6,12.505,9.49,15.52,126.22,1199.26,0.0040956419419361035,0.25942057
1982-11-23,-2.481571747475377e-25,1259.4723557804448,1.1848743340230263,1.1920928955078125e-07,1.1920929e-07,1.1920929e-07,0.0,9.555897,12.58,9.71,15.45,121.48,1216.41,0.004046081178965096,0.25015554
1982-11-24,-4.0511430395613795e-25,1259.059432608598,0.9932840605842286,1.1920928955078125e-07,1.1920929e-07,1.0,1.0,9.504003,9.87,4.84,14.9,196.33,868.91,0.003996503087243966,0.25015554
1982-11-25,-3.62917584741232e-25,1258.5461411820722,0.5977131361522814,1.1920928955078125e-07,1.1920929e-07,1.1920929e-07,0.0,9.504003,2.155,-4.08,8.39,232.16,451.36,0.003935720262751441,0.22236049
1982-11-26,-2.197410779230252e-25,1257.896511861951,0.7041843382276877,1.1920928955078125e-07,1.1920929e-07,1.1920929e-07,0.0,9.504003,4.6,-0.5,9.7,202.06,600.0,0.003860116196292355,0.22236049
1982-11-27,-1.0644694668074262e-11,1257.1350167960218,0.733070645300127,1.1920928955078125e-07,1.1920929e-07,1.1920929e-07,0.0,9.459894,5.285,0.46,10.11,195.3,631.34,0.003773340113327456,0.22236049
1982-11-28,1.600282325114746,1260.1927374140955,0.46975124220781056,1.1920928955078125e-07,9.926081,2.7039187,12.63,9.408,-1.21,-6.0,3.58,168.46,400.0,0.004134051600912423,0.23162551
1982-11-29,1.0568823555037707,1279.3367099396319,0.7622925867247319,1.0568551890010012,1.1920929e-07,25.76,25.76,9.408,5.695,-0.38,11.77,191.26,596.6,0.007321815380606032,1.4916682
1982-11-30,0.385739825059533,1292.846458600533,0.9673597800377703,0.37776043500493905,1.1920929e-07,1.1920929e-07,0.0,9.408,9.2,3.65,14.75,237.37,800.0,0.010959778933365423,0.6578164
1982-12-01,0.15099007231107578,1296.938713855515,0.9760274258183995,0.12366788928757484,1.1920929e-07,9.11,9.11,9.408,9.29,5.26,13.32,138.54,900.55,0.012384164354384842,0.47251603
1982-12-02,0.06921689640361342,1302.7941900957017,1.0178043512051838,0.04612954868080526,1.1920929e-07,4.54,4.54,9.363897,9.95,7.9,12.0,70.97,1072.26,0.014750120956373325,0.6207563
1982-12-03,0.03574721396936727,1303.754290161498,1.0901039203105942,0.021034674952542774,1.1920929e-07,1.1920929e-07,0.0,9.311997,11.11,9.31,12.91,84.77,1184.77,0.015179076479628972,0.453986
1982-12-04,0.018715693433662525,1302.502118059519,1.5278010296115148,0.010230992463342645,1.1920929e-07,1.1920929e-07,0.0,9.311997,16.605,11.42,21.79,196.75,1353.2,0.014622049103336792,0.4076609
1982-12-05,0.009769692221169628,1300.9721267547723,1.4981958663710582,0.005123273712885329,1.1920929e-07,1.1920929e-07,0.0,9.311997,16.3,10.62,21.98,208.1,1289.39,0.013969105646353746,0.37060082
1982-12-06,0.002495864628491445,1299.5370041454933,1.5101502125013493,0.0012635048564746355,1.1920929e-07,1.1920929e-07,0.0,9.311997,16.45,12.82,20.08,151.7,1465.31,0.013383174569694525,0.34280574
1982-12-07,-0.001622657143633334,1298.3407029352575,0.8732652262305493,1.1920928955078125e-07,1.1920929e-07,1.1920929e-07,0.0,9.311997,7.705,1.03,14.38,237.09,646.41,0.012913575866702382,0.30574566
1982-12-08,-0.0015002363906907326,1297.4899579771477,0.7333839672760785,1.1920928955078125e-07,1.1920929e-07,1.1920929e-07,0.0,9.310348,5.055,-1.53,11.64,238.76,555.02,0.012589682438911483,0.28721562
1982-12-09,-0.0009229068832530445,1296.7951678929228,0.6407325260500674,1.1920928955078125e-07,1.1920929e-07,1.1920929e-07,0.0,9.2187805,3.19,-2.39,8.77,222.44,512.7,0.01233119950290501,0.2779506
1982-12-10,-0.000987230910443367,1296.294075510374,0.3709868362782385,1.1920928955078125e-07,1.1920929e-07,1.1920929e-07,0.0,9.216,-4.64,-11.39,2.11,245.03,251.14,0.012148078257675563,0.25942057
1982-12-11,0.22479328671909476,1296.09612993723,0.49903799179501596,1.1920928955078125e-07,0.002090494,1.1379094,1.14,9.216,-0.45,-3.34,2.44,138.57,474.92,0.01207649177242164,0.26868558
1982-12-12,1.3559284196006718,1296.2935784117253,0.44434516683422004,1.1920928955078125e-07,2.469917,8.3034036e-05,2.47,9.216,-2.11,-7.19,2.97,208.42,353.81,0.012147897952842001,0.28721562
1982-12-13,2.6775716019151496,1295.881015328631,0.36187225405081597,1.1920928955078125e-07,1.1920929e-07,1.1920929e-07,0.0,9.216,-4.98,-9.27,-0.69,216.52,300.45,0.011999174387343567,0.37986583
1982-12-14,2.677875712057955,1295.5030670811107,0.39045604302446135,1.1920928955078125e-07,1.1920929e-07,1.1920929e-07,0.0,9.216,-3.92,-9.72,1.88,255.99,280.0,0.01186452760567955,0.3242757
1982-12-15,2.478993355656791,1295.2010067842505,0.525656675331869,2.327093024509795,1.1920929e-07,1.1920929e-07,0.0,9.216,0.31,-6.95,7.57,273.6,360.0,0.011758003581304962,0.46325102
1982-12-16,0.9263706810123596,1306.939917029073,0.8856180173953373,0.9262828663812487,1.1920929e-07,21.56,21.56,9.216,7.98,2.22,13.74,163.44,719.91,0.01669374864615424,0.8709119
1982-12-17,0.33865082940185154,1317.612873067631,0.6714892337264932,0.32757024711328037,1.1920929e-07,1.1920929e-07,0.0,9.216,3.655,-1.16,8.47,201.35,560.0,0.02295893600594734,0.79679173
1982-12-18,0.18079563448095362,1317.0345923240388,0.41404236368577724,1.1920928955078125e-07,1.1920929e-07,1.1920929e-07,0.0,9.216,-3.33,-8.7,2.04,220.07,320.0,0.022565922944890373,0.453986
1982-12-19,0.7838780435873121,1316.6176022067762,0.4076097536687246,1.1920928955078125e-07,1.09,1.1920929e-07,1.09,9.216,-3.545,-7.7,0.61,208.14,344.27,0.022286708097080235,0.37986583
1982-12-20,1.5970881255906804,1316.4005452127826,0.5137672227375653,1.1920928955078125e-07,0.00023778917,0.90976226,0.91,9.216,-0.255,-3.1,2.59,138.91,480.0,0.02214273757085725,0.37986583
1982-12-21,0.6965564080435733,1317.1796635772687,0.5913135927588911,0.695899596856239,1.1920929e-07,1.1920929e-07,0.0,9.216,1.78,-1.07,4.63,136.79,568.55,0.02266388002084273,0.36133578
1982-12-22,0.257130249131143,1316.9166289762338,0.5962531407165449,0.2388718580767795,1.1920929e-07,1.1920929e-07,0.0,9.216,1.905,-1.55,5.36,160.37,556.23,0.022486582246505703,0.30574566
1982-12-23,0.10682888395551787,1317.4852846234216,0.5940771471926513,0.0795096792026814,1.1920929e-07,1.97,1.97,9.216,1.845,-1.31,5.0,148.77,560.0,0.022871639560350016,0.3242757
1982-12-24,0.051702720931361267,1317.7994548618326,0.7868588708993209,0.03238929186055444,1.1920929e-07,1.1920929e-07,0.0,9.216,6.04,0.11,11.97,223.52,608.64,0.023087196152153412,0.3242757
1982-12-25,0.026829322063360955,1316.7708464921384,1.0231528078846512,0.015203475098648606,1.1920929e-07,1.1920929e-07,0.0,9.216,10.115,3.78,16.45,225.94,800.0,0.022388916026938994,0.3150107
1982-12-26,0.014365742977329201,1316.2958245582995,1.2073567756360446,0.007697922442912979,1.1920929e-07,1.0,1.0,9.216,12.755,8.63,16.88,173.47,1130.11,0.022073610954078757,0.3150107
1982-12-27,0.005986474379046074,1316.945085915351,0.8749434975669464,0.003082805130475441,1.1920929e-07,2.0,2.0,9.216,7.675,2.56,12.79,206.38,737.81,0.022505696466540766,0.30574566
1982-12-28,0.002591975835979998,1318.0796843929825,0.9735601043665743,0.001312782824554027,1.1920929e-07,2.13,2.13,9.216,9.32,3.55,15.09,211.21,791.1,0.023281179155365785,0.3150107
1982-12-29,0.001545586397130499,1317.887797763006,1.1197564397545536,0.0007787651729592495,1.1920929e-07,1.1920929e-07,0.0,9.216,11.53,5.55,17.51,219.63,906.86,0.023148174574364886,0.36133578
1982-12-30,0.0009250612829968068,1317.0273248989865,0.5985408146394279,0.00046466997218577965,1.1920929e-07,1.1920929e-07,0.0,9.216,1.96,-3.72,7.64,224.52,462.77,0.022561026882162626,0.30574566
1982-12-31,0.028371314798750186,1316.4420810375134,0.5102287476168512,1.1920928955078125e-07,1.1920929e-07,1.1920929e-07,0.0,9.216,-0.355,-5.29,4.58,209.45,417.86,0.022170215494262433,0.28721562
1983-01-01,0.03710014745386211,1315.8719798579061,0.5683483547578565,0.021952024930234796,1.1920929e-07,1.1920929e-07,0.0,9.216,1.215,-4.33,6.76,270.29,440.0,0.021796026309693545,0.28721562
1983-01-02,0.019820402716131537,1315.2756192117172,0.6097582760807301,0.010889119643571218,1.1920929e-07,1.1920929e-07,0.0,9.267895,2.17,-2.15,6.49,237.31,520.0,0.021411358437176665,0.2779506
1983-01-03,0.011420135122746436,1314.6585972120306,0.5850388572116165,0.006035759501179882,1.1920929e-07,1.1920929e-07,0.0,9.311997,1.5,-2.58,5.58,229.91,512.0,0.021020507703872923,0.2779506
1983-01-04,0.021876289657409814,1314.1087251679628,0.45836407667667745,1.1920928955078125e-07,1.1920929e-07,1.1920929e-07,0.0,9.311997,-2.01,-7.59,3.57,275.9,348.22,0.02067820919294841,0.25942057
1983-01-05,1.3515789688791016,1313.631307877939,0.47342855395866923,1.1920928955078125e-07,2.5258598,0.024140105,2.55,9.311997,-1.545,-5.82,2.73,208.62,400.0,0.020385538118859434,0.25942057
1983-01-06,1.5341366595420582,1314.9736868440334,0.5579513238726596,1.5334272874074775,1.1920929e-07,1.45,1.45,9.311997,0.805,-4.22,5.83,263.84,441.16,0.021219200560154864,0.28721562
1983-01-07,0.5605172409800637,1315.90372325462,0.7084328938625845,0.5584627758100139,1.1920929e-07,1.1920929e-07,0.0,9.311997,4.32,-2.57,11.21,295.04,514.57,0.021816694239415416,0.2779506
1983-01-08,0.2093269234197537,1315.4949285414393,0.7338881304816144,0.18635272016810542,1.1920929e-07,1.1920929e-07,0.0,9.311997,4.855,-0.27,9.98,264.78,598.3,0.021552022916616287,0.26868558
1983-01-09,0.08972311955059302,1314.5019482013824,0.5697307866546915,0.06373157652578626,1.1920929e-07,1.1920929e-07,0.0,9.408,0.965,-2.0,3.93,186.3,520.0,0.02092241966845738,0.25942057
1983-01-10,0.044824384388314736,1321.3386176567071,0.6848842142060315,0.027352808056243277,1.1920929e-07,15.02,15.02,9.408,3.6,0.59,6.61,140.24,640.0,0.025660438250033574,0.88944197
1983-01-11,0.02435694105440921,1334.1899657737927,0.8305103136920006,0.013654332751354723,1.1920929e-07,10.69,10.69,9.408,6.36,2.9,9.82,155.51,751.63,0.037662531414918744,1.8066789
1983-01-12,0.01393920683238152,1338.0854612328246,0.6582909710899458,0.007454572136958332,1.1920929e-07,1.1920929e-07,0.0,9.408,2.825,-1.57,7.22,249.37,545.42,0.0423080495951224,0.8153218
1983-01-13,0.011930543024094208,1337.6897404509484,0.44610457439552675,1.1920928955078125e-07,1.1920929e-07,1.1920929e-07,0.0,9.408,-2.79,-7.74,2.16,273.18,341.36,0.04181110367231783,0.56516623
1983-01-14,0.011423593444588669,1337.278529776347,0.5440422870108904,1.1920928955078125e-07,1.1920929e-07,1.1920929e-07,0.0,9.504003,-0.1,-4.67,4.47,260.89,440.0,0.041300888872798605,0.48178104
1983-01-15,0.007683590848965112,1338.1480668373065,0.5966443021486283,0.003989290618944545,1.1920929e-07,2.89,2.89,9.504003,1.23,-1.46,3.92,143.72,556.74,0.04238720901784038,0.48178104
1983-01-16,0.38007053295825993,1340.0595152595993,0.49585925036198064,1.1920928955078125e-07,2.4355404,0.054459684,2.49,9.504003,-1.46,-4.11,1.19,148.09,451.97,0.0448766956505592,0.5003111
1983-01-17,1.4896289011776165,1339.56700697082,0.4085125631553237,1.1920928955078125e-07,1.1920929e-07,1.1920929e-07,0.0,9.504003,-4.185,-8.07,-0.3,240.3,331.07,0.044221598754726796,0.44472098
1983-01-18,1.4896760078594249,1339.137582494793,0.36541914807895576,1.1920928955078125e-07,1.1920929e-07,1.1920929e-07,0.0,9.6,-5.86,-9.77,-1.95,243.5,280.0,0.043658220045145454,0.38913086
1983-01-19,1.4896760078594249,1338.7559899691737,0.32135697637626737,1.1920928955078125e-07,1.1920929e-07,1.1920929e-07,0.0,9.6,-7.605,-11.73,-3.48,255.43,245.76,0.043163619514587984,0.33354074
1983-01-20,1.4896760078594249,1338.4067607168427,0.31549109489807486,1.1920928955078125e-07,1.1920929e-07,1.1920929e-07,0.0,9.6,-7.85,-12.58,-3.12,279.21,240.0,0.04271587877633325,0.30574566
1983-01-21,1.4896760078594249,1338.0055668542727,0.406245818840366,1.1920928955078125e-07,1.1920929e-07,1.1920929e-07,0.0,9.602783,-4.39,-10.37,1.59,310.9,280.0,0.04220724466841979,0.29648066
1983-01-22,1.4883370019195319,1337.5412566807554,0.4420744778269571,1.1920928955078125e-07,1.1920929e-07,1.1920929e-07,0.0,9.696003,-3.34,-8.14,1.46,283.33,321.47,0.04162614755652625,0.29648066
1983-01-23,3.558896486755729,1342.5246372921108,0.5790066957738669,3.5052260828573365,3.004074e-06,14.399996,14.4,9.696003,0.455,-2.43,3.34,148.13,514.24,0.04830437796039812,0.51884115
1983-01-24,1.3043876289157856,1354.3044231809326,0.6730963050914592,1.304384807141726,1.1920929e-07,5.78,5.78,9.696003,2.53,-0.55,5.61,168.3,587.18,0.0686652201376901,0.99135715
1983-01-25,0.4757509812475966,1356.7483798475635,0.66568427686242,0.4717005050714639,1.1920929e-07,1.1920929e-07,0.0,9.792,2.195,-1.03,5.42,217.23,560.34,0.07386317714239453,0.6207563
1983-01-26,0.1797684828312477,1356.30547952346,0.6718232058459909,0.15421742695440768,1.1920929e-07,1.1920929e-07,0.0,9.792,2.335,-0.12,4.79,174.1,603.77,0.0728928325341199,0.51884115
1983-01-27,0.07924843156780065,1355.6856595051458,0.6225673644472846,0.054551430764678034,1.1920929e-07,1.1920929e-07,0.0,9.792,1.225,-1.75,4.2,207.54,539.8,0.07155624194090004,0.48178104
1983-01-28,0.05041645067355362,1355.045035475943,0.5771307755281042,1.1920928955078125e-07,1.1920929e-07,1.1920929e-07,0.0,9.888,-0.01,-4.32,4.3,276.22,441.71,0.07020053986206387,0.453986
1983-01-29,0.11636946998315319,1354.3226319564392,0.5905448047649049,0.08417539452099955,1.1920929e-07,1.1920929e-07,0.0,9.888,0.33,-5.85,6.51,330.62,400.0,0.0687025620066463,0.44472098
1983-01-30,0.05790418897506839,1355.36635474663,0.6220926635294073,0.0371065685492034,1.1920929e-07,3.23,3.23,9.888,1.075,-3.37,5.52,213.63,480.0,0.0708772810627519,0.4169259
1983-01-31,0.03021336337545412,1356.1884371557992,0.737018809334197,0.01737159681233275,1.1920929e-07,1.1920929e-07,0.0,9.983997,3.42,-0.5,7.34,263.47,600.0,0.07263854227644499,0.5003111
1983-02-01,0.016310979235820422,1358.3423370381809,0.6469942375186752,0.008819133767160366,1.1920929e-07,1.1920929e-07,0.0,9.983997,1.475,-4.14,7.09,325.5,440.0,0.07746349296194766,0.44472098
1983-02-02,0.007584843134308558,1369.5564898467649,0.8560685716285136,0.0039361772684977665,1.1920929e-07,17.9,17.9,9.983997,5.52,-0.91,11.95,253.58,568.08,0.10827114923319818,1.0747423
1983-02-03,0.00410862597614596,1382.6992424091732,1.105300780625843,0.002096509070903399,1.1920929e-07,11.19,11.19,10.079997,9.155,4.58,13.73,215.26,847.06,0.16030123604651172,2.3440502
1983-02-04,0.0024708667983414454,1386.5349858300142,0.6847591078437055,0.001250695579529822,1.1920929e-07,1.1920929e-07,0.0,10.079997,1.865,-2.84,6.57,303.96,496.22,0.17975275482710032,1.0376823
1983-02-05,-0.09604081957324079,1385.657544930231,0.480545767404749,1.1920928955078125e-07,1.1920929e-07,1.1920929e-07,0.0,10.079997,-3.21,-6.87,0.45,266.36,361.81,0.17510463493551434,0.71340656
1983-02-06,0.36089804734808467,1385.0029575638569,0.5006521274201823,1.1920928955078125e-07,0.99999994,1.1920929e-07,1.0,10.176,-2.76,-4.97,-0.55,177.33,432.11,0.17171550254695897,0.6578164
1983-02-07,3.1153565286104983,1384.6177993637955,0.5659287121866946,1.1920928955078125e-07,1.7257626,3.3042376,5.03,10.176,-1.015,-4.78,2.75,211.11,437.23,0.1697520777460645,0.6578164
1983-02-08,3.0210021750902047,1386.5018934701366,0.6216948124685572,1.203959613071313,1.1920929e-07,1.1920929e-07,0.0,10.270348,0.185,-2.91,3.28,243.9,494.1,0.17957523405292863,0.6485514
1983-02-09,2.945398351309429,1385.8131670829061,0.5373543416082955,1.1920928955078125e-07,1.1920929e-07,1.1920929e-07,0.0,10.272,-1.9,-5.99,2.19,299.35,400.0,0.1759201629199439,0.54663616
1983-02-10,2.944098710321381,1385.1518210735237,0.44088491445502154,1.1920928955078125e-07,1.1920929e-07,1.1920929e-07,0.0,10.272,-4.67,-10.12,0.78,352.84,280.34,0.17248043610425642,0.46325102
1983-02-11,15.00803137864679,1384.5664937095444,0.39716392633071523,1.1920928955078125e-07,25.77,1.1920929e-07,25.77,10.367997,-6.23,-10.47,-1.99,245.21,280.0,0.16949223646068187,0.4169259
1983-02-12,41.415820860990785,1384.003075419646,0.39540808918348525,1.1920928955078125e-07,23.04,1.1920929e-07,23.04,10.367997,-6.285,-11.41,-1.16,278.41,247.05,0.1666647968703152,0.5559012
1983-02-13,51.77429709691278,1383.4596295688903,0.3689438301999784,1.1920928955078125e-07,1.1920929e-07,1.1920929e-07,0.0,10.419894,-7.29,-16.94,2.36,436.83,160.0,0.16398228363010706,0.74120164
1983-02-14,51.76989338335079,1382.8893272526227,0.46016989119786395,1.1920928955078125e-07,1.1920929e-07,1.1920929e-07,0.0,10.464,-4.31,-11.62,3.0,419.36,244.56,0.16121362034396042,0.92650205
1983-02-15,51.77313995584208,1382.2016124060558,0.5944580469383821,1.1920928955078125e-07,1.1920929e-07,1.1920929e-07,0.0,10.464,-0.685,-9.1,7.73,429.86,303.47,0.15793705120259746,0.8338518
1983-02-16,40.286403614154736,1392.8369932830255,0.7709530633290489,28.21215057373047,1.1920929e-07,1.1920929e-07,0.0,10.559998,2.86,-1.94,7.66,345.43,525.05,0.2169674923516676,0.88944197
1983-02-17,15.339642364565261,1416.6609667228206,0.7878555765375616,15.339642364565261,1.1920929e-07,1.1920929e-07,0.0,10.559998,2.93,-1.79,7.65,343.73,536.42,0.4418998487743977,0.907972
1983-02-18,5.611032594892073,1425.0479975390754,0.8507655288483902,5.611032594892073,1.1920929e-07,1.1920929e-07,0.0,10.655997,3.85,0.13,7.57,292.54,610.5,0.5676488875103683,1.0098872
1983-02-19,2.05044768327736,1427.2006937784627,0.7829955506298283,2.050447680725437,1.1920929e-07,1.1920929e-07,0.0,10.655997,2.595,-3.85,9.04,406.93,456.78,0.6053327058813183,1.2137177
1983-02-20,0.7478967389143275,1427.1470434571354,0.719835807414468,0.7474731985291044,1.1920929e-07,1.1920929e-07,0.0,10.655997,1.36,-6.1,8.82,431.21,390.72,0.6043638055688122,1.3248979
1983-02-21,0.2756289262282735,1426.2587234931193,0.8392217004445761,0.25916493863639994,1.1920929e-07,1.1920929e-07,0.0,10.752,3.5,-4.15,11.15,433.58,443.35,0.5885447141153984,1.1673925
1983-02-22,0.11281636498293261,1424.9247422095677,0.9975327137440037,0.08523274659442252,1.1920929e-07,1.1920929e-07,0.0,10.752,6.115,0.01,12.22,395.86,603.51,0.5655636907740609,1.6769687
1983-02-23,0.05414025652058098,1423.4239641580623,0.97635438935198,0.034224147573258284,1.1920929e-07,1.1920929e-07,0.0,10.848002,5.67,1.34,10.0,323.8,666.86,0.5407800936136047,2.723916
1983-02-24,0.028445388174924997,1422.033439667663,0.8017779058758402,0.016232014082805564,1.1920929e-07,1.1920929e-07,0.0,10.848002,2.735,-2.5,7.97,370.71,520.0,0.5187875538561924,2.6034706
1983-02-25,0.016097314279101303,1420.739249823311,0.7878679612497977,0.008695070718118446,1.1920929e-07,1.1920929e-07,0.0,10.944003,2.36,-1.71,6.43,312.7,543.5,0.49912300424663153,2.0660994
1983-02-26,0.012413956720648192,1419.542171458578,0.6414197312536571,1.1920928955078125e-07,1.1920929e-07,1.1920929e-07,0.0,10.944003,-0.62,-5.63,4.39,365.87,404.19,0.4815982327740936,1.6121135
1983-02-27,0.03342348269846669,1418.4043465868858,0.6729833181966299,0.011797768584377612,1.1920929e-07,1.1920929e-07,0.0,10.946783,0.08,-7.67,7.83,450.2,346.27,0.465511626028268,1.2415127
1983-02-28,0.01883003626731774,1417.2119171483869,0.8320887338440094,0.010298833883624778,1.1920929e-07,1.1920929e-07,0.0,11.04,3.075,-4.22,10.37,440.07,440.0,0.449229340039793,1.2229826
1983-03-01,0.009362523484750416,1416.1718522502672,0.9691800596901137,0.004900243920020818,1.1920929e-07,0.67,0.67,11.04,5.37,0.86,9.88,335.44,641.18,0.43549325123241733,1.3434279
1983-03-02,0.0046371147776463435,1416.1916825104934,1.2252676102669298,0.00237230484179989,1.1920929e-07,2.44,2.44,11.136,8.835,3.71,13.96,321.16,799.2,0.4357511794451643,1.6769687
1983-03-03,0.002209187183240692,1415.9071541330084,1.321805584570447,0.0011167943654344168,1.1920929e-07,1.1920929e-07,0.0,11.136,10.025,3.38,16.67,417.14,783.2,0.43206496046005255,1.2044526
1983-03-04,0.0002356525785095539,1414.4016192982256,1.4637260934644751,0.00011796511953492628,1.1920929e-07,1.1920929e-07,0.0,11.232,11.52,2.19,20.85,466.81,720.0,0.41307274636102775,1.0098872
1983-03-05,-0.0007665767384473551,1412.4266290006324,1.4833913046449216,1.1920928955078125e-07,1.1920929e-07,1.1920929e-07,0.0,11.232,11.755,3.82,19.69,444.52,799.81,0.38941845962973465,0.907972
1983-03-06,-0.0005682450560211907,1411.1753630454596,1.2324392119124132,1.1920928955078125e-07,1.1920929e-07,1.1920929e-07,0.0,11.328,8.715,3.93,13.5,342.95,800.16,0.3751380992120279,0.8338518
1983-03-07,-0.0002967805315611093,1414.2412611317693,1.3438674801400918,1.1920928955078125e-07,1.1920929e-07,8.09,8.09,11.328,10.035,6.11,13.96,219.25,929.18,0.4110996932629057,1.2507777
1983-03-08,-0.0001523406461266184,1424.2380870300713,1.1611878371765292,1.1920928955078125e-07,1.1920929e-07,15.9,15.9,11.423997,7.52,3.13,11.91,234.35,769.51,0.5540864822312545,3.0389266
1983-03-09,-8.564127919916528e-05,1436.0280106267571,0.9808743758202553,1.1920928955078125e-07,1.1920929e-07,9.99,9.99,11.423997,4.825,3.11,6.54,101.93,769.01,0.7878786555239555,2.779506
1983-03-10,-4.22876347425752e-05,1442.9287319972445,1.027935770885156,1.1920928955078125e-07,1.1920929e-07,7.0,7.0,11.423997,5.46,3.86,7.06,95.69,803.33,0.9681486999162691,3.0759866
1983-03-11,-2.286996626464269e-05,1444.4952844959917,1.0122647609402944,1.1920928955078125e-07,1.1920929e-07,1.1920929e-07,0.0,11.520008,5.085,3.21,6.96,148.2,776.77,1.0145087507693875,1.880799
1983-03-12,-6.638268707905464e-06,1443.8985507696054,0.963907014765162,1.1920928955078125e-07,1.1920929e-07,1.1920929e-07,0.0,11.520008,4.355,1.59,7.12,216.67,686.82,0.9965930588658749,1.4638731
1983-03-13,6.436639345658017e-06,1442.2115165529017,1.0886175620720926,3.2184232486441377e-06,1.1920929e-07,1.1920929e-07,0.0,11.616,6.085,0.01,12.16,392.11,609.84,0.9476365914446323,1.2137177
1983-03-14,1.2369080772945884e-05,1439.9929023239179,1.1926025728796812,6.184922871870374e-06,1.1920929e-07,1.1920929e-07,0.0,11.616,7.505,-0.16,15.17,432.1,600.0,0.8868960176658133,1.0654774
1983-03-15,8.781907344002312e-06,1437.7708958211997,1.40805485423738,4.391146476742528e-06,1.1920929e-07,1.1920929e-07,0.0,11.711997,9.985,2.18,17.79,432.23,720.0,0.8299646583259578,0.99135715
1983-03-16,4.709906709693023e-06,1435.704931248645,1.1988778447843544,2.3550088128995364e-06,1.1920929e-07,1.1920929e-07,0.0,11.711997,7.505,-1.19,16.2,453.67,560.0,0.7803149262522422,0.8709119
1983-03-17,2.4965822322322817e-06,1433.8331948369341,1.035385998150459,1.2483066984232458e-06,1.1920929e-07,1.1920929e-07,0.0,11.808,5.165,-0.41,10.74,380.95,600.0,0.7379022185819164,0.8153218
1983-03-18,1.4585052435818989e-06,1437.7620968440835,1.1321628241644803,7.292579398848132e-07,1.1920929e-07,11.52,11.52,11.808,6.48,2.69,10.27,216.89,744.43,0.8297466389114257,1.4731382
1983-03-19,8.470716457305819e-07,1453.6946212658602,1.5498885464059324,4.235376166912234e-07,1.1920929e-07,25.7,25.7,11.903997,11.07,7.41,14.73,208.31,1033.03,1.335196034069986,5.012376
1983-03-20,5.082951710937717e-07,1462.282022216159,1.4495286388459896,2.5414823145683824e-07,1.1920929e-07,1.04,1.04,11.903997,9.92,5.46,14.38,314.71,902.37,1.7254373808902033,1.862269
1983-03-21,3.056385839388231e-07,1468.4740434559858,1.487603641815959,1.5281952550677157e-07,1.1920929e-07,14.77,14.77,12.000003,10.135,5.92,14.35,238.47,927.18,2.0758315521040926,4.9011955
1983-03-22,1.8409887445592227e-07,1472.2167405922562,1.0451205565903838,1.1920928955078125e-07,1.1920929e-07,1.1920929e-07,0.0,12.000003,4.665,-1.46,10.79,419.74,550.29,2.3212624547587604,2.6220007
1983-03-23,0.0005162575029665275,1468.9872416804042,0.7776274428565966,0.00024627539371298383,1.1920929e-07,1.1920929e-07,0.0,12.000003,0.335,-4.27,4.94,363.96,446.38,2.107884597036264,1.7140287
1983-03-24,0.003015143495339309,1466.2327823920764,0.7113651070831631,1.1920928955078125e-07,1.1920929e-07,1.1920929e-07,0.0,12.096,-1.035,-6.37,4.3,404.76,376.34,1.9414639316534459,1.4360781
1983-03-25,0.008459591674553294,1463.6348364764324,0.7448111183369321,1.1920928955078125e-07,1.1920929e-07,1.1920929e-07,0.0,12.096,-0.35,-6.47,5.77,435.84,369.83,1.7965584709246325,1.2693077
1983-03-26,0.03164020606497482,1460.9849660595114,0.8211641259161219,0.018300641458398284,1.1920929e-07,1.1920929e-07,0.0,12.191998,0.975,-7.46,9.41,489.89,360.0,1.6598929214836584,1.1118025
1983-03-27,0.017960094029350178,1468.80813113736,1.0346224995672826,0.009784298757830337,1.1920929e-07,20.78,20.78,12.191998,4.31,-0.43,9.05,275.8,591.83,2.0966419739715465,2.0938945
1983-03-28,0.010438801170263095,1482.0201185644305,1.2172400175646534,0.0054915749009709905,1.1920929e-07,11.78,11.78,12.287997,6.515,2.46,10.57,245.88,727.58,3.1106144117545766,3.0296617
1983-03-29,0.006089962971800401,1483.2723745372425,1.2035873617149002,0.0031376719628999237,1.1920929e-07,1.1920929e-07,0.0,12.287997,6.33,2.72,9.94,306.29,746.39,3.2291214426042307,1.5750535
1983-03-30,0.003230480492964985,1480.022858473835,0.8843239127077156,0.0016413277926341147,1.1920929e-07,1.1920929e-07,0.0,12.383997,1.64,-4.5,7.78,449.59,440.0,2.9305382641412607,1.2785728
1983-03-31,0.0017662270221917692,1476.184124747549,0.988403828866991,0.0008909122030944798,1.1920929e-07,1.1920929e-07,0.0,12.383997,3.32,-1.81,8.45,406.4,536.76,2.613183677070647,1.1859226
1983-04-01,0.0010177705846749928,1472.6000426364926,1.1954108320979588,0.0005114749123911428,1.1920929e-07,1.1920929e-07,0.0,12.479998,6.1,-1.0,13.2,474.09,560.0,2.347981033343304,1.1025374
1983-04-02,0.0005954428252934378,1469.58694567175,1.3004403794225465,0.0002986077904233111,1.1920929e-07,1.1920929e-07,0.0,12.479998,7.42,1.43,13.41,440.29,674.08,2.145968217466683,1.0284172
1983-04-03,0.00035633011423052383,1476.3185029501637,1.5818320264985877,0.000178482484655163,1.1920929e-07,19.27,19.27,12.576006,10.28,4.91,15.65,311.87,872.44,2.6236895159574427,2.2050748
1983-04-04,0.00021361441213297612,1479.9114802486163,1.5316672132699805,0.00010692128381578624,1.1920929e-07,1.1920929e-07,0.0,12.576006,9.735,4.95,14.52,394.35,875.12,2.920808861218214,1.2971028
1983-04-05,0.0001282716336792276,1475.6665632474574,1.4840116874905156,6.417695086399063e-05,1.1920929e-07,1.1920929e-07,0.0,12.576006,9.285,3.37,15.2,447.22,789.26,2.5731116788396466,1.0840074
1983-04-06,7.685503228225175e-05,1471.6905483963897,1.655623592364914,3.8442282880366784e-05,1.1920929e-07,1.1920929e-07,0.0,12.672003,10.93,6.15,15.71,392.39,932.16,2.2850780079954705,1.0098872
1983-04-07,4.516643854825888e-05,1469.5578467108005,1.6407461918698198,2.2588319291970574e-05,1.1920929e-07,4.26,4.26,12.672003,10.81,8.27,13.35,177.54,1101.44,2.1441045323177947,1.0376823
1983-04-08,2.6923318134442604e-05,1474.1478867673934,1.8084892342101113,1.3463471229858777e-05,1.1920929e-07,14.16,14.16,12.768005,12.19,10.56,13.82,117.85,1284.65,2.4590407229914732,1.9085941
1983-04-09,1.5829008456506366e-05,1482.6089839478711,1.6148727567315568,7.915130622023666e-06,1.1920929e-07,11.04,11.04,12.768005,10.3,6.99,13.61,225.47,999.57,3.1657898996775935,3.1315768
1983-04-10,9.567692290289587e-06,1506.4706906465287,1.4070291214880633,4.784074996984023e-06,1.1920929e-07,44.83,44.83,12.864003,7.785,4.02,11.55,253.13,812.71,6.455064194349244,21.958097
1983-04-11,5.784702269754097e-06,1519.0068312705748,1.4891487881136116,2.892434791827899e-06,1.1920929e-07,3.27,3.27,12.864003,8.535,4.99,12.08,247.7,874.89,9.38552689223216,5.336652
1983-04-12,3.4578481113038717e-06,1510.5107918352217,1.4199498603050298,1.7289539474358349e-06,1.1920929e-07,1.1920929e-07,0.0,12.96,7.77,2.16,13.38,447.81,716.45,7.2826458078691285,3.214962
1983-04-13,2.074847716981121e-06,1502.6324748064394,1.358991053670585,1.037434620973182e-06,1.1920929e-07,1.1920929e-07,0.0,12.96,7.175,-0.1,14.45,507.39,600.0,5.756119764816039,2.4367003
1983-04-14,1.2419568307673274e-06,1496.5831837364215,1.5284971985099234,6.209822715255874e-07,1.1920929e-07,1.1920929e-07,0.0,13.05322,8.945,2.95,14.94,467.87,756.76,4.804937242449713,2.0383043
1983-04-15,7.471047987566765e-07,1511.85530764246,1.7801829327932777,3.7355379479228905e-07,1.1920929e-07,39.01,39.01,13.056,11.18,8.28,14.08,210.89,1102.12,7.5809517918030185,14.453431
1983-04-16,4.495618949476467e-07,1531.3101223849676,1.4558126599661443,2.2478145273856684e-07,1.1920929e-07,22.58,22.58,13.056,7.83,3.55,12.11,296.16,787.8,13.551811596939867,9.357671
1983-04-17,2.6750043708378943e-07,1528.2647976775231,1.217833692115046,1.3375039743310433e-07,1.1920929e-07,1.1920929e-07,0.0,13.152,5.025,-1.21,11.26,494.57,560.26,12.37394423040361,4.0117536
1983-04-18,1.5663923446294504e-07,1516.7027159346696,1.1761447163596344,1.1920928955078125e-07,1.1920929e-07,1.1920929e-07,0.0,13.152,4.615,-0.37,9.6,440.21,595.54,8.761547808748848,3.0945168
1983-04-19,9.294080480359476e-08,1507.7344436816245,1.0423934099999912,1.1920928955078125e-07,1.1920929e-07,1.1920929e-07,0.0,13.248009,2.795,-1.3,6.89,389.51,556.77,6.703287532362842,2.5478806
1983-04-20,5.5216832827261925e-08,1501.2566798559506,1.0623663296210077,1.1920928955078125e-07,1.1920929e-07,1.66,1.66,13.248009,3.14,-1.94,8.22,442.19,533.03,5.524457966998573,2.26993
1983-04-21,3.096847884493425e-08,1495.350394832589,1.3780331003435942,1.1920928955078125e-07,1.1920929e-07,1.1920929e-07,0.0,13.343997,7.015,0.38,13.65,508.21,630.29,4.631289756861244,1.9641843
1983-04-22,1.7830859575467895e-08,1489.580326432388,1.7156601101988431,1.1920928955078125e-07,1.1920929e-07,1.1920929e-07,0.0,13.343997,10.485,2.85,18.12,525.58,748.06,3.8983477331563083,1.7232938
1983-04-23,1.0677275358984002e-08,1484.1559681267336,1.8946032342165369,1.1920928955078125e-07,1.1920929e-07,1.1920929e-07,0.0,13.343997,12.12,4.17,20.07,527.58,813.88,3.315446883819826,1.5843184
1983-04-24,6.4509737352669125e-09,1497.1655303941964,1.8216031161860249,1.1920928955078125e-07,1.1920929e-07,33.03,33.03,13.439995,11.24,6.73,15.75,299.47,978.68,4.889214597390739,7.467606
1983-04-25,3.897746421299035e-09,1510.318909892231,1.332098335035994,1.1920928955078125e-07,1.1920929e-07,9.55,9.55,13.439995,6.235,3.74,8.73,193.44,799.78,7.241041314555201,4.4101496
1983-04-26,2.303938006567023e-09,1506.2125212562846,1.8832032054345964,1.1920928955078125e-07,1.1920929e-07,1.1920929e-07,0.0,13.535997,11.56,3.69,19.43,535.16,796.12,6.40549715749312,2.5849407
1983-04-27,1.3557868095234947e-09,1498.1513633734073,2.47474044770331,1.1920928955078125e-07,1.1920929e-07,1.1920929e-07,0.0,13.535997,16.08,7.83,24.33,527.88,1066.15,5.035267527603773,2.1124246
1983-04-28,7.824682938998238e-10,1490.7929912202344,3.1045345870608703,1.1920928955078125e-07,1.1920929e-07,1.1920929e-07,0.0,13.580106,19.915,10.91,28.92,524.87,1312.51,4.042084509843837,1.8900641
1983-04-29,4.395386167970306e-10,1483.8544128599463,3.3774730775762904,1.1920928955078125e-07,1.1920929e-07,1.1920929e-07,0.0,13.632,21.375,13.97,28.78,485.72,1597.47,3.285729147066535,1.6954987
1983-04-30,-2.2454150122567363e-10,1477.3201517142224,3.2275985751414025,1.1920928955078125e-07,1.1920929e-07,1.1920929e-07,0.0,13.632,20.67,15.35,25.99,410.62,1747.73,2.7033419004612194,1.5843184
1983-05-01,-1.3186639274950459e-09,1471.2183594524338,3.19842544420652,1.1920928955078125e-07,1.1920929e-07,0.38,0.38,13.727997,20.465,15.06,25.87,418.46,1725.13,2.253087628168936,1.4546082
1983-05-02,-2.629874933369653e-09,1465.6228854669978,3.285221737678507,1.1920928955078125e-07,1.1920929e-07,0.03,0.03,13.727997,20.99,16.0,25.98,397.27,1800.0,1.906429273381505,1.380488
1983-05-03,-3.945220790208062e-09,1460.6075791503317,3.2743739700776513,1.1920928955078125e-07,1.1920929e-07,1.1920929e-07,0.0,13.72965,20.99,16.04,25.94,396.39,1806.41,1.6412942118963658,1.3156328
1983-05-04,-5.051747769368841e-09,1456.2462898948534,2.568815922847611,1.1920928955078125e-07,1.1920929e-07,5.88,5.88,13.824,16.82,10.68,22.96,350.79,1294.24,1.4408969404993985,1.399018
1983-05-05,-5.736502142210554e-09,1452.6128670929795,1.9463914340235076,1.1920928955078125e-07,1.1920929e-07,1.1920929e-07,0.0,13.824,12.33,5.5,19.16,506.51,920.0,1.292759561042893,1.2322477
1983-05-06,-5.786530180091767e-09,1449.781160137128,1.8976815393547253,1.1920928955078125e-07,1.1920929e-07,1.1920929e-07,0.0,13.920003,11.845,3.69,20.0,540.62,800.0,1.1879511223911385,1.1118025
1983-05-07,-4.988878154371053e-09,1447.8250184197161,2.2718236919640034,1.1920928955078125e-07,1.1920929e-07,1.1920929e-07,0.0,13.920003,14.775,6.5,23.05,531.3,959.89,1.1205544822469307,1.0562123
1983-05-08,-3.2253866731293876e-09,1446.731282472682,2.470262199907382,1.1920928955078125e-07,1.1920929e-07,4.06,4.06,13.920003,16.165,10.0,22.33,341.41,1240.22,1.0845518820509474,1.0562123
1983-05-09,-1.419723403257412e-09,1445.5954062182832,1.7372506807927581,1.1920928955078125e-07,1.1920929e-07,3.0,3.0,14.015994,10.38,3.41,17.35,373.98,785.87,1.0483860839633534,1.1210674
1983-05-10,-1.3233813479994517e-10,1443.9722924003966,1.5739130263697556,1.1920928955078125e-07,1.1920929e-07,1.1920929e-07,0.0,14.015994,8.85,-0.3,18.0,554.45,596.76,0.99878975113711,0.9635621
1983-05-11,2.8967514986157823e-10,1441.625677095533,1.869298052708731,1.1920928955078125e-07,1.1920929e-07,1.1920929e-07,0.0,14.015994,11.585,2.31,20.86,547.89,720.0,0.9312046805763491,0.907972
1983-05-12,1.5130337657985689e-10,1438.29027142757,1.992026795809961,1.1920928955078125e-07,1.1920929e-07,1.1920929e-07,0.0,14.111998,12.53,3.45,21.61,539.36,796.08,0.842935654779086,0.8709119
1983-05-13,4.034994555238282e-11,1434.6887621172264,2.1122147894432737,1.1920928955078125e-07,1.1920929e-07,1.1920929e-07,0.0,14.111998,13.515,4.17,22.86,541.73,813.52,0.7569951388183258,0.8523819
1983-05-14,-1.7955386501677565e-11,1432.0909523523064,2.507602612580928,1.1920928955078125e-07,1.1920929e-07,1.1920929e-07,0.0,14.111998,16.355,7.23,25.48,527.46,1018.22,0.7004979775964871,0.8338518
1983-05-15,-1.5384714260142134e-11,1434.0331724274242,3.1714336394292544,1.1920928955078125e-07,1.1920929e-07,11.31,11.31,14.208003,20.17,14.94,25.4,273.9,1698.99,0.7423213589008673,0.9635621
1983-05-16,-9.160531708292641e-12,1451.1389136596758,2.2210280095778554,1.1920928955078125e-07,1.1920929e-07,27.74,27.74,14.208003,14.035,7.15,20.92,345.6,1011.79,1.237099906632396,2.2143397
1983-05-17,-5.450909043676825e-12,1467.569466612524,1.5962118668655463,1.1920928955078125e-07,1.1920929e-07,12.37,12.37,14.208003,8.605,0.95,16.26,375.49,640.0,2.0205161200012536,2.5478806
1983-05-18,-3.170844146413078e-12,1471.2960452193072,1.9287184246743716,1.1920928955078125e-07,1.1920929e-07,1.1920929e-07,0.0,14.304006,11.435,3.5,19.37,501.98,800.0,2.2583198210796267,1.2322477
1983-05-19,-1.4022343154499993e-12,1474.1038994311507,2.2630527688599784,1.1920928955078125e-07,1.1920929e-07,8.23,8.23,14.304006,13.975,8.53,19.42,289.79,1122.19,2.455813205171965,1.1488625
1983-05-20,-3.162672007589146e-13,1478.395048763711,2.9673142277369586,1.1920928955078125e-07,1.1920929e-07,10.94,10.94,14.304006,18.41,12.9,23.92,283.21,1472.49,2.791510936666824,1.7881489
1983-05-21,-9.079441425691427e-14,1484.3920556613853,3.3362686122672303,1.1920928955078125e-07,1.1920929e-07,14.74,14.74,14.397217,20.22,15.62,24.82,253.62,1769.48,3.338900356241775,2.6497958
1983-05-22,-2.222486151974248e-14,1488.1174658603254,2.6468716657492677,1.1920928955078125e-07,1.1920929e-07,9.68,9.68,14.399997,16.28,12.94,19.62,191.23,1475.38,3.7317404853807448,4.9567857
1983-05-23,3.881572335342617e-14,1488.8783923080482,3.3080376876216033,1.1920928955078125e-07,1.1920929e-07,16.51,16.51,14.399997,20.02,14.87,25.17,273.71,1698.8,3.817495082118418,4.132199
1983-05-24,7.429061522404589e-14,1486.87136506957,3.1583403756336126,1.1920928955078125e-07,1.1920929e-07,1.1920929e-07,0.0,14.399997,19.255,12.42,26.09,447.38,1433.41,3.5954483198010285,2.1031597
1983-05-25,6.619949188826699e-14,1482.2938608437016,2.4169752099850514,1.1920928955078125e-07,1.1920929e-07,1.1920929e-07,0.0,14.495997,14.74,6.6,22.88,502.57,968.04,3.1361428664128996,1.7140287
1983-05-26,3.0800643291555484e-14,1476.345770350104,2.7896958290696467,1.1920928955078125e-07,1.1920929e-07,4.7,4.7,14.495997,17.175,10.99,23.36,373.19,1319.49,2.6258264612262505,1.5287284
1983-05-27,-1.7907028314305763e-15,1471.0024907545433,2.2696583131120054,1.1920928955078125e-07,1.1920929e-07,4.93,4.93,14.495997,13.84,6.76,20.92,398.1,981.18,2.238612269488077,1.4824033
1983-05-28,-2.295874278387973e-14,1467.7767934164317,2.124209464896888,1.1920928955078125e-07,1.1920929e-07,1.1920929e-07,0.0,14.495997,12.805,5.74,19.87,476.17,920.0,2.033062635119625,1.2693077
1983-05-29,-2.4087672868980463e-14,1468.1814496951815,2.5248641078354943,1.1920928955078125e-07,1.1920929e-07,7.38,7.38,14.592003,15.505,11.54,19.47,229.04,1363.32,2.057775536333055,1.334163
1983-05-30,-1.2707675906575702e-14,1468.3479080443842,3.072232264581858,1.1920928955078125e-07,1.1920929e-07,3.03,3.03,14.592003,18.775,14.81,22.74,246.5,1690.17,2.068028365111798,1.2878379
1983-05-31,-3.847366813973669e-15,1464.8752842543902,2.880407359923221,1.1920928955078125e-07,1.1920929e-07,1.1920929e-07,0.0,14.592003,17.73,12.01,23.45,407.49,1400.41,1.8643456612162608,1.1395975
1983-06-01,5.699623479121785e-16,1460.2503244582492,2.3676418446833294,1.1920928955078125e-07,1.1920929e-07,1.1920929e-07,0.0,14.592003,14.54,8.09,20.99,450.31,1087.04,1.6238797291846918,1.0654774
1983-06-02,4.936612983836933e-16,1456.3193744301561,2.3859673732147515,1.1920928955078125e-07,1.1920929e-07,1.1920929e-07,0.0,14.592003,14.71,7.71,21.71,470.76,1057.07,1.444044636436164,0.99135715
1983-06-03,2.070654852344072e-16,1453.1957007575054,2.855705226390141,1.1920928955078125e-07,1.1920929e-07,1.1920929e-07,0.0,14.688,17.61,11.2,24.02,436.89,1335.69,1.3154533568874496,0.93576705
1983-06-04,4.5526563662385755e-17,1452.0889908329432,3.2667998391918434,1.1920928955078125e-07,1.1920929e-07,6.77,6.77,14.688,19.895,15.58,24.21,237.84,1766.31,1.27269568941356,1.0747423
1983-06-05,1.8700919634746272e-17,1452.6775431415188,3.1978649613596297,1.1920928955078125e-07,1.1920929e-07,4.26,4.26,14.688,19.525,12.68,26.37,353.8,1454.52,1.295258416094988,1.1951876
1983-06-06,5.402215810068085e-18,1450.364365108346,3.5911305440316115,1.1920928955078125e-07,1.1920929e-07,1.1920929e-07,0.0,14.688,21.54,15.2,27.88,426.77,1735.76,1.2088184560500759,0.917237
1983-06-07,-4.2758822165647425e-18,1446.1253132704342,3.5548087348341424,1.1920928955078125e-07,1.1920929e-07,0.52,0.52,14.688,21.415,16.09,26.74,369.53,1824.98,1.0651055190467893,0.8616469
1983-06-08,-7.209258630514371e-18,1441.504382222423,3.2211776919155173,1.1920928955078125e-07,1.1920929e-07,1.1920929e-07,0.0,14.688,19.78,14.0,25.56,409.49,1600.0,0.9278383106669869,0.80605674
1983-06-09,-4.0261426107267844e-18,1437.5606449946285,2.8090104069035706,1.1920928955078125e-07,1.1920929e-07,1.1920929e-07,0.0,14.732102,17.465,10.06,24.87,489.36,1245.08,0.824770738090346,0.75046664
1983-06-10,-1.0826511273303219e-18,1433.848212434696,2.7931795454289907,1.1920928955078125e-07,1.1920929e-07,1.1920929e-07,0.0,14.783998,17.355,9.56,25.15,504.14,1205.04,0.7382331645421804,0.72267157
1983-06-11,7.703408240573614e-19,1430.0098387289308,3.4994036210543027,1.1920928955078125e-07,1.1920929e-07,1.1920929e-07,0.0,14.783998,21.225,12.83,29.62,507.6,1466.44,0.6582953092342756,0.70414156
1983-06-12,9.132104289692313e-19,1425.7177371917883,3.9606960146033257,1.1920928955078125e-07,1.1920929e-07,1.1920929e-07,0.0,14.783998,23.43,15.68,31.18,480.67,1774.71,0.5791144608844842,0.6856115
1983-06-13,4.551868047969893e-19,1421.1543686455004,4.134023443396292,1.1920928955078125e-07,1.1920929e-07,1.1920929e-07,0.0,14.783998,24.24,16.83,31.65,467.47,1906.51,0.5053479371728209,0.6670815
1983-06-14,1.3026987321189024e-19,1416.5242343754587,4.199400535779054,1.1920928955078125e-07,1.1920929e-07,1.1920929e-07,0.0,14.783998,24.575,17.1,32.05,465.89,1941.04,0.44009944739002516,0.6392864
1983-06-15,1.1862787978526126e-20,1411.874121656222,4.260686753731726,1.1920928955078125e-07,1.1920929e-07,1.1920929e-07,0.0,14.783998,24.89,17.74,32.04,452.74,2038.36,0.3830470178512709,0.75973165
1983-06-16,6.904421319966333e-21,1407.2594864114574,4.2539469422692395,1.1920928955078125e-07,1.1920929e-07,1.1920929e-07,0.0,14.783998,24.92,17.87,31.97,449.68,2059.36,0.33374394088157433,0.79679173
1983-06-17,3.983079439832839e-21,1402.7844913324498,4.248789811456225,1.1920928955078125e-07,1.1920929e-07,1.1920929e-07,0.0,14.783998,24.955,17.92,31.99,449.77,2064.31,0.29200173366230336,0.6485514
1983-06-18,2.3136666875390315e-21,1408.8898405191983,4.052135075042913,1.1920928955078125e-07,1.1920929e-07,17.45,17.45,14.783998,24.04,17.95,30.13,310.71,2066.91,0.3503922130940584,1.4916682
1983-06-19,1.33740579912135e-21,1424.1023437808517,3.693361993058906,1.1920928955078125e-07,1.1920929e-07,20.15,20.15,14.783998,22.23,17.33,27.13,270.59,1973.4,0.5518453038751631,2.1031597
1983-06-20,7.840753761157588e-22,1435.4447477950887,3.690753363860314,1.1920928955078125e-07,1.1920929e-07,14.48,14.48,14.783998,22.08,17.8,26.36,242.02,2048.01,0.7742764941182294,2.9926016
1983-06-21,4.635186373424708e-22,1447.6514848640254,3.3636434597772986,1.1920928955078125e-07,1.1920929e-07,20.99,20.99,14.783998,20.335,16.56,24.11,220.74,1875.57,1.1147634999275295,3.8079233
1983-06-22,2.711328166305518e-22,1449.9898001666193,3.390795542904231,1.1920928955078125e-07,1.1920929e-07,0.02,0.02,14.783998,20.445,14.45,26.44,424.67,1644.57,1.1953746456346626,1.2137177
1983-06-23,1.6088443888090893e-22,1445.72158294546,3.5020820802323978,1.1920928955078125e-07,1.1920929e-07,1.1920929e-07,0.0,14.783998,21.05,13.0,29.1,499.24,1480.0,1.0523432043986811,0.92650205
1983-06-24,9.212822146696298e-23,1440.9605666341067,4.035106108809098,1.1920928955078125e-07,1.1920929e-07,1.1920929e-07,0.0,14.783998,23.57,15.87,31.27,477.55,1789.98,0.9128944337487979,0.8245868
1983-06-25,5.333668072474603e-23,1436.2451053689967,4.044864251751645,1.1920928955078125e-07,1.1920929e-07,1.1920929e-07,0.0,14.783998,23.67,16.38,30.96,462.31,1860.26,0.7930022810487348,0.75046664
1983-06-26,2.6095635713936194e-23,1432.0883645143288,3.327482278356688,1.1920928955078125e-07,1.1920929e-07,1.1920929e-07,0.0,14.783998,20.335,11.62,29.05,517.43,1369.92,0.7004438538790152,0.6670815
1983-06-27,1.2290675607165921e-23,1427.683946755069,4.20386955922305,1.1920928955078125e-07,1.1920929e-07,1.1920929e-07,0.0,14.783998,24.455,16.55,32.36,475.99,1884.15,0.6141303437559772,0.6300214
1983-06-28,7.388670812615191e-24,1421.9858674242987,4.783074015516673,1.1920928955078125e-07,1.1920929e-07,1.1920929e-07,0.0,14.783998,26.83,21.52,32.14,354.11,2562.55,0.5180511853473677,0.70414156
1983-06-29,4.4660077398243286e-24,1432.588262902257,3.6632885761287795,1.1920928955078125e-07,1.1920929e-07,28.45,28.45,14.783998,21.985,15.01,28.96,337.61,1713.54,0.7109770617650991,4.715895
1983-06-30,2.701203877234664e-24,1441.6533299208295,3.183081972922449,1.1920928955078125e-07,1.1920929e-07,1.1920929e-07,0.0,14.783998,19.465,14.24,24.69,376.68,1626.09,0.9319738542132775,1.0562123
1983-07-01,1.6262502053834679e-24,1437.3477318030975,3.756779983858885,1.1920928955078125e-07,1.1920929e-07,1.1920929e-07,0.0,14.783998,22.365,16.77,27.96,387.37,1902.24,0.8195441709325513,0.8616469
1983-07-02,6.886196350456316e-25,1432.6501097868488,4.550087146362442,1.1920928955078125e-07,1.1920929e-07,1.1920929e-07,0.0,14.783998,25.8,19.29,32.31,414.83,2246.4,0.7122911813772688,0.7875267
1983-07-03,-7.254190531096585e-25,1428.0154909392263,4.881653269668685,1.1920928955078125e-07,1.1920929e-07,1.1920929e-07,0.0,14.781217,27.125,20.5,33.75,412.23,2400.0,0.6202399576453781,0.70414156
1983-07-04,-2.2715700296406324e-24,1423.5312762148728,4.949802418814034,1.1920928955078125e-07,1.1920929e-07,1.1920929e-07,0.0,14.689652,27.545,21.45,33.64,384.49,2551.31,0.5425155975229312,0.6392864
1983-07-05,-3.5694753272348585e-24,1419.265336854224,4.130855616507681,1.1920928955078125e-07,1.1920929e-07,2.73,2.73,14.688,24.365,18.82,29.91,315.55,2173.37,0.47763388225315373,0.907972
1983-07-06,-4.2387769785799046e-24,1415.2855440977157,3.304504099855944,1.1920928955078125e-07,1.1920929e-07,1.1920929e-07,0.0,14.688,20.53,15.96,25.1,337.38,1796.56,0.4241197854191207,1.1395975
1983-07-07,-3.8991170163633374e-24,1411.6597691857835,2.7361909688391246,1.1920928955078125e-07,1.1920929e-07,1.1920929e-07,0.0,14.688,17.38,10.0,24.76,482.68,1240.29,0.3806032948429321,0.6948765
1983-07-08,-1.5379884570275198e-24,1408.353198213927,3.1012032488321664,1.1920928955078125e-07,1.1920929e-07,1.1920929e-07,0.0,14.688,19.53,11.59,27.47,491.45,1366.96,0.3448225995114106,0.6114913
1983-07-09,5.651210710058312e-24,1404.8856414509592,3.562952333670542,1.1920928955078125e-07,1.1920929e-07,1.1920929e-07,0.0,14.688,21.955,14.67,29.24,459.54,1668.6,0.31090762382107184,0.57443124
1983-07-10,1.6516657273165298e-23,1401.1982217140653,3.1090754714578535,1.1920928955078125e-07,1.1920929e-07,1.1920929e-07,0.0,14.636108,19.72,12.0,27.44,483.42,1399.98,0.2784941161593461,0.54663616
1983-07-11,2.9376055246108506e-23,1397.3045145528297,3.1386063533292163,1.1920928955078125e-07,1.1920929e-07,1.1920929e-07,0.0,14.592003,19.98,12.0,27.96,490.82,1400.0,0.24792807900066746,0.5003111
1983-07-12,4.2547108642703e-23,1393.2180955168367,3.6839696211176567,1.1920928955078125e-07,1.1920929e-07,1.1920929e-07,0.0,14.592003,22.795,13.86,31.73,504.25,1588.45,0.21945045303030944,0.49104607
1983-07-13,5.434752147676383e-23,1388.9525401556707,4.352797624571921,1.1920928955078125e-07,1.1920929e-07,1.1920929e-07,0.0,14.592003,25.795,18.86,32.73,426.52,2178.16,0.193207668318123,0.47251603
1983-07-14,6.309499776210604e-23,1384.5214240189164,3.957176693082964,1.1920928955078125e-07,1.1920929e-07,1.1920929e-07,0.0,14.592003,24.16,16.1,32.22,473.16,1815.41,0.16926430585949065,0.43545595
1983-07-15,6.710724151254474e-23,1379.9383226561574,4.498335739372369,1.1920928955078125e-07,1.1920929e-07,1.1920929e-07,0.0,14.540109,26.565,18.27,34.86,465.98,2101.91,0.14761673440964893,0.4169259
1983-07-16,6.4701956741895e-23,1375.2168116169787,5.0115091894514885,1.1920928955078125e-07,1.1920929e-07,1.1920929e-07,0.0,14.495997,28.64,21.51,35.77,415.32,2561.58,0.12820678886504847,0.4076609
1983-07-17,5.419684746397187e-23,1370.3704664509646,5.065350011782194,1.1920928955078125e-07,1.1920929e-07,1.1920929e-07,0.0,14.495997,28.9,22.5,35.3,384.81,2720.17,0.11093477536597936,0.38913086
1983-07-18,1.6335762818544143e-23,1365.4306605895333,4.752849415844785,1.1920928955078125e-07,1.1920929e-07,1.1920929e-07,0.0,14.495997,27.805,20.84,34.77,413.43,2454.23,0.09572215655471561,0.37060082
1983-07-19,-2.1338276929234747e-22,1360.5824438647082,4.47255516577674,1.1920928955078125e-07,1.1920929e-07,1.1920929e-07,0.0,14.4441,26.835,20.84,32.83,375.62,2453.84,0.08282184313513263,0.36133578
1983-07-20,-6.423043642818214e-22,1355.8644571045015,4.322776052113147,1.1920928955078125e-07,1.1920929e-07,1.1920929e-07,0.0,14.399997,26.34,19.7,32.98,403.82,2295.62,0.07193926895063425,0.37060082
1983-07-21,-1.229466188034346e-21,1351.2677263293922,4.361214573846011,1.1920928955078125e-07,1.1920929e-07,4.9,4.9,14.399997,26.56,18.76,34.36,330.81,2161.38,0.06271327695035679,0.37060082
1983-07-22,-1.9339054064343897e-21,1346.783277559859,3.9010441684236454,1.1920928955078125e-07,1.1920929e-07,2.97,2.97,14.399997,24.63,16.49,32.77,352.68,1870.14,0.05485408146088168,0.36133578
1983-07-23,-2.7146591853664216e-21,1342.4021368163817,3.136547917903521,1.1920928955078125e-07,1.1920929e-07,1.1920929e-07,0.0,14.305658,20.995,12.49,29.5,486.32,1438.93,0.048128021774078676,0.3242757
1983-07-24,-3.530764690714909e-21,1338.115330119439,3.9235421584048096,1.1920928955078125e-07,1.1920929e-07,3.62,3.62,14.304006,24.965,18.47,31.46,331.56,2122.47,0.0423457977857485,0.38913086
1983-07-25,-4.3412590883643215e-21,1333.9138834895102,3.70351871893543,1.1920928955078125e-07,1.1920929e-07,1.1920929e-07,0.0,14.304006,24.0,16.5,31.5,440.9,1880.0,0.037353345498045316,0.35207078
1983-07-26,-5.105179544199126e-21,1329.7888229470743,3.364091502932946,1.1920928955078125e-07,1.1920929e-07,1.1920929e-07,0.0,14.301225,22.375,14.84,29.91,449.64,1695.02,0.033024724302823306,0.33354074
1983-07-27,-5.781563224103792e-21,1325.7311745126106,3.6250814142562127,1.1920928955078125e-07,1.1920929e-07,1.1920929e-07,0.0,14.208003,23.85,15.3,32.4,474.12,1743.97,0.02925654515827089,0.30574566
1983-07-28,-6.329447293962791e-21,1321.731964206598,3.933761298463469,1.1920928955078125e-07,1.1920929e-07,1.1920929e-07,0.0,14.208003,25.35,17.5,33.2,442.95,1999.58,0.025963584801756402,0.29648066
1983-07-29,-6.707868919660586e-21,1317.7822180495154,3.985214033170547,1.1920928955078125e-07,1.1920929e-07,1.1920929e-07,0.0,14.208003,25.635,18.0,33.27,433.06,2080.0,0.02307531723583124,0.2779506
1983-07-30,-6.875865267081646e-21,1313.8729620618424,4.374339692814903,1.1920928955078125e-07,1.1920929e-07,1.1920929e-07,0.0,14.111998,27.485,20.54,34.43,395.25,2405.88,0.02053315793276058,0.26868558
1983-07-31,-6.792473502110445e-21,1309.995222264058,4.216604066014153,1.1920928955078125e-07,1.1920929e-07,1.1920929e-07,0.0,14.111998,26.875,19.07,34.68,427.31,2211.41,0.018288264329353595,0.25942057
1983-08-01,-6.416730790631451e-21,1306.1400246766411,4.078686294884575,1.1920928955078125e-07,1.1920929e-07,1.17,1.17,14.111998,26.33,19.54,33.12,361.64,2277.23,0.016299772433530427,0.25942057
1983-08-02,-5.7076742985291254e-21,1302.298395320071,3.7723053150577304,1.1920928955078125e-07,1.1920929e-07,0.22,0.22,14.015994,25.11,18.19,32.03,395.43,2095.57,0.014533376799626857,0.25015554
1983-08-03,-4.624341191687937e-21,1298.4613602148268,3.6825463639581,1.1920928955078125e-07,1.1920929e-07,1.1920929e-07,0.0,14.015994,24.735,17.89,31.58,398.75,2062.33,0.012960181992397613,0.25015554
1983-08-04,-3.094573156275245e-21,1294.6246800943363,3.834539555076104,1.1920928955078125e-07,1.1920929e-07,1.1920929e-07,0.0,14.013214,25.51,18.94,32.08,382.03,2190.15,0.011557403341134209,0.38913086
1983-08-05,1.2028479268407637e-21,1291.1576611133523,3.866463143065299,1.1920928955078125e-07,1.1920929e-07,19.12,19.12,13.920003,25.825,19.54,32.11,274.11,2283.07,0.010420843974740433,0.28721562
1983-08-06,8.657572080773066e-21,1288.2382166688096,3.6469998426129595,1.1920928955078125e-07,1.1920929e-07,4.2,4.2,13.920003,24.825,19.0,30.65,262.22,2200.03,0.009550937465930078,0.70414156
1983-08-07,1.7812036018110318e-20,1285.7837123475297,3.8884649324523917,1.1920928955078125e-07,1.1920929e-07,1.1920929e-07,0.0,13.824,26.125,19.77,32.48,369.18,2301.89,0.008876015680504851,0.44472098
1983-08-08,2.720867645144119e-20,1283.7115137363342,4.0319796674395585,1.1920928955078125e-07,1.1920929e-07,1.1920929e-07,0.0,13.824,26.805,19.65,33.96,398.1,2290.35,0.00834348592893379,0.3150107
1983-08-09,3.5389930093354335e-20,1281.9389864220443,4.056690075583619,1.1920928955078125e-07,1.1920929e-07,1.1920929e-07,0.0,13.824,26.94,20.0,33.88,388.94,2323.62,0.007913396005440556,0.2779506
1983-08-10,4.0898233656438395e-20,1280.383495991482,3.402071997967092,1.1920928955078125e-07,1.1920929e-07,1.1920929e-07,0.0,13.727997,23.95,15.99,31.91,439.56,1799.05,0.007554271897433988,0.25015554
1983-08-11,4.227602385328206e-20,1278.9624080314686,3.6603505220912322,1.1920928955078125e-07,1.1920929e-07,6.83,6.83,13.727997,25.265,19.52,31.01,308.43,2281.99,0.007240443062452004,0.24089052
1983-08-12,3.8065737396473994e-20,1277.5930881288257,3.0047398902881812,1.1920928955078125e-07,1.1920929e-07,10.43,10.43,13.6761,21.885,17.68,26.09,209.15,2028.2,0.006950386532088851,0.47251603
1983-08-13,2.6586860007909842e-20,1276.190125985683,2.3019619280181756,1.1920928955078125e-07,1.1920929e-07,0.47,0.47,13.632,17.425,13.18,21.67,297.51,1513.3,0.006665251304103449,0.33354074
1983-08-14,-1.0151511351795727e-20,1274.4592549152967,2.3098656553852885,1.1920928955078125e-07,1.1920929e-07,1.1920929e-07,0.0,13.632,17.505,10.34,24.67,443.34,1267.15,0.006329538605903494,0.29648066
1983-08-15,-7.39943911671001e-20,1272.288851314211,2.466448861190373,1.1920928955078125e-07,1.1920929e-07,1.1920929e-07,0.0,13.535997,18.755,10.53,26.98,471.84,1282.25,0.005932368097607484,0.2779506
1983-08-16,-1.524466452305594e-19,1269.7422330230904,2.7965708847229154,1.1920928955078125e-07,1.1920929e-07,1.1920929e-07,0.0,13.535997,20.93,13.0,28.86,452.78,1479.81,0.005498012130841283,0.26868558
1983-08-17,-2.3301313933472987e-19,1266.8827178826002,3.096449782273688,1.1920928955078125e-07,1.1920929e-07,1.1920929e-07,0.0,13.44165,22.855,14.93,30.78,442.65,1708.51,0.005048076345738113,0.25015554
1983-08-18,-3.0319873927216763e-19,1263.773623733405,3.5290788146146834,1.1920928955078125e-07,1.1920929e-07,3.13,3.13,13.439995,25.205,19.44,30.97,268.3,2270.52,0.004600550530417094,0.25942057
1983-08-19,-3.5050831083542897e-19,1260.4782684161698,3.6926212747979985,1.1920928955078125e-07,1.1920929e-07,1.1920929e-07,0.0,13.439995,26.06,19.96,32.16,357.47,2317.89,0.0041694466215011225,0.26868558
1983-08-20,-3.6244671981706987e-19,1257.059969771559,4.166364633877013,1.1920928955078125e-07,1.1920929e-07,1.1920929e-07,0.0,13.343997,28.42,19.5,37.34,440.31,2227.02,0.0037648944575539404,0.25015554
1983-08-21,-3.2651883200964657e-19,1253.5820456402382,3.6922528926612195,1.1920928955078125e-07,1.1920929e-07,1.1920929e-07,0.0,13.343997,26.285,16.1,36.47,478.7,1730.31,0.003393548189971585,0.21309547
1983-08-22,-2.277881589064503e-19,1250.107560116964,3.4362160958679184,1.1920928955078125e-07,1.1920929e-07,1.1920929e-07,0.0,13.248009,25.18,15.9,34.46,463.64,1687.35,0.0030591433231564667,0.20383045
1983-08-23,1.4180539759300643e-19,1246.6674742557568,3.6556471780675,1.1920928955078125e-07,1.1920929e-07,1.1920929e-07,0.0,13.248009,26.335,18.73,33.94,405.18,2116.39,0.0027605250599191575,0.22236049
1983-08-24,8.232031227005807e-19,1243.2716411397332,2.9857954182063327,1.1920928955078125e-07,1.1920929e-07,1.1920929e-07,0.0,13.196108,22.87,17.07,28.67,348.74,1930.94,0.002494350019550308,0.20383045
1983-08-25,1.6941255661980733e-18,1239.9392882591915,3.0071559081933916,1.1920928955078125e-07,1.1920929e-07,1.1920929e-07,0.0,13.152,23.1,16.7,29.5,374.58,1895.21,0.0022581160399732696,0.22236049
1983-08-26,2.6322932778672835e-18,1236.689643104431,2.985584998678035,1.1920928955078125e-07,1.1920929e-07,1.1920929e-07,0.0,13.152,23.02,15.36,30.68,423.01,1684.3,0.002049309718188764,0.21309547
1983-08-27,3.515426807490012e-18,1233.5419331657504,3.385000025505293,1.1920928955078125e-07,1.1920929e-07,1.1920929e-07,0.0,13.056,25.41,17.5,33.32,419.2,1921.47,0.0018654806702061869,0.17603539
1983-08-28,4.221246704848061e-18,1230.5153859334484,3.5808323641557207,1.1920928955078125e-07,1.1920929e-07,0.48,0.48,13.056,26.46,20.77,32.15,324.07,2432.89,0.0017042960710116702,0.18530041
1983-08-29,4.627473519723226e-18,1227.6292288978243,3.3581086744497144,1.1920928955078125e-07,1.1920929e-07,0.62,0.62,12.96,25.485,19.76,31.21,325.53,2282.65,0.0015635788739050073,0.28721562
1983-08-30,4.61182780189731e-18,1224.902689549177,3.1173468516170124,1.1920928955078125e-07,1.1920929e-07,0.86,0.86,12.96,24.205,16.7,31.71,390.69,1845.1,0.0014413330076903086,0.2779506
1983-08-31,4.052030101152113e-18,1222.3549953778052,3.0808278018114352,1.1920928955078125e-07,1.1920929e-07,5.75,5.75,12.864003,24.165,18.43,29.9,253.84,2115.98,0.0013357586164737861,0.25015554
1983-09-01,2.787466909647823e-18,1220.0034766430183,2.7833797588701783,1.1920928955078125e-07,1.1920929e-07,0.29,0.29,12.864003,22.42,15.88,28.96,371.6,1782.13,0.0012451895684784454,0.25015554
1983-09-02,-2.15742069501492e-18,1217.701325954871,2.5571622610524973,1.1920928955078125e-07,1.1920929e-07,1.1920929e-07,0.0,12.861222,20.99,13.71,28.27,410.02,1544.39,0.001162473673764661,0.25015554
1983-09-03,-1.1459495129965272e-17,1215.3369610084872,2.731544373278302,1.1920928955078125e-07,1.1920929e-07,1.1920929e-07,0.0,12.768005,22.29,14.53,30.05,418.33,1592.49,0.0010832383747232351,0.21309547
1983-09-04,-2.3521119479436663e-17,1212.8960606245314,2.911658559030256,1.1920928955078125e-07,1.1920929e-07,1.1920929e-07,0.0,12.768005,23.44,16.5,30.38,384.11,1828.95,0.001007099778632294,0.21309547
1983-09-05,-3.674465682766251e-17,1210.3643036236674,3.2564244732616197,1.1920928955078125e-07,1.1920929e-07,1.1920929e-07,0.0,12.672003,25.59,19.35,31.83,344.21,2239.41,0.0009337762251537765,0.22236049
1983-09-06,-4.953247025887627e-17,1207.7273688265602,3.4608361697341348,1.1920928955078125e-07,1.1920929e-07,1.1920929e-07,0.0,12.672003,26.72,19.24,34.2,383.12,2161.23,0.0008630764507530003,0.22236049
1983-09-07,-6.028692285731134e-17,1204.9709350538737,3.4296365865216347,1.1920928955078125e-07,1.1920929e-07,1.1920929e-07,0.0,12.576006,26.735,19.47,34.0,373.55,2192.98,0.0007948884010413936,0.15750535
1983-09-08,-6.741037770720118e-17,1202.0806811262723,2.683403218570402,1.1920928955078125e-07,1.1920929e-07,1.1920929e-07,0.0,12.576006,22.435,13.37,31.5,439.86,1440.61,0.0007291683102222651,0.17603539
1983-09-09,-6.930519789277918e-17,1199.0422858644204,2.560024370862109,1.1920928955078125e-07,1.1920929e-07,1.1920929e-07,0.0,12.479998,21.795,12.42,31.17,445.38,1355.2,0.0006659297851975817,0.15750535
1983-09-10,-6.437374649827879e-17,1195.841428088982,3.002835385164711,1.1920928955078125e-07,1.1920929e-07,1.1920929e-07,0.0,12.479998,24.635,14.18,35.09,450.84,1488.6,0.0006052327462358085,0.12971029
1983-09-11,-5.101838660793348e-17,1192.463786620622,3.4247761580636356,1.1920928955078125e-07,1.1920929e-07,1.1920929e-07,0.0,12.383997,27.175,18.4,35.95,397.6,2029.22,0.0005471721862272492,0.14824033
1983-09-12,-3.148339897275708e-17,1189.5155797231387,3.359971095270375,1.1920928955078125e-07,1.1920929e-07,1.1920929e-07,0.0,12.383997,26.875,19.21,34.54,361.61,2193.92,0.0005010650995883799,0.15750535
1983-09-13,-1.8470019466909858e-17,1192.3262802728577,2.441383727901831,1.1920928955078125e-07,1.1920929e-07,11.46,11.46,12.287997,21.34,15.64,27.04,231.44,1772.05,0.0005449302876509105,0.23162551
1983-09-14,-1.0955178109101552e-17,1195.6224458011768,1.854539641464814,1.1920928955078125e-07,1.1920929e-07,1.1920929e-07,0.0,12.287997,16.64,10.98,22.3,320.44,1318.44,0.0006012884200755364,0.25942057
1983-09-15,-6.4857532310007896e-18,1193.6012934392827,1.6916123786596462,1.1920928955078125e-07,1.1920929e-07,1.1920929e-07,0.0,12.287997,15.15,7.67,22.63,392.64,1053.56,0.0005660753474632674,0.23162551
1983-09-16,-3.812160619647415e-18,1192.023249013682,1.5757059436455456,1.1920928955078125e-07,1.1920929e-07,1.1920929e-07,0.0,12.191998,14.14,7.01,21.27,382.07,1000.42,0.0005400220502453036,0.18530041
1983-09-17,-2.255776098466385e-18,1190.2927466373374,2.14320535176647,1.1920928955078125e-07,1.1920929e-07,1.1920929e-07,0.0,12.191998,19.275,11.99,26.56,370.06,1398.3,0.0005128280821278802,0.18530041
1983-09-18,-1.2463387648255245e-18,1188.371681295179,2.0254114189106542,1.1920928955078125e-07,1.1920929e-07,1.1920929e-07,0.0,12.096,18.48,9.88,27.08,408.16,1147.33,0.0004842404278245824,0.17603539
1983-09-19,-7.189967911550468e-19,1185.9529711214377,2.745952076600354,1.1920928955078125e-07,1.1920929e-07,1.1920929e-07,0.0,12.096,23.755,15.1,32.41,393.36,1527.96,0.0004505025484985377,0.18530041
1983-09-20,-4.2989081481308253e-19,1183.209259543827,2.7419059772081242,1.1920928955078125e-07,1.1920929e-07,1.1920929e-07,0.0,12.000003,23.91,15.14,32.68,398.76,1395.27,0.0004150678693747067,0.15750535
1983-09-21,-2.590739992176804e-19,1194.2993359017325,2.65335700528438,1.1920928955078125e-07,1.1920929e-07,22.98,22.98,12.000003,23.17,16.67,29.67,242.69,1864.02,0.000577997376794446,0.14824033
1983-09-22,-1.562003945061279e-19,1210.6497074645442,1.4581326272741049,1.1920928955078125e-07,1.1920929e-07,12.85,12.85,11.903997,13.02,7.4,18.64,235.8,1032.39,0.0009417674767943733,0.33354074
1983-09-23,-9.291986010356673e-20,1215.91753395851,1.2080002348291203,1.1920928955078125e-07,1.1920929e-07,1.1920929e-07,0.0,11.903997,9.955,3.2,16.71,361.93,775.87,0.0011021797230525443,0.25015554
1983-09-24,-5.325454529788868e-20,1214.8405587176399,1.2483924738412129,1.1920928955078125e-07,1.1920929e-07,1.1920929e-07,0.0,11.808,10.615,3.08,18.15,382.65,765.33,0.0010673014781186292,0.21309547
1983-09-25,-3.137304557811314e-20,1213.5283793827682,1.2927284263266194,1.1920928955078125e-07,1.1920929e-07,1.1920929e-07,0.0,11.808,11.185,2.9,19.47,399.47,746.15,0.0010262942048044341,0.18530041
1983-09-26,-1.777410182225918e-20,1212.1774165074569,1.434198753202798,1.1920928955078125e-07,1.1920929e-07,1.1920929e-07,0.0,11.711997,12.995,5.0,20.99,385.88,866.68,0.0009857203669417875,0.21309547
1983-09-27,-9.081848060012846e-21,1210.6774944314702,1.718386029224407,1.1920928955078125e-07,1.1920929e-07,1.1920929e-07,0.0,11.711997,15.965,7.49,24.44,386.85,1019.7,0.0009425491503733195,0.19456543
1983-09-28,-1.9215841768158954e-22,1209.6063253247798,1.8812952260121794,1.1920928955078125e-07,1.1920929e-07,1.1920929e-07,0.0,11.711997,17.485,10.38,24.59,342.57,1191.46,0.0009128806240101621,0.18530041
1983-09-29,6.764680933800879e-21,1209.8912138920543,1.5511335765443846,1.1920928955078125e-07,1.1920929e-07,1.1920929e-07,0.0,11.616,14.43,6.39,22.47,373.99,895.2,0.0009206788864341967,0.17603539
1983-09-30,9.448335153662839e-21,1212.4624693623755,1.4784219195448143,1.1920928955078125e-07,1.1920929e-07,11.26,11.26,11.616,13.615,7.68,19.55,226.1,1054.26,0.000994145737817937,0.17603539
1983-10-01,6.4482898499873906e-21,1217.1783685416367,1.7241403618158342,1.1920928955078125e-07,1.1920929e-07,4.11,4.11,11.520008,16.205,13.13,19.28,124.69,1505.96,0.0011444632614357802,0.22236049
1983-10-02,3.0314212191432474e-21,1218.0037246863083,1.7872384355981608,1.1920928955078125e-07,1.1920929e-07,1.1920929e-07,0.0,11.520008,16.79,11.51,22.07,269.19,1361.13,0.0011730171936423467,0.23162551
1983-10-03,8.794133504454655e-22,1216.0676228572358,1.9120641939567815,1.1920928955078125e-07,1.1920929e-07,1.1920929e-07,0.0,11.423997,18.085,10.1,26.07,355.5,1210.29,0.001107130061514939,0.22236049
1983-10-04,3.3716186641288915e-22,1213.870335703689,2.0789610728959795,1.1920928955078125e-07,1.1920929e-07,1.1920929e-07,0.0,11.423997,19.53,10.84,28.22,365.37,1237.11,0.001036826473453908,0.21309547
1983-10-05,1.6878176227493262e-22,1211.6832025320584,2.2049566581493503,1.1920928955078125e-07,1.1920929e-07,1.1920929e-07,0.0,11.328,20.71,13.41,28.01,321.83,1515.38,0.0009712816418890588,0.19456543
1983-10-06,6.701430919231408e-23,1209.5986202672811,1.9050738026368477,1.1920928955078125e-07,1.1920929e-07,1.1920929e-07,0.0,11.328,18.255,10.88,25.63,328.25,1283.29,0.000912670633172156,0.15750535
1983-10-07,3.576779188781759e-23,1207.8778644118568,1.501496467998614,1.1920928955078125e-07,1.1920929e-07,1.1920929e-07,0.0,11.232,14.475,6.19,22.76,356.93,925.18,0.0008669634062778649,0.17603539
1983-10-08,1.757132534633748e-23,1206.374065334438,1.456966555879135,1.1920928955078125e-07,1.1920929e-07,1.1920929e-07,0.0,11.232,14.005,5.58,22.43,358.66,902.38,0.0008288973844888635,0.16677037
1983-10-09,7.783077745620443e-24,1204.8862074089402,1.5540469370110175,1.1920928955078125e-07,1.1920929e-07,1.1920929e-07,0.0,11.138781,15.215,7.65,22.78,333.14,1046.17,0.0007928800367027578,0.14824033
1983-10-10,4.589244339701797e-24,1203.312775967614,1.563483904459862,1.1920928955078125e-07,1.1920929e-07,1.1920929e-07,0.0,11.136,15.34,9.98,20.7,261.88,1238.61,0.0007564923699772769,0.15750535
1983-10-11,2.7081808898012605e-24,1202.176218331655,1.2400654045592883,1.1920928955078125e-07,1.1920929e-07,1.1920929e-07,0.0,11.136,11.605,6.38,16.83,263.47,950.67,0.0007312512672877817,0.14824033
1983-10-12,1.6208644631169887e-24,1210.8363528122973,1.5990341823932563,1.1920928955078125e-07,1.1920929e-07,16.8,16.8,11.04,15.75,11.56,19.94,159.6,1364.4,0.0009470304599280456,0.18530041
1983-10-13,9.733703090127633e-25,1220.308999354078,2.1328679397465913,1.1920928955078125e-07,1.1920929e-07,6.76,6.76,11.04,20.46,17.57,23.35,108.43,2011.38,0.0012566005180975782,0.4169259
1983-10-14,5.845979431472395e-25,1225.6860084238783,1.5070026264110565,1.1920928955078125e-07,1.1920929e-07,8.32,8.32,10.944003,14.72,6.8,22.64,252.98,984.06,0.0014754406704490935,0.28721562
1983-10-15,3.492030424300975e-25,1228.0148243625592,1.2800662840645458,1.1920928955078125e-07,1.1920929e-07,1.1920929e-07,0.0,10.944003,12.05,5.03,19.07,317.68,882.44,0.001581684542919064,0.25015554
1983-10-16,2.0217359751433065e-25,1226.7905690579632,1.2196388756201826,1.1920928955078125e-07,1.1920929e-07,1.1920929e-07,0.0,10.848002,11.435,3.93,18.94,328.37,800.0,0.0015249119254388316,0.20383045
1983-10-17,1.1428077864588267e-25,1225.5313947152772,1.3076178941038785,1.1920928955078125e-07,1.1920929e-07,1.1920929e-07,0.0,10.848002,12.565,5.64,19.49,308.66,920.0,0.0014686450656802804,0.21309547
1983-10-18,6.56279590492724e-26,1225.8318306168567,1.4474199452559913,1.1920928955078125e-07,1.1920929e-07,1.1920929e-07,0.0,10.803894,14.27,8.7,19.84,262.79,1135.95,0.0014818786797126456,0.19456543
1983-10-19,3.486297289231118e-26,1229.9817662013522,1.3397143162832348,1.1920928955078125e-07,1.1920929e-07,10.67,10.67,10.752,13.04,8.15,17.93,179.76,1092.27,0.001677357026952113,0.19456543
1983-10-20,2.0207239447003676e-26,1236.571133748819,1.1277594773880237,1.1920928955078125e-07,1.1920929e-07,4.36,4.36,10.752,10.21,7.07,13.35,125.93,1005.57,0.0020420711523814585,0.25015554
1983-10-21,1.0843537737819678e-26,1239.7712968896653,0.9830524863366022,1.1920928955078125e-07,1.1920929e-07,3.02,3.02,10.655997,8.165,4.18,12.15,177.85,820.72,0.002246817952697045,0.23162551
1983-10-22,6.18315881660428e-27,1242.0997959500755,0.9176564524322148,1.1920928955078125e-07,1.1920929e-07,1.1920929e-07,0.0,10.655997,7.075,0.5,13.65,304.48,640.0,0.00240858455005681,0.22236049
1983-10-23,3.629872374825252e-27,1261.9311730290299,1.083828738678853,1.1920928955078125e-07,1.1920929e-07,34.6,34.6,10.559998,9.55,5.95,13.15,141.96,930.5,0.004354301119970905,0.6856115
1983-10-24,2.1636151919346788e-27,1292.4708170184,1.3286999676139302,1.1920928955078125e-07,1.1920929e-07,28.72,28.72,10.559998,12.4,10.2,14.6,89.45,1255.84,0.01083754194004755,2.4459653
1983-10-25,1.2754848461240701e-27,1309.0314579199405,1.1564344341010708,1.1920928955078125e-07,1.1920929e-07,7.96,7.96,10.558345,9.995,6.32,13.67,147.73,947.68,0.017769499987178448,0.92650205
1983-10-26,7.415282253945587e-28,1312.8047779901815,1.0275002103424409,1.1920928955078125e-07,1.1920929e-07,2.24,2.24,10.464,8.245,5.17,11.32,163.11,893.78,0.019888610287299158,0.6114913
1983-10-27,4.224003851824104e-28,1312.669848150035,0.9585440869607164,1.1920928955078125e-07,1.1920929e-07,1.1920929e-07,0.0,10.464,7.175,2.13,12.22,261.67,716.36,0.019808645582521375,0.42619094
1983-10-28,2.350789286870564e-28,1311.4225375387653,1.207845487418283,1.1920928955078125e-07,1.1920929e-07,1.1920929e-07,0.0,10.367997,10.94,1.99,19.89,338.68,718.84,0.01908449665841664,0.34280574
1983-10-29,1.0791398522753887e-28,1309.9874483314497,1.4367603504073931,1.1920928955078125e-07,1.1920929e-07,1.1920929e-07,0.0,10.367997,13.74,7.02,20.46,294.48,1003.03,0.018284019861110598,0.30574566
1983-10-30,5.399959504837049e-29,1308.8598043272846,0.8393003655666141,1.1920928955078125e-07,1.1920929e-07,1.1920929e-07,0.0,10.323892,5.4,-2.65,13.45,327.52,508.09,0.017678660205939025,0.2779506
1983-10-31,1.1964688239321556e-29,1308.0003609594323,0.8014666361188281,1.1920928955078125e-07,1.1920929e-07,1.1920929e-07,0.0,10.272,4.79,-2.97,12.55,317.49,482.44,0.01723077502875491,0.26868558
1983-11-01,-3.166211383930852e-29,1307.2861476677947,0.9702441716067574,1.1920928955078125e-07,1.1920929e-07,1.1920929e-07,0.0,10.272,7.71,0.35,15.07,302.93,626.43,0.01686721951079585,0.2779506
1983-11-02,-6.47627319359518e-29,1306.6850303827503,1.1009372574183784,1.1920928955078125e-07,1.1920929e-07,1.1920929e-07,0.0,10.176,9.83,2.5,17.16,297.14,720.0,0.01656718474505096,0.26868558
1983-11-03,-7.521908679904043e-29,1306.1648750346778,1.3969620502235334,1.1920928955078125e-07,1.1920929e-07,2.74,2.74,10.176,13.635,7.68,19.59,212.88,1054.39,0.01631187105110961,0.26868558
1983-11-04,-5.293701028170668e-29,1305.697642836632,1.0145201552801613,1.1920928955078125e-07,1.1920929e-07,1.1920929e-07,0.0,10.176,8.565,0.86,16.27,301.18,646.61,0.016085890451242174,0.2779506
1983-11-05,-2.058697630218518e-29,1305.2837059945991,0.6810784510335585,1.1920928955078125e-07,1.1920929e-07,1.91,1.91,10.079997,2.675,-1.09,6.44,182.09,567.43,0.015888303349934584,0.26868558
1983-11-06,6.258186409050577e-30,1304.8258717984306,0.7433254888704898,1.1920928955078125e-07,1.1920929e-07,1.1920929e-07,0.0,10.079997,3.98,-1.6,9.56,257.92,549.79,0.015672587946683757,0.26868558
1983-11-07,2.0007724343150375e-29,1304.2005414770326,0.8527694190930614,1.1920928955078125e-07,1.1920929e-07,1.1920929e-07,0.0,10.035892,6.125,-0.04,12.29,270.46,600.0,0.015382678369669413,0.26868558
1983-11-08,1.535826147850816e-29,1303.2850047307995,0.9909836755528662,1.1920928955078125e-07,1.1920929e-07,1.1920929e-07,0.0,9.983997,8.525,0.88,16.17,294.15,642.69,0.01496787169449286,0.25942057
1983-11-09,9.153235394592712e-30,1302.2344788490545,1.07135436470121,1.1920928955078125e-07,1.1920929e-07,1.1920929e-07,0.0,9.983997,9.755,0.9,18.61,303.43,644.12,0.014505667508901265,0.25942057
1983-11-10,5.505758899911872e-30,1314.2737651518644,1.0583025437410811,1.1920928955078125e-07,1.1920929e-07,22.61,22.61,9.888,9.57,3.83,15.31,184.03,801.01,0.020780357933206005,0.30574566
1983-11-11,3.316713055380967e-30,1333.3719150161437,1.0050825869791034,1.1920928955078125e-07,1.1920929e-07,16.64,16.64,9.888,8.54,4.75,12.33,134.42,859.93,0.036753754917687856,1.797414
1983-11-12,-6.683577170210858e-15,1343.8416975724178,0.8056419602114682,1.1920928955078125e-07,1.1920929e-07,6.57,6.57,9.888,5.035,1.09,8.98,154.64,657.28,0.05024178030860272,1.2229826
1983-11-13,-3.497576717682756e-14,1345.6677869052492,0.6542159627984231,1.1920928955078125e-07,1.1920929e-07,1.1920929e-07,0.0,9.792,2.06,-2.52,6.64,213.35,518.07,0.0530571851589806,0.6207563
1983-11-14,-3.7066487703734264e-14,1344.5357216207835,0.7159122345435917,1.1920928955078125e-07,1.1920929e-07,1.1920929e-07,0.0,9.792,3.405,-1.55,8.36,224.64,555.71,0.05129376034392245,0.46325102
1983-11-15,-2.16752281254246e-14,1350.864419751863,0.7020535788998715,1.1920928955078125e-07,1.1920929e-07,10.76,10.76,9.792,3.045,-1.37,7.46,155.2,560.0,0.061962617454717324,0.44472098
1983-11-16,-1.279120685395588e-14,1359.3900958732152,0.8089594070997933,1.1920928955078125e-07,1.1920929e-07,7.39,7.39,9.698783,5.215,1.82,8.61,124.85,705.07,0.07992516261985888,0.8709119
1983-11-17,-7.470375910178622e-15,1361.2087612421642,0.8130321995396872,1.1920928955078125e-07,1.1920929e-07,1.1920929e-07,0.0,9.696003,5.275,2.55,8.0,137.35,736.63,0.08438523154289865,0.6114913
1983-11-18,-4.40701461968848e-15,1360.3539696081257,0.7821119410661624,1.1920928955078125e-07,1.1920929e-07,1.1920929e-07,0.0,9.696003,4.7,-1.03,10.43,243.67,563.02,0.0822587735042499,0.46325102
1983-11-19,-2.4052790380322382e-15,1360.163018609534,1.0569692887000017,1.1920928955078125e-07,1.1920929e-07,1.08,1.08,9.696003,9.32,3.47,15.17,233.88,797.52,0.08179111683191118,0.4169259
1983-11-20,-1.3734323607068646e-15,1359.920336602643,1.0363209004297003,1.1920928955078125e-07,1.1920929e-07,1.1920929e-07,0.0,9.6,9.17,2.34,16.0,253.83,720.0,0.0812006008617396,0.39839587
1983-11-21,-8.259281235713489e-16,1370.7177745679965,1.1759680237195245,1.1920928955078125e-07,1.1920929e-07,23.32,23.32,9.6,11.035,5.5,16.57,166.87,919.51,0.11209114536512137,1.862269
1983-11-22,-4.962995782679577e-16,1379.263032467489,1.173264381859231,1.1920928955078125e-07,1.1920929e-07,1.1920929e-07,0.0,9.6,10.9,3.0,18.8,261.33,760.0,0.144670172826931,0.8245868
1983-11-23,-2.9479643720085293e-16,1377.6372371921987,1.1738807746249365,1.1920928955078125e-07,1.1920929e-07,1.1920929e-07,0.0,9.555897,11.0,5.21,16.79,220.14,896.79,0.13781518077354213,0.6022263
1983-11-24,-1.7351054474683273e-16,1379.0290337109316,1.1434954091974172,1.1920928955078125e-07,1.1920929e-07,5.76,5.76,9.504003,10.655,8.38,12.93,75.32,1110.75,0.14366292413306572,0.57443124
1983-11-25,-1.0377792439127091e-16,1396.1836478716218,0.8487533389620148,1.1920928955078125e-07,1.1920929e-07,25.59,25.59,9.504003,5.845,-0.38,12.07,173.41,596.83,0.23976802289933288,4.660305
1983-11-26,-6.236012204311444e-17,1408.0610314514456,0.8860185158882217,1.1920928955078125e-07,1.1920929e-07,1.1920929e-07,0.0,9.504003,6.37,-0.3,13.04,236.77,599.75,0.34182761866308436,1.7881489
1983-11-27,-3.750015662163842e-17,1405.55468660567,1.0343592234241485,1.1920928955078125e-07,1.1920929e-07,1.1920929e-07,0.0,9.459894,8.855,2.0,15.71,237.01,720.0,0.31718086894761727,1.0747423
1983-11-28,-2.2554880195950723e-17,1410.6632465832315,1.0491122310388066,1.1920928955078125e-07,1.1920929e-07,12.53,12.53,9.408,9.105,5.16,13.05,122.07,892.55,0.3694455836978415,2.4737604
1983-11-29,-1.3308096145183665e-17,1423.0582550137717,0.9793105323369828,1.1920928955078125e-07,1.1920929e-07,12.44,12.44,9.408,7.9,3.68,12.12,130.91,794.49,0.5349072559136394,3.5021777
1983-11-30,-7.944016853863087e-18,1427.9964790797721,0.7612944963784082,1.1920928955078125e-07,1.1920929e-07,1.1920929e-07,0.0,9.408,4.02,-0.48,8.52,188.46,600.0,0.619887974793124,1.361958
1983-12-01,-4.6954915858130385e-18,1426.7882527012273,0.7024041229541214,1.1920928955078125e-07,1.1920929e-07,1.1920929e-07,0.0,9.408,2.835,-1.04,6.71,170.01,570.44,0.5979239526279685,1.0376823
1983-12-02,-0.0006410486171459095,1425.3070889675794,0.5245684122249027,1.1920928955078125e-07,1.1920929e-07,1.1920929e-07,0.0,9.363897,-1.325,-6.03,3.38,200.39,397.9,0.5720572184265146,0.8709119
1983-12-03,-0.0011708953140930408,1424.9956237540619,0.6534637769247443,1.1920928955078125e-07,1.1920929e-07,2.01,2.01,9.311997,1.94,-1.24,5.12,146.26,562.25,0.5667619058182272,0.8523819
1983-12-04,-0.0006778063335310764,1427.2541650524754,0.6693514180690091,1.1920928955078125e-07,1.1920929e-07,21.91,21.91,9.311997,2.27,-0.56,5.1,100.65,592.26,0.6062999182268725,3.668948
1983-12-05,-0.00033538100123594076,1431.6579824676228,0.7928770829822838,1.1920928955078125e-07,1.1920929e-07,1.1920929e-07,0.0,9.311997,4.745,1.55,7.94,146.99,684.38,0.6915004987405173,1.8715341
1983-12-06,-0.00018196700108688492,1438.2536788769355,0.8916872887266643,1.1920928955078125e-07,1.1920929e-07,11.11,11.11,9.311997,6.455,3.93,8.98,89.9,800.0,0.8420151833634996,2.260665
1983-12-07,-0.00010095502519643065,1444.3301581377584,0.7711117561616192,1.1920928955078125e-07,1.1920929e-07,6.55,6.55,9.311997,4.195,-0.57,8.96,152.24,585.73,1.0095191883566015,2.3440502
1983-12-08,-5.577472678815272e-05,1445.766286038136,0.6051627850540243,1.1920928955078125e-07,1.1920929e-07,1.1920929e-07,0.0,9.310348,0.61,-3.0,4.22,170.4,480.0,1.0537487510597152,1.3063679
1983-12-09,-3.177519562383835e-05,1444.1514197149852,0.6222346376786785,1.1920928955078125e-07,1.1920929e-07,1.1920929e-07,0.0,9.2187805,1.175,-3.5,5.85,207.45,480.0,1.004145968893313,1.1118025
1983-12-10,-1.7097051428863083e-05,1442.479249321648,0.8200058479945835,1.1920928955078125e-07,1.1920929e-07,0.05,0.05,9.216,5.295,0.23,10.36,213.5,618.2,0.9552423196698638,0.99135715
1983-12-11,-1.0130893184638013e-05,1439.9813648634426,0.7240611206509515,1.1920928955078125e-07,1.1920929e-07,1.1920929e-07,0.0,9.216,3.455,-1.33,8.24,206.1,560.0,0.8865905476706268,0.8801769
1983-12-12,-5.993610285072655e-06,1443.3530431534314,0.8385892555187984,1.1920928955078125e-07,1.1920929e-07,12.37,12.37,9.216,5.625,2.72,8.53,105.32,742.26,0.980492273348089,1.2600428
1983-12-13,-3.621826089498869e-06,1474.7572281780997,0.929183225100464,1.1920928955078125e-07,1.1920929e-07,50.94,50.94,9.216,6.86,5.22,8.5,63.32,897.32,2.5041892458520283,18.993292
1983-12-14,-2.188386215820744e-06,1502.909283323839,1.0353305572424958,1.1920928955078125e-07,1.1920929e-07,14.92,14.92,9.216,8.235,4.48,11.99,130.11,838.65,5.803890909219341,9.7282715
1983-12-15,-1.318199266754611e-06,1501.6933564112387,1.105285021137655,1.1920928955078125e-07,1.1920929e-07,1.1920929e-07,0.0,9.216,9.265,5.78,12.75,163.39,920.46,5.596959014426623,3.214962
1983-12-16,-7.869031011696807e-07,1495.6243120201086,0.8252288027250309,1.1920928955078125e-07,1.1920929e-07,1.1920929e-07,0.0,9.216,4.845,0.0,9.69,208.66,600.0,4.669322604190791,2.2328699
1983-12-17,0.0001652884563282412,1490.5840208130971,0.6127247073861566,8.18722213774312e-05,1.1920929e-07,1.1920929e-07,0.0,9.216,0.495,-3.65,4.64,190.58,466.16,4.016942705894593,1.7510889
1983-12-18,0.00037741352129810174,1486.2760804022757,0.48813072145154385,1.1920928955078125e-07,1.1920929e-07,1.1920929e-07,0.0,9.216,-2.715,-7.61,2.18,213.87,351.22,3.5321074069228633,1.4731382
1983-12-19,0.00037741852858728936,1482.4497043086271,0.4990886027327872,1.1920928955078125e-07,1.1920929e-07,1.1920929e-07,0.0,9.216,-2.365,-5.63,0.9,163.34,404.39,3.1507698804471085,1.3434279
1983-12-20,0.000377418845960509,1479.0381468700546,0.3561391866246086,1.1920928955078125e-07,1.1920929e-07,1.1920929e-07,0.0,9.216,-7.01,-10.54,-3.48,178.54,276.68,2.8456303701698955,1.1303325
1983-12-21,-8.62478800893391e-05,1475.9835118658732,0.33624129403195835,1.1920928955078125e-07,1.1920929e-07,1.1920929e-07,0.0,9.216,-7.76,-11.54,-3.98,188.91,252.85,2.5975777654919536,1.0562123
1983-12-22,12.954412243574494,1474.227459486728,0.546472540888805,1.1920928955078125e-07,8.506654,19.893347,28.4,9.216,-0.995,-6.29,4.3,190.84,378.62,2.4648900562825684,6.8746448
1983-12-23,14.805250294875105,1483.035021548147,0.4910519332491779,1.1920928955078125e-07,1.1920929e-07,1.1920929e-07,0.0,9.216,-2.6,-8.19,2.99,262.74,320.0,3.2063179418144574,2.696121
1983-12-24,15.747269303557038,1479.6016609473577,0.3010191983785716,1.1920928955078125e-07,1.93,1.1920929e-07,1.93,9.216,-9.275,-15.47,-3.08,260.12,195.9,2.8939142762088763,1.6491736
1983-12-25,16.418944140782507,1476.5980599013938,0.18621555203953918,1.1920928955078125e-07,1.1920929e-07,1.1920929e-07,0.0,9.216,-15.46,-20.3,-10.62,249.97,120.0,2.6456811223757724,0.9635621
1983-12-26,16.416950497121046,1473.8671361569998,0.20990935983768028,1.1920928955078125e-07,1.1920929e-07,1.1920929e-07,0.0,9.216,-13.92,-18.25,-9.59,236.27,155.13,2.4385136105140996,0.92650205
1983-12-27,16.42648305276304,1471.26161949331,0.3172125653521177,1.1920928955078125e-07,1.1920929e-07,1.1920929e-07,0.0,9.216,-8.5,-14.25,-2.75,270.93,200.0,2.2559997259083966,1.1118025
1983-12-28,27.308827793570693,1468.700747279572,0.4695144692219225,1.1920928955078125e-07,20.82,1.1920929e-07,20.82,9.216,-3.095,-6.38,0.19,149.24,376.13,2.089930349308736,2.223605
1983-12-29,41.233326657123456,1466.4633730419016,0.5215936363647499,1.1920928955078125e-07,7.1342955,0.045704775,7.18,9.216,-1.585,-5.06,1.89,177.03,425.51,1.9548769759546343,4.44721
1983-12-30,44.12126870968857,1464.1621466618956,0.321741079793236,1.1920928955078125e-07,1.1920929e-07,1.1920929e-07,0.0,9.216,-8.245,-12.64,-3.85,248.04,232.65,1.8250680816756717,1.3156328
1983-12-31,44.1263791555759,1462.0932880957794,0.29824062855385663,1.1920928955078125e-07,1.1920929e-07,1.1920929e-07,0.0,9.216,-9.24,-14.31,-4.17,267.16,200.0,1.7157415070690512,1.0284172
1984-01-01,44.12637913798971,1460.0838231715318,0.3952154883107617,1.1920928955078125e-07,1.1920929e-07,1.1920929e-07,0.0,9.216,-5.41,-10.89,0.07,226.51,280.0,1.6158268199034884,1.0191522
1984-01-02,44.126379132851326,1458.0682514085377,0.5004899036546364,1.1920928955078125e-07,1.1920929e-07,1.1920929e-07,0.0,9.267895,-2.17,-5.26,0.92,151.23,418.87,1.5214531322388345,0.92650205
1984-01-03,44.167389169458815,1456.0104758564435,0.5680266187977588,1.1920928955078125e-07,1.1920929e-07,1.1920929e-07,0.0,9.311997,-0.41,-3.96,3.14,168.73,443.57,1.430787316993799,0.92650205
1984-01-04,44.21938003183673,1454.0009058605926,0.570007782219711,1.1920928955078125e-07,1.1920929e-07,1.1920929e-07,0.0,9.311997,-0.34,-4.47,3.79,190.36,440.0,1.347462457424826,0.8801769
1984-01-05,34.76697512003195,1461.415708021835,0.6865365823911255,22.565553665161133,1.1920929e-07,1.1920929e-07,0.0,9.311997,2.295,-0.42,5.01,134.57,594.89,1.681378815358654,0.898707
1984-01-06,13.538952865904676,1479.615658781758,0.7362187480002612,13.538952865904676,1.1920929e-07,1.1920929e-07,0.0,9.311997,3.145,-0.04,6.33,154.0,600.0,2.895124031977492,0.917237
1984-01-07,4.9521865069086655,1484.3133688211205,0.6795073748051896,4.9521865069086655,1.1920929e-07,1.1920929e-07,0.0,9.311997,1.915,-1.79,5.62,176.43,537.69,3.3310650509798703,0.907972
1984-01-08,3.413236714655586,1482.007743749269,0.49793448807818674,1.1920928955078125e-07,1.1920929e-07,1.1920929e-07,0.0,9.311997,-2.54,-8.01,2.93,232.58,320.0,3.109465292507747,0.79679173
1984-01-09,3.409656407416877,1478.54603659181,0.5340271747542482,1.1920928955078125e-07,1.1920929e-07,1.1920929e-07,0.0,9.408,-1.66,-6.09,2.77,205.64,392.94,2.804124012583156,0.80605674
1984-01-10,3.0538341992231643,1477.4088437477715,0.6169753393338937,2.9919945343163037,1.296401e-06,4.3499985,4.35,9.408,0.425,-2.71,3.56,118.26,501.3,2.710510283208435,0.76899666
1984-01-11,5.264123964269169,1478.9895368497541,0.5011555796877593,1.1920928955078125e-07,9.939996,3.554821e-06,9.94,9.408,-2.565,-7.07,1.94,177.2,360.0,2.841503226476695,0.74120164
1984-01-12,10.65570429261235,1475.8919647336088,0.29541176799756513,1.1920928955078125e-07,1.1920929e-07,1.1920929e-07,0.0,9.408,-9.765,-15.32,-4.21,272.04,200.0,2.5904872091261018,0.70414156
1984-01-13,10.429912699438002,1473.1070007551016,0.330204562403495,1.1920928955078125e-07,1.1920929e-07,1.1920929e-07,0.0,9.408,-8.255,-12.32,-4.19,225.7,240.0,2.383792173168384,0.74120164
1984-01-14,11.565713663082779,1470.4072370083732,0.4913407426062204,1.1920928955078125e-07,2.13,1.1920929e-07,2.13,9.504003,-2.905,-6.7,0.89,206.48,360.0,2.1991767298779346,0.74120164
1984-01-15,12.685075654815176,1467.7955905427384,0.4736573528724818,1.1920928955078125e-07,1.1920929e-07,1.1920929e-07,0.0,9.504003,-3.395,-7.82,1.03,240.56,334.75,2.03420400005341,0.72267157
1984-01-16,13.665096579802654,1465.4417804711743,0.32741576101276526,1.1920928955078125e-07,2.11,1.1920929e-07,2.11,9.504003,-8.435,-13.37,-3.5,255.67,210.64,1.896148213747659,0.70414156
1984-01-17,14.769702528589168,1463.2294485672048,0.43669951005643853,1.1920928955078125e-07,0.01,1.1920929e-07,0.01,9.504003,-4.485,-8.53,-0.44,230.13,320.0,1.7749438877983041,0.6948765
1984-01-18,20.04163778914242,1461.054200781953,0.4689896622165755,1.1920928955078125e-07,9.93,1.1920929e-07,9.93,9.6,-3.61,-7.0,-0.22,152.56,360.0,1.6633278161475493,0.6856115
1984-01-19,26.817176706888894,1458.9911679836418,0.41542464715706057,1.1920928955078125e-07,3.49,1.1920929e-07,3.49,9.6,-5.275,-8.18,-2.37,162.52,321.1,1.5639619469802404,0.6948765
1984-01-20,28.23923284031591,1457.1469590482925,0.2456056311776364,1.1920928955078125e-07,1.1920929e-07,1.1920929e-07,0.0,9.6,-12.28,-18.47,-6.09,307.95,160.0,1.4801714963489863,0.6300214
1984-01-21,28.233893228835772,1455.477844765553,0.21287669553396857,1.1920928955078125e-07,1.1920929e-07,1.1920929e-07,0.0,9.602783,-14.105,-20.83,-7.38,321.3,120.0,1.4082130713996364,0.6485514
1984-01-22,28.233893228835772,1453.8996861617477,0.20896070266493713,1.1920928955078125e-07,1.1920929e-07,1.1920929e-07,0.0,9.696003,-14.45,-23.01,-5.89,344.5,93.81,1.3433962826387635,0.6022263
1984-01-23,28.247285926865317,1452.3235133430992,0.32931540190022013,1.1920928955078125e-07,1.1920929e-07,1.1920929e-07,0.0,9.696003,-8.505,-16.56,-0.45,341.03,160.42,1.2816388487452566,0.6022263
1984-01-24,32.91873570465702,1450.670708438021,0.48409948767889494,1.1920928955078125e-07,8.54,1.1920929e-07,8.54,9.696003,-3.205,-8.47,2.06,218.51,322.37,1.219925990126304,0.6948765
1984-01-25,27.11074390264108,1459.6438889135334,0.7714727769515745,27.11074390264108,1.1920929e-07,1.42,1.42,9.792,3.295,-1.54,8.13,257.78,556.29,1.5947408395505818,1.1118025
1984-01-26,9.936198336925953,1474.4121756339541,0.8985293929127303,9.936198336925953,1.1920929e-07,1.1920929e-07,0.0,9.792,5.43,-1.54,12.4,326.8,556.45,2.4785221014143604,2.0383043
1984-01-27,3.6336030840189633,1477.2076193900045,0.8551401262947963,3.6336030840189624,1.1920929e-07,1.1920929e-07,0.0,9.792,4.655,-3.12,12.43,341.28,480.08,2.694273946935625,4.0766087
1984-01-28,1.3271848371479609,1476.045071969116,0.7433271787205602,1.327182551337842,1.1920929e-07,1.1920929e-07,0.0,9.888,2.435,-4.84,9.71,339.86,434.54,2.6023566608108166,3.279817
1984-01-29,1.1673826161290444,1473.6589981891198,0.5469652807109344,1.1920928955078125e-07,1.2998396,0.00016031861,1.3,9.888,-1.98,-4.79,0.83,173.5,440.0,2.423406265657462,1.389753
1984-01-30,2.365738767691978,1470.794688482023,0.5700073385297041,1.1920928955078125e-07,1.0115167,0.05848339,1.07,9.888,-1.365,-4.5,1.77,210.41,440.0,2.2247656742980495,1.0006222
1984-01-31,3.904940557001849,1468.116810908875,0.5535018198019931,1.1920928955078125e-07,1.999423,0.00057703257,2.0,9.983997,-1.895,-5.37,1.58,233.77,415.02,2.053807893237698,0.907972
1984-02-01,4.976770099676935,1465.6567476782136,0.42373664246114845,1.1920928955078125e-07,1.1920929e-07,1.1920929e-07,0.0,9.983997,-5.605,-11.43,0.22,328.08,253.14,1.908357757239215,0.8801769
1984-02-02,4.803038181053567,1463.3601835988763,0.4971381393930671,1.1920928955078125e-07,1.1920929e-07,1.1920929e-07,0.0,9.983997,-3.365,-10.3,3.57,352.29,280.0,1.781885893081397,0.8616469
1984-02-03,5.521988406530818,1461.9633399774557,0.6347591421179936,1.1920928955078125e-07,7.27737e-05,3.2299273,3.23,10.079997,-0.01,-5.03,5.01,225.63,428.3,1.7090973479372793,2.1680148
1984-02-04,2.23542849200388,1465.5078831176288,0.80598047893801,2.2354284915663394,1.1920929e-07,2.22,2.22,10.079997,3.455,-0.76,7.67,216.86,579.14,1.8998943210182273,4.7807503
1984-02-05,0.8158103804419327,1467.48203843109,0.7777087856478184,0.8155767952024854,1.1920929e-07,4.27,4.27,10.079997,2.905,-1.0,6.81,189.13,560.0,2.015248584524429,2.5664105
1984-02-06,0.4498123196537788,1467.2167598643687,0.5882650050264481,1.1920928955078125e-07,1.1920929e-07,1.1920929e-07,0.0,10.176,-1.29,-6.25,3.67,303.87,380.11,1.99934948979166,1.4916682
1984-02-07,0.4498831691311536,1464.7539670935578,0.49113316339309593,1.1920928955078125e-07,1.1920929e-07,1.1920929e-07,0.0,10.176,-3.815,-8.18,0.55,284.73,327.26,1.8576046853638069,0.99135715
1984-02-08,0.44988316912749166,1462.495614173337,0.4546279425484501,1.1920928955078125e-07,1.1920929e-07,1.1920929e-07,0.0,10.270348,-4.995,-10.23,0.24,323.34,279.98,1.7364763902826434,0.917237
1984-02-09,0.3962323637816681,1460.3131142414272,0.6849093944093554,0.3887039953386296,1.1920929e-07,1.1920929e-07,0.0,10.272,0.835,-7.08,8.75,381.46,360.0,1.6269269956958108,1.1395975
1984-02-10,0.15477526909706235,1458.2138352604509,0.8487982529331111,0.12762597099003137,1.1920929e-07,1.1920929e-07,0.0,10.272,4.02,-4.0,12.04,381.16,440.0,1.5280810400577152,1.4082831
1984-02-11,0.07057897648042456,1458.4015610704546,0.9545074276817984,0.047250520455853956,1.1920929e-07,5.42,5.42,10.367997,5.645,0.89,10.4,220.65,643.24,1.5366701568146872,3.4002624
1984-02-12,0.03631546413955683,1458.8769752072928,0.959552861900521,0.02141900124344997,1.1920929e-07,1.1920929e-07,0.0,10.367997,5.72,-0.33,11.77,341.04,597.59,1.558638596314838,2.353315
1984-02-13,0.019824829379838482,1457.0834708924037,1.0118327591731366,0.010891768859264146,1.1920929e-07,3.26,3.26,10.419894,6.47,2.77,10.17,205.1,741.57,1.4773682993939856,1.8715341
1984-02-14,0.01147737173991693,1475.780784235091,1.2781911825911358,0.00606764998383214,1.1920929e-07,33.44,33.44,10.464,9.825,5.5,14.15,204.0,916.19,2.5819020203305874,11.025374
1984-02-15,0.006777924519668216,1495.5781266656268,1.3546464501794848,0.0035037689631024133,1.1920929e-07,16.12,16.12,10.464,10.53,7.08,13.98,169.87,1006.68,4.662888039393947,8.746179
1984-02-16,0.003960931076072459,1496.455262686618,1.1585416451071955,0.0020196828483154527,1.1920929e-07,0.04,0.04,10.559998,7.935,5.01,10.86,191.04,880.84,4.786619960039221,5.114291
1984-02-17,0.0023148201390128264,1490.0285014207973,1.1723584751512501,0.0011708054520540834,1.1920929e-07,0.33,0.33,10.559998,8.185,5.64,10.73,168.13,914.48,3.9508644585301917,3.1223118
1984-02-18,0.0013624010010611913,1487.5874006764686,1.2166147380078862,0.0006858407699752705,1.1920929e-07,3.49,3.49,10.655997,8.645,5.37,11.92,155.76,909.7,3.6731443523638347,2.751711
1984-02-19,0.0008021961906662771,1484.880582591487,1.2312959097025162,0.0004027068835265687,1.1920929e-07,1.1920929e-07,0.0,10.655997,8.86,3.29,14.43,307.93,782.92,3.387959916278607,2.1216896
1984-02-20,0.0004354758637668437,1480.6709055585804,1.2722399533041038,0.00021821202920400203,1.1920929e-07,1.1920929e-07,0.0,10.655997,9.415,4.6,14.23,284.99,848.21,2.9877945042297553,1.862269
1984-02-21,0.00024996122889641375,1476.7058866622613,0.9024400968892343,0.0001251368159067557,1.1920929e-07,1.1920929e-07,0.0,10.752,4.065,-0.96,9.09,306.74,563.52,2.6542125905949914,1.6121135
1984-02-22,0.00014764634147357815,1473.2972506193446,0.8756745167074468,7.38776693322651e-05,1.1920929e-07,1.1920929e-07,0.0,10.752,3.65,-3.99,11.29,376.49,445.54,2.3973717819261404,1.4175481
1984-02-23,8.893329396948218e-05,1468.7467120998836,0.954540878488364,4.448641981037853e-05,1.1920929e-07,1.1920929e-07,0.0,10.848002,4.855,-1.29,11.0,347.46,560.0,2.092800573753382,2.696121
1984-02-24,5.377525176175514e-05,1486.4456634445128,1.3350987917877954,2.6894855324958453e-05,1.1920929e-07,39.25,39.25,10.848002,9.83,3.67,15.99,256.31,795.63,3.550037259601577,13.063679
1984-02-25,3.2548995513835606e-05,1503.161223238586,1.3473830459746567,1.6277146349666818e-05,1.1920929e-07,7.42,7.42,10.944003,9.66,2.6,16.72,274.65,733.71,5.84771482131573,4.2989693
1984-02-26,1.9496181340114106e-05,1499.6101062233383,0.7599790511356506,9.748610917561545e-06,1.1920929e-07,1.1920929e-07,0.0,10.944003,1.04,-4.02,6.1,326.46,440.0,5.25942536083422,2.8443613
1984-02-27,1.1744939857962488e-05,1494.6222336658393,0.7062071938826364,1.1920928955078125e-07,1.1920929e-07,1.1920929e-07,0.0,10.946783,0.02,-4.0,4.04,285.64,440.0,4.531685623705551,2.3069901
1984-02-28,7.157997155285268e-06,1497.444642578243,0.7655382893142518,3.578968803846178e-06,1.1920929e-07,15.45,15.45,11.04,1.04,-2.31,4.39,185.48,516.5,4.930130225832969,6.1241784
1984-02-29,0.007070594171451474,1499.0479813108293,0.6658826645628233,1.1920928955078125e-07,1.1920929e-07,1.1920929e-07,0.0,11.04,-0.99,-5.01,3.03,289.61,437.8,5.171888276968892,3.279817
1984-03-01,0.00766199068738692,1493.6811302215053,0.5480808531867146,1.1920928955078125e-07,1.1920929e-07,1.1920929e-07,0.0,11.136,-3.815,-7.59,-0.04,280.0,347.93,4.406120179930173,2.279195
1984-03-02,0.007661993939000854,1488.9946342617761,0.6215337585147523,1.1920928955078125e-07,1.1920929e-07,1.1920929e-07,0.0,11.136,-2.0,-7.22,3.22,351.53,360.0,3.8307676726892086,2.0105095
1984-03-03,0.007662001642475265,1484.778754146502,0.6172324721894761,1.1920928955078125e-07,1.1920929e-07,1.1920929e-07,0.0,11.232,-2.18,-7.95,3.59,376.04,323.84,3.3776748342759735,1.7881489
1984-03-04,0.007645100147204072,1480.9740008322078,0.6193535839376512,1.1920928955078125e-07,1.1920929e-07,1.1920929e-07,0.0,11.232,-2.095,-7.88,3.69,378.38,329.95,3.014956203783441,1.6213785
1984-03-05,0.552033780474788,1481.8681525568747,0.7667332213504309,0.5496529119107505,2.9742716e-07,9.98,9.98,11.328,0.84,-1.8,3.48,159.84,539.0,3.096532288162598,2.2421348
1984-03-06,0.20567777805340792,1486.4627574561182,0.8979337168241609,0.1823602295119906,1.1920929e-07,6.23,6.23,11.328,3.115,0.75,5.48,145.7,639.44,3.5518496350472133,2.751711
1984-03-07,0.08914901177112054,1484.8883437304464,0.8153854432134024,0.06322425253062558,1.1920929e-07,1.1920929e-07,0.0,11.423997,1.585,-1.93,5.1,280.87,533.46,3.3887451057591718,1.9271241
1984-03-08,0.5970743789159543,1481.5719133023197,0.6411657560181399,1.1920928955078125e-07,2.9486654,0.0013345778,2.95,11.423997,-1.85,-7.12,3.42,321.42,359.17,3.0692639059146876,1.6306436
1984-03-09,5.857972293243929,1478.1143600580072,0.45703023590070707,1.1920928955078125e-07,7.37,1.1920929e-07,7.37,11.423997,-6.53,-10.51,-2.55,268.82,280.0,2.768213609190392,1.5935835
1984-03-10,9.750488056237385,1475.0425736106918,0.4297870325833475,1.1920928955078125e-07,1.1920929e-07,1.1920929e-07,0.0,11.520008,-7.45,-13.84,-1.06,475.9,200.0,2.525615678659982,1.4453431
1984-03-11,9.749244754326098,1472.1097895873552,0.5930857588538466,1.1920928955078125e-07,1.1920929e-07,1.1920929e-07,0.0,11.520008,-2.98,-10.4,4.44,500.07,280.0,2.3138616950309157,1.5009333
1984-03-12,9.749232995613463,1469.3009671243829,0.5876179681151892,1.1920928955078125e-07,1.1920929e-07,1.1920929e-07,0.0,11.616,-3.2,-10.3,3.9,495.69,279.88,2.1277223580035924,1.371223
1984-03-13,16.79362849859875,1466.6731890746119,0.5772350794229344,1.1920928955078125e-07,13.69,1.1920929e-07,13.69,11.616,-3.425,-7.06,0.21,262.35,357.58,1.9671621015349758,1.380488
1984-03-14,18.081617711852356,1471.4793541033328,0.8664785712142099,18.081617711852356,1.1920929e-07,3.53,3.53,11.711997,2.245,-2.54,7.03,379.96,516.98,2.270714019032796,2.5293505
1984-03-15,6.626200589525913,1480.6773540564054,1.0113180855665378,6.626200589525913,1.1920929e-07,1.1920929e-07,0.0,11.711997,4.45,-3.34,12.24,513.83,479.17,2.988369826943947,2.8721561
1984-03-16,2.423321133741387,1480.6748938271016,1.3157753122982456,2.4233211336689333,1.1920929e-07,1.1920929e-07,0.0,11.808,8.34,0.75,15.93,502.48,640.0,2.9881503168944348,2.2421348
1984-03-17,0.8844789959012607,1478.066878642308,1.2143849672509197,0.884351533686469,1.1920929e-07,1.1920929e-07,0.0,11.808,7.13,0.25,14.01,485.96,618.45,2.7642918955881135,1.843739
1984-03-18,0.32299075379720266,1474.8220233262737,1.1296346317590897,0.31069913662143295,1.1920929e-07,1.1920929e-07,0.0,11.903997,5.935,1.46,10.41,382.58,677.14,2.509038670712151,1.6213785
1984-03-19,0.12915378060282565,1471.4332992373586,1.2800063780920525,0.1013091767306839,1.1920929e-07,1.1920929e-07,0.0,11.903997,7.885,2.88,12.89,408.85,753.78,2.2675936940607233,1.5287284
1984-03-20,0.06049021979017272,1468.172906155949,1.223875026822999,0.03912368587065651,1.1920929e-07,1.1920929e-07,0.0,12.000003,7.105,0.0,14.21,493.61,600.0,2.0572506795004077,1.4175481
1984-03-21,0.03107836391738201,1471.9848724808637,1.3692668510820611,0.017934594315268344,1.1920929e-07,11.31,11.31,12.000003,8.8,3.28,14.32,324.25,773.75,2.3052475915762374,2.5015554
1984-03-22,0.01717395900339558,1475.146258356953,1.100595836879872,0.009322534657600082,1.1920929e-07,1.89,1.89,12.000003,5.415,1.13,9.7,323.1,650.55,2.533446638280322,2.0105095
1984-03-23,0.009631655974788555,1472.3405347154012,1.0078530508261572,0.0050475708529063605,1.1920929e-07,1.1920929e-07,0.0,12.096,4.0,0.84,7.16,270.79,644.65,2.3298582800494274,1.5472584
1984-03-24,0.005361341195978268,1468.9792593862462,0.9373617256230713,0.0027525133386438996,1.1920929e-07,1.1920929e-07,0.0,12.096,2.955,-3.79,9.7,454.08,457.04,2.107382273838837,1.361958
1984-03-25,0.0029891975574557017,1466.9118007018023,1.18839100648252,0.0015169353706447398,1.1920929e-07,2.22,2.22,12.191998,6.425,2.19,10.66,325.69,717.3,1.9812271151123795,1.380488
1984-03-26,0.001753573212303275,1471.0546506401847,1.1441733771508287,0.0008844739566903408,1.1920929e-07,8.96,8.96,12.191998,5.805,1.5,10.11,266.68,680.0,2.2421013755049257,1.6028485
1984-03-27,0.0010414156694268303,1472.4412650739075,1.0778652648885827,0.0005234191766999728,1.1920929e-07,1.1920929e-07,0.0,12.287997,4.77,-0.92,10.46,428.5,566.29,2.336876121787015,1.3248979
1984-03-28,0.0006128317780445408,1477.1858980472064,1.0688252619355632,0.00030735479305424686,1.1920929e-07,17.97,17.97,12.287997,4.595,2.15,7.04,169.62,715.47,2.692527127458921,4.437945
1984-03-29,0.00037007509544480645,1505.807351329517,0.896357634344968,0.00018537990312379193,1.1920929e-07,47.52,47.52,12.383997,1.585,-0.89,4.06,175.24,571.21,6.328473139146032,10.562123
1984-03-30,0.00022356994674537623,1519.3714453969826,1.0108354462020777,0.00011190993212335845,1.1920929e-07,1.1920929e-07,0.0,12.383997,3.225,0.21,6.24,280.41,618.74,9.48826196356541,8.496023
1984-03-31,0.00011850652901395187,1510.6929282016267,1.0969173339716114,5.9288373996414356e-05,1.1920929e-07,1.1920929e-07,0.0,12.479998,4.415,0.1,8.73,372.86,614.87,7.322358352517876,5.466362
1984-04-01,4.480676962688432e-05,1503.1149686417011,1.1071557913339156,2.240840392986918e-05,1.1920929e-07,1.1920929e-07,0.0,12.479998,4.63,-1.66,10.92,463.77,547.36,5.839644298800374,3.7430682
1984-04-02,1.57667676813331e-05,1496.5787425762203,1.2571840854149257,7.884005318073055e-06,1.1920929e-07,1.1920929e-07,0.0,12.576006,6.505,-0.86,13.87,490.5,577.76,4.804300130437283,2.9833364
1984-04-03,-1.5182706020519742e-05,1490.6870258999515,1.4314301163861802,1.1920928955078125e-07,1.1920929e-07,2.73,2.73,12.576006,8.565,1.66,15.47,438.4,693.1,4.029315926370139,2.5849407
1984-04-04,-7.388714666737301e-05,1485.213821103703,1.462836329531091,1.1920928955078125e-07,1.1920929e-07,15.55,15.55,12.576006,8.96,3.92,14.0,303.06,803.43,3.4218377980853516,4.4194145
1984-04-05,-0.0001506917266450823,1480.1523400569652,1.6825594556077288,1.1920928955078125e-07,1.1920929e-07,21.63,21.63,12.672003,11.095,6.94,15.25,261.02,995.43,2.941889825484168,8.218073
1984-04-06,-0.00023594161833950315,1475.4957946292284,1.486103179745762,1.1920928955078125e-07,1.1920929e-07,5.42,5.42,12.672003,9.19,5.38,13.0,263.06,904.25,2.5600252722970662,5.1513515
1984-04-07,-0.0003199819941364912,1471.237396689983,1.2404561562138776,1.1920928955078125e-07,1.1920929e-07,0.77,0.77,12.768005,6.33,3.48,9.18,265.31,784.08,2.254368677565113,3.5021777
1984-04-08,-0.000393158026421902,1467.370358108719,1.3563216640304097,1.1920928955078125e-07,1.1920929e-07,1.1920929e-07,0.0,12.768005,7.74,2.07,13.41,441.88,719.91,2.0085398311666016,2.8721561
1984-04-09,-0.000445814887581591,1463.8878907549272,1.4067191675172184,1.1920928955078125e-07,1.1920929e-07,1.1920929e-07,0.0,12.864003,8.225,2.0,14.45,465.68,719.68,1.8101841200101927,2.4830253
1984-04-10,-0.00046829775000141374,1460.7832064980978,1.2750806639755672,1.1920928955078125e-07,1.1920929e-07,1.1920929e-07,0.0,12.864003,6.745,-0.83,14.32,508.69,573.63,1.6499235642192343,2.260665
1984-04-11,-0.0004509517860672263,1458.049517207721,1.3411619491896587,1.1920928955078125e-07,1.1920929e-07,1.1920929e-07,0.0,12.96,7.435,-0.13,15.0,509.1,600.48,1.5206023219763292,2.0846295
1984-04-12,-0.0003841221681648839,1455.680034753287,1.6361189536021123,1.1920928955078125e-07,1.1920929e-07,1.1920929e-07,0.0,12.96,10.56,2.19,18.93,517.12,716.58,1.4167401451674517,1.9363892
1984-04-13,-0.0002608609137802943,1453.555254782824,2.023255218610981,1.1920928955078125e-07,1.1920929e-07,1.84,1.84,13.05322,13.87,8.62,19.12,367.51,1129.23,1.3296515578771073,1.8715341
1984-04-14,-0.00015489948509688514,1451.1676580780609,1.7516901270225447,1.1920928955078125e-07,1.1920929e-07,1.69,1.69,13.056,11.575,8.15,15.0,303.74,1092.32,1.2381621037254773,1.9456543
1984-04-15,-9.273754299170053e-05,1458.1315220649578,1.5439035276424786,1.1920928955078125e-07,1.1920929e-07,18.93,18.93,13.056,9.505,6.48,12.53,214.52,958.53,1.524330077723569,5.1698813
1984-04-16,-5.5276903216895926e-05,1469.768195861966,1.6854678149362015,1.1920928955078125e-07,1.1920929e-07,10.89,10.89,13.152,10.645,7.21,14.08,242.43,1016.71,2.1576131738241644,5.003111
1984-04-17,-3.300952714205022e-05,1472.7500892201274,1.6931649750629993,1.1920928955078125e-07,1.1920929e-07,3.57,3.57,13.152,10.685,4.72,16.65,353.02,857.92,2.3585237935040224,3.3354073
1984-04-18,-1.9045210744640253e-05,1470.8080603403318,1.6035872400515172,1.1920928955078125e-07,1.1920929e-07,1.0,1.0,13.248009,9.735,3.82,15.65,471.23,802.41,2.225654104206788,2.6312656
1984-04-19,-9.024149162339981e-06,1467.5445636052889,1.5822688985653397,1.1920928955078125e-07,1.1920929e-07,1.1920929e-07,0.0,13.248009,9.56,4.36,14.76,443.31,829.04,2.019014316568445,2.2328699
1984-04-20,-4.061239207692394e-06,1464.0385450317574,1.4835511405512967,1.1920928955078125e-07,1.1920929e-07,1.1920929e-07,0.0,13.343997,8.48,2.84,14.12,467.47,746.97,1.8183450901641642,2.0197744
1984-04-21,-2.363185391239912e-06,1460.680071935543,1.7178591629957218,1.1920928955078125e-07,1.1920929e-07,1.1920929e-07,0.0,13.343997,10.815,4.75,16.88,479.08,860.35,1.644850621301687,1.843739
1984-04-22,-1.3416985011328111e-06,1457.491637476733,1.4926860364732706,1.1920928955078125e-07,1.1920929e-07,1.1920929e-07,0.0,13.343997,8.645,1.31,15.98,521.1,664.5,1.4954831901559134,1.7232938
1984-04-23,-8.032950098356303e-07,1462.4476935301407,1.1996200615161392,1.1920928955078125e-07,1.1920929e-07,12.42,12.42,13.439995,5.135,1.94,8.33,236.28,715.09,1.7339935928357262,2.696121
1984-04-24,-4.824154429013197e-07,1467.3267518970151,1.4262761462952473,1.1920928955078125e-07,1.1920929e-07,3.06,3.06,13.439995,7.725,4.86,10.59,220.36,869.0,2.005926427218931,2.2328699
1984-04-25,-2.889181621950299e-07,1465.5130204678346,1.8508016521641741,1.1920928955078125e-07,1.1920929e-07,0.82,0.82,13.535997,11.72,6.16,17.28,435.0,942.47,1.9001857698737645,1.880799
1984-04-26,-1.654458560491424e-07,1462.1438681253383,2.080127169371486,1.1920928955078125e-07,1.1920929e-07,1.1920929e-07,0.0,13.535997,13.635,3.95,23.32,554.13,800.0,1.718334607553608,1.6491736
1984-04-27,-9.443835122263538e-08,1458.173798221625,2.5781751409955014,1.1920928955078125e-07,1.1920929e-07,1.1920929e-07,0.0,13.580106,17.155,9.19,25.12,514.5,1175.29,1.5262554250055986,1.5287284
1984-04-28,-3.0294616256361686e-08,1455.1694923600437,2.4185930951607415,1.1920928955078125e-07,1.1920929e-07,1.1920929e-07,0.0,13.632,16.065,9.42,22.71,476.92,1193.79,1.3953074640439307,1.4453431
1984-04-29,3.9122451735293704e-08,1453.3511567560558,2.385774676302522,1.1920928955078125e-07,1.1920929e-07,2.65,2.65,13.632,15.86,9.08,22.64,419.84,1166.04,1.3215733603537905,1.4546082
1984-04-30,9.47579160892382e-08,1452.0754487851364,2.6934006424869548,1.1920928955078125e-07,1.1920929e-07,0.17,0.17,13.727997,17.775,11.31,24.24,460.4,1344.78,1.2721811939537022,1.4360781
1984-05-01,1.1755684014237922e-07,1450.6990258227604,2.5207044741481632,1.1920928955078125e-07,1.1920929e-07,4.26,4.26,13.727997,16.685,10.26,23.11,346.96,1260.48,1.2209578736194056,1.4824033
1984-05-02,8.985940585225988e-08,1448.4804663869247,1.9560444609056382,1.1920928955078125e-07,1.1920929e-07,1.1920929e-07,0.0,13.72965,12.565,5.38,19.75,502.96,910.6,1.1427001207061624,1.2693077
1984-05-03,5.3611581257317895e-08,1445.5949759149034,2.0144170171831224,1.1920928955078125e-07,1.1920929e-07,2.73,2.73,13.824,12.96,7.85,18.07,372.97,1067.68,1.048372614396079,3.2890823
1984-05-04,3.2393663937344176e-08,1464.5902137271426,2.3202234768149768,1.1920928955078125e-07,1.1920929e-07,39.39,39.39,13.824,15.045,10.68,19.41,274.74,1294.47,1.8485443830610226,7.930857
1984-05-05,1.9604859626506838e-08,1478.4215631124823,2.2769251906613133,1.1920928955078125e-07,1.1920929e-07,1.1920929e-07,0.0,13.920003,14.47,8.57,20.37,452.16,1125.57,2.793721752908557,2.5108204
1984-05-06,1.1791858907442025e-08,1475.6392738447107,2.231185706086073,1.1920928955078125e-07,1.1920929e-07,3.6,3.6,13.920003,14.17,9.1,19.24,306.75,1168.02,2.571015944764688,2.1309547
1984-05-07,6.7818581393839676e-09,1475.364047820397,1.9124999316719011,1.1920928955078125e-07,1.1920929e-07,3.87,3.87,13.920003,11.69,9.44,13.94,155.4,1195.4,2.5499746980700304,2.279195
1984-05-08,3.3011144081595405e-09,1477.7837182126145,2.4292156672066745,1.1920928955078125e-07,1.1920929e-07,9.37,9.37,14.015994,15.425,10.96,19.89,279.38,1316.55,2.741019435575091,3.1964319
1984-05-09,1.690142985548704e-09,1482.8229605441802,1.9142859003695083,1.1920928955078125e-07,1.1920929e-07,11.24,11.24,14.015994,11.515,4.19,18.84,386.67,815.56,3.1860805920052897,3.3446722
1984-05-10,9.506434649622206e-10,1481.733087994368,1.8997043530821331,1.1920928955078125e-07,1.1920929e-07,1.1920929e-07,0.0,14.015994,11.405,5.36,17.45,471.69,908.62,3.0840698777157485,2.1309547
1984-05-11,5.165775619070372e-10,1476.2649748787012,2.34194666479987,1.1920928955078125e-07,1.1920929e-07,1.1920929e-07,0.0,14.111998,14.73,6.45,23.01,535.03,956.19,2.6194995792924307,1.8715341
1984-05-12,3.0073797935315395e-10,1472.1830247678631,3.026860530942847,1.1920928955078125e-07,1.1920929e-07,2.63,2.63,14.111998,19.045,12.51,25.58,398.96,1440.63,2.3189268471673534,1.7788839
1984-05-13,1.6724920839359117e-10,1468.5303985209816,2.583849154614966,1.1920928955078125e-07,1.1920929e-07,1.1920929e-07,0.0,14.111998,16.435,7.65,25.22,540.48,1051.94,2.0793273871059275,1.6121135
1984-05-14,9.231679255080398e-11,1464.3310655808796,2.5768285610830026,1.1920928955078125e-07,1.1920929e-07,1.27,1.27,14.208003,16.325,10.39,22.26,448.6,1271.57,1.8342962063109087,1.5101982
1984-05-15,3.2988667660279443e-11,1460.693491022713,1.7817000261591638,1.1920928955078125e-07,1.1920929e-07,1.1920929e-07,0.0,14.208003,10.4,4.18,16.62,473.6,814.22,1.645509790450381,1.399018
1984-05-16,-6.700336947240993e-14,1457.4247288041286,1.700883804360011,1.1920928955078125e-07,1.1920929e-07,1.1920929e-07,0.0,14.208003,9.705,4.5,14.91,421.57,840.0,1.4924985591712112,1.334163
1984-05-17,-2.3137217212225248e-12,1454.7535435253558,1.703797213471729,1.1920928955078125e-07,1.1920929e-07,1.1920929e-07,0.0,14.304006,9.655,1.63,17.68,534.18,688.87,1.3780857563912472,1.2507777
1984-05-18,-8.607037779541281e-13,1453.8167444864484,1.994991467521789,1.1920928955078125e-07,1.1920929e-07,1.1920929e-07,0.0,14.304006,12.165,5.79,18.54,472.05,920.0,1.3400735168795326,1.2229826
1984-05-19,1.3690064745152835e-13,1452.8480970727105,2.9473369863711074,1.1920928955078125e-07,1.1920929e-07,4.07,4.07,14.304006,18.59,9.46,27.72,399.38,1197.16,1.3018712079780677,1.371223
1984-05-20,3.743441315567548e-13,1449.7638038810233,3.472003168364537,1.1920928955078125e-07,1.1920929e-07,1.1920929e-07,0.0,14.397217,21.31,14.43,28.19,456.89,1637.26,1.1873356585752644,1.2137177
1984-05-21,2.1419964595579358e-13,1444.9893577462324,3.479343200032953,1.1920928955078125e-07,1.1920929e-07,0.29,0.29,14.399997,21.4,14.3,28.5,464.15,1624.0,1.0295857484516557,1.1303325
1984-05-22,1.1601046256142133e-13,1440.7817434223307,3.596832781860397,1.1920928955078125e-07,1.1920929e-07,1.1920929e-07,0.0,14.399997,22.025,13.61,30.44,501.85,1568.4,0.9080332058650095,1.0654774
1984-05-23,6.919670460768766e-14,1443.4622431772868,3.9214521849769404,1.1920928955078125e-07,1.1920929e-07,13.46,13.46,14.399997,23.5,17.11,29.89,316.68,1940.31,0.9836943781138944,1.5194633
1984-05-24,4.151647758680821e-14,1448.369973775078,2.7360128152069056,1.1920928955078125e-07,1.1920929e-07,4.33,4.33,14.495997,17.17,10.1,24.24,397.56,1247.7,1.1389364661846335,1.6399086
1984-05-25,2.487704474807592e-14,1446.1462202698983,3.049728841021905,1.1920928955078125e-07,1.1920929e-07,1.1920929e-07,0.0,14.495997,19.02,11.54,26.5,477.01,1363.5,1.0657706089139205,1.0932723
1984-05-26,1.395099418214661e-14,1441.6639646518545,3.757790997832886,1.1920928955078125e-07,1.1920929e-07,1.1920929e-07,0.0,14.495997,22.66,15.89,29.43,439.06,1791.43,0.9322698323424032,1.0098872
1984-05-27,6.945836692614173e-15,1437.0532085602476,3.5823909156055174,1.1920928955078125e-07,1.1920929e-07,1.1920929e-07,0.0,14.495997,21.885,14.27,29.5,474.21,1623.11,0.8123688025414956,0.94503206
1984-05-28,3.98213490299688e-15,1434.372633399637,2.964047975491721,1.1920928955078125e-07,1.1920929e-07,0.42,0.42,14.592003,18.565,13.6,23.53,368.24,1563.29,0.7498835041887218,0.9635621
1984-05-29,2.357700140343339e-15,1444.3635861787761,3.0679538627734035,1.1920928955078125e-07,1.1920929e-07,25.1,25.1,14.592003,19.03,16.16,21.9,171.55,1827.93,1.0105272861979389,2.0475695
1984-05-30,1.4024956303549425e-15,1459.0348245153164,2.391147199448016,1.1920928955078125e-07,1.1920929e-07,12.04,12.04,14.592003,14.715,9.53,19.9,299.68,1202.31,1.566001894158096,2.334785
1984-05-31,8.22539596662485e-16,1460.8317062011793,1.92368031083101,1.1920928955078125e-07,1.1920929e-07,1.1920929e-07,0.0,14.592003,11.19,4.94,17.44,464.42,875.3,1.6523145545699012,1.4268131
1984-06-01,3.5343194587026736e-16,1458.2441594249333,2.318436389300526,1.1920928955078125e-07,1.1920929e-07,1.1920929e-07,0.0,14.592003,14.22,6.98,21.46,496.8,998.43,1.5294652191454505,1.1673925
1984-06-02,1.633053275001439e-17,1454.3151905963791,2.8442747266150668,1.1920928955078125e-07,1.1920929e-07,1.1920929e-07,0.0,14.688,17.53,10.04,25.02,492.55,1243.24,1.3601664337126447,1.0469472
1984-06-03,-9.60291986663307e-17,1449.9407238046147,3.0827100376412453,1.1920928955078125e-07,1.1920929e-07,1.1920929e-07,0.0,14.688,18.935,10.5,27.37,512.63,1280.0,1.1936243207041441,0.9635621
1984-06-04,-4.544437796737859e-17,1445.5666676550911,3.134786711230639,1.1920928955078125e-07,1.1920929e-07,1.1920929e-07,0.0,14.688,19.27,10.45,28.09,518.61,1275.81,1.0474868754447817,0.898707
1984-06-05,5.664089139423016e-18,1440.9881558020704,3.4488515049112904,1.1920928955078125e-07,1.1920929e-07,1.1920929e-07,0.0,14.688,20.955,12.9,29.01,488.47,1480.63,0.9136467465987554,0.8431168
1984-06-06,4.3251191398496084e-17,1436.2256847088108,4.234942919003111,1.1920928955078125e-07,1.1920929e-07,1.1920929e-07,0.0,14.688,24.595,17.5,31.69,434.15,2000.14,0.7925425826982744,0.8245868
1984-06-07,5.366176907968506e-17,1431.3006472941838,4.3766412884021735,1.1920928955078125e-07,1.1920929e-07,1.1920929e-07,0.0,14.688,25.24,18.06,32.42,431.37,2081.07,0.6841618864652428,0.80605674
1984-06-08,3.086648814363793e-17,1426.2009362241902,4.459676163882222,1.1920928955078125e-07,1.1920929e-07,1.1920929e-07,0.0,14.732102,25.585,17.08,34.09,472.95,1935.97,0.5875301080648858,0.76899666
1984-06-09,-4.943681601411454e-19,1420.8853930163916,4.76479898253227,1.1920928955078125e-07,1.1920929e-07,1.1920929e-07,0.0,14.783998,26.775,19.06,34.49,439.96,2209.47,0.5013057064301207,0.72267157
1984-06-10,-2.962685105769373e-17,1415.5019897460243,4.8183821289997875,1.1920928955078125e-07,1.1920929e-07,1.1920929e-07,0.0,14.783998,27.045,19.78,34.31,423.44,2303.05,0.4268695905535867,0.6856115
1984-06-11,-4.791967644194218e-17,1410.2138416800826,4.902391325712818,1.1920928955078125e-07,1.1920929e-07,1.1920929e-07,0.0,14.783998,27.425,21.24,33.61,376.44,2518.09,0.3645213549294512,0.6763465
1984-06-12,-4.6761560205808926e-17,1405.1840640855605,4.382319141207538,1.1920928955078125e-07,1.1920929e-07,1.1920929e-07,0.0,14.783998,25.475,18.46,32.49,424.66,2119.63,0.31369028188967085,0.6670815
1984-06-13,-2.4175195978298612e-17,1400.5726481979264,4.76888291459379,1.1920928955078125e-07,1.1920929e-07,1.1920929e-07,0.0,14.783998,27.05,20.37,33.73,401.6,2379.99,0.2733405819186573,0.6392864
1984-06-14,3.75261659750385e-18,1396.5604921533538,4.65210609101218,1.1920928955078125e-07,1.1920929e-07,12.73,12.73,14.783998,26.655,19.67,33.64,311.32,2293.65,0.24248108172820493,0.6485514
1984-06-15,2.8802310192032125e-17,1393.3600686510124,3.5149668554950675,1.1920928955078125e-07,1.1920929e-07,1.1920929e-07,0.0,14.783998,21.75,13.98,29.52,465.49,1598.31,0.2203826848005881,0.6114913
1984-06-16,4.335047764556126e-17,1391.1847549929898,2.6641729429306906,1.1920928955078125e-07,1.1920929e-07,1.1920929e-07,0.0,14.783998,17.07,10.99,23.15,413.97,1318.81,0.2065236717449467,0.5929613
1984-06-17,3.977371179836638e-17,1390.2479284813742,2.621911637897966,1.1920928955078125e-07,1.1920929e-07,2.47,2.47,14.783998,16.815,13.77,19.86,206.62,1578.64,0.20082688962761983,0.6578164
1984-06-18,2.405408297729654e-17,1389.9393143452305,3.5235953149879045,1.1920928955078125e-07,1.1920929e-07,6.19,6.19,14.783998,21.835,16.11,27.56,290.76,1825.69,0.19898485106129846,0.94503206
1984-06-19,1.4468707901538613e-17,1403.197852767237,4.107294963891929,1.1920928955078125e-07,1.1920929e-07,27.12,27.12,14.783998,24.35,18.5,30.2,288.4,2119.91,0.2956279910984341,6.3094788
1984-06-20,8.746296313259107e-18,1413.053773345962,3.8976222497129114,1.1920928955078125e-07,1.1920929e-07,1.1920929e-07,0.0,14.783998,23.305,16.32,30.29,440.23,1850.63,0.3967791230365682,1.1303325
1984-06-21,5.282852894131723e-18,1408.9018694077345,3.326586715430646,1.1920928955078125e-07,1.1920929e-07,1.1920929e-07,0.0,14.783998,20.61,14.11,27.11,433.63,1608.69,0.3505180819741533,0.8709119
1984-06-22,3.1697989497381345e-18,1404.7353533204748,3.2945709908719203,1.1920928955078125e-07,1.1920929e-07,1.1920929e-07,0.0,14.783998,20.495,13.35,27.64,459.7,1535.71,0.3095156135426604,0.75973165
1984-06-23,1.83028879442004e-18,1400.3219274347719,3.575619971402633,1.1920928955078125e-07,1.1920929e-07,0.51,0.51,14.783998,21.96,16.41,27.51,383.3,1864.99,0.27130199003396777,0.72267157
1984-06-24,1.0935798875736273e-18,1406.3925417042008,3.4767109483143037,1.1920928955078125e-07,1.1920929e-07,18.39,18.39,14.783998,21.4,18.11,24.69,186.87,2085.35,0.3252157592882274,1.2137177
1984-06-25,6.578951497931457e-19,1416.2412946532636,3.341966500372516,1.1920928955078125e-07,1.1920929e-07,7.9,7.9,14.783998,20.6,15.59,25.61,273.92,1767.28,0.43639714400103236,1.4082831
1984-06-26,3.9558974084975857e-19,1417.6706059340268,3.044575418321979,1.1920928955078125e-07,1.1920929e-07,2.53,2.53,14.783998,18.995,11.7,26.29,419.1,1376.03,0.4554240931585849,0.92650205
1984-06-27,2.1946970882319486e-19,1415.2448137372812,3.4004636201206964,1.1920928955078125e-07,1.1920929e-07,1.1920929e-07,0.0,14.783998,20.91,12.83,28.99,494.29,1466.33,0.4236043156935953,0.75046664
1984-06-28,1.1011081571662427e-19,1411.0690877136628,4.067623134812625,1.1920928955078125e-07,1.1920929e-07,1.1920929e-07,0.0,14.783998,24.08,18.02,30.14,399.23,2071.02,0.37394961009366007,0.6670815
1984-06-29,6.351746646763202e-20,1406.8818859366315,3.575823906819748,1.1920928955078125e-07,1.1920929e-07,1.1920929e-07,0.0,14.783998,21.88,15.76,28.0,410.54,1780.81,0.3300023142467009,0.6485514
1984-06-30,3.502290105229422e-20,1405.7306514874747,3.641520456824007,1.1920928955078125e-07,1.1920929e-07,6.23,6.23,14.783998,22.21,17.76,26.66,239.49,2040.2,0.31885170869130275,0.6578164
1984-07-01,2.0376974134017686e-20,1410.0568078888168,3.5632573197359885,1.1920928955078125e-07,1.1920929e-07,14.24,14.24,14.783998,21.78,18.38,25.18,190.71,2110.45,0.3628162198949726,1.0191522
1984-07-02,1.1314660846436852e-20,1410.522439024108,3.5968368992254907,1.1920928955078125e-07,1.1920929e-07,1.1920929e-07,0.0,14.781217,21.94,16.18,27.7,401.26,1828.88,0.3678956102392373,0.7875267
1984-07-03,6.530624046341552e-21,1407.1363674594902,3.7942385447733806,1.1920928955078125e-07,1.1920929e-07,1.1920929e-07,0.0,14.689652,23.02,16.96,29.08,414.33,1916.52,0.3325193226467981,0.6300214
1984-07-04,3.753123585592102e-21,1403.0237349252002,3.915604615637607,1.1920928955078125e-07,1.1920929e-07,1.1920929e-07,0.0,14.688,23.625,17.0,30.25,438.89,1920.0,0.294095066336755,0.58369625
1984-07-05,2.2160459066477316e-21,1398.5350444465375,4.422783586170855,1.1920928955078125e-07,1.1920929e-07,1.1920929e-07,0.0,14.688,25.84,21.07,30.61,339.94,2491.12,0.25720664746674304,0.57443124
1984-07-06,1.3218311761775834e-21,1401.332678327752,4.151938643012626,1.1920928955078125e-07,1.1920929e-07,18.07,18.07,14.688,24.68,19.49,29.87,278.37,2278.31,0.279614406712651,3.4743826
1984-07-07,7.996724692520023e-22,1432.5492783029506,3.7467463593032035,1.1920928955078125e-07,1.1920929e-07,51.37,51.37,14.688,22.49,18.06,26.92,254.58,2084.84,0.7101499649322598,11.118024
1984-07-08,4.836945354716058e-22,1454.0084311424466,2.9604392433187012,1.1920928955078125e-07,1.1920929e-07,1.1920929e-07,0.0,14.688,18.205,11.0,25.41,493.11,1319.95,1.347765252400899,1.5843184
1984-07-09,2.920937949195392e-22,1450.103810944456,3.0351362368558505,1.1920928955078125e-07,1.1920929e-07,1.1920929e-07,0.0,14.636108,18.73,11.42,26.04,495.15,1353.62,1.1994507921395423,1.1118025
1984-07-10,1.7246159320652622e-22,1446.1094014911182,3.4235190472885813,1.1920928955078125e-07,1.1920929e-07,0.47,0.47,14.592003,20.88,15.54,26.22,404.28,1762.85,1.0645996144219925,0.94503206
1984-07-11,9.78398731849325e-23,1442.0318409687097,4.431365386000987,1.1920928955078125e-07,1.1920929e-07,1.1920929e-07,0.0,14.592003,25.445,19.09,31.8,430.57,2213.61,0.9425663703650267,0.917237
1984-07-12,3.0439806899784807e-23,1439.0246283134034,4.7326231719734695,1.1920928955078125e-07,1.1920929e-07,6.66,6.66,14.592003,26.66,20.21,33.11,320.92,2355.74,0.8616223277164945,0.80605674
1984-07-13,-1.9517190953687786e-23,1436.2505494926404,4.0219809243720395,1.1920928955078125e-07,1.1920929e-07,1.1920929e-07,0.0,14.592003,23.8,16.84,30.76,462.13,1907.34,0.7931311944726643,0.6856115
1984-07-14,-3.633520117914277e-23,1432.5926929774134,4.267492708729942,1.1920928955078125e-07,1.1920929e-07,1.1920929e-07,0.0,14.540109,24.955,18.04,31.87,454.56,2082.13,0.7110711111231105,0.6300214
1984-07-15,-2.2241263257376558e-23,1427.5758738649522,4.328815180471284,1.1920928955078125e-07,1.1920929e-07,1.1920929e-07,0.0,14.495997,25.325,18.5,32.15,450.27,2120.0,0.6121518383555875,0.5929613
1984-07-16,-1.171570259322314e-23,1422.388404923166,4.683417325232543,1.1920928955078125e-07,1.1920929e-07,1.1920929e-07,0.0,14.495997,26.8,21.81,31.79,358.86,2610.1,0.5243151881264796,0.57443124
1984-07-17,-6.666254445956691e-24,1418.1135486993226,4.108258652035186,1.1920928955078125e-07,1.1920929e-07,1.1920929e-07,0.0,14.495997,24.515,17.7,31.33,450.13,2032.27,0.4614872536319265,0.54663616
1984-07-18,-3.977268421289082e-24,1423.537678171138,3.869230643931433,1.1920928955078125e-07,1.1920929e-07,18.83,18.83,14.4441,23.455,17.28,29.63,321.23,1967.32,0.5426193090117751,0.79679173
1984-07-19,-2.3785335731591663e-24,1427.5184994801034,3.4642554708389044,1.1920928955078125e-07,1.1920929e-07,1.1920929e-07,0.0,14.399997,21.535,14.66,28.41,464.41,1665.26,0.6111040690034673,0.6948765
1984-07-20,-1.4261119657629324e-24,1423.2075937000832,3.436836002150042,1.1920928955078125e-07,1.1920929e-07,1.1920929e-07,0.0,14.399997,21.45,15.0,27.9,448.29,1718.81,0.5372977069550684,0.53737116
1984-07-21,-8.497854354698027e-25,1423.3078279855408,3.6464402603587986,1.1920928955078125e-07,1.1920929e-07,7.7,7.7,14.399997,22.475,17.09,27.86,296.04,1935.01,0.5389081365894435,1.1859226
1984-07-22,-4.74874179163877e-25,1424.9960485246413,3.6519266673077073,1.1920928955078125e-07,1.1920929e-07,2.32,2.32,14.305658,22.595,17.88,27.31,329.32,2060.22,0.5667690939869728,0.80605674
1984-07-23,-2.325831823813681e-25,1424.0502683041518,3.9280403670793556,1.1920928955078125e-07,1.1920929e-07,3.7,3.7,14.304006,23.885,19.01,28.76,296.91,2201.05,0.5509879236897155,0.6763465
1984-07-24,-1.2950389615674076e-25,1420.9889983699231,4.2601402438922245,1.1920928955078125e-07,1.1920929e-07,1.1920929e-07,0.0,14.304006,25.36,20.01,30.71,379.88,2320.98,0.5028588699473476,0.58369625
1984-07-25,-6.418735571108235e-26,1416.307703908495,4.0478975175492975,1.1920928955078125e-07,1.1920929e-07,1.1920929e-07,0.0,14.301225,24.515,18.17,30.86,428.49,2093.42,0.43726331089222925,0.52810615
1984-07-26,-2.712153153742374e-26,1412.3904354291374,3.4639281080265327,1.1920928955078125e-07,1.1920929e-07,1.1920929e-07,0.0,14.208003,21.95,16.44,27.46,403.62,1870.14,0.38899785527865055,0.48178104
1984-07-27,-1.5138650594141707e-26,1411.0222679282112,3.5790812238474032,1.1920928955078125e-07,1.1920929e-07,15.02,15.02,14.208003,22.535,17.95,27.12,264.89,2072.13,0.3734272146161875,0.80605674
1984-07-28,-7.092883763414335e-27,1410.4490718592604,3.014941170067214,1.1920928955078125e-07,1.1920929e-07,0.32,0.32,14.208003,19.59,14.33,24.85,402.76,1626.7,0.3670905818859391,0.6207563
1984-07-29,-3.1650965602104403e-27,1408.4414027675693,3.0470244740923347,1.1920928955078125e-07,1.1920929e-07,1.1920929e-07,0.0,14.111998,19.91,14.2,25.62,426.42,1615.95,0.3457319245790857,0.52810615
1984-07-30,-1.6765965095617257e-27,1405.1125017557863,3.1631460522526336,1.1920928955078125e-07,1.1920929e-07,1.1920929e-07,0.0,14.111998,20.59,16.0,25.18,361.42,1800.05,0.3130207333502726,0.5095761
1984-07-31,-5.566783176938899e-28,1401.7174428431824,3.171180318673667,1.1920928955078125e-07,1.1920929e-07,1.1920929e-07,0.0,14.111998,20.675,14.09,27.26,455.82,1607.51,0.2828452212228956,0.48178104
1984-08-01,-3.8409619429407687e-29,1397.9816858903002,3.834660194951576,1.1920928955078125e-07,1.1920929e-07,1.1920929e-07,0.0,14.015994,24.145,18.19,30.1,412.96,2095.26,0.252991949638248,0.453986
1984-08-02,-1.6034171111407237e-29,1396.3396907638821,4.131989751183749,1.1920928955078125e-07,1.1920929e-07,1.35,1.35,14.015994,25.49,20.48,30.5,340.83,2396.93,0.2408877386606972,0.44472098
1984-08-03,-5.727387133620607e-30,1401.5923349150987,4.129296396765995,1.1920928955078125e-07,1.1920929e-07,5.48,5.48,14.013214,25.415,21.12,29.71,239.94,2499.78,0.28179063228447504,2.9555414
1984-08-04,-1.465194611732321e-31,1414.2430224143857,3.926472817364569,1.1920928955078125e-07,1.1920929e-07,34.0,34.0,13.920003,24.48,19.53,29.43,272.18,2282.78,0.4111213128825823,2.8350961
1984-08-05,2.2299968272563594e-31,1424.8968651314874,4.012319581126651,1.1920928955078125e-07,1.1920929e-07,0.53,0.53,13.920003,24.73,20.0,29.46,349.06,2320.26,0.5650931378574523,0.79679173
1984-08-06,1.3452351331595376e-31,1420.9197833264532,3.8170279256135893,1.1920928955078125e-07,1.1920929e-07,1.15,1.15,13.824,24.02,17.79,30.25,423.83,2046.87,0.5018207241359063,0.6763465
1984-08-07,8.020781772357529e-32,1416.7629040647278,4.150098071327542,1.1920928955078125e-07,1.1920929e-07,1.1920929e-07,0.0,13.824,25.555,20.04,31.07,385.3,2326.88,0.4432468831319205,0.56516623
1984-08-08,4.103395559208094e-32,1410.7514896503499,4.111680535614242,1.1920928955078125e-07,1.1920929e-07,1.1920929e-07,0.0,13.824,25.465,20.0,30.93,385.75,2319.97,0.3704202675239881,0.51884115
1984-08-09,1.7876205637638264e-32,1406.9566953426888,4.181926311191725,1.1920928955078125e-07,1.1920929e-07,0.33,0.33,13.727997,25.94,20.53,31.35,375.72,2405.01,0.330740250325221,1.0469472
1984-08-10,1.031299033297584e-32,1415.1868566700398,4.135194603422357,1.1920928955078125e-07,1.1920929e-07,24.04,24.04,13.727997,25.635,20.68,30.59,268.38,2428.71,0.42287191037227934,3.4465876
1984-08-11,6.210674717738015e-33,1432.8674614127228,3.827435207516412,1.1920928955078125e-07,1.1920929e-07,19.24,19.24,13.6761,24.11,20.27,27.95,225.21,2362.56,0.7169287555420175,0.99135715
1984-08-12,3.7077888966764256e-33,1444.2628951443269,3.834543310797657,1.1920928955078125e-07,1.1920929e-07,12.73,12.73,13.632,24.06,20.5,27.62,213.62,2400.0,1.0074937680205984,2.8721561
1984-08-13,1.70197492903881e-33,1451.6025612685846,3.9046052873298227,1.1920928955078125e-07,1.1920929e-07,19.18,19.18,13.632,24.29,21.0,27.58,201.45,2480.0,1.2543448904349834,4.3267646
1984-08-14,2.120364922094552e-34,1456.1256902289324,3.9848934619030625,1.1920928955078125e-07,1.1920929e-07,5.56,5.56,13.535997,24.72,21.0,28.44,225.68,2480.0,1.4357177990768137,2.3440502
1984-08-15,-3.769098629453423e-34,1458.0639586158088,3.916471820041209,1.1920928955078125e-07,1.1920929e-07,6.64,6.64,13.535997,24.39,19.49,29.29,280.56,2279.07,1.5212581338177529,5.123556
1984-08-16,-2.1362705420919886e-34,1457.0138154402562,3.754198636070562,1.1920928955078125e-07,1.1920929e-07,1.1920929e-07,0.0,13.44165,23.78,17.12,30.44,451.77,1939.14,1.4742989043880819,1.352693
1984-08-17,-6.71728280990418e-35,1453.0394330173579,3.822971550461413,1.1920928955078125e-07,1.1920929e-07,1.1920929e-07,0.0,13.439995,24.15,18.0,30.3,430.8,2080.04,1.3093299596495864,1.0562123
1984-08-18,1.669930589059808e-35,1447.9577390159027,3.4852260633891547,1.1920928955078125e-07,1.1920929e-07,1.1920929e-07,0.0,13.439995,22.59,16.42,28.76,438.49,1867.34,1.1250037907376438,0.88944197
1984-08-19,1.961072668206518e-35,1444.703344697879,3.358552166116518,1.1920928955078125e-07,1.1920929e-07,0.37,0.37,13.343997,22.11,17.52,26.7,362.45,2003.69,1.0208307569310704,0.8431168
1984-08-20,1.1360278786538769e-35,1448.729129146302,2.887142725386733,1.1920928955078125e-07,1.1920929e-07,12.13,12.13,13.343997,19.465,14.0,24.93,316.45,1599.75,1.1512157485374988,1.7325587
1984-08-21,6.74063156317545e-36,1450.9730210885293,2.459513386941665,1.1920928955078125e-07,1.1920929e-07,1.1920929e-07,0.0,13.248009,16.865,9.25,24.48,499.42,1180.32,1.2309874328721375,0.8153218
1984-08-22,3.905633717581549e-36,1446.3892178724034,2.9272245291843895,1.1920928955078125e-07,1.1920929e-07,1.1920929e-07,0.0,13.248009,19.85,11.6,28.1,497.99,1367.73,1.0735313394344614,0.71340656
1984-08-23,2.3464614503612543e-36,1453.4980630584976,3.3425113262414095,1.1920928955078125e-07,1.1920929e-07,19.38,19.38,13.196108,22.115,16.45,27.78,305.59,1871.94,1.3273829433327917,1.4082831
1984-08-24,1.4143867755404253e-36,1460.918987444935,2.9680805429530372,1.1920928955078125e-07,1.1920929e-07,4.06,4.06,13.152,20.04,13.55,26.53,349.69,1564.24,1.656626170831531,1.399018
1984-08-25,8.505985906939189e-37,1458.1106211220435,2.800592999032471,1.1920928955078125e-07,1.1920929e-07,1.1920929e-07,0.0,13.152,19.085,12.34,25.83,456.27,1427.09,1.523379101144317,0.8153218
1984-08-26,5.026380193231312e-37,1453.9269660208142,2.8324643964994434,1.1920928955078125e-07,1.1920929e-07,1.1920929e-07,0.0,13.056,19.45,11.95,26.95,472.25,1395.63,1.3444909535470113,0.70414156
1984-08-27,2.6555696700353535e-37,1449.7279941185866,2.9436000147148205,1.1920928955078125e-07,1.1920929e-07,1.1920929e-07,0.0,13.056,20.155,12.3,28.01,474.32,1423.79,1.1860668291990306,0.6485514
1984-08-28,6.046745206812335e-38,1445.4436874655976,3.2438814424623934,1.1920928955078125e-07,1.1920929e-07,1.1920929e-07,0.0,12.96,22.005,15.38,28.63,429.12,1750.08,1.0436476194662068,0.6207563
1984-08-29,-6.551748359006733e-38,1441.0507342766634,3.5891893618750155,1.1920928955078125e-07,1.1920929e-07,1.1920929e-07,0.0,12.96,23.825,19.04,28.61,338.32,2207.2,0.9153554611158179,0.6114913
1984-08-30,-5.774951589243573e-38,1436.5414014036753,3.755148291440295,1.1920928955078125e-07,1.1920929e-07,1.1920929e-07,0.0,12.864003,24.81,19.0,30.62,382.54,2200.0,0.8000489388121119,0.58369625
1984-08-31,2.4295989800020754e-37,1432.1539304987762,3.5800400819739524,1.1920928955078125e-07,1.1920929e-07,1.1920929e-07,0.0,12.864003,24.02,18.5,29.54,372.25,2120.57,0.7018164334023353,0.5559012
1984-09-01,8.387691094170368e-37,1427.9823983471124,2.750110478650817,1.1920928955078125e-07,1.1920929e-07,1.1920929e-07,0.0,12.861222,19.51,12.41,26.61,445.79,1432.7,0.6196274148786299,0.5095761
1984-09-02,1.662801304418199e-36,1424.0162434903787,3.042885406963272,1.1920928955078125e-07,1.1920929e-07,1.1920929e-07,0.0,12.768005,21.415,14.1,28.73,439.71,1608.02,0.5504284525580206,0.5003111
1984-09-03,2.6481796690638394e-36,1420.2449044702698,3.569020958066147,1.1920928955078125e-07,1.1920929e-07,1.1920929e-07,0.0,12.768005,24.245,17.85,30.64,394.38,2054.76,0.4918099753880733,0.5095761
1984-09-04,3.728027389414106e-36,1416.6578198284813,3.0952097591318686,1.1920928955078125e-07,1.1920929e-07,12.31,12.31,12.672003,21.93,16.38,27.48,274.93,1860.81,0.4418583298551598,1.1395975
1984-09-05,4.835467651529144e-36,1413.2444281067078,2.1467794327525924,1.1920928955078125e-07,1.1920929e-07,1.1920929e-07,0.0,12.672003,15.785,9.54,22.03,415.49,1203.2,0.39904425551799727,0.75046664
1984-09-06,5.9036236414691004e-36,1409.9941678466444,2.0339365847432673,1.1920928955078125e-07,1.1920929e-07,1.1920929e-07,0.0,12.576006,15.06,8.87,21.25,412.0,1149.98,0.36213827702712137,0.56516623
1984-09-07,6.865618545294124e-36,1406.896477589986,1.8797543991521668,1.1920928955078125e-07,1.1920929e-07,1.1920929e-07,0.0,12.576006,13.81,5.87,21.75,464.89,921.73,0.33014612008820016,0.51884115
1984-09-08,7.654575549064354e-36,1403.9407958784277,1.9865697724330018,1.1920928955078125e-07,1.1920929e-07,1.1920929e-07,0.0,12.479998,14.87,7.21,22.53,450.63,1016.5,0.3022591185503163,0.49104607
1984-09-09,8.203617838839943e-36,1401.1165612536643,2.264353533922129,1.1920928955078125e-07,1.1920929e-07,1.1920929e-07,0.0,12.479998,17.065,9.7,24.43,431.98,1215.87,0.2778159143677153,0.47251603
1984-09-10,8.44586860068104e-36,1398.4132122573908,2.7601718602295744,1.1920928955078125e-07,1.1920929e-07,1.1920929e-07,0.0,12.383997,20.575,14.72,26.43,362.63,1675.61,0.2562727160254499,0.47251603
1984-09-11,8.314451020647782e-36,1395.8201874313027,2.908049497312367,1.1920928955078125e-07,1.1920929e-07,1.1920929e-07,0.0,12.383997,21.505,15.85,27.16,346.96,1788.17,0.23718008145041472,0.47251603
1984-09-12,7.742488284800319e-36,1393.3269253170943,2.95028120890508,1.1920928955078125e-07,1.1920929e-07,1.1920929e-07,0.0,12.287997,21.92,16.95,26.89,310.16,1915.8,0.2201647035092315,0.453986
1984-09-13,6.663103579198805e-36,1390.9228644564607,2.5934197242910884,1.1920928955078125e-07,1.1920929e-07,1.1920929e-07,0.0,12.287997,19.735,12.86,26.61,390.88,1468.92,0.20491505275739794,0.4169259
1984-09-14,5.0094200899033804e-36,1388.5974433910972,3.0305169942906813,1.1920928955078125e-07,1.1920929e-07,1.1920929e-07,0.0,12.287997,22.445,16.99,27.9,322.67,1930.53,0.1911700105706425,0.42619094
1984-09-15,1.8392942087928488e-36,1386.3310195447802,2.5458973372847002,1.1920928955078125e-07,1.1920929e-07,3.62,3.62,12.191998,19.61,13.0,26.22,282.72,1479.96,0.17866138332339565,0.453986
1984-09-16,-4.833623463148087e-36,1384.085022192495,1.5887776765256358,1.1920928955078125e-07,1.1920929e-07,1.1920929e-07,0.0,12.191998,11.865,4.59,19.14,415.68,847.34,0.16707308577503543,0.4169259
1984-09-17,-1.3578577435316782e-35,1381.8474907463642,1.5915442537239013,1.1920928955078125e-07,1.1920929e-07,1.1920929e-07,0.0,12.096,12.045,4.83,19.26,410.01,866.33,0.15627592360861892,0.39839587
1984-09-18,-2.273898442664135e-35,1379.608511103167,1.6790289339162914,1.1920928955078125e-07,1.1920929e-07,1.1920929e-07,0.0,12.096,12.93,5.18,20.68,418.21,894.22,0.1461702116114856,0.38913086
1984-09-19,-3.0658261156049875e-35,1377.3581691596842,1.8303688426343696,1.1920928955078125e-07,1.1920929e-07,1.1920929e-07,0.0,12.000003,14.485,5.39,23.58,439.27,906.04,0.1366716194056342,0.37986583
1984-09-20,-3.5679824342470493e-35,1375.0865508126944,2.3071699625176336,1.1920928955078125e-07,1.1920929e-07,1.1920929e-07,0.0,12.000003,18.35,9.49,27.21,420.95,1199.34,0.1277091194806968,0.37060082
1984-09-21,-3.6147090704831265e-35,1372.7837419589782,2.561572664814126,1.1920928955078125e-07,1.1920929e-07,1.1920929e-07,0.0,11.903997,20.29,13.51,27.07,358.46,1560.83,0.119223269814921,0.35207078
1984-09-22,-3.040347696206036e-35,1370.4398284953152,2.1996338453415913,1.1920928955078125e-07,1.1920929e-07,1.1920929e-07,0.0,11.903997,17.74,10.01,25.47,390.56,1240.66,0.111164760526094,0.34280574
1984-09-23,-1.3785492058710852e-35,1368.171263973171,2.4708508479857745,1.1920928955078125e-07,1.1920929e-07,1.1920929e-07,0.0,11.808,19.87,11.7,28.04,391.08,1375.83,0.10388439296785294,0.35207078
1984-09-24,2.3955057795197975e-35,1366.5977615287438,2.980749514099791,1.1920928955078125e-07,1.1920929e-07,1.1920929e-07,0.0,11.808,23.13,16.91,29.35,319.24,1911.83,0.0991166133531818,0.34280574
1984-09-25,7.494268424363999e-35,1365.9361788971728,3.124647150469356,1.1920928955078125e-07,1.1920929e-07,1.1920929e-07,0.0,11.711997,24.11,18.9,29.32,275.1,2184.6,0.09717792225185116,0.34280574
1984-09-26,1.2936997848671228e-34,1366.3413024134377,2.7164188641771205,1.1920928955078125e-07,1.1920929e-07,1.1920929e-07,0.0,11.711997,21.66,15.67,27.65,315.11,1773.81,0.09836054108058406,0.33354074
1984-09-27,1.7742953172451188e-34,1367.9679184125175,1.4495001740333864,1.1920928955078125e-07,1.1920929e-07,1.1920929e-07,0.0,11.711997,11.23,3.55,18.91,392.07,791.34,0.1032555710207303,0.3242757
1984-09-28,2.093139351571359e-34,1370.970813229392,1.1773891378573402,1.1920928955078125e-07,1.1920929e-07,12.81,12.81,11.616,8.065,4.13,12.0,183.41,810.33,0.11294122624097429,0.38913086
1984-09-29,2.1521577998468137e-34,1375.5047731990403,1.321234916754623,1.1920928955078125e-07,1.1920929e-07,3.29,3.29,11.616,9.81,5.91,13.71,180.07,920.0,0.1293138570283363,0.49104607
1984-09-30,1.8532765740724529e-34,1381.724584656442,1.4688788628734906,1.1920928955078125e-07,1.1920929e-07,1.1920929e-07,0.0,11.520008,11.545,5.68,17.41,327.03,917.62,0.15570348452463498,0.4169259
1984-10-01,1.165556457251799e-34,1388.8254468026394,1.5091821875586182,1.1920928955078125e-07,1.1920929e-07,17.75,17.75,11.520008,11.895,7.32,16.47,202.65,1025.44,0.19247588270550547,0.6392864
1984-10-02,5.093058620085832e-35,1391.4706987413226,1.4540666075056967,1.1920928955078125e-07,1.1920929e-07,2.22,2.22,11.423997,11.405,7.35,15.46,219.4,1028.36,0.2082944579501821,0.74120164
1984-10-03,7.402904171546598e-36,1390.7286350947952,1.4274582126990953,1.1920928955078125e-07,1.1920929e-07,1.1920929e-07,0.0,11.423997,11.12,3.68,18.56,374.93,800.0,0.2037301287974375,0.47251603
1984-10-04,-3.119464846057119e-36,1388.882402602837,1.6535915631612432,1.1920928955078125e-07,1.1920929e-07,1.1920929e-07,0.0,11.328,13.635,6.57,20.7,355.79,965.78,0.19280348281362322,0.4076609
1984-10-05,-1.566651790835101e-36,1387.1264950658342,1.6116678899986778,1.1920928955078125e-07,1.1920929e-07,1.1920929e-07,0.0,11.328,13.24,6.66,19.82,339.03,972.4,0.1829556170316398,0.38913086
1984-10-06,-4.809948696126301e-37,1385.439044546501,1.456416405286815,1.1920928955078125e-07,1.1920929e-07,1.1920929e-07,0.0,11.232,11.77,4.53,19.01,357.43,842.64,0.17396597410701425,0.37986583
1984-10-07,-9.734832971467276e-38,1383.808144009004,1.4578955980162571,1.1920928955078125e-07,1.1920929e-07,1.1920929e-07,0.0,11.232,11.805,6.63,16.98,286.57,970.32,0.16569758216281374,0.36133578
1984-10-08,-3.9952664979250976e-38,1382.4698542083383,1.6060206194390736,1.1920928955078125e-07,1.1920929e-07,1.1920929e-07,0.0,11.138781,13.51,8.5,18.52,276.92,1120.0,0.15920707319022132,0.37060082
1984-10-09,1.5364433716458192e-38,1381.3547883204797,1.9890160650672648,1.1920928955078125e-07,1.1920929e-07,2.0,2.0,11.136,17.04,12.86,21.22,232.97,1468.72,0.1539937606858979,0.38913086
1984-10-10,5.342070331864349e-38,1380.1529708092712,1.953543661174464,1.1920928955078125e-07,1.1920929e-07,1.1920929e-07,0.0,11.136,16.755,10.81,22.7,303.52,1305.13,0.1485658423567239,0.38913086
1984-10-11,5.903388077349357e-38,1378.5544261385562,1.957267151022531,1.1920928955078125e-07,1.1920929e-07,1.1920929e-07,0.0,11.04,16.95,11.47,22.43,284.59,1357.69,0.14164145891831978,0.37060082
1984-10-12,3.160352125381332e-38,1376.4994350596248,1.7795745656822834,1.1920928955078125e-07,1.1920929e-07,1.1920929e-07,0.0,11.04,15.4,7.72,23.08,347.69,1057.89,0.13321189340980982,0.37060082
1984-10-13,1.3956562545523446e-39,1374.4556927621925,1.836208502128255,1.1920928955078125e-07,1.1920929e-07,1.1920929e-07,0.0,10.944003,16.085,8.85,23.32,332.52,1148.11,0.12532608573765308,0.36133578
1984-10-14,-2.254334505848031e-38,1372.5246284336658,1.7046486278270359,1.1920928955078125e-07,1.1920929e-07,1.1920929e-07,0.0,10.944003,14.885,7.1,22.67,342.92,1008.32,0.11830444515846458,0.35207078
1984-10-15,-3.2273343719268074e-38,1370.788646413179,1.6346900620494975,1.1920928955078125e-07,1.1920929e-07,1.1920929e-07,0.0,10.848002,14.365,5.71,23.02,356.23,918.5,0.11232859147556681,0.33354074
1984-10-16,-2.245233885931957e-38,1369.315789518161,1.7405581121118052,1.1920928955078125e-07,1.1920929e-07,0.65,0.65,10.848002,15.41,9.82,21.0,274.08,1225.37,0.10749581279666115,0.35207078
1984-10-17,-1.0246835975753521e-38,1367.9672094933178,1.754014466931798,1.1920928955078125e-07,1.1920929e-07,1.1920929e-07,0.0,10.803894,15.62,12.74,18.5,156.18,1463.29,0.10325338544397115,0.36133578
1984-10-18,-2.097325819021446e-39,1366.5147048852405,1.9769419030206024,1.1920928955078125e-07,1.1920929e-07,0.84,0.84,10.752,17.705,13.12,22.29,232.18,1499.26,0.09887111823134913,0.35207078
1984-10-19,6.92762700375706e-41,1364.8051710852708,1.939962240758847,1.1920928955078125e-07,1.1920929e-07,1.1920929e-07,0.0,10.752,17.41,11.82,23.0,272.2,1385.55,0.09395105350304168,0.35207078
1984-10-20,3.418670278373354e-41,1364.066557673499,2.1158607285232036,1.1920928955078125e-07,1.1920929e-07,6.75,6.75,10.655997,19.03,15.0,23.06,156.85,1719.82,0.09190178334543639,0.6763465
1984-10-21,9.07979411207841e-42,1363.6889088310338,2.306616343651434,1.1920928955078125e-07,1.1920929e-07,1.1920929e-07,0.0,10.655997,20.505,14.6,26.41,273.9,1656.17,0.09087133479971675,0.44472098
1984-10-22,-2.1168130046098582e-43,1362.1423618352032,2.4480644806380543,1.1920928955078125e-07,1.1920929e-07,1.1920929e-07,0.0,10.559998,21.705,16.91,26.5,233.21,1912.88,0.0867705981068848,0.4076609
1984-10-23,-1.2790894917322872e-43,1386.2450503406164,2.0413212384598127,1.1920928955078125e-07,1.1920929e-07,47.9,47.9,10.559998,18.305,12.99,23.62,195.57,1479.5,0.17820337142677095,2.2421348
1984-10-24,-7.728005015366875e-44,1413.2003793279473,1.3838591295905294,1.1920928955078125e-07,1.1920929e-07,11.86,11.86,10.558345,11.625,8.76,14.49,124.56,1141.16,0.39851977446724807,1.1025374
1984-10-25,-4.181738555486168e-44,1419.0436252415227,1.5047087449795002,1.1920928955078125e-07,1.1920929e-07,5.08,5.08,10.464,13.045,9.87,16.22,156.2,1229.22,0.474482454862599,0.7782617
1984-10-26,-1.6783467861328257e-44,1418.7916696115378,2.025181175705738,1.1920928955078125e-07,1.1920929e-07,1.1920929e-07,0.0,10.464,17.935,12.76,23.11,255.35,1460.77,0.47092637010100236,0.6022263
1984-10-27,-6.552752660279039e-45,1416.0152904306515,2.3978624717145154,1.1920928955078125e-07,1.1920929e-07,1.1920929e-07,0.0,10.367997,20.995,15.12,26.87,267.25,1729.73,0.43346223669056183,0.53737116
1984-10-28,-3.8833329109253185e-45,1411.462730601409,2.3769844917956715,1.1920928955078125e-07,1.1920929e-07,1.1920929e-07,0.0,10.367997,20.9,14.24,27.56,282.14,1619.55,0.3783707131336645,0.51884115
1984-10-29,-2.3299647404300208e-45,1418.7620072769548,2.3372188554989473,1.1920928955078125e-07,1.1920929e-07,19.08,19.08,10.323892,20.595,15.23,25.96,183.84,1737.22,0.47050947531428594,2.8999512
1984-10-30,-1.4060343400701233e-45,1426.4144552038085,1.6420887528029064,1.1920928955078125e-07,1.1920929e-07,1.1920929e-07,0.0,10.272,14.68,7.51,21.85,299.9,1041.17,0.5912877218779602,0.92650205
1984-10-31,-8.476453875745614e-46,1424.164846342144,1.698579967406557,1.1920928955078125e-07,1.1920929e-07,1.1920929e-07,0.0,10.272,15.26,9.86,20.66,252.24,1229.02,0.552876119274639,0.71340656
1984-11-01,-5.045537223090168e-46,1422.0167308273608,1.539738483400467,1.1920928955078125e-07,1.1920929e-07,1.1920929e-07,0.0,10.176,13.835,9.1,18.57,229.7,1168.18,0.5185287993290236,0.6207563
1984-11-02,-2.776754539440742e-46,1420.1376327238413,1.4423206020926815,1.1920928955078125e-07,1.1920929e-07,0.34,0.34,10.176,12.8,8.5,17.1,215.74,1119.8,0.49023726848068433,0.5929613
1984-11-03,-1.094486661090331e-46,1418.6067928168368,0.8594007910947759,1.1920928955078125e-07,1.1920929e-07,1.1920929e-07,0.0,10.176,4.76,-2.13,11.65,299.45,522.18,0.46833399566535977,0.54663616
1984-11-04,-3.030131847114504e-47,1417.3745892876625,0.9754752431313899,1.1920928955078125e-07,1.1920929e-07,1.1920929e-07,0.0,10.079997,6.84,0.09,13.59,291.53,611.04,0.4514165820786267,0.51884115
1984-11-05,-1.6507300153524655e-47,1417.5651523871725,1.3954017574561912,1.1920928955078125e-07,1.1920929e-07,18.63,18.63,10.079997,12.45,9.55,15.35,114.46,1203.84,0.4539923863651147,1.825209
1984-11-06,-6.539407180562682e-48,1419.1809757385606,1.1251664795384184,1.1920928955078125e-07,1.1920929e-07,1.1920929e-07,0.0,10.035892,9.095,3.73,14.46,252.52,800.0,0.4764323068668029,0.99135715
1984-11-07,-1.8032852890440885e-48,1419.648543236379,0.868798951474544,1.1920928955078125e-07,1.1920929e-07,1.1920929e-07,0.0,9.983997,5.2,0.1,10.3,245.83,609.57,0.48313024271530175,0.7319366
1984-11-08,-9.816198438750711e-49,1418.2000581661846,0.7464463018306877,1.1920928955078125e-07,1.1920929e-07,1.1920929e-07,0.0,9.983997,2.945,-3.68,9.57,283.33,463.43,0.4626808150898841,0.6392864
1984-11-09,-3.91870090161454e-49,1416.725867527331,0.8860556143218105,1.1920928955078125e-07,1.1920929e-07,1.1920929e-07,0.0,9.888,5.675,-1.78,13.13,292.14,537.42,0.4427569955969366,0.6022263
1984-11-10,-1.0943275965213297e-49,1415.7683079473063,1.1980264810635604,1.1920928955078125e-07,1.1920929e-07,1.0,1.0,9.888,10.35,3.74,16.96,268.07,800.23,0.4302774708720329,0.6022263
1984-11-11,-4.649744616019432e-50,1415.1819308172364,1.3166616597734482,1.1920928955078125e-07,1.1920929e-07,5.86,5.86,9.888,11.855,7.46,16.25,153.46,1036.96,0.42280972062961636,0.71340656
1984-11-12,2.629621634419735e-50,1414.260586462499,0.9758861952567108,1.1920928955078125e-07,1.1920929e-07,0.07,0.07,9.792,7.325,2.44,12.21,225.8,727.6,0.41133697254516627,0.74120164
1984-11-13,9.139267554070366e-50,1413.1065871629885,0.8361643960883212,1.1920928955078125e-07,1.1920929e-07,1.1920929e-07,0.0,9.792,4.985,1.28,8.69,186.56,662.1,0.39740530314298983,0.58369625
1984-11-14,1.2894702713060186e-49,1411.829974750984,0.8698177415073931,1.1920928955078125e-07,1.1920929e-07,1.1920929e-07,0.0,9.792,5.595,0.42,10.77,239.83,633.52,0.3825424418620985,0.53737116
1984-11-15,1.1911436681516909e-49,1410.540791058766,0.8598990357497144,1.1920928955078125e-07,1.1920929e-07,1.1920929e-07,0.0,9.698783,5.58,-2.44,13.6,288.93,513.47,0.3680972556060443,0.5095761
1984-11-16,7.171075638338617e-50,1409.2735168596198,1.0450276044019793,1.1920928955078125e-07,1.1920929e-07,0.13,0.13,9.696003,8.59,3.25,13.93,233.27,779.67,0.3544293164143557,0.5095761
1984-11-17,4.0571871548839686e-50,1408.0955356041227,0.7747007278776322,1.1920928955078125e-07,1.1920929e-07,1.1920929e-07,0.0,9.696003,4.04,-1.76,9.84,246.77,541.48,0.342179959251111,0.48178104
1984-11-18,-2.2108962056985185e-10,1408.7186764195742,0.7375059442765141,1.1920928955078125e-07,1.1920929e-07,2.38,2.38,9.696003,3.3,-1.31,7.91,192.57,560.0,0.348606061680157,0.48178104
1984-11-19,-2.0461660255473043e-10,1413.5524921793688,0.667354854492989,1.1920928955078125e-07,1.1920929e-07,9.09,9.09,9.6,1.92,-0.65,4.49,98.11,587.87,0.4027316655522661,0.6948765
1984-11-20,0.3928169500956157,1416.624279375664,0.5060037932317184,1.1920928955078125e-07,1.1920929e-07,1.1920929e-07,0.0,9.6,-2.105,-6.8,2.59,218.13,360.0,0.4414160522461434,0.72267157
1984-11-21,0.39281743654808576,1415.6762465462537,0.5201076024558412,1.1920928955078125e-07,1.1920929e-07,1.1920929e-07,0.0,9.6,-1.705,-6.91,3.5,230.07,360.0,0.4290963621801613,0.5559012
1984-11-22,0.39282347112332716,1414.7263111119576,0.5335875746121591,1.1920928955078125e-07,1.1920929e-07,1.1920929e-07,0.0,9.555897,-1.265,-7.02,4.49,241.96,358.35,0.417096813106736,0.51884115
1984-11-23,0.4049493307221383,1413.7486877611905,0.5870168573125283,0.32998501441127615,1.1920929e-07,1.1920929e-07,0.0,9.504003,0.195,-7.09,7.48,264.16,360.0,0.4050977928205124,0.5559012
1984-11-24,0.1612031648849236,1412.9508197886353,0.6979560205502636,0.13439399255699996,1.1920929e-07,1.1920929e-07,0.0,9.504003,2.735,-5.33,10.8,267.89,415.95,0.3955613025856244,0.5003111
1984-11-25,0.07406479258459517,1411.9000315916398,0.7927676424506862,0.050152050231512244,1.1920929e-07,1.1920929e-07,0.0,9.504003,4.645,-3.39,12.68,262.69,478.56,0.3833434647045955,0.49104607
1984-11-26,0.03800987167643225,1410.7364754459452,0.8527773065728853,0.02257394541402398,1.1920929e-07,1.1920929e-07,0.0,9.459894,5.83,-3.31,14.97,269.01,479.64,0.37025424762247583,0.47251603
1984-11-27,0.02068972015493244,1408.6992698124982,0.9224503929900763,0.011411220164477728,1.1920929e-07,1.1920929e-07,0.0,9.408,7.135,-1.71,15.98,262.88,543.15,0.34840412316526803,0.47251603
1984-11-28,0.01145100720373605,1412.9474329381774,1.2649361476882186,0.006052959779353233,1.1920929e-07,14.02,14.02,9.408,12.035,6.18,17.89,160.95,940.7,0.39552130366335647,2.1494846
1984-11-29,0.00676095700929242,1443.5629424562571,0.9403648902079165,0.003494711343458729,1.1920929e-07,49.26,49.26,9.408,7.055,0.03,14.08,177.55,610.86,0.9866564802844316,11.859226
1984-11-30,0.004030627405137148,1466.2134053566224,0.7536229563990848,0.0020559230980941637,1.1920929e-07,1.1920929e-07,0.0,9.408,3.475,-3.24,10.19,232.76,480.0,1.9403410048119587,2.4922905
1984-12-01,0.0024146177952784277,1463.7989215178975,0.9252141992536964,0.0012218841372295145,1.1920929e-07,1.1920929e-07,0.0,9.363897,6.665,1.79,11.54,186.51,701.83,1.805381852657878,1.7232938
1984-12-02,0.0014349742570236143,1461.1976396852933,0.8263371932964858,0.0007226349179739412,1.1920929e-07,1.1920929e-07,0.0,9.311997,5.06,-0.78,10.9,210.29,577.6,1.6704667862745275,1.352693
1984-12-03,0.0008596411001286302,1462.371961304426,0.9462825490350175,0.0004316679957399832,1.1920929e-07,6.2,6.2,9.311997,7.11,2.93,11.29,122.7,754.24,1.7300770965896248,1.4546082
1984-12-04,0.0005163827048097975,1462.9787396895815,0.718671893622039,0.00025885797866816087,1.1920929e-07,1.1920929e-07,0.0,9.311997,2.955,-2.56,8.47,205.08,515.15,1.7617068657285346,1.3063679
1984-12-05,0.00031126902800176646,1460.114838823352,0.6083360186000066,0.000154863256427179,1.1920929e-07,1.1920929e-07,0.0,9.311997,0.54,-2.3,3.38,119.9,520.0,1.61732387319974,1.0840074
1984-12-06,0.00019455254167740968,1465.8578720191983,0.6011146565165153,9.140449527091084e-05,1.4412403e-05,15.599985,15.6,9.311997,0.31,-2.24,2.86,82.18,520.0,1.9198522421757385,3.594828
1984-12-07,2.7261683230360036,1468.3122279855538,0.4704975509831233,1.1920928955078125e-07,1.1920929e-07,1.1920929e-07,0.0,9.310348,-3.205,-7.94,1.53,187.55,330.75,2.0658263962768464,1.9456543
1984-12-08,2.7257073186941376,1465.8127222974376,0.5515407136001164,1.1920928955078125e-07,1.1920929e-07,1.1920929e-07,0.0,9.2187805,-0.785,-7.26,5.69,226.22,360.0,1.9172658724170402,1.399018
1984-12-09,1.6641293921877818,1464.4195505298444,0.6331589488689926,1.6641183826858998,1.1920929e-07,1.1920929e-07,0.0,9.216,1.23,-5.41,7.87,227.65,410.09,1.8391487910363202,1.2507777
1984-12-10,0.5993813423128012,1462.999444813903,0.7302139550487322,0.5978901238075817,1.1920929e-07,1.1920929e-07,0.0,9.216,3.345,-1.78,8.47,194.35,537.53,1.762796312881955,1.2137177
1984-12-11,0.2230289270676313,1460.8742883412274,0.8560765729763085,0.20138100658480895,1.1920929e-07,1.1920929e-07,0.0,9.216,5.755,1.74,9.77,159.73,695.38,1.654416670944097,1.1395975
1984-12-12,0.09436947906910378,1458.5617122705783,0.7175354087898154,0.06793143384031834,1.1920929e-07,1.1920929e-07,0.0,9.216,3.13,-2.14,8.4,196.74,520.61,1.544035789375058,1.0284172
1984-12-13,0.04640963666326005,1457.380559781415,1.0802428528634964,0.028494843838698866,1.1920929e-07,2.76,2.76,9.216,9.375,2.8,15.95,175.18,744.34,1.4905315526591625,1.0840074
1984-12-14,0.02432975025210346,1456.0740142617499,1.2125244937158632,0.013637460173953621,1.1920929e-07,1.1920929e-07,0.0,9.216,11.21,6.51,15.91,172.11,960.62,1.4335042807348115,0.99135715
1984-12-15,0.012628353698168542,1453.9108945921478,1.0742312191360437,0.006712336144321181,1.1920929e-07,1.0,1.0,9.216,9.325,5.36,13.29,154.65,908.93,1.343845940347537,0.92650205
1984-12-16,0.005672724944021292,1452.055772941892,0.9622078157473821,0.002916790425925798,1.1920929e-07,0.02,0.02,9.216,7.635,3.61,11.66,158.94,793.77,1.2714340312405332,0.8801769
1984-12-17,0.003030616533189973,1450.0380108256384,1.2086389756797078,0.0015382681007355616,1.1920929e-07,1.1920929e-07,0.0,9.216,11.225,5.26,17.19,204.54,900.42,1.1970965941095881,0.8523819
1984-12-18,0.0009864267063429454,1448.6513276909557,1.2716246238380038,0.000495645927564084,1.1920929e-07,1.1920929e-07,0.0,9.216,12.05,6.35,17.75,197.31,948.11,1.1485445846313318,0.8338518
1984-12-19,-0.00028000594081907873,1447.9691791487694,1.0258324410309563,1.1920928955078125e-07,1.1920929e-07,3.11,3.11,9.216,8.67,3.61,13.73,138.24,800.0,1.1253881343416425,0.8709119
1984-12-20,-0.00038661869690052067,1447.9468368554,0.8362755555239233,1.1920928955078125e-07,1.1920929e-07,1.94,1.94,9.216,5.535,1.0,10.07,146.89,640.0,1.1246376430438412,1.0006222
1984-12-21,-0.00010119154157264414,1447.8373569387481,0.7650154437805684,1.1920928955078125e-07,1.1920929e-07,10.52,10.52,9.216,4.195,0.5,7.89,111.82,640.0,1.1209673742214983,1.3156328
1984-12-22,0.00018324812749972183,1447.460325768564,0.9379048421674114,9.170801341694947e-05,1.1920929e-07,5.26,5.26,9.216,7.29,1.33,13.25,155.2,670.65,1.1084189717475252,1.9919794
1984-12-23,0.0003869031454410175,1446.8995427717946,0.7954325438449984,0.0001938258073635501,1.1920929e-07,1.1920929e-07,0.0,9.216,4.79,-3.27,12.85,240.66,480.0,1.0900142858731792,1.1951876
1984-12-24,0.0004299763473756831,1446.2388073753866,0.6728594039146367,0.0002154503721240057,1.1920929e-07,1.1920929e-07,0.0,9.216,2.305,-3.77,8.38,215.37,458.4,1.0687209695799036,1.0562123
1984-12-25,0.000262293955517522,1445.5049098634527,0.7349381458455354,0.0001313189729579057,1.1920929e-07,2.0,2.0,9.216,3.62,-2.22,9.46,211.53,520.0,1.04555712821125,1.0654774
1984-12-26,2.046150722315854e-05,1444.441914050652,0.5380549813370332,1.1920928955078125e-07,1.1920929e-07,1.1920929e-07,0.0,9.216,-0.925,-6.66,4.81,214.49,360.0,1.0128933842864023,0.88944197
1984-12-27,-0.0002102235508032003,1443.005758759923,0.6853804238360832,1.1920928955078125e-07,1.1920929e-07,1.1920929e-07,0.0,9.216,2.61,-1.05,6.27,157.96,565.46,0.970377872256728,0.88944197
1984-12-28,-0.0003626928507474436,1441.1947872446472,1.0455800083318483,1.1920928955078125e-07,1.1920929e-07,1.1920929e-07,0.0,9.216,9.04,1.28,16.8,239.6,662.18,0.9193010036528597,0.8709119
1984-12-29,-0.00036987802479546,1439.007342758206,1.625277353046368,1.1920928955078125e-07,1.1920929e-07,1.1920929e-07,0.0,9.216,16.15,9.69,22.61,213.18,1215.1,0.8611777490290978,0.8616469
1984-12-30,-0.00022712509208019693,1436.420649057875,1.491799782581184,1.1920928955078125e-07,1.1920929e-07,1.1920929e-07,0.0,9.216,14.77,7.54,22.0,227.49,1043.21,0.7971696191251866,0.8245868
1984-12-31,-0.00011118970750888992,1433.847837061573,1.5526338185585546,1.1920928955078125e-07,1.1920929e-07,1.1920929e-07,0.0,9.216,15.455,8.61,22.3,220.33,1129.15,0.7382248905573496,0.7782617
1985-01-01,-5.1010005860801686e-05,1432.3148615826233,0.9752939145495038,1.1920928955078125e-07,1.1920929e-07,1.0,1.0,9.216,8.055,3.23,12.88,212.92,778.17,0.7051968305404486,0.7875267
1985-01-02,-3.0882781287840054e-05,1436.2397492910807,1.1091423251080574,1.1920928955078125e-07,1.1920929e-07,9.77,9.77,9.267895,9.93,3.88,15.98,172.47,800.29,0.7928754729399587,1.7418238
1985-01-03,-1.8720785156714117e-05,1441.8117457139424,0.6546752926833288,1.1920928955078125e-07,1.1920929e-07,4.62,4.62,9.311997,1.795,-1.69,5.28,128.04,544.56,0.9363925096771076,1.3434279
1985-01-04,0.12106784382788563,1443.1309360007072,0.5433558369875754,1.1920928955078125e-07,0.2839984,1.4060017,1.69,9.311997,-0.92,-2.6,0.76,88.94,505.98,0.9740114841394496,1.0654774
1985-01-05,0.16506084798096213,1444.5891636318063,0.5932114589882467,0.1314562940566713,3.3304093e-06,4.4699965,4.47,9.311997,0.33,-2.1,2.76,95.27,520.8,1.017356450042139,1.1303325
1985-01-06,0.07272505127856205,1445.4204643765954,0.6371001017214701,0.0490312602056437,1.1920929e-07,1.1920929e-07,0.0,9.311997,1.36,-3.39,6.11,215.18,477.92,1.0429242107414833,0.99135715
1985-01-07,0.032689057534943756,1443.7831660862594,0.6535619023962446,0.01899242674979556,1.1920929e-07,1.1920929e-07,0.0,9.311997,1.75,-2.43,5.93,198.97,520.0,0.9931655502226292,0.94503206
1985-01-08,0.018302823660882483,1442.197700618976,0.5875433168100205,0.008544424134208806,1.1920929e-07,1.1920929e-07,0.0,9.311997,0.215,-3.21,3.64,173.63,479.98,0.9472457569160959,0.88944197
1985-01-09,0.01734653395607551,1440.794797347538,0.3812418699762148,1.1920928955078125e-07,1.1920929e-07,1.1920929e-07,0.0,9.408,-6.005,-10.82,-1.19,224.85,278.97,0.9083871933583709,0.79679173
1985-01-10,0.8703765705659514,1439.5409568322596,0.35607145789384514,1.1920928955078125e-07,2.0,1.1920929e-07,2.0,9.408,-6.925,-10.64,-3.21,211.71,277.67,0.8750084702179937,0.75973165
1985-01-11,3.6113847556506715,1438.3164464353508,0.37438020360670776,1.1920928955078125e-07,3.25,1.1920929e-07,3.25,9.408,-6.23,-8.63,-3.83,110.89,319.91,0.8435946941973197,0.74120164
1985-01-12,5.266938664837427,1437.120101766713,0.3712056550824813,1.1920928955078125e-07,1.1920929e-07,1.1920929e-07,0.0,9.408,-6.335,-10.89,-1.78,246.96,280.0,0.81399296496758,0.70414156
1985-01-13,5.267572057612486,1435.9049535683573,0.46493910835591107,1.1920928955078125e-07,1.1920929e-07,1.1920929e-07,0.0,9.408,-3.205,-8.23,1.82,261.54,323.05,0.784989115678333,0.6670815
1985-01-14,5.278561315963858,1434.6029079777636,0.5792021023205848,1.1920928955078125e-07,1.1920929e-07,1.1920929e-07,0.0,9.504003,-0.21,-6.05,5.63,281.27,396.25,0.7550571189016281,0.6485514
1985-01-15,5.1687152000834535,1433.39417258157,0.5373161859528142,1.1920928955078125e-07,1.1920929e-07,1.1920929e-07,0.0,9.504003,-1.275,-6.82,4.27,277.77,360.0,0.7282926817494587,0.6392864
1985-01-16,5.168583150600158,1432.252943768113,0.35486607706620493,1.1920928955078125e-07,1.1920929e-07,1.1920929e-07,0.0,9.504003,-7.04,-12.0,-2.08,267.2,240.0,0.7038943087057896,0.6207563
1985-01-17,8.597634439230283,1431.1659664261947,0.437859152573983,1.1920928955078125e-07,6.85,1.1920929e-07,6.85,9.504003,-4.14,-7.98,-0.3,170.82,333.3,0.6814161914774753,0.6022263
1985-01-18,12.049230149412146,1430.0147723797622,0.5275948855548858,1.1920928955078125e-07,1.1920929e-07,1.1920929e-07,0.0,9.6,-1.645,-3.95,0.66,148.35,451.12,0.6583922891020015,0.58369625
1985-01-19,12.053249950791212,1428.7448515742758,0.5372068915080462,1.1920928955078125e-07,1.1920929e-07,1.1920929e-07,0.0,9.6,-1.375,-4.0,1.25,167.82,440.0,0.6338952165400006,0.58369625
1985-01-20,12.358660942192353,1427.7167000501504,0.28376964248928477,1.1920928955078125e-07,0.53,1.1920929e-07,0.53,9.6,-10.125,-18.59,-1.66,335.09,144.84,0.6147312245995808,0.57443124
1985-01-21,12.614775389515824,1426.902802067911,0.1526467034457468,1.1920928955078125e-07,1.1920929e-07,1.1920929e-07,0.0,9.602783,-18.015,-23.79,-12.24,304.37,80.0,0.5999724809570516,0.57443124
1985-01-22,12.620013977716054,1426.103302634434,0.2849850304717219,1.1920928955078125e-07,1.1920929e-07,1.1920929e-07,0.0,9.696003,-10.185,-16.15,-4.22,308.57,172.99,0.5858198684882165,0.56516623
1985-01-23,12.619969090055669,1425.172120394062,0.4229636425225629,1.1920928955078125e-07,1.1920929e-07,1.1920929e-07,0.0,9.696003,-4.84,-9.7,0.02,278.83,289.62,0.5697565301930004,0.5559012
1985-01-24,12.619969182423347,1424.1380552914611,0.5206996433883349,1.1920928955078125e-07,1.1920929e-07,1.1920929e-07,0.0,9.696003,-1.915,-6.45,2.62,267.71,364.13,0.552434035764242,0.54663616
1985-01-25,12.133550934074925,1423.5058089299905,0.6178756867369877,3.5863976141050102,1.1920929e-07,1.1920929e-07,0.0,9.792,0.405,-3.66,4.47,249.41,462.26,0.5421032245483552,0.53737116
1985-01-26,12.928020642965807,1423.2673123341362,0.46333998854187397,1.1920928955078125e-07,3.3,1.1920929e-07,3.3,9.792,-3.69,-9.14,1.76,227.67,306.16,0.5382566052126602,0.52810615
1985-01-27,14.574024723572442,1422.314932273714,0.396167300157983,1.1920928955078125e-07,1.1920929e-07,1.1920929e-07,0.0,9.792,-5.85,-11.53,-0.17,313.91,254.57,0.5231662350573244,0.51884115
1985-01-28,14.575628473868374,1421.3615406007482,0.4811337775163713,1.1920928955078125e-07,1.1920929e-07,1.1920929e-07,0.0,9.888,-3.28,-8.5,1.94,301.97,320.0,0.5084835743064311,0.5559012
1985-01-29,14.575628473868507,1420.3799769428165,0.47653558480424063,1.1920928955078125e-07,1.1920929e-07,1.1920929e-07,0.0,9.888,-3.405,-8.1,1.29,287.39,320.7,0.49379744574208756,0.53737116
1985-01-30,14.563696946808914,1419.4409319802667,0.43900438630417615,1.1920928955078125e-07,1.1920929e-07,1.1920929e-07,0.0,9.888,-4.54,-10.5,1.42,328.38,280.0,0.4801446526251513,0.51884115
1985-01-31,17.67463730489419,1418.488163706019,0.5256369329999917,1.1920928955078125e-07,7.2598195,0.00018066466,7.26,9.983997,-2.14,-5.42,1.14,170.58,407.46,0.46667807901253233,0.5003111
1985-02-01,20.819968955079407,1424.452170838976,0.6328060141759828,4.165927357265446,2.6640296e-06,12.769998,12.77,9.983997,0.46,-1.02,1.94,85.83,560.0,0.557639607959035,1.1395975
1985-02-02,17.48330207986356,1439.4132816330648,0.5780313324436145,1.1920928955078125e-07,3.4745488,8.125452,11.6,9.983997,-0.995,-3.37,1.38,135.14,474.16,0.8716791796462136,2.8443613
1985-02-03,23.389627249872646,1438.4282223957737,0.40056628309374526,1.1920928955078125e-07,1.3,1.1920929e-07,1.3,10.079997,-6.25,-11.03,-1.47,309.67,270.77,0.8464148141960399,1.1488625
1985-02-04,23.777981316423823,1437.2441337692314,0.3218634269750817,1.1920928955078125e-07,1.1920929e-07,1.1920929e-07,0.0,10.079997,-9.19,-17.16,-1.22,376.97,160.0,0.8170130505857225,0.72267157
1985-02-05,24.069977561133573,1436.104350534259,0.3699435558206005,1.1920928955078125e-07,0.82,1.1920929e-07,0.82,10.079997,-7.31,-13.35,-1.27,344.69,214.57,0.7896765592942946,0.80605674
1985-02-06,27.421384012057633,1434.8749447924272,0.5415522566966986,1.1920928955078125e-07,5.689872,0.00012819887,5.69,10.176,-2.15,-6.62,2.32,222.22,363.81,0.7612150224491127,0.92650205
1985-02-07,30.290147785801707,1433.5880075488697,0.508192169233496,1.1920928955078125e-07,1.1920929e-07,1.1920929e-07,0.0,10.176,-3.035,-7.81,1.74,311.56,339.11,0.7325199114803588,0.75973165
1985-02-08,30.290175755165563,1432.448709012286,0.357899517847853,1.1920928955078125e-07,1.1920929e-07,1.1920929e-07,0.0,10.270348,-7.975,-12.05,-3.9,287.23,240.0,0.7080207279531275,0.5559012
1985-02-09,30.290175755165563,1431.3656711755743,0.41762251931246186,1.1920928955078125e-07,1.1920929e-07,1.1920929e-07,0.0,10.272,-5.87,-9.28,-2.46,252.79,297.27,0.6854914645586713,0.53737116
1985-02-10,30.290175754625373,1430.246646677369,0.4775412531405851,1.1920928955078125e-07,1.1920929e-07,1.1920929e-07,0.0,10.272,-4.005,-9.22,1.21,335.11,302.4,0.6629663508028886,0.51884115
1985-02-11,30.34112944761697,1428.8680488176926,0.5727535539686645,1.1920928955078125e-07,1.1920929e-07,1.1920929e-07,0.0,10.367997,-1.56,-7.54,4.42,359.66,356.94,0.6362312437527766,0.51884115
1985-02-12,19.407760269642456,1458.0421681333453,0.812120740599406,19.407760269642456,1.1920929e-07,38.95,38.95,10.367997,3.225,-0.65,7.1,206.05,587.88,1.5202686950661062,32.24227
1985-02-13,8.724148899562449,1487.801477145846,0.6663738926978846,1.1920928955078125e-07,0.00017344057,5.6998267,5.7,10.419894,-0.04,-3.09,3.01,218.7,487.55,3.6966978864226423,7.662172
1985-02-14,8.84334113884276,1485.6451097472802,0.6086620846804078,1.1920928955078125e-07,1.1920929e-07,1.1920929e-07,0.0,10.464,-1.38,-5.52,2.76,303.59,407.46,3.466187138502983,2.2143397
1985-02-15,8.842695050108155,1481.7937106333839,0.5515815902468651,1.1920928955078125e-07,1.1920929e-07,1.1920929e-07,0.0,10.464,-2.74,-7.31,1.83,328.98,357.42,3.0896573140475234,1.6213785
1985-02-16,8.842695050118248,1478.3473716505584,0.48724176581964546,1.1920928955078125e-07,1.1920929e-07,1.1920929e-07,0.0,10.559998,-4.57,-10.02,0.88,365.92,280.0,2.7875399298559196,1.3156328
1985-02-17,8.86174013681822,1475.1072192176923,0.6642566458105028,1.1920928955078125e-07,1.1920929e-07,1.1920929e-07,0.0,10.559998,-0.155,-6.54,6.23,388.89,372.72,2.5304952976608037,1.1673925
1985-02-18,4.363305342489291,1476.3413392801244,0.7718256054737284,4.363305342489291,1.1920929e-07,1.1920929e-07,0.0,10.655997,1.885,-3.94,7.71,371.13,444.44,2.625479080011596,1.0932723
1985-02-19,1.5950631576217493,1475.6709591549193,0.86837952449228,1.5950629690370055,1.1920929e-07,1.1920929e-07,0.0,10.655997,3.635,-1.1,8.37,335.32,566.38,2.573449429423078,1.0747423
1985-02-20,0.581411293049042,1473.3793562114922,0.7403622010104814,0.5796790752421462,1.1920929e-07,1.1920929e-07,0.0,10.655997,1.305,-4.89,7.5,391.87,440.0,2.4032561658783957,1.0376823
1985-02-21,0.21742992756329377,1470.6909441731927,0.7861643086084726,0.19523418466063044,1.1920929e-07,1.1920929e-07,0.0,10.752,2.08,-6.49,10.65,434.5,361.5,2.2178849124748736,0.95429707
1985-02-22,0.09282658210492736,1467.6910575484785,1.248255380206248,0.06653097664647828,1.1920929e-07,1.1920929e-07,0.0,10.752,9.115,1.98,16.25,404.95,706.69,2.0278648540894944,1.0006222
1985-02-23,0.0458376460170443,1464.3980592632793,1.567354108443489,0.02808146926008921,1.1920929e-07,1.1920929e-07,0.0,10.848002,12.615,4.87,20.36,406.02,869.32,1.837969013906748,1.1951876
1985-02-24,0.02381772513919606,1460.9631134652222,1.8340236687735187,0.013320406063116427,1.1920929e-07,1.1920929e-07,0.0,10.848002,15.205,6.31,24.1,384.72,944.52,1.6588102372081894,1.2693077
1985-02-25,0.012617815232538618,1457.962501673012,1.785476346250722,0.00670640353399913,1.1920929e-07,1.1920929e-07,0.0,10.944003,14.655,6.53,22.78,372.21,962.33,1.5166567604362293,1.1951876
1985-02-26,0.004074495579993556,1456.3376738837007,1.1187717358513027,0.0020787458346476,1.1920929e-07,2.0,2.0,10.944003,7.265,3.99,10.54,223.0,800.0,1.444833855957688,1.1118025
1985-02-27,-0.00048017518720814764,1454.898025975138,1.1223219829863695,1.1920928955078125e-07,1.1920929e-07,1.1920929e-07,0.0,10.946783,7.325,3.34,11.31,266.41,776.71,1.3840435968533193,1.0376823
1985-02-28,-0.0005284949510358343,1452.7460139992452,0.6744962744360654,1.1920928955078125e-07,1.1920929e-07,1.1920929e-07,0.0,11.04,-0.355,-7.62,6.91,389.62,350.63,1.2979091530436044,0.88944197
1985-03-01,-0.00025061435389920727,1450.6085195885892,0.8835031925784561,1.1920928955078125e-07,1.1920929e-07,1.1920929e-07,0.0,11.04,3.62,-4.01,11.25,394.22,440.0,1.2176628924910426,0.8523819
1985-03-02,-9.908039382327323e-05,1448.4509033673075,1.1179464000666883,1.1920928955078125e-07,1.1920929e-07,1.1920929e-07,0.0,11.136,7.07,0.03,14.11,378.71,602.08,1.141691913415474,0.8431168
1985-03-03,-2.565042517156282e-05,1446.3701296258093,0.9614347827683722,1.1920928955078125e-07,1.1920929e-07,1.1920929e-07,0.0,11.136,4.8,-2.4,12.0,383.7,520.0,1.072919669070917,0.7782617
1985-03-04,0.00010640242499000533,1444.7039678854624,0.8916109395174774,5.322951618244172e-05,1.1920929e-07,0.86,0.86,11.232,3.56,-1.48,8.6,315.07,560.0,1.0208497518309012,0.74120164
1985-03-05,0.0002699016823832657,1443.3374885896833,1.1939209230562082,0.00013513295837646051,1.1920929e-07,1.0,1.0,11.232,8.005,1.83,14.18,353.62,698.23,0.9800370111464424,0.80605674
1985-03-06,0.00043308216273885527,1442.143118415562,0.8311738662736691,0.00021700998103574347,1.1920929e-07,1.1920929e-07,0.0,11.328,2.42,-4.03,8.87,373.79,450.92,0.945703274147518,0.6856115
1985-03-07,0.000564178681787411,1440.9932840401877,0.6699805967831348,1.1920928955078125e-07,1.1920929e-07,1.1920929e-07,0.0,11.328,-0.705,-7.79,6.38,395.67,336.53,0.9137866538335708,0.6392864
1985-03-08,0.0006314260552595696,1439.7604121406507,1.2046775670325984,0.0003167097714762667,1.1920929e-07,1.15,1.15,11.423997,7.92,1.17,14.67,378.08,660.92,0.8807607818895498,0.70414156
1985-03-09,0.0006030590988859683,1438.3169293940405,1.2955695670166198,0.00030243874737938075,1.1920929e-07,1.1920929e-07,0.0,11.423997,9.065,2.07,16.06,383.72,720.0,0.843606859064857,0.6670815
1985-03-10,0.000447280467542379,1436.5353749846447,1.1662797473326263,0.0002241403824789716,1.1920929e-07,1.1920929e-07,0.0,11.423997,7.455,-0.56,15.47,410.24,595.58,0.799904993596003,0.6207563
1985-03-11,8.781124832980103e-05,1434.5671077444144,1.1748517182583984,4.392490120199493e-05,1.1920929e-07,1.66,1.66,11.520008,7.46,0.0,14.92,358.35,600.04,0.7542504524417365,0.6392864
1985-03-12,-0.0004373697666316882,1432.6360308258575,1.3058923071289783,1.1920928955078125e-07,1.1920929e-07,4.78,4.78,11.520008,9.12,4.92,13.32,203.53,871.67,0.7119918189281474,0.75046664
1985-03-13,-0.000997452027904054,1430.7543730956388,1.2303204557462943,1.1920928955078125e-07,1.1920929e-07,1.1920929e-07,0.0,11.616,8.085,2.32,13.85,348.86,720.0,0.6730932787252195,0.6300214
1985-03-14,-0.001461624986049262,1428.9343634204233,1.297469088594044,1.1920928955078125e-07,1.1920929e-07,1.1920929e-07,0.0,11.616,8.93,4.82,13.04,270.44,865.73,0.6374922423992065,0.6022263
1985-03-15,-0.0016990780916292763,1427.1882306668767,1.0409771314221954,1.1920928955078125e-07,1.1920929e-07,1.1920929e-07,0.0,11.711997,5.44,0.5,10.38,318.03,640.0,0.6051074893587427,0.57443124
1985-03-16,-0.0015790007952060621,1425.5282037016639,0.9158346282867927,1.1920928955078125e-07,1.1920929e-07,1.1920929e-07,0.0,11.711997,3.535,-3.92,10.99,413.35,446.17,0.5758464573105764,0.54663616
1985-03-17,-0.0010312408846471063,1423.994569871805,1.0419827333228364,1.1920928955078125e-07,1.1920929e-07,1.1920929e-07,0.0,11.808,5.365,-0.43,11.16,356.29,600.0,0.550072368758656,0.54663616
1985-03-18,-0.0004944486659882318,1422.7228750990382,0.7633756348423588,1.1920928955078125e-07,1.1920929e-07,1.1920929e-07,0.0,11.808,0.765,-4.86,6.39,356.68,435.54,0.5295775490831254,0.51884115
1985-03-19,-0.0001455871558102514,1421.4768209795454,0.7602240958781704,1.1920928955078125e-07,1.1920929e-07,1.1920929e-07,0.0,11.903997,0.6,-7.9,9.1,446.92,327.87,0.5102368103715987,0.5095761
1985-03-20,-4.706352515682443e-05,1419.9487051698743,1.2153701757146946,1.1920928955078125e-07,1.1920929e-07,1.1920929e-07,0.0,11.903997,7.635,-0.47,15.74,430.7,577.54,0.487479627630991,0.52810615
1985-03-21,-2.7027698135469466e-05,1418.2070695530547,1.090715132091635,1.1920928955078125e-07,1.1920929e-07,1.1920929e-07,0.0,12.000003,5.875,-2.51,14.26,439.46,505.76,0.4627776855386209,0.5095761
1985-03-22,-1.5848842653846072e-05,1418.291483847235,0.8606481411071562,1.1920928955078125e-07,1.1920929e-07,1.24,1.24,12.000003,2.33,-2.2,6.86,301.95,520.0,0.4639455602479149,0.52810615
1985-03-23,-9.298632830778385e-06,1429.1290538611195,0.8910464921961705,1.1920928955078125e-07,1.1920929e-07,17.48,17.48,12.000003,2.73,0.29,5.17,134.24,623.09,0.6412088170757374,1.3248979
1985-03-24,-5.5415221853772606e-06,1441.7790770090503,0.9537572339271264,1.1920928955078125e-07,1.1920929e-07,11.5,11.5,12.096,3.49,1.0,5.98,140.31,640.0,0.9354795775622499,1.6306436
1985-03-25,-3.2594049627598848e-06,1447.4966603284627,1.0227728565501835,1.1920928955078125e-07,1.1920929e-07,4.09,4.09,12.096,4.475,0.82,8.13,203.06,644.85,1.1096221220452953,1.3156328
1985-03-26,-1.2881302727190667e-06,1449.1085467005867,1.035480930816675,1.1920928955078125e-07,1.1920929e-07,1.1920929e-07,0.0,12.191998,4.525,-3.22,12.27,454.93,480.0,1.164331611695786,0.95429707
1985-03-27,1.0184040074266828e-06,1450.732260198337,1.475686037953582,5.092045965801472e-07,1.1920929e-07,1.1920929e-07,0.0,12.191998,9.95,-1.1,21.0,498.64,547.05,1.2221700452835145,0.8616469
1985-03-28,3.0329124671856068e-06,1453.0658454201978,2.279090045792449,1.5164792299878856e-06,1.1920929e-07,1.1920929e-07,0.0,12.287997,16.825,8.79,24.86,436.53,1110.87,1.3103629320188834,1.5194633
1985-03-29,4.127657928958336e-06,1456.805922226871,2.5675657467055943,2.063871558379108e-06,1.1920929e-07,12.97,12.97,12.287997,18.78,12.97,24.59,267.05,1477.63,1.4651758746787689,4.3545594
1985-03-30,3.674903215145504e-06,1462.6491104790578,1.9717457487449446,1.8374853698568496e-06,1.1920929e-07,11.89,11.89,12.383997,14.205,6.95,21.46,318.0,996.32,1.7444530823096795,2.3903751
1985-03-31,1.946125473540843e-06,1468.742455004703,1.1753553938461516,9.730722052813182e-07,1.1920929e-07,4.99,4.99,12.383997,6.0,3.28,8.72,157.03,776.52,2.092534578409897,2.6312656
1985-04-01,3.743418434937082e-07,1471.4959787204002,1.301283801963509,1.8717127207639357e-07,1.1920929e-07,8.45,8.45,12.479998,7.41,3.26,11.56,231.86,775.4,2.2718414301475995,1.6491736
1985-04-02,-6.407581424723139e-07,1471.3657103091198,1.149253878869028,1.1920928955078125e-07,1.1920929e-07,1.1920929e-07,0.0,12.479998,5.515,0.91,10.12,344.07,639.63,2.2630221481572446,1.4360781
1985-04-03,-7.247981770042337e-07,1468.8748873601476,1.1033852985377546,1.1920928955078125e-07,1.1920929e-07,1.1920929e-07,0.0,12.576006,4.81,-2.7,12.32,466.38,504.06,2.1008251809303298,1.2785728
1985-04-04,-3.404313592405451e-07,1465.2801302951993,1.3466108942573705,1.1920928955078125e-07,1.1920929e-07,1.23,1.23,12.576006,7.885,0.5,15.27,459.59,640.0,1.8870184142099937,1.1673925
1985-04-05,-1.4899181401394145e-08,1461.4733293742083,1.9605089945723606,1.1920928955078125e-07,1.1920929e-07,1.1920929e-07,0.0,12.576006,13.875,4.0,23.75,499.4,795.86,1.6842740455112615,1.0654774
1985-04-06,1.6756408037481264e-07,1457.8012203267403,2.3067157250345285,1.1920928955078125e-07,1.1920929e-07,1.1920929e-07,0.0,12.672003,16.46,8.34,24.58,460.47,1078.72,1.509370803272304,1.0006222
1985-04-07,-1.8958565411589597e-07,1454.6215645463226,1.4376325008173583,1.1920928955078125e-07,1.1920929e-07,1.1920929e-07,0.0,12.672003,8.895,2.86,14.93,410.46,748.98,1.37266592192747,0.93576705
1985-04-08,-4.240214206506164e-06,1452.2178725261879,1.1279244603341603,1.1920928955078125e-07,1.1920929e-07,0.02,0.02,12.768005,5.085,-1.02,11.19,422.6,560.0,1.277602644893596,0.88944197
1985-04-09,-1.0834997350751504e-05,1450.3639573912944,0.9011274509736015,1.1920928955078125e-07,1.1920929e-07,4.0,4.0,12.768005,1.765,-3.03,6.56,274.94,480.0,1.2088037404579335,0.8709119
1985-04-10,-1.7500990739465794e-05,1448.7459455012818,0.8091652194183849,1.1920928955078125e-07,1.1920929e-07,1.1920929e-07,0.0,12.864003,0.105,-7.0,7.21,474.52,360.0,1.151793921864044,0.8431168
1985-04-11,-2.176525002526292e-05,1447.0499632157898,1.33368405850422,1.1920928955078125e-07,1.1920929e-07,0.08,0.08,12.864003,7.58,0.59,14.57,459.47,640.0,1.0949208232632848,0.8153218
1985-04-12,-2.115483086075674e-05,1444.9621368944584,1.700106508938238,1.1920928955078125e-07,1.1920929e-07,1.1920929e-07,0.0,12.96,11.285,3.5,19.07,476.79,774.64,1.0287492826584832,0.7782617
1985-04-13,-1.3237263767984734e-05,1442.2745129183902,1.9615181587027946,1.1920928955078125e-07,1.1920929e-07,1.1920929e-07,0.0,12.96,13.61,5.5,21.72,478.85,889.53,0.9494207204372487,0.7319366
1985-04-14,1.80917903382588e-06,1439.69291792495,2.0188184040529347,9.045976997348809e-07,1.1920929e-07,1.1920929e-07,0.0,13.05322,13.99,7.02,20.96,441.48,1001.54,0.8789876239468759,0.71340656
1985-04-15,1.9819267893032445e-05,1437.2707035443623,2.0933947685335736,9.910615954962547e-06,1.1920929e-07,1.1920929e-07,0.0,13.056,14.605,9.62,19.59,354.11,1209.28,0.8176614604006622,0.71340656
1985-04-16,3.6301790889610256e-05,1434.8337266392061,2.2192065138250348,1.8154189994823432e-05,1.1920929e-07,1.1920929e-07,0.0,13.056,15.59,9.7,21.48,398.45,1216.02,0.7602787783469184,0.71340656
1985-04-17,4.676553610353465e-05,1432.2078440720607,1.8573157823829431,2.3388235590085306e-05,1.1920929e-07,1.1920929e-07,0.0,13.152,12.605,3.99,21.22,498.73,781.67,0.7029470924928295,0.6670815
1985-04-18,4.671929161478094e-05,1429.218912705505,1.9707336910956,2.3365102537813683e-05,1.1920929e-07,1.1920929e-07,0.0,13.152,13.595,3.0,24.19,533.45,689.7,0.6429314925894906,0.6207563
1985-04-19,3.113156903955256e-05,1425.7336097359057,3.327761695154679,1.5568207456233874e-05,1.1920929e-07,1.1920929e-07,0.0,13.248009,22.305,14.54,30.07,449.55,1548.94,0.5793889810780054,0.6114913
1985-04-20,-9.621936744986336e-06,1422.3471943165648,3.1866178377757395,1.1920928955078125e-07,1.1920929e-07,1.1920929e-07,0.0,13.248009,21.595,12.46,30.73,489.77,1303.12,0.5236704331400126,0.58369625
1985-04-21,-6.793461534878426e-05,1419.2522426081941,3.125707017118041,1.1920928955078125e-07,1.1920929e-07,1.1920929e-07,0.0,13.343997,21.175,11.0,31.35,509.48,1156.13,0.4774471793127179,0.57443124
1985-04-22,-0.00013103635185658424,1416.3732446959218,3.5212193776635194,1.1920928955078125e-07,1.1920929e-07,1.1920929e-07,0.0,13.343997,23.28,14.33,32.23,472.56,1480.58,0.43811983606405613,0.54663616
1985-04-23,-0.00018615703135312935,1413.634690664876,3.306259466108524,1.1920928955078125e-07,1.1920929e-07,1.1920929e-07,0.0,13.343997,22.215,13.66,30.77,461.88,1439.38,0.40372129605355334,0.53737116
1985-04-24,-0.00022052653892316266,1410.9610706001847,2.427808560650371,1.1920928955078125e-07,1.1920929e-07,1.1920929e-07,0.0,13.439995,16.875,9.52,24.23,435.6,1152.43,0.3727455007347059,0.5095761
1985-04-25,-0.00022137475965142706,1408.2768745869764,2.075565358086531,1.1920928955078125e-07,1.1920929e-07,3.64,3.64,13.439995,14.325,9.01,19.64,264.57,1160.49,0.34403768854959005,0.5559012
1985-04-26,-0.00017593157862266567,1405.506592710379,2.4844189599337576,1.1920928955078125e-07,1.1920929e-07,1.1920929e-07,0.0,13.535997,17.205,8.0,26.41,499.13,980.57,0.3167257283412834,0.53737116
1985-04-27,-9.742396155673379e-05,1402.6875083579248,2.857375253545692,1.1920928955078125e-07,1.1920929e-07,1.1920929e-07,0.0,13.535997,19.595,12.05,27.14,443.91,1328.64,0.2911574027031032,0.49104607
1985-04-28,-3.3395822737625154e-05,1400.0118102022734,2.402083213940692,1.1920928955078125e-07,1.1920929e-07,1.1920929e-07,0.0,13.580106,16.655,10.01,23.3,416.54,1208.41,0.2688014708541243,0.47251603
1985-04-29,2.2202168083580937e-06,1397.5303746861273,1.9576435542357655,1.1101207275857367e-06,1.1920929e-07,1.1920929e-07,0.0,13.632,13.27,5.0,21.54,485.07,820.37,0.2496056887029019,0.453986
1985-04-30,4.120713715941676e-06,1395.1729323462505,2.2805743272321517,2.060399308674654e-06,1.1920929e-07,1.1920929e-07,0.0,13.632,15.79,5.81,25.77,518.95,827.52,0.23264041083065495,0.43545595
1985-05-01,2.4409301607446236e-06,1392.3817045697228,2.853860628048036,1.2204799757224351e-06,1.1920929e-07,1.1920929e-07,0.0,13.727997,19.46,10.12,28.8,491.13,1110.29,0.2140379928618041,0.4169259
1985-05-02,1.4673176712584422e-06,1392.819211826781,2.4984112969424994,7.336642181820919e-07,1.1920929e-07,9.5,9.5,13.727997,17.215,8.83,25.6,347.68,1144.07,0.21685233089714723,0.47251603
1985-05-03,8.873582764744701e-07,1418.9108196610125,1.7442636240296001,4.4368110674901207e-07,1.1920929e-07,44.82,44.82,13.72965,11.065,6.32,15.81,239.6,948.48,0.4726047119106156,2.334785
1985-05-04,5.370518245144594e-07,1438.5437698577005,1.7394414141829218,2.6852663331888524e-07,1.1920929e-07,1.1920929e-07,0.0,13.824,10.695,1.3,20.09,511.72,655.14,0.84934000009702,0.917237
1985-05-05,3.0879370735720396e-07,1436.1720565649437,2.3944032865143297,1.5439709206248625e-07,1.1920929e-07,1.1920929e-07,0.0,13.824,15.885,6.08,25.69,512.19,891.45,0.7912745567389604,0.6763465
1985-05-06,1.737335317859011e-07,1432.6833697858376,2.9583124869177158,1.1920928955078125e-07,1.1920929e-07,1.1920929e-07,0.0,13.920003,19.35,12.23,26.47,418.02,1404.82,0.7129988922856876,0.6114913
1985-05-07,8.368962267631493e-08,1429.3539397486272,2.807645700240717,1.1920928955078125e-07,1.1920929e-07,1.1920929e-07,0.0,13.920003,18.505,12.48,24.53,372.33,1438.53,0.6455287897337896,0.58369625
1985-05-08,9.442146427579757e-10,1426.4849872506131,2.223329260992437,1.1920928955078125e-07,1.1920929e-07,1.1920929e-07,0.0,13.920003,14.665,7.09,22.24,449.13,979.62,0.5925342530894463,0.53737116
1985-05-09,-5.2981074192785804e-08,1423.7223993529255,2.2439142169739834,1.1920928955078125e-07,1.1920929e-07,1.1920929e-07,0.0,14.015994,14.735,5.63,23.84,497.0,860.21,0.5456203406634407,0.49104607
1985-05-10,-5.6563277325223303e-08,1420.7120819326722,2.7529252266315676,1.1920928955078125e-07,1.1920929e-07,1.1920929e-07,0.0,14.015994,18.16,9.35,26.97,478.79,1102.54,0.4987182906429061,0.47251603
1985-05-11,-1.7228431859764033e-08,1418.2049443845624,3.323786320666789,1.1920928955078125e-07,1.1920929e-07,1.1920929e-07,0.0,14.015994,21.4,13.63,29.17,432.67,1498.81,0.46274832172705627,0.453986
1985-05-12,3.465566299659274e-08,1417.024239362539,3.5140223813595592,1.1920928955078125e-07,1.1920929e-07,1.1920929e-07,0.0,14.111998,22.26,15.86,28.66,373.18,1780.18,0.4467190427465416,0.44472098
1985-05-13,8.543522135716818e-08,1416.960234667927,3.499732745922832,1.1920928955078125e-07,1.1920929e-07,14.38,14.38,14.111998,22.19,15.28,29.1,297.88,1742.03,0.44586615512506045,0.92650205
1985-05-14,1.2145645733528348e-07,1417.8031981020515,3.2888340998881263,1.1920928955078125e-07,1.1920929e-07,1.1920929e-07,0.0,14.111998,21.105,13.24,28.97,443.38,1367.91,0.4572306609297775,0.5559012
1985-05-15,1.290655850442598e-07,1419.3433974662387,3.016161133350375,1.1920928955078125e-07,1.1920929e-07,1.1920929e-07,0.0,14.208003,19.49,11.94,27.04,435.02,1266.45,0.47874841727103074,0.46325102
1985-05-16,9.548419310022723e-08,1421.599962476032,2.2306065669911908,1.1920928955078125e-07,1.1920929e-07,6.18,6.18,14.208003,14.44,11.74,17.14,139.46,1379.54,0.5121162798833546,0.53737116
1985-05-17,5.609282602168608e-08,1433.730761335009,2.214030570617329,1.1920928955078125e-07,1.1920929e-07,20.45,20.45,14.208003,14.18,11.53,16.83,139.65,1362.58,0.7356488237239776,2.1031597
1985-05-18,3.330803852983361e-08,1449.9782320928662,2.1764996787488537,1.1920928955078125e-07,1.1920929e-07,18.22,18.22,14.304006,13.61,9.56,17.66,213.25,1204.75,1.1949618353417089,4.437945
1985-05-19,1.945620849436021e-08,1453.071874057042,2.18855888166528,1.1920928955078125e-07,1.1920929e-07,1.1920929e-07,0.0,14.304006,13.665,5.98,21.35,470.24,918.44,1.3105988224038438,1.334163
1985-05-20,1.1537208749991057e-08,1449.400405427588,2.7721272084185085,1.1920928955078125e-07,1.1920929e-07,1.1920929e-07,0.0,14.304006,17.6,8.13,27.07,516.14,1009.57,1.174522298737246,1.0098872
1985-05-21,6.62159441301294e-09,1445.1037338780854,3.525579674755627,1.1920928955078125e-07,1.1920929e-07,1.1920929e-07,0.0,14.397217,21.63,15.49,27.77,385.29,1759.05,1.0331078358924284,0.8616469
1985-05-22,3.941175504825943e-09,1444.7364945942436,2.9812897299940153,1.1920928955078125e-07,1.1920929e-07,8.5,8.5,14.399997,18.765,11.88,25.65,323.5,1390.78,1.0218416641506043,0.8523819
1985-05-23,2.3360881607484963e-09,1452.3888978877637,2.5538277590098395,1.1920928955078125e-07,1.1920929e-07,14.18,14.18,14.399997,16.09,11.99,20.19,221.24,1399.28,1.2841433727034035,1.1581275
1985-05-24,1.3796549147280523e-09,1453.65363833943,2.484279754196945,1.1920928955078125e-07,1.1920929e-07,1.1920929e-07,0.0,14.399997,15.62,9.99,21.25,389.44,1239.02,1.3335631974189677,1.2322477
1985-05-25,8.210728364459074e-10,1449.8079878221902,2.8642962781402668,1.1920928955078125e-07,1.1920929e-07,1.1920929e-07,0.0,14.495997,17.92,10.31,25.53,467.87,1250.33,1.188903076804109,0.8431168
1985-05-26,4.73795469969947e-10,1445.5330451549303,3.3818753182291696,1.1920928955078125e-07,1.1920929e-07,1.1920929e-07,0.0,14.495997,20.79,13.04,28.54,465.45,1485.37,1.0464358310814057,0.71340656
1985-05-27,2.706541332355717e-10,1441.8988855291336,3.548047583624264,1.1920928955078125e-07,1.1920929e-07,1.1920929e-07,0.0,14.495997,21.66,14.0,29.32,458.8,1574.7,0.9388320055895572,0.6578164
1985-05-28,1.1219646371686343e-10,1440.8734699491474,3.7838298765695244,1.1920928955078125e-07,1.1920929e-07,3.78,3.78,14.495997,22.79,17.07,28.51,290.94,1941.14,0.9105235075399429,0.6392864
1985-05-29,1.7692515815486764e-11,1440.670136577683,2.7076256133692778,1.1920928955078125e-07,1.1920929e-07,3.98,3.98,14.592003,16.975,12.15,21.8,259.19,1411.64,0.9050123529602281,0.8153218
1985-05-30,2.5939194839494117e-12,1439.8463312464478,2.4611272424954804,1.1920928955078125e-07,1.1920929e-07,1.1920929e-07,0.0,14.592003,15.405,8.65,22.16,453.45,1132.38,0.8830231607180468,0.6578164
1985-05-31,1.16186249483196e-12,1440.1308537092123,2.9989577153564015,1.1920928955078125e-07,1.1920929e-07,6.58,6.58,14.592003,18.695,13.67,23.72,271.61,1573.42,0.8905566315724996,0.6948765
1985-06-01,2.391486450201658e-13,1439.8865756892505,3.6132267161932172,1.1920928955078125e-07,1.1920929e-07,1.75,1.75,14.592003,21.885,17.22,26.55,333.9,1957.51,0.8840848548001347,0.6763465
1985-06-02,2.467292807234293e-14,1436.9799561372186,3.2667068020968224,1.1920928955078125e-07,1.1920929e-07,1.1920929e-07,0.0,14.592003,20.185,13.07,27.3,459.46,1493.39,0.8105939559976059,0.5559012
1985-06-03,1.1910159502965763e-14,1433.3599213770851,3.6372636558155214,1.1920928955078125e-07,1.1920929e-07,1.1920929e-07,0.0,14.688,21.965,15.29,28.64,437.89,1741.58,0.7275482580823639,0.5559012
1985-06-04,3.2298673290111244e-15,1432.6218968905187,3.612385037093631,1.1920928955078125e-07,1.1920929e-07,6.91,6.91,14.688,21.855,16.08,27.63,345.34,1812.19,0.7116914141077674,0.53737116
1985-06-05,5.557271210384129e-16,1437.54404887783,3.159900837396726,1.1920928955078125e-07,1.1920929e-07,12.45,12.45,14.688,19.5,15.5,23.5,232.31,1760.18,0.8243621435512193,1.0006222
1985-06-06,3.1439394546318934e-16,1438.5880804416029,3.1334710482025274,1.1920928955078125e-07,1.1920929e-07,1.61,1.61,14.688,19.345,14.31,24.38,355.51,1625.08,0.8504644414331531,0.75973165
1985-06-07,1.7352667710637945e-16,1435.1388651447958,2.7850318210514518,1.1920928955078125e-07,1.1920929e-07,1.1920929e-07,0.0,14.688,17.4,10.5,24.3,475.63,1279.75,0.767237191374359,0.57443124
1985-06-08,1.0017426627941261e-16,1433.6984582312816,3.07893831288385,1.1920928955078125e-07,1.1920929e-07,3.93,3.93,14.688,19.105,14.1,24.11,287.09,1607.5,0.7349396284989622,0.6207563
1985-06-09,5.453946109324086e-17,1433.6101440471746,3.667807827896501,1.1920928955078125e-07,1.1920929e-07,3.54,3.54,14.732102,22.055,15.26,28.85,345.51,1739.91,0.7330042313839864,0.75973165
1985-06-10,3.1452264105676524e-17,1431.1788687575506,4.105741292795439,1.1920928955078125e-07,1.1920929e-07,1.1920929e-07,0.0,14.783998,23.995,18.22,29.77,409.86,2097.92,0.681678749156649,0.56516623
1985-06-11,1.5924329153295122e-17,1426.9093896387178,3.8424610038248708,1.1920928955078125e-07,1.1920929e-07,1.1920929e-07,0.0,14.783998,22.885,17.09,28.68,417.0,1935.18,0.6000905020868788,0.48178104
1985-06-12,8.51380393146319e-18,1422.3319182221358,3.7973559322341557,1.1920928955078125e-07,1.1920929e-07,1.1920929e-07,0.0,14.783998,22.735,18.59,26.88,326.44,2140.91,0.5234316345395633,0.47251603
1985-06-13,3.841523402512128e-18,1417.5401272350439,2.751508112865171,1.1920928955078125e-07,1.1920929e-07,1.1920929e-07,0.0,14.783998,17.295,10.79,23.8,476.63,1303.59,0.4536532897283929,0.43545595
1985-06-14,2.462680150021363e-19,1413.8960948765348,2.3910820598688063,1.1920928955078125e-07,1.1920929e-07,1.1920929e-07,0.0,14.783998,15.015,8.26,21.77,494.53,1101.14,0.40688467052206934,0.4169259
1985-06-15,-1.3259381147621086e-18,1413.4392798745785,2.685748108217169,1.1920928955078125e-07,1.1920929e-07,5.22,5.22,14.783998,16.94,11.02,22.86,340.49,1321.65,0.4013726137059056,0.4169259
1985-06-16,-8.71243969444059e-19,1418.2122973183473,3.356387495836135,1.1920928955078125e-07,1.1920929e-07,10.19,10.19,14.783998,20.65,15.09,26.21,346.46,1719.92,0.46284992638320976,0.5003111
1985-06-17,-4.932394556718692e-19,1425.8010465120053,3.440803088383296,1.1920928955078125e-07,1.1920929e-07,11.41,11.41,14.783998,20.985,14.19,27.78,370.09,1615.57,0.5805567711140914,0.46325102
1985-06-18,-2.9065298353872446e-19,1428.5610073702783,3.931408389063305,1.1920928955078125e-07,1.1920929e-07,1.98,1.98,14.783998,23.265,18.46,28.07,355.8,2117.12,0.6304251610239657,0.42619094
1985-06-19,-1.6455127603497804e-19,1424.9420061579383,3.4910506292333885,1.1920928955078125e-07,1.1920929e-07,1.1920929e-07,0.0,14.783998,21.245,15.27,27.22,436.14,1741.93,0.5658552951348407,0.39839587
1985-06-20,-9.678260637833046e-20,1421.7638076705473,3.025517798156756,1.1920928955078125e-07,1.1920929e-07,1.11,1.11,14.783998,18.84,12.51,25.17,461.86,1440.73,0.5146277351982693,0.37060082
1985-06-21,-5.417797763618361e-20,1419.6803114981437,3.005928059453243,1.1920928955078125e-07,1.1920929e-07,1.45,1.45,14.783998,18.755,11.72,25.79,489.54,1377.35,0.48358872661961744,0.36133578
1985-06-22,-3.067123190406137e-20,1417.373162900917,3.449404278304198,1.1920928955078125e-07,1.1920929e-07,1.1920929e-07,0.0,14.783998,21.13,13.91,28.35,482.59,1592.43,0.45139735709478007,0.34280574
1985-06-23,-1.2102342512866512e-20,1415.7341453979134,3.943064250520997,1.1920928955078125e-07,1.1920929e-07,1.78,1.78,14.783998,23.475,17.27,29.68,429.85,1966.42,0.4298388009757495,0.35207078
1985-06-24,-6.986214447621538e-22,1414.1489137754859,4.153428443755233,1.1920928955078125e-07,1.1920929e-07,4.11,4.11,14.783998,24.41,17.96,30.86,339.55,2069.68,0.4099677271002644,0.36133578
1985-06-25,9.60732619146702e-22,1411.8612700291408,3.2177406403994158,1.1920928955078125e-07,1.1920929e-07,1.1920929e-07,0.0,14.783998,20.005,11.45,28.56,525.79,1337.43,0.38290006185627196,0.33354074
1985-06-26,2.5595524501752193e-22,1408.7471670974282,2.9563975097903645,1.1920928955078125e-07,1.1920929e-07,1.1920929e-07,0.0,14.783998,18.605,11.59,25.62,485.21,1367.26,0.34890273799797517,0.29648066
1985-06-27,-3.925395403023478e-22,1405.3658450870835,2.705897727707937,1.1920928955078125e-07,1.1920929e-07,1.1920929e-07,0.0,14.783998,17.16,11.25,23.07,443.67,1339.6,0.315397500394843,0.2779506
1985-06-28,-7.967821024484649e-22,1402.3075033831897,2.644655163808277,1.1920928955078125e-07,1.1920929e-07,1.1920929e-07,0.0,14.783998,16.815,11.31,22.32,423.21,1344.79,0.28787254859967343,0.26868558
1985-06-29,-7.688028070563869e-22,1400.1623413708292,3.073324651216729,1.1920928955078125e-07,1.1920929e-07,2.0,2.0,14.783998,19.365,12.98,25.75,457.08,1479.62,0.2700123334081437,0.29648066
1985-06-30,-3.444389636177004e-22,1399.0386674308427,3.273557000102825,1.1920928955078125e-07,1.1920929e-07,1.1920929e-07,0.0,14.783998,20.455,14.5,26.41,432.33,1640.0,0.26110353193499364,0.28721562
1985-07-01,1.471089100719165e-22,1398.1697440877938,3.063531998272003,1.1920928955078125e-07,1.1920929e-07,4.29,4.29,14.783998,19.335,14.67,24.0,276.89,1666.82,0.25441650476633987,0.28721562
1985-07-02,5.6977750247796605e-22,1397.04532864754,3.2669851009082356,1.1920928955078125e-07,1.1920929e-07,1.1920929e-07,0.0,14.783998,20.445,16.23,24.66,336.41,1838.05,0.24601682610436,0.3242757
1985-07-03,7.895966230611249e-22,1395.1590485011272,3.3505972617707305,1.1920928955078125e-07,1.1920929e-07,1.83,1.83,14.781217,20.905,14.24,27.57,430.55,1603.17,0.23254399122931538,0.29648066
1985-07-04,6.72596081282067e-22,1392.004531039603,3.756658465130004,1.1920928955078125e-07,1.1920929e-07,1.1920929e-07,0.0,14.689652,23.035,16.75,29.32,439.25,1889.53,0.2116410958936418,0.33354074
1985-07-05,3.8701024807913217e-22,1387.1798165014118,3.886841095970612,1.1920928955078125e-07,1.1920929e-07,1.1920929e-07,0.0,14.688,23.695,16.94,30.45,452.48,1895.69,0.18324712724105482,0.29648066
1985-07-06,2.0844477194157445e-22,1383.75356475449,4.046913243190778,1.1920928955078125e-07,1.1920929e-07,1.58,1.58,14.688,24.45,18.82,30.08,381.14,2170.93,0.16542777692357513,0.26868558
1985-07-07,1.212977668711027e-22,1385.2698442098335,3.783194145121215,1.1920928955078125e-07,1.1920929e-07,19.34,19.34,14.688,23.245,17.42,29.07,309.89,1987.05,0.17308931771616018,0.47251603
1985-07-08,6.55413652216589e-23,1387.6763698085208,3.6314702320564285,1.1920928955078125e-07,1.1920929e-07,1.1920929e-07,0.0,14.688,22.5,14.5,30.5,496.03,1624.84,0.18598420352909623,0.30574566
1985-07-09,3.795120516232449e-23,1386.4436156129896,4.1920488162423615,1.1920928955078125e-07,1.1920929e-07,2.64,2.64,14.688,25.04,18.33,31.75,380.9,2106.52,0.17926303423148945,0.3242757
1985-07-10,2.1960352195134622e-23,1388.7236984438002,4.079255638024641,1.1920928955078125e-07,1.1920929e-07,8.74,8.74,14.636108,24.59,18.66,30.52,305.4,2149.18,0.19189202820070006,0.34280574
1985-07-11,1.3026016953465302e-23,1390.08013083109,3.9405197138609966,1.1920928955078125e-07,1.1920929e-07,0.35,0.35,14.592003,24.015,18.94,29.09,359.11,2193.08,0.19982324332054366,0.34280574
1985-07-12,7.540073490867118e-24,1388.0648521406285,3.767127630448787,1.1920928955078125e-07,1.1920929e-07,3.02,3.02,14.592003,23.25,17.47,29.03,312.68,1995.59,0.18815404972189,0.28721562
1985-07-13,4.400716262915127e-24,1384.8336636560944,3.8483318820087584,1.1920928955078125e-07,1.1920929e-07,1.1920929e-07,0.0,14.592003,23.665,16.71,30.62,452.73,1896.89,0.17084970949555503,0.28721562
1985-07-14,2.3827102770761355e-24,1380.06056966011,4.116392881809895,1.1920928955078125e-07,1.1920929e-07,1.1920929e-07,0.0,14.592003,24.915,17.8,32.03,451.99,2047.27,0.14815652720750372,0.25942057
1985-07-15,1.3986050799742007e-24,1381.0367174064343,4.331944549089191,1.1920928955078125e-07,1.1920929e-07,10.92,10.92,14.540109,25.875,19.37,32.38,316.53,2254.84,0.15253821143432242,0.28721562
1985-07-16,8.286613652225085e-25,1389.6536160132587,4.393368059791131,1.1920928955078125e-07,1.1920929e-07,13.63,13.63,14.495997,26.07,20.5,31.64,283.5,2399.33,0.19729465487541903,1.361958
1985-07-17,4.924684907844087e-25,1391.0411785880515,3.6718501895190725,1.1920928955078125e-07,1.1920929e-07,1.1920929e-07,0.0,14.495997,22.88,15.77,29.99,459.88,1781.43,0.2056402200974909,0.36133578
1985-07-18,2.939046630721643e-25,1387.2178115234235,3.400685848196173,1.1920928955078125e-07,1.1920929e-07,1.1920929e-07,0.0,14.495997,21.595,14.36,28.83,466.98,1629.26,0.18345513075470513,0.28721562
1985-07-19,1.728661171836723e-25,1383.4971428615459,3.6881180374004634,1.1920928955078125e-07,1.1920929e-07,1.1920929e-07,0.0,14.4441,23.115,15.61,30.62,467.39,1768.87,0.16416605835751588,0.25942057
1985-07-20,9.901270399164628e-26,1379.5182865553577,4.0400812705320845,1.1920928955078125e-07,1.1920929e-07,1.1920929e-07,0.0,14.399997,24.825,18.49,31.16,414.04,2126.21,0.14577697026715195,0.23162551
1985-07-21,4.589294252045599e-26,1375.3653160795845,4.0563978209904965,1.1920928955078125e-07,1.1920929e-07,1.1920929e-07,0.0,14.399997,24.95,19.36,30.54,379.6,2257.55,0.12877652550792526,0.24089052
1985-07-22,1.9930619187766153e-26,1371.111731074389,4.1766886916970005,1.1920928955078125e-07,1.1920929e-07,0.01,0.01,14.399997,25.525,20.46,30.59,351.52,2393.75,0.11341743008064542,0.24089052
1985-07-23,1.1515002452306266e-26,1367.8617310384445,3.2616381146272393,1.1920928955078125e-07,1.1920929e-07,4.09,4.09,14.305658,21.345,13.42,29.27,366.34,1547.82,0.1029287134786266,0.22236049
1985-07-24,6.3467118797868254e-27,1366.323672158369,2.8812336505354765,1.1920928955078125e-07,1.1920929e-07,1.1920929e-07,0.0,14.304006,19.245,10.8,27.69,508.56,1304.11,0.09830877734245658,0.20383045
1985-07-25,3.704370105818008e-27,1371.1577971859524,3.4884163056513695,1.1920928955078125e-07,1.1920929e-07,15.37,15.37,14.304006,22.47,15.22,29.72,344.85,1737.53,0.11357353640346683,0.30574566
1985-07-26,2.0345330107608856e-27,1390.1234155391112,3.9809287664769815,1.1920928955078125e-07,1.1920929e-07,30.27,30.27,14.301225,24.55,19.62,29.48,259.76,2285.49,0.20008166062668728,1.4175481
1985-07-27,1.1975236337264528e-27,1415.319631765943,3.7528456958190453,1.1920928955078125e-07,1.1920929e-07,30.91,30.91,14.208003,23.31,18.04,28.58,278.53,2080.67,0.42455166958806934,2.1772797
1985-07-28,6.917226440216974e-28,1425.1407623412308,3.465064206806641,1.1920928955078125e-07,1.1920929e-07,1.1920929e-07,0.0,14.208003,21.8,15.14,28.46,441.32,1731.2,0.5692233235747587,0.56516623
1985-07-29,4.093201963947683e-28,1421.4532741280955,3.564333722275951,1.1920928955078125e-07,1.1920929e-07,1.1920929e-07,0.0,14.208003,22.335,15.99,28.68,425.66,1799.12,0.509878208624622,0.39839587
1985-07-30,2.375162404927082e-28,1417.1857655802778,4.039942742941385,1.1920928955078125e-07,1.1920929e-07,1.1920929e-07,0.0,14.111998,24.705,17.75,31.66,437.24,2039.67,0.4488787038546779,0.36133578
1985-07-31,6.65995225464003e-29,1412.9229339260123,4.340111474763061,1.1920928955078125e-07,1.1920929e-07,1.26,1.26,14.111998,26.035,20.79,31.28,323.29,2446.76,0.39523208917114255,0.3242757
1985-08-01,-1.7571082287389143e-28,1409.0776071160321,3.5094267108403665,1.1920928955078125e-07,1.1920929e-07,2.62,2.62,14.111998,22.335,16.59,28.08,337.47,1881.01,0.35236214483592426,0.33354074
1985-08-02,-4.271062905120319e-28,1405.5390037251136,3.0236029436834517,1.1920928955078125e-07,1.1920929e-07,1.1920929e-07,0.0,14.015994,19.93,14.08,25.78,407.28,1606.06,0.3170323808746895,0.2779506
1985-08-03,-6.252163439263948e-28,1402.1960618504547,2.9273683957886996,1.1920928955078125e-07,1.1920929e-07,1.1920929e-07,0.0,14.015994,19.42,11.72,27.12,479.66,1377.66,0.28691626783823615,0.26868558
1985-08-04,-7.076704466753539e-28,1398.9377195892534,3.0900041287605595,1.1920928955078125e-07,1.1920929e-07,1.1920929e-07,0.0,14.013214,20.385,12.69,28.08,474.42,1454.98,0.26031772496950983,0.25015554
1985-08-05,-6.120980623172825e-28,1395.6529150387082,3.1263208255908395,1.1920928955078125e-07,1.1920929e-07,1.1920929e-07,0.0,13.920003,20.74,13.65,27.83,450.01,1571.84,0.2359984587127098,0.25015554
1985-08-06,-1.770807113418327e-28,1392.2928301789027,3.236018177687883,1.1920928955078125e-07,1.1920929e-07,1.1920929e-07,0.0,13.920003,21.375,15.56,27.19,392.64,1765.12,0.21347077246559193,0.24089052
1985-08-07,7.790162293615943e-28,1388.94795004173,3.5956687155695626,1.1920928955078125e-07,1.1920929e-07,1.1920929e-07,0.0,13.824,23.37,17.35,29.39,395.59,1976.61,0.19318119072559517,0.25942057
1985-08-08,2.04886828892521e-27,1385.5893171068635,3.7720473220221065,1.1920928955078125e-07,1.1920929e-07,27.14,27.14,13.824,24.255,18.93,29.58,268.99,2188.8,0.17474828449352045,1.2693077
1985-08-09,3.407572458692827e-27,1382.1800975825572,3.6450185184575448,1.1920928955078125e-07,1.1920929e-07,1.1920929e-07,0.0,13.824,23.695,17.65,29.74,395.1,2023.6,0.15783562673046767,0.49104607
1985-08-10,4.630225730008258e-27,1378.6834576770661,3.6425121832296674,1.1920928955078125e-07,1.1920929e-07,1.1920929e-07,0.0,13.727997,23.85,18.37,29.33,366.04,2112.38,0.14218820232000998,0.33354074
1985-08-11,5.491925094215315e-27,1375.0625635986448,3.6806979638987483,1.1920928955078125e-07,1.1920929e-07,1.1920929e-07,0.0,13.727997,24.08,18.27,29.89,380.39,2101.78,0.12761768570873197,0.29648066
1985-08-12,5.767767542657809e-27,1371.2805815555478,3.414958690355967,1.1920928955078125e-07,1.1920929e-07,1.1920929e-07,0.0,13.6761,22.88,16.52,29.24,410.44,1878.96,0.1139906717460113,0.28721562
1985-08-13,5.232850066679553e-27,1367.3006777560297,3.4272492142314923,1.1920928955078125e-07,1.1920929e-07,1.1920929e-07,0.0,13.632,23.05,15.13,30.97,462.69,1730.1,0.10121882208559095,0.25942057
1985-08-14,3.67616064496487e-27,1363.0827545181505,4.295018423249505,1.1920928955078125e-07,1.1920929e-07,1.1920929e-07,0.0,13.632,27.115,20.53,33.7,395.67,2405.49,0.08924148938735248,0.24089052
1985-08-15,1.8134816441924995e-27,1358.5573348889327,4.30148928146322,1.1920928955078125e-07,1.1920929e-07,1.1920929e-07,0.0,13.535997,27.33,20.85,33.81,388.48,2455.75,0.07796236174034628,0.25015554
1985-08-16,3.9301383337179017e-28,1354.2153010551924,3.9699748278336986,1.1920928955078125e-07,1.1920929e-07,1.1920929e-07,0.0,13.535997,25.945,20.0,31.89,373.15,2320.5,0.06848274442009607,0.21309547
1985-08-17,-2.459969325302255e-28,1350.748368507574,3.1340655648456033,1.1920928955078125e-07,1.1920929e-07,1.1920929e-07,0.0,13.44165,21.95,16.39,27.51,374.1,1857.27,0.061748285080265766,0.24089052
1985-08-18,-1.541273156466826e-28,1347.8027819651597,2.9646299656122452,1.1920928955078125e-07,1.1920929e-07,5.13,5.13,13.439995,21.03,17.0,25.06,220.1,1919.71,0.05654953263197974,0.22236049
1985-08-19,-5.274580680491713e-29,1344.5969403683498,3.2299404308400996,1.1920928955078125e-07,1.1920929e-07,3.18,3.18,13.439995,22.555,16.99,28.12,298.85,1929.56,0.051387604316647045,0.25942057
1985-08-20,7.65251771328612e-30,1343.3625132510338,3.2829338702646442,1.1920928955078125e-07,1.1920929e-07,1.1920929e-07,0.0,13.343997,22.98,17.8,28.16,353.16,2048.2,0.04952806514470612,0.25942057
1985-08-21,1.2396579665310146e-29,1345.5159940994297,3.0258023962197984,1.1920928955078125e-07,1.1920929e-07,10.56,10.56,13.343997,21.535,16.76,26.31,252.01,1899.15,0.05281726207540914,0.2779506
1985-08-22,5.898785740735519e-30,1345.1567050342699,2.6536302256719644,1.1920928955078125e-07,1.1920929e-07,1.1920929e-07,0.0,13.248009,19.415,13.42,25.41,406.52,1547.18,0.05225368552159444,0.29648066
1985-08-23,1.6915001228685517e-30,1342.5428929114694,2.5180151850358716,1.1920928955078125e-07,1.1920929e-07,1.1920929e-07,0.0,13.248009,18.56,11.55,25.57,449.85,1363.73,0.0483307146910186,0.24089052
1985-08-24,5.6129685522796115e-31,1340.5015561804355,2.5734403951282547,1.1920928955078125e-07,1.1920929e-07,1.1920929e-07,0.0,13.196108,19.02,12.8,25.24,418.08,1464.19,0.04547292442891102,0.22236049
1985-08-25,3.317358584466101e-31,1346.5506079583272,2.770367432634161,1.1920928955078125e-07,1.1920929e-07,14.6,14.6,13.152,20.255,16.79,23.72,196.0,1901.8,0.05447432832932563,0.34280574
1985-08-26,1.981553669775329e-31,1353.638413726412,3.3596745279642186,1.1920928955078125e-07,1.1920929e-07,5.69,5.69,13.152,23.505,19.64,27.37,208.48,2289.81,0.06731325133124416,0.49104607
1985-08-27,1.1787967330150193e-31,1357.1095131434083,3.257970122218108,1.1920928955078125e-07,1.1920929e-07,8.36,8.36,13.056,23.05,18.37,27.73,247.27,2109.17,0.07466393182053015,1.1025374
1985-08-28,6.960891840986846e-32,1356.8384344752312,3.0009982870355745,1.1920928955078125e-07,1.1920929e-07,1.1920929e-07,0.0,13.056,21.625,15.53,27.72,403.17,1762.66,0.07406205134680803,0.37060082
1985-08-29,4.126147300812899e-32,1353.7573344210377,3.0653793928898136,1.1920928955078125e-07,1.1920929e-07,1.1920929e-07,0.0,12.96,22.16,15.87,28.45,408.07,1789.88,0.06755268746656531,0.28721562
1985-08-30,2.297243631264372e-32,1350.563290987909,3.13559871519194,1.1920928955078125e-07,1.1920929e-07,1.1920929e-07,0.0,12.96,22.595,16.9,28.29,379.39,1911.86,0.06140800260122903,0.26868558
1985-08-31,1.1952940360319792e-32,1347.4364298441808,2.879951241912926,1.1920928955078125e-07,1.1920929e-07,1.1920929e-07,0.0,12.864003,21.29,15.64,26.94,381.07,1771.26,0.055934334438345536,0.25942057
1985-09-01,-5.990126140297958e-33,1344.2354865135185,2.248695088672636,1.1920928955078125e-07,1.1920929e-07,1.1920929e-07,0.0,12.864003,17.135,11.4,22.87,397.53,1352.31,0.05083599669988766,0.23162551
1985-09-02,-2.9394124642566086e-32,1340.916136538133,2.8879061275364415,1.1920928955078125e-07,1.1920929e-07,1.1920929e-07,0.0,12.861222,21.425,15.0,27.85,410.62,1719.64,0.04603931077187664,0.24089052
1985-09-03,-5.302019961598574e-32,1337.4822985072324,3.3222027507806415,1.1920928955078125e-07,1.1920929e-07,1.1920929e-07,0.0,12.768005,24.04,17.5,30.58,402.99,2000.0,0.04155293451229817,0.24089052
1985-09-04,-7.162949553005803e-32,1333.937891010024,3.5607090535866943,1.1920928955078125e-07,1.1920929e-07,1.1920929e-07,0.0,12.768005,25.315,18.66,31.97,399.2,2145.52,0.037380130575482166,0.23162551
1985-09-05,-7.998315685428414e-32,1330.286832635716,3.773030506748687,1.1920928955078125e-07,1.1920929e-07,1.1920929e-07,0.0,12.672003,26.535,20.03,33.04,385.28,2325.58,0.03351945665040927,0.19456543
1985-09-06,-7.284232805816523e-32,1326.533041973516,3.8565353854946043,1.1920928955078125e-07,1.1920929e-07,1.1920929e-07,0.0,12.672003,26.98,21.07,32.89,359.34,2491.85,0.02996546217700277,0.20383045
1985-09-07,-3.9866530576515464e-32,1322.7289250269832,3.7994484930456034,1.1920928955078125e-07,1.1920929e-07,1.1920929e-07,0.0,12.576006,26.9,21.27,32.53,345.95,2522.66,0.02674806698239011,0.18530041
1985-09-08,5.7838558556894e-32,1319.2789279539907,3.714495709738291,1.1920928955078125e-07,1.1920929e-07,1.95,1.95,12.576006,26.54,20.86,32.22,327.61,2457.22,0.024129912739023384,0.19456543
1985-09-09,2.059357345232226e-31,1316.2290702916994,3.614654409236058,1.1920928955078125e-07,1.1920929e-07,6.14,6.14,12.479998,26.23,20.19,32.27,271.38,2350.11,0.022029658805824505,0.39839587
1985-09-10,3.7806781455984217e-31,1313.5249754588726,3.4396648123657743,1.1920928955078125e-07,1.1920929e-07,0.63,0.63,12.479998,25.38,19.01,31.75,367.35,2201.74,0.020320919291739722,0.5003111
1985-09-11,5.478776159041243e-31,1311.1122668742744,2.783387665659486,1.1920928955078125e-07,1.1920929e-07,1.1920929e-07,0.0,12.383997,21.83,15.2,28.46,398.19,1730.13,0.01890851324229778,0.2779506
1985-09-12,6.890079557934403e-31,1308.9365679566681,1.7306764261391625,1.1920928955078125e-07,1.1920929e-07,1.1920929e-07,0.0,12.383997,13.89,6.63,21.15,441.54,970.53,0.01771922628898556,0.23162551
1985-09-13,7.751016514651619e-31,1306.9435021248175,1.5756611964233136,1.1920928955078125e-07,1.1920929e-07,1.1920929e-07,0.0,12.287997,12.525,5.58,19.47,432.75,919.8,0.016695535702730472,0.22236049
1985-09-14,7.798015201566613e-31,1305.0786927974862,1.553436444943099,1.1920928955078125e-07,1.1920929e-07,1.1920929e-07,0.0,12.287997,12.32,4.72,19.92,447.91,857.24,0.015791343657483133,0.18530041
1985-09-15,6.767503791053097e-31,1303.2877633934374,1.6609778276257732,1.1920928955078125e-07,1.1920929e-07,1.1920929e-07,0.0,12.287997,13.42,5.16,21.68,455.9,892.58,0.014969104620347035,0.20383045
1985-09-16,4.106654792265076e-31,1301.5212435038827,1.7974992255464521,1.1920928955078125e-07,1.1920929e-07,1.1920929e-07,0.0,12.191998,14.855,6.1,23.61,456.94,928.26,0.014200024199178329,0.20383045
1985-09-17,-3.998402682555632e-31,1299.8089081406547,1.8625583110596902,1.1920928955078125e-07,1.1920929e-07,1.1920929e-07,0.0,12.191998,15.46,6.42,24.5,454.52,953.3,0.013492268167368827,0.18530041
1985-09-18,-1.6838993926544416e-30,1298.1569291310605,2.0061140911612085,1.1920928955078125e-07,1.1920929e-07,1.1920929e-07,0.0,12.096,16.84,8.08,25.6,440.83,1086.27,0.012842911644064025,0.19456543
1985-09-19,-3.206613849539208e-30,1296.5502963433078,2.3168306084559926,1.1920928955078125e-07,1.1920929e-07,1.1920929e-07,0.0,12.096,19.28,10.58,27.98,427.01,1286.79,0.012241370328939575,0.19456543
1985-09-20,-4.733085594478942e-30,1294.9739996456037,2.4941381110615954,1.1920928955078125e-07,1.1920929e-07,1.1920929e-07,0.0,12.000003,20.695,12.57,28.82,404.49,1445.56,0.011678577608197547,0.17603539
1985-09-21,-6.028416583042721e-30,1293.4130289061563,2.3557797713205315,1.1920928955078125e-07,1.1920929e-07,1.1920929e-07,0.0,12.000003,19.74,11.07,28.41,415.35,1325.6,0.011146758700002838,0.16677037
1985-09-22,-6.85770877079963e-30,1291.8523739931732,2.4133766709824065,1.1920928955078125e-07,1.1920929e-07,1.1920929e-07,0.0,11.903997,20.31,13.36,27.26,365.6,1538.0,0.010639258081108655,0.18530041
1985-09-23,-6.986064113318743e-30,1290.277024774862,2.4090254619235787,1.1920928955078125e-07,1.1920929e-07,2.7,2.7,11.903997,20.3,15.91,24.69,212.72,1792.65,0.01015040905998576,0.17603539
1985-09-24,-6.178584566169153e-30,1288.6719711194298,2.3796585958992176,1.1920928955078125e-07,1.1920929e-07,1.02,1.02,11.808,20.25,15.85,24.65,235.26,1787.84,0.009675436416423766,0.19456543
1985-09-25,-4.2520060154944145e-30,1287.0050957229505,1.7931963439954948,1.1920928955078125e-07,1.1920929e-07,1.1920929e-07,0.0,11.808,15.525,7.33,23.72,403.18,1026.04,0.009205681175942906,0.19456543
1985-09-26,-2.5698410597024226e-30,1284.9456462464582,1.7920199559043921,1.1920928955078125e-07,1.1920929e-07,1.1920929e-07,0.0,11.711997,15.675,9.05,22.3,353.01,1164.01,0.008656667302466604,0.18530041
1985-09-27,-1.5564658516465986e-30,1315.089135885614,1.9500886143766782,1.1920928955078125e-07,1.1920929e-07,62.49,62.49,11.711997,16.69,12.57,20.81,181.47,1445.69,0.021292470952376873,3.3909974
1985-09-28,-9.42370002645046e-31,1349.5328023492223,1.7876958127546714,1.1920928955078125e-07,1.1920929e-07,9.03,9.03,11.711997,14.83,8.98,20.68,279.62,1158.79,0.05954735346561908,1.0469472
1985-09-29,-5.506039662495217e-31,1352.247990379429,1.7690244503136163,1.1920928955078125e-07,1.1920929e-07,1.1920929e-07,0.0,11.616,14.76,6.74,22.78,387.94,979.13,0.06457593922725031,0.47251603
1985-09-30,-3.2584003944097743e-31,1349.967912041087,1.8706723452130989,1.1920928955078125e-07,1.1920929e-07,1.1920929e-07,0.0,11.616,15.705,7.82,23.59,377.86,1065.46,0.06032600971254109,0.37060082
1985-10-01,-1.9119413347224412e-31,1347.7065409871266,2.0598726324903827,1.1920928955078125e-07,1.1920929e-07,1.1920929e-07,0.0,11.520008,17.47,9.94,25.0,359.96,1235.38,0.05638726733829707,0.33354074
1985-10-02,-1.1299616057505004e-31,1349.8699766331247,1.9813277504854656,1.1920928955078125e-07,1.1920929e-07,9.01,9.01,11.520008,16.795,10.86,22.73,230.5,1309.16,0.0601498648633155,0.34280574
1985-10-03,-6.337346942281846e-32,1358.381635188083,1.5608658365612975,1.1920928955078125e-07,1.1920929e-07,10.4,10.4,11.423997,12.925,11.0,14.85,88.63,1319.75,0.07755443913468833,0.6300214
1985-10-04,-3.734432644272964e-32,1364.8866885934278,1.8231618937966607,1.1920928955078125e-07,1.1920929e-07,5.61,5.61,11.423997,15.375,12.1,18.65,142.52,1408.36,0.09418000401086218,0.7319366
1985-10-05,-2.1405681404855145e-32,1367.6761657471598,1.8225857777968755,1.1920928955078125e-07,1.1920929e-07,3.63,3.63,11.328,15.475,11.06,19.89,192.23,1324.71,0.1023600031058264,0.54663616
1985-10-06,-1.1680798092805345e-32,1368.1782797778062,1.5102344900529852,1.1920928955078125e-07,1.1920929e-07,1.1920929e-07,0.0,11.328,12.415,6.39,18.44,319.78,951.66,0.10390615671695261,0.4169259
1985-10-07,-2.939505180123266e-33,1367.5404696135192,1.2987530371369105,1.1920928955078125e-07,1.1920929e-07,1.1920929e-07,0.0,11.232,10.16,2.62,17.7,365.46,729.43,0.10194611905272358,0.37060082
1985-10-08,3.0796258478001792e-33,1366.148381334492,1.4080295177445925,1.1920928955078125e-07,1.1920929e-07,1.1920929e-07,0.0,11.232,11.455,2.98,19.93,379.15,758.5,0.09779559005463173,0.33354074
1985-10-09,4.306673053745872e-33,1364.3603489553504,1.7618796988130838,1.1920928955078125e-07,1.1920929e-07,1.1920929e-07,0.0,11.138781,15.235,6.75,23.72,367.01,979.61,0.09271149330841064,0.3242757
1985-10-10,1.4866375685807797e-33,1362.5273763372998,2.1051750100586077,1.1920928955078125e-07,1.1920929e-07,1.1920929e-07,0.0,11.136,18.22,10.5,25.94,339.12,1280.04,0.08777384718879198,0.3150107
1985-10-11,-2.2310666724358076e-33,1360.7818795061248,2.1883192074719813,1.1920928955078125e-07,1.1920929e-07,1.1920929e-07,0.0,11.136,18.895,12.87,24.92,285.8,1480.95,0.08331649743943205,0.29648066
1985-10-12,-5.853738576475215e-33,1359.1435872823438,1.3124641812978322,1.1920928955078125e-07,1.1920929e-07,1.1920929e-07,0.0,11.04,10.695,3.93,17.46,324.18,808.56,0.07933905314895094,0.29648066
1985-10-13,-8.392191204721747e-33,1357.632160999099,1.6091393058571135,1.1920928955078125e-07,1.1920929e-07,1.1920929e-07,0.0,11.04,13.98,7.48,20.48,307.33,1038.38,0.07583821676517954,0.2779506
1985-10-14,-8.857237618359702e-33,1356.267261989533,1.965777752558171,1.1920928955078125e-07,1.1920929e-07,1.12,1.12,10.944003,17.44,10.68,24.2,305.47,1294.7,0.07280970208006443,0.30574566
1985-10-15,-6.336769146568175e-33,1355.0646212687002,2.2324408417535646,1.1920928955078125e-07,1.1920929e-07,1.09,1.09,10.944003,19.6,14.98,24.22,226.17,1717.45,0.07024160459737519,0.29648066
1985-10-16,-2.4188494887267695e-33,1353.9050243623956,1.7799149511503303,1.1920928955078125e-07,1.1920929e-07,1.1920929e-07,0.0,10.848002,15.965,9.0,22.93,314.17,1160.28,0.06785123390147124,0.29648066
1985-10-17,1.1636046136603088e-33,1352.6424338207514,1.4116498281005028,1.1920928955078125e-07,1.1920929e-07,1.1920929e-07,0.0,10.848002,12.21,3.42,21.0,357.53,793.48,0.06534096455621999,0.25942057
1985-10-18,3.409314217373266e-33,1351.1651135341076,1.4184656408340952,1.1920928955078125e-07,1.1920929e-07,1.1920929e-07,0.0,10.803894,12.37,4.69,20.05,333.91,855.19,0.0625214293755248,0.26868558
1985-10-19,3.317000379192312e-33,1349.361327392804,1.9486325937156872,1.1920928955078125e-07,1.1920929e-07,1.1920929e-07,0.0,10.752,17.675,10.69,24.66,304.83,1295.26,0.0592432563523641,0.26868558
1985-10-20,1.8994036651449873e-33,1350.6040480056504,1.9220754444184054,1.1920928955078125e-07,1.1920929e-07,4.54,4.54,10.752,17.43,11.0,23.86,217.52,1320.06,0.06148277685315792,0.26868558
1985-10-21,9.978019646095069e-34,1358.446793989919,1.2427368821943863,1.1920928955078125e-07,1.1920929e-07,13.94,13.94,10.655997,10.4,6.73,14.07,148.37,978.19,0.07770546895674248,0.33354074
1985-10-22,5.760794665961441e-34,1369.527374340773,1.321558254058835,1.1920928955078125e-07,1.1920929e-07,12.56,12.56,10.655997,11.245,8.34,14.15,120.26,1106.86,0.1081770667528378,0.6670815
1985-10-23,3.0746828205508553e-34,1374.8121007016687,1.5548214688924176,1.1920928955078125e-07,1.1920929e-07,4.25,4.25,10.559998,13.94,10.5,17.38,136.94,1280.39,0.12666687993724607,0.6022263
1985-10-24,1.7227229708893588e-34,1377.9688313221286,1.6752109594300253,1.1920928955078125e-07,1.1920929e-07,5.17,5.17,10.559998,15.12,11.81,18.43,130.44,1384.97,0.13918642878892434,0.43545595
1985-10-25,9.4459321531723e-35,1379.0149109819395,1.7190950121213922,1.1920928955078125e-07,1.1920929e-07,1.83,1.83,10.558345,15.535,11.45,19.62,210.31,1356.26,0.1436023576726796,0.48178104
1985-10-26,4.951204719004728e-35,1378.1784710699083,1.2678045433796907,1.1920928955078125e-07,1.1920929e-07,1.1920929e-07,0.0,10.464,10.775,2.31,19.24,336.67,722.12,0.14006038741651838,0.39839587
1985-10-27,2.538407612380704e-35,1376.7934545664014,1.392495691800953,1.1920928955078125e-07,1.1920929e-07,1.1920929e-07,0.0,10.464,12.285,4.0,20.57,326.16,800.09,0.13438648602970693,0.36133578
1985-10-28,3.926414599783409e-36,1375.4767684872181,1.3376471422713407,1.1920928955078125e-07,1.1920929e-07,1.1920929e-07,0.0,10.367997,11.805,4.5,19.11,305.15,840.0,0.1292057746122658,0.33354074
1985-10-29,-9.703557724811692e-36,1374.2647823553245,0.8745293652629603,1.1920928955078125e-07,1.1920929e-07,1.1920929e-07,0.0,10.367997,5.22,-2.48,12.92,319.29,520.0,0.12461373428668288,0.3150107
1985-10-30,-1.0353616923681638e-35,1373.1851424708607,0.9145786160553268,1.1920928955078125e-07,1.1920929e-07,1.1920929e-07,0.0,10.323892,5.975,-0.48,12.43,289.47,600.0,0.12066075868324695,0.30574566
1985-10-31,-5.1741385238329275e-36,1371.8608021537118,1.197948343863942,1.1920928955078125e-07,1.1920929e-07,1.1920929e-07,0.0,10.272,10.245,6.43,14.06,192.86,954.78,0.11598267581317566,0.3150107
1985-11-01,-1.2375242142826114e-36,1370.3845135133,1.3043106097336983,1.1920928955078125e-07,1.1920929e-07,0.07,0.07,10.272,11.61,8.0,15.22,182.63,1080.02,0.11098131304557396,0.30574566
1985-11-02,5.348572089945204e-37,1369.2155530285527,1.2334321147611929,1.1920928955078125e-07,1.1920929e-07,1.1920929e-07,0.0,10.176,10.885,7.28,14.49,180.43,1022.02,0.10717457392154382,0.29648066
1985-11-03,3.6086722536057746e-37,1371.9018867113805,1.1815256265486773,1.1920928955078125e-07,1.1920929e-07,8.8,8.8,10.176,10.175,8.39,11.96,71.0,1110.95,0.11612503928500875,0.29648066
1985-11-04,2.108552288229979e-37,1386.521288730121,1.3097988438916672,1.1920928955078125e-07,1.1920929e-07,22.96,22.96,10.176,11.64,9.47,13.81,83.95,1197.84,0.17967925677931926,0.54663616
1985-11-05,1.2426326067893504e-37,1406.4220782653053,1.3540990746016475,1.1920928955078125e-07,1.1920929e-07,18.53,18.53,10.079997,12.095,9.39,14.8,103.55,1191.58,0.3255026942429507,2.1124246
1985-11-06,7.32021172673252e-38,1416.1470430165916,1.3032924413089217,1.1920928955078125e-07,1.1920929e-07,4.41,4.41,10.079997,11.375,8.96,13.79,97.61,1156.86,0.4351707774845599,1.0840074
1985-11-07,4.258259738414272e-38,1416.414285178976,1.151343265330472,1.1920928955078125e-07,1.1920929e-07,1.1920929e-07,0.0,10.035892,9.485,3.0,15.97,278.15,760.0,0.43865703101927345,0.75046664
1985-11-08,2.505373719618041e-38,1414.740225508605,1.1087156128955113,1.1920928955078125e-07,1.1920929e-07,1.1920929e-07,0.0,9.983997,8.995,2.93,15.06,268.51,754.54,0.4172701343908245,0.6022263
1985-11-09,1.385115745083885e-38,1413.2477594022157,1.154192018391803,1.1920928955078125e-07,1.1920929e-07,1.1920929e-07,0.0,9.983997,9.64,1.54,17.74,300.31,683.08,0.3990839487305907,0.5003111
1985-11-10,7.656187576521172e-39,1411.4951690474566,1.5950541534274003,1.1920928955078125e-07,1.1920929e-07,1.1920929e-07,0.0,9.888,15.0,8.46,21.54,264.1,1116.62,0.37873736028734556,0.453986
1985-11-11,2.720795590765208e-39,1410.1706048164315,1.5824083201892383,1.1920928955078125e-07,1.1920929e-07,0.2,0.2,9.888,14.885,8.1,21.67,266.5,1087.67,0.36405107408586235,0.43545595
1985-11-12,-2.5965805903243058e-39,1409.5867744958139,1.4707920415254836,1.1920928955078125e-07,1.1920929e-07,1.0,1.0,9.888,13.7,9.22,18.18,207.06,1177.46,0.35775993074110984,0.42619094
1985-11-13,-6.836098227643011e-39,1409.3415972561245,1.510094746759551,1.1920928955078125e-07,1.1920929e-07,1.0,1.0,9.792,14.29,10.49,18.09,181.78,1278.95,0.35515051293322075,0.42619094
1985-11-14,-8.537914582086548e-39,1409.032992267884,1.702677116256156,1.1920928955078125e-07,1.1920929e-07,3.0,3.0,9.792,16.265,11.5,21.03,158.12,1360.0,0.3518930724562879,0.42619094
1985-11-15,-6.401440346034735e-39,1408.520578988374,1.4115608790319694,1.1920928955078125e-07,1.1920929e-07,0.86,0.86,9.792,13.205,6.4,20.01,247.05,952.59,0.34655021624378074,0.44472098
1985-11-16,-3.6055714516945e-39,1413.3304002238367,0.8604629172929189,1.1920928955078125e-07,1.1920929e-07,8.8,8.8,9.698783,5.56,2.02,9.1,135.47,706.59,0.40006989950913086,0.44472098
1985-11-17,-1.9881182009928568e-39,1422.3804132651012,1.0127331346747004,1.1920928955078125e-07,1.1920929e-07,11.17,11.17,9.696003,7.96,3.19,12.73,167.97,774.94,0.5241900937037376,1.0376823
1985-11-18,-1.1447457552714163e-39,1426.553068604257,1.0173480082667945,1.1920928955078125e-07,1.1920929e-07,1.1920929e-07,0.0,9.696003,7.985,1.5,14.47,264.01,680.0,0.593739965017942,0.6578164
1985-11-19,-6.2117509546500664e-40,1424.616255585667,1.4770512980680797,1.1920928955078125e-07,1.1920929e-07,1.1920929e-07,0.0,9.696003,13.915,6.92,20.91,261.06,993.38,0.5603783210871857,0.5559012
1985-11-20,-3.6305913617342294e-40,1421.2010647408279,1.8789352979923588,1.1920928955078125e-07,1.1920929e-07,1.1920929e-07,0.0,9.6,18.095,12.26,23.93,228.56,1420.72,0.5060530105004493,0.51884115
1985-11-21,-2.0061057205080058e-40,1418.589303543305,1.3630014924650238,1.1920928955078125e-07,1.1920929e-07,1.1920929e-07,0.0,9.6,12.845,5.8,19.89,256.02,920.0,0.4680894981249343,0.47251603
1985-11-22,-1.1920585777659052e-40,1428.2347226860225,0.7819115063364805,1.1920928955078125e-07,1.1920929e-07,20.18,20.18,9.6,4.115,0.25,7.98,137.12,621.04,0.6243132520058313,2.5293505
1985-11-23,-7.194171717934586e-41,1439.7527653501354,0.8125504073689082,1.1920928955078125e-07,1.1920929e-07,4.72,4.72,9.555897,4.64,0.39,8.89,180.27,630.82,0.8805597115495096,2.0383043
1985-11-24,-4.328103048208694e-41,1440.039851016198,0.8486801867321713,1.1920928955078125e-07,1.1920929e-07,1.1920929e-07,0.0,9.504003,5.375,-1.14,11.89,248.61,560.0,0.8881401342078841,1.0098872
1985-11-25,-2.5515309888031183e-41,1438.286062655653,0.771243176994327,1.1920928955078125e-07,1.1920929e-07,1.1920929e-07,0.0,9.504003,3.955,-1.0,8.91,215.22,560.0,0.8428297335634651,0.8338518
1985-11-26,-1.4330223868767085e-41,1438.2356582204238,0.8137541827041893,1.1920928955078125e-07,1.1920929e-07,2.0,2.0,9.504003,4.76,1.9,7.62,140.98,711.71,0.8415622501929869,0.8153218
1985-11-27,-6.062952016060838e-42,1443.3711096911265,1.0003855118231333,1.1920928955078125e-07,1.1920929e-07,10.37,10.37,9.459894,7.925,4.38,11.47,126.43,832.56,0.9810213232973686,1.2322477
1985-11-28,-2.0254955904603403e-42,1455.6481157420428,0.8542797879450202,1.1920928955078125e-07,1.1920929e-07,19.27,19.27,9.408,5.465,2.74,8.19,103.99,739.08,1.4153905822823942,3.761598
1985-11-29,-1.1260191814381484e-42,1468.672696831207,0.7982966790449126,1.1920928955078125e-07,1.1920929e-07,8.76,8.76,9.408,4.31,2.66,5.96,67.26,733.08,2.088180703283447,4.187789
1985-11-30,-5.029483413259001e-43,1474.3497959521612,0.8037917049072002,1.1920928955078125e-07,1.1920929e-07,7.1,7.1,9.408,4.355,2.55,6.16,73.57,726.4,2.4739100727367482,2.297725
1985-12-01,-1.1532596485302422e-10,1477.1394398766374,0.8555030715379174,1.1920928955078125e-07,1.1920929e-07,6.08,6.08,9.408,5.265,3.17,7.36,83.94,773.95,2.688794785387932,2.6405308
1985-12-02,-3.2589632134670817e-09,1479.805044649963,0.7409158607444406,1.1920928955078125e-07,1.1920929e-07,5.4,5.4,9.363897,3.155,-2.87,9.18,182.29,495.34,2.9115414043630086,3.6411529
1985-12-03,4.67936769525906e-09,1479.1036052156255,0.540024646929068,1.1920928955078125e-07,1.1920929e-07,1.1920929e-07,0.0,9.311997,-1.36,-4.9,2.18,176.11,429.98,2.85119746237069,1.6306436
1985-12-04,6.91862900374116e-09,1475.9945891016012,0.49943582606191933,1.1920928955078125e-07,1.1920929e-07,1.1920929e-07,0.0,9.311997,-2.44,-5.59,0.71,159.02,399.91,2.5984370405522066,1.3156328
1985-12-05,0.00023307397110886987,1472.976168659595,0.5528532847047357,1.1920928955078125e-07,1.1920929e-07,1.1920929e-07,0.0,9.311997,-0.965,-5.64,3.71,209.66,400.0,2.374498334445614,1.1859226
1985-12-06,0.0337772286220047,1473.1506340886476,0.6089194142591687,0.01931484874228934,1.8626451e-06,6.249998,6.25,9.311997,0.425,-2.5,3.35,108.19,520.0,2.3868998091635243,1.2137177
1985-12-07,0.019023650678508766,1473.606130481798,0.6526414740328446,0.010413845515584134,1.1920929e-07,1.1920929e-07,0.0,9.311997,1.43,-1.3,4.16,138.04,558.43,2.4195838808564414,1.1859226
1985-12-08,0.010750278485496586,1470.6753022507041,0.675440433347077,0.005663782531164241,1.1920929e-07,1.1920929e-07,0.0,9.310348,1.965,-2.86,6.79,212.16,495.48,2.2168493217472647,1.0191522
1985-12-09,0.005837836804009702,1467.8176860047204,0.7591257386279455,0.0030040950593434044,1.1920929e-07,1.1920929e-07,0.0,9.2187805,3.87,-2.36,10.1,239.25,520.0,2.035546459838524,0.917237
1985-12-10,0.0028694032929459743,1465.1163469443597,0.7539560219631172,0.0014552839224391226,1.1920929e-07,1.1920929e-07,0.0,9.216,3.8,-2.0,9.6,232.02,520.0,1.877812967891738,0.8523819
1985-12-11,0.0016603222273257586,1462.6794980371847,0.9558115021605311,0.0008370526300963539,1.1920929e-07,0.97,0.97,9.216,7.42,1.19,13.65,226.9,655.11,1.7460365622275436,0.8153218
1985-12-12,0.0009521224779379313,1460.5903116833706,1.1039110191740582,0.0004783275648805717,1.1920929e-07,0.17,0.17,9.216,9.68,4.99,14.37,198.06,873.28,1.640448225167263,0.80605674
1985-12-13,0.0005713637691101214,1466.576994932148,0.8019741565265662,0.000286498023726408,1.1920929e-07,14.51,14.51,9.216,4.71,0.72,8.7,138.34,638.07,1.9615201977937433,2.5756757
1985-12-14,0.003077983037707249,1471.0899423249862,0.5388682852741968,1.1920928955078125e-07,1.1920929e-07,1.1920929e-07,0.0,9.216,-1.165,-5.85,3.52,209.03,394.46,2.2444652091089847,2.0290394
1985-12-15,0.00501510299426284,1468.2779877591975,0.4425292596582335,1.1920928955078125e-07,1.1920929e-07,1.1920929e-07,0.0,9.216,-3.92,-10.4,2.56,244.98,279.68,2.0637154902588817,1.1395975
1985-12-16,0.004784153300746734,1465.7880039861348,0.5734614194290377,1.1920928955078125e-07,1.1920929e-07,1.1920929e-07,0.0,9.216,-0.22,-6.12,5.68,232.4,388.15,1.9158513777483663,1.0376823
1985-12-17,0.0030848861666867683,1463.3424180909426,0.5928721369433455,0.0014451112734806656,1.1920929e-07,1.1920929e-07,0.0,9.216,0.285,-4.36,4.93,205.05,443.3,1.780940956268849,0.97282714
1985-12-18,0.002794909422439072,1461.0953572371732,0.46278096910436073,1.1920928955078125e-07,1.1920929e-07,1.1920929e-07,0.0,9.216,-3.225,-8.24,1.79,217.26,321.86,1.6653730506467797,0.898707
1985-12-19,0.0027664437735579377,1459.074665645799,0.35301766201275486,1.1920928955078125e-07,1.1920929e-07,1.1920929e-07,0.0,9.216,-6.945,-12.73,-1.16,234.77,240.0,1.5678658804043322,0.7875267
1985-12-20,0.5032376241619314,1457.21588557646,0.3309825365561204,1.1920928955078125e-07,1.0,1.1920929e-07,1.0,9.216,-7.8,-12.43,-3.17,233.94,240.0,1.4832208362485633,0.74120164
1985-12-21,1.004445897414328,1455.4220482118014,0.3715086526215862,1.1920928955078125e-07,1.1920929e-07,1.1920929e-07,0.0,9.216,-6.215,-9.46,-2.97,185.32,288.38,1.4058689804139126,0.74120164
1985-12-22,1.0040944309812672,1453.7062327086726,0.32847491701090503,1.1920928955078125e-07,1.1920929e-07,1.1920929e-07,0.0,9.216,-7.87,-13.25,-2.49,255.65,219.96,1.3356590190862165,0.6948765
1985-12-23,1.0129398506046356,1451.961096123695,0.5714103412380488,1.1920928955078125e-07,1.1920929e-07,1.1920929e-07,0.0,9.216,-0.135,-5.52,5.25,250.74,400.0,1.2678449423491318,0.75046664
1985-12-24,0.3933872202443929,1450.6470427624008,0.7078901831962681,0.3858372513042431,1.1920929e-07,1.1920929e-07,0.0,9.216,3.01,-3.68,9.7,243.53,465.7,1.2190642835824776,0.75046664
1985-12-25,0.21134903944874478,1451.0936713751437,0.5378972156305696,1.1920928955078125e-07,1.2670121,2.962988,4.23,9.216,-0.995,-8.83,6.84,213.34,311.9,1.2354299067873384,0.8709119
1985-12-26,2.2787795550261216,1449.5947507882943,0.2558386877650727,1.1920928955078125e-07,1.1920929e-07,1.1920929e-07,0.0,9.216,-11.15,-15.24,-7.06,216.57,193.83,1.181357582296274,0.71340656
1985-12-27,2.2022562653692224,1448.1132925295512,0.41653276730910055,1.1920928955078125e-07,1.1920929e-07,1.1920929e-07,0.0,9.216,-4.57,-12.28,3.14,284.89,239.98,1.1302410391502773,0.6763465
1985-12-28,2.4436937632833384,1446.7052153051422,0.5523975529782051,1.1920928955078125e-07,0.0046681995,0.76533175,0.77,9.216,-0.57,-4.8,3.66,212.14,431.97,1.083708089655775,0.6300214
1985-12-29,2.4614463913783267,1445.4633518954956,0.5305932158970337,1.1920928955078125e-07,1.1920929e-07,1.1920929e-07,0.0,9.216,-1.135,-6.9,4.63,252.69,359.56,1.0442605668248213,0.6114913
1985-12-30,2.462978239193896,1443.905879732448,0.5337393621704681,1.1920928955078125e-07,1.1920929e-07,1.1920929e-07,0.0,9.216,-1.035,-6.1,4.03,233.49,392.09,0.9968111652237187,0.6392864
1985-12-31,2.463048819049028,1442.4073571170468,0.5148410906544504,1.1920928955078125e-07,1.1920929e-07,1.1920929e-07,0.0,9.216,-1.535,-6.65,3.58,233.64,360.0,0.9531940376641741,0.5929613
1986-01-01,2.1517443059824264,1441.2374722958898,0.5904008059557473,2.1159386223755816,1.1920929e-07,1.1920929e-07,0.0,9.216,0.445,-3.74,4.63,173.11,460.82,0.9204733899979048,0.53737116
1986-01-02,0.8071348848763589,1441.06866427248,0.5930419318287976,0.7913250730233704,1.1920929e-07,1.1920929e-07,0.0,9.267895,0.43,-6.0,6.86,229.27,400.0,0.9158456310280683,0.58369625
1986-01-03,0.2870426403764108,1440.3227555296278,0.8048621213203757,0.2716471071080102,1.1920929e-07,0.66,0.66,9.311997,4.88,-1.51,11.27,225.66,548.88,0.8956739903918316,0.52810615
1986-01-04,0.11669795636937626,1439.1638496921983,0.713200692376163,0.08899370092784663,1.1920929e-07,1.1920929e-07,0.0,9.311997,3.085,-2.11,8.28,202.43,520.0,0.8652114335877725,0.54663616
1986-01-05,0.057377823163028974,1437.720417095073,0.603977650260428,0.036628636867843845,1.1920929e-07,1.1920929e-07,0.0,9.311997,0.66,-3.48,4.8,174.72,480.0,0.828714683768194,0.52810615
1986-01-06,0.041416376278421194,1436.3337027517478,0.5713462830707869,1.1920928955078125e-07,1.1920929e-07,1.1920929e-07,0.0,9.311997,-0.13,-4.84,4.58,193.41,435.45,0.7951028179368836,0.54663616
1986-01-07,0.05041683199908757,1435.0407794377547,0.4514713363737354,1.1920928955078125e-07,1.1920929e-07,1.1920929e-07,0.0,9.311997,-3.465,-7.86,0.93,186.49,337.99,0.7649935160504174,0.48178104
1986-01-08,0.05041683351552342,1433.9061932981235,0.3598081125292473,1.1920928955078125e-07,1.1920929e-07,1.1920929e-07,0.0,9.311997,-6.59,-11.03,-2.15,190.28,277.67,0.7395122944003315,0.44472098
1986-01-09,0.05022519086421969,1432.7788398696678,0.4639268877962731,1.1920928955078125e-07,1.1920929e-07,1.1920929e-07,0.0,9.408,-3.205,-11.0,4.59,259.01,280.0,0.7150342264506292,0.4169259
1986-01-10,0.046587850417329206,1431.5641382984927,0.634667613034461,0.028623839300928964,1.1920929e-07,1.1920929e-07,0.0,9.408,1.295,-4.83,7.42,232.05,440.0,0.6895656281827369,0.46325102
1986-01-11,0.037336125132471656,1430.2864888291176,0.5903273805968903,0.019865557682973545,1.1920929e-07,1.1920929e-07,0.0,9.408,0.255,-5.6,6.11,228.5,400.0,0.663755488964135,0.42619094
1986-01-12,0.022139441017551355,1428.9646546811605,0.7431592930034325,0.01229012679724567,1.1920929e-07,1.1920929e-07,0.0,9.408,3.65,-4.99,12.29,267.49,440.0,0.6380690740643259,0.44472098
1986-01-13,0.00991478373087177,1427.597441607154,0.7011421439105368,0.005202948081984145,1.1920929e-07,1.1920929e-07,0.0,9.408,2.8,-5.24,10.84,264.46,421.35,0.6125461722559143,0.43545595
1986-01-14,0.007002124780023067,1426.4661858749384,0.3709891276312686,1.1920928955078125e-07,1.1920929e-07,1.1920929e-07,0.0,9.504003,-6.38,-10.51,-2.25,187.1,279.68,0.592201714827441,0.23162551
1986-01-15,0.007002124780024507,1425.564353238204,0.2969598646618571,1.1920928955078125e-07,1.1920929e-07,1.1920929e-07,0.0,9.504003,-9.37,-14.19,-4.55,212.23,200.0,0.5764683339762989,0.3242757
1986-01-16,0.007001758035676507,1424.6353882622684,0.4427937781985631,1.1920928955078125e-07,1.1920929e-07,1.1920929e-07,0.0,9.504003,-3.92,-12.96,5.12,283.08,240.0,0.560698535989472,0.37060082
1986-01-17,0.006905261422438312,1423.586902879094,0.5584151450453997,1.1920928955078125e-07,1.1920929e-07,1.1920929e-07,0.0,9.504003,-0.625,-7.75,6.5,262.93,340.17,0.5434174103010679,0.43545595
1986-01-18,0.0044985083605681465,1422.3407210404114,0.9681788101611226,0.002299837094038243,1.1920929e-07,1.1920929e-07,0.0,9.6,7.42,-0.38,15.22,266.9,597.25,0.5235692284478578,0.453986
1986-01-19,0.0026136061257144476,1425.0623988217428,1.1804540090182642,0.0013238794332558037,1.1920929e-07,7.26,7.26,9.6,10.48,5.38,15.58,159.15,910.34,0.5678930251660012,0.52810615
1986-01-20,0.0015302175536483571,1430.943156627485,0.8970640745343347,0.0007709625770028743,1.1920929e-07,7.44,7.44,9.6,6.16,0.82,11.5,169.24,639.43,0.6768980132321418,0.79679173
1986-01-21,0.0008269391211998013,1432.594251588964,0.7707377041473698,0.0004151791216332866,1.1920929e-07,0.92,0.92,9.602783,3.85,-0.06,7.76,182.93,600.12,0.7111042030045333,0.6114913
1986-01-22,0.0004274581555383163,1431.324833105891,0.8740482654667755,0.00021418587826044222,1.1920929e-07,1.1920929e-07,0.0,9.696003,5.61,-2.21,13.43,277.72,520.0,0.6846561252157912,0.51884115
1986-01-23,0.0002585458770330673,1429.8292452309445,0.7490619040288629,0.00012944005334976938,1.1920929e-07,1.1920929e-07,0.0,9.696003,3.31,-3.26,9.88,262.47,480.0,0.6547552303993864,0.5003111
1986-01-24,0.0051816596900149245,1428.5650916845614,0.5083265512150233,1.1920928955078125e-07,1.1920929e-07,1.1920929e-07,0.0,9.696003,-2.3,-7.6,3.0,238.79,352.23,0.6305020456668156,0.44472098
1986-01-25,4.249756800826191,1427.4405208359772,0.5193314116423582,1.1920928955078125e-07,10.069709,0.0002911061,10.07,9.792,-2.125,-5.5,1.25,128.11,400.0,0.6096828997558829,0.453986
1986-01-26,10.726792036651396,1434.5888246492173,0.5994436565034397,1.1920928955078125e-07,0.0016076302,18.478392,18.48,9.792,-0.145,-1.79,1.5,67.33,536.72,0.7547396843187004,1.6954987
1986-01-27,13.746685984674652,1443.7495829889106,0.5188158393278012,1.1920928955078125e-07,7.0199647,3.535688e-05,7.02,9.792,-2.3,-6.1,1.5,160.59,391.77,0.9921701789472442,1.5750535
1986-01-28,16.609866813139146,1442.3749183392654,0.3028605384832629,1.1920928955078125e-07,1.1920929e-07,1.1920929e-07,0.0,9.888,-9.79,-14.93,-4.65,274.18,199.26,0.9522712624384618,0.8338518
1986-01-29,16.695371182713195,1441.1615470580964,0.28103422615564483,1.1920928955078125e-07,0.22,1.1920929e-07,0.22,9.888,-10.765,-14.97,-6.56,236.14,198.28,0.9183890639621747,0.74120164
1986-01-30,16.790970901220973,1439.9240573410143,0.39420922018362414,1.1920928955078125e-07,1.1920929e-07,1.1920929e-07,0.0,9.888,-6.22,-10.24,-2.2,232.3,279.98,0.8850748113624856,0.6485514
1986-01-31,16.790228225959915,1438.613582127477,0.48508374807705107,1.1920928955078125e-07,1.1920929e-07,1.1920929e-07,0.0,9.983997,-3.47,-8.93,1.99,288.33,313.22,0.8511122561851981,0.6022263
1986-02-01,16.790228226012136,1437.2726129775717,0.5281054771599804,1.1920928955078125e-07,1.1920929e-07,1.1920929e-07,0.0,9.983997,-2.26,-6.68,2.16,252.75,360.0,0.8177080780970205,0.5559012
1986-02-02,8.96109408672939,1443.499596471742,0.9325134519658379,8.96109408672939,1.1920929e-07,1.1920929e-07,0.0,9.983997,6.02,-1.09,13.13,327.89,566.32,0.9847920985137472,0.5559012
1986-02-03,3.2776518723806594,1447.2014448222856,0.8307982471964209,3.2776518723806403,1.1920929e-07,1.1920929e-07,0.0,10.079997,4.095,-2.14,10.33,312.24,520.0,1.099884295070591,0.5559012
1986-02-04,1.1969877473003563,1454.4520862380577,0.731124495727497,1.1969801678935168,1.1920929e-07,13.92,13.92,10.079997,2.125,-0.25,4.5,111.01,600.68,1.3657373929361534,1.7140287
1986-02-05,0.4366805626612008,1462.753249466968,0.9270848100765275,0.4312077949414466,1.1920929e-07,5.57,5.57,10.079997,5.585,0.28,10.89,196.91,622.12,1.749885691238956,2.5015554
1986-02-06,0.16634278883682937,1463.7988965943705,0.9474557657999979,0.13984398664305578,1.1920929e-07,2.39,2.39,10.176,5.76,1.0,10.52,219.44,640.0,1.805380509154258,1.9919794
1986-02-07,2.213823890465458,1464.6102608315418,0.5191892382011608,1.1920928955078125e-07,8.09,2.411008e-07,8.09,10.176,-3.035,-8.21,2.14,223.18,321.19,1.8496511901872548,1.4082831
1986-02-08,7.182458542244676,1462.3405141864573,0.47932245375317956,1.1920928955078125e-07,1.83,1.1920929e-07,1.83,10.270348,-4.26,-7.5,-1.02,214.06,358.84,1.72845340754039,1.1673925
1986-02-09,7.994330151081994,1460.129571794581,0.6145212791687923,1.1920928955078125e-07,1.1920929e-07,1.1920929e-07,0.0,10.272,-0.73,-3.45,1.99,185.95,479.62,1.6180354852482923,1.0747423
1986-02-10,8.010984614641801,1457.748543463161,0.6124511928164381,1.1920928955078125e-07,1.1920929e-07,1.1920929e-07,0.0,10.272,-0.755,-3.51,2.0,193.15,473.62,1.5069986934446182,1.0469472
1986-02-11,13.451567360498737,1455.9203953669723,0.5331818932248352,1.1920928955078125e-07,11.16,3.325939e-07,11.16,10.367997,-2.84,-6.39,0.71,189.43,375.03,1.4269442112441761,1.0932723
1986-02-12,19.167313995546778,1454.0872075247325,0.37059230488716804,1.1920928955078125e-07,1.1920929e-07,1.1920929e-07,0.0,10.367997,-7.835,-12.36,-3.31,312.85,240.0,1.3509390671177854,0.92650205
1986-02-13,18.819255931152025,1452.416231946273,0.34388050340839044,1.1920928955078125e-07,1.1920929e-07,1.1920929e-07,0.0,10.419894,-8.89,-14.13,-3.65,344.37,200.0,1.2851918409879846,0.74120164
1986-02-14,20.70051297637437,1450.8200341425024,0.34625063317806065,1.1920928955078125e-07,3.53,1.1920929e-07,3.53,10.464,-8.84,-14.23,-3.45,264.68,200.0,1.2253772515485233,0.74120164
1986-02-15,24.208529047961054,1449.2240629904015,0.46082637358219497,1.1920928955078125e-07,3.08,1.1920929e-07,3.08,10.464,-4.94,-10.48,0.6,272.82,280.0,1.1683544217178963,0.8801769
1986-02-16,25.59996725784519,1447.6104654715007,0.4901602211979919,1.1920928955078125e-07,1.1920929e-07,1.1920929e-07,0.0,10.559998,-4.195,-10.79,2.4,397.24,279.95,1.1133990221454555,0.898707
1986-02-17,29.34480591986297,1447.3603535322586,0.6284111346447203,1.1920928955078125e-07,0.20477632,11.175223,11.38,10.559998,-0.68,-5.32,3.96,252.09,414.33,1.105115308515207,0.8709119
1986-02-18,22.03726691233196,1466.6633534803743,0.7566391014262218,16.519195494747464,1.1920929e-07,15.12,15.12,10.655997,1.69,-0.38,3.76,132.05,600.0,1.966584487930855,3.2705522
1986-02-19,8.391534890088359,1487.4217987782872,0.7982487199686013,8.391534890088359,1.1920929e-07,6.51,6.51,10.655997,2.27,0.07,4.47,142.77,610.79,3.6550271771224714,5.596072
1986-02-20,3.069895717698511,1493.2232897243057,0.832624350152615,3.069895717698368,1.1920929e-07,4.39,4.39,10.655997,2.835,1.16,4.51,112.88,653.16,4.346297493879721,5.457097
1986-02-21,1.1210941786078847,1493.5886991739476,0.9118425187911738,1.1210790155752788,1.1920929e-07,3.0,3.0,10.752,4.05,1.07,7.03,195.21,649.08,4.393976914262166,4.3174996
1986-02-22,0.4090107982515558,1491.3173181971138,0.7504512866682528,0.40227394040332054,1.1920929e-07,1.23,1.23,10.752,1.195,-4.05,6.44,362.16,440.0,4.10586266769057,3.0574567
1986-02-23,0.1602572649175927,1490.957738479737,0.7281511912530128,0.13304057261399754,4.2557716e-07,7.1399994,7.14,10.848002,0.63,-3.53,4.79,259.56,470.23,4.062016589162458,2.5478806
1986-02-24,0.23911904275065785,1491.5619119917892,0.6514895883300139,1.1920928955078125e-07,1.0277044,2.7922955,3.82,10.848002,-0.98,-4.96,3.0,263.43,440.0,4.135957857783336,2.1772797
1986-02-25,3.870828376288951,1487.3358122787972,0.5765818981478006,1.1920928955078125e-07,3.9599998,2.360344e-07,3.96,10.944003,-2.8,-7.03,1.43,266.79,360.0,3.6456553573610258,1.9456543
1986-02-26,5.845832925569767,1483.3521433659535,0.5320412498417408,1.1920928955078125e-07,1.1920929e-07,1.1920929e-07,0.0,10.944003,-3.89,-9.05,1.27,402.47,312.16,3.236821523938901,1.6121135
1986-02-27,7.509860251298853,1479.7222114041242,0.6003570154258521,1.1920928955078125e-07,3.3099325,6.747365e-05,3.31,10.946783,-2.16,-4.86,0.54,194.06,437.55,2.9043493802658644,1.5843184
1986-02-28,9.057877878862955,1476.40632693719,0.5114768545805239,1.1920928955078125e-07,1.1920929e-07,1.1920929e-07,0.0,11.04,-4.495,-9.42,0.43,402.03,287.5,2.630578505986214,1.361958
1986-03-01,9.058624950503575,1473.370172236587,0.5423316724665674,1.1920928955078125e-07,1.1920929e-07,1.1920929e-07,0.0,11.04,-3.65,-9.0,1.7,419.84,320.0,2.4025972474729214,1.1859226
1986-03-02,9.05862188956312,1470.490016568563,0.6166265035018199,1.1920928955078125e-07,1.1920929e-07,1.1920929e-07,0.0,11.136,-1.935,-6.78,2.91,402.43,364.65,2.204619005006075,1.1025374
1986-03-03,9.079274946491868,1467.698570193831,0.6960049057348238,1.1920928955078125e-07,1.1920929e-07,1.1920929e-07,0.0,11.136,-0.175,-4.76,4.41,390.96,440.0,2.0283197803788284,1.0562123
1986-03-04,4.403106581897747,1469.6424825916288,0.8226310818292596,4.403106581897747,1.1920929e-07,0.18,0.18,11.232,2.115,-1.51,5.74,340.13,558.95,2.1495296574653966,1.0747423
1986-03-05,1.6085071745613435,1469.5450810765617,0.8092495625544085,1.6085070083100406,1.1920929e-07,1.1920929e-07,0.0,11.232,1.875,-2.62,6.37,396.53,505.85,2.143287449616108,1.0562123
1986-03-06,0.5860204651921965,1467.6609164573615,0.8246083607819223,0.584354668578333,1.1920929e-07,1.1920929e-07,0.0,11.328,2.045,-3.05,7.14,422.78,482.3,2.0260406937902125,1.0006222
1986-03-07,0.32721576483162307,1465.2152738743844,0.647811030373753,1.1920928955078125e-07,1.1920929e-07,1.1920929e-07,0.0,11.328,-1.425,-7.94,5.09,473.77,324.62,1.883367773343354,0.92650205
1986-03-08,0.32721464174605414,1462.8962009753668,0.42426077161655623,1.1920928955078125e-07,1.1920929e-07,1.1920929e-07,0.0,11.423997,-7.4,-13.39,-1.41,467.73,216.58,1.757370591508178,0.79679173
1986-03-09,0.26029137352573356,1460.6503275658404,0.8820504949273145,0.24234398852693287,1.1920929e-07,1.1920929e-07,0.0,11.423997,2.985,-7.88,13.85,514.42,335.57,1.6433904667491503,0.8431168
1986-03-10,0.10979608339483518,1457.9117553942087,1.5759760895767607,0.08233364901638549,1.1920929e-07,1.1920929e-07,0.0,11.423997,11.945,1.96,21.93,497.89,703.33,1.514360490396637,0.8523819
1986-03-11,0.05371711677545288,1457.7560075564877,1.7808646113366626,0.033903779257541074,1.1920929e-07,6.11,6.11,11.520008,13.78,6.45,21.11,345.02,961.95,1.5073345847487158,0.99135715
1986-03-12,0.028741695617368838,1458.4155704811014,0.9225328918620284,0.016421959935894882,1.1920929e-07,1.1920929e-07,0.0,11.520008,3.55,-2.8,9.9,443.78,495.95,1.5373130691904486,0.8523819
1986-03-13,0.01595735098162943,1460.6781355261726,0.9379382954617977,0.008613920713670916,1.1920929e-07,9.41,9.41,11.616,3.65,0.99,6.31,167.39,640.0,1.644755523273345,1.1951876
1986-03-14,0.008953349416171727,1467.511541249042,1.1212545921941324,0.004676947104301096,1.1920929e-07,11.64,11.64,11.616,6.27,3.35,9.19,182.41,781.7,2.0170245881620716,2.751711
1986-03-15,0.005143935989027898,1478.9582771888445,1.4851787930142857,0.002638103605860068,1.1920929e-07,20.14,20.14,11.711997,10.38,5.6,15.16,264.28,920.0,2.838852345757436,7.2915707
1986-03-16,0.0028172529055045053,1483.978107185954,1.3555361592408801,0.0014284674253027833,1.1920929e-07,4.61,4.61,11.711997,8.895,2.69,15.1,321.78,734.9,3.2978866447745676,2.5942056
1986-03-17,0.001574319764383437,1481.6628115536455,1.1610126543287098,0.0007933559610196154,1.1920929e-07,1.1920929e-07,0.0,11.808,6.405,1.29,11.52,379.94,664.01,3.0776053197637,1.843739
1986-03-18,0.0008309689920021388,1477.6703195506448,1.0335819141274563,0.000417210759731908,1.1920929e-07,1.1920929e-07,0.0,11.808,4.685,-2.74,12.11,453.71,500.79,2.731754434961664,1.5379933
1986-03-19,0.0003537247950672318,1473.6815892890052,1.7881863845886488,0.00017717520028407712,1.1920929e-07,1.1920929e-07,0.0,11.903997,13.14,5.7,20.58,439.34,916.92,2.4250414642718963,1.4268131
1986-03-20,0.00015866472944792278,1469.6587775912762,1.6033205550665977,7.939530095168513e-05,1.1920929e-07,1.1920929e-07,0.0,11.903997,11.435,2.26,20.61,467.55,721.01,2.150575735011178,1.2600428
1986-03-21,-0.0001313660645748593,1466.0499777726131,0.60140073225205,1.1920928955078125e-07,1.1920929e-07,1.1920929e-07,0.0,12.000003,-3.3,-10.5,3.9,454.1,279.12,1.9308959455687666,1.0840074
1986-03-22,-0.0005202607824248209,1462.8476768003184,0.6827338142287712,1.1920928955078125e-07,1.1920929e-07,1.1920929e-07,0.0,12.000003,-1.475,-8.7,5.75,450.77,320.0,1.754826297050976,1.0191522
1986-03-23,-0.0009261928839936553,1459.939190290645,1.0098195365499683,1.1920928955078125e-07,1.1920929e-07,1.1920929e-07,0.0,12.000003,4.275,-5.4,13.95,485.6,407.78,1.6088640045711735,1.0006222
1986-03-24,-0.0012673358291730552,1457.2118338598457,1.325226117127913,1.1920928955078125e-07,1.1920929e-07,1.1920929e-07,0.0,12.096,8.325,2.4,14.25,392.89,720.07,1.4830414128661333,0.94503206
1986-03-25,-0.0014618630778547137,1454.5529231241733,1.2982678101367737,1.1920928955078125e-07,1.1920929e-07,1.1920929e-07,0.0,12.096,8.035,-1.72,17.79,483.69,542.42,1.3698555319520493,0.8801769
1986-03-26,-0.0014279480899303245,1451.849773699881,1.9032991124733891,1.1920928955078125e-07,1.1920929e-07,1.1920929e-07,0.0,12.191998,14.005,5.82,22.19,445.01,920.52,1.2636377956346772,0.8616469
1986-03-27,-0.0010837643252915806,1448.9897012032218,1.8282802409614405,1.1920928955078125e-07,1.1920929e-07,1.1920929e-07,0.0,12.191998,13.385,6.16,20.61,420.64,943.04,1.1602073184788486,0.8523819
1986-03-28,-0.0004406994185961042,1445.907057781865,1.2725469831512948,1.1920928955078125e-07,1.1920929e-07,1.1920929e-07,0.0,12.287997,7.575,-1.5,16.65,475.38,560.0,1.0581871467353228,0.80605674
1986-03-29,0.0002983634228826064,1442.6874260703157,1.8182750915775252,0.0001494042631064912,1.1920929e-07,1.1920929e-07,0.0,12.287997,13.24,3.0,23.48,481.21,760.0,0.9611983463449716,0.7875267
1986-03-30,0.000933501902151989,1439.4437561504049,2.326467044737738,0.00046892949975895816,1.1920929e-07,1.1920929e-07,0.0,12.383997,17.195,6.32,28.07,479.37,945.99,0.8724726880608514,0.75973165
1986-03-31,0.0012648114514414914,1436.2889941026324,2.4342943640205186,0.0006364050424243073,1.1920929e-07,1.1920929e-07,0.0,12.383997,17.99,9.0,26.98,445.65,1160.0,0.7940421353735942,0.72267157
1986-04-01,0.0010923875029805591,1433.3360860074984,2.0788827752643675,0.0005491769979658487,1.1920929e-07,1.1920929e-07,0.0,12.479998,15.275,5.55,25.0,466.62,920.0,0.727030663651047,0.70414156
1986-04-02,0.0005157774443048007,1430.3966441429882,2.23309462003172,0.00025855378660816263,1.1920929e-07,1.1920929e-07,0.0,12.479998,16.49,9.48,23.5,390.98,1198.56,0.6659421849262586,0.6856115
1986-04-03,-6.425895266758694e-05,1427.635649220911,1.6536884864577561,1.1920928955078125e-07,1.1920929e-07,1.1920929e-07,0.0,12.576006,11.515,3.0,20.03,447.19,760.0,0.6132453650111133,0.6485514
1986-04-04,-0.0004905194570952707,1425.8527845594538,1.925129187119054,1.1920928955078125e-07,1.1920929e-07,1.59,1.59,12.576006,13.98,6.86,21.1,397.81,988.64,0.5814543045764204,0.6578164
1986-04-05,-0.0006068134820764088,1425.849382556478,1.888703388483254,1.1920928955078125e-07,1.1920929e-07,3.11,3.11,12.576006,13.67,8.26,19.08,264.22,1100.88,0.5813952452280264,0.6670815
1986-04-06,-0.0003584443908213278,1427.2919780042537,1.3178668344858449,1.1920928955078125e-07,1.1920929e-07,6.45,6.45,12.672003,7.84,5.11,10.57,139.43,888.98,0.6069848285399477,0.75973165
1986-04-07,-5.916202535980445e-05,1426.9119691847325,1.7829137556441794,1.1920928955078125e-07,1.1920929e-07,2.52,2.52,12.672003,12.605,6.81,18.4,307.89,985.18,0.6001367228579274,0.76899666
1986-04-08,0.0001860941305792767,1425.1845732715701,2.022557846174462,9.313364282824292e-05,1.1920929e-07,1.1920929e-07,0.0,12.768005,14.545,8.5,20.59,368.83,1120.22,0.569968415185946,0.6948765
1986-04-09,0.0003002056769656439,1422.9542927378245,1.5396021695287054,0.00015032814693481488,1.1920929e-07,1.1920929e-07,0.0,12.768005,10.195,3.07,17.32,426.86,763.33,0.5332494227493297,0.6392864
1986-04-10,0.0002190946017451457,1421.0186667365995,1.1566070819543912,0.00010966730693585263,1.1920929e-07,1.1920929e-07,0.0,12.864003,5.68,1.47,9.89,296.32,678.0,0.5033045185541917,0.6114913
1986-04-11,6.887361030556764e-05,1419.341885472234,1.0332617069602397,3.444866408780635e-05,1.1920929e-07,0.71,0.71,12.864003,4.0,0.93,7.07,228.16,640.85,0.4787268046197549,0.6114913
1986-04-12,-6.794350812386384e-05,1417.7303415211247,1.2357774976888893,1.1920928955078125e-07,1.1920929e-07,1.1920929e-07,0.0,12.96,6.61,1.13,12.09,369.23,654.48,0.45623710510172627,0.6207563
1986-04-13,-0.00015196734477276153,1416.1087879501954,1.200057107426853,1.1920928955078125e-07,1.1920929e-07,1.1920929e-07,0.0,12.96,6.18,-0.3,12.66,415.03,600.0,0.43467400091195674,0.57443124
1986-04-14,-0.00014380849087073825,1414.4019778263691,1.3760449644040003,1.1920928955078125e-07,1.1920929e-07,1.1920929e-07,0.0,13.05322,8.19,-0.97,17.35,495.12,562.06,0.4130771682979982,0.57443124
1986-04-15,-2.1479472444522525e-05,1412.9916691400183,1.5618188000519773,1.1920928955078125e-07,1.1920929e-07,11.6,11.6,13.056,10.18,3.85,16.51,299.37,803.94,0.39604405479402405,0.6114913
1986-04-16,0.00017876747961140455,1412.2489998352223,1.3146198483181002,8.94636343138417e-05,1.1920929e-07,39.64,39.64,13.056,7.505,5.3,9.71,122.92,903.85,0.38735858838431303,5.188411
1986-04-17,0.00040954562789784514,1412.0044773332618,1.166117782028208,0.00020519213241615425,1.1920929e-07,11.83,11.83,13.152,5.565,3.6,7.53,114.74,799.06,0.3845408022158558,3.4836476
1986-04-18,0.0006234710541795637,1412.088250020008,1.7321975052072254,0.0003127073143303717,1.1920929e-07,4.56,4.56,13.152,11.715,4.47,18.96,345.07,837.84,0.3855038516072323,2.5478806
1986-04-19,0.0007731598402213251,1412.330466281332,1.7643799366445925,0.00038807435301252825,1.1920929e-07,1.1920929e-07,0.0,13.248009,11.89,2.5,21.28,508.48,720.0,0.38830195540696016,1.6399086
1986-04-20,0.0008112280677878943,1412.5612745031053,1.9741267651161405,0.00040725925231634586,1.1920929e-07,1.1920929e-07,0.0,13.248009,13.695,6.13,21.26,456.37,930.05,0.39098716755948476,1.389753
1986-04-21,0.0006902918186440354,1412.6108230711989,2.185334598130318,0.0003463371615789468,1.1920929e-07,0.96,0.96,13.343997,15.235,11.08,19.39,293.07,1326.09,0.39156602994844114,1.2785728
1986-04-22,0.00034984795367511807,1412.268460171569,1.5435206972442652,0.00017522996050219874,1.1920929e-07,4.1,4.1,13.343997,9.66,4.34,14.98,283.95,826.84,0.38758372707663585,1.361958
1986-04-23,-0.00021712113153598872,1411.3220331722573,1.0938841653091742,1.1920928955078125e-07,1.1920929e-07,2.71,2.71,13.343997,4.39,0.47,8.31,234.99,637.69,0.3767845341147577,1.2600428
1986-04-24,-0.00086207760006079,1409.8374079847054,1.5569045807209028,1.1920928955078125e-07,1.1920929e-07,1.1920929e-07,0.0,13.439995,9.71,1.23,18.19,508.48,661.76,0.36044723748177426,1.0376823
1986-04-25,-0.0014267518826085166,1407.9016100770457,1.9371843202456904,1.1920928955078125e-07,1.1920929e-07,0.3,0.3,13.439995,13.21,5.89,20.53,467.93,929.07,0.34020438546437404,0.9635621
1986-04-26,-0.0017528744098884003,1405.6016649174098,2.080027925532248,1.1920928955078125e-07,1.1920929e-07,1.1920929e-07,0.0,13.535997,14.275,5.06,23.49,516.54,884.54,0.31762608359300754,0.93576705
1986-04-27,-0.001682175612609671,1403.0245979739304,2.465945659919625,1.1920928955078125e-07,1.1920929e-07,1.1920929e-07,0.0,13.535997,17.11,7.77,26.45,512.22,1061.76,0.2941026449384286,0.8709119
1986-04-28,-0.0010807103497095763,1400.2347021310072,2.5258973998242484,1.1920928955078125e-07,1.1920929e-07,1.1920929e-07,0.0,13.580106,17.49,8.5,26.48,505.9,1120.0,0.2705963381758003,0.8338518
1986-04-29,-0.0001558553712801827,1397.160161005423,2.6749010392532195,1.1920928955078125e-07,1.1920929e-07,1.1920929e-07,0.0,13.632,18.425,11.37,25.48,451.2,1349.57,0.24686178242664492,0.79679173
1986-04-30,0.0007989129297499621,1393.994343143399,2.3486384616173543,0.00040105211106129324,1.1920929e-07,1.1920929e-07,0.0,13.632,16.29,7.87,24.71,502.04,1069.4,0.22459609753039345,0.75973165
1986-05-01,0.0015209470636809628,1390.9935929049047,2.875435522939244,0.0007662566202846884,1.1920929e-07,1.1920929e-07,0.0,13.727997,19.605,12.51,26.7,454.01,1440.79,0.20534825138924956,0.7319366
1986-05-02,0.0017475995408129255,1388.4142546499104,2.4161126335002874,0.0008814348364760173,1.1920929e-07,1.1920929e-07,0.0,13.727997,16.71,8.64,24.78,494.79,1131.58,0.19012723272872162,0.70414156
1986-05-03,0.001236614391998027,1386.455442042238,1.3638250575016138,0.0006221301851672712,1.1920929e-07,1.1920929e-07,0.0,13.72965,7.58,0.9,14.26,472.6,639.8,0.17932634556918353,0.6485514
1986-05-04,0.00026055850335887144,1384.2658743090603,1.5366149546906622,0.0001304489784175933,1.1920929e-07,1.1920929e-07,0.0,13.824,9.35,0.8,17.9,528.32,639.87,0.1679777004215191,0.6392864
1986-05-05,-0.0007916569520538372,1381.6077811291204,2.463652900234821,1.1920928955078125e-07,1.1920929e-07,1.1920929e-07,0.0,13.824,17.0,6.5,27.5,543.69,960.0,0.1551614117018515,0.6300214
1986-05-06,-0.0016289161305656891,1378.64735053372,3.304043997302001,1.1920928955078125e-07,1.1920929e-07,1.1920929e-07,0.0,13.920003,21.905,12.27,31.54,509.06,1385.63,0.14203499375671202,0.6022263
1986-05-07,-0.0019601031885022767,1375.5507705541606,3.5056995943435183,1.1920928955078125e-07,1.1920929e-07,0.97,0.97,13.920003,22.975,15.05,30.9,458.29,1703.11,0.1294915771558439,0.6022263
1986-05-08,-0.0014996647204828476,1372.485837960528,2.870944851575645,1.1920928955078125e-07,1.1920929e-07,1.1920929e-07,0.0,13.920003,19.57,10.7,28.44,497.49,1265.63,0.1181675036548854,0.57443124
1986-05-09,-0.000417073072056576,1369.6637141627507,2.3427262184163093,1.1920928955078125e-07,1.1920929e-07,1.1920929e-07,0.0,14.015994,16.08,9.09,23.07,448.52,1167.01,0.10861833494404512,0.54663616
1986-05-10,0.0008405850926335536,1367.1102888774628,1.8485947756741785,0.0004220589941604956,1.1920929e-07,1.1920929e-07,0.0,14.015994,12.255,3.5,21.01,512.92,792.34,0.10064506314334994,0.53737116
1986-05-11,0.0019386918306559266,1364.7700502145517,2.170810339420532,0.0009787419360722002,1.1920929e-07,1.1920929e-07,0.0,14.015994,14.885,5.58,24.19,516.39,886.23,0.09385258447103612,0.52810615
1986-05-12,0.0025426291990789268,1362.5874862839048,2.2238434462411325,0.0012874761369609884,1.1920929e-07,1.1920929e-07,0.0,14.111998,15.195,6.56,23.83,495.1,964.75,0.08793152177178766,0.5003111
1986-05-13,0.002317779254970938,1360.507085195409,2.0454532386248205,0.0011723192779658327,1.1920929e-07,1.1920929e-07,0.0,14.111998,13.855,5.8,21.91,479.72,910.62,0.08263569870794056,0.49104607
1986-05-14,0.0013305443573624056,1358.3423630564016,2.0956289512039836,0.0006696979841051924,1.1920929e-07,0.78,0.78,14.111998,14.275,9.39,19.16,337.94,1191.58,0.07746355313960376,0.49104607
1986-05-15,0.0004921290501726972,1356.086496115099,2.0941288558281936,0.0002466700013694012,1.1920929e-07,1.15,1.15,14.208003,14.18,10.98,17.38,233.46,1318.63,0.0724177845885489,0.52810615
1986-05-16,1.110192065339197e-05,1354.3925912589377,2.9778200712892775,5.551268458301154e-06,1.1920929e-07,1.1920929e-07,0.0,14.208003,20.07,14.31,25.83,370.08,1625.04,0.06884622089385968,0.53737116
1986-05-17,-3.30030462471355e-05,1353.4114125301137,3.316408340156325,1.1920928955078125e-07,1.1920929e-07,5.81,5.81,14.208003,21.935,14.6,29.27,320.64,1656.32,0.06685855840876372,0.6022263
1986-05-18,-1.7621517682718822e-05,1350.962273203038,3.5684964379232946,1.1920928955078125e-07,1.1920929e-07,1.1920929e-07,0.0,14.304006,23.125,14.74,31.51,462.18,1601.14,0.062143918758111184,0.51884115
1986-05-19,-9.521139978114214e-06,1347.3510447603892,3.5630279527007103,1.1920928955078125e-07,1.1920929e-07,1.1920929e-07,0.0,14.304006,23.145,15.98,30.31,420.42,1760.29,0.055791915603188136,0.47251603
1986-05-20,-5.332579791941104e-06,1348.0027878818398,3.376660069850373,1.1920928955078125e-07,1.1920929e-07,8.36,8.36,14.304006,22.2,17.66,26.74,222.12,2025.91,0.05688824393648884,0.53737116
1986-05-21,-2.7514705992390255e-06,1353.7036336034193,2.8411926800212584,1.1920928955078125e-07,1.1920929e-07,8.72,8.72,14.397217,19.055,14.05,24.06,248.86,1603.89,0.06744446041393563,0.6114913
1986-05-22,-1.5648933932429355e-06,1359.6384181702942,2.499835227620022,1.1920928955078125e-07,1.1920929e-07,16.19,16.19,14.399997,16.83,11.48,22.18,268.18,1358.62,0.08051996224509754,0.898707
1986-05-23,-7.370338650660423e-07,1360.9100112885615,2.4220736541708394,1.1920928955078125e-07,1.1920929e-07,0.03,0.03,14.399997,16.29,10.12,22.46,399.84,1249.89,0.08363585655585545,0.52810615
1986-05-24,-3.1888380630337835e-07,1359.2286123824629,2.4410777738726552,1.1920928955078125e-07,1.1920929e-07,1.1920929e-07,0.0,14.399997,16.44,9.35,23.53,442.4,1161.77,0.0795407253218369,0.48178104
1986-05-25,-1.704590099714451e-07,1356.5778675558233,2.623142452157799,1.1920928955078125e-07,1.1920929e-07,1.1920929e-07,0.0,14.495997,17.56,10.01,25.11,459.21,1172.27,0.0734880840692853,0.43545595
1986-05-26,-5.577594844341392e-08,1353.8671682807537,2.8315998674646017,1.1920928955078125e-07,1.1920929e-07,1.1920929e-07,0.0,14.495997,18.88,12.01,25.75,430.39,1357.11,0.06777458456166142,0.4076609
1986-05-27,1.4741364032961503e-09,1351.427112572795,2.6890827628361396,1.1920928955078125e-07,1.1920929e-07,1.0,1.0,14.495997,18.04,11.09,24.99,408.42,1279.46,0.06301243766441401,0.39839587
1986-05-28,2.0748401031254625e-09,1349.0888108447948,3.075364268645742,1.1920928955078125e-07,1.1920929e-07,1.1920929e-07,0.0,14.495997,20.345,13.7,26.99,421.61,1503.19,0.0587631620570609,0.42619094
1986-05-29,-1.4510653691290225e-09,1345.8969549128353,3.5233063647477962,1.1920928955078125e-07,1.1920929e-07,1.1920929e-07,0.0,14.592003,22.62,14.79,30.45,461.76,1523.55,0.05342147352299972,0.38913086
1986-05-30,-5.177538362273687e-09,1342.120515119688,3.808888087839125,1.1920928955078125e-07,1.1920929e-07,1.1920929e-07,0.0,14.592003,24.035,16.81,31.26,434.32,1763.86,0.047725026536568925,0.36133578
1986-05-31,-8.139261262769084e-09,1338.093979413205,3.929773450566631,1.1920928955078125e-07,1.1920929e-07,1.1920929e-07,0.0,14.592003,24.64,18.0,31.28,406.96,1946.85,0.042318811409464606,0.35207078
1986-06-01,-9.370916457075748e-09,1334.1518357412388,3.9292749578355317,1.1920928955078125e-07,1.1920929e-07,1.1920929e-07,0.0,14.592003,24.69,17.64,31.74,426.21,1867.83,0.03761967755789908,0.33354074
1986-06-02,-7.907186331654227e-09,1330.6285720516416,3.256116215360255,1.1920928955078125e-07,1.1920929e-07,1.1920929e-07,0.0,14.592003,21.45,14.37,28.53,440.32,1520.75,0.03386322829358187,0.3150107
1986-06-03,-4.298676056210205e-09,1327.70706999529,1.9044112576596135,1.1920928955078125e-07,1.1920929e-07,1.1920929e-07,0.0,14.688,12.45,3.5,21.4,529.09,718.49,0.031034502311335425,0.29648066
1986-06-04,-1.17488506432558e-09,1324.9874123779318,2.5890189210504055,1.1920928955078125e-07,1.1920929e-07,1.1920929e-07,0.0,14.688,17.515,8.5,26.53,520.71,972.87,0.02861399916859295,0.29648066
1986-06-05,7.13736165644108e-10,1321.9771902786288,3.497473951537283,1.1920928955078125e-07,1.1920929e-07,1.1920929e-07,0.0,14.688,22.69,15.1,30.28,460.5,1548.98,0.026154386676948187,0.29648066
1986-06-06,7.918050979906334e-10,1318.6698298397519,3.999489242807489,1.1920928955078125e-07,1.1920929e-07,1.1920929e-07,0.0,14.688,25.095,19.07,31.12,382.99,2122.3,0.023695041901274288,0.28721562
1986-06-07,4.743834507519504e-10,1324.0906792889932,4.029509527955993,1.1920928955078125e-07,1.1920929e-07,17.66,17.66,14.688,25.155,19.79,30.52,262.99,2302.19,0.02785803516275478,0.3242757
1986-06-08,2.845026068798794e-10,1327.300519197714,4.010963919209897,1.1920928955078125e-07,1.1920929e-07,1.1920929e-07,0.0,14.688,25.03,19.12,30.94,381.11,2190.41,0.03066005838200425,0.29648066
1986-06-09,1.7089204758457248e-10,1323.6092082830462,3.3581743735684384,1.1920928955078125e-07,1.1920929e-07,1.1920929e-07,0.0,14.732102,21.91,14.2,29.62,474.75,1501.14,0.027460419819157176,0.26868558
1986-06-10,9.61098590452549e-11,1320.4832627379085,2.8000351169339415,1.1920928955078125e-07,1.1920929e-07,1.1920929e-07,0.0,14.783998,18.78,9.51,28.05,532.24,1049.52,0.025013389656145912,0.25942057
1986-06-11,-6.496721365164017e-11,1317.3635646738567,4.13038208482971,1.1920928955078125e-07,1.1920929e-07,1.1920929e-07,0.0,14.783998,25.57,18.78,32.36,425.31,2039.96,0.022788667753234945,0.25015554
1986-06-12,-3.182569942583729e-10,1314.0975510309231,4.294151336412319,1.1920928955078125e-07,1.1920929e-07,1.1920929e-07,0.0,14.783998,26.31,19.92,32.7,407.0,2180.85,0.020671311324614382,0.24089052
1986-06-13,-6.148307605443035e-10,1310.744557789517,3.3468906873614754,1.1920928955078125e-07,1.1920929e-07,14.15,14.15,14.783998,21.96,15.81,28.11,307.21,1791.84,0.018702051170328842,0.37060082
1986-06-14,-9.057597902787913e-10,1307.363920930047,3.215086967388815,1.1920928955078125e-07,1.1920929e-07,1.1920929e-07,0.0,14.783998,21.31,14.09,28.53,460.65,1406.21,0.016906433280003668,0.28721562
1986-06-15,-1.142115361231197e-09,1304.0149764329221,3.7007761480689783,1.1920928955078125e-07,1.1920929e-07,1.1920929e-07,0.0,14.783998,23.805,16.54,31.07,452.4,1614.57,0.015297684816033212,0.25942057
1986-06-16,-1.2749687511708793e-09,1300.757060278551,4.040738519777917,1.1920928955078125e-07,1.1920929e-07,1.1920929e-07,0.0,14.783998,25.405,18.52,32.29,429.97,1859.39,0.013879691116768598,0.25015554
1986-06-17,-1.2553912378671999e-09,1297.6495084473427,3.4053270784052625,1.1920928955078125e-07,1.1920929e-07,5.83,5.83,14.783998,22.435,14.89,29.98,347.0,1628.01,0.01264980094242901,0.24089052
1986-06-18,-1.034454099089516e-09,1294.7516569197057,2.401724958487375,1.1920928955078125e-07,1.1920929e-07,1.1920929e-07,0.0,14.783998,16.54,8.62,24.46,500.33,972.68,0.011601303762415827,0.25015554
1986-06-19,-6.054979594286958e-10,1292.1406443684723,2.679711879396364,1.1920928955078125e-07,1.1920929e-07,1.1920929e-07,0.0,14.783998,18.405,9.46,27.35,521.8,993.58,0.010731227226381843,0.20383045
1986-06-20,-1.5798328931647159e-10,1289.7887104944198,3.3778968069750985,1.1920928955078125e-07,1.1920929e-07,1.93,1.93,14.783998,22.4,16.17,28.63,397.48,1707.86,0.010003488957850547,0.19456543
1986-06-21,1.8509390250720256e-10,1287.402370257946,2.9401123195802805,1.1920928955078125e-07,1.1920929e-07,1.1920929e-07,0.0,14.783998,20.04,12.5,27.58,467.47,1278.51,0.009315527465867541,0.21309547
1986-06-22,3.146099017851245e-10,1284.6709592442403,3.0121009725002588,1.1920928955078125e-07,1.1920929e-07,1.1920929e-07,0.0,14.783998,20.49,11.28,29.7,516.89,1111.48,0.008585959143764671,0.20383045
1986-06-23,1.9355309396957682e-10,1281.819099652147,3.7839815783354642,1.1920928955078125e-07,1.1920929e-07,1.1920929e-07,0.0,14.783998,24.5,17.0,32.0,445.7,1701.21,0.007885120034666843,0.20383045
1986-06-24,4.876750379884207e-11,1280.2466506638455,3.5353342234771232,1.1920928955078125e-07,1.1920929e-07,5.44,5.44,14.783998,23.325,15.5,31.15,341.3,1720.73,0.007523468680851855,0.23162551
1986-06-25,-6.150995810440432e-11,1279.1443735985263,2.7764238525383846,1.1920928955078125e-07,1.1920929e-07,1.1920929e-07,0.0,14.783998,19.175,10.99,27.36,487.1,1155.31,0.007279888348411577,0.26868558
1986-06-26,-1.0190047156901568e-10,1277.4912553459908,2.6714260438837343,1.1920928955078125e-07,1.1920929e-07,1.1920929e-07,0.0,14.783998,18.545,9.52,27.57,512.85,1022.61,0.0069292858290651545,0.20383045
1986-06-27,-6.19116508743149e-11,1274.564502743384,3.3833834199609054,1.1920928955078125e-07,1.1920929e-07,1.1920929e-07,0.0,14.783998,22.635,14.06,31.21,484.69,1383.45,0.006349460388005248,0.20383045
1986-06-28,-1.5320099955578344e-11,1271.0227099718306,3.8151407179831347,1.1920928955078125e-07,1.1920929e-07,0.76,0.76,14.783998,24.795,18.76,30.83,371.8,2072.72,0.005712284617622158,0.19456543
1986-06-29,1.976656894780514e-11,1267.2950831006285,4.053160240146572,1.1920928955078125e-07,1.1920929e-07,1.1920929e-07,0.0,14.783998,25.925,20.02,31.83,361.28,2257.35,0.005110614450417622,0.21309547
1986-06-30,3.1984337073356824e-11,1263.7476879391395,3.326858441925613,1.1920928955078125e-07,1.1920929e-07,1.1920929e-07,0.0,14.783998,22.49,14.77,30.21,456.57,1498.23,0.004596989287154404,0.17603539
1986-07-01,1.6961344993491032e-11,1260.6496079920937,2.8404494602355643,1.1920928955078125e-07,1.1920929e-07,1.1920929e-07,0.0,14.783998,19.81,14.64,24.98,345.08,1658.73,0.0041908315548927315,0.17603539
1986-07-02,-6.465437140911905e-12,1257.8049185135783,3.1611085634652407,1.1920928955078125e-07,1.1920929e-07,13.69,13.69,14.783998,21.685,15.79,27.58,283.11,1783.55,0.0038495740017748014,0.21309547
1986-07-03,-3.0524832118753706e-11,1255.0148120000292,3.1507694937402984,1.1920928955078125e-07,1.1920929e-07,1.1920929e-07,0.0,14.781217,21.67,15.06,28.28,416.96,1641.76,0.0035418725196328083,0.25942057
1986-07-04,-4.870632351047775e-11,1252.0927206868578,2.671033322208939,1.1920928955078125e-07,1.1920929e-07,1.1920929e-07,0.0,14.689652,18.99,9.53,28.45,525.24,1044.15,0.0032459491464346827,0.19456543
1986-07-05,-5.449939488652735e-11,1248.8520768094752,3.473449995447062,1.1920928955078125e-07,1.1920929e-07,1.1920929e-07,0.0,14.688,23.565,14.66,32.47,493.74,1457.76,0.002946590446298068,0.17603539
1986-07-06,-4.14183072229644e-11,1245.117402625813,4.036693049654862,1.1920928955078125e-07,1.1920929e-07,1.1920929e-07,0.0,14.688,26.285,17.7,34.87,470.92,1758.83,0.0026356738829837077,0.17603539
1986-07-07,-8.965543726606295e-12,1241.7683653696974,4.429354891366148,1.1920928955078125e-07,1.1920929e-07,1.1920929e-07,0.0,14.688,28.01,20.38,35.64,426.37,2147.57,0.0023848671096268694,0.16677037
1986-07-08,3.271744414743701e-11,1239.1995342973935,4.514647830628556,1.1920928955078125e-07,1.1920929e-07,1.1920929e-07,0.0,14.688,28.395,21.38,35.41,397.17,2350.48,0.0022087865574329955,0.14824033
1986-07-09,7.283490483255646e-11,1237.0523140390287,4.1031202175818295,1.1920928955078125e-07,1.1920929e-07,3.55,3.55,14.688,26.695,21.27,32.12,247.52,2522.95,0.0020716215027132734,0.15750535
1986-07-10,1.0059108676214312e-10,1234.9681092247313,3.2604068004828575,1.1920928955078125e-07,1.1920929e-07,1.1920929e-07,0.0,14.636108,22.715,16.01,29.42,413.91,1709.9,0.0019466335357945573,0.18530041
1986-07-11,1.0519023836958785e-10,1232.5883244846289,3.2045316250485825,1.1920928955078125e-07,1.1920929e-07,1.1920929e-07,0.0,14.592003,22.5,15.67,29.33,420.06,1663.13,0.001813114205922831,0.17603539
1986-07-12,7.602119296230335e-11,1229.5586677883136,3.3388568270013583,1.1920928955078125e-07,1.1920929e-07,1.1920929e-07,0.0,14.592003,23.26,16.38,30.14,418.74,1735.94,0.001656300485775428,0.1389753
1986-07-13,1.6522871556243323e-11,1225.869657743846,3.953821941929266,1.1920928955078125e-07,1.1920929e-07,1.1920929e-07,0.0,14.592003,26.31,20.16,32.46,370.52,2275.13,0.0014835533206912898,0.16677037
1986-07-14,-5.4056258950543696e-11,1221.9291576982137,3.7266334662657417,1.1920928955078125e-07,1.1920929e-07,1.1920929e-07,0.0,14.592003,25.31,18.72,31.9,396.99,2037.91,0.0013188824238628356,0.14824033
1986-07-15,-1.1699458169875788e-10,1218.1410827144189,3.0954849607490633,1.1920928955078125e-07,1.1920929e-07,1.1920929e-07,0.0,14.540109,22.165,14.15,30.18,468.66,1401.96,0.0011778378894763577,0.111180246
1986-07-16,-1.5357047982909966e-10,1214.9093478554644,3.2032546276116194,1.1920928955078125e-07,1.1920929e-07,1.1920929e-07,0.0,14.495997,22.86,15.51,30.21,447.49,1366.9,0.0010694958664338272,0.12971029
1986-07-17,-1.4506233648226911e-10,1212.6378681843523,3.344786826325523,1.1920928955078125e-07,1.1920929e-07,3.36,3.36,14.495997,23.65,17.63,29.67,289.55,1844.85,0.0009993657902381326,0.17603539
1986-07-18,-9.167790111971114e-11,1210.0514752298614,4.17155929052902,1.1920928955078125e-07,1.1920929e-07,1.1920929e-07,0.0,14.495997,27.63,20.97,34.29,404.34,1877.83,0.000925094965674802,0.18530041
1986-07-19,-5.432558223303503e-11,1204.6141701486913,4.2639728735553915,1.1920928955078125e-07,1.1920929e-07,1.1920929e-07,0.0,14.4441,28.175,21.59,34.76,400.39,1956.92,0.0007864659662868844,0.15750535
1986-07-20,-3.2263620363928866e-11,1209.1985536125105,3.967186118213488,1.1920928955078125e-07,1.1920929e-07,17.84,17.84,14.399997,26.855,20.97,32.74,270.98,2292.55,0.0009018334708393498,0.14824033
1986-07-21,-1.9247759083088367e-11,1230.1024681555668,3.68766197745178,1.1920928955078125e-07,1.1920929e-07,37.33,37.33,14.399997,25.24,18.45,32.03,307.25,1977.32,0.0016834129877951896,1.2044526
1986-07-22,-1.1278380213969453e-11,1242.152353036146,3.5665945989171948,1.1920928955078125e-07,1.1920929e-07,1.1920929e-07,0.0,14.399997,24.475,18.21,30.74,393.58,1942.4,0.0024123671847913137,0.29648066
1986-07-23,-6.716404432000774e-12,1239.3324402922588,3.639437640845081,1.1920928955078125e-07,1.1920929e-07,1.1920929e-07,0.0,14.305658,24.99,19.34,30.64,361.77,2135.04,0.0022175691096676794,0.22236049
1986-07-24,-3.951754798400449e-12,1235.7402716756037,3.551526923447101,1.1920928955078125e-07,1.1920929e-07,1.1920929e-07,0.0,14.304006,24.61,18.49,30.73,389.75,1972.67,0.001992034941815996,0.20383045
1986-07-25,-2.0241806944907763e-13,1232.1054387206445,3.8976746710012615,1.1920928955078125e-07,1.1920929e-07,1.1920929e-07,0.0,14.304006,26.32,20.47,32.17,370.53,2255.75,0.0017871602880673082,0.18530041
1986-07-26,5.718360135506462e-12,1228.356141156237,4.087577345339848,1.1920928955078125e-07,1.1920929e-07,1.1920929e-07,0.0,14.301225,27.235,22.31,32.16,318.99,2652.07,0.0015978859520762601,0.17603539
1986-07-27,1.2442478129134558e-11,1224.5541993075951,3.8898009324667355,1.1920928955078125e-07,1.1920929e-07,1.1920929e-07,0.0,14.208003,26.515,20.47,32.56,386.95,2220.38,0.0014264133836907051,0.17603539
1986-07-28,1.86018342241036e-11,1220.7614334999319,3.6752872199312288,1.1920928955078125e-07,1.1920929e-07,1.1920929e-07,0.0,14.208003,25.555,18.82,32.29,421.89,1943.58,0.0012736908198928993,0.16677037
1986-07-29,2.2828326733081978e-11,1217.039664058461,3.795494323574866,1.1920928955078125e-07,1.1920929e-07,1.1920929e-07,0.0,14.208003,26.185,19.62,32.75,410.03,2062.56,0.0011397333414691518,0.15750535
1986-07-30,2.3753853968738076e-11,1213.450711308396,3.439680022380608,1.1920928955078125e-07,1.1920929e-07,1.1920929e-07,0.0,14.111998,24.605,17.71,31.5,432.56,1803.16,0.0010239169738671104,0.16677037
1986-07-31,2.0010314243740265e-11,1210.05639557495,3.2014704891313164,1.1920928955078125e-07,1.1920929e-07,1.1920929e-07,0.0,14.111998,23.39,16.99,29.79,413.12,1771.38,0.000925230882809773,0.111180246
1986-08-01,9.771636451029806e-12,1206.8933987237215,3.2435260956953833,1.1920928955078125e-07,1.1920929e-07,1.1920929e-07,0.0,14.111998,23.665,16.37,30.96,447.76,1640.95,0.0008418506400217367,0.12044526
1986-08-02,-7.126511721047796e-12,1204.0030530736528,3.412727892195176,1.1920928955078125e-07,1.1920929e-07,2.93,2.93,14.015994,24.725,17.92,31.53,396.28,1901.69,0.0007722456721235471,0.12971029
1986-08-03,-2.627409134710043e-11,1201.578571873025,3.2504166547807256,1.1920928955078125e-07,1.1920929e-07,9.11,9.11,14.015994,23.9,17.94,29.86,289.42,2069.69,0.0007183181777083542,0.15750535
1986-08-04,-4.301528643517394e-11,1199.82290895704,3.0844899700882844,1.1920928955078125e-07,1.1920929e-07,1.1920929e-07,0.0,14.013214,23.01,15.78,30.24,449.19,1638.47,0.0006816334611440042,0.15750535
1986-08-05,-5.269428099331419e-11,1198.9390181608994,2.990622775533754,1.1920928955078125e-07,1.1920929e-07,1.1920929e-07,0.0,13.920003,22.6,15.1,30.1,461.38,1553.99,0.0006638796428520687,0.14824033
1986-08-06,-5.065525902956708e-11,1199.1298533198053,3.2620561127580747,1.1920928955078125e-07,1.1920929e-07,1.1920929e-07,0.0,13.920003,24.12,17.78,30.46,408.24,1923.09,0.0006676731949573918,0.12044526
1986-08-07,-3.263853585080212e-11,1200.3623323137692,3.226373283544443,1.1920928955078125e-07,1.1920929e-07,6.84,6.84,13.824,24.03,17.5,30.56,309.51,2000.57,0.0006927007989312196,0.48178104
1986-08-08,-2.4445014760575908e-12,1200.4162450241352,3.2310983227446175,1.1920928955078125e-07,1.1920929e-07,1.74,1.74,13.824,24.055,18.52,29.59,347.37,2115.63,0.0006938167544321488,0.22236049
1986-08-09,3.0777858374628685e-11,1199.0573577563925,3.3625724248660496,1.1920928955078125e-07,1.1920929e-07,1.1920929e-07,0.0,13.824,24.78,18.5,31.06,399.85,2058.78,0.0006662295318662273,0.18530041
1986-08-10,5.811645036725174e-11,1196.7404855219804,3.207011232662261,1.1920928955078125e-07,1.1920929e-07,1.1920929e-07,0.0,13.727997,24.1,16.86,31.34,441.29,1796.5,0.000621699668339554,0.15750535
1986-08-11,7.065918116780662e-11,1193.920443332337,3.346545928494528,1.1920928955078125e-07,1.1920929e-07,1.67,1.67,13.727997,24.895,18.74,31.05,387.86,2110.28,0.0005714953594913938,0.16677037
1986-08-12,5.94939574422883e-11,1191.0520461989017,2.740340272089216,1.1920928955078125e-07,1.1920929e-07,1.1920929e-07,0.0,13.6761,21.505,15.85,27.16,381.59,1787.79,0.000524587278842591,0.15750535
1986-08-13,3.4331718759503256e-11,1188.4383855142737,2.4596874234652737,1.1920928955078125e-07,1.1920929e-07,1.1920929e-07,0.0,13.632,19.745,13.3,26.19,424.78,1489.43,0.0004852058279069054,0.12971029
1986-08-14,1.7856392549322846e-11,1185.8605924203916,2.6937236326701965,1.1920928955078125e-07,1.1920929e-07,1.1920929e-07,0.0,13.632,21.34,14.11,28.57,450.28,1520.81,0.0004492616658111061,0.12044526
1986-08-15,1.031695237322885e-11,1182.996509277338,2.973989195186791,1.1920928955078125e-07,1.1920929e-07,1.1920929e-07,0.0,13.535997,23.225,16.86,29.59,407.98,1866.17,0.0004124395931615207,0.12971029
1986-08-16,6.0957508398087324e-12,1179.7773505673717,3.4076904112890793,1.1920928955078125e-07,1.1920929e-07,1.1920929e-07,0.0,13.535997,25.68,19.99,31.37,364.6,2305.33,0.00037464247699015696,0.12044526
1986-08-17,3.6278191384635956e-12,1185.7085113475305,3.273510776393904,1.1920928955078125e-07,1.1920929e-07,17.29,17.29,13.44165,25.0,19.3,30.7,275.89,2246.61,0.00044722626799979077,0.19456543
1986-08-18,2.162684218804764e-12,1200.8964626409197,3.1982946797906338,1.1920928955078125e-07,1.1920929e-07,18.78,18.78,13.439995,24.365,19.77,28.96,235.75,2303.01,0.0007038365889421086,0.28721562
1986-08-19,1.283308041784242e-12,1204.7265345416092,2.9729571891841697,1.1920928955078125e-07,1.1920929e-07,1.1920929e-07,0.0,13.439995,23.025,17.49,28.56,369.35,1999.02,0.0007891089701577983,0.17603539
1986-08-20,7.620102473504328e-13,1204.9399932653348,2.7786475832549145,1.1920928955078125e-07,1.1920929e-07,5.76,5.76,13.343997,21.97,18.47,25.47,193.14,2118.9,0.0007941543751072468,0.2779506
1986-08-21,4.4582447545592447e-13,1212.2268946254858,2.4537533599907055,1.1920928955078125e-07,1.1920929e-07,13.44,13.44,13.343997,19.73,16.32,23.14,195.19,1848.29,0.0009871776642606757,0.30574566
1986-08-22,2.5245206467601924e-13,1217.9890204355543,2.5471299664555715,1.1920928955078125e-07,1.1920929e-07,4.96,4.96,13.248009,20.41,15.0,25.82,312.24,1720.0,0.0011725023061118056,0.3150107
1986-08-23,1.2965537517663217e-13,1217.3108267420166,2.7162292313331853,1.1920928955078125e-07,1.1920929e-07,1.1920929e-07,0.0,13.248009,21.525,15.0,28.05,421.44,1714.82,0.0011489985008799114,0.24089052
1986-08-24,7.443347481712858e-14,1214.752699567064,2.671895539280016,1.1920928955078125e-07,1.1920929e-07,1.1920929e-07,0.0,13.196108,21.345,15.19,27.5,405.3,1731.23,0.0010645052987769187,0.18530041
1986-08-25,3.9643675140953726e-14,1212.5194241708891,2.111997618449028,1.1920928955078125e-07,1.1920929e-07,1.1920929e-07,0.0,13.152,17.44,9.72,25.16,470.03,1199.94,0.0009958377761719785,0.19456543
1986-08-26,2.2056584834202073e-14,1210.1230649485476,2.5314788566924795,1.1920928955078125e-07,1.1920929e-07,1.1920929e-07,0.0,13.152,20.54,12.5,28.58,464.85,1421.46,0.00092707449364446,0.15750535
1986-08-27,1.2386156374701448e-14,1207.7482885998606,2.965542237437411,1.1920928955078125e-07,1.1920929e-07,1.76,1.76,13.056,23.445,18.1,28.79,351.87,2079.49,0.0008636157158494448,0.14824033
1986-08-28,6.883406077778579e-15,1210.8264698474286,2.0867751475614127,1.1920928955078125e-07,1.1920929e-07,9.65,9.65,13.056,17.385,10.9,23.87,316.78,1311.81,0.0009467510463204027,0.21309547
1986-08-29,3.977846425352371e-15,1213.3149805624444,1.473546314445572,1.1920928955078125e-07,1.1920929e-07,1.1920929e-07,0.0,12.96,11.79,4.68,18.9,458.74,854.49,0.0010197757979129014,0.24089052
1986-08-30,2.2372826321244816e-15,1211.5219374388714,1.6189265068139809,1.1920928955078125e-07,1.1920929e-07,1.1920929e-07,0.0,12.96,13.325,4.98,21.67,485.93,878.29,0.0009666161136147352,0.16677037
1986-08-31,1.3029169615041014e-15,1209.694929318304,1.7778991450056234,1.1920928955078125e-07,1.1920929e-07,1.1920929e-07,0.0,12.864003,14.995,6.52,23.47,481.95,961.24,0.0009152988802236771,0.18530041
1986-09-01,7.300058385784904e-16,1207.8987418245515,1.944346458072549,1.1920928955078125e-07,1.1920929e-07,1.1920929e-07,0.0,12.864003,16.495,9.65,23.34,428.49,1211.97,0.0008675040027897513,0.16677037
1986-09-02,3.5732290455740123e-16,1206.7772724538165,2.0274081779355404,1.1920928955078125e-07,1.1920929e-07,10.67,10.67,12.861222,17.21,13.48,20.94,202.88,1546.82,0.0008389367493351283,0.19456543
1986-09-03,-2.4218228315089496e-17,1206.2049661173678,2.2319130844307358,1.1920928955078125e-07,1.1920929e-07,5.58,5.58,12.768005,18.955,15.82,22.09,172.77,1793.13,0.0008247228611997784,0.25942057
1986-09-04,-3.1685604862767046e-16,1205.6570620059886,2.359910293092657,1.1920928955078125e-07,1.1920929e-07,0.22,0.22,12.768005,19.91,16.44,23.38,252.01,1861.64,0.0008113407237803602,0.25015554
1986-09-05,-4.191246437390961e-16,1204.60703733503,2.429388733200543,1.1920928955078125e-07,1.1920929e-07,0.91,0.91,12.672003,20.55,17.58,23.52,220.91,2012.45,0.0007862984893551725,0.22236049
1986-09-06,-2.654287661878664e-16,1202.7422496313281,2.3303450440230873,1.1920928955078125e-07,1.1920929e-07,1.1920929e-07,0.0,12.672003,19.865,14.11,25.62,382.71,1607.7,0.0007437148409342554,0.19456543
1986-09-07,-2.898648828055794e-17,1200.9486691853447,2.0339783950153834,1.1920928955078125e-07,1.1920929e-07,1.1920929e-07,0.0,12.576006,17.72,10.5,24.94,438.57,1280.1,0.0007049345722705845,0.19456543
1986-09-08,1.9693630675212838e-16,1199.287738795483,1.794855924427242,1.1920928955078125e-07,1.1920929e-07,1.1920929e-07,0.0,12.576006,15.665,10.23,21.1,376.86,1258.05,0.0006708281314003813,0.17603539
1986-09-09,3.4696283147094584e-16,1197.630111209219,1.596765444960234,1.1920928955078125e-07,1.1920929e-07,1.1920929e-07,0.0,12.479998,13.9,4.85,22.95,484.66,868.13,0.0006384347988648983,0.16677037
1986-09-10,3.5571629843664795e-16,1195.846439174029,1.7901035965757612,1.1920928955078125e-07,1.1920929e-07,1.1920929e-07,0.0,12.479998,15.795,7.36,24.23,464.47,1029.14,0.000605323308466255,0.14824033
1986-09-11,1.480358419579225e-16,1193.8530199555385,2.4865518281944845,1.1920928955078125e-07,1.1920929e-07,1.1920929e-07,0.0,12.383997,21.5,14.91,28.09,392.28,1702.06,0.0005703460246679552,0.14824033
1986-09-12,-2.9202210404317017e-16,1191.7555089334076,2.7827846092340156,1.1920928955078125e-07,1.1920929e-07,1.1920929e-07,0.0,12.383997,23.49,19.02,27.96,291.62,2202.63,0.0005357222274852688,0.14824033
1986-09-13,-8.577343600937217e-16,1189.615033531379,2.0615473013481234,1.1920928955078125e-07,1.1920929e-07,1.1920929e-07,0.0,12.287997,18.495,10.43,26.56,441.55,1274.5,0.0005025552186720284,0.12971029
1986-09-14,-1.43638769131526e-15,1187.4841892153847,1.9493363501354721,1.1920928955078125e-07,1.1920929e-07,1.1920929e-07,0.0,12.287997,17.585,10.5,24.67,415.85,1280.0,0.00047157719646426726,0.12044526
1986-09-15,-1.9152688628293154e-15,1185.4155714513568,1.9176333532454197,1.1920928955078125e-07,1.1920929e-07,1.1920929e-07,0.0,12.287997,17.34,9.33,25.35,436.23,1186.28,0.0004433316188352165,0.12044526
1986-09-16,-2.1816646397574158e-15,1183.461775705227,2.0108448485445036,1.1920928955078125e-07,1.1920929e-07,1.1920929e-07,0.0,12.191998,18.295,12.02,24.57,378.52,1401.39,0.000418209151624668,0.12044526
1986-09-17,-2.1228617872210915e-15,1181.6753974429273,1.27135920298412,1.1920928955078125e-07,1.1920929e-07,1.1920929e-07,0.0,12.191998,10.835,2.49,19.18,451.17,720.0,0.00039648730501652327,0.111180246
1986-09-18,-1.6261470703418702e-15,1180.1090321303898,1.4123362919083255,1.1920928955078125e-07,1.1920929e-07,1.1920929e-07,0.0,12.096,12.66,4.01,21.31,448.49,800.66,0.00037837112197097435,0.101915225
1986-09-19,4.3344243628052414e-16,1178.5996871244033,2.039946256912565,1.1920928955078125e-07,1.1920929e-07,1.58,1.58,12.096,18.74,12.95,24.53,341.75,1477.99,0.0003616979692523009,0.111180246
1986-09-20,4.872971999136322e-15,1176.911179336828,2.025647004232757,1.1920928955078125e-07,1.1920929e-07,1.1920929e-07,0.0,12.000003,18.78,12.0,25.56,372.81,1400.0,0.0003439148480636524,0.14824033
1986-09-21,1.0869615369400209e-14,1175.0734404369443,2.2389223061395858,1.1920928955078125e-07,1.1920929e-07,1.1920929e-07,0.0,12.000003,20.51,14.51,26.51,336.52,1647.5,0.000325552233366894,0.12044526
1986-09-22,1.7595229081655017e-14,1173.1173844884797,1.98055163888355,1.1920928955078125e-07,1.1920929e-07,1.1920929e-07,0.0,11.903997,18.59,12.8,24.38,332.54,1468.33,0.00030708329799035986,0.12971029
1986-09-23,2.4221669670483563e-14,1171.0739255551618,2.466685041747804,1.1920928955078125e-07,1.1920929e-07,1.1920929e-07,0.0,11.903997,22.38,16.14,28.62,335.12,1824.1,0.00028890718660857503,0.12044526
1986-09-24,2.9920793670468663e-14,1168.9739777007178,2.6279528612237226,1.1920928955078125e-07,1.1920929e-07,2.35,2.35,11.808,23.66,18.28,29.04,270.01,2100.99,0.0002713488550418676,0.12971029
1986-09-25,3.386445761619318e-14,1166.8484549888751,2.4555403657667365,1.1920928955078125e-07,1.1920929e-07,2.76,2.76,11.808,22.505,18.52,26.49,204.89,2131.41,0.0002546630924467962,0.1389753
1986-09-26,3.522451804223991e-14,1164.7282714833611,2.531331832145168,1.1920928955078125e-07,1.1920929e-07,0.32,0.32,11.711997,23.21,15.14,31.28,374.69,1729.45,0.0002390414739183863,0.16677037
1986-09-27,3.317283148319168e-14,1162.6443412479032,2.6732113160686044,1.1920928955078125e-07,1.1920929e-07,1.1920929e-07,0.0,11.711997,24.2,17.34,31.06,342.78,1977.36,0.00022462113078920763,0.14824033
1986-09-28,2.688125447363134e-14,1160.6275783462286,1.8714566123878347,1.1920928955078125e-07,1.1920929e-07,0.18,0.18,11.711997,18.09,13.87,22.31,254.74,1585.94,0.0002114944279035023,0.12044526
1986-09-29,1.6896529553063874e-14,1158.6117122791632,2.2218940325594887,1.1920928955078125e-07,1.1920929e-07,1.1920929e-07,0.0,11.616,21.18,16.4,25.96,275.58,1856.56,0.00019914017285652184,0.1389753
1986-09-30,9.811012099874739e-15,1156.132806266953,2.7397525264630906,1.1920928955078125e-07,1.1920929e-07,1.1920929e-07,0.0,11.616,24.88,18.29,31.47,331.26,2103.84,0.00018493304410387168,0.111180246
1986-10-01,5.897359239052319e-15,1152.1694569307392,2.840240757972357,1.1920928955078125e-07,1.1920929e-07,1.1920929e-07,0.0,11.520008,25.73,19.92,31.54,299.99,2318.73,0.0001642937902170857,0.15750535
1986-10-02,3.564968459486627e-15,1163.7962559432374,2.492110656693379,1.1920928955078125e-07,1.1920929e-07,26.75,26.75,11.520008,23.24,17.0,29.48,240.05,1920.0,0.0002324811080832766,0.3242757
1986-10-03,2.1574101001552013e-15,1175.7291870352055,2.1121912250415935,1.1920928955078125e-07,1.1920929e-07,2.88,2.88,11.423997,20.345,13.82,26.87,281.1,1583.5,0.00033198911725853614,0.25015554
1986-10-04,1.3021814396394992e-15,1176.2790595061938,2.389388661941519,1.1920928955078125e-07,1.1920929e-07,2.8,2.8,11.423997,22.465,18.95,25.98,162.31,2192.74,0.0003374847319114403,0.17603539
1986-10-05,6.897596613792795e-16,1176.3171246743705,2.036820122252016,1.1920928955078125e-07,1.1920929e-07,3.03,3.03,11.328,19.86,14.6,25.12,211.24,1664.41,0.0003378685179160323,0.16677037
1986-10-06,1.510694849764876e-16,1175.4726366610112,1.539987148961003,1.1920928955078125e-07,1.1920929e-07,1.1920929e-07,0.0,11.328,15.195,9.4,20.99,312.45,1192.01,0.0003294557705744626,0.17603539
1986-10-07,-1.8931624087614223e-16,1174.1791687757302,1.0402044295877695,1.1920928955078125e-07,1.1920929e-07,1.1920929e-07,0.0,11.232,9.07,2.33,15.81,353.3,721.33,0.00031697464111644664,0.12044526
1986-10-08,-2.0971156240212275e-16,1172.8770013298251,1.2768978879869535,1.1920928955078125e-07,1.1920929e-07,1.1920929e-07,0.0,11.232,12.33,2.94,21.72,398.01,755.14,0.000304887142670102,0.14824033
1986-10-09,-9.624357682397333e-17,1171.5891527090935,1.713904175780247,1.1920928955078125e-07,1.1920929e-07,1.1920929e-07,0.0,11.138781,17.3,10.08,24.52,342.1,1246.64,0.00029338599326923895,0.1389753
1986-10-10,-3.669835293329298e-18,1170.2885997419367,1.2902281269445144,1.1920928955078125e-07,1.1920929e-07,1.1920929e-07,0.0,11.136,12.67,2.86,22.48,396.64,749.01,0.0002822116270930562,0.12971029
1986-10-11,4.383137144087546e-17,1169.0965869060367,0.9656461972507411,1.1920928955078125e-07,1.1920929e-07,1.1920929e-07,0.0,11.136,8.115,0.6,15.63,359.61,640.0,0.00027234404661227187,0.12971029
1986-10-12,3.313454512359525e-17,1168.5003162517544,1.0938762318726787,1.1920928955078125e-07,1.1920929e-07,1.1920929e-07,0.0,11.04,10.205,3.46,16.95,331.23,791.84,0.0002675382927998439,0.12971029
1986-10-13,1.8053643892899887e-17,1170.9505466307317,1.4272074163765256,1.1920928955078125e-07,1.1920929e-07,6.02,6.02,11.04,14.435,11.22,17.65,135.19,1337.9,0.000287844855100466,0.1389753
1986-10-14,1.0055745043682076e-17,1176.8469289749983,1.6985957637327043,1.1920928955078125e-07,1.1920929e-07,9.18,9.18,10.944003,17.37,13.9,20.84,142.29,1587.5,0.00034325571905243965,0.19456543
1986-10-15,5.641658820789235e-18,1178.9021527894026,1.1185630841224203,1.1920928955078125e-07,1.1920929e-07,1.1920929e-07,0.0,10.944003,10.555,2.73,18.38,355.43,743.9,0.0003649792630444424,0.23162551
1986-10-16,3.029937641093234e-18,1177.6035389662975,0.9518114837778843,1.1920928955078125e-07,1.1920929e-07,1.1920929e-07,0.0,10.848002,8.185,1.28,15.09,333.98,662.05,0.0003510984092106258,0.17603539
1986-10-17,1.7587931823046295e-18,1176.6109249013884,1.0183954521399294,1.1920928955078125e-07,1.1920929e-07,1.1920929e-07,0.0,10.848002,9.25,4.15,14.35,273.17,811.82,0.0003408454337212628,0.15750535
1986-10-18,9.552508628913119e-19,1175.6222487515963,0.9567837494752802,1.1920928955078125e-07,1.1920929e-07,1.1920929e-07,0.0,10.803894,8.355,2.5,14.21,302.05,731.17,0.00033093077941062643,0.15750535
1986-10-19,4.629079576853747e-19,1174.658485080546,0.8770774531100405,1.1920928955078125e-07,1.1920929e-07,1.1920929e-07,0.0,10.752,7.1,-1.3,15.5,359.88,560.0,0.0003215436135856876,0.14824033
1986-10-20,-1.858103903285224e-19,1173.593685231241,0.9302053612205873,1.1920928955078125e-07,1.1920929e-07,1.1920929e-07,0.0,10.752,8.02,-1.16,17.2,365.42,563.01,0.00031148164688769685,0.14824033
1986-10-21,-8.532477185484009e-19,1172.4313788603354,1.0476666833570933,1.1920928955078125e-07,1.1920929e-07,1.1920929e-07,0.0,10.655997,10.03,0.43,19.63,362.62,630.34,0.0003008573695509636,0.14824033
1986-10-22,-1.3592773389534403e-18,1171.1865389736151,1.32959828182186,1.1920928955078125e-07,1.1920929e-07,1.1920929e-07,0.0,10.655997,13.855,5.63,22.08,331.68,920.0,0.0002898802457980142,0.15750535
1986-10-23,-1.523772563522819e-18,1169.8741385768656,1.461266630753895,1.1920928955078125e-07,1.1920929e-07,1.1920929e-07,0.0,10.559998,15.565,8.0,23.13,311.79,1080.0,0.0002787407858063865,0.15750535
1986-10-24,-1.170312199802243e-18,1168.524677302655,1.3652519605061588,1.1920928955078125e-07,1.1920929e-07,1.1920929e-07,0.0,10.559998,14.47,8.5,20.44,269.05,1119.98,0.0002677329633946588,0.14824033
1986-10-25,-6.589805394593389e-19,1169.2478673353855,1.0815384893032607,1.1920928955078125e-07,1.1920929e-07,0.73,0.73,10.558345,10.72,5.47,15.97,235.75,908.26,0.00027357698754497866,0.15750535
1986-10-26,-3.4119870192723783e-19,1173.5545151617457,1.0693780340762025,1.1920928955078125e-07,1.1920929e-07,9.7,9.7,10.464,10.625,7.68,13.57,113.82,1054.46,0.00031111756984424793,0.16677037
1986-10-27,-1.9676130433886242e-19,1178.712924330339,1.3152468334924958,1.1920928955078125e-07,1.1920929e-07,3.66,3.66,10.464,13.87,10.21,17.53,135.97,1256.96,0.0003629229521720769,0.19456543
1986-10-28,-1.0345169141473142e-19,1178.8990706339487,1.2890053290536836,1.1920928955078125e-07,1.1920929e-07,1.1920929e-07,0.0,10.367997,13.69,8.49,18.89,240.56,1119.56,0.00036494567666617636,0.19456543
1986-10-29,-5.763451350956571e-20,1177.6079185867686,1.1235181981104008,1.1920928955078125e-07,1.1920929e-07,1.1920929e-07,0.0,10.367997,11.5,3.0,20.0,319.44,760.28,0.00035114432416568655,0.16677037
1986-10-30,-3.142634047343174e-20,1176.4146022768773,1.1867802080603376,1.1920928955078125e-07,1.1920929e-07,1.1920929e-07,0.0,10.323892,12.46,5.71,19.21,280.28,920.0,0.0003388533113664871,0.17603539
1986-10-31,-1.6301596913071704e-20,1175.3861437586945,0.8466714070630643,1.1920928955078125e-07,1.1920929e-07,1.1920929e-07,0.0,10.272,7.25,-0.5,15.0,304.94,600.0,0.0003286060476106709,0.16677037
1986-11-01,-9.423842540998453e-21,1176.4737812267647,0.8313203707613298,1.1920928955078125e-07,1.1920929e-07,1.1920929e-07,0.0,10.272,6.955,0.53,13.38,272.66,635.95,0.0003394525822332542,0.16677037
1986-11-02,-5.037399022928953e-21,1181.1234479449947,1.1958511139235128,1.1920928955078125e-07,1.1920929e-07,10.17,10.17,10.176,12.75,7.74,17.76,165.67,1059.07,0.00039000670280239455,0.20383045
1986-11-03,-2.9651345150312256e-21,1184.9363351358968,0.8062233229434738,1.1920928955078125e-07,1.1920929e-07,1.1920929e-07,0.0,10.176,6.52,-1.05,14.09,292.52,560.0,0.0004370331440505775,0.28721562
1986-11-04,-1.779707225366381e-21,1183.7895126268074,0.9419308704836735,1.1920928955078125e-07,1.1920929e-07,0.08,0.08,10.176,8.935,4.53,13.34,196.39,845.81,0.00042232165220133143,0.22236049
1986-11-05,-1.0648092007698972e-21,1195.6453038304267,0.7872909077788881,1.1920928955078125e-07,1.1920929e-07,21.32,21.32,10.079997,6.165,1.16,11.17,165.32,658.76,0.0006016989362406971,0.23162551
1986-11-06,-6.210221755339101e-22,1211.8457917468565,0.801108317153742,1.1920928955078125e-07,1.1920929e-07,13.93,13.93,10.079997,6.225,1.0,11.45,169.61,640.45,0.0009760082753938417,0.8523819
1986-11-07,-3.4478608936609426e-22,1219.369971428724,0.806514927312132,1.1920928955078125e-07,1.1920929e-07,2.94,2.94,10.035892,6.3,1.0,11.6,183.49,640.0,0.0012218579325897448,0.35207078
1986-11-08,-2.030098498432083e-22,1223.5395003497829,1.0162738019901207,1.1920928955078125e-07,1.1920929e-07,9.04,9.04,9.983997,9.905,6.12,13.69,129.36,930.01,0.0013838456255702927,0.37060082
1986-11-09,-1.1588167358570828e-22,1228.9717568724384,1.377651232403739,1.1920928955078125e-07,1.1920929e-07,4.21,4.21,9.983997,14.71,9.79,19.63,157.2,1223.25,0.001627528355417587,0.35207078
1986-11-10,-6.962129824071309e-23,1228.735768794023,0.9167114579093485,1.1920928955078125e-07,1.1920929e-07,1.1920929e-07,0.0,9.888,8.38,1.09,15.67,276.54,647.67,0.0016161008902061118,0.28721562
1986-11-11,-4.202569098833953e-23,1238.4860212518554,0.6650151442205692,1.1920928955078125e-07,1.1920929e-07,19.64,19.64,9.888,3.385,-0.32,7.09,132.24,600.0,0.002162228141828859,0.70414156
1986-11-12,-2.5407662922779107e-23,1247.3417857033612,0.672929877858343,1.1920928955078125e-07,1.1920929e-07,1.1920929e-07,0.0,9.888,3.455,-1.44,8.35,217.28,560.0,0.0028166675849957174,1.2137177
1986-11-13,-1.5384984391658268e-23,1246.633021016397,0.5865604060788687,1.1920928955078125e-07,1.1920929e-07,1.1920929e-07,0.0,9.792,1.58,-3.05,6.21,207.29,489.39,0.0027576867564820845,0.4169259
1986-11-14,0.004308450798489374,1246.1425871584263,0.3960600968348555,1.1920928955078125e-07,1.1920929e-07,1.1920929e-07,0.0,9.792,-4.025,-10.01,1.96,250.91,280.0,0.0027175991689561774,0.29648066
1986-11-15,0.00404097186098308,1245.7270105860118,0.46747953394236835,1.1920928955078125e-07,1.1920929e-07,1.1920929e-07,0.0,9.792,-1.685,-8.02,4.65,255.9,320.0,0.0026840867906716115,0.26868558
1986-11-16,0.0026456213417545304,1245.1352261149575,0.7254125722697043,0.0013403079310258057,1.1920929e-07,1.1920929e-07,0.0,9.698783,4.895,0.12,9.67,206.35,615.59,0.002637076891777419,0.25942057
1986-11-17,0.001585041165123054,1244.359550785684,0.8768532952977939,0.0007988013398041228,1.1920929e-07,1.1920929e-07,0.0,9.696003,7.8,2.51,13.09,217.47,731.69,0.002576703752977569,0.25015554
1986-11-18,0.0009493062579247583,1246.9087163361892,0.8886593473800355,0.0004769060679715013,1.1920929e-07,8.05,8.05,9.696003,7.975,2.88,13.07,159.3,750.72,0.002780480910278585,0.25015554
1986-11-19,0.0005696989337260687,1259.863654147161,0.7212116949888346,0.0002856608568562387,1.1920929e-07,18.5,18.5,9.696003,4.635,-1.09,10.36,175.24,567.04,0.004093630305080268,0.99135715
1986-11-20,2.5587829563887587,1272.7083585647827,0.4652869836628014,1.1920928955078125e-07,12.228283,0.011716747,12.24,9.6,-1.775,-6.21,2.66,170.35,383.14,0.0060071421190241395,0.5929613
1986-11-21,4.20115802806804,1287.0199218509106,0.6264897774930301,4.20115802806804,1.1920929e-07,20.23,20.23,9.6,2.37,-1.46,6.2,151.03,553.64,0.009209757232792482,2.2050748
1986-11-22,1.5347427516803434,1299.0692246020071,0.6822551712248173,1.5347424199903152,1.1920929e-07,1.1920929e-07,0.0,9.6,3.495,-2.12,9.11,262.71,523.01,0.013197551717172209,0.6670815
1986-11-23,0.5594177067920476,1298.81276862082,0.6870113034966323,0.5573446861174534,1.1920929e-07,1.1920929e-07,0.0,9.555897,3.67,-3.0,10.34,284.32,480.0,0.01309688058741872,0.46325102
1986-11-24,0.20965049804789332,1300.7892212863057,0.8596398011668513,0.1867069800625689,1.1920929e-07,4.74,4.74,9.504003,7.12,3.27,10.97,146.31,773.43,0.013893025668299046,0.44472098
1986-11-25,0.09010447672926056,1302.7399234653128,0.6750690613556583,0.06407907408166386,1.1920929e-07,1.1920929e-07,0.0,9.504003,3.445,-2.86,9.75,270.47,491.1,0.01472624080520672,0.42619094
1986-11-26,0.04467528152880319,1309.8853155188233,0.7315818117604053,0.027245975894807758,1.1920929e-07,13.85,13.85,9.504003,4.565,0.48,8.65,139.65,637.39,0.018228348045185885,0.6207563
1986-11-27,0.023499815042645554,1317.5065643248884,0.953495190391442,0.013124192129598335,1.1920929e-07,4.35,4.35,9.459894,8.595,4.01,13.18,167.39,801.08,0.02288617610658588,1.2229826
1986-11-28,0.012881113666627069,1318.8233628158403,0.7264678749506667,0.006854791955113332,1.1920929e-07,1.1920929e-07,0.0,9.408,4.51,-1.67,10.69,236.55,546.7,0.02380391370085389,0.6300214
1986-11-29,0.005824006880216039,1318.3636080734755,0.7850288316259382,0.0029967771197878653,1.1920929e-07,1.1920929e-07,0.0,9.408,5.685,-1.48,12.85,250.23,560.0,0.023479381669773924,0.49104607
1986-11-30,0.0025931228655162422,1317.5401725975487,0.7066474613037743,0.0013133712063101,1.1920929e-07,1.1920929e-07,0.0,9.408,4.11,-2.49,10.71,242.05,520.0,0.02290915334213205,0.42619094
1986-12-01,0.001287272415115832,1320.9440288943586,0.5772575331651625,0.0006477606018139284,1.1920929e-07,1.1920929e-07,0.0,9.408,1.085,-5.1,7.27,235.45,428.99,0.025359890573008192,0.37060082
1986-12-02,0.0002786925587961557,1331.3677557628098,0.6198082163462952,0.00013954045312822053,1.1920929e-07,15.07,15.07,9.363897,2.08,-2.72,6.88,150.65,503.46,0.03461891632727366,0.5929613
1986-12-03,-0.00018843820061693797,1348.812470281694,0.9501229999397767,1.1920928955078125e-07,1.1920929e-07,27.08,27.08,9.311997,8.42,4.55,12.29,125.84,844.05,0.05828030366857652,4.72516
1986-12-04,-0.0001317053099080215,1360.4622773330684,0.7853238894737624,1.1920928955078125e-07,1.1920929e-07,1.1920929e-07,0.0,9.311997,5.37,0.49,10.25,200.86,628.28,0.08252521661954622,1.1581275
1986-12-05,-7.96764244552348e-05,1359.6868930033809,0.6052838711084851,1.1920928955078125e-07,1.1920929e-07,1.1920929e-07,0.0,9.311997,1.505,-2.12,5.13,163.52,525.29,0.08063658804677343,0.7875267
1986-12-06,-3.664875199860263e-05,1360.1832672125747,0.5470854225326349,1.1920928955078125e-07,1.1920929e-07,1.1920929e-07,0.0,9.311997,0.03,-6.4,6.46,236.94,374.02,0.08184058125220953,0.6207563
1986-12-07,1.0458744446560536e-05,1363.0084409032652,0.6772845317910514,5.229645686618515e-06,1.1920929e-07,1.1920929e-07,0.0,9.311997,3.125,-2.5,8.75,217.95,520.0,0.08904369503038252,0.5559012
1986-12-08,4.903044287073651e-05,1367.3479382141738,0.841487736452921,2.4521231396068106e-05,1.1920929e-07,1.1920929e-07,0.0,9.310348,6.345,2.9,9.79,150.4,751.87,0.10136175297235106,0.51884115
1986-12-09,6.629131667484732e-05,1372.3744831089946,0.8657845057304235,3.315664468368754e-05,1.1920929e-07,14.96,14.96,9.2187805,6.875,3.48,10.27,111.13,795.57,0.11777526909645535,1.1395975
1986-12-10,5.0941806805737696e-05,1377.262241680867,0.9896287149604822,2.5477391071930133e-05,1.1920929e-07,4.67,4.67,9.216,8.89,5.34,12.44,116.08,906.94,0.13628072451413648,1.3434279
1986-12-11,3.4418922913443925e-05,1381.3783650112168,0.6843893466325497,1.7212423112329028e-05,1.1920929e-07,5.63,5.63,9.216,3.235,-2.5,8.97,164.45,520.0,0.15410220312342748,0.8801769
1986-12-12,2.984524259658763e-05,1384.4718834750358,0.5655839680814065,1.4557355734414812e-05,2.0349025e-06,5.689998,5.69,9.216,0.405,-2.79,3.6,113.81,499.2,0.16901411846562847,0.95429707
1986-12-13,3.155230338853138e-05,1386.3364120378433,0.477729699221235,1.1920928955078125e-07,1.1920929e-07,1.1920929e-07,0.0,9.216,-2.035,-6.4,2.33,188.23,367.68,0.17869015172145963,0.79679173
1986-12-14,3.387164282263766e-05,1386.7655656651586,0.40148157106901244,1.1920928955078125e-07,1.1920929e-07,1.1920929e-07,0.0,9.216,-4.48,-10.99,2.03,237.1,280.0,0.18099455909530532,0.6207563
1986-12-15,3.563088038955479e-05,1386.2839328685627,0.5714241872642664,1.76968613272354e-05,1.1920929e-07,1.1920929e-07,0.0,9.216,0.535,-6.38,7.45,239.25,369.66,0.17841037743947122,0.5559012
1986-12-16,3.941399110269209e-05,1386.5000598621873,0.6331227357082239,1.9710879208032377e-05,1.1920929e-07,1.1920929e-07,0.0,9.216,2.03,-4.67,8.73,234.01,440.0,0.17956540296761667,0.51884115
1986-12-17,4.1094295397840916e-05,1388.2723597634142,0.6513911610859082,2.0551369551646656e-05,1.1920929e-07,1.1920929e-07,0.0,9.216,2.43,-3.08,7.94,211.67,481.08,0.18932342562643836,0.51884115
1986-12-18,3.6439415800395086e-05,1392.4445528875942,0.733783458277046,1.8223027477720496e-05,1.1920929e-07,17.15,17.15,9.216,4.155,0.9,7.41,107.89,646.03,0.21444001734528292,1.6213785
1986-12-19,2.3636690589784707e-05,1397.3361995534872,0.6807261943221409,1.1819742027740944e-05,1.1920929e-07,1.1920929e-07,0.0,9.216,2.985,-0.31,6.28,148.12,596.8,0.24816274237598437,1.4546082
1986-12-20,1.4965744717957125e-05,1396.3792924615823,0.5608758967789199,5.789704964307771e-06,1.1920929e-07,1.1920929e-07,0.0,9.216,0.16,-3.59,3.91,166.12,464.57,0.24117273922100083,0.88944197
1986-12-21,9.979410266386367e-06,1395.574414255138,0.5778358165457382,4.972096146427976e-06,1.1920929e-07,1.1920929e-07,0.0,9.216,0.6,-3.23,4.43,169.12,480.0,0.2354459556106731,0.75046664
1986-12-22,0.016580764923404316,1394.794812527528,0.49401657965516554,1.1920928955078125e-07,1.1920929e-07,1.1920929e-07,0.0,9.216,-1.645,-8.16,4.87,235.05,320.86,0.2300286959523516,0.6392864
1986-12-23,0.042685277495393,1394.0167820556114,0.5579939928280591,0.017425263809767336,1.1920929e-07,1.1920929e-07,0.0,9.216,0.11,-7.21,7.43,244.12,360.0,0.22474662297782994,0.6670815
1986-12-24,0.024216710442831666,1400.8843454058883,0.6036170930367027,0.013567207423119182,1.1920929e-07,18.73,18.73,9.216,1.18,-3.31,5.67,141.4,480.0,0.2758963411381814,4.0117536
1986-12-25,0.013777093683504205,1427.2728089465922,0.7961867869366658,0.007362318473013008,1.1920929e-07,37.65,37.65,9.216,5.01,1.2,8.82,124.54,656.02,0.6066375205691455,8.931479
1986-12-26,0.007892569196551914,1439.5518585727773,0.7319114356297218,0.004101935428781964,1.1920929e-07,1.1920929e-07,0.0,9.216,3.62,0.41,6.83,146.55,632.49,0.8752933352954559,2.0753646
1986-12-27,0.004644036606916988,1438.4481475452876,0.6459740138699555,0.002375926305172946,1.1920929e-07,1.1920929e-07,0.0,9.216,1.785,-0.58,4.15,113.61,585.33,0.8469185171135704,1.4546082
1986-12-28,0.002739302554938746,1437.0004828349763,0.5984809577223307,0.0013862814062170336,1.1920929e-07,1.1920929e-07,0.0,9.216,0.685,-1.79,3.16,121.64,536.62,0.8110909097462902,1.1859226
1986-12-29,0.0039951777183013,1435.6509702016237,0.5113517105220562,1.1920928955078125e-07,1.1920929e-07,1.1920929e-07,0.0,9.216,-1.565,-6.91,3.78,221.89,360.0,0.7790587201538778,0.99135715
1986-12-30,0.0037097281442225244,1434.371458798457,0.535797390148975,1.1920928955078125e-07,1.1920929e-07,1.1920929e-07,0.0,9.216,-0.885,-5.64,3.87,209.31,400.26,0.7498572053212714,0.917237
1986-12-31,0.003343293457877351,1433.0431614840413,0.6468450832356116,0.0016995881541976535,1.1920929e-07,1.1920929e-07,0.0,9.216,1.86,-1.93,5.65,179.8,530.56,0.7206996817141046,0.8338518
1987-01-01,0.02511658253965526,1431.7105703442076,0.5570280732998939,1.1920928955078125e-07,1.1920929e-07,1.1920929e-07,0.0,9.216,-0.3,-4.6,4.0,206.35,440.0,0.6925871234181853,0.75046664
1987-01-02,0.06671324829768671,1440.1406717500665,0.5926600357458011,0.043238090676340345,5.259812e-06,19.609997,19.61,9.267895,0.43,-1.89,2.75,94.82,529.03,0.8908177337317675,1.0284172
1987-01-03,0.03559833902078745,1448.2004575161786,0.6455687260480888,0.020934228696557648,1.1920929e-07,0.03,0.03,9.311997,1.525,-0.87,3.92,130.35,575.53,1.1331864021906815,1.0469472
1987-01-04,0.02641444106472522,1446.4602735825124,0.5050620499698038,1.1920928955078125e-07,1.1920929e-07,1.1920929e-07,0.0,9.311997,-1.995,-7.63,3.64,241.4,349.45,1.075811339801018,0.88944197
1987-01-05,0.02680453634623634,1444.9259771855393,0.46805547089258887,1.1920928955078125e-07,1.1920929e-07,1.1920929e-07,0.0,9.311997,-3.055,-8.3,2.19,236.05,320.48,1.0276391868141699,0.8338518
1987-01-06,0.02379839291426601,1443.446295319405,0.48566539871669345,1.1920928955078125e-07,1.1920929e-07,1.1920929e-07,0.0,9.311997,-2.52,-9.02,3.98,257.16,311.97,0.9832260830501091,0.7875267
1987-01-07,0.015359164763549529,1441.9223571353957,0.6610008471603638,0.008268185576932822,1.1920929e-07,1.1920929e-07,0.0,9.311997,1.935,-3.39,7.26,236.1,473.53,0.9394901835198329,0.72267157
1987-01-08,0.00870211800458474,1440.3496333098778,0.6616299611061541,0.00454025676717099,1.1920929e-07,1.1920929e-07,0.0,9.311997,1.965,-1.59,5.52,185.36,549.2,0.8963930718102814,0.79679173
1987-01-09,0.004961028832338981,1438.9124520747862,0.6551604606157959,0.0025420310143239727,1.1920929e-07,1.1920929e-07,0.0,9.408,1.685,-0.99,4.36,148.12,563.14,0.858741275386828,0.79679173
1987-01-10,0.0023724664045332968,1439.7629281501136,0.6270270946301476,0.0012002483733872572,1.1920929e-07,11.08,11.08,9.408,1.035,-1.55,3.62,108.79,554.98,0.8808269497329887,0.9635621
1987-01-11,0.0005295108923933471,1441.6655596354049,0.6216351777229013,0.0002654039634743032,1.1920929e-07,1.1920929e-07,0.0,9.408,0.89,-1.52,3.3,137.23,558.29,0.9323142308742681,1.1859226
1987-01-12,-0.00010523226484414406,1441.7544838145377,0.6409381679761299,1.1920928955078125e-07,1.1920929e-07,1.1920929e-07,0.0,9.408,1.335,-1.37,4.04,152.86,556.78,0.9347929041336744,0.98209214
1987-01-13,-5.702882190685643e-05,1439.509065563323,0.7451339030885182,1.1920928955078125e-07,1.1920929e-07,1.1920929e-07,0.0,9.408,3.58,0.64,6.52,162.99,640.0,0.8741756759395848,0.9635621
1987-01-14,-2.3209645201049137e-05,1437.423989334052,0.8012110465937353,1.1920928955078125e-07,1.1920929e-07,1.1920929e-07,0.0,9.504003,4.535,-2.6,11.67,271.17,508.11,0.8214123136434226,1.0191522
1987-01-15,-9.509792383132084e-06,1437.465551759779,1.0384550378136699,1.1920928955078125e-07,1.1920929e-07,3.26,3.26,9.504003,8.495,3.94,13.05,166.83,802.53,0.8224322945110286,1.6954987
1987-01-16,-5.761803305358998e-06,1437.4285907645915,0.8485425632132061,1.1920928955078125e-07,1.1920929e-07,1.1920929e-07,0.0,9.504003,5.4,-0.37,11.17,255.98,598.61,0.8215251747599729,1.4916682
1987-01-17,0.0051743010197666545,1435.4712149170239,0.5489263724333333,1.1920928955078125e-07,1.1920929e-07,1.1920929e-07,0.0,9.504003,-0.99,-6.98,5.0,267.05,359.22,0.7748886116733394,1.1118025
1987-01-18,3.367052862029036,1434.2269484546814,0.5392681554354883,1.1920928955078125e-07,7.2126665,0.3773338,7.59,9.6,-1.375,-3.59,0.84,100.87,469.0,0.7466287013513233,1.1951876
1987-01-19,5.303440421354223,1444.4449433955506,0.6018537078742495,0.4101452292761607,0.00013743638,18.299862,18.3,9.6,0.1,-1.3,1.5,67.07,559.52,1.0129850047587043,5.8554926
1987-01-20,2.2922441152042143,1460.7608901613517,0.6484870744312695,2.292120602879843,1.1920929e-07,10.6,10.6,9.6,1.02,-0.98,3.02,92.46,567.64,1.6488245521077587,3.8913085
1987-01-21,0.9965958406323309,1464.8841047225274,0.6006909417763391,1.1920928955078125e-07,1.1920929e-07,1.1920929e-07,0.0,9.602783,-0.135,-2.39,2.12,139.79,516.21,1.8648367224947144,2.0753646
1987-01-22,10.106843099936237,1464.1501348902686,0.524310558964627,1.1920928955078125e-07,22.149725,0.0002739504,22.15,9.696003,-2.21,-4.81,0.39,120.75,437.53,1.8244136434049418,1.5565234
1987-01-23,22.078140599348604,1461.9120165535787,0.42072404653521395,1.1920928955078125e-07,2.03,1.1920929e-07,2.03,9.696003,-5.265,-8.39,-2.14,188.13,320.0,1.706480309306429,1.389753
1987-01-24,22.65143654871112,1459.9202295744933,0.2622971970694718,1.1920928955078125e-07,1.1920929e-07,1.1920929e-07,0.0,9.696003,-11.58,-17.92,-5.24,296.46,160.0,1.6079534382705436,1.2878379
1987-01-25,23.558577084105504,1458.101786142635,0.2627421475379714,1.1920928955078125e-07,2.0,1.1920929e-07,2.0,9.792,-11.67,-15.98,-7.36,237.42,161.8,1.5229772948989446,1.2044526
1987-01-26,27.597130201306847,1456.311838140397,0.3458850784957812,1.1920928955078125e-07,5.86,1.1920929e-07,5.86,9.792,-8.015,-11.49,-4.54,179.13,252.87,1.4437197363896386,1.1488625
1987-01-27,30.6505772865739,1454.5929658280936,0.2752784562001223,1.1920928955078125e-07,1.1920929e-07,1.1920929e-07,0.0,9.792,-11.03,-18.44,-3.62,350.12,146.42,1.3714943028334436,1.0654774
1987-01-28,30.646872068823797,1452.986329055989,0.28097433385457116,1.1920928955078125e-07,1.1920929e-07,1.1920929e-07,0.0,9.888,-10.875,-19.56,-2.19,361.96,120.0,1.3072555611234924,1.0191522
1987-01-29,30.64606325972827,1451.3628492465332,0.42334048383073747,1.1920928955078125e-07,1.1920929e-07,1.1920929e-07,0.0,9.888,-5.35,-12.59,1.89,352.07,240.0,1.245399198366957,0.97282714
1987-01-30,33.24934629694323,1451.001362814683,0.6167170276596706,1.1920928955078125e-07,0.00024190395,7.949758,7.95,9.888,-0.04,-4.49,4.41,215.11,440.0,1.2320295681899105,0.95429707
1987-01-31,24.65180535444303,1461.4528110548397,0.6708193907648,8.972612709186706,1.1920929e-07,1.1920929e-07,0.0,9.983997,0.935,-2.55,4.42,245.47,510.38,1.6832425153163446,0.99135715
1987-02-01,23.033206235428306,1460.7800982716753,0.5312712452904024,1.1920928955078125e-07,1.1920929e-07,1.1920929e-07,0.0,9.983997,-2.405,-6.82,2.01,291.5,361.3,1.6497704495678944,1.1025374
1987-02-02,15.791570017855948,1465.7032570534268,0.7853575923124541,15.791570017855948,1.1920929e-07,1.1920929e-07,0.0,9.983997,3.21,-2.38,8.8,323.87,515.11,1.911009688794184,0.94503206
1987-02-03,5.782540822278285,1472.6800899482182,0.8872725291451145,5.782540822278285,1.1920929e-07,1.1920929e-07,0.0,10.079997,4.82,0.02,9.62,296.55,611.01,2.3535995394986795,1.4916682
1987-02-04,2.1133243420228354,1473.1234404257686,0.7791182190599965,2.1133243406202955,1.1920929e-07,1.1920929e-07,0.0,10.079997,2.875,-1.5,7.25,277.36,559.98,2.3849625575664968,2.1494846
1987-02-05,0.8084682653043886,1471.3925883118316,0.6430680469403378,0.29562830452192007,1.1920929e-07,1.1920929e-07,0.0,10.079997,0.085,-5.85,6.02,328.88,398.79,2.264839004142723,1.6399086
1987-02-06,0.5513667784799409,1468.8262150281064,0.6763886697047979,0.5484636438293254,1.1920929e-07,1.1920929e-07,0.0,10.176,0.705,-7.35,8.76,359.3,360.0,2.097774358254767,1.352693
1987-02-07,0.20798971938312869,1466.42654385305,0.754598938249974,0.18488910899944494,1.1920929e-07,1.1920929e-07,0.0,10.176,2.33,-4.05,8.71,332.56,440.07,1.9527284863769865,1.5379933
1987-02-08,0.08980116366405651,1463.911114908179,0.7318702717580113,0.06380738366787318,1.1920929e-07,1.1920929e-07,0.0,10.270348,1.77,-4.5,8.04,328.36,440.0,1.8114397846155108,1.5750535
1987-02-09,0.0531689513867664,1461.513132275097,0.6441919384285008,1.1920928955078125e-07,1.1920929e-07,1.1920929e-07,0.0,10.272,-0.065,-6.32,6.19,330.43,379.71,1.6862768843339426,1.389753
1987-02-10,0.07793599895833256,1459.2509416587825,0.5803305810501943,1.1920928955078125e-07,1.1920929e-07,1.1920929e-07,0.0,10.272,-1.54,-7.49,4.41,324.88,345.45,1.57613969829458,1.0469472
1987-02-11,0.08722667413303486,1457.095872658558,0.6712775730163651,0.06043857614461402,1.1920929e-07,1.1920929e-07,0.0,10.367997,0.44,-5.15,6.03,311.27,427.69,1.4779154578976326,1.0284172
1987-02-12,0.0437496874053696,1456.2814097352389,0.6982180957548989,0.026583608652258228,1.1920929e-07,2.3,2.3,10.367997,1.02,-3.5,5.54,251.68,480.0,1.4424086683133384,1.0376823
1987-02-13,0.0237857119711246,1455.3329277254757,0.6675722672091237,0.012446526385914402,1.1920929e-07,1.1920929e-07,0.0,10.419894,0.305,-2.91,3.52,214.41,491.94,1.4021329953290163,0.99135715
1987-02-14,0.021950929051826138,1453.361706735731,0.5458125707595335,1.1920928955078125e-07,1.1920929e-07,1.1920929e-07,0.0,10.464,-2.615,-7.45,2.22,295.14,360.0,1.3219897229721516,0.917237
1987-02-15,0.02195092985067146,1451.6052513199077,0.39438857496573665,1.1920928955078125e-07,1.1920929e-07,1.1920929e-07,0.0,10.464,-7.095,-12.47,-1.72,320.32,237.61,1.2544456428352033,0.8245868
1987-02-16,0.021950911442390995,1449.9987422886825,0.3629259715112814,1.1920928955078125e-07,1.1920929e-07,1.1920929e-07,0.0,10.559998,-8.325,-14.52,-2.13,346.2,199.71,1.1956938457510218,0.75973165
1987-02-17,0.021950917283343828,1448.3978329485321,0.5269732980347671,1.1920928955078125e-07,1.1920929e-07,1.1920929e-07,0.0,10.559998,-3.19,-7.62,1.24,285.12,344.03,1.139884248921598,0.74120164
1987-02-18,0.021948370526382197,1446.7177107832856,0.6589920571742931,1.1920928955078125e-07,1.1920929e-07,1.1920929e-07,0.0,10.655997,-0.12,-4.1,3.86,261.3,450.79,1.0841124854603075,0.71340656
1987-02-19,0.021943514743311972,1445.0732677841647,0.5866207432627181,1.1920928955078125e-07,1.1920929e-07,1.1920929e-07,0.0,10.655997,-1.77,-7.98,4.44,343.41,328.04,1.0321684904194115,0.6763465
1987-02-20,0.021954320788847126,1443.4663288436432,0.6043459786821783,1.1920928955078125e-07,1.1920929e-07,1.1920929e-07,0.0,10.655997,-1.33,-7.62,4.96,344.77,346.74,0.9838143860610016,0.6485514
1987-02-21,0.017691640312067925,1441.8517871089987,0.7022746158999192,0.009615868463442813,1.1920929e-07,1.1920929e-07,0.0,10.752,0.72,-5.19,6.63,332.7,424.77,0.9375126880855689,0.6670815
1987-02-22,0.010542907460385368,1441.7006508264071,0.7187988698848813,0.005548878430100046,1.1920929e-07,1.1920929e-07,0.0,10.752,1.06,-6.0,8.12,362.02,400.0,0.933291576980525,0.6763465
1987-02-23,0.006058134644233564,1456.0769293481596,0.803372749827728,0.003120791759100613,1.1920929e-07,27.78,27.78,10.848002,2.415,-2.43,7.26,221.55,520.0,1.4336290563604457,0.8245868
1987-02-24,0.0036157364825309445,1466.2712954346089,0.7614388488719881,0.0018405478984914515,1.1920929e-07,1.1920929e-07,0.0,10.848002,1.525,-3.45,6.5,303.7,472.84,1.9436977472098034,0.8523819
1987-02-25,0.023088014797464845,1463.6839158712573,0.6538062762646085,1.1920928955078125e-07,1.1920929e-07,1.1920929e-07,0.0,10.944003,-0.785,-7.98,6.41,374.1,321.32,1.7991930985006706,0.7782617
1987-02-26,0.023066637991236268,1461.3128066973738,0.631662712604957,1.1920928955078125e-07,1.1920929e-07,1.1920929e-07,0.0,10.944003,-1.255,-7.88,5.37,364.5,329.71,1.6762208316417764,0.75046664
1987-02-27,0.05265373971693216,1459.0028101544044,0.6944042711940352,0.023391465901326534,1.1920929e-07,1.1920929e-07,0.0,10.946783,0.125,-4.47,4.72,297.74,440.0,1.5645056929625185,0.7875267
1987-02-28,0.1085292622761203,1456.8322595761301,0.6813421703492425,1.1920928955078125e-07,5.7166817e-05,0.22994284,0.23,11.04,-0.25,-4.42,3.92,279.91,440.0,1.4663285129151704,0.907972
1987-03-01,0.06492615228261091,1468.613845262096,1.202971927965397,0.04264635546835367,1.1920929e-07,27.3,27.3,11.04,8.12,1.0,15.24,284.13,642.0,2.084514597089739,10.469473
1987-03-02,0.03460259127266696,1477.8743620614773,1.2688142165445588,0.020265130159503937,1.1920929e-07,1.1920929e-07,0.0,11.136,8.715,3.81,13.62,306.94,803.96,2.7484478942357202,4.8641357
1987-03-03,0.019479352387584706,1474.129357068801,1.0206485769190476,0.010685300900594524,1.1920929e-07,1.1920929e-07,0.0,11.136,5.415,-0.0,10.83,335.47,600.0,2.4576806119330925,2.5386155
1987-03-04,0.011278534842467419,1470.882559334984,0.8163539412185867,0.0059569441116381515,1.1920929e-07,1.1920929e-07,0.0,11.232,1.99,-4.72,8.7,383.71,439.45,2.23061033613061,1.8993292
1987-03-05,0.03582318885160789,1467.981443116745,0.6888610022360985,1.1920928955078125e-07,1.1920929e-07,1.1920929e-07,0.0,11.232,-0.45,-7.33,6.43,391.7,360.0,2.045523547392709,1.5565234
1987-03-06,0.04027642783379329,1465.2550916563691,0.8923077133420521,0.024139742517074046,1.1920929e-07,1.1920929e-07,0.0,11.328,3.235,-5.75,12.22,427.41,400.0,1.8856082004337944,1.4082831
1987-03-07,0.021597003383728323,1462.3093529997232,1.4032955847373507,0.011960066674021741,1.1920929e-07,1.1920929e-07,0.0,11.328,10.19,0.34,20.04,429.2,625.77,1.7268459849240192,1.3063679
1987-03-08,0.011891644856329812,1459.1400899335256,1.7171289159367427,0.00629893445299964,1.1920929e-07,1.1920929e-07,0.0,11.423997,13.31,4.5,22.12,409.46,839.82,1.5709316011571608,1.2229826
1987-03-09,0.004791022305983146,1456.2191413778658,1.6634453702267624,0.002452884915658229,1.1920929e-07,1.1920929e-07,0.0,11.423997,12.83,5.29,20.37,388.5,903.23,1.4397294228587378,1.1581275
1987-03-10,0.0002279185945642942,1453.7230268888452,0.700125842947735,1.1920928955078125e-07,1.1920929e-07,1.1920929e-07,0.0,11.423997,-0.32,-9.21,8.57,433.87,302.93,1.3363289402977905,1.0284172
1987-03-11,-0.0008803255696542511,1451.7415149206643,0.5432197485421011,1.1920928955078125e-07,1.1920929e-07,1.1920929e-07,0.0,11.520008,-4.015,-10.27,2.24,376.52,280.0,1.2595598216921469,0.93576705
1987-03-12,-0.0008837808562004479,1449.8617468693592,0.7026693178441316,1.1920928955078125e-07,1.1920929e-07,1.1920929e-07,0.0,11.520008,-0.35,-7.2,6.5,394.85,360.0,1.1908129610223972,0.92650205
1987-03-13,-0.000838505169124695,1447.954707524806,0.7942217128651251,1.1920928955078125e-07,1.1920929e-07,1.1920929e-07,0.0,11.616,1.325,-4.7,7.35,367.46,440.0,1.1249019665258417,0.898707
1987-03-14,-0.000680405349764359,1446.0841945526552,0.7420309450441953,1.1920928955078125e-07,1.1920929e-07,1.1920929e-07,0.0,11.616,0.355,-6.26,6.97,389.83,379.07,1.0637986680958427,0.8523819
1987-03-15,-0.0003380549415328743,1444.2782447305644,0.8550927998536794,1.1920928955078125e-07,1.1920929e-07,0.09,0.09,11.711997,2.325,-1.62,6.27,268.07,548.66,1.007955615943205,0.8431168
1987-03-16,0.00017871084140739482,1442.4595177773892,0.8299741963969584,8.94352645945386e-05,1.1920929e-07,1.1920929e-07,0.0,11.711997,1.905,-3.07,6.88,325.81,481.04,0.9546797100747021,0.8153218
1987-03-17,0.0007324499198974976,1440.6229194578148,0.9001095894229627,0.000367566161165553,1.1920929e-07,1.1920929e-07,0.0,11.808,3.0,-4.43,10.43,417.23,440.0,0.903737358409203,0.75973165
1987-03-18,0.0011804538033627473,1438.770422976416,1.0266282210537752,0.0005937105391832476,1.1920929e-07,1.1920929e-07,0.0,11.808,4.985,-3.21,13.18,434.27,482.09,0.8551073202168079,0.7319366
1987-03-19,0.0013800140012284572,1436.9040015377673,1.0776265466671844,0.0006947680216644976,1.1920929e-07,1.1920929e-07,0.0,11.903997,5.615,-2.25,13.48,425.68,520.0,0.8087577326574923,0.71340656
1987-03-20,0.0011884220229199404,1435.0256283464432,1.121407634446067,0.0005977418371652145,1.1920929e-07,1.1920929e-07,0.0,11.903997,6.24,-2.35,14.83,440.26,517.12,0.7646475257936631,0.70414156
1987-03-21,0.0005098988012944525,1433.1291288290518,1.1562886843642644,0.0002555993912078352,1.1920929e-07,1.1920929e-07,0.0,12.000003,6.605,-1.52,14.73,430.66,553.42,0.722551958008706,0.6856115
1987-03-22,-0.00047877916346818336,1431.2437808987484,1.3173221580936063,1.1920928955078125e-07,1.1920929e-07,1.1920929e-07,0.0,12.000003,8.635,4.19,13.08,288.37,815.66,0.6830012228756013,0.6670815
1987-03-23,-0.0015084333030772484,1429.4530523219125,1.235374448207922,1.1920928955078125e-07,1.1920929e-07,1.1920929e-07,0.0,12.000003,7.66,-0.8,16.12,441.89,576.34,0.6474419332904326,0.6392864
1987-03-24,-0.0023101188438756316,1427.841527158533,1.4281805563927679,1.1920928955078125e-07,1.1920929e-07,1.1920929e-07,0.0,12.096,9.81,-0.28,19.9,468.79,600.0,0.6170266553216144,0.6207563
1987-03-25,-0.0026148910122062146,1426.493789468597,1.486038893977535,1.1920928955078125e-07,1.1920929e-07,1.49,1.49,12.096,10.45,2.0,18.9,404.4,720.0,0.5926900013053464,0.6207563
1987-03-26,-0.002153805034411889,1425.4944233120934,1.6440112945759064,1.1920928955078125e-07,1.1920929e-07,1.51,1.51,12.191998,11.94,5.97,17.91,347.81,926.55,0.5752659431973932,0.6485514
1987-03-27,-0.0011927759329513022,1425.88783820723,1.5565310096862504,1.1920928955078125e-07,1.1920929e-07,1.1920929e-07,0.0,12.191998,11.065,3.05,19.08,427.98,764.03,0.5820631913359385,0.6022263
1987-03-28,-0.0004536603645550158,1427.5219096892788,1.8221216461134946,1.1920928955078125e-07,1.1920929e-07,5.56,5.56,12.287997,13.445,7.83,19.06,254.24,1066.17,0.6111662959847737,0.6670815
1987-03-29,-7.988374285846462e-05,1427.9245096749885,1.85155828124014,1.1920928955078125e-07,1.1920929e-07,1.1920929e-07,0.0,12.287997,13.7,5.45,21.95,431.53,913.53,0.618557351824921,0.6485514
1987-03-30,-4.004134000544268e-05,1428.3662180334206,1.9350117261161193,1.1920928955078125e-07,1.1920929e-07,4.69,4.69,12.383997,14.285,8.77,19.8,248.08,1141.78,0.6267692398250482,0.5929613
1987-03-31,-2.285879775883206e-05,1435.5229916736216,1.549087897930665,1.1920928955078125e-07,1.1920929e-07,14.25,14.25,12.383997,10.635,4.33,16.94,282.0,827.44,0.776087476699226,1.0376823
1987-04-01,-1.359674267309239e-05,1440.7638700977718,0.9380301042823662,1.1920928955078125e-07,1.1920929e-07,1.1920929e-07,0.0,12.479998,2.79,-5.26,10.84,447.64,418.82,0.9075487528945339,1.1210674
1987-04-02,-8.060431323527775e-06,1438.5794477891795,1.0813167104955532,1.1920928955078125e-07,1.1920929e-07,1.28,1.28,12.479998,4.935,-1.17,11.04,338.07,560.0,0.8502452594384452,0.75973165
1987-04-03,-4.769377496080233e-06,1441.7343366776522,1.0658488496701142,1.1920928955078125e-07,1.1920929e-07,9.12,9.12,12.576006,4.57,-0.27,9.41,238.35,599.68,0.934230745928268,0.93576705
1987-04-04,-2.7493755886622047e-06,1451.9382827847166,1.3056852839540187,1.1920928955078125e-07,1.1920929e-07,18.67,18.67,12.576006,7.55,2.17,12.93,259.07,719.91,1.266981630858642,2.0197744
1987-04-05,-1.1204459251645285e-06,1462.2187819556657,1.165800192223304,1.1920928955078125e-07,1.1920929e-07,7.73,7.73,12.576006,5.71,0.26,11.16,267.94,620.86,1.7221824383749447,1.9363892
1987-04-06,-7.673293236770131e-08,1469.2208752689976,0.9699617053117873,1.1920928955078125e-07,1.1920929e-07,10.39,10.39,12.672003,2.77,-0.56,6.1,182.76,591.83,2.1226402421373662,2.5849407
1987-04-07,1.1851847247555309e-07,1470.4990108350246,1.2953034180125598,1.1920928955078125e-07,1.1920929e-07,1.11,1.11,12.672003,7.115,1.44,12.79,380.76,675.51,2.205211136337982,2.3440502
1987-04-08,5.9242495739094034e-08,1468.3215632448225,1.5962694889223645,1.1920928955078125e-07,1.1920929e-07,1.1920929e-07,0.0,12.768005,10.27,4.42,16.12,388.0,834.29,2.066402288432101,1.6306436
1987-04-09,1.9673102723733914e-08,1464.9257313999349,1.4743058936246032,1.1920928955078125e-07,1.1920929e-07,1.1920929e-07,0.0,12.768005,9.06,1.75,16.37,451.56,699.55,1.8671559476172703,1.361958
1987-04-10,7.0910626137199085e-09,1461.5253363636707,1.6749013971145612,1.1920928955078125e-07,1.1920929e-07,1.1920929e-07,0.0,12.864003,10.985,2.23,19.74,487.25,720.03,1.6868914577847816,1.1951876
1987-04-11,2.809256770961868e-09,1459.4390820594022,1.9250141292132528,1.1920928955078125e-07,1.1920929e-07,1.1920929e-07,0.0,12.864003,13.235,3.99,22.48,493.05,800.96,1.5850185662049325,1.0840074
1987-04-12,-8.089939600955886e-10,1458.1472951830253,1.837987643498806,1.1920928955078125e-07,1.1920929e-07,3.26,3.26,12.96,12.385,3.73,21.04,360.78,800.0,1.5250481353057703,1.0376823
1987-04-13,-2.749933578214392e-09,1456.6751526468781,1.739938940814696,1.1920928955078125e-07,1.1920929e-07,0.73,0.73,12.96,11.525,6.29,16.76,338.83,943.35,1.459466226638506,1.0840074
1987-04-14,-2.1964059482831736e-09,1454.0314998013775,1.6659211315135605,1.1920928955078125e-07,1.1920929e-07,1.1920929e-07,0.0,13.05322,10.75,3.0,18.5,461.35,760.0,1.3486938907371089,0.92650205
1987-04-15,-1.1946530902901335e-09,1450.435288832399,1.863160569802283,1.1920928955078125e-07,1.1920929e-07,0.04,0.04,13.056,12.57,6.99,18.15,369.39,998.9,1.211381009679003,0.8709119
1987-04-16,-6.1426340735783e-10,1449.3531338503121,1.4820006081613084,1.1920928955078125e-07,1.1920929e-07,4.1,4.1,13.056,8.96,4.96,12.96,218.52,876.44,1.1728657075917563,0.917237
1987-04-17,-3.5251410250022125e-10,1452.318054682173,1.559472261854261,1.1920928955078125e-07,1.1920929e-07,14.63,14.63,13.152,9.61,6.24,12.98,190.82,944.02,1.2814299783834178,1.5009333
1987-04-18,-1.805071975838514e-10,1454.5244536157338,1.9487677816514022,1.1920928955078125e-07,1.1920929e-07,0.12,0.12,13.152,13.13,9.36,16.9,279.01,1188.62,1.3686915919500975,1.2322477
1987-04-19,-1.0134050073097192e-10,1452.1886886561847,2.206739094706952,1.1920928955078125e-07,1.1920929e-07,1.1920929e-07,0.0,13.248009,15.06,9.14,20.98,404.17,1170.85,1.2764898633573418,1.0098872
1987-04-20,-5.366682936596103e-11,1448.6905224186667,2.397941424852319,1.1920928955078125e-07,1.1920929e-07,1.1920929e-07,0.0,13.248009,16.47,10.65,22.29,400.18,1291.74,1.1498894849172208,0.917237
1987-04-21,-2.72123718419475e-11,1445.0862892375903,2.6288656056410282,1.1920928955078125e-07,1.1920929e-07,1.1920929e-07,0.0,13.343997,17.925,11.63,24.22,415.92,1370.11,1.0325698696684862,0.8709119
1987-04-22,-1.5923590098237963e-11,1441.3002974803683,2.8529547012648404,1.1920928955078125e-07,1.1920929e-07,1.1920929e-07,0.0,13.343997,19.35,11.68,27.02,465.16,1333.0,0.9222016649471195,0.8245868
1987-04-23,-9.087900421460762e-12,1437.730590584523,2.434876755679987,1.1920928955078125e-07,1.1920929e-07,1.1920929e-07,0.0,13.343997,16.73,8.42,25.04,496.37,1010.15,0.8289664522518595,0.76899666
1987-04-24,-5.4370502639514006e-12,1442.9629172836906,1.8721453915489261,1.1920928955078125e-07,1.1920929e-07,13.35,13.35,13.439995,12.265,9.63,14.9,163.86,1210.01,0.9691373972901106,1.5843184
1987-04-25,-3.2638241346980663e-12,1449.92304035864,1.6217000755331492,1.1920928955078125e-07,1.1920929e-07,5.97,5.97,13.439995,9.91,5.1,14.72,334.3,881.37,1.1929942629787047,1.6028485
1987-04-26,-1.950613701549043e-12,1449.6055503895668,1.6179174403113583,1.1920928955078125e-07,1.1920929e-07,1.1920929e-07,0.0,13.535997,9.765,2.0,17.53,507.7,694.48,1.1817385775322804,1.0376823
1987-04-27,-9.590478532685135e-13,1447.0322497484917,1.6181353468470618,1.1920928955078125e-07,1.1920929e-07,1.1920929e-07,0.0,13.535997,9.795,1.59,18.0,518.45,658.32,1.0943418854952724,0.907972
1987-04-28,-2.14192713241911e-13,1444.3835821690636,1.6600787950855138,1.1920928955078125e-07,1.1920929e-07,1.1920929e-07,0.0,13.580106,10.175,3.45,16.9,473.57,778.73,1.011130791434549,0.8616469
1987-04-29,1.0632263769924774e-13,1441.6840242309415,1.7596537300927444,1.1920928955078125e-07,1.1920929e-07,1.1920929e-07,0.0,13.632,11.065,1.53,20.6,544.52,635.86,0.9328283719043531,0.8338518
1987-04-30,-7.865925173966772e-14,1438.948904059652,2.2064533199904286,1.1920928955078125e-07,1.1920929e-07,1.1920929e-07,0.0,13.632,14.74,5.88,23.6,523.19,850.95,0.8596764232991266,0.7782617
1987-05-01,-6.244682056028226e-13,1436.1741286832996,1.8006275454059253,1.1920928955078125e-07,1.1920929e-07,1.1920929e-07,0.0,13.727997,11.38,4.05,18.71,489.83,779.95,0.7913235138320514,0.72267157
1987-05-02,-1.4468451742140236e-12,1433.36287956877,2.0414558130908333,1.1920928955078125e-07,1.1920929e-07,2.89,2.89,13.727997,13.425,7.14,19.71,347.66,1006.39,0.7276125220782146,0.72267157
1987-05-03,-2.4641490664216173e-12,1430.5186027136785,2.297881949485803,1.1920928955078125e-07,1.1920929e-07,4.1,4.1,13.72965,15.385,9.74,21.03,305.47,1219.1,0.6683715917631995,0.7782617
1987-05-04,-3.59473879107395e-12,1427.6447441156395,1.929705097019322,1.1920928955078125e-07,1.1920929e-07,21.98,21.98,13.824,12.47,6.75,18.19,314.18,980.59,0.6134119175850121,1.9085941
1987-05-05,-4.7569732570193666e-12,1424.7447497722674,1.5106638528325016,1.1920928955078125e-07,1.1920929e-07,1.1920929e-07,0.0,13.824,8.635,1.31,15.96,494.41,664.41,0.56253238508711,1.4731382
1987-05-06,-5.869211373106213e-12,1421.8220656811773,2.0387896330842774,1.1920928955078125e-07,1.1920929e-07,1.1920929e-07,0.0,13.920003,13.31,4.58,22.04,521.43,815.04,0.5155236919419641,1.0098872
1987-05-07,-6.849812048182836e-12,1418.8801378399833,2.3647391003276237,1.1920928955078125e-07,1.1920929e-07,1.1920929e-07,0.0,13.920003,15.765,6.9,24.63,516.82,947.36,0.47217195830436054,0.88944197
1987-05-08,-7.617134191097584e-12,1415.9224122463006,2.3158068018270153,1.1920928955078125e-07,1.1920929e-07,1.58,1.58,13.920003,15.455,7.44,23.47,490.28,1001.83,0.43226184392432504,0.8431168
1987-05-09,-8.089536710698795e-12,1412.9523348977434,2.2433343626495965,1.1920928955078125e-07,1.1920929e-07,1.1920929e-07,0.0,14.015994,14.855,4.97,24.74,539.44,816.87,0.39557919743138925,0.76899666
1987-05-10,-8.185378515834826e-12,1409.9733517919267,2.8311280144397397,1.1920928955078125e-07,1.1920929e-07,1.1920929e-07,0.0,14.015994,18.76,8.63,28.89,533.57,1028.53,0.3619132688376388,0.71340656
1987-05-11,-7.823018515354013e-12,1406.9889089264648,3.290817607923236,1.1920928955078125e-07,1.1920929e-07,1.1920929e-07,0.0,14.015994,21.365,12.16,30.57,506.33,1314.44,0.33105852010133546,0.6763465
1987-05-12,-6.9208156181047164e-12,1404.0024522989727,3.56063647485644,1.1920928955078125e-07,1.1920929e-07,5.28,5.28,14.111998,22.65,14.92,30.38,347.13,1704.74,0.3028160708020883,0.6856115
1987-05-13,-5.3971287329352605e-12,1401.0174279070648,2.525155519884254,1.1920928955078125e-07,1.1920929e-07,1.1920929e-07,0.0,14.111998,16.835,9.28,24.39,470.71,1154.95,0.276994816855344,0.75973165
1987-05-14,5.76320073738379e-12,1398.04095320454,2.137750672436829,1.1920928955078125e-07,1.1920929e-07,1.1920929e-07,0.0,14.111998,14.13,6.76,21.5,472.29,980.69,0.2534400411311628,0.6300214
1987-05-15,7.36439024156756e-11,1395.094913192417,2.78380458751015,1.1920928955078125e-07,1.1920929e-07,5.47,5.47,14.208003,18.425,12.18,24.67,309.1,1415.62,0.23209910703086686,0.6392864
1987-05-16,1.99164855557655e-10,1392.1809038550828,2.3539226396657544,1.1920928955078125e-07,1.1920929e-07,1.1920929e-07,0.0,14.208003,15.665,6.37,24.96,522.6,916.22,0.21275856649641836,0.6485514
1987-05-17,3.752942386348256e-10,1389.2971651834189,2.7978385795510663,1.1920928955078125e-07,1.1920929e-07,1.1920929e-07,0.0,14.208003,18.58,8.81,28.35,521.37,1063.09,0.1952060016000464,0.58369625
1987-05-18,5.950002301186908e-10,1386.4419371683068,3.4252399784817156,1.1920928955078125e-07,1.1920929e-07,4.81,4.81,14.304006,21.96,12.47,31.45,452.48,1392.7,0.17925405069528808,0.6022263
1987-05-19,8.51251008480754e-10,1383.6134598006279,2.844530506104863,1.1920928955078125e-07,1.1920929e-07,10.33,10.33,14.304006,18.815,10.93,26.7,343.26,1314.38,0.16473719645826412,0.6948765
1987-05-20,1.1370147521925184e-09,1380.8099730712631,1.6951044876315395,1.1920928955078125e-07,1.1920929e-07,33.15,33.15,14.304006,10.395,6.84,13.95,192.26,987.13,0.1515089961211307,4.512065
1987-05-21,1.4452596397254882e-09,1378.029716971094,2.251518819613302,1.1920928955078125e-07,1.1920929e-07,4.04,4.04,14.397217,14.885,9.51,20.26,270.59,1200.66,0.13943968906556578,1.6954987
1987-05-22,1.7689538495511662e-09,1375.270931491002,2.7566659632863244,1.1920928955078125e-07,1.1920929e-07,1.1920929e-07,0.0,14.399997,18.275,11.96,24.59,402.0,1396.72,0.12841412698980972,1.2229826
1987-05-23,2.101065560141056e-09,1372.5318566218687,3.4116610322421113,1.1920928955078125e-07,1.1920929e-07,0.03,0.03,14.399997,21.95,15.68,28.22,389.05,1774.12,0.11832998027294289,1.2507777
1987-05-24,2.4345629499666605e-09,1369.8107323545748,3.414731867306771,1.1920928955078125e-07,1.1920929e-07,1.1920929e-07,0.0,14.399997,22.0,16.49,27.51,348.69,1878.33,0.10909618121321868,1.7603538
1987-05-25,2.7624141974994854e-09,1367.1057986800022,3.0380777007158044,1.1920928955078125e-07,1.1920929e-07,2.11,2.11,14.495997,19.91,13.39,26.43,350.9,1533.84,0.10063157074256379,1.0191522
1987-05-26,3.077587481211031e-09,1364.4152955890318,2.324610458729142,1.1920928955078125e-07,1.1920929e-07,1.1920929e-07,0.0,14.495997,15.46,12.27,18.65,228.68,1422.1,0.09286372020552443,0.93576705
1987-05-27,3.3730509795728033e-09,1361.737463072545,2.4581778469017666,1.1920928955078125e-07,1.1920929e-07,1.13,1.13,14.495997,16.415,13.12,19.71,238.6,1507.32,0.0857279039939199,0.8709119
1987-05-28,3.641772871056303e-09,1359.0705411214235,3.0701654874863085,1.1920928955078125e-07,1.1920929e-07,1.1920929e-07,0.0,14.495997,20.19,14.17,26.21,391.58,1617.51,0.07916620237703473,0.8523819
1987-05-29,3.876721334133036e-09,1356.4127697265483,3.8581945764552716,1.1920928955078125e-07,1.1920929e-07,1.1920929e-07,0.0,14.592003,24.075,16.28,31.87,451.67,1838.95,0.07312671686820003,0.76899666
1987-05-30,4.070864547274506e-09,1353.7623888788007,4.344461201196752,1.1920928955078125e-07,1.1920929e-07,1.1920929e-07,0.0,14.592003,26.22,19.1,33.34,418.02,2214.9,0.06756288301056863,0.6948765
1987-05-31,4.217170688952215e-09,1351.1176385690621,4.147327915570475,1.1920928955078125e-07,1.1920929e-07,1.1920929e-07,0.0,14.592003,25.425,18.5,32.35,416.29,2090.2,0.062432867621467006,0.6485514
1987-06-01,4.308607937637668e-09,1348.4767587882143,3.9257303527269922,1.1920928955078125e-07,1.1920929e-07,1.1920929e-07,0.0,14.592003,24.485,18.11,30.86,396.4,2074.02,0.057699039367162204,0.6300214
1987-06-02,4.338144471802365e-09,1345.8379895271378,3.856437229169448,1.1920928955078125e-07,1.1920929e-07,5.18,5.18,14.592003,24.205,17.81,30.6,306.0,2049.16,0.053327503099328634,0.6022263
1987-06-03,4.2987484699178145e-09,1343.1995707767146,3.596643549462493,1.1920928955078125e-07,1.1920929e-07,1.1920929e-07,0.0,14.688,22.9,17.3,28.5,364.93,1968.07,0.04928768971364905,0.58369625
1987-06-04,4.183388110455514e-09,1340.5597425278258,3.035400142215829,1.1920928955078125e-07,1.1920929e-07,15.69,15.69,14.688,20.005,17.0,23.01,164.19,1921.74,0.04555199442547298,1.1210674
1987-06-05,3.985031571886974e-09,1337.9167447713526,2.850426492205009,1.1920928955078125e-07,1.1920929e-07,6.13,6.13,14.688,18.97,13.05,24.89,342.68,1497.97,0.042095457327302986,1.389753
1987-06-06,3.696647032683694e-09,1335.2688174981768,2.899015449227351,1.1920928955078125e-07,1.1920929e-07,1.1920929e-07,0.0,14.688,19.29,13.5,25.08,400.67,1560.1,0.03889548092308025,0.7319366
1987-06-07,3.311202671317176e-09,1332.614200699179,3.162673290083918,1.1920928955078125e-07,1.1920929e-07,1.1920929e-07,0.0,14.688,20.81,12.52,29.1,495.34,1418.46,0.03593158004596052,0.6392864
1987-06-08,2.821666666258925e-09,1329.9511343652412,3.8099741102228117,1.1920928955078125e-07,1.1920929e-07,1.1920929e-07,0.0,14.688,24.085,16.64,31.53,455.6,1873.6,0.03318516017725543,0.58369625
1987-06-09,2.2210071959804456e-09,1327.2778584872442,3.9398816974967166,1.1920928955078125e-07,1.1920929e-07,5.62,5.62,14.732102,24.66,18.19,31.13,313.74,2094.99,0.030639320709383938,0.57443124
1987-06-10,1.5000332697358038e-09,1324.593657777186,2.6808614961153707,1.1920928955078125e-07,1.1920929e-07,1.1920929e-07,0.0,14.783998,17.995,9.53,26.46,517.06,1168.26,0.02827956226579286,0.5929613
1987-06-11,1.200335461180012e-11,1322.2208569803574,2.4921179238069815,1.1920928955078125e-07,1.1920929e-07,1.1920929e-07,0.0,14.783998,16.805,8.45,25.16,517.42,1095.04,0.026345364062549156,0.51884115
1987-06-12,-2.3791131815280782e-09,1320.2867355415055,3.0525027156694184,1.1920928955078125e-07,1.1920929e-07,0.09,0.09,14.783998,20.25,15.19,25.31,368.02,1735.21,0.024867043250706204,0.5095761
1987-06-13,-5.131896833852682e-09,1318.602385278393,3.5487730362533823,1.1920928955078125e-07,1.1920929e-07,4.68,4.68,14.783998,22.875,17.05,28.7,301.15,1928.48,0.023647373823893435,0.71340656
1987-06-14,-7.704928097530858e-09,1316.9788980087824,3.530218983530071,1.1920928955078125e-07,1.1920929e-07,4.1,4.1,14.783998,22.805,14.53,31.08,373.57,1644.89,0.02252842880891044,1.0376823
1987-06-15,-9.556787467731457e-09,1315.227365550436,4.230034899179674,1.1920928955078125e-07,1.1920929e-07,1.1920929e-07,0.0,14.783998,26.025,18.42,33.63,459.19,2104.53,0.021380532087305146,0.56516623
1987-06-16,-1.014605543962333e-08,1313.158879721116,4.151948273215854,1.1920928955078125e-07,1.1920929e-07,0.26,0.26,14.783998,25.72,18.61,32.83,436.12,2137.56,0.020100003376564608,0.5095761
1987-06-17,-8.931312508375329e-09,1310.5845323385852,3.5271944765305223,1.1920928955078125e-07,1.1920929e-07,1.1920929e-07,0.0,14.783998,22.875,16.64,29.11,428.63,1890.99,0.0186129052228766,0.46325102
1987-06-18,-5.7254354331091496e-09,1307.5913446785607,3.211919382073806,1.1920928955078125e-07,1.1920929e-07,1.1920929e-07,0.0,14.783998,21.29,12.68,29.9,516.68,1436.34,0.017021625617554787,0.4169259
1987-06-19,-2.868839451638279e-09,1307.1604287589987,3.7991936572236384,1.1920928955078125e-07,1.1920929e-07,1.1920929e-07,0.0,14.783998,24.225,16.95,31.5,458.59,1915.71,0.01680402349846087,0.4076609
1987-06-20,-1.1824630683659902e-09,1312.6589086270544,4.152692323708357,1.1920928955078125e-07,1.1920929e-07,20.65,20.65,14.783998,25.73,18.85,32.61,325.62,2175.29,0.019802176500313212,0.4076609
1987-06-21,-6.636461900860291e-10,1321.0607999279073,3.9888822856838435,1.1920928955078125e-07,1.1920929e-07,4.57,4.57,14.783998,24.9,19.16,30.64,290.98,2226.1,0.025448463346169722,0.48178104
1987-06-22,-3.806113858442535e-10,1320.0395824497907,4.102942065884364,1.1920928955078125e-07,1.1920929e-07,1.72,1.72,14.783998,25.415,19.75,31.08,346.92,2300.25,0.024684212528324496,0.453986
1987-06-23,-2.2562318418870835e-10,1317.584972253046,4.094162726300108,1.1920928955078125e-07,1.1920929e-07,1.74,1.74,14.783998,25.41,20.81,30.01,284.09,2449.41,0.02293981775381278,0.4076609
1987-06-24,-1.3149323413215166e-10,1314.6295410978537,3.5900764982966322,1.1920928955078125e-07,1.1920929e-07,1.1920929e-07,0.0,14.783998,23.13,17.49,28.77,395.11,1999.31,0.021002279125930497,0.43545595
1987-06-25,-7.11887961682701e-11,1313.2066648306868,3.5800463785851306,1.1920928955078125e-07,1.1920929e-07,1.1920929e-07,0.0,14.783998,23.1,15.25,30.95,479.73,1739.49,0.02012870186354186,0.35207078
1987-06-26,-2.628973679657821e-11,1314.4883305014084,3.668386980584204,1.1920928955078125e-07,1.1920929e-07,6.63,6.63,14.783998,23.51,17.21,29.81,310.95,1959.09,0.020913914404211396,0.34280574
1987-06-27,-5.492307530138936e-12,1315.446537166819,3.54941304749821,1.1920928955078125e-07,1.1920929e-07,3.21,3.21,14.783998,22.92,17.95,27.89,277.79,2064.12,0.02152090555860423,0.48178104
1987-06-28,-3.0029538137980326e-12,1313.932952930834,2.8959648278388554,1.1920928955078125e-07,1.1920929e-07,0.97,0.97,14.783998,19.435,11.72,27.15,488.43,1377.3,0.020569970011551815,0.52810615
1987-06-29,-1.3507086156448563e-12,1310.9749734516474,3.2146316945377005,1.1920928955078125e-07,1.1920929e-07,1.1920929e-07,0.0,14.783998,21.26,13.09,29.43,494.18,1494.59,0.01883116014745865,0.35207078
1987-06-30,-6.130658755765922e-13,1308.3759246128823,4.184548135254508,1.1920928955078125e-07,1.1920929e-07,2.19,2.19,14.783998,25.925,19.3,32.55,368.8,2247.66,0.017425080964532824,0.49104607
1987-07-01,-3.688444978855599e-13,1322.9849883096633,3.8845761290754064,1.1920928955078125e-07,1.1920929e-07,30.75,30.75,14.783998,24.405,17.6,31.21,324.0,2015.75,0.026953353961422524,2.2328699
1987-07-02,-2.2207625884930545e-13,1340.5107960159096,4.011252452092774,1.1920928955078125e-07,1.1920929e-07,13.77,13.77,14.783998,24.74,19.0,30.48,287.47,2199.96,0.04548547135849994,2.8536263
1987-07-03,-1.331967615904439e-13,1349.5020450394638,4.097009052143173,1.1920928955078125e-07,1.1920929e-07,11.74,11.74,14.781217,25.0,19.5,30.5,277.33,2280.02,0.05949269318744415,1.9271241
1987-07-04,-7.963881145845498e-14,1351.896947322669,4.1704608368757325,1.1920928955078125e-07,1.1920929e-07,1.1920929e-07,0.0,14.689652,25.395,19.91,30.88,363.83,2313.15,0.06390262541920393,0.7319366
1987-07-05,-4.6779066842980046e-14,1355.2470412765917,3.9713957698311058,1.1920928955078125e-07,1.1920929e-07,9.9,9.9,14.688,24.485,18.47,30.5,308.39,2130.26,0.07062523285936881,0.58369625
1987-07-06,-2.781408439887237e-14,1357.1866339471312,3.7822929586491574,1.1920928955078125e-07,1.1920929e-07,1.1920929e-07,0.0,14.688,23.6,17.51,29.69,401.65,2001.47,0.07483605642162687,0.5003111
1987-07-07,-1.6069235934387662e-14,1358.7807445613475,3.9358257721904546,1.1920928955078125e-07,1.1920929e-07,9.17,9.17,14.688,24.28,19.15,29.41,264.56,2222.83,0.07848415286379586,0.52810615
1987-07-08,-9.429688509928401e-15,1361.9782795994597,4.426647227426943,1.1920928955078125e-07,1.1920929e-07,8.0,8.0,14.688,26.33,19.98,32.68,303.42,2319.25,0.08634653432784545,1.2229826
1987-07-09,-5.164368568390174e-15,1360.1735462660906,4.719838591713873,1.1920928955078125e-07,1.1920929e-07,1.1920929e-07,0.0,14.688,27.51,21.53,33.49,381.58,2565.35,0.08181683064806203,0.5929613
1987-07-10,-2.9872527167204134e-15,1355.6326986526055,4.597620832100533,1.1920928955078125e-07,1.1920929e-07,1.1920929e-07,0.0,14.636108,27.16,22.45,31.87,321.64,2712.06,0.07144317917914235,0.5003111
1987-07-11,-1.5503871166453809e-15,1350.966022554935,4.478952877156997,1.1920928955078125e-07,1.1920929e-07,1.1920929e-07,0.0,14.592003,26.805,20.59,33.02,402.79,2414.47,0.06215087603964145,0.8431168
1987-07-12,-7.977019563283028e-16,1346.6424258799987,4.511931220463536,1.1920928955078125e-07,1.1920929e-07,0.46,0.46,14.592003,26.995,21.04,32.95,384.76,2486.5,0.054623874472084374,0.8338518
1987-07-13,-4.738167876411012e-16,1352.6027569718763,4.143737004255435,1.1920928955078125e-07,1.1920929e-07,16.97,16.97,14.592003,25.39,18.34,32.44,331.08,2107.14,0.065263602871158,0.79679173
1987-07-14,-2.831703132339513e-16,1364.5316469276008,4.229817144830935,1.1920928955078125e-07,1.1920929e-07,14.77,14.77,14.592003,25.6,19.5,31.7,302.66,2277.8,0.09318689127999051,0.74120164
1987-07-15,-1.6761164216438206e-16,1367.2257584745112,2.8631567256486106,1.1920928955078125e-07,1.1920929e-07,1.1920929e-07,0.0,14.540109,18.85,12.13,25.57,460.71,1410.61,0.10099265486695072,0.75046664
1987-07-16,-9.004757542203216e-17,1364.3042665186538,2.991196554699591,1.1920928955078125e-07,1.1920929e-07,1.1920929e-07,0.0,14.495997,19.68,12.89,26.47,460.79,1470.99,0.09255637705164517,0.5095761
1987-07-17,-2.794892871340197e-17,1361.2495630466638,3.0553507664689166,1.1920928955078125e-07,1.1920929e-07,1.1920929e-07,0.0,14.495997,20.08,12.0,28.16,500.33,1399.89,0.084488097297044,0.453986
1987-07-18,5.503515937824985e-18,1357.8665790867055,3.5842811359631748,1.1920928955078125e-07,1.1920929e-07,1.1920929e-07,0.0,14.495997,22.88,14.81,30.95,488.1,1689.85,0.07637088943478602,0.4076609
1987-07-19,4.696205843972112e-18,1353.9766449410254,4.097841439732577,1.1920928955078125e-07,1.1920929e-07,1.1920929e-07,0.0,14.4441,25.355,17.65,33.06,464.22,2023.65,0.06799648534076973,0.38913086
1987-07-20,-3.532831662421725e-18,1349.6981788985172,4.476290006266501,1.1920928955078125e-07,1.1920929e-07,1.1920929e-07,0.0,14.399997,27.05,19.63,34.47,444.68,2290.0,0.05984211410644339,0.36133578
1987-07-21,-1.3448610782263972e-17,1345.1416440601427,5.096404895989819,1.1920928955078125e-07,1.1920929e-07,1.1920929e-07,0.0,14.399997,29.475,22.97,35.98,394.64,2795.52,0.05223019283022781,0.34280574
1987-07-22,-2.2765448223557408e-17,1340.4023630669374,4.8922702295201965,1.1920928955078125e-07,1.1920929e-07,1.1920929e-07,0.0,14.399997,28.79,21.44,36.14,428.53,2550.49,0.045338446234696524,0.33354074
1987-07-23,-2.9197660694304784e-17,1335.5756585599365,4.683512251443169,1.1920928955078125e-07,1.1920929e-07,1.1920929e-07,0.0,14.305658,28.18,20.53,35.83,438.89,2405.21,0.039253465237850706,0.28721562
1987-07-24,-3.0459564902508876e-17,1330.7568531801749,4.59225279562491,1.1920928955078125e-07,1.1920929e-07,1.1920929e-07,0.0,14.304006,27.89,20.7,35.08,422.9,2431.6,0.033993180466423426,0.28721562
1987-07-25,-2.4265477556172436e-17,1326.0412695686878,4.581021031358317,1.1920928955078125e-07,1.1920929e-07,1.1920929e-07,0.0,14.304006,27.91,20.85,34.97,418.34,2456.1,0.029528683909616528,0.26868558
1987-07-26,-6.011708207216956e-19,1321.572373749363,4.677689431274816,1.1920928955078125e-07,1.1920929e-07,1.1920929e-07,0.0,14.301225,28.355,22.24,34.47,376.62,2677.98,0.02584016134745328,0.26868558
1987-07-27,4.639028164266333e-17,1317.4101998792569,3.9551580773474995,1.1920928955078125e-07,1.1920929e-07,1.1920929e-07,0.0,14.208003,25.505,18.9,32.11,411.19,2184.52,0.02282042154975835,0.2779506
1987-07-28,1.0679909022586761e-16,1313.4792221080736,3.651190867969958,1.1920928955078125e-07,1.1920929e-07,1.1920929e-07,0.0,14.208003,24.14,16.63,31.65,451.68,1890.39,0.020293177783188843,0.24089052
1987-07-29,1.7061429187834378e-16,1309.7031445808752,3.279398134910364,1.1920928955078125e-07,1.1920929e-07,1.1920929e-07,0.0,14.208003,22.31,14.5,30.12,469.72,1640.2,0.0181294685475294,0.23162551
1987-07-30,2.278249235495447e-16,1306.0056714427246,3.7886420276697903,1.1920928955078125e-07,1.1920929e-07,1.1920929e-07,0.0,14.111998,25.015,16.91,33.12,463.82,1914.58,0.016234516606825275,0.22236049
1987-07-31,2.68420022188923e-16,1302.3105068386844,3.986952289674392,1.1920928955078125e-07,1.1920929e-07,1.1920929e-07,0.0,14.111998,25.975,19.05,32.9,418.32,2207.64,0.014538633389470366,0.21309547
1987-08-01,2.8238862474593116e-16,1298.5413549138173,3.8895752939063866,1.1920928955078125e-07,1.1920929e-07,1.1920929e-07,0.0,14.111998,25.585,18.93,32.24,408.08,2189.37,0.01299117412721986,0.20383045
1987-08-02,2.5971976817002217e-16,1294.6219198131862,3.7828974815776593,1.1920928955078125e-07,1.1920929e-07,1.1920929e-07,0.0,14.015994,25.265,19.99,30.54,344.93,2319.17,0.0115564508605708,0.20383045
1987-08-03,1.9039542101200775e-16,1290.4759260549702,4.271929944032427,1.1920928955078125e-07,1.1920929e-07,1.1920929e-07,0.0,14.015994,27.505,21.71,33.3,358.53,2593.24,0.010210869566593554,0.20383045
1987-08-04,-4.840351128683023e-17,1286.4033063540992,4.202661082541449,1.1920928955078125e-07,1.1920929e-07,1.1920929e-07,0.0,14.013214,27.27,19.7,34.84,428.98,2295.83,0.00904174871301751,0.18530041
1987-08-05,-5.092298921672495e-16,1282.7027899852612,4.096372160012531,1.1920928955078125e-07,1.1920929e-07,3.76,3.76,13.920003,26.98,19.79,34.17,373.29,2302.8,0.008095939600678278,0.18530041
1987-08-06,-1.102363238967902e-15,1279.3126207727541,3.40394126816929,1.1920928955078125e-07,1.1920929e-07,5.05,5.05,13.920003,23.73,18.46,29.0,278.45,2117.14,0.007316551029966051,0.2779506
1987-08-07,-1.7380830690274393e-15,1276.1710425408758,3.077021429209117,1.1920928955078125e-07,1.1920929e-07,1.1920929e-07,0.0,13.824,22.13,16.98,27.28,345.96,1931.05,0.006661454571537071,0.24089052
1987-08-08,-2.326668899684513e-15,1273.2162991139242,3.5334427828071338,1.1920928955078125e-07,1.1920929e-07,1.1920929e-07,0.0,13.824,24.595,17.89,31.3,407.51,2052.31,0.006098941267799138,0.22236049
1987-08-09,-2.778400248277776e-15,1270.3866343161972,3.8354720087547114,1.1920928955078125e-07,1.1920929e-07,1.1920929e-07,0.0,13.824,26.095,19.78,32.41,381.33,2303.18,0.005604820983737674,0.21309547
1987-08-10,-3.003556632145879e-15,1267.6202919719929,3.902489528576143,1.1920928955078125e-07,1.1920929e-07,1.54,1.54,13.727997,26.57,20.47,32.67,332.73,2396.64,0.005160480636683656,0.19456543
1987-08-11,-2.9124175686274737e-15,1264.8555159056089,3.0120224880000457,1.1920928955078125e-07,1.1920929e-07,1.1920929e-07,0.0,13.727997,22.035,13.53,30.54,472.38,1561.69,0.004751589017723323,0.18530041
1987-08-12,-2.415262575061211e-15,1262.0305499413432,3.030372268781875,1.1920928955078125e-07,1.1920929e-07,1.1920929e-07,0.0,13.6761,22.245,14.61,29.88,443.68,1662.37,0.004367240362828599,0.15750535
1987-08-13,-1.4023117987560628e-15,1259.0839147717522,2.8550824066502463,1.1920928955078125e-07,1.1920929e-07,1.1920929e-07,0.0,13.632,21.31,13.55,29.07,449.04,1563.54,0.003999425550847744,0.17603539
1987-08-14,1.3927272087032765e-16,1255.974067624306,2.7480103867817656,1.1920928955078125e-07,1.1920929e-07,1.1920929e-07,0.0,13.632,20.695,12.56,28.83,460.89,1444.48,0.0036447835584099645,0.16677037
1987-08-15,1.808690581060578e-15,1252.6870970602984,3.309047143859445,1.1920928955078125e-07,1.1920929e-07,1.1920929e-07,0.0,13.535997,24.095,16.89,31.3,414.08,1911.15,0.0033040688061761313,0.12971029
1987-08-16,3.1618553143387477e-15,1249.2109076159325,3.483806878320597,1.1920928955078125e-07,1.1920929e-07,1.1920929e-07,0.0,13.535997,25.055,19.0,31.11,363.81,2200.0,0.002978329831575102,0.14824033
1987-08-17,3.754680453228894e-15,1245.533403827412,3.893463461866043,1.1920928955078125e-07,1.1920929e-07,1.1920929e-07,0.0,13.44165,27.225,20.02,34.43,399.29,2322.82,0.002668615632088885,0.14824033
1987-08-18,3.1430795302550753e-15,1241.6424902309404,4.054821811130162,1.1920928955078125e-07,1.1920929e-07,1.1920929e-07,0.0,13.439995,28.02,21.39,34.65,373.17,2541.62,0.0023759207014334067,0.14824033
1987-08-19,1.735223544943034e-15,1237.7017379013541,3.35459029974154,1.1920928955078125e-07,1.1920929e-07,0.3,0.3,13.439995,24.675,16.28,33.07,448.64,1823.33,0.0021121832332299836,0.12044526
1987-08-20,6.682007988507984e-16,1234.2242483554157,3.078907422775061,1.1920928955078125e-07,1.1920929e-07,1.1920929e-07,0.0,13.343997,23.34,16.13,30.55,414.29,1820.25,0.0019038750428765714,0.14824033
1987-08-21,1.4904906640642037e-16,1231.6587617114023,2.6866832673921337,1.1920928955078125e-07,1.1920929e-07,1.1920929e-07,0.0,13.343997,21.01,11.56,30.46,485.54,1320.68,0.001763483396376412,0.14824033
1987-08-22,7.865494322433537e-17,1230.3323300544419,3.1067313630485383,1.1920928955078125e-07,1.1920929e-07,15.53,15.53,13.248009,23.68,17.42,29.94,278.7,1987.59,0.0016950063464729892,0.1389753
1987-08-23,3.120102034307691e-17,1229.6338197458101,2.53046366444189,1.1920928955078125e-07,1.1920929e-07,1.1920929e-07,0.0,13.248009,20.135,14.82,25.45,341.68,1687.22,0.001660021207585422,0.36133578
1987-08-24,6.993862978877037e-18,1228.5244476204111,2.0457842299347884,1.1920928955078125e-07,1.1920929e-07,1.1920929e-07,0.0,13.196108,16.635,8.69,24.58,457.34,1135.56,0.0016059360041348382,0.19456543
1987-08-25,3.3732803342214993e-18,1226.6605635020144,2.0163200744979486,1.1920928955078125e-07,1.1920929e-07,1.1920929e-07,0.0,13.152,16.475,9.42,23.53,425.51,1193.98,0.0015190041432659538,0.17603539
1987-08-26,6.472649218051193e-19,1225.3516807784938,2.1471506188207092,1.1920928955078125e-07,1.1920929e-07,1.1920929e-07,0.0,13.152,17.54,12.3,22.78,341.44,1423.95,0.0014607855756222424,0.17603539
1987-08-27,-1.246016646460957e-18,1225.2194020553,2.7114563494214523,1.1920928955078125e-07,1.1920929e-07,4.26,4.26,13.056,21.635,14.53,28.74,306.38,1648.46,0.001455027471182217,0.18530041
1987-08-28,-1.6376935453507455e-18,1226.8486343302416,3.042626619949197,1.1920928955078125e-07,1.1920929e-07,6.14,6.14,13.056,23.62,16.0,31.24,317.07,1800.0,0.0015275579762628673,0.19456543
1987-08-29,-9.602388350407938e-19,1227.4983203719007,2.695745497149545,1.1920928955078125e-07,1.1920929e-07,1.1920929e-07,0.0,12.96,21.63,17.23,26.03,284.87,1956.05,0.0015574792974947975,0.18530041
1987-08-30,-5.259344192239079e-19,1225.1128499278477,2.1510543555229584,1.1920928955078125e-07,1.1920929e-07,1.1920929e-07,0.0,12.96,17.82,9.54,26.1,456.6,1202.94,0.0014504057569237484,0.19456543
1987-08-31,-3.1053542717528653e-19,1223.3054623154537,2.422378126562102,1.1920928955078125e-07,1.1920929e-07,1.1920929e-07,0.0,12.864003,19.98,12.67,27.29,417.63,1453.91,0.0013742091550819908,0.17603539
1987-09-01,-1.812528704053979e-19,1229.6354436225424,2.3672392176762305,1.1920928955078125e-07,1.1920929e-07,18.15,18.15,12.864003,19.5,13.5,25.5,274.14,1552.22,0.001660101696793216,0.33354074
1987-09-02,-1.0836137281684464e-19,1235.333635067627,2.124386569602797,1.1920928955078125e-07,1.1920929e-07,1.1920929e-07,0.0,12.861222,17.6,8.27,26.93,472.62,1101.39,0.0019679951854371315,0.23162551
1987-09-03,-6.500753067183749e-20,1233.008838213498,2.2916411523731757,1.1920928955078125e-07,1.1920929e-07,1.1920929e-07,0.0,12.768005,19.03,11.01,27.05,433.14,1320.85,0.0018360226216042612,0.17603539
1987-09-04,-3.8935491741495284e-20,1230.741432844275,2.1352809224660816,1.1920928955078125e-07,1.1920929e-07,1.1920929e-07,0.0,12.768005,17.87,10.71,25.03,407.44,1297.04,0.001715837789174934,0.16677037
1987-09-05,-2.29837004388252e-20,1227.3438497548193,1.9721188767931697,1.1920928955078125e-07,1.1920929e-07,1.1920929e-07,0.0,12.672003,16.715,10.31,23.12,378.9,1264.49,0.0015503124616760143,0.15750535
1987-09-06,-1.3695856882181944e-20,1231.636162220811,2.036896712229126,1.1920928955078125e-07,1.1920929e-07,15.01,15.01,12.672003,17.195,13.85,20.54,163.88,1583.8,0.0017622938429931363,0.19456543
1987-09-07,-8.057485367342134e-21,1247.6986080674099,2.47690603335493,1.1920928955078125e-07,1.1920929e-07,22.14,22.14,12.576006,20.41,16.71,24.11,175.54,1896.24,0.0028468367736347706,0.34280574
1987-09-08,-4.865247172542644e-21,1280.989940907917,2.7172600698107745,1.1920928955078125e-07,1.1920929e-07,46.38,46.38,12.576006,21.55,18.84,24.26,130.53,2180.3,0.007692304687621586,4.4657397
1987-09-09,-2.942076001104328e-21,1306.857544011323,2.819357444323569,1.1920928955078125e-07,1.1920929e-07,10.54,10.54,12.479998,21.975,17.24,26.71,276.71,1961.26,0.01665274095544271,5.892553
1987-09-10,-1.763730149934332e-21,1308.388718901426,2.8447154065645006,1.1920928955078125e-07,1.1920929e-07,1.1920929e-07,0.0,12.479998,22.11,15.89,28.33,357.95,1791.37,0.017431738819492882,0.71340656
1987-09-11,-1.0537242078594556e-21,1305.112559207879,2.758673290062312,1.1920928955078125e-07,1.1920929e-07,1.1920929e-07,0.0,12.383997,21.755,15.62,27.89,355.54,1770.04,0.015807319665679147,0.48178104
1987-09-12,-6.113038112164261e-22,1307.1318381767617,2.860997262187724,1.1920928955078125e-07,1.1920929e-07,9.6,9.6,12.383997,22.36,17.77,26.95,212.67,2043.78,0.016789684746483572,0.4169259
1987-09-13,-3.563406191646398e-22,1315.5626089219497,2.907619978866741,1.1920928955078125e-07,1.1920929e-07,20.46,20.46,12.287997,22.665,18.67,26.66,189.61,2149.36,0.021595619268137578,0.97282714
1987-09-14,-1.8886436467674573e-22,1320.7957263272253,2.7942810831789933,1.1920928955078125e-07,1.1920929e-07,1.1920929e-07,0.0,12.287997,21.905,16.28,27.53,337.33,1844.64,0.025247844846630042,0.6578164
1987-09-15,-1.0772536743637958e-22,1319.503122801505,2.561704906593942,1.1920928955078125e-07,1.1920929e-07,1.1920929e-07,0.0,12.287997,20.425,13.19,27.66,398.76,1510.88,0.024291980339910497,0.46325102
1987-09-16,-5.828770421989752e-23,1320.1498682077427,2.7815074262350725,1.1920928955078125e-07,1.1920929e-07,4.45,4.45,12.191998,21.97,14.99,28.95,287.1,1717.29,0.024765629394269604,0.44472098
1987-09-17,-3.1659423820536116e-23,1320.6690704931784,2.7994994836396274,1.1920928955078125e-07,1.1920929e-07,1.94,1.94,12.191998,22.075,16.6,27.55,289.06,1883.74,0.02515254569894251,0.39839587
1987-09-18,-1.9029500607804652e-23,1329.2980000648715,2.7675286818836153,1.1920928955078125e-07,1.1920929e-07,18.49,18.49,12.096,21.9,16.48,27.32,243.15,1870.81,0.03254427670219396,4.150729
1987-09-19,-1.1452742513455657e-23,1335.0307626952017,2.263923116466962,1.1920928955078125e-07,1.1920929e-07,0.56,0.56,12.096,18.395,12.13,24.66,369.1,1410.61,0.03861999843924551,1.0098872
1987-09-20,-6.89954284880923e-24,1336.8760827579408,1.8183618632233018,1.1920928955078125e-07,1.1920929e-07,6.83,6.83,12.000003,14.865,12.28,17.45,139.28,1422.72,0.04080757667077292,0.79679173
1987-09-21,-4.146186398077399e-24,1340.2746852385787,2.1913165619262114,1.1920928955078125e-07,1.1920929e-07,3.7,3.7,12.000003,17.915,14.11,21.72,194.31,1608.51,0.04516593594576607,0.8616469
1987-09-22,-2.4479201860793993e-24,1341.1908007498953,2.0705716047931144,1.1920928955078125e-07,1.1920929e-07,2.34,2.34,11.903997,17.09,10.73,23.45,341.61,1298.64,0.04641842784384475,0.6300214
1987-09-23,-1.2348166677287845e-24,1340.7238348190417,1.86499836691791,1.1920928955078125e-07,1.1920929e-07,1.1920929e-07,0.0,11.903997,15.365,8.89,21.84,385.43,1151.5,0.04577572242746783,0.52810615
1987-09-24,-3.7653913637614306e-26,1339.3513131527404,1.9909246289227631,1.1920928955078125e-07,1.1920929e-07,1.1920929e-07,0.0,11.808,16.595,9.63,23.56,394.24,1210.19,0.04393771872011663,0.46325102
1987-09-25,8.422437526999227e-25,1337.477934860071,1.8635206270247833,1.1920928955078125e-07,1.1920929e-07,1.1920929e-07,0.0,11.808,15.525,7.63,23.42,415.79,1050.29,0.04154752094595349,0.42619094
1987-09-26,1.092864142585495e-24,1335.5089539360167,1.652587726439433,1.1920928955078125e-07,1.1920929e-07,1.1920929e-07,0.0,11.711997,13.72,5.51,21.93,422.6,917.57,0.03917536327338828,0.38913086
1987-09-27,5.815728691585751e-25,1333.9295558120023,2.0037664664602275,1.1920928955078125e-07,1.1920929e-07,1.1920929e-07,0.0,11.711997,16.905,8.54,25.27,414.3,1123.32,0.037370828858440286,0.36133578
1987-09-28,-1.8745164569661614e-25,1333.0426004880887,2.271307504605406,1.1920928955078125e-07,1.1920929e-07,1.1920929e-07,0.0,11.711997,19.02,10.56,27.48,404.06,1285.13,0.03639413838660743,0.34280574
1987-09-29,-9.67220294955191e-25,1332.520775337617,2.259133935590128,1.1920928955078125e-07,1.1920929e-07,1.1920929e-07,0.0,11.616,19.075,11.2,26.95,389.53,1335.66,0.03583148883548969,0.3242757
1987-09-30,-1.5438166227873994e-24,1332.004185395106,2.3353644158037823,1.1920928955078125e-07,1.1920929e-07,3.96,3.96,11.616,19.645,13.58,25.71,250.26,1562.52,0.035283052546727374,0.34280574
1987-10-01,-1.703324173363492e-24,1331.1329356950764,1.6575056815678841,1.1920928955078125e-07,1.1920929e-07,1.1920929e-07,0.0,11.520008,14.09,7.81,20.37,353.69,1064.45,0.03437704325434829,0.33354074
1987-10-02,-1.2532835747161552e-24,1329.8694225627657,1.4858648494687674,1.1920928955078125e-07,1.1920929e-07,1.1920929e-07,0.0,11.520008,12.34,3.94,20.74,409.07,802.2,0.03310429538770647,0.30574566
1987-10-03,-7.335027223199637e-25,1335.281018196951,1.5997869540361862,1.1920928955078125e-07,1.1920929e-07,9.79,9.79,11.423997,13.6,5.9,21.3,291.91,927.23,0.038909652669932904,0.3150107
1987-10-04,-4.352174442805764e-25,1340.676009631002,1.0909317482595928,1.1920928955078125e-07,1.1920929e-07,3.58,3.58,11.423997,7.49,1.66,13.32,317.09,687.21,0.04571040301334552,0.6392864
1987-10-05,-2.550587838694739e-25,1341.152333965991,1.300985820020902,1.1920928955078125e-07,1.1920929e-07,1.1920929e-07,0.0,11.328,10.36,2.07,18.65,401.12,720.0,0.046365145005028995,0.37060082
1987-10-06,-1.5057762112139755e-25,1341.3154037116628,1.4513042663497016,1.1920928955078125e-07,1.1920929e-07,1.1920929e-07,0.0,11.328,12.095,4.22,19.97,383.71,817.57,0.04659144427320405,0.34280574
1987-10-07,-8.459950221126991e-26,1346.8586176035765,1.4958329965878348,1.1920928955078125e-07,1.1920929e-07,12.31,12.31,11.232,12.65,7.02,18.28,233.41,1001.71,0.054977614694157406,0.47251603
1987-10-08,-4.974969332764238e-26,1352.3542512427628,1.2053636516819217,1.1920928955078125e-07,1.1920929e-07,1.1920929e-07,0.0,11.232,9.165,3.02,15.31,330.35,761.66,0.06478114691801519,0.42619094
1987-10-09,-2.79551686787643e-26,1351.6204710752336,1.0286015160431645,1.1920928955078125e-07,1.1920929e-07,1.1920929e-07,0.0,11.138781,6.85,-0.98,14.68,375.14,561.68,0.06337727917194952,0.34280574
1987-10-10,-1.6418067831839632e-26,1350.533847383651,1.4093535670031394,1.1920928955078125e-07,1.1920929e-07,1.1920929e-07,0.0,11.136,11.79,4.22,19.36,357.37,826.45,0.06135404091823477,0.33354074
1987-10-11,-9.163488629990424e-27,1350.1855577996616,1.5274209083598216,1.1920928955078125e-07,1.1920929e-07,1.83,1.83,11.136,13.085,6.67,19.5,319.0,976.2,0.06071931259033977,0.33354074
1987-10-12,-4.992278716303533e-27,1349.8614451011051,1.052897971744691,1.1920928955078125e-07,1.1920929e-07,1.1920929e-07,0.0,11.04,7.365,1.95,12.78,289.75,703.06,0.06013454458001761,0.35207078
1987-10-13,-5.891959048469103e-28,1349.2295987671305,1.0028196679369354,1.1920928955078125e-07,1.1920929e-07,1.1920929e-07,0.0,11.04,6.625,-0.97,14.22,353.03,562.15,0.05901070133241254,0.3242757
1987-10-14,3.3914266858405856e-27,1348.3154886305479,1.0140839491913747,1.1920928955078125e-07,1.1920929e-07,1.1920929e-07,0.0,10.944003,6.94,-0.88,14.76,352.93,569.79,0.05742187472031595,0.30574566
1987-10-15,5.75992467045916e-27,1347.1612275454322,1.1432433519058756,1.1920928955078125e-07,1.1920929e-07,1.1920929e-07,0.0,10.944003,8.805,-1.11,18.72,381.3,560.0,0.05547660600906694,0.30574566
1987-10-16,5.326633663709015e-27,1345.8089283658585,1.3853395514930371,1.1920928955078125e-07,1.1920929e-07,1.1920929e-07,0.0,10.848002,11.99,2.38,21.6,367.89,720.04,0.05328125049020482,0.30574566
1987-10-17,2.6563063416920792e-27,1344.2354816951479,1.435165873893455,1.1920928955078125e-07,1.1920929e-07,1.1920929e-07,0.0,10.848002,12.575,3.73,21.42,349.73,800.0,0.05083598938627524,0.30574566
1987-10-18,9.500334387287164e-29,1342.5513256513032,1.3824051626497078,1.1920928955078125e-07,1.1920929e-07,1.1920929e-07,0.0,10.803894,12.06,4.59,19.53,317.49,846.92,0.048342885151860845,0.29648066
1987-10-19,-1.6817188675236933e-27,1341.054878425011,1.329764604066528,1.1920928955078125e-07,1.1920929e-07,1.1920929e-07,0.0,10.752,11.535,3.08,19.99,335.39,766.21,0.046230426616128924,0.29648066
1987-10-20,-2.010408853111224e-27,1340.0453786632686,1.4686727759221105,1.1920928955078125e-07,1.1920929e-07,1.1920929e-07,0.0,10.752,13.14,6.9,19.38,271.3,991.64,0.04485775763343725,0.29648066
1987-10-21,-1.0501156202880655e-27,1339.4041366388387,1.342947993417206,1.1920928955078125e-07,1.1920929e-07,15.55,15.55,10.655997,11.855,6.53,17.18,178.66,962.76,0.0440070720826891,0.39839587
1987-10-22,-9.438060814609014e-29,1338.5491960345416,0.9403550895782168,1.1920928955078125e-07,1.1920929e-07,1.1920929e-07,0.0,10.655997,6.305,-0.37,12.98,287.15,595.85,0.0428979290267297,0.37060082
1987-10-23,5.890490632210249e-28,1337.5048016932315,1.0777563540998296,1.1920928955078125e-07,1.1920929e-07,1.1920929e-07,0.0,10.559998,8.555,1.08,16.03,302.09,646.32,0.04158086329760682,0.3150107
1987-10-24,7.554742352529943e-28,1336.3076788978688,1.2187843373231062,1.1920928955078125e-07,1.1920929e-07,1.1920929e-07,0.0,10.559998,10.495,1.68,19.31,323.56,694.04,0.04012085907739476,0.30574566
1987-10-25,-1.3852214483890777e-28,1335.0343392585619,1.268055918960667,1.1920928955078125e-07,1.1920929e-07,1.1920929e-07,0.0,10.558345,11.14,3.46,18.82,296.73,795.26,0.03862412284888332,0.28721562
1987-10-26,-2.6390492341407837e-27,1333.7872795730634,0.8735044910108162,1.1920928955078125e-07,1.1920929e-07,1.1920929e-07,0.0,10.464,5.515,-2.96,13.99,317.43,482.85,0.037212411268204584,0.28721562
1987-10-27,-6.332218561927924e-27,1332.563750758612,0.8496313171003689,1.1920928955078125e-07,1.1920929e-07,19.08,19.08,10.464,5.11,-1.96,12.18,213.27,523.14,0.03587749585370531,0.35207078
1987-10-28,-1.0774135147468117e-26,1331.3574070116751,1.0074092814472553,1.1920928955078125e-07,1.1920929e-07,21.28,21.28,10.367997,7.865,3.47,12.26,146.81,788.85,0.03460822098355997,1.862269
1987-10-29,-1.552090401002915e-26,1330.161902528721,0.8639933065898149,1.1920928955078125e-07,1.1920929e-07,1.1920929e-07,0.0,10.367997,5.53,-1.41,12.47,279.16,560.0,0.033394656597753314,0.6300214
1987-10-30,-2.012863016887881e-26,1328.970891506217,0.8974325834952367,1.1920928955078125e-07,1.1920929e-07,1.1920929e-07,0.0,10.323892,6.185,-2.81,15.18,315.76,494.84,0.03222797039469819,0.48178104
1987-10-31,-2.415341864328488e-26,1327.7780281406312,1.1657233241564267,1.1920928955078125e-07,1.1920929e-07,1.1920929e-07,0.0,10.272,10.33,3.27,17.39,268.69,781.5,0.03110032378684653,0.43545595
1987-11-01,-2.7151374452515143e-26,1326.5769666284316,1.1264462483767563,1.1920928955078125e-07,1.1920929e-07,1.1920929e-07,0.0,10.272,9.805,1.1,18.51,300.36,648.0,0.030004787707294985,0.39839587
1987-11-02,-2.867860261583741e-26,1325.361361166086,1.3310817644851785,1.1920928955078125e-07,1.1920929e-07,1.1920929e-07,0.0,10.176,12.62,6.33,18.91,241.38,946.62,0.028935274885432974,0.38913086
1987-11-03,-2.8291208152519457e-26,1324.124865950062,1.3713540524442958,1.1920928955078125e-07,1.1920929e-07,1.1920929e-07,0.0,10.176,13.115,4.9,21.33,281.11,871.66,0.02788648562115066,0.37060082
1987-11-04,-2.5545296081829048e-26,1322.8611351768277,1.5040364880276655,1.1920928955078125e-07,1.1920929e-07,1.1920929e-07,0.0,10.176,14.63,5.75,23.51,286.8,920.95,0.026853864409258268,0.37060082
1987-11-05,-1.9996971423033995e-26,1321.5638230428508,1.535948512822068,1.1920928955078125e-07,1.1920929e-07,1.1920929e-07,0.0,10.079997,15.145,8.32,21.97,243.03,1105.67,0.02583356501991469,0.36133578
1987-11-06,-1.2268010288017275e-26,1320.3473841465993,0.9116697621444065,1.1920928955078125e-07,1.1920929e-07,1.1920929e-07,0.0,10.079997,6.89,-0.17,13.95,256.2,605.03,0.02491211440435791,0.3242757
1987-11-07,-6.643006757330925e-27,1319.462892159066,0.8531594649059727,1.1920928955078125e-07,1.1920929e-07,1.1920929e-07,0.0,10.035892,5.955,-2.0,13.91,272.66,520.21,0.024262818192208983,0.3150107
1987-11-08,-3.770175206919054e-27,1318.2385971552935,1.233342655637351,1.1920928955078125e-07,1.1920929e-07,1.1920929e-07,0.0,9.983997,11.79,3.75,19.83,265.0,800.54,0.023391906506152544,0.3242757
1987-11-09,-2.2259725943337492e-27,1316.3533120605753,1.377889257404423,1.1920928955078125e-07,1.1920929e-07,1.1920929e-07,0.0,9.983997,13.595,8.31,18.88,194.13,1105.06,0.022111531975829938,0.33354074
1987-11-10,-1.3451977003234363e-27,1324.4165814242897,0.8784921090611532,1.1920928955078125e-07,1.1920929e-07,18.96,18.96,9.888,6.57,-1.01,14.15,193.4,560.0,0.02813043876252797,0.75973165
1987-11-11,1.4960684339707404,1341.948627969675,0.5148124335046552,1.1920928955078125e-07,17.492758,0.23724203,17.73,9.888,-1.51,-4.48,1.46,92.44,439.63,0.04748071945763456,1.5657884
1987-11-12,8.686987417541149,1344.4264339698773,0.6078195184510455,8.171932962315623,1.1920929e-07,3.44,3.44,9.888,0.855,-4.5,6.21,173.1,440.62,0.051126656024504454,0.917237
1987-11-13,3.185425678761837,1350.4050501243014,0.8164532192315967,3.1854256787617903,1.1920929e-07,1.1920929e-07,0.0,9.792,5.31,-1.74,12.36,244.91,539.95,0.06111854931689973,1.1488625
1987-11-14,1.1635867834795919,1351.4333914236106,1.015319612036115,1.1635764938024922,1.1920929e-07,1.1920929e-07,0.0,9.792,8.64,0.11,17.17,267.31,608.69,0.06302425195324628,1.0006222
1987-11-15,0.4238651263354553,1351.1026713767685,0.9902025892680194,0.4178369768108473,1.1920929e-07,1.1920929e-07,0.0,9.792,8.255,0.49,16.02,253.47,639.2,0.06240497322219432,0.75973165
1987-11-16,0.16346720745789467,1350.3351408755007,0.9368012919968072,0.13679077504488038,1.1920929e-07,1.1920929e-07,0.0,9.698783,7.555,-0.1,15.21,251.0,600.0,0.060991106630174215,0.6485514
1987-11-17,0.07348179732311197,1349.725153063234,1.2598051922040594,0.04966352892415526,1.1920929e-07,1.18,1.18,9.696003,12.22,6.07,18.37,198.69,938.95,0.05989033000478607,0.6207563
1987-11-18,0.037504962002870325,1353.4244995744823,1.4127705995518898,0.022228387578337127,1.1920929e-07,9.78,9.78,9.696003,14.025,9.97,18.08,112.45,1237.22,0.0668846886768523,0.97282714
1987-11-19,0.019953702578221388,1355.8639366234975,0.9566645582176178,0.010968937426616265,1.1920929e-07,1.1920929e-07,0.0,9.696003,7.82,1.16,14.48,227.94,652.87,0.07193815098627558,0.71340656
1987-11-20,0.01217126155584987,1355.08661312485,0.795283123179055,0.006455523279195299,1.1920929e-07,1.1920929e-07,0.0,9.6,5.16,0.32,10.0,181.05,624.4,0.07028774265771782,0.6207563
1987-11-21,0.009711428279201606,1354.4316153852822,0.4967331684596836,1.1920928955078125e-07,1.1920929e-07,1.1920929e-07,0.0,9.6,-1.73,-6.89,3.43,194.42,359.97,0.06892648599631786,0.57443124
1987-11-22,0.009570479463524944,1353.8971256058528,0.44194541951419036,1.1920928955078125e-07,1.1920929e-07,1.1920929e-07,0.0,9.6,-3.375,-7.88,1.13,175.27,337.75,0.06783523369099488,0.5095761
1987-11-23,0.008887322127181919,1353.2770879572522,0.5904597623267404,0.004639403500538385,1.1920929e-07,1.1920929e-07,0.0,9.555897,0.835,-7.0,8.67,251.57,360.0,0.0665909484368192,0.51884115
1987-11-24,0.006972348151420102,1352.428318058299,0.9329241914333289,0.003607658961372462,1.1920929e-07,1.1920929e-07,0.0,9.504003,7.78,-0.41,15.97,249.22,593.13,0.0649245680152916,0.49104607
1987-11-25,0.004396119985044086,1351.2745823676407,1.0800256487541928,0.002246366890305949,1.1920929e-07,1.1920929e-07,0.0,9.504003,10.075,3.53,16.62,217.38,800.0,0.06272611613981818,0.48178104
1987-11-26,0.002398450501465102,1349.6709706210154,1.2133855928204664,0.0012136059733754477,1.1920929e-07,0.09,0.09,9.504003,11.94,5.5,18.38,211.24,920.0,0.05979351905903816,0.46325102
1987-11-27,0.0013280774518041993,1349.9281808443488,0.9208897499789976,0.0006684481353866745,1.1920929e-07,3.03,3.03,9.459894,7.68,1.05,14.31,174.81,652.6,0.060254487803123515,0.453986
1987-11-28,0.0007954412169925776,1355.1183227382703,0.6714155482512729,0.0003993024169800866,1.1920929e-07,9.89,9.89,9.408,2.93,0.52,5.34,71.65,630.72,0.07035432155228988,0.6392864
1987-11-29,0.00048017748408932785,1383.8841981090122,0.937961982480026,0.00024066516697767576,1.1920929e-07,42.16,42.16,9.408,7.665,3.11,12.22,125.49,766.12,0.16607427939362723,13.063679
1987-11-30,0.00029008257094397503,1414.0847278527717,0.9718759659941177,0.0001452516550693832,1.1920929e-07,20.69,20.69,9.408,7.88,3.06,12.7,131.23,762.86,0.4091827919099109,7.652907
1987-12-01,0.00017310586703939528,1420.6014803492965,0.7649839709000115,8.662784760399922e-05,1.1920929e-07,1.1920929e-07,0.0,9.408,4.17,0.24,8.1,153.08,618.64,0.4970740697100336,2.279195
1987-12-02,0.00010388365081045075,1419.2593382327786,0.734651696849838,5.196880493506333e-05,1.1920929e-07,1.1920929e-07,0.0,9.363897,3.65,0.01,7.29,144.31,610.86,0.4775483424749594,1.6213785
1987-12-03,5.913692203206622e-05,1418.1087413991686,0.6287069085048196,2.9577181036443325e-05,1.1920929e-07,1.1920929e-07,0.0,9.311997,1.445,-2.46,5.35,156.72,510.37,0.46142101822481263,1.2878379
1987-12-04,-3.6972324872849973e-05,1416.9899738750194,0.6368542195441627,1.1920928955078125e-07,1.1920929e-07,4.0,4.0,9.311997,1.645,-1.39,4.68,96.45,559.71,0.4462622389906815,1.4175481
1987-12-05,-0.00019071157344605115,1415.8599419547295,0.5980780789956073,1.1920928955078125e-07,1.1920929e-07,1.1920929e-07,0.0,9.311997,0.74,-2.12,3.6,123.25,527.17,0.4314563247262407,1.2507777
1987-12-06,-0.0003723955637192613,1414.7187641177534,0.6472066218848916,1.1920928955078125e-07,1.1920929e-07,1.1920929e-07,0.0,9.311997,1.905,-0.9,4.71,123.21,573.49,0.41700283593162446,1.0098872
1987-12-07,-0.0005523390357242046,1413.566558843545,0.5966987265763651,1.1920928955078125e-07,1.1920929e-07,1.1920929e-07,0.0,9.311997,0.73,-4.96,6.42,215.96,430.62,0.4029008492574433,0.88944197
1987-12-08,-0.000700856729492605,1412.4034446115581,0.6850889660904318,1.1920928955078125e-07,1.1920929e-07,1.1920929e-07,0.0,9.310348,2.77,-2.79,8.33,212.22,497.09,0.3891489822531816,0.8523819
1987-12-09,-0.0007882633850561867,1411.2295399012469,0.8591060237770519,1.1920928955078125e-07,1.1920929e-07,1.1920929e-07,0.0,9.2187805,6.33,-1.44,14.1,243.07,560.0,0.3757454179855803,0.8245868
1987-12-10,-0.0007848737424466739,1410.0449631920653,1.0102617161804048,1.1920928955078125e-07,1.1920929e-07,1.1920929e-07,0.0,9.216,8.845,3.11,14.58,208.48,768.31,0.36268792946057515,0.79679173
1987-12-11,-0.0006610025416957903,1408.8498329634676,0.8526301806788109,1.1920928955078125e-07,1.1920929e-07,1.1920929e-07,0.0,9.216,6.245,1.68,10.81,179.87,694.6,0.3499739037868439,0.75973165
1987-12-12,-0.0004180038649079382,1407.6433652149678,0.8688186682532509,1.1920928955078125e-07,1.1920929e-07,1.1920929e-07,0.0,9.216,6.545,0.5,12.59,214.68,640.0,0.33759126908948434,0.72267157
1987-12-13,-0.0002252760721224842,1406.461330371622,0.8166161054352634,1.1920928955078125e-07,1.1920929e-07,1.1920929e-07,0.0,9.216,5.615,0.5,10.73,195.45,629.25,0.32588440333261404,0.6670815
1987-12-14,-0.00012290781875987596,1405.570042780582,0.6590603900473898,1.1920928955078125e-07,1.1920929e-07,1.1920929e-07,0.0,9.216,2.42,-1.57,6.41,168.09,551.67,0.31732633110702024,0.6300214
1987-12-15,-7.346720426904294e-05,1412.8239689910295,0.6892006860362857,1.1920928955078125e-07,1.1920929e-07,12.86,12.86,9.216,3.005,-0.17,6.18,105.65,604.68,0.3940659443667316,1.2693077
1987-12-16,-4.410368558214721e-05,1418.1304532025135,0.6758487830103661,1.1920928955078125e-07,1.1920929e-07,1.1920929e-07,0.0,9.216,2.66,-0.91,6.23,159.31,572.8,0.4617202408828821,1.2785728
1987-12-17,0.005989796890238275,1416.818717996437,0.579197756670243,0.003015681242305791,1.1920929e-07,1.1920929e-07,0.0,9.216,0.415,-2.03,2.86,117.24,529.5,0.4439861660307045,0.8616469
1987-12-18,0.034901655576810464,1415.8023357197187,0.5321914632637029,1.1920928955078125e-07,1.1920929e-07,1.1920929e-07,0.0,9.216,-0.795,-4.8,3.21,179.28,437.53,0.4307148551781274,0.75046664
1987-12-19,0.027383466312180426,1414.7782540364842,0.6033646263808177,0.015553983310813618,1.1920929e-07,1.1920929e-07,0.0,9.216,1.03,-4.95,7.01,227.33,440.0,0.41774419495455933,0.71340656
1987-12-20,0.015670086251528645,1418.8000858747857,0.7954059304135583,0.008447669052340534,1.1920929e-07,9.43,9.43,9.216,5.085,0.65,9.52,141.66,637.46,0.47104472529417085,1.1951876
1987-12-21,0.009013489182521567,1421.948355723937,0.9008947741644122,0.004709714662181862,1.1920929e-07,1.1920929e-07,0.0,9.216,6.945,1.78,12.11,206.1,702.26,0.5174712806002185,1.0284172
1987-12-22,0.005250771644999922,1420.5138449758854,0.5985729379280963,0.002693541070300415,1.1920929e-07,1.1920929e-07,0.0,9.216,0.855,-4.79,6.5,221.07,440.0,0.49577511828148707,0.8431168
1987-12-23,0.0030097113574540824,1419.3511677166887,0.713447835757388,0.0015274998755629631,1.1920929e-07,1.1920929e-07,0.0,9.216,3.45,-1.9,8.8,214.47,532.45,0.47885950169753755,0.7875267
1987-12-24,0.001778657016920778,1418.1129549101302,0.7525685583018952,0.0008972373519162461,1.1920929e-07,1.1920929e-07,0.0,9.216,4.26,-2.0,10.52,231.57,520.02,0.46147907183722486,0.72267157
1987-12-25,0.00104948422869245,1418.8146664912888,0.9913634199374903,0.0005274956319388612,1.1920929e-07,4.74,4.74,9.216,8.455,3.47,13.44,153.31,797.79,0.47124983820562444,0.7782617
1987-12-26,0.0006223601466563051,1424.112673071002,0.9257822732749716,0.00031214840058298404,1.1920929e-07,6.95,6.95,9.216,7.34,2.44,12.24,153.12,727.75,0.5520155256950723,1.1303325
1987-12-27,0.00037278262466505384,1426.029717744204,0.611510010678023,0.0001867346442514376,1.1920929e-07,1.1920929e-07,0.0,9.216,1.11,-3.2,5.42,196.01,479.77,0.5845341787837164,0.88944197
1987-12-28,0.00022567893144403786,1427.2556499378202,0.599350107214628,0.00011291458275663204,1.4901161e-07,5.0,5.0,9.216,0.805,-1.92,3.53,102.43,534.15,0.6063267995404397,0.8245868
1987-12-29,2.08157564045222,1429.9082233430622,0.4913570142429243,1.1920928955078125e-07,6.129708,0.00029230118,6.13,9.216,-2.075,-4.66,0.51,99.9,438.65,0.656301048238497,0.97282714
1987-12-30,5.00808116992781,1428.8277305215709,0.3828410031710641,1.1920928955078125e-07,1.1920929e-07,1.1920929e-07,0.0,9.216,-5.55,-10.38,-0.72,216.67,277.46,0.6354657948392558,0.76899666
1987-12-31,5.007420004587855,1427.8121027697362,0.42634053794672433,1.1920928955078125e-07,1.1920929e-07,1.1920929e-07,0.0,9.216,-4.05,-11.04,2.94,252.8,274.86,0.6164848028686499,0.7782617
1988-01-01,2.942082566257533,1428.6898721273471,0.6976460864359232,2.942082566257042,1.1920929e-07,1.1920929e-07,0.0,9.216,3.02,-1.2,7.24,180.75,563.41,0.6328554834751068,0.79679173
1988-01-02,1.3798313965791884,1428.9897546092855,0.5356701769975801,1.1920928955078125e-07,1.1920929e-07,1.1920929e-07,0.0,9.267895,-0.915,-6.55,4.72,224.66,365.1,0.6385474434188939,0.75046664
1988-01-03,1.378612532578174,1427.9128097395028,0.3747974420515015,1.1920928955078125e-07,1.1920929e-07,1.1920929e-07,0.0,9.311997,-5.975,-10.49,-1.46,196.85,280.0,0.6183413049375651,0.72267157
1988-01-04,1.7209403406165242,1426.8819722546264,0.5222374274805686,1.1920928955078125e-07,0.66282874,0.05717133,0.72,9.311997,-1.325,-5.96,3.31,202.23,392.91,0.5995994523898505,0.6763465
1988-01-05,2.0753737436447413,1425.8332505418753,0.3916670138652087,1.1920928955078125e-07,1.1920929e-07,1.1920929e-07,0.0,9.311997,-5.35,-12.75,2.05,265.36,232.16,0.5811152723755744,0.6392864
1988-01-06,2.075579205773614,1424.9493947198494,0.24786341174616502,1.1920928955078125e-07,1.1920929e-07,1.1920929e-07,0.0,9.311997,-11.475,-15.5,-7.45,187.57,185.48,0.5659801408481623,0.54663616
1988-01-07,2.075579205773614,1424.1478999775686,0.26054412777310654,1.1920928955078125e-07,1.1920929e-07,1.1920929e-07,0.0,9.311997,-10.815,-15.13,-6.5,198.42,198.98,0.5525964434435094,0.56516623
1988-01-08,2.075579205773613,1423.352668522226,0.3155610651340333,1.1920928955078125e-07,8.04,1.1920929e-07,8.04,9.311997,-8.265,-11.81,-4.72,133.67,249.07,0.5396301358139343,0.54663616
1988-01-09,2.0755792057736118,1422.5561203697634,0.37600381864736854,1.1920928955078125e-07,1.1920929e-07,1.1920929e-07,0.0,9.408,-6.02,-9.56,-2.48,177.95,280.0,0.5269473571881925,0.54663616
1988-01-10,2.0755792057736104,1421.7507166915793,0.33309388075881613,1.1920928955078125e-07,1.1920929e-07,1.1920929e-07,0.0,9.408,-7.66,-13.58,-1.74,259.89,205.72,0.5144266218629084,0.53737116
1988-01-11,2.0755792057736095,1420.928918659072,0.30148675868704716,1.1920928955078125e-07,1.1920929e-07,1.1920929e-07,0.0,9.408,-8.99,-16.97,-1.01,298.35,160.0,0.5019576207218279,0.53737116
1988-01-12,2.07557920577361,1420.0831874436399,0.35764257622182627,1.1920928955078125e-07,1.1920929e-07,1.1920929e-07,0.0,9.408,-6.68,-14.69,1.33,299.31,200.0,0.489440973391314,0.53737116
1988-01-13,2.075579205773612,1419.2059842166814,0.5349774053524006,1.1920928955078125e-07,1.1920929e-07,1.1920929e-07,0.0,9.408,-1.05,-7.39,5.29,271.17,357.03,0.476788192986905,0.48178104
1988-01-14,2.075579205773615,1418.313613201175,0.37089990699464787,1.1920928955078125e-07,1.1920929e-07,1.1920929e-07,0.0,9.504003,-6.305,-13.11,0.5,285.33,230.43,0.46425220792011185,0.47251603
1988-01-15,2.075579205773615,1417.5412419582965,0.28339780433858897,1.1920928955078125e-07,1.1920929e-07,1.1920929e-07,0.0,9.504003,-9.915,-16.0,-3.83,273.68,160.0,0.45366838909679075,0.43545595
1988-01-16,2.075579205773599,1416.7667566645782,0.3841337659361016,1.1920928955078125e-07,1.1920929e-07,1.1920929e-07,0.0,9.504003,-5.81,-14.0,2.38,309.35,200.0,0.4432978731306976,0.44472098
1988-01-17,2.0755476697708146,1415.8686194966224,0.5450331274219455,1.1920928955078125e-07,1.1920929e-07,1.1920929e-07,0.0,9.504003,-0.895,-7.01,5.22,273.88,360.0,0.43156812690070384,0.48178104
1988-01-18,0.9368861737995408,1418.641917959948,0.7614782633137781,0.9368062263131027,1.1920929e-07,6.19,6.19,9.6,3.82,-0.15,7.79,151.43,599.99,0.46882542601209914,1.9734493
1988-01-19,0.34170043429994246,1421.2848955431807,0.7268590806025499,0.3308452119644568,1.1920929e-07,1.1920929e-07,0.0,9.6,3.1,-2.99,9.19,273.06,480.54,0.5073212570851198,2.28846
1988-01-20,0.13577495825130145,1436.8344485088994,0.7125709641159433,0.10799454674552501,1.1920929e-07,32.17,32.17,9.6,2.645,-0.21,5.5,115.68,602.68,0.8070799177543159,14.638732
1988-01-21,0.06332898633163529,1450.1735246648436,0.7744651394199541,0.0413687138060038,1.1920929e-07,1.1920929e-07,0.0,9.602783,3.74,-0.08,7.56,190.3,600.0,1.2019500622618124,2.4367003
1988-01-22,0.03310694452064235,1448.5578876095658,0.6725860531272898,0.01926888260892378,1.1920929e-07,1.1920929e-07,0.0,9.696003,1.53,-2.89,5.95,215.29,494.24,1.145344689024376,1.6677036
1988-01-23,0.040913008775556925,1446.8320081271584,0.5482938477204043,1.1920928955078125e-07,1.1920929e-07,1.1920929e-07,0.0,9.696003,-1.405,-5.96,3.15,223.32,398.42,1.0878185431852565,1.334163
1988-01-24,0.03295143660271158,1445.0794290015426,0.6611764269132361,0.019165858620278604,1.1920929e-07,1.1920929e-07,0.0,9.696003,1.315,-5.0,7.63,273.11,440.0,1.0323583871575401,1.2229826
1988-01-25,0.018744166165229975,1448.717118847598,0.7506261162261214,0.010247879781720207,1.1920929e-07,11.52,11.52,9.792,3.0,-1.5,7.5,163.82,560.0,1.1508029928252577,1.0932723
1988-01-26,6.4942728700985946,1454.9201974779492,0.44641204013416136,1.1920928955078125e-07,15.93,1.1920929e-07,15.93,9.792,-4.515,-10.27,1.24,216.33,280.0,1.3849601319269382,1.1581275
1988-01-27,14.29386541394301,1453.1976218682482,0.32686101768401543,1.1920928955078125e-07,1.1920929e-07,1.1920929e-07,0.0,9.792,-8.745,-14.03,-3.46,278.2,200.0,1.3155288140966577,0.98209214
1988-01-28,14.29386834773658,1451.589630135723,0.34147334456330064,1.1920928955078125e-07,1.1920929e-07,1.1920929e-07,0.0,9.888,-8.275,-14.92,-1.63,317.92,200.0,1.25386068447527,0.917237
1988-01-29,14.29386834773658,1450.0118897282418,0.3822640821627104,1.1920928955078125e-07,1.1920929e-07,1.1920929e-07,0.0,9.888,-6.735,-13.06,-0.41,312.86,228.1,1.1961633146762405,0.8801769
1988-01-30,13.633266217284259,1448.968408654076,0.554699517919657,1.1920928955078125e-07,1.1920929e-07,1.1920929e-07,0.0,9.888,-1.54,-9.25,6.17,339.77,300.03,1.1594699481750508,0.8801769
1988-01-31,9.70579368600585,1450.8136681735195,0.8517817300154699,9.70579368600585,1.1920929e-07,1.1920929e-07,0.0,9.983997,4.575,-2.58,11.73,325.23,506.0,1.225144360129454,1.0191522
1988-02-01,3.9035461989597406,1454.37457981214,1.248169673693216,3.9035461989597406,1.1920929e-07,0.35,0.35,9.983997,10.42,3.71,17.13,309.17,797.97,1.3625804777255366,3.1315768
1988-02-02,1.4258727775832138,1456.9967499985648,1.3193737960145213,1.4258718622194697,1.1920929e-07,5.57,5.57,9.983997,11.27,5.54,17.0,210.89,912.99,1.4735478820329921,2.733181
1988-02-03,0.5198619317516967,1460.3381860485092,0.7622414454589137,0.5170058948676063,1.1920929e-07,4.27,4.27,10.079997,2.68,-3.02,8.38,217.65,488.87,1.628145358682674,2.4459653
1988-02-04,0.19657277985542507,1463.7320033091078,0.6938537893190804,0.17242330627629365,1.1920929e-07,6.48,6.48,10.079997,1.265,-1.98,4.51,143.83,521.51,1.801778224165885,2.5200856
1988-02-05,0.5467638104361726,1464.0884166098376,0.5166723375334998,1.1920928955078125e-07,1.1920929e-07,1.1920929e-07,0.0,10.079997,-2.965,-7.72,1.79,266.77,340.3,1.8210547403930593,1.7047638
1988-02-06,0.5467389970132835,1461.901336942722,0.352993855655681,1.1920928955078125e-07,1.1920929e-07,1.1920929e-07,0.0,10.176,-8.31,-14.59,-2.03,321.32,199.82,1.7059362479271287,1.1766576
1988-02-07,0.5467389970132835,1459.9257652481156,0.3136919550710795,1.1920928955078125e-07,1.1920929e-07,1.1920929e-07,0.0,10.176,-9.865,-16.03,-3.7,319.17,172.63,1.6082192292671864,1.0932723
1988-02-08,0.5467389970126985,1457.9597020995375,0.5199568669466297,1.1920928955078125e-07,1.1920929e-07,1.1920929e-07,0.0,10.270348,-3.08,-7.94,1.78,272.59,335.05,1.5165299889876154,1.0654774
1988-02-09,0.5467389216671391,1455.9609847921656,0.52976160804531,1.1920928955078125e-07,1.1920929e-07,1.1920929e-07,0.0,10.272,-2.8,-8.78,3.18,314.64,320.0,1.4286745993261303,1.0006222
1988-02-10,0.5514994578916911,1453.9740883329382,0.649353799746012,0.38815221870835576,1.1920929e-07,1.1920929e-07,0.0,10.272,0.125,-4.99,5.24,286.97,433.32,1.3463839528840567,0.93576705
1988-02-11,0.30760139528610664,1452.2459217531834,0.651255010932905,0.06566758202947245,1.1920929e-07,1.1920929e-07,0.0,10.367997,0.05,-5.62,5.72,311.8,400.35,1.2786730766880334,0.99135715
1988-02-12,0.17292166367735548,1458.951937483877,0.6601723867942961,0.11848568314276987,5.7553352e-05,17.089943,17.09,10.367997,0.18,-3.02,3.38,152.91,486.13,1.5621310828239174,1.7418238
1988-02-13,4.053651135345827,1461.7083119205047,0.4439408886798316,1.1920928955078125e-07,0.38,1.1920929e-07,0.38,10.419894,-5.515,-10.17,-0.86,285.15,279.12,1.6961326397478895,1.1859226
1988-02-14,3.7515417914460394,1459.6203392329455,0.47652461796935636,1.1920928955078125e-07,1.1920929e-07,1.1920929e-07,0.0,10.464,-4.575,-10.74,1.59,341.27,273.71,1.5936198982036118,0.9635621
1988-02-15,3.9000516042314977,1459.3389513050518,0.7001271744343427,3.899318654097927,1.1920929e-07,4.0,4.0,10.464,0.895,-4.61,6.4,240.04,437.27,1.58028690951132,1.1673925
1988-02-16,1.4277313074522546,1464.8768391215615,0.8218478056691947,1.427730407772548,1.1920929e-07,6.64,6.64,10.559998,3.06,-0.47,6.59,172.84,590.0,1.8644322158335744,2.1309547
1988-02-17,0.5206191682760708,1466.7207040229994,0.7724008842646074,0.517780430268605,1.1920929e-07,1.1920929e-07,0.0,10.559998,2.125,-5.13,9.38,362.62,429.22,1.9699548957930626,1.1859226
1988-02-18,0.19509129415457047,1463.6544861115376,0.9050188399526351,0.17081143240811045,1.1920929e-07,1.1920929e-07,0.0,10.655997,4.375,-2.35,11.1,348.22,520.0,1.7976128182029876,1.1025374
1988-02-19,0.08476071806442949,1465.9473995872636,0.8675905897938218,0.059338008127956886,1.1920929e-07,9.82,9.82,10.655997,3.72,-1.58,9.02,228.0,553.64,1.9249910882573207,1.5379933
1988-02-20,0.04230090354891995,1474.6195212255,0.943272251751061,0.025558335405106665,1.1920929e-07,11.67,11.67,10.655997,4.885,0.16,9.61,210.18,618.31,2.4939140309250627,3.4929125
1988-02-21,0.023491101347688143,1476.5591633205913,0.7186846477388831,0.013103155522421,1.1920929e-07,1.1920929e-07,0.0,10.752,0.71,-7.48,8.9,378.83,346.32,2.642610282374213,1.7418238
1988-02-22,0.038778820394277096,1473.3695677004216,0.606686160751608,1.1920928955078125e-07,1.1920929e-07,1.1920929e-07,0.0,10.752,-1.695,-10.3,6.91,387.52,279.77,2.4025538804338322,1.2785728
1988-02-23,0.023968537666167248,1470.2466051596386,1.0702541362689184,0.013413659273808129,1.1920929e-07,1.1920929e-07,0.0,10.848002,6.575,0.45,12.7,327.27,629.81,2.188654418116349,1.2693077
1988-02-24,0.01394496564726536,1467.2741447068922,0.7337876819491711,0.007457221808550958,1.1920929e-07,1.1920929e-07,0.0,10.848002,0.975,-4.16,6.11,300.57,449.2,2.002778102665206,1.1673925
1988-02-25,0.01106729451461043,1464.7087761000946,0.5708391503896392,1.1920928955078125e-07,1.1920929e-07,1.1920929e-07,0.0,10.944003,-2.725,-7.37,1.92,286.06,355.22,1.855099887702612,1.0191522
1988-02-26,0.011382223492504145,1462.3643309661984,0.5614937885379712,1.1920928955078125e-07,1.1920929e-07,1.1920929e-07,0.0,10.944003,-2.935,-8.04,2.17,309.19,330.26,1.729682984094697,0.94503206
1988-02-27,0.010249746156986064,1460.0879556347954,0.689651027041016,1.1920928955078125e-07,1.1920929e-07,1.1920929e-07,0.0,10.946783,0.015,-2.95,2.98,201.53,493.7,1.6160262042394196,0.94503206
1988-02-28,0.007360862572940706,1457.953302466346,0.7071074178438379,0.0034923334594851425,3.540516e-07,0.26999965,0.27,11.04,0.275,-3.09,3.64,230.58,487.21,1.5162402379352449,0.917237
1988-02-29,0.0038997025160730533,1455.6536576620404,0.7604122098027011,0.001987861848302625,1.1920929e-07,1.1920929e-07,0.0,11.04,1.355,-5.5,8.21,377.67,400.0,1.4156248071027218,0.8616469
1988-03-01,0.0008868773482285843,1452.9868866933243,0.779082643318281,0.00044540498670616186,1.1920929e-07,1.1920929e-07,0.0,11.136,1.61,-4.99,8.21,374.88,440.0,1.307277327011267,0.8153218
1988-03-02,-0.0009288627890466404,1450.8615395898903,0.9422183788773277,1.1920928955078125e-07,1.1920929e-07,1.1920929e-07,0.0,11.136,4.45,-4.98,13.88,421.22,440.0,1.226896764736083,0.7782617
1988-03-03,-0.0009352799914317331,1450.876633464844,1.2902816701318167,1.1920928955078125e-07,1.1920929e-07,3.67,3.67,11.232,9.13,4.54,13.72,220.96,843.56,1.2274498181325917,0.8153218
1988-03-04,-0.000552945966359546,1459.6771659168928,1.0200287959007912,1.1920928955078125e-07,1.1920929e-07,14.78,14.78,11.232,5.425,1.93,8.92,183.59,714.69,1.5963261361480974,2.0846295
1988-03-05,-0.0003305772978257202,1467.1944332162664,0.7601851478007885,1.1920928955078125e-07,1.6093254e-07,5.4,5.4,11.328,0.86,-5.3,7.02,325.64,416.06,1.9980171103472082,2.4459653
1988-03-06,-0.00019593928730596562,1466.6027428288442,0.8490039569153072,1.1920928955078125e-07,1.1920929e-07,1.1920929e-07,0.0,11.328,2.485,-5.6,10.57,416.96,402.85,1.963028755474915,1.3156328
1988-03-07,-0.00011120333346754812,1463.7941626376546,1.0720905017761526,1.1920928955078125e-07,1.1920929e-07,1.1920929e-07,0.0,11.423997,5.88,-2.4,14.16,418.16,520.0,1.8051253431760932,1.1581275
1988-03-08,-5.868887950835505e-05,1460.996724279192,1.0501269918879688,1.1920928955078125e-07,1.1920929e-07,1.1920929e-07,0.0,11.423997,5.595,-2.47,13.66,416.82,520.0,1.6604757735081073,1.0376823
1988-03-09,-2.0560484720606416e-05,1458.3386623265594,1.2037377181090343,1.1920928955078125e-07,1.1920929e-07,1.1920929e-07,0.0,11.423997,7.71,-0.06,15.48,409.0,600.38,1.533786953202584,1.0006222
1988-03-10,4.8955531792829006e-05,1455.8737966684473,1.2773184131193691,2.4483757506527637e-05,1.1920929e-07,1.1920929e-07,0.0,11.520008,8.525,2.48,14.57,362.0,724.24,1.4249602228886973,0.99135715
1988-03-11,0.00013719226584958685,1453.5810083904319,0.9600635507435801,6.864318721193543e-05,1.1920929e-07,1.1920929e-07,0.0,11.520008,4.195,-3.92,12.31,424.05,446.71,1.3306743875911826,0.8709119
1988-03-12,0.00022863617610168605,1451.4373722580503,1.2745603490280637,0.0001144487742464694,1.1920929e-07,1.1920929e-07,0.0,11.616,8.41,-1.01,17.83,440.38,560.69,1.2481734297015852,0.8338518
1988-03-13,0.0003077737212011456,1449.41996303684,1.5649363449779436,0.00015412367207229543,1.1920929e-07,1.68,1.68,11.616,11.66,5.63,17.69,353.34,920.0,1.1752083621663882,0.8431168
1988-03-14,0.00035909135979998426,1447.5058554923387,0.9552333264251006,0.00017986804606529952,1.1920929e-07,1.1920929e-07,0.0,11.711997,3.935,-2.19,10.06,369.05,523.52,1.1099268095386554,0.79679173
1988-03-15,0.000367075550550221,1445.6721243900838,0.6268792599056655,1.1920928955078125e-07,1.1920929e-07,1.1920929e-07,0.0,11.711997,-2.175,-6.1,1.75,273.98,384.68,1.0507903217839862,0.75046664
1988-03-16,0.0003162127521038747,1443.8958444956127,0.7265400051541338,1.1920928955078125e-07,1.1920929e-07,1.1920929e-07,0.0,11.808,-0.165,-5.62,5.29,354.37,404.63,0.996512533537466,0.71340656
1988-03-17,0.0001976516534358446,1442.1456618673653,0.80356018327026,9.892320910401079e-05,1.1920929e-07,1.1920929e-07,0.0,11.808,1.315,-3.43,6.06,319.4,479.67,0.9457750957886759,0.6948765
1988-03-18,5.9561922077568645e-05,1440.3654597616653,0.8113111749191239,2.9789773275334355e-05,1.1920929e-07,1.1920929e-07,0.0,11.903997,1.355,-3.29,6.0,319.49,480.0,0.8968167587678727,0.6670815
1988-03-19,-6.458698588665567e-05,1438.5988152554496,0.8885719647703268,1.1920928955078125e-07,1.1920929e-07,1.1920929e-07,0.0,11.903997,2.71,-1.74,7.16,312.37,541.32,0.8507370758682767,0.6856115
1988-03-20,-0.00014924955775053012,1436.9061664082408,0.8339295969497783,1.1920928955078125e-07,1.1920929e-07,1.1920929e-07,0.0,12.000003,1.675,-2.52,5.87,302.58,518.04,0.8088100113633558,0.6578164
1988-03-21,-0.00016888028080775655,1435.3479512795618,0.692787405956399,1.1920928955078125e-07,1.1920929e-07,1.1920929e-07,0.0,12.000003,-0.995,-5.98,3.99,350.01,390.59,0.7720419507336909,0.6207563
1988-03-22,-0.00013281116568099343,1433.9570556285819,0.6794090452826054,1.1920928955078125e-07,1.1920929e-07,1.1920929e-07,0.0,12.000003,-1.26,-8.88,6.36,451.36,320.0,0.7406362053290634,0.58369625
1988-03-23,-8.973309906501168e-05,1432.425805088011,1.0359679649541071,1.1920928955078125e-07,1.1920929e-07,1.1920929e-07,0.0,12.096,4.825,-4.56,14.21,480.19,440.0,0.7075367029356175,0.5929613
1988-03-24,-5.462662786394811e-05,1430.0460259408128,1.918524705022369,1.1920928955078125e-07,1.1920929e-07,1.1920929e-07,0.0,12.096,14.51,5.2,23.82,463.1,882.19,0.6590069666125707,0.6022263
1988-03-25,-3.215079980313056e-05,1426.9834884567717,2.222029742335642,1.1920928955078125e-07,1.1920929e-07,1.1920929e-07,0.0,12.191998,16.835,9.01,24.66,427.74,1141.44,0.6014196367263194,0.5929613
1988-03-26,-1.9370628208403228e-05,1436.193326382241,2.0343371477868435,1.1920928955078125e-07,1.1920929e-07,21.3,21.3,12.191998,15.27,8.54,22.0,299.46,1123.53,0.7917772340710333,1.2693077
1988-03-27,-1.1696806792698585e-05,1446.7256667325398,1.3569645916214306,1.1920928955078125e-07,1.1920929e-07,4.88,4.88,12.287997,8.56,4.77,12.35,219.4,861.33,1.084370045428865,1.2322477
1988-03-28,-7.024773137573595e-06,1446.526877036378,1.204130830009945,1.1920928955078125e-07,1.1920929e-07,1.1920929e-07,0.0,12.287997,6.72,-0.55,13.99,436.27,589.61,1.0779528749057707,0.8245868
1988-03-29,-4.18633049161978e-06,1444.0590859621414,1.596152129649765,1.1920928955078125e-07,1.1920929e-07,1.1920929e-07,0.0,12.383997,11.015,1.34,20.69,480.56,667.43,1.0013814519883895,0.7319366
1988-03-30,-2.246372740327257e-06,1441.1953716364208,1.8125296062114067,1.1920928955078125e-07,1.1920929e-07,1.1920929e-07,0.0,12.383997,13.08,4.0,22.16,466.74,800.0,0.919317044453669,0.6856115
1988-03-31,-9.871728130951303e-07,1438.3694809326157,1.9534465985441694,1.1920928955078125e-07,1.1920929e-07,1.1920929e-07,0.0,12.479998,14.2,6.99,21.41,417.02,999.43,0.8449315871177665,0.6670815
1988-04-01,-4.976148274164223e-07,1436.1761150358711,1.8298321974231893,1.1920928955078125e-07,1.1920929e-07,1.0,1.0,12.479998,13.165,7.75,18.58,353.32,1059.7,0.7913704474155905,0.6578164
1988-04-02,-7.839414675784282e-08,1434.5572319909334,1.8515510548534098,1.1920928955078125e-07,1.1920929e-07,1.1920929e-07,0.0,12.576006,13.25,7.75,18.75,357.57,1060.29,0.7540280793572539,0.6578164
1988-04-03,3.263035327498025e-07,1433.099166953208,1.9343176424303554,1.6315203255988998e-07,1.1920929e-07,1.1920929e-07,0.0,12.576006,13.975,8.68,19.27,345.9,1134.26,0.7219058512776505,0.6392864
1988-04-04,6.002434605959159e-07,1431.4034136452906,2.498317791795803,3.001226310284879e-07,1.1920929e-07,2.0,2.0,12.576006,18.225,12.8,23.65,343.6,1468.66,0.686264389861631,0.6578164
1988-04-05,6.271908862698987e-07,1429.0714657897781,2.2006121115759982,3.135964265559688e-07,1.1920929e-07,1.1920929e-07,0.0,12.672003,16.01,6.97,25.05,473.47,985.76,0.6401072292562354,0.6207563
1988-04-06,3.9631775691199503e-07,1428.1244612700136,2.274789591698378,1.9815927112540863e-07,1.1920929e-07,1.1920929e-07,0.0,12.672003,16.57,8.5,24.64,450.9,1108.27,0.6222612779965772,0.57443124
1988-04-07,2.264172649040434e-07,1435.0546585891207,1.511765745412441,1.1920928955078125e-07,1.1920929e-07,14.84,14.84,12.768005,9.775,4.46,15.09,273.51,837.76,0.7653105976824834,0.72267157
1988-04-08,1.3378014025104612e-07,1443.8913274153656,1.3307321351698282,1.1920928955078125e-07,1.1920929e-07,8.42,8.42,12.768005,7.695,5.02,10.37,155.92,881.27,0.9963781420645755,0.8616469
1988-04-09,7.645357490404682e-08,1446.4790694051947,1.3699302924542016,1.1920928955078125e-07,1.1920929e-07,1.72,1.72,12.864003,8.0,2.59,13.41,383.35,740.15,1.0764152602785522,0.71340656
1988-04-10,3.9677781612269434e-08,1444.7120324972898,1.4490075705839185,1.1920928955078125e-07,1.1920929e-07,1.1920929e-07,0.0,12.864003,8.89,2.0,15.78,448.89,720.0,1.0210955949251341,0.6300214
1988-04-11,2.2433317211300745e-09,1442.470837771002,1.4650574861070504,1.1920928955078125e-07,1.1920929e-07,1.1920929e-07,0.0,12.96,8.97,1.28,16.66,478.33,662.21,0.9550024388570185,0.58369625
1988-04-12,-2.7148181172401242e-08,1440.1047680304075,1.5242694481004595,1.1920928955078125e-07,1.1920929e-07,1.1920929e-07,0.0,12.96,9.615,2.8,16.43,448.87,748.88,0.8898632776197527,0.56516623
1988-04-13,-3.86953509564231e-08,1437.827411802235,1.2108013687585575,1.1920928955078125e-07,1.1920929e-07,1.1920929e-07,0.0,13.05322,5.975,-0.35,12.3,438.02,596.33,0.831366367050436,0.5559012
1988-04-14,-2.5237270799742803e-08,1435.7271012560132,1.1774429424651438,1.1920928955078125e-07,1.1920929e-07,1.1920929e-07,0.0,13.056,5.57,-1.5,12.64,465.3,560.0,0.7808316279988796,0.52810615
1988-04-15,-1.5810532763666739e-09,1433.286441073392,1.5103436986142897,1.1920928955078125e-07,1.1920929e-07,1.1920929e-07,0.0,13.056,9.43,2.84,16.02,440.98,747.32,0.7259537862609263,0.52810615
1988-04-16,2.2675305393345065e-08,1430.968360798463,1.3099334649734153,1.1920928955078125e-07,1.1920929e-07,1.1920929e-07,0.0,13.152,7.135,-0.09,14.36,467.56,599.97,0.6774076016032985,0.5095761
1988-04-17,4.07878851853072e-08,1429.4310938979397,1.4966349860985362,1.1920928955078125e-07,1.1920929e-07,1.1920929e-07,0.0,13.152,9.215,0.24,18.19,509.87,619.03,0.6470175873440557,0.5003111
1988-04-18,4.601276607543457e-08,1429.3328738385362,1.9272033534028645,1.1920928955078125e-07,1.1920929e-07,5.55,5.55,13.248009,13.115,7.2,19.03,298.26,1015.88,0.6451228891314048,0.52810615
1988-04-19,3.266646091796234e-08,1431.0750950123204,1.225917874407287,1.1920928955078125e-07,1.1920929e-07,3.7,3.7,13.248009,6.01,-0.5,12.52,356.88,600.0,0.6795698538336317,0.6856115
1988-04-20,1.4658345710995865e-08,1431.1926645300045,1.2984080268345681,1.1920928955078125e-07,1.1920929e-07,1.1920929e-07,0.0,13.343997,6.775,-0.95,14.5,479.08,563.79,0.6819595999505358,0.53737116
1988-04-21,1.0605004315836533e-09,1429.4154463251384,1.587848756365881,1.1920928955078125e-07,1.1920929e-07,1.1920929e-07,0.0,13.343997,9.915,4.87,14.96,359.4,869.88,0.6467153681470906,0.5003111
1988-04-22,-4.534491176353928e-09,1427.0665417098398,1.3718870142141188,1.1920928955078125e-07,1.1920929e-07,1.1920929e-07,0.0,13.343997,7.665,-0.31,15.64,492.24,588.12,0.602912889307566,0.47251603
1988-04-23,-2.842671019770181e-09,1426.6844001049294,1.5585146965879093,1.1920928955078125e-07,1.1920929e-07,1.1920929e-07,0.0,13.439995,9.54,2.86,16.22,447.46,745.96,0.5960727644156163,0.46325102
1988-04-24,-1.5463229408245514e-09,1429.5371752668934,1.7376780690129179,1.1920928955078125e-07,1.1920929e-07,8.12,8.12,13.439995,11.225,6.83,15.62,247.53,986.6,0.6490701839134005,0.57443124
1988-04-25,-8.983228554737194e-10,1431.2372313635015,1.5496981378678298,1.1920928955078125e-07,1.1920929e-07,1.1920929e-07,0.0,13.535997,9.29,2.13,16.45,472.72,701.06,0.6828676710189282,0.5003111
1988-04-26,-4.930970920843299e-10,1428.901302435865,1.6742164906955885,1.1920928955078125e-07,1.1920929e-07,1.1920929e-07,0.0,13.535997,10.53,1.6,19.46,520.21,624.42,0.6368632624805576,0.46325102
1988-04-27,-2.838185053773383e-10,1428.9553445619692,1.9355577476906334,1.1920928955078125e-07,1.1920929e-07,5.23,5.23,13.580106,12.79,3.81,21.77,480.7,746.3,0.637891727408253,0.5003111
1988-04-28,-1.697903656620373e-10,1439.8009023369825,1.6039903090532897,1.1920928955078125e-07,1.1920929e-07,20.32,20.32,13.632,9.625,2.71,16.54,345.29,736.91,0.8818262263791788,1.834474
1988-04-29,-1.0170280335308431e-10,1446.8624922926658,1.3265649952563987,1.1920928955078125e-07,1.1920929e-07,1.69,1.69,13.632,6.61,1.95,11.27,343.02,715.72,1.0888091215967768,0.8245868
1988-04-30,-6.104041660735961e-11,1446.181699128374,1.6121225267100814,1.1920928955078125e-07,1.1920929e-07,2.0,2.0,13.727997,9.525,4.22,14.83,381.49,821.61,1.0669002067625546,0.72267157
1988-05-01,-3.639961619570869e-11,1444.333969814856,1.6973767114059097,1.1920928955078125e-07,1.1920929e-07,1.1920929e-07,0.0,13.727997,10.355,2.26,18.45,507.03,701.08,1.0096340872439928,0.6485514
1988-05-02,-1.8091205661546015e-11,1440.704104454944,1.7225210990866073,1.1920928955078125e-07,1.1920929e-07,1.1920929e-07,0.0,13.72965,10.625,3.53,17.72,472.13,788.28,0.9059306931596981,0.5929613
1988-05-03,-4.694288679394552e-12,1437.4819002107006,1.7403570334385738,1.1920928955078125e-07,1.1920929e-07,0.15,0.15,13.824,10.715,4.73,16.7,419.28,858.74,0.8228338478051581,0.56516623
1988-05-04,6.850133924361668e-13,1437.1780873009393,1.7833507066630456,1.1920928955078125e-07,1.1920929e-07,4.56,4.56,13.824,11.105,7.31,14.9,221.42,1025.07,0.8154034768562913,0.6022263
1988-05-05,4.2115708240226166e-13,1442.505377415419,1.9023943673433739,1.1920928955078125e-07,1.1920929e-07,13.54,13.54,13.920003,11.965,9.14,14.79,173.24,1170.84,0.9559878256370938,0.8153218
1988-05-06,2.5182682841207745e-13,1461.0360207829951,2.0323297551028268,1.1920928955078125e-07,1.1920929e-07,31.66,31.66,13.920003,12.82,10.83,14.81,128.14,1306.63,1.662425176787725,3.7430682
1988-05-07,1.493443195255792e-13,1475.389744655527,2.6827359682269174,1.1920928955078125e-07,1.1920929e-07,7.06,7.06,13.920003,17.21,10.76,23.66,335.68,1300.41,2.5519319311902686,2.4367003
1988-05-08,8.920515343432277e-14,1473.403562409229,2.5133153947693914,1.1920928955078125e-07,1.1920929e-07,1.1920929e-07,0.0,14.015994,16.035,6.82,25.25,530.66,976.15,2.404993742733178,1.399018
1988-05-09,5.330972074549354e-14,1468.5212389237004,2.2501984129150987,1.1920928955078125e-07,1.1920929e-07,1.1920929e-07,0.0,14.015994,14.275,6.46,22.09,497.63,956.45,2.078758795692994,1.1210674
1988-05-10,3.157856963042341e-14,1463.877609746854,2.7871757137497295,1.1920928955078125e-07,1.1920929e-07,1.1920929e-07,0.0,14.015994,17.865,11.07,24.66,451.22,1325.95,1.8096285328202721,1.0284172
1988-05-11,1.902617576316993e-14,1470.4406152781996,2.845000171345366,1.1920928955078125e-07,1.1920929e-07,19.76,19.76,14.111998,18.02,11.0,25.04,345.45,1320.0,2.201369538903349,1.6028485
1988-05-12,1.148268272454161e-14,1475.1129623171098,2.3229994787779473,1.1920928955078125e-07,1.1920929e-07,1.1920929e-07,0.0,14.111998,14.61,6.04,23.18,519.25,923.08,2.5309292574945674,1.0747423
1988-05-13,6.921128462002313e-15,1470.0168767640475,2.9256107584832742,1.1920928955078125e-07,1.1920929e-07,1.1920929e-07,0.0,14.111998,18.495,9.98,27.01,504.95,1210.66,2.173693312425477,0.898707
1988-05-14,3.988227117902825e-15,1465.2735522684154,3.1201826146342757,1.1920928955078125e-07,1.1920929e-07,1.1920929e-07,0.0,14.208003,19.525,11.86,27.19,474.46,1387.38,1.8866478277427488,0.80605674
1988-05-15,5.856121293776614e-16,1464.4211241060782,2.7235904334755863,1.1920928955078125e-07,1.1920929e-07,1.1920929e-07,0.0,14.208003,17.245,11.04,23.45,426.09,1323.22,1.8392352032806618,0.75973165
1988-05-16,-2.927285496495604e-15,1468.5037694620125,2.8605820567997107,1.1920928955078125e-07,1.1920929e-07,1.02,1.02,14.208003,18.02,12.81,23.23,364.15,1472.91,2.0776747919254364,0.74120164
1988-05-17,-5.574017206779812e-15,1477.6976204758364,3.0325674863800316,1.1920928955078125e-07,1.1920929e-07,7.27,7.27,14.304006,18.785,13.63,23.94,281.21,1569.35,2.7339821337587336,4.8178105
1988-05-18,-6.378134448537803e-15,1492.1788092871675,2.6975062343827254,1.1920928955078125e-07,1.1920929e-07,47.42,47.42,14.304006,16.66,12.81,20.51,226.6,1472.64,4.2128452694559035,9.820921
1988-05-19,-4.569867100384257e-15,1510.373753261757,2.5890198206277844,1.1920928955078125e-07,1.1920929e-07,22.49,22.49,14.304006,15.78,12.96,18.6,174.35,1477.14,7.252908321967998,5.503422
1988-05-20,-2.6956313495527483e-15,1511.0484462909285,2.679845875538649,1.1920928955078125e-07,1.1920929e-07,2.64,2.64,14.397217,16.235,12.96,19.51,231.08,1476.67,7.400499571094142,3.2890823
1988-05-21,-1.6131609232341997e-15,1506.6702215012147,2.9062034081874537,1.1920928955078125e-07,1.1920929e-07,9.9,9.9,14.399997,17.63,12.39,22.87,299.03,1431.27,6.493635591774231,3.8079233
1988-05-22,-9.63661550824803e-16,1502.2886974886173,3.2298552756634655,1.1920928955078125e-07,1.1920929e-07,1.1920929e-07,0.0,14.399997,19.46,12.92,26.0,458.09,1473.35,5.697338291289064,2.1865447
1988-05-23,-5.727438948536143e-16,1492.9772430640226,3.716404624941224,1.1920928955078125e-07,1.1920929e-07,1.1920929e-07,0.0,14.399997,21.975,14.54,29.41,479.55,1647.06,4.314484608061884,1.7325587
1988-05-24,-3.4050791968034524e-16,1490.299283986779,3.546945114746365,1.1920928955078125e-07,1.1920929e-07,10.33,10.33,14.495997,21.085,14.23,27.94,345.44,1618.4,3.982936756765556,2.8999512
1988-05-25,-1.9632370834037108e-16,1493.4353853824325,2.6259724713505292,1.1920928955078125e-07,1.1920929e-07,9.14,9.14,14.495997,15.98,9.12,22.84,358.65,1169.24,4.3739088362321334,2.2421348
1988-05-26,-1.1623932593134098e-16,1491.5360088553905,2.125289574540818,1.1920928955078125e-07,1.1920929e-07,1.1920929e-07,0.0,14.495997,12.555,4.62,20.49,526.71,849.85,4.132760281220017,1.6213785
1988-05-27,-6.774979686145156e-17,1485.3034384180773,2.6386714755953675,1.1920928955078125e-07,1.1920929e-07,1.1920929e-07,0.0,14.495997,16.15,7.55,24.75,534.5,1043.71,3.431006185229398,1.334163
1988-05-28,-3.9066138232073586e-17,1479.29054339756,3.088722944317374,1.1920928955078125e-07,1.1920929e-07,1.1920929e-07,0.0,14.592003,18.74,9.88,27.6,530.2,1230.02,2.8671561925276796,1.1859226
1988-05-29,-2.148295131719024e-17,1473.3618552775697,3.507363843908904,1.1920928955078125e-07,1.1920929e-07,1.1920929e-07,0.0,14.592003,20.975,12.25,29.7,515.11,1420.07,2.4020006903398254,1.0654774
1988-05-30,-7.3380340832429e-18,1467.651281926501,3.7894341665946083,1.1920928955078125e-07,1.1920929e-07,1.1920929e-07,0.0,14.592003,22.38,13.58,31.18,508.78,1566.4,2.0254579512800195,0.97282714
1988-05-31,1.4937608989717315e-17,1462.4327841654938,4.213145904095795,1.1920928955078125e-07,1.1920929e-07,1.1920929e-07,0.0,14.592003,24.3,16.51,32.09,472.13,1880.86,1.7332218539360789,0.88944197
1988-06-01,3.9925916976864035e-17,1457.6570049515346,4.262813227052031,1.1920928955078125e-07,1.1920929e-07,1.1920929e-07,0.0,14.592003,24.565,17.1,32.03,459.94,1936.26,1.5028854559172178,0.8245868
1988-06-02,6.188157792835462e-17,1453.267958596528,3.3537874377947072,1.1920928955078125e-07,1.1920929e-07,0.11,0.11,14.688,20.33,11.16,29.5,523.21,1333.12,1.3182944758921353,0.80605674
1988-06-03,7.505927989434639e-17,1449.2096594123775,2.3163832239383626,1.1920928955078125e-07,1.1920929e-07,1.1920929e-07,0.0,14.688,14.2,8.68,19.72,407.36,1134.33,1.1678520651998952,0.76899666
1988-06-04,7.371371092499662e-17,1445.426121710988,2.1869880810687516,1.1920928955078125e-07,1.1920929e-07,1.1920929e-07,0.0,14.688,13.31,7.03,19.59,443.63,1002.67,1.0431003928114633,0.74120164
1988-06-05,5.188372298634235e-17,1441.8705239848853,2.687834073339485,1.1920928955078125e-07,1.1920929e-07,1.1920929e-07,0.0,14.688,16.73,8.02,25.44,514.72,1081.9,0.9380373218658444,0.71340656
1988-06-06,9.139929976685634e-19,1438.7989033665647,3.9733476892338904,1.1920928955078125e-07,1.1920929e-07,1.1920929e-07,0.0,14.688,23.44,17.32,29.56,394.51,1974.99,0.8558347844666004,0.6670815
1988-06-07,-6.903474524951793e-17,1436.1959253627488,4.5762987655214715,1.1920928955078125e-07,1.1920929e-07,1.1920929e-07,0.0,14.688,25.975,19.8,32.15,388.74,2304.4,0.7918386786131697,0.6207563
1988-06-08,-1.411204965897635e-16,1433.8516756820002,3.469189562023009,1.1920928955078125e-07,1.1920929e-07,0.08,0.08,14.732102,21.09,13.18,29.0,476.64,1507.93,0.7383095059104844,0.5929613
1988-06-09,-1.9850126585761459e-16,1431.5562400328813,2.5224504676269857,1.1920928955078125e-07,1.1920929e-07,9.39,9.39,14.783998,15.69,8.57,22.81,351.79,1125.36,0.6894030296729003,0.6856115
1988-06-10,-2.2433505788761737e-16,1429.0997041239546,2.0249820047061613,1.1920928955078125e-07,1.1920929e-07,1.1920929e-07,0.0,14.783998,12.15,5.4,18.9,464.03,911.73,0.6406471566130326,0.71340656
1988-06-11,-2.017798775143187e-16,1426.2721536637828,2.4076000684271763,1.1920928955078125e-07,1.1920929e-07,1.1920929e-07,0.0,14.783998,14.985,6.07,23.9,529.13,925.25,0.5887807665599666,0.6022263
1988-06-12,-1.0774197823974146e-16,1422.9944625507057,3.3140894627139392,1.1920928955078125e-07,1.1920929e-07,1.1920929e-07,0.0,14.783998,20.375,12.04,28.71,495.33,1403.24,0.5338893802029986,0.56516623
1988-06-13,8.071389102359021e-17,1419.8016003369237,3.9173521767850863,1.1920928955078125e-07,1.1920929e-07,1.1920929e-07,0.0,14.783998,23.31,14.53,32.09,494.46,1645.39,0.4853431889904958,0.52810615
1988-06-14,3.1821154451848425e-16,1416.7055735396762,4.216578044310074,1.1920928955078125e-07,1.1920929e-07,1.1920929e-07,0.0,14.783998,24.645,15.65,33.64,491.77,1772.39,0.442488793801086,0.5003111
1988-06-15,5.519130770664393e-16,1413.620420955191,4.475848477854857,1.1920928955078125e-07,1.1920929e-07,1.1920929e-07,0.0,14.783998,25.745,17.35,34.14,466.49,1975.86,0.40354932129447685,0.47251603
1988-06-16,7.289805834889544e-16,1410.4601813796965,4.47084510798483,1.1920928955078125e-07,1.1920929e-07,1.1920929e-07,0.0,14.783998,25.765,17.65,33.88,455.01,2024.18,0.3672123689090117,0.453986
1988-06-17,7.965761586075279e-16,1407.13889360942,4.059746714386475,1.1920928955078125e-07,1.1920929e-07,3.01,3.01,14.783998,24.095,17.4,30.79,305.49,1984.59,0.33254440410703695,0.48178104
1988-06-18,7.018618972436593e-16,1403.5705964405895,3.579782763894751,1.1920928955078125e-07,1.1920929e-07,1.1920929e-07,0.0,14.783998,21.94,15.05,28.83,419.71,1724.19,0.29893652215752753,0.47251603
1988-06-19,3.2696346422727525e-16,1399.6795554103994,3.8114270536421726,1.1920928955078125e-07,1.1920929e-07,1.1920929e-07,0.0,14.783998,23.08,15.93,30.23,421.63,1799.45,0.26614802088226674,0.44472098
1988-06-20,-5.879050450808239e-16,1395.5037729044811,4.305946925408455,1.1920928955078125e-07,1.1920929e-07,1.1920929e-07,0.0,14.783998,25.285,17.97,32.6,416.48,2070.18,0.23494987445542556,0.42619094
1988-06-21,-1.8594683083799966e-15,1391.1410663371983,4.926319620314932,1.1920928955078125e-07,1.1920929e-07,1.1920929e-07,0.0,14.783998,27.76,20.55,34.97,398.66,2407.89,0.20625444653697692,0.38913086
1988-06-22,-3.2506617840416708e-15,1386.6885529029596,5.117153129544858,1.1920928955078125e-07,1.1920929e-07,1.1920929e-07,0.0,14.783998,28.51,20.71,36.31,416.15,2433.79,0.1805788500958827,0.37060082
1988-06-23,-4.524420930437275e-15,1382.2433497961747,5.116140142634685,1.1920928955078125e-07,1.1920929e-07,1.1920929e-07,0.0,14.783998,28.565,22.62,34.51,339.3,2738.59,0.1581339941251885,0.34280574
1988-06-24,-5.4436812059382395e-15,1377.9025742112533,3.345564840363678,1.1920928955078125e-07,1.1920929e-07,1.1920929e-07,0.0,14.783998,21.09,12.29,29.89,483.51,1422.87,0.13891134797343702,0.3242757
1988-06-25,-5.771378068915988e-15,1373.7633433426045,3.3881854871047046,1.1920928955078125e-07,1.1920929e-07,1.1920929e-07,0.0,14.783998,21.36,14.17,28.55,426.46,1613.78,0.12276192014405277,0.30574566
1988-06-26,-5.270446977741951e-15,1369.9227743846375,4.144584387767761,1.1920928955078125e-07,1.1920929e-07,1.1920929e-07,0.0,14.783998,24.935,19.0,30.87,358.58,2200.51,0.10946175713406185,0.30574566
1988-06-27,-3.669128929418432e-15,1366.4766239423532,3.092473582291291,1.1920928955078125e-07,1.1920929e-07,1.1920929e-07,0.0,14.783998,19.885,11.49,28.28,479.01,1358.97,0.09875876367464609,0.28721562
1988-06-28,1.063370372096725e-15,1363.3917899325886,2.948827417252893,1.1920928955078125e-07,1.1920929e-07,1.1920929e-07,0.0,14.783998,19.115,10.7,27.53,482.47,1295.94,0.0900687468346776,0.28721562
1988-06-29,8.858579131237374e-15,1360.5350655807629,3.5325676950581637,1.1920928955078125e-07,1.1920929e-07,1.1920929e-07,0.0,14.783998,22.25,16.52,27.98,363.26,1881.49,0.08270476454018923,0.2779506
1988-06-30,1.81157475367603e-14,1357.799280784644,2.7505222431769814,1.1920928955078125e-07,1.1920929e-07,1.1920929e-07,0.0,14.783998,18.01,8.91,27.11,507.62,1153.17,0.07621758450387102,0.26868558
1988-07-01,2.7234125777422293e-14,1355.0772654419998,2.3978524902813105,1.1920928955078125e-07,1.1920929e-07,1.1920929e-07,0.0,14.783998,15.76,8.0,23.52,471.77,1080.0,0.07026812788009268,0.25942057
1988-07-02,3.4612964041980117e-14,1352.261849450599,2.640064622431803,1.1920928955078125e-07,1.1920929e-07,1.1920929e-07,0.0,14.781217,17.395,8.58,26.21,501.44,1126.79,0.06460266653072232,0.25942057
1988-07-03,3.8651512519190575e-14,1349.245862708209,3.2921331407728913,1.1920928955078125e-07,1.1920929e-07,1.1920929e-07,0.0,14.689652,21.285,11.95,30.62,498.58,1396.23,0.059039364385636506,0.25942057
1988-07-04,3.7749021397810434e-14,1345.9221351125984,3.658977118497593,1.1920928955078125e-07,1.1920929e-07,1.1920929e-07,0.0,14.688,23.165,14.24,32.09,477.23,1621.36,0.053461652486688035,0.24089052
1988-07-05,3.0304740866596495e-14,1342.1834965615353,3.971078606539414,1.1920928955078125e-07,1.1920929e-07,1.1920929e-07,0.0,14.688,24.655,16.08,33.23,460.27,1812.78,0.04781485782222632,0.22236049
1988-07-06,1.6293892670627098e-14,1338.6387139063715,4.4044146547786545,1.1920928955078125e-07,1.1920929e-07,1.1920929e-07,0.0,14.688,26.55,17.65,35.45,457.86,2023.75,0.04301274095988426,0.22236049
1988-07-07,1.0258381630835228e-15,1336.7413200332298,4.8380554893792835,1.1920928955078125e-07,1.1920929e-07,1.1920929e-07,0.0,14.688,28.275,19.6,36.95,439.83,2274.9,0.04064370738317151,0.20383045
1988-07-08,-1.1336102431492022e-14,1335.8816907229673,4.765054631850463,1.1920928955078125e-07,1.1920929e-07,1.1920929e-07,0.0,14.688,28.01,19.05,36.97,449.82,2175.51,0.03961378758403855,0.21309547
1988-07-09,-1.677343719452246e-14,1335.3464500729958,4.817253554431153,1.1920928955078125e-07,1.1920929e-07,12.53,12.53,14.636108,28.28,20.46,36.1,306.68,2394.14,0.03898574334850301,0.20383045
1988-07-10,-1.2195959747573803e-14,1334.5890536245179,4.965761054659434,1.1920928955078125e-07,1.1920929e-07,1.1920929e-07,0.0,14.592003,28.9,20.92,36.88,409.97,2466.82,0.038114001032826965,0.25942057
1988-07-11,-6.139792642281677e-15,1334.7719243297674,4.741697374239185,1.1920928955078125e-07,1.1920929e-07,0.38,0.38,14.592003,28.055,19.75,36.36,421.16,2300.66,0.038322678379492714,0.25015554
1988-07-12,-2.305677349314613e-15,1335.4028622688018,4.2999052541115566,1.1920928955078125e-07,1.1920929e-07,9.05,9.05,14.592003,26.28,20.16,32.4,262.53,2347.32,0.03905146448381975,0.25942057
1988-07-13,-1.124078367555463e-15,1335.1291457919767,4.000360240620058,1.1920928955078125e-07,1.1920929e-07,1.1920929e-07,0.0,14.592003,24.995,18.29,31.7,384.06,2103.39,0.03873361226912492,0.2779506
1988-07-14,-5.481412646111332e-16,1332.0784165165317,4.345946518395671,1.1920928955078125e-07,1.1920929e-07,1.1920929e-07,0.0,14.540109,26.58,19.5,33.66,393.89,2280.0,0.035361340326026273,0.24089052
1988-07-15,-2.0099440706023779e-16,1327.3623569951756,4.829184257705049,1.1920928955078125e-07,1.1920929e-07,1.1920929e-07,0.0,14.495997,28.61,22.68,34.54,335.24,2748.24,0.030716719926794513,0.20383045
1988-07-16,-1.0416429613328871e-16,1322.336032601311,4.930676387734976,1.1920928955078125e-07,1.1920929e-07,1.1920929e-07,0.0,14.495997,29.06,20.22,37.9,442.34,2354.45,0.02643611939662105,0.18530041
1988-07-17,-5.3785370679788944e-17,1317.1924025107996,5.343619781792154,1.1920928955078125e-07,1.1920929e-07,0.24,0.24,14.495997,30.615,23.57,37.66,369.31,2902.89,0.022672502067315074,0.17603539
1988-07-18,-2.7566095016391372e-17,1312.3198383519875,4.6045451058352,1.1920928955078125e-07,1.1920929e-07,0.02,0.02,14.4441,28.015,20.87,35.16,388.52,2459.41,0.01960271157408936,0.25942057
1988-07-19,-1.540901072043898e-17,1309.7535847572833,4.332993068762417,1.1920928955078125e-07,1.1920929e-07,8.55,8.55,14.399997,27.005,20.7,33.31,269.15,2433.07,0.018156792855574113,0.28721562
1988-07-20,-7.563740608834451e-18,1312.4614308005905,4.1937351336111135,1.1920928955078125e-07,1.1920929e-07,6.38,6.38,14.399997,26.38,21.0,31.76,239.09,2479.96,0.019685760691253894,0.26868558
1988-07-21,-4.1897574495380414e-18,1320.7641817805766,3.97617490626521,1.1920928955078125e-07,1.1920929e-07,22.26,22.26,14.399997,25.315,20.27,30.36,230.76,2365.13,0.025224076196043773,1.0376823
1988-07-22,-1.895995191189305e-18,1326.736989895166,3.68297270097403,1.1920928955078125e-07,1.1920929e-07,7.82,7.82,14.305658,23.995,19.1,28.89,230.51,2216.71,0.03014849276571378,0.8523819
1988-07-23,-4.809627512386088e-19,1331.1088536572597,3.565588801583992,1.1920928955078125e-07,1.1920929e-07,8.45,8.45,14.304006,23.37,18.7,28.04,224.52,2151.92,0.03435233363500353,1.0376823
1988-07-24,-1.6948798080238155e-19,1335.0538141909424,3.5416198827550884,1.1920928955078125e-07,1.1920929e-07,8.44,8.44,14.304006,23.2,17.22,29.18,277.49,1955.67,0.03864658861795462,1.352693
1988-07-25,-9.306666329950628e-20,1333.9275819468226,3.6787339461603086,1.1920928955078125e-07,1.1920929e-07,1.1920929e-07,0.0,14.301225,23.885,16.7,31.07,419.91,1896.22,0.03736862645007781,0.44472098
1988-07-26,-5.208132331507942e-20,1330.303056508333,3.9018198883868958,1.1920928955078125e-07,1.1920929e-07,0.68,0.68,14.208003,25.09,19.41,30.77,331.24,2265.27,0.033535697813210426,0.36133578
1988-07-27,-2.932158790436226e-20,1330.5606729856713,3.543229328807498,1.1920928955078125e-07,1.1920929e-07,5.93,5.93,14.208003,23.385,17.51,29.26,301.78,2002.04,0.03379464593242857,0.5559012
1988-07-28,-1.590402411145602e-20,1334.4848828588015,3.6448716405517327,1.1920928955078125e-07,1.1920929e-07,8.64,8.64,14.208003,23.83,18.0,29.66,278.67,2080.0,0.037995638131382264,0.42619094
1988-07-29,-9.223199888683332e-21,1334.9848548324633,4.176898212265753,1.1920928955078125e-07,1.1920929e-07,1.1920929e-07,0.0,14.111998,26.365,18.93,33.8,418.97,2189.44,0.03856709765115356,0.44472098
1988-07-30,-5.020379632482894e-21,1330.2881606822227,4.494221010758038,1.1920928955078125e-07,1.1920929e-07,1.1920929e-07,0.0,14.111998,27.75,20.18,35.32,417.21,2348.88,0.03352078581662276,0.34280574
1988-07-31,-2.942569168438145e-21,1326.8625044929136,4.159586700899412,1.1920928955078125e-07,1.1920929e-07,2.88,2.88,14.111998,26.4,19.0,33.8,327.08,2199.96,0.030261689607554258,0.3242757
1988-08-01,-1.6555287077432158e-21,1323.961766193501,3.9942714947432623,1.1920928955078125e-07,1.1920929e-07,1.1920929e-07,0.0,14.015994,25.835,19.06,32.61,398.7,2209.52,0.027751013326560135,0.30574566
1988-08-02,-9.41723658829974e-22,1319.9635190876677,4.2409059811656675,1.1920928955078125e-07,1.1920929e-07,1.1920929e-07,0.0,14.015994,26.965,20.15,33.78,396.56,2343.33,0.024628215864354902,0.29648066
1988-08-03,-3.9643921812231773e-22,1315.7746923446496,4.206727919702573,1.1920928955078125e-07,1.1920929e-07,1.1920929e-07,0.0,14.013214,26.88,20.52,33.24,379.87,2403.35,0.021732804891108744,0.25942057
1988-08-04,-8.232082951512643e-23,1311.5948134309388,4.085242923582556,1.1920928955078125e-07,1.1920929e-07,1.1920929e-07,0.0,13.920003,26.53,21.0,32.06,345.79,2480.0,0.019182916597011726,0.25015554
1988-08-05,-2.086867948147683e-23,1307.5177164488528,4.060097406974149,1.1920928955078125e-07,1.1920929e-07,1.1920929e-07,0.0,13.920003,26.475,20.46,32.49,371.87,2393.0,0.016984246543864264,0.22236049
1988-08-06,5.1975458569020885e-23,1303.573643979439,3.881061325284615,1.1920928955078125e-07,1.1920929e-07,1.67,1.67,13.824,25.845,19.5,32.19,373.71,2280.03,0.015097425037797494,0.25015554
1988-08-07,1.543736077525653e-22,1299.7229044530452,3.8190119625738475,1.1920928955078125e-07,1.1920929e-07,6.77,6.77,13.824,25.61,19.25,31.97,296.66,2239.52,0.01345766586681384,0.2779506
1988-08-08,2.682247253289226e-22,1295.9226678673385,3.6005234174048795,1.1920928955078125e-07,1.1920929e-07,1.1920929e-07,0.0,13.824,24.615,16.96,32.27,447.83,1918.79,0.012014106572143324,0.25015554
1988-08-09,3.7542776855785877e-22,1292.1301042199862,3.6065442210145524,1.1920928955078125e-07,1.1920929e-07,1.1920929e-07,0.0,13.727997,24.82,16.09,33.55,475.59,1813.61,0.010727850559543228,0.21309547
1988-08-10,4.578816946991403e-22,1288.302383508656,3.997150300270746,1.1920928955078125e-07,1.1920929e-07,1.1920929e-07,0.0,13.727997,26.71,19.69,33.73,414.16,2294.17,0.009569253573219558,0.18530041
1988-08-11,4.974854610125329e-22,1284.396675731015,4.099693423114246,1.1920928955078125e-07,1.1920929e-07,1.1920929e-07,0.0,13.6761,27.29,20.4,34.18,404.35,2383.56,0.00851593112731334,0.18530041
1988-08-12,4.761380247578029e-22,1280.3701508847307,4.272616931025657,1.1920928955078125e-07,1.1920929e-07,1.1920929e-07,0.0,13.632,28.155,21.48,34.83,390.46,2556.73,0.007551262437456795,0.18530041
1988-08-13,3.757383431947167e-22,1276.1799789674703,4.3305112915908115,1.1920928955078125e-07,1.1920929e-07,1.1920929e-07,0.0,13.632,28.46,21.98,34.94,380.71,2637.46,0.006663232242313663,0.17603539
1988-08-14,1.920976748975341e-22,1271.9259599762488,4.298615930473367,1.1920928955078125e-07,1.1920929e-07,1.1920929e-07,0.0,13.535997,28.515,21.67,35.36,392.6,2587.23,0.0058684366686456435,0.17603539
1988-08-15,-2.1145555174892057e-23,1267.8701463337645,4.509288683985152,1.1920928955078125e-07,1.1920929e-07,1.1920929e-07,0.0,13.535997,29.45,21.69,37.21,417.75,2588.93,0.005199122536878501,0.16677037
1988-08-16,-2.0559755100309383e-22,1263.9319183212272,3.865415839212864,1.1920928955078125e-07,1.1920929e-07,1.1920929e-07,0.0,13.44165,26.83,17.54,36.12,471.5,1952.39,0.0046223458388841895,0.1389753
1988-08-17,-3.034821283008046e-22,1260.016664224886,3.7724238966622634,1.1920928955078125e-07,1.1920929e-07,1.1920929e-07,0.0,13.439995,26.45,17.05,35.85,479.6,1719.48,0.004112375135428403,0.12971029
1988-08-18,-2.5717275109493295e-22,1256.0337909074624,4.246072890269018,1.1920928955078125e-07,1.1920929e-07,0.28,0.28,13.439995,28.65,21.13,36.17,409.38,2233.47,0.0036512887954233807,0.1389753
1988-08-19,-1.4987564410999767e-22,1255.415978868715,2.9286139950490853,1.1920928955078125e-07,1.1920929e-07,5.46,5.46,13.343997,22.17,14.67,29.67,326.35,1645.56,0.003584552283333024,0.12971029
1988-08-20,-8.627093769529992e-23,1261.1683033856127,2.2936033399071403,1.1920928955078125e-07,1.1920929e-07,11.23,11.23,13.343997,17.92,15.51,20.33,132.3,1760.4,0.004256240985348657,0.22236049
1988-08-21,-5.018888687486556e-23,1263.1620824454783,2.730022292801604,1.1920928955078125e-07,1.1920929e-07,1.1920929e-07,0.0,13.248009,20.975,15.78,26.17,341.41,1762.78,0.0045173095714020174,0.29648066
1988-08-22,-2.8944612324519494e-23,1260.2796874552891,2.4053769428306664,1.1920928955078125e-07,1.1920929e-07,1.1920929e-07,0.0,13.248009,18.855,11.0,26.71,458.07,1190.64,0.00414479817367291,0.21309547
1988-08-23,-1.7412709770057767e-23,1257.801049454981,2.429690485896919,1.1920928955078125e-07,1.1920929e-07,1.1920929e-07,0.0,13.196108,19.125,13.06,25.19,386.43,1424.47,0.0038491293159111876,0.18530041
1988-08-24,-1.0526873221100995e-23,1272.8020831392664,2.882912359182538,1.1920928955078125e-07,1.1920929e-07,30.93,30.93,13.152,21.91,16.0,27.82,275.22,1806.34,0.006023976208271694,0.6392864
1988-08-25,-6.365018417573079e-24,1291.8342717803241,2.8624547276841286,1.1920928955078125e-07,1.1920929e-07,12.82,12.82,13.152,21.53,14.38,28.68,311.63,1630.16,0.010633509163586189,0.6948765
1988-08-26,-3.7115188466943525e-24,1294.966526805457,2.9787353963541827,1.1920928955078125e-07,1.1920929e-07,1.1920929e-07,0.0,13.056,22.305,15.0,29.61,416.61,1668.01,0.01167597212892593,0.3150107
1988-08-27,-2.1189494115153847e-24,1291.5181384864732,3.192993637732851,1.1920928955078125e-07,1.1920929e-07,1.1920929e-07,0.0,13.056,23.565,16.51,30.62,399.44,1853.85,0.010533610607227992,0.25015554
1988-08-28,-1.2611785214719698e-24,1286.830870060237,3.313188933727727,1.1920928955078125e-07,1.1920929e-07,1.1920929e-07,0.0,12.96,24.41,18.6,30.22,344.83,2136.19,0.009157917321329367,0.21309547
1988-08-29,-7.53972553910969e-25,1289.7898551642727,3.0151879045312002,1.1920928955078125e-07,1.1920929e-07,14.2,14.2,12.96,22.715,18.66,26.77,196.51,2146.37,0.010003830858237653,0.24089052
1988-08-30,-4.480268717686258e-25,1293.357442963335,2.6633834418223925,1.1920928955078125e-07,1.1920929e-07,1.1920929e-07,0.0,12.864003,20.65,16.18,25.12,294.35,1829.45,0.01112827394669067,0.33354074
1988-08-31,-2.6637033694122896e-25,1290.9065496379496,2.334315265909297,1.1920928955078125e-07,1.1920929e-07,1.1920929e-07,0.0,12.864003,18.44,11.01,25.87,431.28,1318.04,0.010343003979892773,0.26868558
1988-09-01,-1.5839760901790792e-25,1288.5718890449882,2.346925123293913,1.1920928955078125e-07,1.1920929e-07,1.1920929e-07,0.0,12.861222,18.565,10.49,26.64,447.39,1269.16,0.009646566962950931,0.21309547
1988-09-02,-9.284266732658557e-26,1286.210593650553,2.35963436828618,1.1920928955078125e-07,1.1920929e-07,1.1920929e-07,0.0,12.768005,18.81,10.94,26.68,437.26,1306.94,0.00898987177465577,0.21309547
1988-09-03,-5.528262510541758e-26,1285.4921856915068,2.367401182572954,1.1920928955078125e-07,1.1920929e-07,1.1920929e-07,0.0,12.768005,18.875,11.06,26.69,431.38,1320.51,0.008799090593536556,0.19456543
1988-09-04,-3.2381143043233835e-26,1296.963338646347,2.704673944416216,1.1920928955078125e-07,1.1920929e-07,27.03,27.03,12.672003,21.125,16.47,25.78,219.14,1865.74,0.012393273116342212,0.38913086
1988-09-05,-1.9490627945907879e-26,1306.2532167687136,2.506504451998552,1.1920928955078125e-07,1.1920929e-07,1.1920929e-07,0.0,12.672003,19.7,15.39,24.01,278.57,1751.37,0.016354953762195975,0.93576705
1988-09-06,-1.1755212842829005e-26,1304.0582663158702,1.840771226235392,1.1920928955078125e-07,1.1920929e-07,1.1920929e-07,0.0,12.576006,14.705,7.0,22.41,435.89,1000.0,0.015317470599536533,0.34280574
1988-09-07,-6.622210510732522e-27,1302.2310961483736,1.7734237347364088,1.1920928955078125e-07,1.1920929e-07,1.1920929e-07,0.0,12.576006,14.12,6.56,21.68,431.03,965.11,0.014504202501608962,0.2779506
1988-09-08,-1.6120471026399272e-27,1300.315000468808,1.7844789286847664,1.1920928955078125e-07,1.1920929e-07,1.1920929e-07,0.0,12.479998,14.37,6.38,22.36,441.14,950.52,0.013697696607420038,0.25942057
1988-09-09,2.3667336866812472e-27,1298.250061305547,2.1310651957429037,1.1920928955078125e-07,1.1920929e-07,1.1920929e-07,0.0,12.479998,17.325,9.66,24.99,421.49,1212.41,0.01287867412476074,0.22236049
1988-09-10,4.064827758414272e-27,1295.986858062642,2.5342264543671034,1.1920928955078125e-07,1.1920929e-07,1.1920929e-07,0.0,12.383997,20.415,13.35,27.48,389.9,1533.8,0.012037154763691911,0.23162551
1988-09-11,1.8179760242029453e-27,1293.5255085798788,2.322873838796391,1.1920928955078125e-07,1.1920929e-07,1.1920929e-07,0.0,12.383997,18.965,10.9,27.03,421.8,1311.82,0.011184257083941902,0.23162551
1988-09-12,-7.008027014254885e-27,1291.13822975674,2.0039010317139656,1.1920928955078125e-07,1.1920929e-07,1.1920929e-07,0.0,12.287997,16.65,7.9,25.4,441.03,1072.32,0.010414799751924076,0.20383045
1988-09-13,-2.097142703924482e-26,1288.8587864987694,2.5784522523445634,1.1920928955078125e-07,1.1920929e-07,4.72,4.72,12.287997,20.94,14.29,27.59,273.2,1627.7,0.009729556120512906,0.21309547
1988-09-14,-3.8035505538143925e-26,1286.668296793918,2.190362507570459,1.1920928955078125e-07,1.1920929e-07,1.1920929e-07,0.0,12.287997,18.195,9.74,26.65,424.63,1218.98,0.009113571505550729,0.22236049
1988-09-15,-5.616354399832925e-26,1284.5478786301362,1.9438188111528523,1.1920928955078125e-07,1.1920929e-07,1.1920929e-07,0.0,12.191998,16.36,8.9,23.82,402.09,1151.61,0.008554464177861603,0.19456543
1988-09-16,-7.331882390717786e-26,1282.4786499953746,1.6241962299737087,1.1920928955078125e-07,1.1920929e-07,1.1920929e-07,0.0,12.191998,13.445,4.95,21.94,435.19,876.18,0.008041939494011824,0.17603539
1988-09-17,-8.746462675206683e-26,1280.441728877584,1.753927080167362,1.1920928955078125e-07,1.1920929e-07,4.77,4.77,12.096,14.85,9.4,20.3,245.84,1192.23,0.007567418059078642,0.18530041
1988-09-18,-9.656423402037326e-26,1278.4182332647147,2.148052352748567,1.1920928955078125e-07,1.1920929e-07,1.1920929e-07,0.0,12.096,18.24,13.6,22.88,282.06,1567.89,0.0071237512060507175,0.23162551
1988-09-19,-9.858092719947415e-26,1276.3892811447176,2.3995084486613023,1.1920928955078125e-07,1.1920929e-07,1.1920929e-07,0.0,12.000003,20.28,13.59,26.97,357.57,1567.44,0.006705003433406706,0.23162551
1988-09-20,-9.147798777674664e-26,1274.3359905055434,2.788584866308436,1.1920928955078125e-07,1.1920929e-07,0.03,0.03,12.000003,22.905,18.04,27.77,271.89,2083.45,0.0063062860213049035,0.20383045
1988-09-21,-7.32186972395677e-26,1272.2394793351423,2.267810301339055,1.1920928955078125e-07,1.1920929e-07,1.1920929e-07,0.0,11.903997,19.51,13.58,25.44,329.5,1566.3,0.005923629354189057,0.20383045
1988-09-22,-2.8538949329744823e-26,1270.1067865775535,2.0759921104450276,1.1920928955078125e-07,1.1920929e-07,1.1920929e-07,0.0,11.903997,18.045,12.49,23.6,316.59,1439.16,0.0055581839601744655,0.18530041
1988-09-23,9.517551578260771e-26,1268.0466113455009,2.4200552685607395,1.1920928955078125e-07,1.1920929e-07,1.1920929e-07,0.0,11.808,20.815,13.0,28.63,380.71,1480.19,0.0052265884295473325,0.18530041
1988-09-24,2.7777165257372023e-25,1266.0646243068645,2.24189849133124,1.1920928955078125e-07,1.1920929e-07,1.46,1.46,11.808,19.535,11.13,27.94,376.41,1330.37,0.00492626269787455,0.16677037
1988-09-25,4.898073079219487e-25,1264.150577409739,1.4431570198473036,1.1920928955078125e-07,1.1920929e-07,16.54,16.54,11.711997,12.42,8.49,16.35,182.07,1118.94,0.004652622561544241,0.25942057
1988-09-26,7.01840328705648e-25,1262.2942226022194,1.660925334010235,1.1920928955078125e-07,1.1920929e-07,1.1920929e-07,0.0,11.711997,14.72,8.23,21.21,352.29,1098.05,0.004401758177272339,0.29648066
1988-09-27,8.84428561803174e-25,1260.4853118324004,1.729831739592882,1.1920928955078125e-07,1.1920929e-07,1.1920929e-07,0.0,11.711997,15.41,7.31,23.51,392.87,1024.54,0.0041703235574387446,0.23162551
1988-09-28,1.0081298540928822e-24,1258.7135970483769,1.8860123703809453,1.1920928955078125e-07,1.1920929e-07,1.1920929e-07,0.0,11.616,17.0,8.43,25.57,393.16,1114.01,0.003955447723296466,0.20383045
1988-09-29,1.0435020524531277e-24,1256.9688301982435,1.811130009271894,1.1920928955078125e-07,1.1920929e-07,1.1920929e-07,0.0,11.616,16.35,8.93,23.77,361.11,1154.68,0.00375466318982386,0.18530041
1988-09-30,9.611030037622675e-25,1255.2407632300951,1.760404965106335,1.1920928955078125e-07,1.1920929e-07,1.1920929e-07,0.0,11.520008,16.04,11.06,21.02,272.62,1324.58,0.003565848361233021,0.18530041
1988-10-01,7.314905548986553e-25,1253.5191480920264,2.047419863453601,1.1920928955078125e-07,1.1920929e-07,1.1920929e-07,0.0,11.520008,18.585,12.16,25.01,322.63,1412.84,0.0033871811081782662,0.19456543
1988-10-02,8.048738545750159e-27,1251.881791267446,2.164958988110876,1.1920928955078125e-07,1.1920929e-07,5.18,5.18,11.423997,19.695,14.33,25.06,209.57,1626.59,0.0032255706359092086,0.20383045
1988-10-03,-1.5940744338107798e-24,1250.4558868691036,1.7217910039066116,1.1920928955078125e-07,1.1920929e-07,2.86,2.86,11.423997,15.875,10.88,20.87,214.66,1310.76,0.0030911254576113066,0.35207078
1988-10-04,-3.7584561845196436e-24,1249.203163851373,1.6202008412906748,1.1920928955078125e-07,1.1920929e-07,1.1920929e-07,0.0,11.328,15.03,11.0,19.06,228.41,1320.0,0.0029776412820956446,0.25942057
1988-10-05,-6.1567506090949334e-24,1248.0823108585716,1.305511861847425,1.1920928955078125e-07,1.1920929e-07,1.1920929e-07,0.0,11.328,11.555,5.5,17.61,318.96,920.0,0.002879639360671421,0.22236049
1988-10-06,-8.46061180305074e-24,1247.052016535017,1.0510583206710244,1.1920928955078125e-07,1.1920929e-07,1.1920929e-07,0.0,11.232,8.295,1.59,15.0,344.46,687.08,0.0027924031148311647,0.18530041
1988-10-07,-1.034169386190116e-23,1246.0709695250262,0.9678253828190595,1.1920928955078125e-07,1.1920929e-07,1.1920929e-07,0.0,11.232,7.035,0.46,13.61,339.94,630.03,0.002711794178102133,0.18530041
1988-10-08,-1.1471650881160274e-23,1245.0978584729162,0.9469179614487699,1.1920928955078125e-07,1.1920929e-07,1.1920929e-07,0.0,11.138781,6.84,0.2,13.48,340.36,615.66,0.0026341362869725816,0.18530041
1988-10-09,-1.1522136956342182e-23,1244.0913720230049,1.0032798953148325,1.1920928955078125e-07,1.1920929e-07,1.1920929e-07,0.0,11.136,7.745,-0.62,16.11,379.02,585.87,0.002556153758766887,0.18530041
1988-10-10,-1.016480618296098e-23,1243.0101988196088,1.2119057240332467,1.1920928955078125e-07,1.1920929e-07,1.1920929e-07,0.0,11.136,10.71,3.28,18.14,350.26,780.91,0.0024749545751640467,0.19456543
1988-10-11,-7.079003530034306e-24,1241.8181645041145,1.2984793276658126,1.1920928955078125e-07,1.1920929e-07,0.08,0.08,11.04,11.96,6.52,17.4,284.95,961.52,0.002388415809931052,0.19456543
1988-10-12,-2.786248331457505e-24,1240.7948933426917,1.0101393420110418,1.1920928955078125e-07,1.1920929e-07,1.1920929e-07,0.0,11.04,8.025,1.7,14.35,321.84,690.64,0.0023165464902124206,0.17603539
1988-10-13,1.4161545686513735e-24,1239.976953871834,0.7940228823483911,1.1920928955078125e-07,1.1920929e-07,1.1920929e-07,0.0,10.944003,4.5,-1.0,10.0,295.87,560.0,0.002260656988989721,0.17603539
1988-10-14,4.368610314806634e-24,1239.1647676091948,0.8611724496022967,1.1920928955078125e-07,1.1920929e-07,1.1920929e-07,0.0,10.944003,5.735,-2.43,13.9,366.2,517.19,0.0022064948872769635,0.18530041
1988-10-15,4.911524051522576e-24,1238.1587560724272,1.2098272800580976,1.1920928955078125e-07,1.1920929e-07,1.1920929e-07,0.0,10.848002,11.16,1.08,21.24,381.67,647.24,0.002141202869861123,0.18530041
1988-10-16,2.7544348643772548e-24,1237.3182531719501,1.4405887970990834,1.1920928955078125e-07,1.1920929e-07,1.1920929e-07,0.0,10.848002,13.975,4.92,23.03,359.97,873.29,0.0020881364984361443,0.19456543
1988-10-17,2.0754029069632325e-25,1237.7869266031482,1.4727888268761182,1.1920928955078125e-07,1.1920929e-07,1.1920929e-07,0.0,10.803894,14.395,5.91,22.88,344.95,928.05,0.0021175625418890865,0.19456543
1988-10-18,-1.9113249940305158e-24,1238.8034007931021,1.5707206140752459,1.1920928955078125e-07,1.1920929e-07,3.53,3.53,10.752,15.515,9.98,21.05,196.01,1238.59,0.002182815482562388,0.20383045
1988-10-19,-2.928705590036931e-24,1239.4838403652132,1.1365300584376634,1.1920928955078125e-07,1.1920929e-07,1.51,1.51,10.752,10.295,3.34,17.25,311.84,781.15,0.0022276163238532957,0.22236049
1988-10-20,-2.2566262782646488e-24,1239.238481261259,0.9206266836422237,1.1920928955078125e-07,1.1920929e-07,0.05,0.05,10.655997,7.16,0.49,13.83,304.48,639.16,0.0022113566000632697,0.23162551
1988-10-21,-1.2939025857893176e-24,1244.2221585360178,0.9370467543682036,1.1920928955078125e-07,1.1920929e-07,10.36,10.36,10.655997,7.37,2.09,12.65,192.63,720.0,0.00256615510827452,0.21309547
1988-10-22,-7.506740245092491e-25,1257.2531014252882,0.9676996045328716,1.1920928955078125e-07,1.1920929e-07,18.91,18.91,10.559998,7.845,5.04,10.65,110.65,883.31,0.0037866675180869835,0.6763465
1988-10-23,-4.433903734611734e-25,1263.2671100406606,1.0602902250746358,1.1920928955078125e-07,1.1920929e-07,0.65,0.65,10.559998,9.19,4.35,14.03,238.35,834.95,0.004531497690872844,0.37986583
1988-10-24,-2.648496888254679e-25,1264.5782886410136,1.1491717837176025,1.1920928955078125e-07,1.1920929e-07,4.24,4.24,10.558345,10.44,6.0,14.88,166.63,920.0,0.004712420327092253,0.28721562
1988-10-25,-1.567706183419653e-25,1265.3711962462578,1.0087374242118312,1.1920928955078125e-07,1.1920929e-07,1.1920929e-07,0.0,10.464,8.53,2.43,14.63,279.53,726.82,0.004825316196820977,0.26868558
1988-10-26,-9.003580128419271e-26,1264.4257061805197,0.9045434302042535,1.1920928955078125e-07,1.1920929e-07,1.1920929e-07,0.0,10.464,6.86,1.07,12.65,269.77,645.85,0.004691000292951006,0.23162551
1988-10-27,-4.8868995941047055e-26,1263.590517568373,0.7521237408218334,1.1920928955078125e-07,1.1920929e-07,1.1920929e-07,0.0,10.367997,4.215,-3.77,12.2,323.55,458.54,0.004575467121472916,0.22236049
1988-10-28,2.5314071311505096e-26,1262.8719057450205,0.9777716569805335,1.1920928955078125e-07,1.1920929e-07,1.1920929e-07,0.0,10.367997,8.22,0.66,15.78,308.73,639.78,0.004478340254247869,0.21309547
1988-10-29,2.4079289387151185e-25,1262.3049408623751,0.8670765576267583,1.1920928955078125e-07,1.1920929e-07,1.1920929e-07,0.0,10.323892,6.445,-0.4,13.29,292.34,598.82,0.004403167078012308,0.22236049
1988-10-30,5.684881272410753e-25,1261.865438607551,0.7801611253248577,1.1920928955078125e-07,1.1920929e-07,1.1920929e-07,0.0,10.272,4.925,-0.72,10.57,257.95,582.37,0.004345763327215171,0.22236049
1988-10-31,9.751073770142747e-25,1261.5273235654797,0.657735152971591,1.1920928955078125e-07,1.1920929e-07,1.1920929e-07,0.0,10.272,2.385,-4.67,9.44,295.33,440.0,0.0043021116795975865,0.21309547
1988-11-01,1.427358248785189e-24,1261.2645203210932,0.776098211398445,1.1920928955078125e-07,1.1920929e-07,3.02,3.02,10.176,4.995,0.94,9.05,147.36,642.6,0.004268486079764943,0.22236049
1988-11-02,1.8919483481478974e-24,1261.0509534593236,0.7695559140748459,1.1920928955078125e-07,1.1920929e-07,1.1920929e-07,0.0,10.176,4.87,0.01,9.73,225.55,605.73,0.00424135392893225,0.24089052
1988-11-03,2.33558528069648e-24,1260.860547565103,0.9020980756200518,1.1920928955078125e-07,1.1920929e-07,1.1920929e-07,0.0,10.176,7.29,0.95,13.63,264.75,647.85,0.0042173096695048125,0.23162551
1988-11-04,2.724976652025014e-24,1260.6672272233632,1.1189120903324803,1.1920928955078125e-07,1.1920929e-07,1.1920929e-07,0.0,10.079997,10.8,2.51,19.09,295.84,720.61,0.0041930368252049285,0.22236049
1988-11-05,3.0268300677275807e-24,1260.4449170190358,1.4431806168351455,1.1920928955078125e-07,1.1920929e-07,11.39,11.39,10.079997,14.9,10.75,19.05,134.57,1300.32,0.004165296730781309,0.24089052
1988-11-06,3.207853133398256e-24,1260.1675415370532,1.0878084436132274,1.1920928955078125e-07,1.1920929e-07,10.93,10.93,10.035892,10.43,4.36,16.5,185.29,828.71,0.0041309427316920735,0.6114913
1988-11-07,3.234753454631123e-24,1259.8090253623473,0.9147002706204806,1.1920928955078125e-07,1.1920929e-07,0.32,0.32,9.983997,7.81,3.47,12.15,194.39,797.39,0.004086958606055786,0.36133578
1988-11-08,3.074238637020259e-24,1259.34329307985,0.8167622557426081,1.1920928955078125e-07,1.1920929e-07,1.1920929e-07,0.0,9.983997,6.08,-0.32,12.48,258.91,600.0,0.004030519399733844,0.28721562
1988-11-09,2.6930162861597414e-24,1258.7442692744928,0.9598796875891007,1.1920928955078125e-07,1.1920929e-07,1.1920929e-07,0.0,9.888,8.72,3.46,13.98,224.24,796.04,0.003959071823992333,0.25942057
1988-11-10,2.0577940076436527e-24,1257.9858785312083,0.8961328042176706,1.1920928955078125e-07,1.1920929e-07,1.1920929e-07,0.0,9.888,7.665,1.5,13.83,248.13,680.09,0.003870429930217374,0.25015554
1988-11-11,1.2302056366832823e-24,1256.9867960583604,0.9554628323877711,1.1920928955078125e-07,1.1920929e-07,1.1920929e-07,0.0,9.888,8.67,3.92,13.42,204.8,808.26,0.0037566778226962266,0.24089052
1988-11-12,5.74963163321756e-25,1256.8977696234565,0.6744410382995643,1.1920928955078125e-07,1.1920929e-07,1.1920929e-07,0.0,9.792,3.52,-3.46,10.5,266.05,480.0,0.003746705271370713,0.22236049
1988-11-13,2.145341841997141e-25,1260.6824509607588,0.8679339982596499,1.1920928955078125e-07,1.1920929e-07,10.62,10.62,9.792,7.29,0.48,14.1,192.99,636.12,0.004194943203555594,0.25942057
1988-11-14,1.1978085139929913e-25,1266.197982369451,0.9905183834553776,1.1920928955078125e-07,1.1920929e-07,1.1920929e-07,0.0,9.792,9.27,1.27,17.27,274.38,661.53,0.004945917206830093,0.44472098
1988-11-15,6.14608584316283e-26,1266.0172037576256,0.9828335199075964,1.1920928955078125e-07,1.1920929e-07,1.1920929e-07,0.0,9.698783,9.3,1.85,16.75,264.58,707.81,0.004919292627590402,0.30574566
1988-11-16,3.3868428533357616e-26,1265.3032365915053,1.0575931147739874,1.1920928955078125e-07,1.1920929e-07,0.14,0.14,9.696003,10.465,3.5,17.43,253.09,800.0,0.004815534891332877,0.26868558
1988-11-17,1.986704821890642e-26,1270.8173973512692,1.1056850803102827,1.1920928955078125e-07,1.1920929e-07,9.8,9.8,9.696003,11.1,5.95,16.25,155.72,921.32,0.005677374168743321,0.29648066
1988-11-18,1.1871859975780865e-26,1274.7789350658927,0.7947809368921718,1.1920928955078125e-07,1.1920929e-07,1.1920929e-07,0.0,9.696003,5.925,-0.43,12.28,242.86,599.16,0.0063902433276775295,0.37986583
1988-11-19,7.085516537367816e-27,1277.8260690923241,0.6963015341913679,1.1920928955078125e-07,1.1920929e-07,9.24,9.24,9.6,4.045,-0.84,8.93,154.05,572.58,0.0069989043487952984,0.3150107
1988-11-20,4.257586323617811e-27,1299.5887194946577,0.8268353957558765,1.1920928955078125e-07,1.1920929e-07,31.38,31.38,9.6,6.385,2.02,10.75,139.52,719.68,0.013403855705033272,2.0846295
1988-11-21,2.5615049971786073e-27,1318.5548022409175,1.0437239900146096,1.1920928955078125e-07,1.1920929e-07,8.77,8.77,9.6,9.765,5.0,14.53,144.19,880.0,0.02361380106466974,1.6954987
1988-11-22,1.5361145337905424e-27,1321.6440981255937,0.6602006678996285,1.1920928955078125e-07,1.1920929e-07,1.1920929e-07,0.0,9.555897,2.82,-3.65,9.29,239.91,466.53,0.025895558512917624,0.6578164
1988-11-23,9.14985492680857e-28,1320.904862100386,0.658691198729612,1.1920928955078125e-07,1.1920929e-07,1.1920929e-07,0.0,9.504003,2.875,-4.77,10.52,256.58,440.0,0.025330251002146222,0.49104607
1988-11-24,5.228557019265844e-28,1320.2315773046907,0.6530380022866138,1.1920928955078125e-07,1.1920929e-07,1.1920929e-07,0.0,9.504003,2.755,-3.96,9.47,239.18,443.14,0.024826123085348362,0.42619094
1988-11-25,2.9354249290421925e-28,1319.5369433544415,0.6981514084358391,1.1920928955078125e-07,1.1920929e-07,1.1920929e-07,0.0,9.504003,3.755,-4.24,11.75,255.65,440.23,0.024316523097064342,0.37986583
1988-11-26,-1.6809166212113477e-28,1318.80514291049,0.8448723266403534,1.1920928955078125e-07,1.1920929e-07,1.1920929e-07,0.0,9.459894,6.715,-1.89,15.32,258.2,528.59,0.02379096766552976,0.35207078
1988-11-27,-1.1203992166862505e-27,1318.0548992700174,1.1165835715421732,1.1920928955078125e-07,1.1920929e-07,2.7,2.7,9.408,11.155,5.15,17.16,173.41,891.98,0.023263956671234848,0.35207078
1988-11-28,-2.398561705997119e-27,1317.2902497129892,1.061591956315342,1.1920928955078125e-07,1.1920929e-07,11.52,11.52,9.408,10.365,4.2,16.53,160.38,815.74,0.02273883708443542,0.6948765
1988-11-29,-3.8377606652597355e-27,1316.515231519371,0.7002201047679045,1.1920928955078125e-07,1.1920929e-07,1.1920929e-07,0.0,9.408,3.985,0.05,7.92,157.83,604.92,0.02221869094966885,0.52810615
1988-11-30,-5.273177629680089e-27,1315.7338819691277,0.6585330907587396,1.1920928955078125e-07,1.1920929e-07,1.1920929e-07,0.0,9.408,3.08,-2.95,9.11,217.06,490.36,0.021706339261475496,0.4076609
1988-12-01,-6.539994134464175e-27,1314.9502383422252,0.6765585076101446,1.1920928955078125e-07,1.1920929e-07,1.1920929e-07,0.0,9.363897,3.56,-0.92,8.04,174.49,566.22,0.021204349668665076,0.37986583
1988-12-02,-7.473391714817981e-27,1314.168337918629,0.5628069433327813,1.1920928955078125e-07,1.1920929e-07,1.1920929e-07,0.0,9.311997,0.94,-3.5,5.38,173.96,480.0,0.020715047450197192,0.35207078
1988-12-03,-7.908551905947505e-27,1313.3922179783044,0.8174822040782584,1.1920928955078125e-07,1.1920929e-07,1.1920929e-07,0.0,9.311997,6.515,-0.97,14.0,235.85,562.19,0.020240529237335166,0.33354074
1988-12-04,-7.680656243058733e-27,1312.6259158012167,0.7805508303470968,1.1920928955078125e-07,1.1920929e-07,1.1920929e-07,0.0,9.311997,5.82,-1.9,13.54,238.93,529.78,0.019782678998181667,0.3242757
1988-12-05,-6.624886261357661e-27,1311.8734686673313,0.6295874169025922,1.1920928955078125e-07,1.1920929e-07,1.1920929e-07,0.0,9.311997,2.61,-1.46,6.68,158.3,556.34,0.01934318584961702,0.30574566
1988-12-06,8.339439721297845e-11,1311.1443008262129,0.7201224949927054,1.1920928955078125e-07,1.1920929e-07,1.1920929e-07,0.0,9.311997,4.62,-3.0,12.24,235.49,480.0,0.018926607302949525,0.29648066
1988-12-07,5.681646025816129e-09,1310.7959558331165,0.8133209795007899,1.1920928955078125e-07,1.1920929e-07,1.1920929e-07,0.0,9.310348,6.47,-0.94,13.88,228.45,571.11,0.018730774153521073,0.28721562
1988-12-08,1.7779930934603897e-08,1310.9070178711786,0.7651413655110227,1.1920928955078125e-07,1.1920929e-07,1.1920929e-07,0.0,9.2187805,5.69,0.26,11.12,190.59,620.71,0.018792990151728518,0.28721562
1988-12-09,3.317681095346946e-08,1311.287208978834,0.5525472630358762,1.1920928955078125e-07,1.1920929e-07,2.02,2.02,9.216,0.855,-3.0,4.71,147.76,480.12,0.01900753870998793,0.28721562
1988-12-10,4.867084791230598e-08,1311.7462511945175,0.40697260263368784,1.1920928955078125e-07,1.1920929e-07,1.1920929e-07,0.0,9.216,-3.515,-7.75,0.72,163.59,338.12,0.019269850961437483,0.2779506
1988-12-11,6.106060364100662e-08,1312.0938665566637,0.3817825840974506,1.1920928955078125e-07,1.1920929e-07,1.1920929e-07,0.0,9.216,-4.41,-8.07,-0.75,145.47,326.25,0.01947089605845686,0.25942057
1988-12-12,6.714463996946453e-08,1312.1397771037073,0.25844327472021555,1.1920928955078125e-07,1.1920929e-07,1.1920929e-07,0.0,9.216,-9.705,-14.57,-4.84,185.81,199.98,0.019497604991137913,0.25942057
1988-12-13,6.41250794926381e-08,1311.8527879169706,0.24673148151778235,1.1920928955078125e-07,1.1920929e-07,1.1920929e-07,0.0,9.216,-10.315,-15.88,-4.75,204.23,169.68,0.019331245400911412,0.25942057
1988-12-14,5.3195905472320654e-08,1311.4759754242964,0.4195512405824966,1.1920928955078125e-07,1.1920929e-07,1.1920929e-07,0.0,9.216,-3.085,-10.41,4.24,234.1,277.53,0.01911497118159738,0.26868558
1988-12-15,3.771502450005959e-08,1311.0394674305917,0.6222792618602548,1.1920928955078125e-07,1.1920929e-07,1.1920929e-07,0.0,9.216,2.6,-2.38,7.58,185.27,517.29,0.018867457495520337,0.28721562
1988-12-16,2.1057706809803607e-08,1310.5659209595017,0.42090321320984825,1.1920928955078125e-07,1.1920929e-07,1.1920929e-07,0.0,9.216,-3.03,-9.26,3.2,217.65,298.42,0.018602564938397126,0.25015554
1988-12-17,6.599222635501387e-09,1310.077993034672,0.37196769107489364,1.1920928955078125e-07,1.1920929e-07,1.1920929e-07,0.0,9.216,-4.75,-9.36,-0.14,179.39,291.32,0.018333517256760055,0.25015554
1988-12-18,-2.2851577888984133e-09,1309.598340679748,0.3607069387960933,1.1920928955078125e-07,1.1920929e-07,1.1920929e-07,0.0,9.216,-5.17,-10.11,-0.23,189.66,280.0,0.01807282588965779,0.22236049
1988-12-19,-3.52108595015653e-09,1309.226884198411,0.5123875905871862,1.1920928955078125e-07,1.1920929e-07,1.1920929e-07,0.0,9.216,-0.215,-7.39,6.96,231.1,360.0,0.017873488717530195,0.22236049
1988-12-20,-3.106338767992837e-09,1309.7055733058503,0.7142887315083811,1.1920928955078125e-07,1.1920929e-07,1.1920929e-07,0.0,9.216,4.67,-4.66,14.0,247.74,440.0,0.018130783286656297,0.25015554
1988-12-21,-2.3493953505815398e-09,1311.7553133988863,0.9308251420754744,1.1920928955078125e-07,1.1920929e-07,6.88,6.88,9.216,8.695,3.4,13.99,138.29,788.52,0.01927506568623039,0.30574566
1988-12-22,-2.1164640230337357e-06,1315.7102849277592,0.6317205518308955,1.1920928955078125e-07,1.1920929e-07,1.1920929e-07,0.0,9.216,2.77,-3.46,9.0,210.25,480.0,0.021691051229405525,0.38913086
1988-12-23,-9.135407243558837e-06,1321.5132365434208,0.5368912726359197,1.1920928955078125e-07,5.6797267e-06,7.329994,7.33,9.216,0.325,-3.85,4.5,121.56,451.99,0.025794575179396182,0.37060082
1988-12-24,-1.1920354153213752e-05,1330.6436411555644,0.6965446621170672,1.1920928955078125e-07,1.1920929e-07,13.75,13.75,9.216,4.055,-1.07,9.18,141.02,560.0,0.03387846790595598,0.7875267
1988-12-25,-7.251488783054999e-06,1338.0301349320478,0.851606733466818,1.1920928955078125e-07,1.1920929e-07,1.1920929e-07,0.0,9.216,7.015,2.82,11.21,162.21,745.26,0.04223821728582292,1.0932723
1988-12-26,-4.127984635728568e-06,1337.2635038883534,0.5750202063153411,1.1920928955078125e-07,1.1920929e-07,1.1920929e-07,0.0,9.216,1.15,-3.84,6.14,192.21,452.06,0.04128236368766813,0.57443124
1988-12-27,-2.445032266969527e-06,1336.5168212354993,0.5916587529360362,1.1920928955078125e-07,1.1920929e-07,1.1920929e-07,0.0,9.216,1.575,-3.0,6.15,181.84,480.0,0.04037218038274493,0.453986
1988-12-28,-1.4302885674150366e-06,1338.723157563754,0.8714051131820518,1.1920928955078125e-07,1.1920929e-07,6.04,6.04,9.216,7.36,-0.2,14.92,176.91,603.34,0.04312132654965661,0.43545595
1988-12-29,3.8409192077827484e-05,1341.9875547321226,0.5395880035476421,1.534462370222222e-05,6.5255167e-06,1.8399935,1.84,9.216,0.175,-5.9,6.25,202.71,395.51,0.047535937170472234,0.5003111
1988-12-30,0.22564037282883617,1342.030005142558,0.4726636132329214,1.1920928955078125e-07,1.1920929e-07,1.1920929e-07,0.0,9.216,-1.725,-5.36,1.91,161.44,412.91,0.04759622638733276,0.4076609
1988-12-31,0.303773861183041,1341.636882023586,0.5050168118637811,1.1920928955078125e-07,0.041618485,0.87838155,0.92,9.216,-0.775,-5.63,4.08,182.07,404.21,0.047040814482984486,0.37986583
1989-01-01,0.1957842660251486,1345.5586979131476,0.5863674582316281,0.17156525521663432,1.1920929e-07,7.67,7.67,9.216,1.345,-2.5,5.19,138.49,520.0,0.0528846496582004,0.37986583
1989-01-02,0.08736923096220553,1349.0626003597201,0.6142471758269764,0.061640164028266956,1.1920929e-07,1.1920929e-07,0.0,9.267895,1.905,-1.5,5.31,167.52,559.67,0.05871719245779036,0.38913086
1989-01-03,0.04476766565821905,1348.180606153353,0.5685107020934566,0.027281132132073723,1.1920929e-07,1.1920929e-07,0.0,9.311997,0.715,-3.91,5.34,214.08,446.89,0.057191083596436,0.42619094
1989-01-04,1.1985049831727774,1348.1782502838519,0.4545754552868074,1.1920928955078125e-07,3.4599977,2.577901e-06,3.46,9.311997,-2.49,-6.38,1.4,143.47,369.31,0.057187060831003944,0.4169259
1989-01-05,3.070301437174067,1347.7453813667184,0.32430035673697283,1.1920928955078125e-07,1.1920929e-07,1.1920929e-07,0.0,9.311997,-7.16,-12.76,-1.56,249.69,240.0,0.05645269731891648,0.35207078
1989-01-06,7.272013528130715,1347.3358995116946,0.3887689871774918,1.1920928955078125e-07,8.7,1.1920929e-07,8.7,9.311997,-4.67,-8.74,-0.6,151.79,320.0,0.05576669183773802,0.4169259
1989-01-07,12.43638525464158,1346.860751612734,0.45300766479537236,1.1920928955078125e-07,1.3199993,7.081032e-07,1.32,9.311997,-2.525,-4.93,-0.12,119.69,440.0,0.05498111782563203,0.453986
1989-01-08,9.739478525300065,1355.4369675504026,0.6302954739587783,9.739478525300065,1.1920929e-07,11.13,11.13,9.311997,2.145,-2.47,6.76,165.2,515.17,0.07102687322448166,0.6856115
1989-01-09,3.564664818882622,1366.1808836273347,0.701971084804187,3.564664818882621,1.1920929e-07,1.1920929e-07,0.0,9.408,3.47,-0.78,7.72,206.91,578.28,0.09789054212690032,1.2785728
1989-01-10,1.8848451082982056,1367.1450406584775,0.5224171956005428,1.1920928955078125e-07,1.1920929e-07,1.1920929e-07,0.0,9.408,-0.855,-4.43,2.72,183.88,440.0,0.10074954847073098,0.75973165
1989-01-11,1.2265025211746188,1367.158509848855,0.592960192603341,1.2263931501196657,1.1920929e-07,1.1920929e-07,0.0,9.408,0.975,-4.37,6.32,246.09,440.38,0.10079007434196575,0.6578164
1989-01-12,0.4390614878720899,1374.3228664423352,0.6463248331218612,0.4336867615960988,1.1920929e-07,13.99,13.99,9.408,2.16,-1.54,5.86,141.87,556.61,0.12483003609688421,2.279195
1989-01-13,0.1662575259027055,1381.060241076495,0.6989570717113849,0.13975331608499686,1.1920929e-07,1.1920929e-07,0.0,9.408,3.245,-0.52,7.01,192.05,598.52,0.15264538722214774,2.4367003
1989-01-14,-0.20317233209513774,1379.84098539079,0.43849155261560746,1.1920928955078125e-07,1.1920929e-07,1.1920929e-07,0.0,9.504003,-3.61,-9.35,2.13,264.79,291.66,0.1471883395782753,1.0840074
1989-01-15,0.5395762526016615,1387.8958717306564,0.739751833360558,0.5371399146237642,1.1920929e-07,18.22,18.22,9.504003,3.865,-1.94,9.67,196.36,525.75,0.18720712550917526,3.696743
1989-01-16,0.20361635375841486,1396.232795202652,0.7592801855938174,0.18010722444123922,1.1920929e-07,1.1920929e-07,0.0,9.504003,4.165,-0.64,8.97,234.34,588.59,0.24012012638042785,1.880799
1989-01-17,0.08862793157779085,1395.4143459711245,0.6920952865772024,0.06275936668287994,1.1920929e-07,1.1920929e-07,0.0,9.504003,2.795,-3.5,9.09,277.58,480.0,0.23432336979381654,1.1673925
1989-01-18,0.04436885617899651,1394.5020776437516,0.7683046504863601,0.0270267380956304,1.1920929e-07,1.1920929e-07,0.0,9.6,4.21,-3.42,11.84,296.72,480.0,0.22802689755381947,0.95429707
1989-01-19,0.023223164165274788,1393.440254622873,0.9199179751918749,0.01295384336503064,1.1920929e-07,1.1920929e-07,0.0,9.6,6.95,1.55,12.35,232.77,681.82,0.22091095521806994,0.8338518
1989-01-20,0.014007775932435601,1392.3986784912943,0.7676583287256463,0.007493631890508666,1.1920929e-07,1.1920929e-07,0.0,9.6,4.22,-2.0,10.44,252.89,520.0,0.21414649631151353,0.7319366
1989-01-21,0.01132209582993988,1391.5949854397427,0.4917983840366803,1.1920928955078125e-07,1.1920929e-07,1.1920929e-07,0.0,9.602783,-2.26,-8.53,4.01,261.17,319.63,0.20906886423154797,0.6300214
1989-01-22,0.01093395565820155,1390.8973160412975,0.5001923219562029,1.1920928955078125e-07,1.1920929e-07,1.1920929e-07,0.0,9.696003,-2.15,-9.5,5.2,281.39,280.0,0.20475879822581003,0.5559012
1989-01-23,0.00888859901151193,1390.0923922039099,0.6827345579819017,0.004641687544877679,1.1920929e-07,1.1920929e-07,0.0,9.696003,2.355,-5.91,10.62,290.5,400.0,0.19989641196856073,0.5095761
1989-01-24,0.005813324124376267,1389.1542687224257,0.8302727965668235,0.002991125120241567,1.1920929e-07,1.1920929e-07,0.0,9.696003,5.285,-4.5,15.07,301.19,440.0,0.19437490995398723,0.46325102
1989-01-25,0.0028203525908620576,1389.3296140924876,0.8904400248008127,0.0014300609492049084,1.1920929e-07,1.1920929e-07,0.0,9.792,6.195,0.57,11.82,247.5,637.14,0.1953952203186969,0.46325102
1989-01-26,0.0005279991226408215,1390.6206826297134,0.7626423025675579,0.0002646965173850222,1.1920929e-07,3.0,3.0,9.792,3.845,0.5,7.19,129.08,640.0,0.20307451433958595,0.5003111
1989-01-27,-0.00048167099855109686,1391.8521063239832,0.852429377076871,1.1920928955078125e-07,1.1920929e-07,1.95,1.95,9.792,5.505,0.67,10.34,229.72,637.06,0.21068008581753467,0.5559012
1989-01-28,-0.0002891110353733776,1392.6736269696462,0.6961281187624999,1.1920928955078125e-07,1.1920929e-07,1.1920929e-07,0.0,9.888,2.325,-5.5,10.15,298.26,400.0,0.2159117478231357,0.47251603
1989-01-29,-7.844290451984473e-05,1393.879310185555,0.8631796265272087,1.1920928955078125e-07,1.1920929e-07,1.1920929e-07,0.0,9.888,5.525,-1.25,12.3,282.37,560.0,0.22382601138506864,0.453986
1989-01-30,5.7973729647571646e-05,1394.7042341083636,1.1112949684055438,2.899526720687361e-05,1.1920929e-07,3.38,3.38,9.888,9.405,5.0,13.81,164.64,880.0,0.2294074264382296,0.48178104
1989-01-31,7.371245018128307e-05,1394.3390931893052,0.929885499000756,3.686980890330579e-05,1.1920929e-07,1.1920929e-07,0.0,9.983997,6.505,0.06,12.95,278.39,608.13,0.2269199261638793,0.5095761
1989-02-01,4.4590866973367905e-05,1393.0578231904997,1.226188771453888,2.230040435014518e-05,1.1920929e-07,1.1920929e-07,0.0,9.983997,10.82,2.34,19.3,303.73,720.0,0.21840280179945143,0.43545595
1989-02-02,2.6949248366703793e-05,1391.5727336243758,1.2171661574957928,1.3476439838309733e-05,1.1920929e-07,1.1920929e-07,0.0,9.983997,10.72,3.41,18.03,288.71,793.16,0.20893000620998906,0.4076609
1989-02-03,1.6255329934998677e-05,1394.7876518999603,0.9284192231770324,8.128325556876122e-06,1.1920929e-07,8.94,8.94,10.079997,6.33,1.59,11.07,172.78,686.44,0.2299795206423083,0.58369625
1989-02-04,0.39169135808578376,1398.5326851342431,0.4961743983770496,1.1920928955078125e-07,1.07,1.1920929e-07,1.07,10.079997,-2.89,-8.55,2.77,282.54,318.2,0.2571885293625998,1.0191522
1989-02-05,0.7962739867634773,1397.8169900197192,0.468271103616183,1.1920928955078125e-07,1.1920929e-07,1.1920929e-07,0.0,10.079997,-3.695,-6.22,-1.17,150.93,380.57,0.25175091912387854,0.6392864
1989-02-06,0.6743557013383895,1397.1900933752381,0.6363497282050884,0.6693948421560895,1.1920929e-07,0.089999996,0.09,10.176,0.545,-4.21,5.3,256.12,443.6,0.24708250638445933,0.56516623
1989-02-07,0.379353793569803,1396.6536770865282,0.5974970405018923,1.1920928955078125e-07,1.1920929e-07,1.1920929e-07,0.0,10.176,-0.36,-5.0,4.28,254.79,428.09,0.24315667964169504,0.5095761
1989-02-08,0.38413892769584485,1395.8496693876157,0.5194537190453515,1.1920928955078125e-07,1.1920929e-07,1.1920929e-07,0.0,10.270348,-2.48,-8.39,3.43,301.67,319.9,0.23738895627762432,0.453986
1989-02-09,0.384138927911453,1395.1422703176572,0.42783413497714073,1.1920928955078125e-07,1.1920929e-07,1.1920929e-07,0.0,10.272,-5.185,-11.41,1.04,313.06,249.09,0.23242752454493185,0.38913086
1989-02-10,0.38352604550630637,1394.5016271647505,0.403320797050317,1.1920928955078125e-07,1.1920929e-07,1.1920929e-07,0.0,10.272,-5.99,-11.16,-0.82,282.13,262.59,0.2280238305230152,0.37060082
1989-02-11,0.3833425051968571,1393.791427892258,0.5761828799508537,1.1920928955078125e-07,1.1920929e-07,1.1920929e-07,0.0,10.367997,-1.12,-8.21,5.97,334.85,320.0,0.2232394645460139,0.37060082
1989-02-12,0.2591864143829248,1393.072276023504,0.6518108052592081,0.24067921824476982,1.1920929e-07,1.1920929e-07,0.0,10.367997,0.665,-4.57,5.9,280.74,440.0,0.21849707002416507,0.37060082
1989-02-13,0.22528693259112087,1392.317560017095,0.5159075583342627,1.1920928955078125e-07,1.1920929e-07,1.1920929e-07,0.0,10.419894,-2.745,-8.39,2.9,300.15,320.0,0.21362845386767315,0.37060082
1989-02-14,0.3443362448508782,1395.8698418366414,0.7612227157654139,0.33367303869153553,1.1920929e-07,9.13,9.13,10.464,2.775,-2.49,8.04,203.06,516.37,0.2375319807527936,0.49104607
1989-02-15,0.1359426717079996,1402.1595012463856,1.0027478282335338,0.10816503094354918,1.1920929e-07,5.22,5.22,10.464,6.855,3.0,10.71,158.54,760.0,0.28660323352697537,0.6948765
1989-02-16,0.06411926676544334,1405.9454706870315,0.9708063499718662,0.04199959543474138,1.1920929e-07,4.6,4.6,10.559998,6.18,1.85,10.51,178.08,707.79,0.3209034179252946,1.4916682
1989-02-17,0.04933560498002931,1406.9733846132049,0.5670045943860543,1.1920928955078125e-07,1.1920929e-07,1.1920929e-07,0.0,10.559998,-1.745,-7.25,3.76,295.42,356.52,0.3309051018788631,0.8523819
1989-02-18,0.04969970184179855,1406.1041292827738,0.5366122686248019,1.1920928955078125e-07,1.1920929e-07,1.1920929e-07,0.0,10.655997,-2.645,-6.19,0.9,214.71,383.74,0.3224272161358219,0.6763465
1989-02-19,0.04937695374571467,1405.2327521142583,0.5868976319973315,1.1920928955078125e-07,1.1920929e-07,1.1920929e-07,0.0,10.655997,-1.365,-8.01,5.28,335.86,320.0,0.31414663329810194,0.6114913
1989-02-20,0.033580497211405325,1404.3709933216658,0.8058517028030788,0.01958317690686857,1.1920929e-07,1.1920929e-07,0.0,10.655997,3.26,-1.91,8.43,289.55,526.92,0.30616662649441234,0.5929613
1989-02-21,0.018004860368457297,1411.7303773959118,0.9814979014891948,0.00981068538751394,1.1920929e-07,14.06,14.06,10.752,6.01,1.22,10.8,207.19,660.73,0.38140653617797493,1.6121135
1989-02-22,0.010293999597832344,1424.484617550007,1.0024784407623624,0.00541168218076448,1.1920929e-07,12.85,12.85,10.752,6.195,2.11,10.28,188.24,716.41,0.558180107227923,3.2612872
1989-02-23,0.006104942102100575,1430.985073162468,0.7474420186476668,0.003145617542924016,1.1920929e-07,3.56,3.56,10.848002,1.61,-1.97,5.19,201.2,522.62,0.6777457106111834,2.0290394
1989-02-24,0.30603382566845305,1430.8172471842515,0.5065140479366373,1.1920928955078125e-07,1.1920929e-07,1.1920929e-07,0.0,10.848002,-3.95,-9.05,1.15,318.23,306.63,0.674358059042429,1.2322477
1989-02-25,0.12098073011206475,1429.6748064884118,0.49452819205080273,1.1920928955078125e-07,1.1920929e-07,1.1920929e-07,0.0,10.944003,-4.395,-10.8,2.01,360.6,271.18,0.651742954609918,0.95429707
1989-02-26,0.7601742839143661,1429.2524844076456,0.6831355794211982,0.6244615089463191,8.318722e-06,2.7099917,2.71,10.944003,0.19,-3.59,3.97,209.44,464.83,0.6435762794403198,0.9635621
1989-02-27,0.28371619993478253,1429.7058285498674,0.7304758754959897,0.2680091287080257,1.1920929e-07,1.1920929e-07,0.0,10.946783,1.155,-2.1,4.41,231.37,524.27,0.6523469151674026,0.92650205
1989-02-28,0.21355247013051584,1428.44684046236,0.6492940944073113,1.1920928955078125e-07,1.1920929e-07,1.1920929e-07,0.0,11.04,-0.66,-4.86,3.54,291.47,440.0,0.6282798305297953,0.79679173
1989-03-01,0.29642540495351066,1427.0871263616536,0.6783928325212277,1.1920928955078125e-07,1.1920929e-07,1.1920929e-07,0.0,11.04,-0.015,-5.0,4.97,329.46,440.0,0.6032835631941826,0.71340656
1989-03-02,0.137034703390888,1425.9422295088211,0.7429261410216559,0.1092753606699149,1.1920929e-07,1.1920929e-07,0.0,11.136,1.19,-4.42,6.8,355.75,440.0,0.5830092383397917,0.6485514
1989-03-03,0.06514657731149098,1424.6914841945509,0.7486571159237371,0.042823373903153696,1.1920929e-07,1.1920929e-07,0.0,11.136,1.315,-3.84,6.47,345.61,452.96,0.561638443184746,0.6300214
1989-03-04,0.03412046622695081,1423.7822026758572,0.8144654363366287,0.01994283655933917,1.1920929e-07,1.42,1.42,11.232,2.435,-0.03,4.9,197.95,609.44,0.5465954742035242,0.6207563
1989-03-05,0.01795109148095337,1423.3599351806577,0.8493726675299595,0.009778993575192971,1.1920929e-07,3.53,3.53,11.232,3.06,0.87,5.25,136.23,646.28,0.5397472308501831,0.6948765
1989-03-06,0.010222709437843636,1435.7794435584012,0.7071486043953317,0.0037963758524079388,0.00012441873,21.299875,21.3,11.328,0.125,-5.54,5.79,298.91,410.19,0.7820528934094213,3.1315768
1989-03-07,11.290347934193072,1438.6709621161558,0.4422299664719744,1.1920928955078125e-07,9.5,1.1920929e-07,9.5,11.328,-6.495,-9.39,-3.6,204.92,295.89,0.8525716745680464,1.7325587
1989-03-08,15.213741308827293,1437.4243801697874,0.413955491508668,1.1920928955078125e-07,1.1920929e-07,1.1920929e-07,0.0,11.423997,-7.495,-11.75,-3.24,375.12,247.07,0.8214218992243383,1.1303325
1989-03-09,15.212414371798491,1436.1448669906506,0.537893993061826,1.1920928955078125e-07,1.1920929e-07,1.1920929e-07,0.0,11.423997,-3.885,-10.07,2.3,460.21,280.0,0.7906324403358622,0.9635621
1989-03-10,15.211342325017036,1434.7705531621114,0.657887828557451,1.1920928955078125e-07,1.1920929e-07,1.1920929e-07,0.0,11.423997,-1.025,-7.06,5.01,456.42,360.0,0.7588460674878705,1.1025374
1989-03-11,13.285218683663585,1435.2408345238957,0.7593577389118151,8.822541753352198,1.1920929e-07,1.1920929e-07,0.0,11.520008,0.92,-6.4,8.24,490.17,368.19,0.7695766811134608,1.7696189
1989-03-12,5.001021967914079,1441.843086071653,0.8753481492107573,5.001021967914079,1.1920929e-07,1.1920929e-07,0.0,11.520008,2.94,-2.98,8.86,451.67,481.62,0.9372691582345895,2.260665
1989-03-13,1.8429965961925654,1443.2206286515882,0.7362274746450903,1.67945391129844,1.1920929e-07,1.1920929e-07,0.0,11.616,0.27,-5.77,6.31,463.76,399.55,0.9766234231106149,1.7140287
1989-03-14,0.6985482395897092,1442.6254209230906,0.8525904079316479,0.6979025283981235,1.1920929e-07,1.1920929e-07,0.0,11.616,2.42,-1.26,6.1,342.41,560.21,0.9594204794888761,1.389753
1989-03-15,0.2573345317551027,1440.8685657225358,1.6505461907784016,0.2390962822850251,1.1920929e-07,1.1920929e-07,0.0,11.711997,12.475,2.96,21.99,511.06,756.83,0.9103901890688044,1.3434279
1989-03-16,0.10644511273672697,1438.546926849276,1.5257259264532261,0.07914622490958476,1.1920929e-07,1.1920929e-07,0.0,11.711997,11.245,1.5,20.99,485.83,680.21,0.8494200638416529,1.1488625
1989-03-17,0.051495305809607574,1436.3066455092398,1.3913141158383815,0.032234355253835625,1.1920929e-07,1.1920929e-07,0.0,11.808,9.685,0.48,18.89,481.01,630.62,0.7944607339490047,0.98209214
1989-03-18,0.02696200230160073,1439.7102967062933,2.050258311007591,0.015287445026897087,1.1920929e-07,9.74,9.74,11.808,15.885,7.7,24.07,339.75,1055.68,0.8794438448603612,1.0376823
1989-03-19,0.014753075284549666,1442.50912088296,1.0553477003668275,0.007919685925517051,1.1920929e-07,1.1920929e-07,0.0,11.903997,5.24,-2.82,13.3,474.33,496.85,0.9560946846439564,1.2415127
1989-03-20,0.008414425250341905,1441.4873217798174,0.7439976921248327,0.0027073972606982866,1.7665625e-05,2.0299823,2.03,11.903997,0.085,-5.88,6.05,439.38,399.77,0.9273657991313824,0.93576705
1989-03-21,0.005702485936020303,1446.7661221606293,0.9622948774381894,0.002932516809739195,1.1920929e-07,9.77,9.77,12.000003,3.69,0.35,7.03,210.13,622.78,1.0856806662542187,1.4824033
1989-03-22,0.00341712549008387,1450.1681067367995,0.7912979126592844,0.0017366679303626481,1.1920929e-07,1.1920929e-07,0.0,12.000003,0.775,-4.93,6.48,422.02,440.0,1.201755640462121,1.0932723
1989-03-23,0.0020090815431725788,1447.3485300582333,0.8266121389997232,0.0010146306071142604,1.1920929e-07,1.1920929e-07,0.0,12.000003,1.44,-5.12,8.0,452.28,430.3,1.1047252439769566,0.93576705
1989-03-24,0.0012062848539089765,1459.8565255438325,0.9103747491110536,0.000606780190714902,1.1920929e-07,25.55,25.55,12.096,2.615,-1.76,6.99,263.92,538.69,1.6048978991762985,5.559012
1989-03-25,0.0007269416985119974,1468.8058596055778,1.3327577660007868,0.00036479195402084095,1.1920929e-07,1.1920929e-07,0.0,12.096,8.29,0.53,16.05,475.6,637.06,2.096499777508206,3.5392377
1989-03-26,0.00043814410867989235,1465.2448985451451,1.6714366324227143,0.0002195519792221128,1.1920929e-07,1.1920929e-07,0.0,12.191998,11.765,3.99,19.54,463.21,805.72,1.8850344109768318,2.0197744
1989-03-27,0.0002487681598878654,1461.1622488745988,1.8249112495747628,0.00012453879385757965,1.1920929e-07,1.1920929e-07,0.0,12.191998,13.22,4.54,21.9,467.86,842.82,1.6687025394431065,1.6028485
1989-03-28,9.140281580379532e-05,1455.9008921249315,2.758717689648918,4.5722294087285706e-05,1.1920929e-07,1.1920929e-07,0.0,12.287997,20.01,12.28,27.74,427.63,1422.24,1.4261135043998414,1.399018
1989-03-29,-7.468168702876542e-06,1451.4736708085159,2.9771822404248924,1.1920928955078125e-07,1.1920929e-07,1.1920929e-07,0.0,12.287997,21.37,16.34,26.4,324.81,1854.47,1.2495269351564215,1.2415127
1989-03-30,-2.097531216475374e-05,1449.9209487040723,1.8854398613257846,1.1920928955078125e-07,1.1920929e-07,4.17,4.17,12.383997,13.62,7.31,19.93,302.26,1024.65,1.192919759734201,1.2044526
1989-03-31,-1.0011559069518498e-05,1450.2785396481727,1.4408128644659637,1.1920928955078125e-07,1.1920929e-07,7.53,7.53,12.383997,9.335,6.1,12.57,186.36,937.49,1.2057247338452866,1.399018
1989-04-01,-2.3325495658732954e-06,1450.5863751511981,1.1435414864338407,1.1920928955078125e-07,1.1920929e-07,1.1920929e-07,0.0,12.479998,5.655,1.36,9.95,326.59,672.53,1.216858054285839,1.1766576
1989-04-02,2.098122923371974e-07,1449.3054213384137,1.0242645373225756,1.1920928955078125e-07,1.1920929e-07,1.1920929e-07,0.0,12.479998,4.01,-2.49,10.51,437.04,520.0,1.1711960335796905,0.98209214
1989-04-03,1.0252388250970732e-07,1446.5953440923952,1.710154649506314,1.1920928955078125e-07,1.1920929e-07,4.06,4.06,12.576006,11.84,4.58,19.1,333.75,846.88,1.0801587750310708,1.0840074
1989-04-04,1.4661348817399625e-08,1444.184923459861,2.179141362588943,1.1920928955078125e-07,1.1920929e-07,0.12,0.12,12.576006,15.8,8.71,22.89,423.59,1136.44,1.0051509730852026,0.99135715
1989-04-05,-3.195729667840204e-08,1443.3586924619603,2.254289842598112,1.1920928955078125e-07,1.1920929e-07,4.27,4.27,12.576006,16.37,10.77,21.97,276.07,1301.27,0.9806576737370384,0.93576705
1989-04-06,-2.4647474863397162e-08,1444.6024305303895,1.4860141605015307,1.1920928955078125e-07,1.1920929e-07,4.55,4.55,12.672003,9.52,6.2,12.84,187.84,937.52,1.0177595279546972,1.1859226
1989-04-07,-8.463633969554342e-09,1444.1801634873382,1.125481264473316,1.1920928955078125e-07,1.1920929e-07,1.1920929e-07,0.0,12.672003,5.25,-0.52,11.02,399.91,598.38,1.0050081279972616,0.93576705
1989-04-08,3.945942934642752e-09,1442.506422604988,1.0755137004089497,1.1920928955078125e-07,1.1920929e-07,1.1920929e-07,0.0,12.768005,4.47,-0.7,9.64,373.9,584.17,0.9560176598533866,0.8709119
1989-04-09,8.844306735369753e-09,1440.872894133439,1.3095508906463784,1.1920928955078125e-07,1.1920929e-07,2.05,2.05,12.768005,7.48,3.29,11.67,311.98,778.99,0.9105078533223372,0.8523819
1989-04-10,5.393707945017444e-09,1439.9538479747748,1.171632615032414,1.1920928955078125e-07,1.1920929e-07,1.1920929e-07,0.0,12.864003,5.675,0.71,10.64,369.76,640.0,0.8858624251620617,0.76899666
1989-04-11,1.4809136132090172e-09,1438.532763120739,0.9703006513314812,1.1920928955078125e-07,1.1920929e-07,1.1920929e-07,0.0,12.864003,2.865,-3.26,8.99,432.43,480.0,0.8490609197633727,0.71340656
1989-04-12,-1.3235205625187625e-09,1436.7013683762711,1.1099551748163605,1.1920928955078125e-07,1.1920929e-07,1.1920929e-07,0.0,12.96,4.78,-3.34,12.9,496.53,480.0,0.8038793454321977,0.6856115
1989-04-13,-2.0963229342423257e-09,1434.687912612602,1.2562981709848167,1.1920928955078125e-07,1.1920929e-07,1.1920929e-07,0.0,12.96,6.68,-0.51,13.87,465.14,598.83,0.7569759382643599,0.6670815
1989-04-14,-6.851067584268921e-10,1432.7919835871935,1.2229285606285432,1.1920928955078125e-07,1.1920929e-07,1.1920929e-07,0.0,13.05322,6.18,-3.1,15.46,520.4,480.0,0.7153148930273545,0.6300214
1989-04-15,1.6439468967692792e-09,1431.1708886264098,1.5698982954465428,1.1920928955078125e-07,1.1920929e-07,6.94,6.94,13.056,10.06,5.27,14.85,269.39,894.82,0.6815163445014313,0.7319366
1989-04-16,4.280207278370085e-09,1429.7190239416805,1.6972999227970103,1.1920928955078125e-07,1.1920929e-07,3.4,3.4,13.056,11.31,6.52,16.1,272.67,961.93,0.6526039824983246,0.8801769
1989-04-17,6.6301813881135225e-09,1428.3275037720462,1.8196809731005341,1.1920928955078125e-07,1.1920929e-07,1.1920929e-07,0.0,13.152,12.32,2.53,22.11,529.72,698.47,0.6260451572469027,0.70414156
1989-04-18,8.100376227737592e-09,1426.8874423565471,2.373873264514647,1.1920928955078125e-07,1.1920929e-07,1.1920929e-07,0.0,13.152,16.675,10.02,23.33,442.0,1231.56,0.5996973906852788,0.6578164
1989-04-19,8.097298798980292e-09,1425.2899539342238,1.9882329683022748,1.1920928955078125e-07,1.1920929e-07,5.96,5.96,13.248009,13.665,6.51,20.82,350.64,966.4,0.5717646188039924,0.70414156
1989-04-20,6.023895009016958e-09,1423.4272544505563,1.5254209163378172,1.1920928955078125e-07,1.1920929e-07,1.1920929e-07,0.0,13.248009,9.465,1.86,17.07,489.05,707.89,0.5408332232648697,0.6300214
1989-04-21,8.700956846864223e-10,1421.4710102422896,1.7487454876726867,1.1920928955078125e-07,1.1920929e-07,1.1920929e-07,0.0,13.343997,11.53,4.18,18.88,476.17,814.2,0.5101482935562659,0.5929613
1989-04-22,-6.566794225828697e-09,1419.5647443619098,1.6381274534101702,1.1920928955078125e-07,1.1920929e-07,1.1920929e-07,0.0,13.343997,10.515,2.82,18.21,489.5,745.68,0.4819229303875859,0.57443124
1989-04-23,-1.4463387150794845e-08,1417.6501956318268,1.3089866577897649,1.1920928955078125e-07,1.1920929e-07,1.1920929e-07,0.0,13.343997,7.045,-2.47,16.56,535.79,519.19,0.4551466375290152,0.53737116
1989-04-24,-2.099629551847846e-08,1415.6691028744503,1.4934816653667413,1.1920928955078125e-07,1.1920929e-07,1.1920929e-07,0.0,13.439995,8.995,-0.96,18.95,540.51,560.53,0.42900484756881413,0.52810615
1989-04-25,-2.4342131757145982e-08,1413.56320491219,1.9293709124785632,1.1920928955078125e-07,1.1920929e-07,1.1920929e-07,0.0,13.439995,13.08,4.37,21.79,508.1,809.6,0.4028605041351687,0.51884115
1989-04-26,-2.2677508295063856e-08,1411.2742405674558,2.1958667515451973,1.1920928955078125e-07,1.1920929e-07,1.1920929e-07,0.0,13.535997,15.095,7.52,22.67,473.03,1023.71,0.37624724954560046,0.5095761
1989-04-27,-1.4962066413962795e-08,1408.8135252795335,2.197390027594465,1.1920928955078125e-07,1.1920929e-07,1.1920929e-07,0.0,13.535997,15.135,6.64,23.63,501.17,931.08,0.34959471170979806,0.5003111
1989-04-28,-7.632607951020643e-09,1407.013048651842,2.2212677060832604,1.1920928955078125e-07,1.1920929e-07,1.1920929e-07,0.0,13.580106,15.28,6.78,23.78,499.09,942.42,0.33129722099474485,0.48178104
1989-04-29,-3.2186073227174992e-09,1406.6532953287401,1.9679848541541873,1.1920928955078125e-07,1.1920929e-07,5.01,5.01,13.632,13.25,8.4,18.1,264.28,1111.69,0.3277576336377388,0.52810615
1989-04-30,-1.7593708140409605e-09,1409.093119078224,2.442286934194226,1.1920928955078125e-07,1.1920929e-07,2.47,2.47,13.632,16.76,9.98,23.54,384.2,1231.86,0.352525381228359,0.6207563
1989-05-01,-8.489763358647812e-10,1418.4065904483168,2.5626643536858364,1.1920928955078125e-07,1.1920929e-07,16.53,16.53,13.727997,17.335,10.63,24.04,321.57,1290.55,0.4655428150348999,1.361958
1989-05-02,-3.644176367116441e-10,1437.53677401607,2.114137259675597,1.1920928955078125e-07,1.1920929e-07,29.31,29.31,13.727997,13.945,9.91,17.98,223.61,1232.55,0.8241831010866053,4.8178105
1989-05-03,-2.1759031397012592e-10,1448.7159868689764,1.8211440024861427,1.1920928955078125e-07,1.1920929e-07,1.1920929e-07,0.0,13.72965,11.42,6.45,16.39,365.0,956.08,1.1507640979576867,1.5101982
1989-05-04,-1.3107507474583372e-10,1444.7197154240291,1.7641027904155628,1.1920928955078125e-07,1.1920929e-07,1.1920929e-07,0.0,13.824,10.85,2.78,18.92,501.74,742.51,1.0213298577291499,1.0376823
1989-05-05,-7.901398519857281e-11,1447.2348077880022,2.1439437759131694,1.1920928955078125e-07,1.1920929e-07,14.14,14.14,13.824,13.95,8.82,19.08,276.72,1145.78,1.100980491563621,2.6312656
1989-05-06,-4.7716334547704945e-11,1484.7483063879185,2.34332577360388,1.1920928955078125e-07,1.1920929e-07,66.46,66.46,13.920003,14.87,8.96,20.78,304.17,1156.97,3.374605556470014,20.660995
1989-05-07,-2.8900901574714057e-11,1516.0541705446274,1.702738600879563,1.1920928955078125e-07,1.1920929e-07,11.63,11.63,13.920003,9.425,3.62,15.23,309.76,792.5,8.593519084006015,7.523196
1989-05-08,-1.7497707103400028e-11,1511.8851801344626,1.6991415764301847,1.1920928955078125e-07,1.1920929e-07,1.57,1.57,13.920003,9.435,3.44,15.43,386.24,782.57,7.587716503812653,3.4280574
1989-05-09,-1.0408917779017194e-11,1502.2753907515541,1.8959806387361482,1.1920928955078125e-07,1.1920929e-07,1.1920929e-07,0.0,14.015994,11.155,4.04,18.27,465.95,803.31,5.6950751183621175,2.5293505
1989-05-10,-6.23436194267659e-12,1503.2418984151877,1.8698879787259888,1.1920928955078125e-07,1.1920929e-07,18.12,18.12,14.015994,10.925,7.61,14.24,190.63,1049.18,5.861817762913207,3.7986584
1989-05-11,-3.717151783434796e-12,1507.2375209223494,1.6941897324322597,1.1920928955078125e-07,1.1920929e-07,6.34,6.34,14.015994,9.33,6.45,12.21,171.31,960.14,6.604564312486677,3.214962
1989-05-12,-2.2205902616821584e-12,1502.6134108732883,1.6967581377937713,1.1920928955078125e-07,1.1920929e-07,0.99,0.99,14.111998,9.295,5.04,13.55,331.59,883.02,5.7528442530771775,2.4367003
1989-05-13,-1.3021914158123746e-12,1495.3844989937604,1.9104084009454507,1.1920928955078125e-07,1.1920929e-07,1.1920929e-07,0.0,14.111998,11.24,5.85,16.63,400.06,923.49,4.636008114869758,1.9549192
1989-05-14,-6.784779735243546e-13,1489.156999421097,2.3250918481983707,1.1920928955078125e-07,1.1920929e-07,2.33,2.33,14.111998,14.47,9.28,19.66,353.2,1182.18,3.8493839233604183,1.880799
1989-05-15,-3.7242664585282205e-13,1490.584028506327,2.396812485696438,1.1920928955078125e-07,1.1920929e-07,12.75,12.75,14.208003,14.84,10.31,19.37,261.09,1264.58,4.0169436286037445,2.760976
1989-05-16,-2.2142678850800127e-13,1506.657585409616,2.163189001815202,1.1920928955078125e-07,1.1920929e-07,28.5,28.5,14.208003,13.0,10.01,15.99,183.86,1240.69,6.4911860819640275,12.044526
1989-05-17,-1.3267014374781039e-13,1517.2737516903248,2.8558793755726284,1.1920928955078125e-07,1.1920929e-07,12.46,12.46,14.208003,17.445,12.09,22.8,298.64,1407.11,8.91221274144309,7.662172
1989-05-18,-7.922596898894448e-14,1511.2914345411727,3.2285019612704215,1.1920928955078125e-07,1.1920929e-07,1.1920929e-07,0.0,14.304006,19.465,10.76,28.17,516.25,1300.48,7.454386461896415,3.6133578
1989-05-19,-4.473871882825133e-14,1502.0491124375255,3.3639203961148865,1.1920928955078125e-07,1.1920929e-07,1.1920929e-07,0.0,14.304006,20.27,11.53,29.01,513.14,1362.48,5.656727662805939,2.6775908
1989-05-20,-2.554529485828329e-14,1493.478328773951,3.5268373646198836,1.1920928955078125e-07,1.1920929e-07,1.1920929e-07,0.0,14.304006,21.18,13.4,28.96,483.96,1544.31,4.3795206720017825,2.2050748
1989-05-21,-1.3408565737444248e-14,1484.4950477451578,3.4014465611056117,1.1920928955078125e-07,1.1920929e-07,1.1920929e-07,0.0,14.397217,20.55,14.48,26.62,422.39,1638.21,3.349183730942571,1.8900641
1989-05-22,-5.393754998387201e-15,1477.5651387249789,3.033728238161858,1.1920928955078125e-07,1.1920929e-07,1.1920929e-07,0.0,14.399997,18.68,11.02,26.34,491.7,1321.75,2.7231888526712567,1.6491736
1989-05-23,-2.5980490889961605e-15,1477.044800446755,2.9836130885294656,1.1920928955078125e-07,1.1920929e-07,10.11,10.11,14.399997,18.405,12.93,23.88,304.46,1474.51,2.681207669043073,1.6769687
1989-05-24,-1.5426221463647471e-15,1484.3479240720994,2.622679153747617,1.1920928955078125e-07,1.1920929e-07,14.57,14.57,14.399997,16.17,12.53,19.81,228.3,1442.99,3.3345036509524384,4.3174996
1989-05-25,-9.22297373794661e-16,1485.0438328910718,2.9849902317372434,1.1920928955078125e-07,1.1920929e-07,1.1920929e-07,0.0,14.495997,18.21,9.65,26.77,529.03,1211.96,3.404514244255209,2.0475695
1989-05-26,-5.516359228712416e-16,1479.8584585581757,3.6827148938036127,1.1920928955078125e-07,1.1920929e-07,3.16,3.16,14.495997,21.855,15.3,28.41,340.34,1743.78,2.9161885267945955,1.8993292
1989-05-27,-3.283802254696328e-16,1477.7041603377781,3.5662991681904757,1.1920928955078125e-07,1.1920929e-07,5.26,5.26,14.495997,21.325,14.93,27.72,339.18,1699.43,2.7345160425645574,1.880799
1989-05-28,-1.7047053262434222e-16,1475.6987103175866,2.477001465841713,1.1920928955078125e-07,1.1920929e-07,1.1920929e-07,0.0,14.495997,15.215,6.5,23.93,546.2,959.63,2.5755826570015645,1.4731382
1989-05-29,-2.848996563875468e-17,1471.7709932184546,2.7272818015629485,1.1920928955078125e-07,1.1920929e-07,1.1920929e-07,0.0,14.592003,16.74,8.53,24.95,526.97,1122.05,2.290573179224699,1.2600428
1989-05-30,6.342396190258783e-17,1466.673428907627,3.2170201706417605,1.1920928955078125e-07,1.1920929e-07,1.1920929e-07,0.0,14.592003,19.575,11.71,27.44,506.62,1376.47,1.9671761882944845,1.1673925
1989-05-31,7.074985572576899e-17,1461.1804325228618,3.818516990081095,1.1920928955078125e-07,1.1920929e-07,1.1920929e-07,0.0,14.592003,22.59,16.59,28.59,425.57,1887.06,1.6696087691157144,1.1210674
1989-06-01,2.843145673848546e-17,1455.4816777099766,4.606152851182893,1.1920928955078125e-07,1.1920929e-07,1.1920929e-07,0.0,14.592003,25.97,20.0,31.94,405.4,2320.0,1.4083742421298988,1.0654774
1989-06-02,-1.4469985143181552e-17,1449.8929964469032,4.543777133025879,1.1920928955078125e-07,1.1920929e-07,1.1920929e-07,0.0,14.592003,25.795,19.52,32.07,418.46,2281.9,1.1919245667023748,0.97282714
1989-06-03,-4.6175394126336655e-17,1445.1400981431084,3.8288029496844698,1.1920928955078125e-07,1.1920929e-07,1.1920929e-07,0.0,14.688,22.715,15.62,29.81,467.56,1769.35,1.0342301558623648,0.917237
1989-06-04,-5.490569441808438e-17,1441.9486922080587,3.927877217301565,1.1920928955078125e-07,1.1920929e-07,7.1,7.1,14.688,23.2,17.95,28.45,286.91,2072.22,0.9402292065170851,1.1210674
1989-06-05,-3.595906181539455e-17,1440.6424098734976,3.3705850066696836,1.1920928955078125e-07,1.1920929e-07,1.1920929e-07,0.0,14.688,20.565,14.34,26.79,441.78,1627.55,0.904263436408234,0.93576705
1989-06-06,-1.9173770513403198e-17,1441.0927150552243,3.3854303855957415,1.1920928955078125e-07,1.1920929e-07,6.86,6.86,14.688,20.635,16.48,24.79,245.72,1867.61,0.9165035431171227,1.0006222
1989-06-07,-1.0394232289675146e-17,1446.4301371062968,3.0471852394971637,1.1920928955078125e-07,1.1920929e-07,13.2,13.2,14.688,18.78,14.81,22.75,242.86,1687.61,1.0748437447486254,1.7510889
1989-06-08,-6.1747587452889945e-18,1446.363908257531,3.1282054318070895,1.1920928955078125e-07,1.1920929e-07,1.1920929e-07,0.0,14.688,19.225,13.98,24.47,405.82,1598.11,1.0727203847136848,1.4916682
1989-06-09,-3.696300906404881e-18,1446.7086800471031,3.5033484406520743,1.1920928955078125e-07,1.1920929e-07,9.55,9.55,14.732102,21.105,16.85,25.36,252.86,1912.19,1.0838202052709032,2.316255
1989-06-10,-2.2004214751222407e-18,1451.0640483143263,3.4632704333032103,1.1920928955078125e-07,1.1920929e-07,7.64,7.64,14.783998,20.795,16.26,25.33,265.89,1841.12,1.234337670954826,4.039549
1989-06-11,-1.2884676622558292e-18,1449.68964069311,2.978894999465213,1.1920928955078125e-07,1.1920929e-07,1.1920929e-07,0.0,14.783998,18.25,11.86,24.64,459.94,1388.75,1.1847093752550644,1.334163
1989-06-12,-7.573367265092668e-19,1445.299724453613,2.8655892585139764,1.1920928955078125e-07,1.1920929e-07,1.1920929e-07,0.0,14.783998,17.65,10.7,24.6,482.31,1296.04,1.0391711855354269,1.1210674
1989-06-13,-4.275304324711742e-19,1441.6970380050382,3.444923810857344,1.1920928955078125e-07,1.1920929e-07,1.94,1.94,14.783998,20.815,17.42,24.21,273.32,1987.79,0.9331909068016289,1.0932723
1989-06-14,-2.4050357183078616e-19,1441.9996041013897,3.2186744254683544,1.1920928955078125e-07,1.1920929e-07,7.39,7.39,14.783998,19.65,16.12,23.18,215.63,1827.81,0.9416595605591634,1.1210674
1989-06-15,-1.320065158908837e-19,1443.2207797443318,3.6533894171871655,1.1920928955078125e-07,1.1920929e-07,0.94,0.94,14.783998,21.81,16.84,26.78,373.25,1907.12,0.9766278289854173,1.1395975
1989-06-16,-6.080629286739355e-20,1444.5229215570248,3.8821024429606537,1.1920928955078125e-07,1.1920929e-07,9.76,9.76,14.783998,22.85,18.47,27.23,250.82,2119.05,1.0153462555279489,1.3156328
1989-06-17,-3.268513302539582e-20,1448.3564343214787,3.3407740505662034,1.1920928955078125e-07,1.1920929e-07,8.91,8.91,14.783998,20.21,15.45,24.97,280.09,1754.61,1.1384761319393073,1.7418238
1989-06-18,-1.827837983757164e-20,1446.9131977777622,3.3648766556090295,1.1920928955078125e-07,1.1920929e-07,1.1920929e-07,0.0,14.783998,20.35,13.66,27.04,472.11,1572.71,1.0904587871873959,1.0932723
1989-06-19,-1.0520620976941667e-20,1442.6396291844846,3.6953789422091723,1.1920928955078125e-07,1.1920929e-07,1.1920929e-07,0.0,14.783998,22.015,15.39,28.64,463.71,1749.76,0.9598275807759288,0.93576705
1989-06-20,-6.205566347539995e-21,1449.074796351754,3.8609981784861573,1.1920928955078125e-07,1.1920929e-07,16.5,16.5,14.783998,22.7,17.8,27.6,283.56,2044.63,1.1631588856280746,0.98209214
1989-06-21,-3.705365714138259e-21,1456.8771976257713,4.058810790282623,1.1920928955078125e-07,1.1920929e-07,9.84,9.84,14.783998,23.48,19.65,27.31,233.41,2286.93,1.4682972935095029,1.1951876
1989-06-22,-2.1941303859286926e-21,1458.9045360052876,4.22943107376973,1.1920928955078125e-07,1.1920929e-07,5.99,5.99,14.783998,24.18,19.66,28.7,266.68,2288.5,1.5599217431232943,2.4459653
1989-06-23,-1.3070582164149184e-21,1468.1545370326185,4.265906650914618,1.1920928955078125e-07,1.1920929e-07,19.55,19.55,14.783998,24.22,19.29,29.15,283.27,2238.74,2.0561226590295143,17.603539
1989-06-24,-7.835750746612918e-22,1476.4456538412558,4.17942450948678,1.1920928955078125e-07,1.1920929e-07,10.32,10.32,14.783998,23.76,18.49,29.03,357.57,2119.08,2.6336692031875124,2.5015554
1989-06-25,-4.685686652747197e-22,1474.0310021410007,4.243098658326027,1.1920928955078125e-07,1.1920929e-07,1.1920929e-07,0.0,14.783998,24.055,17.85,30.26,446.88,2053.17,2.450473778901069,1.4824033
1989-06-26,-2.7044466475443238e-22,1467.479557866785,4.637281531431966,1.1920928955078125e-07,1.1920929e-07,1.1920929e-07,0.0,14.783998,25.71,19.61,31.81,433.91,2284.74,2.015099331389873,1.1766576
1989-06-27,-1.5585971653360706e-22,1461.083026624303,4.846784193188634,1.1920928955078125e-07,1.1920929e-07,1.1920929e-07,0.0,14.783998,26.58,20.02,33.14,449.68,2322.62,1.6647600277721284,1.0006222
1989-06-28,-9.293930139349504e-23,1464.0229222034432,4.677117901162484,1.1920928955078125e-07,1.1920929e-07,14.18,14.18,14.783998,25.905,19.57,32.24,334.98,2274.74,1.8174970916147617,2.0383043
1989-06-29,-5.573363700132955e-23,1465.3251227528162,3.662468639008145,1.1920928955078125e-07,1.1920929e-07,1.1920929e-07,0.0,14.783998,21.59,15.8,27.38,448.7,1785.03,1.8895551078967412,1.2971028
1989-06-30,-3.335171737603587e-23,1460.0860095985438,3.0424145028101024,1.1920928955078125e-07,1.1920929e-07,1.1920929e-07,0.0,14.783998,18.485,11.0,25.97,520.98,1320.0,1.6159323082296906,1.0191522
1989-07-01,-1.9693626771154958e-23,1455.4315856810845,3.286067641496367,1.1920928955078125e-07,1.1920929e-07,1.1920929e-07,0.0,14.783998,19.845,11.62,28.07,531.77,1369.73,1.4062693861294433,0.92650205
1989-07-02,-1.169428138077846e-23,1450.2909041099078,3.7289251579634866,1.1920928955078125e-07,1.1920929e-07,1.1920929e-07,0.0,14.783998,22.08,14.53,29.63,503.83,1645.26,1.206169942893494,0.8801769
1989-07-03,-6.674645637476794e-24,1445.1529081509539,3.960457691769534,1.1920928955078125e-07,1.1920929e-07,1.1920929e-07,0.0,14.781217,23.195,17.49,28.9,431.91,1999.0,1.0346258048680368,0.8338518
1989-07-04,-3.968277687210064e-24,1446.6396102247916,4.032039851099996,1.1920928955078125e-07,1.1920929e-07,13.71,13.71,14.689652,23.6,19.3,27.9,269.49,2247.3,1.0815873618547123,0.8338518
1989-07-05,-2.3473040860814732e-24,1458.0777359813765,3.671270027666176,1.1920928955078125e-07,1.1920929e-07,17.09,17.09,14.688,21.83,19.28,24.38,172.53,2237.39,1.5218840538540719,5.559012
1989-07-06,-1.3893657098173567e-24,1462.9212342770925,3.919463012260492,1.1920928955078125e-07,1.1920929e-07,4.9,4.9,14.688,22.91,19.65,26.17,215.24,2286.21,1.7586846183380362,2.779506
1989-07-07,-8.233968818888963e-25,1459.2406326221071,4.408432040662358,1.1920928955078125e-07,1.1920929e-07,1.1920929e-07,0.0,14.688,25.025,18.99,31.06,441.05,2198.68,1.5756546260966888,2.0383043
1989-07-08,-4.5065664329892225e-25,1453.8257197093437,4.4380284576319236,1.1920928955078125e-07,1.1920929e-07,0.27,0.27,14.688,25.21,19.58,30.84,421.12,2286.07,1.3404326806227636,1.6677036
1989-07-09,-2.4853193778179843e-25,1448.5489221971518,3.852162181767861,1.1920928955078125e-07,1.1920929e-07,1.1920929e-07,0.0,14.688,22.78,15.64,29.92,488.47,1771.31,1.1450381337584679,1.389753
1989-07-10,-1.420899544674683e-25,1443.2900700748723,4.5240765485341035,1.1920928955078125e-07,1.1920929e-07,1.1920929e-07,0.0,14.636108,25.745,18.88,32.61,461.4,2180.31,0.9786504358832315,1.2044526
1989-07-11,-7.911769349672114e-26,1437.467057288697,5.3397937164736184,1.1920928955078125e-07,1.1920929e-07,1.1920929e-07,0.0,14.592003,28.87,24.02,33.72,354.05,3001.11,0.8224692653620369,1.0191522
1989-07-12,-4.5865233344747154e-26,1433.3095573540909,4.6061602240942126,1.1920928955078125e-07,1.1920929e-07,1.1920929e-07,0.0,14.592003,26.245,19.81,32.68,444.98,2306.49,0.7264550164813378,0.92650205
1989-07-13,-2.52929526899004e-26,1437.1182101486986,3.541220012079286,1.1920928955078125e-07,1.1920929e-07,17.97,17.97,14.592003,21.57,17.12,26.02,274.34,1945.28,0.8139469920297849,1.8530041
1989-07-14,-1.4983051490818606e-26,1443.6614591741743,3.407792784931878,1.1920928955078125e-07,1.1920929e-07,3.81,3.81,14.592003,20.83,15.77,25.89,302.07,1783.86,0.9895630131213083,1.389753
1989-07-15,-8.81101698654857e-27,1442.2528820375162,3.279479971685708,1.1920928955078125e-07,1.1920929e-07,3.3,3.3,14.540109,20.25,13.47,27.03,405.85,1555.57,0.948807730843168,1.0191522
1989-07-16,-5.204848332748772e-27,1446.6119007708667,3.60725988710999,1.1920928955078125e-07,1.1920929e-07,10.88,10.88,14.495997,21.89,17.62,26.16,260.13,2017.0,1.0806928824282998,1.1118025
1989-07-17,-3.097597854499713e-27,1448.839455695197,3.36599668353062,1.1920928955078125e-07,1.1920929e-07,2.23,2.23,14.495997,20.67,15.64,25.7,375.03,1770.79,1.1550142534412977,1.2971028
1989-07-18,-1.827737270876737e-27,1445.4867770341366,3.4382928227682203,1.1920928955078125e-07,1.1920929e-07,1.1920929e-07,0.0,14.495997,21.075,14.49,27.66,469.88,1639.12,1.0449912066907148,1.0191522
1989-07-19,-1.0822115901391554e-27,1441.6033180365628,3.6078254535662233,1.1920928955078125e-07,1.1920929e-07,1.1920929e-07,0.0,14.4441,22.015,16.13,27.9,437.1,1825.1,0.930583219201005,0.8338518
1989-07-20,-6.230881547023723e-28,1443.206695833519,4.040726524804128,1.1920928955078125e-07,1.1920929e-07,12.76,12.76,14.399997,24.03,19.15,28.91,281.66,2219.52,0.9762172265892414,1.6677036
1989-07-21,-3.6722417066305447e-28,1445.5707274451104,4.124920021122152,1.1920928955078125e-07,1.1920929e-07,2.1,2.1,14.399997,24.365,19.57,29.16,315.13,2277.47,1.0476138564944557,1.0191522
1989-07-22,-2.1244785064671897e-28,1440.933897859976,4.539238605944226,1.1920928955078125e-07,1.1920929e-07,1.1920929e-07,0.0,14.399997,26.125,21.02,31.23,374.97,2483.0,0.9121678073977587,0.92650205
1989-07-23,-1.235128388761346e-28,1435.5687806745334,4.507776730900903,1.1920928955078125e-07,1.1920929e-07,1.1920929e-07,0.0,14.305658,26.185,20.58,31.79,399.02,2412.21,0.7771492435993175,0.8338518
1989-07-24,-6.98613159797122e-29,1430.3629496186886,4.465915969172069,1.1920928955078125e-07,1.1920929e-07,1.1920929e-07,0.0,14.304006,26.085,20.16,32.01,412.9,2346.33,0.665272550393169,0.7875267
1989-07-25,1.101265139587894e-28,1425.2861632278273,4.505019382061015,1.1920928955078125e-07,1.1920929e-07,1.1920929e-07,0.0,14.304006,26.305,20.97,31.64,383.99,2475.31,0.5716999085242515,0.74120164
1989-07-26,5.724731157619881e-28,1420.322527546052,4.676910791319573,1.1920928955078125e-07,1.1920929e-07,1.1920929e-07,0.0,14.301225,27.045,21.28,32.81,401.04,2524.94,0.49295114968707954,0.8338518
1989-07-27,1.2585935458519908e-27,1415.480266335192,4.255548272257071,1.1920928955078125e-07,1.1920929e-07,1.1920929e-07,0.0,14.208003,25.53,19.46,31.6,422.72,2274.18,0.426592805379083,0.6022263
1989-07-28,2.109509447878463e-27,1410.767640636861,4.17288095894237,1.1920928955078125e-07,1.1920929e-07,1.1920929e-07,0.0,14.208003,25.24,19.98,30.5,387.24,2318.29,0.3705989405302705,0.53737116
1989-07-29,3.066242465491069e-27,1406.1929114926727,3.1418528255804223,1.1920928955078125e-07,1.1920929e-07,1.1920929e-07,0.0,14.208003,20.345,12.44,28.25,507.2,1435.3,0.3232830585919688,0.49104607
1989-07-30,4.069814242339475e-27,1401.7643399442409,2.9111350662618998,1.1920928955078125e-07,1.1920929e-07,5.68,5.68,14.111998,19.215,13.0,25.43,342.14,1480.0,0.28324155343254825,0.48178104
1989-07-31,5.061246422073345e-27,1397.4901870331792,2.6694332545568655,1.1920928955078125e-07,1.1920929e-07,15.88,15.88,14.111998,17.805,15.8,19.81,139.28,1784.07,0.2493063609280045,0.94503206
1989-08-01,5.9815606483423465e-27,1393.3787138011014,3.0589115052750344,1.1920928955078125e-07,1.1920929e-07,1.18,1.18,14.111998,20.16,16.17,24.15,343.15,1830.5,0.22050540743656344,0.75046664
1989-08-02,6.771778564796144e-27,1389.4381812896213,3.3134016592167734,1.1920928955078125e-07,1.1920929e-07,1.1920929e-07,0.0,14.015994,21.7,16.12,27.28,429.31,1823.65,0.19602964063880637,0.6207563
1989-08-03,7.372921815084401e-27,1385.6768505403525,3.855112040058841,1.1920928955078125e-07,1.1920929e-07,1.1920929e-07,0.0,14.015994,24.395,18.5,30.29,427.62,2120.0,0.17520559898881732,0.56516623
1989-08-04,7.726012042856782e-27,1382.1029825949088,4.296444870712996,1.1920928955078125e-07,1.1920929e-07,1.1920929e-07,0.0,14.013214,26.375,20.46,32.29,413.07,2394.19,0.157472628610118,0.52810615
1989-08-05,7.772070891762956e-27,1378.724838494904,4.478027605096127,1.1920928955078125e-07,1.1920929e-07,1.1920929e-07,0.0,13.920003,27.285,22.08,32.49,371.49,2652.33,0.14236399119445584,0.48178104
1989-08-06,7.452120005452583e-27,1375.5506792819515,4.496214947979688,1.1920928955078125e-07,1.1920929e-07,1.1920929e-07,0.0,13.920003,27.4,22.01,32.79,380.09,2641.67,0.1294912242653823,0.453986
1989-08-07,6.707181027575331e-27,1372.5887659976652,3.891759084380693,1.1920928955078125e-07,1.1920929e-07,6.14,6.14,13.824,24.975,18.5,31.45,330.02,2119.97,0.11853121738295022,0.43545595
1989-08-08,5.4782756017808655e-27,1369.847359683659,2.288672758012675,1.1920928955078125e-07,1.1920929e-07,1.1920929e-07,0.0,13.824,15.92,8.87,22.97,495.43,1149.89,0.10921555603218917,0.453986
1989-08-09,3.708344091329188e-27,1367.3514130366552,2.3354913168277722,1.1920928955078125e-07,1.1920929e-07,1.1920929e-07,0.0,13.824,16.285,8.76,23.81,506.25,1141.19,0.10137226991955482,0.4169259
1989-08-10,1.60021147863146e-27,1366.0543465337914,2.4160986674587366,1.1920928955078125e-07,1.1920929e-07,1.1920929e-07,0.0,13.727997,16.98,10.55,23.41,465.19,1283.85,0.09752139553554928,0.4076609
1989-08-11,-3.141267013724389e-28,1365.6369378396141,2.5956882040817226,1.1920928955078125e-07,1.1920929e-07,2.25,2.25,13.727997,18.185,14.41,21.96,298.97,1642.44,0.09631353070559369,0.42619094
1989-08-12,-1.5152573023922693e-27,1364.8816514538314,2.7705604282930105,1.1920928955078125e-07,1.1920929e-07,1.64,1.64,13.6761,19.36,15.53,23.19,319.23,1762.47,0.09416584051493496,0.46325102
1989-08-13,-1.4849034817023454e-27,1362.5731297149496,3.3208354848751567,1.1920928955078125e-07,1.1920929e-07,1.1920929e-07,0.0,13.632,22.56,17.48,27.64,383.62,1996.37,0.08789383728538074,0.46325102
1989-08-14,-7.168295246750973e-28,1359.3698883198233,3.4132205005385643,1.1920928955078125e-07,1.1920929e-07,0.61,0.61,13.632,23.08,18.0,28.16,380.83,2080.0,0.07987695377984595,0.42619094
1989-08-15,-4.5883275125930223e-29,1356.3395614044653,3.2776555648718615,1.1920928955078125e-07,1.1920929e-07,0.82,0.82,13.535997,22.535,17.37,27.7,375.53,1979.31,0.07296704721130175,0.47251603
1989-08-16,3.5608605334277675e-28,1353.2223320621724,3.601058267528859,1.1920928955078125e-07,1.1920929e-07,1.1920929e-07,0.0,13.535997,24.225,18.85,29.6,388.66,2176.26,0.06648216781269299,0.47251603
1989-08-17,3.3327081263625403e-28,1349.7427682914679,3.462996674594798,1.1920928955078125e-07,1.1920929e-07,1.1920929e-07,0.0,13.44165,23.705,18.46,28.95,385.56,2116.75,0.059921837916815525,0.42619094
1989-08-18,1.9930740965382855e-28,1346.3996279808412,3.0788179852222197,1.1920928955078125e-07,1.1920929e-07,0.24,0.24,13.439995,21.7,17.12,26.28,352.23,1945.46,0.054229313062204354,0.38913086
1989-08-19,1.2035730272950745e-28,1357.0710405515495,2.6730520219334957,1.1920928955078125e-07,1.1920929e-07,24.36,24.36,13.439995,19.145,15.59,22.7,225.47,1766.97,0.07457821356694258,1.0840074
1989-08-20,7.270605832488392e-29,1367.695537271688,3.2404838912892853,1.1920928955078125e-07,1.1920929e-07,4.42,4.42,13.343997,22.44,16.74,28.14,372.34,1898.16,0.10241922470395605,0.8801769
1989-08-21,4.3749464494413115e-29,1368.2083768737396,3.477936996470199,1.1920928955078125e-07,1.1920929e-07,3.2,3.2,13.343997,23.67,18.71,28.63,276.72,2153.02,0.10399957275720816,0.53737116
1989-08-22,2.576490030273268e-29,1366.2261896135565,3.471533007231165,1.1920928955078125e-07,1.1920929e-07,1.1920929e-07,0.0,13.248009,23.79,17.35,30.23,431.44,1975.43,0.09802305269904076,0.5095761
1989-08-23,1.3021904229226593e-29,1362.6027790084945,3.9073910241239314,1.1920928955078125e-07,1.1920929e-07,0.01,0.01,13.248009,25.935,20.34,31.53,385.57,2377.42,0.08797168134055967,0.44472098
1989-08-24,6.2578925350795375e-30,1358.7350066395531,3.48024418300172,1.1920928955078125e-07,1.1920929e-07,1.1920929e-07,0.0,13.196108,24.0,18.35,29.65,396.11,2113.21,0.07837704476271362,0.4076609
1989-08-25,3.1443245970474006e-30,1355.461683060607,2.7018270606913575,1.1920928955078125e-07,1.1920929e-07,1.1920929e-07,0.0,13.152,19.715,12.93,26.5,455.48,1476.5,0.07107930722090688,0.37060082
1989-08-26,4.059207536909552e-31,1352.5335174972595,2.8475992146957507,1.1920928955078125e-07,1.1920929e-07,1.1920929e-07,0.0,13.152,20.65,14.23,27.07,437.37,1621.32,0.06512881947480245,0.3150107
1989-08-27,-1.2780528596027493e-30,1349.6092482218337,2.9251018712079357,1.1920928955078125e-07,1.1920929e-07,1.1920929e-07,0.0,13.056,21.275,15.28,27.27,416.01,1742.66,0.05968342668899016,0.3150107
1989-08-28,-1.255615297372152e-30,1346.3685913088116,3.425534092186945,1.1920928955078125e-07,1.1920929e-07,1.1920929e-07,0.0,13.056,24.07,18.55,29.59,384.83,2127.22,0.05417908245063422,0.3150107
1989-08-29,-2.0772390204313797e-31,1343.2665333399273,3.502761580290028,1.1920928955078125e-07,1.1920929e-07,1.1920929e-07,0.0,12.96,24.635,19.58,29.69,360.19,2282.32,0.04938633246776337,0.3150107
1989-08-30,1.0804234494006037e-30,1340.524942312436,3.581397547204014,1.1920928955078125e-07,1.1920929e-07,7.25,7.25,12.96,25.065,20.3,29.83,253.46,2369.19,0.04550468756280989,0.33354074
1989-08-31,2.2743020879297123e-30,1338.016268921406,2.831740194927513,1.1920928955078125e-07,1.1920929e-07,1.1920929e-07,0.0,12.864003,21.12,13.73,28.51,453.32,1578.68,0.04222073381553655,0.29648066
1989-09-01,3.039387344514829e-30,1335.612963861906,2.963206435291893,1.1920928955078125e-07,1.1920929e-07,1.1920929e-07,0.0,12.864003,21.935,15.15,28.72,429.15,1731.76,0.03929721250060056,0.25942057
1989-09-02,3.0411545501265935e-30,1333.1874778290046,3.155499657688413,1.1920928955078125e-07,1.1920929e-07,1.1920929e-07,0.0,12.861222,23.065,17.95,28.18,355.74,2072.41,0.036551911138084196,0.2779506
1989-09-03,1.8569737056422748e-30,1330.6399795531734,2.28394197778399,1.1920928955078125e-07,1.1920929e-07,1.1920929e-07,0.0,12.768005,17.69,9.94,25.44,467.44,1235.04,0.03387476424149943,0.25942057
1989-09-04,-1.391920726785833e-30,1328.1582850267728,2.183492351368855,1.1920928955078125e-07,1.1920929e-07,1.1920929e-07,0.0,12.768005,16.97,9.64,24.3,455.08,1211.34,0.03145543974150932,0.24089052
1989-09-05,-6.100075816216738e-30,1325.7495718393784,2.1573059296860913,1.1920928955078125e-07,1.1920929e-07,1.1920929e-07,0.0,12.672003,16.925,10.18,23.67,433.7,1254.7,0.02927262039869359,0.22236049
1989-09-06,-1.1321305461697707e-29,1323.3443378392371,2.4831615520906984,1.1920928955078125e-07,1.1920929e-07,1.1920929e-07,0.0,12.672003,19.32,13.88,24.76,373.88,1590.14,0.027244105671733573,0.22236049
1989-09-07,-1.6109423562276007e-29,1320.8730808745963,2.4859560985982596,1.1920928955078125e-07,1.1920929e-07,1.1920929e-07,0.0,12.576006,19.5,13.03,25.97,413.73,1485.5,0.025306225939643514,0.24089052
1989-09-08,-1.9518244016998899e-29,1318.2662987937028,2.530368443380997,1.1920928955078125e-07,1.1920929e-07,1.1920929e-07,0.0,12.576006,19.835,14.04,25.63,386.69,1603.21,0.023411262306000574,0.25015554
1989-09-09,-2.0601580724913656e-29,1315.4544894448038,2.9868546414452544,1.1920928955078125e-07,1.1920929e-07,1.1920929e-07,0.0,12.479998,22.865,15.55,30.18,423.18,1764.34,0.02152601606673854,0.26868558
1989-09-10,-1.841324758506755e-29,1312.3681506761463,3.4530694160647903,1.1920928955078125e-07,1.1920929e-07,1.1920929e-07,0.0,12.479998,25.465,18.66,32.27,391.2,2145.16,0.019631009055530415,0.24089052
1989-09-11,-1.2258518684206975e-29,1308.9929005981621,3.3852278211907034,1.1920928955078125e-07,1.1920929e-07,1.1920929e-07,0.0,12.383997,25.295,18.77,31.82,377.8,2163.55,0.017749054732218772,0.20383045
1989-09-12,-5.513573051067417e-30,1305.9780316747372,2.7636939138215606,1.1920928955078125e-07,1.1920929e-07,1.1920929e-07,0.0,12.383997,21.775,16.66,26.89,333.59,1888.57,0.01622112431230875,0.19456543
1989-09-13,-5.275987865430806e-31,1303.2430379445968,2.691787528369506,1.1920928955078125e-07,1.1920929e-07,1.1920929e-07,0.0,12.287997,21.49,17.79,25.19,256.71,2042.02,0.014949128046202862,0.19456543
1989-09-14,1.384985507732212e-30,1300.417957873713,3.0284637604515017,1.1920928955078125e-07,1.1920929e-07,1.1920929e-07,0.0,12.287997,23.58,19.0,28.16,298.82,2200.86,0.013739869487637387,0.21309547
1989-09-15,8.377425713151739e-31,1299.3067569477123,2.93320478850284,1.1920928955078125e-07,1.1920929e-07,1.1920929e-07,0.0,12.287997,23.035,18.67,27.4,288.92,2150.87,0.013291484573508382,0.21309547
1989-09-16,4.652398175292627e-31,1303.8212677903432,2.3338194266153853,1.1920928955078125e-07,1.1920929e-07,13.03,13.03,12.191998,19.175,15.77,22.58,183.04,1784.64,0.015209462223558866,0.37060082
1989-09-17,2.7268120331331617e-31,1310.7200017026437,2.298157823701134,1.1920928955078125e-07,1.1920929e-07,6.77,6.77,12.191998,18.825,14.53,23.12,223.2,1645.86,0.018688343942560647,0.42619094
1989-09-18,1.5136966171048503e-31,1311.676743113977,2.1630038146963133,1.1920928955078125e-07,1.1920929e-07,1.1920929e-07,0.0,12.096,17.925,13.25,22.6,317.55,1519.51,0.019229900343871797,0.29648066
1989-09-19,8.908375154836853e-32,1311.7061196108002,2.006428437106841,1.1920928955078125e-07,1.1920929e-07,2.96,2.96,12.096,16.67,13.86,19.48,173.21,1584.46,0.01924677472856379,0.26868558
1989-09-20,5.124433490244923e-32,1320.6656862202613,2.204700228388794,1.1920928955078125e-07,1.1920929e-07,17.03,17.03,12.000003,18.265,14.65,21.88,193.23,1667.48,0.025150004224117548,0.42619094
1989-09-21,3.0324391353884034e-32,1330.3797582369523,2.9990189656797193,1.1920928955078125e-07,1.1920929e-07,6.37,6.37,12.000003,23.425,18.67,28.18,228.09,2149.76,0.033612587895329726,0.42619094
1989-09-22,1.7480876433037962e-32,1333.276659554492,3.0999355088927327,1.1920928955078125e-07,1.1920929e-07,5.77,5.77,11.903997,24.11,19.72,28.5,211.6,2297.86,0.0366493707626152,0.46325102
1989-09-23,1.0296105291140827e-32,1335.6674292711307,2.1367951547069635,1.1920928955078125e-07,1.1920929e-07,4.16,4.16,11.903997,17.685,8.52,26.85,332.26,1121.76,0.03936117068456164,0.5095761
1989-09-24,5.9189008382483505e-33,1336.193135172451,1.2783297604211095,1.1920928955078125e-07,1.1920929e-07,1.1920929e-07,0.0,11.808,9.49,3.0,15.98,403.44,759.73,0.039983878335198605,0.37060082
1989-09-25,3.511781474217397e-33,1333.5657385408788,1.3033677359014653,1.1920928955078125e-07,1.1920929e-07,1.1920929e-07,0.0,11.808,9.825,2.65,17.0,418.74,732.12,0.03696707213363758,0.2779506
1989-09-26,2.085710332802088e-33,1338.5596727497307,1.8369773812718748,1.1920928955078125e-07,1.1920929e-07,14.36,14.36,11.711997,15.41,9.97,20.85,259.66,1237.74,0.04291135017954436,0.5095761
1989-09-27,1.2360228852727436e-33,1342.025013204818,1.463249626286617,1.1920928955078125e-07,1.1920929e-07,1.1920929e-07,0.0,11.711997,11.685,3.51,19.86,429.39,799.7,0.047589132737517095,0.42619094
1989-09-28,7.056750336854057e-34,1340.6650100811648,1.3407662770243471,1.1920928955078125e-07,1.1920929e-07,1.1920929e-07,0.0,11.711997,10.315,1.55,19.08,436.05,683.78,0.045695393069188836,0.2779506
1989-09-29,3.063697449893206e-34,1338.9022423503477,1.70446573934837,1.1920928955078125e-07,1.1920929e-07,1.1920929e-07,0.0,11.616,14.315,5.78,22.85,418.54,920.1,0.04335251858204542,0.25942057
1989-09-30,9.338273917008834e-35,1337.1219689268753,1.9837351730046509,1.1920928955078125e-07,1.1920929e-07,1.1920929e-07,0.0,11.616,16.835,10.7,22.97,349.65,1295.87,0.04110827466560944,0.25942057
1989-10-01,3.307835286584204e-35,1335.5152420549853,1.733756299176763,1.1920928955078125e-07,1.1920929e-07,4.26,4.26,11.520008,14.77,9.12,20.42,251.52,1169.79,0.03918271915923846,0.34280574
1989-10-02,-5.608898806824878e-35,1334.0953537769406,2.176446504000868,1.1920928955078125e-07,1.1920929e-07,18.38,18.38,11.520008,18.565,14.65,22.48,183.63,1668.92,0.03755628779375079,0.46325102
1989-10-03,-1.591300710997424e-34,1332.7895962299572,2.1005836313534596,1.1920928955078125e-07,1.1920929e-07,2.57,2.57,11.423997,18.125,14.0,22.25,231.96,1600.15,0.03612024574711557,0.51884115
1989-10-04,-2.5280621556381602e-34,1331.5247002538197,1.377491086989822,1.1920928955078125e-07,1.1920929e-07,1.1920929e-07,0.0,11.423997,11.245,4.16,18.33,385.32,813.16,0.03478152283890388,0.42619094
1989-10-05,-3.1387874079564697e-34,1330.2273966883138,1.3719026628854738,1.1920928955078125e-07,1.1920929e-07,1.1920929e-07,0.0,11.328,11.33,4.04,18.62,386.38,803.24,0.03346002452139967,0.36133578
1989-10-06,-3.1910896613041223e-34,1328.824416373224,1.6649412472351293,1.1920928955078125e-07,1.1920929e-07,1.1920929e-07,0.0,11.328,14.465,8.01,20.92,353.98,1080.83,0.03208733068896266,0.33354074
1989-10-07,-2.4525821090328894e-34,1327.2424901483362,1.6696963866614098,1.1920928955078125e-07,1.1920929e-07,1.1920929e-07,0.0,11.232,14.67,9.23,20.11,317.2,1178.8,0.0306069818326003,0.3242757
1989-10-08,-1.1379191177565697e-34,1325.510370364684,1.0604639695008955,1.1920928955078125e-07,1.1920929e-07,1.1920929e-07,0.0,11.232,7.49,0.44,14.54,377.07,635.02,0.029064298020787516,0.30574566
1989-10-09,1.4233787954603484e-35,1323.9122350445348,1.0062002849660512,1.1920928955078125e-07,1.1920929e-07,1.1920929e-07,0.0,11.138781,6.83,0.69,12.97,350.48,638.71,0.027710002683641585,0.30574566
1989-10-10,1.0462431984777103e-34,1322.7557717951536,1.060855630349183,1.1920928955078125e-07,1.1920929e-07,1.1920929e-07,0.0,11.136,7.66,0.54,14.78,373.19,639.67,0.02676951656858794,0.30574566
1989-10-11,1.2318811850488536e-34,1322.3486648484009,1.2610038177169731,1.1920928955078125e-07,1.1920929e-07,2.0,2.0,11.136,10.36,2.99,17.73,370.36,758.9,0.02644609227792735,0.3150107
1989-10-12,6.753146425714116e-35,1322.2781876434528,1.500046499515137,1.1920928955078125e-07,1.1920929e-07,1.1920929e-07,0.0,11.04,13.27,3.94,22.6,391.21,800.64,0.026390500092712675,0.30574566
1989-10-13,6.65898353185957e-36,1321.1349749182175,1.9420777367835225,1.1920928955078125e-07,1.1920929e-07,1.1920929e-07,0.0,11.04,17.53,8.92,26.14,365.78,1153.68,0.025504886908059216,0.30574566
1989-10-14,-4.065130746829339e-35,1319.2303551931755,2.0138790883031397,1.1920928955078125e-07,1.1920929e-07,1.1920929e-07,0.0,10.944003,18.31,10.87,25.75,336.67,1309.27,0.02409494286386051,0.29648066
1989-10-15,-5.862932039078868e-35,1316.956460773099,2.2711388181104564,1.1920928955078125e-07,1.1920929e-07,1.1920929e-07,0.0,10.944003,20.38,12.53,28.23,333.93,1442.57,0.022513341380679532,0.29648066
1989-10-16,-4.0050707651298954e-35,1314.7727544839252,2.1890638496811077,1.1920928955078125e-07,1.1920929e-07,1.1920929e-07,0.0,10.848002,19.93,11.41,28.45,341.48,1352.62,0.0210922784678994,0.28721562
1989-10-17,-2.3873141792452391e-35,1321.862470679538,2.3708011262579394,1.1920928955078125e-07,1.1920929e-07,20.63,20.63,10.848002,21.205,16.2,26.21,178.57,1832.32,0.02606495342792514,0.34280574
1989-10-18,-1.4405804756969115e-35,1332.5189052493454,1.5608791065807062,1.1920928955078125e-07,1.1920929e-07,6.33,6.33,10.803894,14.14,8.09,20.19,215.92,1087.16,0.03582948816639015,0.71340656
1989-10-19,-8.693657475504225e-36,1357.9641140771118,1.0383123938674546,1.1920928955078125e-07,1.1920929e-07,40.28,40.28,10.752,7.465,4.77,10.16,112.36,861.41,0.07659362073493746,2.9370115
1989-10-20,-5.2485209706596606e-36,1390.4232457112403,1.1510895102842758,1.1920928955078125e-07,1.1920929e-07,26.46,26.46,10.752,8.695,4.74,12.65,156.72,859.17,0.20188089802164658,6.457719
1989-10-21,-3.098951310039903e-36,1406.5228566519165,0.9517561689631594,1.1920928955078125e-07,1.1920929e-07,10.22,10.22,10.655997,5.735,0.95,10.52,209.39,644.65,0.3264836196564362,2.1216896
1989-10-22,-1.7804156818316653e-36,1409.0747901133384,1.239251593757807,1.1920928955078125e-07,1.1920929e-07,1.1920929e-07,0.0,10.655997,9.78,3.53,16.03,289.22,786.84,0.3523325088983094,1.0376823
1989-10-23,-1.0463825123046716e-36,1407.5045150294802,1.231808076678802,1.1920928955078125e-07,1.1920929e-07,1.1920929e-07,0.0,10.559998,9.845,0.88,18.81,345.42,641.73,0.3361945850691871,0.80605674
1989-10-24,-6.035235284364591e-37,1405.9075368803897,1.309720820548938,1.1920928955078125e-07,1.1920929e-07,1.1920929e-07,0.0,10.559998,10.83,1.5,20.16,344.16,680.0,0.32054015985276885,0.70414156
1989-10-25,1.888874264605257e-37,1404.3167260211715,1.3855475261335968,1.1920928955078125e-07,1.1920929e-07,1.1920929e-07,0.0,10.558345,11.745,2.28,21.21,340.26,720.0,0.3056709427265167,0.6392864
1989-10-26,1.7399474551830465e-36,1402.8238201342697,1.5262193388220782,1.1920928955078125e-07,1.1920929e-07,1.1920929e-07,0.0,10.464,13.46,4.66,22.26,322.87,853.03,0.2923448264515582,0.6022263
1989-10-27,3.754693086949392e-36,1401.4614018869236,1.5885249783409747,1.1920928955078125e-07,1.1920929e-07,1.1920929e-07,0.0,10.464,14.125,4.87,23.38,324.87,869.59,0.2806911517252561,0.56516623
1989-10-28,5.9381608509778546e-36,1400.2620539463733,1.674420776877154,1.1920928955078125e-07,1.1920929e-07,1.1920929e-07,0.0,10.367997,15.15,7.04,23.26,301.77,1002.99,0.2708174163401876,0.53737116
1989-10-29,7.995387276486725e-36,1399.258358979858,1.6952709648695437,1.1920928955078125e-07,1.1920929e-07,1.1920929e-07,0.0,10.367997,15.365,7.54,23.19,293.55,1043.01,0.2628218821926065,0.5095761
1989-10-30,9.631408892694291e-36,1398.4828996546175,1.609178651624027,1.1920928955078125e-07,1.1920929e-07,1.1920929e-07,0.0,10.323892,14.59,7.18,22.0,282.74,1014.74,0.25680650419817186,0.49104607
1989-10-31,1.0551262228818843e-35,1397.9682586378913,1.7678392777314955,1.1920928955078125e-07,1.1920929e-07,2.02,2.02,10.272,16.225,12.45,20.0,156.44,1435.63,0.2528905428028313,0.5003111
1989-11-01,1.0459983814078672e-35,1397.7470185969194,1.3864506012104467,1.1920928955078125e-07,1.1920929e-07,2.49,2.49,10.272,12.27,6.68,17.86,200.86,974.41,0.2512255087874605,0.56516623
1989-11-02,9.06261017769208e-36,1397.851762198941,0.9884580929291168,1.1920928955078125e-07,1.1920929e-07,1.1920929e-07,0.0,10.176,7.11,1.91,12.31,223.89,713.19,0.25201242946710345,0.51884115
1989-11-03,6.11006544741863e-36,1398.2731361560463,0.9813715360608958,1.1920928955078125e-07,1.1920929e-07,2.0,2.0,10.176,6.995,3.55,10.44,158.04,789.12,0.2552031219996919,0.5095761
1989-11-04,2.7075334137449003e-36,1398.0773657580735,0.7248156079262525,1.1920928955078125e-07,1.1920929e-07,1.1920929e-07,0.0,10.176,2.44,-4.03,8.91,265.16,440.0,0.2537157323290477,0.5003111
1989-11-05,-2.3127577752098317e-38,1397.1159816872846,0.9385422323611994,1.1920928955078125e-07,1.1920929e-07,1.1920929e-07,0.0,10.079997,6.47,-1.56,14.5,291.39,553.13,0.24653636044196092,0.48178104
1989-11-06,-1.3527189523852576e-36,1395.720156449263,1.3126191122369903,1.1920928955078125e-07,1.1920929e-07,1.1920929e-07,0.0,10.079997,11.72,6.91,16.53,199.96,993.19,0.236472747053411,0.49104607
1989-11-07,-9.704475140254875e-37,1394.6337357435739,1.1909744532769952,1.1920928955078125e-07,1.1920929e-07,1.1920929e-07,0.0,10.035892,10.26,3.48,17.04,256.77,798.1,0.22892504571543523,0.48178104
1989-11-08,-5.25707861542436e-37,1396.7486712034952,1.2419168467535557,1.1920928955078125e-07,1.1920929e-07,6.28,6.28,9.983997,10.98,7.86,14.1,101.88,1068.51,0.24384733182751034,0.51884115
1989-11-09,-2.9438403875326563e-37,1403.4446492176999,1.311416871849235,1.1920928955078125e-07,1.1920929e-07,11.0,11.0,9.983997,11.77,7.59,15.95,132.54,1046.82,0.29781447355400464,1.2322477
1989-11-10,-1.6415300537427694e-37,1406.5340433940275,0.9314354722113649,1.1920928955078125e-07,1.1920929e-07,1.43,1.43,9.888,6.545,0.5,12.59,226.8,639.99,0.3265926878158147,1.1118025
1989-11-11,-8.844858076558303e-38,1405.774714961435,0.871984270108213,1.1920928955078125e-07,1.1920929e-07,1.1920929e-07,0.0,9.888,5.55,-2.0,13.1,274.44,520.0,0.3192714808509884,0.6948765
1989-11-12,-5.02784872242975e-38,1404.5761479526195,1.1321006427638218,1.1920928955078125e-07,1.1920929e-07,1.1920929e-07,0.0,9.888,9.585,4.2,14.97,218.62,816.23,0.3080478067748722,0.6114913
1989-11-13,-2.495839398807911e-38,1403.2869494032623,0.9743129124097575,1.1920928955078125e-07,1.1920929e-07,1.1920929e-07,0.0,9.792,7.42,-0.86,15.7,280.6,571.04,0.2964154811591165,0.53737116
1989-11-14,-1.616356028925374e-11,1401.8102245302687,1.4978813760722705,1.1920928955078125e-07,1.1920929e-07,1.1920929e-07,0.0,9.792,14.245,6.75,21.74,256.58,980.32,0.28362986626660236,0.5095761
1989-11-15,-1.5634731269758662e-10,1400.38935721591,1.7971456898713492,1.1920928955078125e-07,1.1920929e-07,2.01,2.01,9.792,17.265,12.03,22.5,174.0,1402.23,0.2718487571887736,0.5095761
1989-11-16,-3.830949135093123e-10,1399.0865254865942,1.3618957159551055,1.1920928955078125e-07,1.1920929e-07,25.72,25.72,9.698783,12.89,5.87,19.91,184.54,926.98,0.26147690119160544,2.3903751
1989-11-17,-6.261270442839103e-10,1397.8973563106388,0.7078117166734976,1.1920928955078125e-07,1.1920929e-07,1.1920929e-07,0.0,9.696003,2.805,-2.02,7.63,200.22,530.75,0.25235573973704956,1.4916682
1989-11-18,-8.151643865808607e-10,1396.817476656361,0.6408469856716517,1.1920928955078125e-07,1.1920929e-07,1.1920929e-07,0.0,9.696003,1.355,-4.84,7.55,235.17,440.0,0.24434880473670245,0.8709119
1989-11-19,-8.799276219596433e-10,1395.8425134920778,0.5428464893164477,1.1920928955078125e-07,1.1920929e-07,1.1920929e-07,0.0,9.696003,-1.035,-5.84,3.77,195.38,400.0,0.23733824103155995,0.7319366
1989-11-20,-7.50137431979737e-10,1394.968093786107,1.0032757152925147,1.1920928955078125e-07,1.1920929e-07,1.1920929e-07,0.0,9.6,8.27,0.36,16.18,255.83,629.16,0.23122190903629689,0.6856115
1989-11-21,-3.5551449820062236e-10,1394.1898445067654,0.9514864746685657,1.1920928955078125e-07,1.1920929e-07,0.29,0.29,9.6,7.46,-1.37,16.29,265.86,554.38,0.22591096078928638,0.6300214
1989-11-22,3.120812943515531e-10,1393.499861064611,0.4627170120706056,1.1920928955078125e-07,1.1920929e-07,1.1920929e-07,0.0,9.6,-3.135,-7.0,0.73,159.78,360.0,0.22130446669180803,0.5559012
1989-11-23,8.390370306634948e-10,1392.8510624022413,0.4673021406470756,1.1920928955078125e-07,5.42,1.6152859e-07,5.42,9.555897,-2.925,-6.53,0.68,127.66,365.41,0.21705865422256393,0.5929613
1989-11-24,1.1354439878205668e-09,1392.1887544831159,0.4454280689631582,1.1920928955078125e-07,1.1920929e-07,1.1920929e-07,0.0,9.504003,-3.515,-9.21,2.18,245.78,303.49,0.2128084437792409,0.56516623
1989-11-25,1.200771212625708e-09,1391.4611331302988,0.5557720663020744,1.1920928955078125e-07,1.1920929e-07,1.1920929e-07,0.0,9.504003,-0.365,-6.84,6.11,264.55,360.0,0.2082349755009491,0.5559012
1989-11-26,1.0344877518818581e-09,1390.6163941668535,0.8568494258463478,1.1920928955078125e-07,1.1920929e-07,1.1920929e-07,0.0,9.504003,6.05,0.08,12.02,246.33,608.54,0.20304851336055177,0.6022263
1989-11-27,4.689513241630178e-06,1389.6295984711003,0.7925417226161334,2.3448115996511873e-06,1.1920929e-07,1.1920929e-07,0.0,9.459894,4.95,-0.48,10.38,230.87,600.0,0.19715322257681459,0.58369625
1989-11-28,4.411802276135e-05,1388.684842036607,1.0642780767448055,2.2063877380427e-05,1.1920929e-07,3.0,3.0,9.408,9.575,3.5,15.65,164.99,799.05,0.19166952918223237,0.6670815
1989-11-29,0.00010178995402156213,1387.8142203465356,0.774972217325905,5.0920879995393795e-05,1.1920929e-07,1.1920929e-07,0.0,9.408,4.715,-2.03,11.46,237.09,530.24,0.18675128064165977,0.5929613
1989-11-30,0.0001509693002390212,1387.001659360666,0.5232032632299666,1.1920928955078125e-07,1.1920929e-07,1.1920929e-07,0.0,9.408,-1.04,-7.2,5.12,227.09,359.02,0.18227494819959128,0.51884115
1989-12-01,0.00016492005463048206,1386.2310850387787,0.5638955665652026,4.28961784923498e-05,1.1920929e-07,1.1920929e-07,0.0,9.408,0.045,-3.62,3.71,155.06,464.43,0.1781290804395054,0.5003111
1989-12-02,0.0001258255053120369,1385.481884923702,0.5677795365451099,5.4243529820414174e-05,1.1920929e-07,1.1920929e-07,0.0,9.363897,0.22,-6.87,7.31,240.46,360.0,0.17418864108587592,0.48178104
1989-12-03,9.708116255825775e-05,1384.7345504312502,0.5713866519444848,4.730862989504146e-05,1.1920929e-07,1.1920929e-07,0.0,9.311997,0.4,-5.31,6.11,210.8,417.32,0.17034485778662933,0.48178104
1989-12-04,8.954618010955097e-05,1384.0766441503633,0.4132620227760741,1.1920928955078125e-07,1.1920929e-07,1.1920929e-07,0.0,9.311997,-4.195,-8.08,-0.31,160.91,320.0,0.16703129743265963,0.453986
1989-12-05,3.8325957696853234e-05,1383.4541725128925,0.5033359780385463,1.1920928955078125e-07,1.1920929e-07,1.1920929e-07,0.0,9.311997,-1.41,-4.02,1.2,114.61,447.07,0.16395556707930176,0.453986
1989-12-06,-2.9154525693034065e-05,1382.734956779222,0.6138632263103218,1.1920928955078125e-07,1.1920929e-07,1.1920929e-07,0.0,9.311997,1.465,-1.88,4.81,142.44,529.22,0.16047226587950722,0.46325102
1989-12-07,-2.416540789022353e-05,1381.9131645517177,0.6793077425771352,1.1920928955078125e-07,1.1920929e-07,1.1920929e-07,0.0,9.311997,2.965,-2.33,8.26,202.47,517.17,0.15658266370906374,0.46325102
1989-12-08,2.272836095547195,1382.5108255766413,0.427474649065419,1.1920928955078125e-07,6.88,1.1920929e-07,6.88,9.310348,-3.705,-6.91,-0.5,116.39,360.0,0.15940195393183385,0.43545595
1989-12-09,6.935510636961334,1382.000966123892,0.3004014297359046,1.1920928955078125e-07,2.29,1.1920929e-07,2.29,9.2187805,-8.395,-13.29,-3.5,203.04,216.58,0.15699369585726541,0.43545595
1989-12-10,7.945625432229208,1381.5342046412163,0.33958402852728836,1.1920928955078125e-07,1.1920929e-07,1.1920929e-07,0.0,9.216,-6.73,-14.12,0.66,272.09,200.0,0.1548209202188787,0.44472098
1989-12-11,7.69789029311579,1380.9945694707462,0.435544448068325,1.1920928955078125e-07,1.1920929e-07,1.1920929e-07,0.0,9.216,-3.285,-10.04,3.47,259.55,280.0,0.15234637011758517,0.44472098
1989-12-12,8.336436153065263,1380.7131261142658,0.522995523625644,1.1920928955078125e-07,0.03779912,1.9622009,2.0,9.216,-0.685,-3.37,2.0,130.12,479.47,0.15107151726750545,0.44472098
1989-12-13,9.461780042528313,1381.981646669549,0.48349376027692786,1.1920928955078125e-07,4.117484,0.0025156306,4.12,9.216,-1.82,-4.25,0.61,91.94,440.0,0.15690316174545624,0.43545595
1989-12-14,11.718773791564702,1381.4193673582322,0.3448301887058941,1.1920928955078125e-07,1.1920929e-07,1.1920929e-07,0.0,9.216,-6.52,-12.97,-0.07,259.19,234.56,0.15429097785545606,0.4169259
1989-12-15,11.857990623334477,1380.9260926200498,0.33955919998826517,1.1920928955078125e-07,0.59,1.1920929e-07,0.59,9.216,-6.725,-11.8,-1.65,219.0,240.0,0.15203520391556893,0.39839587
1989-12-16,13.751264213842765,1380.429459603805,0.3510798384998469,1.1920928955078125e-07,2.99,1.1920929e-07,2.99,9.216,-6.265,-11.5,-1.03,175.1,247.76,0.14979738882613733,0.37986583
1989-12-17,15.272454410971848,1379.9826558806053,0.2476797781180412,1.1920928955078125e-07,1.1920929e-07,1.1920929e-07,0.0,9.216,-10.93,-15.25,-6.61,206.38,200.0,0.14781226414465196,0.36133578
1989-12-18,15.275452585179053,1379.5729538327514,0.27814711864697617,1.1920928955078125e-07,1.1920929e-07,1.1920929e-07,0.0,9.216,-9.395,-14.4,-4.39,228.81,200.0,0.1460151096817539,0.36133578
1989-12-19,15.275452585179053,1379.1456141561155,0.2569379256381573,1.1920928955078125e-07,1.1920929e-07,1.1920929e-07,0.0,9.216,-10.44,-15.91,-4.97,241.19,166.91,0.14416386552458926,0.35207078
1989-12-20,15.275452585179053,1378.7063417197164,0.3069337869232047,1.1920928955078125e-07,1.1920929e-07,1.1920929e-07,0.0,9.216,-8.07,-13.01,-3.13,227.77,237.33,0.14228538863600249,0.33354074
1989-12-21,15.275452585179053,1378.2680557021945,0.2899215966335881,1.1920928955078125e-07,1.1920929e-07,1.1920929e-07,0.0,9.216,-8.83,-13.46,-4.2,222.58,203.05,0.1404355246972424,0.33354074
1989-12-22,15.275452585179053,1377.8765724817176,0.21175786976689695,1.1920928955078125e-07,1.1920929e-07,1.1920929e-07,0.0,9.216,-12.945,-18.28,-7.61,242.99,159.98,0.138803544732427,0.33354074
1989-12-23,15.275452585179053,1377.5233298304095,0.21753164928888474,1.1920928955078125e-07,1.1920929e-07,1.1920929e-07,0.0,9.216,-12.595,-17.44,-7.75,227.62,160.0,0.13734726146855766,0.3242757
1989-12-24,15.275452585179053,1377.1657369082816,0.22946589334031253,1.1920928955078125e-07,1.1920929e-07,1.1920929e-07,0.0,9.216,-11.9,-17.42,-6.38,246.18,160.0,0.13588860531380584,0.3242757
1989-12-25,15.26229422923347,1376.7929733633039,0.2509037282545275,1.1920928955078125e-07,1.1920929e-07,1.1920929e-07,0.0,9.216,-10.73,-16.86,-4.6,260.19,160.0,0.1343845552117854,0.3242757
1989-12-26,15.701849488423901,1376.3406419628757,0.39460608746037634,1.1920928955078125e-07,0.85,1.1920929e-07,0.85,9.216,-4.615,-9.1,-0.13,216.43,312.03,0.13258179859210967,0.33354074
1989-12-27,16.128245233317735,1375.8879147863208,0.251982780105569,1.1920928955078125e-07,1.1920929e-07,1.1920929e-07,0.0,9.216,-10.665,-16.82,-4.51,262.14,160.0,0.13080168008647305,0.33354074
1989-12-28,16.141686793837522,1375.4319815231113,0.385199424174041,1.1920928955078125e-07,1.1920929e-07,1.1920929e-07,0.0,9.216,-4.94,-11.22,1.34,262.17,261.65,0.12903310988370673,0.35207078
1989-12-29,16.14129287551712,1374.8999621945427,0.4274808201166391,1.1920928955078125e-07,1.1920929e-07,1.1920929e-07,0.0,9.216,-3.485,-8.6,1.63,236.77,320.0,0.12699960986181877,0.38913086
1989-12-30,16.52681605501215,1374.3305964506146,0.502896815029221,1.1920928955078125e-07,0.7750185,0.28498146,1.06,9.216,-1.18,-3.75,1.39,139.71,460.17,0.12485885049836969,0.6392864
1989-12-31,16.572328413209135,1384.430725278116,0.5601267931183432,2.066252740415962,2.927929e-05,20.04997,20.05,9.216,0.265,-1.89,2.42,89.96,535.19,0.16880654447769966,1.1118025
1990-01-01,7.588883029448975,1404.2469154679459,0.6790311410568025,7.588883029448975,1.1920929e-07,2.96,2.96,9.216,2.875,-0.48,6.23,156.63,596.82,0.3050344651301417,1.5750535
1990-01-02,2.7776109014770407,1409.2903070623502,0.5825698988510756,2.7493921154905543,1.1920929e-07,1.1920929e-07,0.0,9.267895,0.495,-4.45,5.44,231.57,440.53,0.35460704401223087,2.223605
1990-01-03,1.009190161544793,1409.9235320095293,0.674812800343248,1.0091483690940592,1.1920929e-07,1.1920929e-07,0.0,9.311997,2.57,-4.5,9.64,275.41,440.0,0.3613753165103384,1.2971028
1990-01-04,0.3676335955677551,1411.5859084970796,0.7135693637645919,0.35855653520813896,1.1920929e-07,3.93,3.93,9.311997,3.38,-2.65,9.41,196.72,507.79,0.37976486344845545,1.0191522
1990-01-05,0.142903565100058,1412.554683994394,0.8132399592735345,0.11528759612752965,1.1920929e-07,1.1920929e-07,0.0,9.311997,5.33,0.67,9.99,220.5,636.77,0.39091023695556926,1.1581275
1990-01-06,0.06566235651533008,1411.458726710368,0.741319114279849,0.043238761036793825,1.1920929e-07,1.1920929e-07,0.0,9.311997,3.95,0.14,7.76,191.41,611.31,0.378325482337383,1.1581275
1990-01-07,0.03489249287141431,1409.7610258040802,0.5771132294475606,0.018877264458802875,1.1920929e-07,1.1920929e-07,0.0,9.311997,0.285,-5.93,6.5,266.67,400.0,0.3596261318188024,0.92650205
1990-01-08,0.02031017332831664,1413.292635483315,0.5825672680844215,0.010848320488923216,3.988743e-06,9.559997,9.56,9.311997,0.385,-2.73,3.5,124.64,501.29,0.3996190433744314,0.8709119
1990-01-09,0.01280106729371878,1420.5018663212227,0.5802403889053435,0.004518531327022894,4.501581e-05,6.319955,6.32,9.408,0.105,-5.0,5.21,181.75,440.0,0.4955978318337896,0.907972
1990-01-10,0.008313122856526453,1422.2375847301855,0.7342189259056784,0.004329232027769229,1.1920929e-07,1.1920929e-07,0.0,9.408,3.54,-0.46,7.54,199.39,590.82,0.5219594073594009,1.2971028
1990-01-11,0.004926233946182892,1420.8247151094683,0.729312649377813,0.0025237741590247273,1.1920929e-07,1.1920929e-07,0.0,9.408,3.455,-0.28,7.19,180.19,598.67,0.5003983032060139,2.223605
1990-01-12,0.0025534346274967,1419.6216660484524,0.7045627636600178,0.0012930164991572903,1.1920929e-07,1.1920929e-07,0.0,9.408,2.955,-1.73,7.64,209.94,539.51,0.4827426869229594,1.8530041
1990-01-13,0.0014255632439553216,1418.5329119245578,0.5186841698339901,1.1920928955078125e-07,1.1920929e-07,1.1920929e-07,0.0,9.408,-1.485,-4.81,1.84,165.03,432.86,0.46730202032430257,1.2785728
1990-01-14,0.0014437331812744356,1418.2179236247948,0.5644947678003912,1.1920928955078125e-07,1.1920929e-07,1.1920929e-07,0.0,9.504003,-0.415,-6.0,5.17,239.06,400.0,0.4629276871420592,1.0469472
1990-01-15,0.0014535648306247741,1418.8162941162943,0.7060840291859696,0.0007320644491035469,1.1920929e-07,3.76,3.76,9.504003,2.845,-2.28,7.97,168.85,520.29,0.4712727403711515,0.8801769
1990-01-16,0.0013213816957772216,1419.2213792840814,0.919430147021793,0.0006650559083402,1.1920929e-07,1.1920929e-07,0.0,9.504003,6.815,-0.85,14.48,268.44,572.36,0.4770074065062986,0.8523819
1990-01-17,0.0009258510213697175,1418.3552701476176,1.0879883351168929,0.00046506849566125093,1.1920929e-07,1.1920929e-07,0.0,9.504003,9.43,0.96,17.9,274.76,640.0,0.4648300004899494,0.79679173
1990-01-18,0.0003946612709121519,1417.0559208608759,1.4306579896047982,0.00019772002874754663,1.1920929e-07,1.1920929e-07,0.0,9.6,13.645,8.53,18.76,216.83,1122.12,0.4471418145682659,0.8431168
1990-01-19,-6.947098513791013e-05,1416.6785545888092,1.0028935110613697,1.1920928955078125e-07,1.1920929e-07,1.1920929e-07,0.0,9.6,8.025,-1.0,17.05,284.6,560.0,0.4421319681891712,0.76899666
1990-01-20,-0.00033916221117201114,1417.980095346731,0.6236859549933903,1.1920928955078125e-07,1.5079975e-07,5.06,5.06,9.6,0.885,-1.52,3.29,96.23,550.84,0.4596520483111199,0.95429707
1990-01-21,-0.0002972740505661662,1421.5123255920873,0.8565951352118999,1.1920928955078125e-07,1.1920929e-07,5.53,5.53,9.602783,5.555,0.49,10.62,173.32,632.77,0.5107779971909121,1.2693077
1990-01-22,-0.00016532544767613452,1422.380338678947,0.8888499139776003,1.1920928955078125e-07,1.1920929e-07,1.1920929e-07,0.0,9.696003,5.96,1.6,10.32,210.67,687.73,0.5241889263379292,0.9635621
1990-01-23,-8.63075310829866e-05,1420.8429752993247,0.7946141846568751,1.1920928955078125e-07,1.1920929e-07,1.1920929e-07,0.0,9.696003,4.285,-0.96,9.53,241.46,563.05,0.5006712009482884,0.8153218
1990-01-24,-4.982441380940735e-05,1420.2654029052205,1.01319135817258,1.1920928955078125e-07,1.1920929e-07,1.1920929e-07,0.0,9.696003,7.99,3.09,12.89,229.3,764.77,0.4921110758184094,0.76899666
1990-01-25,-2.601283717127092e-05,1424.772354285087,1.0776692352736323,1.1920928955078125e-07,1.1920929e-07,11.98,11.98,9.792,8.745,5.01,12.48,141.67,880.61,0.562996223843859,1.2322477
1990-01-26,-1.4775422362807147e-05,1436.9909695444346,0.8935322054375511,1.1920928955078125e-07,1.1920929e-07,18.88,18.88,9.792,5.735,-0.16,11.63,196.99,605.54,0.8108605540029133,5.003111
1990-01-27,-8.359340708348486e-06,1441.9921659188315,0.6603891426124621,1.1920928955078125e-07,1.1920929e-07,1.1920929e-07,0.0,9.792,1.185,-5.01,7.38,275.38,439.21,0.9414504514475107,2.223605
1990-01-28,-4.875875664295562e-06,1441.0705464758198,0.8725619437184237,1.1920928955078125e-07,1.1920929e-07,1.1920929e-07,0.0,9.888,5.185,-1.15,11.52,276.86,560.95,0.9158971018910694,1.5750535
1990-01-29,-2.764222597222221e-06,1454.2631343140567,0.8352389307576744,1.1920928955078125e-07,1.1920929e-07,23.33,23.33,9.888,4.39,0.94,7.84,140.39,639.98,1.358053975319865,5.077231
1990-01-30,-1.6121609386781288e-06,1474.8566903837275,0.8538679480447919,1.1920928955078125e-07,1.1920929e-07,23.46,23.46,9.888,4.51,1.38,7.64,130.79,670.3,2.5116370919068483,9.45032
1990-01-31,-9.508551513516655e-07,1479.6336715738214,0.829311370826634,1.1920928955078125e-07,1.1920929e-07,1.1920929e-07,0.0,9.983997,3.88,-3.27,11.03,297.83,480.0,2.896681522567525,2.751711
1990-02-01,-5.676221052226195e-07,1476.2200445364783,0.9118289098284392,1.1920928955078125e-07,1.1920929e-07,1.1920929e-07,0.0,9.983997,5.34,-2.74,13.42,310.04,499.68,2.6159878000165064,2.0290394
1990-02-02,-3.3372781756806157e-07,1472.7046707712,1.148601786131289,1.1920928955078125e-07,1.1920929e-07,1.1920929e-07,0.0,9.983997,8.92,4.14,13.7,239.62,812.63,2.355327559639105,1.7418238
1990-02-03,2.3941236544621087e-09,1469.2112585078748,1.0607108521158066,1.1920928955078125e-07,1.1920929e-07,3.13,3.13,10.079997,7.575,3.63,11.52,159.81,794.8,2.1220308409426107,1.7325587
1990-02-04,4.993105982705095e-07,1465.823861416069,0.8562250042498231,2.496559224129387e-07,1.1920929e-07,5.96,5.96,10.079997,4.355,2.64,6.07,79.45,731.94,1.917903644967268,2.3440502
1990-02-05,1.0415912424322086e-06,1462.6278781706997,0.6628305108460747,5.191113249829543e-07,1.1920929e-07,1.1920929e-07,0.0,10.079997,0.61,-5.23,6.45,290.15,420.57,1.7433475300385188,1.5379933
1990-02-06,1.5138056922916871e-06,1459.708707446685,0.9180579980383755,7.569085751650285e-07,1.1920929e-07,1.1920929e-07,0.0,10.176,5.325,-2.84,13.49,327.39,492.99,1.5978302105650253,1.3063679
1990-02-07,1.8005235840010738e-06,1457.1517479189426,1.044233859653389,9.00269896713478e-07,1.1920929e-07,1.1920929e-07,0.0,10.176,7.315,0.72,13.91,301.28,640.0,1.480383155291356,1.2137177
1990-02-08,1.7863145537124946e-06,1455.0423982623906,1.0024566645917476,8.931652541554591e-07,1.1920929e-07,1.1920929e-07,0.0,10.270348,6.57,-0.79,13.93,318.11,576.49,1.3900226225715968,1.1118025
1990-02-09,1.3557482375780788e-06,1453.4660571519466,1.115998709863499,6.778787139222485e-07,1.1920929e-07,1.16,1.16,10.272,8.235,2.25,14.22,264.69,720.0,1.3261150599841685,1.0840074
1990-02-10,-3.1629530524193724e-07,1452.1296229334107,1.1970011606229165,1.1920928955078125e-07,1.1920929e-07,13.16,13.16,10.272,9.34,4.19,14.49,197.15,821.08,1.2742406512064393,2.1494846
1990-02-11,-3.5576469952013126e-06,1450.6936878508875,0.7349085172526169,1.1920928955078125e-07,1.1920929e-07,1.1920929e-07,0.0,10.367997,1.825,-4.16,7.81,299.03,440.0,1.2207632915664788,1.6028485
1990-02-12,-7.734021988236302e-06,1449.1758555171868,0.7969116504037633,1.1920928955078125e-07,1.1920929e-07,1.1920929e-07,0.0,10.367997,3.035,-1.35,7.42,243.91,560.0,1.1666739280337828,1.334163
1990-02-13,-1.221113496433406e-05,1447.5937297545702,0.9166496135550939,1.1920928955078125e-07,1.1920929e-07,1.1920929e-07,0.0,10.419894,5.07,-3.06,13.2,342.15,480.0,1.1128428015275933,1.1488625
1990-02-14,-1.635470060348173e-05,1445.9649143852987,1.2891191674828832,1.1920928955078125e-07,1.1920929e-07,1.1920929e-07,0.0,10.464,10.28,4.38,16.18,290.9,831.2,1.0600167251036916,1.0932723
1990-02-15,-1.953043358566647e-05,1444.3070132316332,0.9759652841142689,1.1920928955078125e-07,1.1920929e-07,0.27,0.27,10.464,5.99,1.61,10.37,247.75,688.51,1.0088217908705401,1.0376823
1990-02-16,-2.1104048590875447e-05,1442.6376301158348,1.3241189797734854,1.1920928955078125e-07,1.1920929e-07,1.0,1.0,10.559998,10.595,4.51,16.68,306.34,841.01,0.95977029215056,1.0376823
1990-02-17,-2.044126029909578e-05,1440.9743688601648,1.22933130986807,1.1920928955078125e-07,1.1920929e-07,1.1920929e-07,0.0,10.559998,9.445,1.48,17.41,348.39,678.17,0.913270721095735,0.97282714
1990-02-18,-1.6907783390314637e-05,1439.3348332868845,0.5871735475959748,1.1920928955078125e-07,1.1920929e-07,1.1920929e-07,0.0,10.655997,-1.7,-8.29,4.89,338.73,320.0,0.8696398268280081,0.8523819
1990-02-19,-1.0428501486315232e-05,1437.6410356067995,0.9616472017842022,1.1920928955078125e-07,1.1920929e-07,1.1920929e-07,0.0,10.655997,5.56,-0.5,11.62,317.87,593.37,0.8267528142232874,0.8616469
1990-02-20,-4.283007872499916e-06,1435.6397727706972,0.8310317171206052,1.1920928955078125e-07,1.1920929e-07,1.1920929e-07,0.0,10.655997,3.39,-4.35,11.13,359.57,440.12,0.7787982989053777,0.79679173
1990-02-21,-1.1715804463742805e-07,1433.9639928672134,0.7088328596902177,1.1920928955078125e-07,1.1920929e-07,1.1920929e-07,0.0,10.752,0.935,-7.14,9.01,368.36,360.0,0.7407896306286514,0.75046664
1990-02-22,8.968193116207623e-07,1433.3952429561248,0.9322506376719867,4.484116665225754e-07,1.1920929e-07,2.0,2.0,10.752,5.0,-1.7,11.7,337.84,542.34,0.728315957789256,0.7875267
1990-02-23,5.059650796638744e-07,1436.4854260208754,1.495410200361531,2.529831798335918e-07,1.1920929e-07,6.82,6.82,10.848002,12.17,7.45,16.89,197.19,1036.24,0.7987129242727686,1.1488625
1990-02-24,2.6831410473030573e-07,1442.699784951996,1.0727492033218347,1.3415723234629983e-07,1.1920929e-07,9.81,9.81,10.848002,6.9,-0.27,14.07,262.51,600.09,0.9615531047964582,2.9926016
1990-02-25,0.11811173968915177,1445.6277911504724,0.5441222843228308,1.1920928955078125e-07,1.1920929e-07,1.1920929e-07,0.0,10.944003,-3.215,-9.24,2.81,331.3,301.3,1.0494003097671916,1.2971028
1990-02-26,0.11507565493850053,1444.1749180449938,0.37391536752347604,1.1920928955078125e-07,1.1920929e-07,1.1920929e-07,0.0,10.944003,-8.35,-13.76,-2.94,316.3,200.62,1.0048507376433218,0.92650205
1990-02-27,0.12759930297638877,1442.764306491725,0.5000814705779314,1.1920928955078125e-07,0.02,1.1920929e-07,0.02,10.946783,-4.37,-9.64,0.9,313.12,280.0,0.9634073058510084,0.8709119
1990-02-28,0.11971872572594441,1441.219557382963,0.7439025477759282,0.09194586127214342,1.1920929e-07,1.1920929e-07,0.0,11.04,1.18,-3.0,5.36,260.15,480.0,0.9199811575703866,0.8709119
1990-03-01,0.09521824828981527,1439.6228701666319,0.6853003133066776,1.1920928955078125e-07,1.1920929e-07,1.1920929e-07,0.0,11.04,0.005,-6.6,6.61,356.26,360.0,0.8771511560128183,0.8709119
1990-03-02,0.0518255804866071,1438.074531786882,0.802977423441092,0.03248115523378434,1.1920929e-07,1.1920929e-07,0.0,11.136,2.205,-4.43,8.84,358.67,440.0,0.8375232933530337,0.907972
1990-03-03,0.027818654952346884,1436.3672705374709,1.0701936845424211,0.015831640387773918,1.1920929e-07,1.1920929e-07,0.0,11.136,6.53,1.05,12.01,320.3,648.85,0.7959001221762522,0.88944197
1990-03-04,0.014651202118214017,1434.679991661565,0.8271204568789865,0.007861287466987495,1.1920929e-07,1.1920929e-07,0.0,11.232,2.55,-6.42,11.52,412.16,368.26,0.7567969318977865,0.8616469
1990-03-05,0.008904377678392797,1433.1164601639216,0.791342179338766,0.004650277827186319,1.1920929e-07,1.1920929e-07,0.0,11.232,1.915,-4.51,8.34,357.56,440.0,0.7222786966445573,0.8153218
1990-03-06,0.00696073154101204,1431.5983710520607,0.8665418174573611,0.0036014463453367873,1.1920929e-07,1.1920929e-07,0.0,11.328,3.145,-1.37,7.66,277.54,560.0,0.690270807941428,0.79679173
1990-03-07,0.0068305874584726105,1430.2180884288468,0.5328875455801932,1.1920928955078125e-07,1.1920929e-07,1.1920929e-07,0.0,11.328,-3.84,-10.85,3.17,381.89,277.73,0.6624012858951096,0.7782617
1990-03-08,0.006759826738140859,1429.042280305449,0.6147436182275337,1.1920928955078125e-07,1.1920929e-07,1.1920929e-07,0.0,11.423997,-1.935,-10.23,6.36,413.98,280.0,0.63954967022725,0.75046664
1990-03-09,0.006100752643347694,1428.0195776198636,1.0049454639729796,0.0031433954297084175,1.1920929e-07,0.14,0.14,11.423997,5.275,-2.68,13.23,401.79,503.04,0.6203156439614207,0.8338518
1990-03-10,0.004733509632285082,1427.191262842778,1.3637576373320943,0.002422759643042825,1.1920929e-07,2.01,2.01,11.423997,9.99,2.42,17.56,387.56,720.76,0.6051622750326718,0.92650205
1990-03-11,0.0027731020231929623,1426.1845013924092,1.6316358787714067,0.0014057750167363414,1.1920929e-07,1.1920929e-07,0.0,11.520008,12.72,6.0,19.44,361.88,920.08,0.5872418713715356,0.8338518
1990-03-12,0.0011277854361066973,1423.8559580117455,2.255577773365524,0.0005670724343258135,1.1920929e-07,1.1920929e-07,0.0,11.520008,18.07,9.45,26.69,396.51,1196.04,0.5478005051264014,0.7782617
1990-03-13,0.00017004353525924788,1420.791675495116,2.681485021162817,8.509405462191456e-05,1.1920929e-07,1.1920929e-07,0.0,11.616,20.905,13.23,28.58,368.16,1517.52,0.49990490560969303,0.74120164
1990-03-14,3.405300502522107e-05,1417.694728901752,2.56932558065332,1.702940153046064e-05,1.1920929e-07,1.1920929e-07,0.0,11.616,20.21,11.42,29.0,395.38,1353.75,0.45575223648738306,0.72267157
1990-03-15,1.8635587119787534e-05,1414.7761717101632,2.4637480359455965,9.318661772659502e-06,1.1920929e-07,1.1920929e-07,0.0,11.711997,19.39,11.08,27.7,390.42,1326.22,0.41771822290994,0.70414156
1990-03-16,1.0609734852071407e-05,1412.6949490853285,2.6102540675539356,5.305148842219517e-06,1.1920929e-07,1.1920929e-07,0.0,11.711997,20.4,14.83,25.97,303.54,1693.52,0.39255081466767416,0.92650205
1990-03-17,6.2572481690365975e-06,1420.706316197703,2.324759740893201,3.128721967404889e-06,1.1920929e-07,15.79,15.79,11.808,18.2,13.9,22.5,189.2,1592.24,0.4986324420821395,1.389753
1990-03-18,3.736016114537905e-06,1429.1867770764459,1.6230202497985322,1.868042951809969e-06,1.1920929e-07,6.47,6.47,11.808,12.205,7.55,16.86,214.12,1043.95,0.6423148924812686,1.0191522
1990-03-19,2.2124528390165473e-06,1430.116134957671,1.2635228319880853,1.1062386568771853e-06,1.1920929e-07,1.1920929e-07,0.0,11.903997,8.125,2.52,13.73,342.58,721.41,0.6603879197726125,1.1118025
1990-03-20,1.3189685740773849e-06,1435.5577321757569,1.0773274545783824,6.594886362339408e-07,1.1920929e-07,10.52,10.52,11.903997,5.625,-1.0,12.25,291.33,560.0,0.7768929153345169,1.5750535
1990-03-21,7.90542989024095e-07,1439.48412001265,0.9798331255990294,3.9527305690759124e-07,1.1920929e-07,0.73,0.73,12.000003,4.035,-1.83,9.9,351.12,537.94,0.8735248115423973,1.2044526
1990-03-22,4.717581179893407e-07,1437.79244664951,1.276419514288486,2.358796153839751e-07,1.1920929e-07,1.1920929e-07,0.0,12.000003,8.075,-1.33,17.48,459.1,559.81,0.8304988827375952,1.1118025
1990-03-23,2.7223626945151057e-07,1435.2121733972522,1.6615433879934685,1.361183200072213e-07,1.1920929e-07,1.1920929e-07,0.0,12.000003,12.255,6.77,17.74,339.87,981.92,0.7689183873005776,0.97282714
1990-03-24,1.5581095545383622e-07,1435.1911606648594,1.013402616410991,1.1920928955078125e-07,1.1920929e-07,4.01,4.01,12.096,4.465,-2.81,11.74,316.69,495.65,0.7684361209349172,0.898707
1990-03-25,8.712049514203072e-08,1436.0134030133602,0.9259571334440131,1.1920928955078125e-07,1.1920929e-07,2.02,2.02,12.096,3.11,-1.52,7.74,312.61,548.2,0.7875350941552799,0.94503206
1990-03-26,4.354659218497298e-08,1435.0773219078314,1.0021275506739695,1.1920928955078125e-07,1.1920929e-07,1.1920929e-07,0.0,12.191998,4.18,-1.95,10.31,388.31,523.82,0.7658286440228723,0.8616469
1990-03-27,2.3421103576532597e-08,1433.3254305688451,0.8866898224476392,1.1920928955078125e-07,1.1920929e-07,1.1920929e-07,0.0,12.191998,2.38,-4.86,9.62,431.49,439.82,0.7267993957245158,0.7875267
1990-03-28,5.094465567584627e-09,1431.5243751336443,0.9102583313258208,1.1920928955078125e-07,1.1920929e-07,1.1920929e-07,0.0,12.287997,2.67,-5.58,10.92,458.82,402.78,0.6887474287083971,0.74120164
1990-03-29,-9.583653510775896e-09,1430.5592207962,1.1318225469903394,1.1920928955078125e-07,1.1920929e-07,0.66,0.66,12.287997,5.945,1.18,10.71,322.51,654.71,0.6691826671196638,0.72267157
1990-03-30,-1.598228789962439e-08,1431.3322888360349,1.0521042471649877,1.1920928955078125e-07,1.1920929e-07,5.15,5.15,12.383997,4.715,2.73,6.7,112.5,744.92,0.6848085555662153,0.8153218
1990-03-31,-1.1316952723250776e-08,1433.682589206495,1.078249647266192,1.1920928955078125e-07,1.1920929e-07,4.62,4.62,12.383997,5.06,2.72,7.4,133.74,742.83,0.7345914840708797,0.93576705
1990-04-01,-6.407162944149799e-09,1432.747737701954,1.2790069770241914,1.1920928955078125e-07,1.1920929e-07,0.14,0.14,12.479998,7.555,5.0,10.11,193.48,879.75,0.7143705196300881,0.88944197
1990-04-02,-3.756865445509539e-09,1434.2014202077373,1.5042935553159402,1.1920928955078125e-07,1.1920929e-07,7.37,7.37,12.479998,10.065,6.58,13.55,194.95,969.58,0.7460598214398689,1.3156328
1990-04-03,-2.2467788925232224e-09,1447.1128309574779,1.4121047241883735,1.1920928955078125e-07,1.1920929e-07,22.03,22.03,12.576006,8.815,4.48,13.15,242.05,838.64,1.0969780334960864,4.53986
1990-04-04,-1.3443621783492754e-09,1456.1240448546914,1.1423193453629756,1.1920928955078125e-07,1.1920929e-07,3.24,3.24,12.576006,5.465,1.52,9.41,239.68,682.31,1.4356472675087097,1.8530041
1990-04-05,-8.030938401240333e-10,1454.8667231270513,1.4265241704558198,1.1920928955078125e-07,1.1920929e-07,1.1920929e-07,0.0,12.576006,8.89,4.16,13.62,352.8,817.51,1.3827506189163716,1.5750535
1990-04-06,-4.692456637438057e-10,1454.4140243417837,1.3816505423588603,1.1920928955078125e-07,1.1920929e-07,4.54,4.54,12.672003,8.28,1.88,14.68,326.66,700.94,1.364186180433012,1.352693
1990-04-07,-2.6835517953954317e-10,1456.1665941738543,0.9986829696407935,1.1920928955078125e-07,1.1920929e-07,7.31,7.31,12.672003,3.335,-0.49,7.16,235.46,595.91,1.437472325605609,2.0660994
1990-04-08,-1.3297571461279177e-10,1456.3483835867069,1.000633693753996,1.1920928955078125e-07,1.1920929e-07,1.1920929e-07,0.0,12.768005,3.25,-3.59,10.09,469.87,467.68,1.4452959445052103,1.6028485
1990-04-09,-7.0836817751158e-11,1454.3694115982341,1.236323215436363,1.1920928955078125e-07,1.1920929e-07,1.1920929e-07,0.0,12.768005,6.455,-2.74,15.65,520.2,500.87,1.3623702308437746,1.2693077
1990-04-10,-2.155206632568856e-11,1452.9776100998984,1.7466084544010896,1.1920928955078125e-07,1.1920929e-07,1.0,1.0,12.864003,11.745,6.01,17.48,414.82,930.88,1.3069152870277063,1.1951876
1990-04-11,2.318320297997826e-11,1452.3767659453786,1.7409677471766831,1.1920928955078125e-07,1.1920929e-07,5.34,5.34,12.864003,11.7,6.48,16.92,296.87,959.19,1.2836782948847958,1.4268131
1990-04-12,5.0461178875458254e-11,1451.7451083040644,1.0866568630538036,1.1920928955078125e-07,1.1920929e-07,1.1920929e-07,0.0,12.96,4.305,-0.56,9.17,395.4,595.2,1.2596949685905097,1.1581275
1990-04-13,4.737405007036726e-11,1450.2608663453454,1.0104137046359378,1.1920928955078125e-07,1.1920929e-07,1.1920929e-07,0.0,12.96,3.235,-4.71,11.18,516.78,440.0,1.2050886538508017,1.0191522
1990-04-14,2.7612646858917165e-11,1448.0349098508798,1.3402238137982767,1.1920928955078125e-07,1.1920929e-07,1.1920929e-07,0.0,13.05322,7.42,-0.72,15.56,516.72,581.16,1.1275989741291623,0.9635621
1990-04-15,1.5606780518847883e-11,1451.416038969468,1.8906947722080811,1.1920928955078125e-07,1.1920929e-07,13.35,13.35,13.056,12.795,7.57,18.02,304.23,1045.42,1.247378635185738,1.825209
1990-04-16,9.129611089626477e-12,1455.4951939653738,1.762988358819871,1.1920928955078125e-07,1.1920929e-07,1.1920929e-07,0.0,13.056,11.63,4.09,19.17,494.66,809.43,1.408942731735764,1.2785728
1990-04-17,5.166389416194993e-12,1453.0450817896685,1.8819936385833504,1.1920928955078125e-07,1.1920929e-07,1.87,1.87,13.152,12.585,5.8,19.37,469.16,920.0,1.3095508110862133,1.0932723
1990-04-18,3.048861440276946e-12,1451.0985769190004,1.2606856019726869,1.1920928955078125e-07,1.1920929e-07,1.1920929e-07,0.0,13.152,6.335,-0.79,13.46,492.94,576.85,1.2356108730043585,1.0376823
1990-04-19,1.7744913432826678e-12,1448.6062989183897,1.3537019155382541,1.1920928955078125e-07,1.1920929e-07,1.1920929e-07,0.0,13.248009,7.34,-0.88,15.56,520.39,573.65,1.1470014405366407,0.92650205
1990-04-20,7.847543785577022e-13,1446.3445567746544,1.7955917645018775,1.1920928955078125e-07,1.1920929e-07,1.1920929e-07,0.0,13.248009,11.79,5.48,18.1,453.36,912.57,1.0721007499837247,0.8801769
1990-04-21,-1.6719075939140624e-13,1444.261135526091,2.1434059796503817,1.1920928955078125e-07,1.1920929e-07,1.62,1.62,13.343997,14.555,10.39,18.72,341.42,1270.97,1.0074408370518118,0.898707
1990-04-22,-8.241609975592547e-13,1442.0245878693224,1.8890955674346945,1.1920928955078125e-07,1.1920929e-07,1.1920929e-07,0.0,13.343997,12.535,5.1,19.97,496.87,888.14,0.9423622675602605,0.8801769
1990-04-23,-9.289732629404419e-13,1439.3034665009723,2.3388500638430147,1.1920928955078125e-07,1.1920929e-07,1.1920929e-07,0.0,13.343997,16.045,6.92,25.17,524.35,993.56,0.8688257478944597,0.8245868
1990-04-24,-5.471030125804521e-13,1436.1749520557826,2.587861218952989,1.1920928955078125e-07,1.1920929e-07,1.1920929e-07,0.0,13.439995,17.645,8.34,26.95,521.39,1105.67,0.7913429681579496,0.7782617
1990-04-25,-2.5911014357535955e-13,1433.0164857248847,2.5644879443426847,1.1920928955078125e-07,1.1920929e-07,1.1920929e-07,0.0,13.439995,17.53,7.54,27.52,531.29,1039.46,0.7201258842772102,0.75046664
1990-04-26,-1.221450866208461e-13,1429.2470022744405,3.5787093295082424,1.1920928955078125e-07,1.1920929e-07,1.1920929e-07,0.0,13.535997,23.155,15.26,31.05,468.26,1721.76,0.6434709440041042,0.7319366
1990-04-27,-7.192636765438997e-14,1424.9625964520528,3.753461138173076,1.1920928955078125e-07,1.1920929e-07,1.1920929e-07,0.0,13.535997,24.045,15.59,32.5,482.23,1691.62,0.566203281212528,0.70414156
1990-04-28,-4.267746396331533e-14,1421.9693428574815,3.6953328847468234,1.1920928955078125e-07,1.1920929e-07,1.1920929e-07,0.0,13.580106,23.75,15.57,31.93,474.41,1696.03,0.5177956470185737,0.6763465
1990-04-29,-2.5261783607410526e-14,1432.045461066401,3.2416428016664813,1.1920928955078125e-07,1.1920929e-07,21.95,21.95,13.632,21.28,13.38,29.18,352.16,1533.04,0.6995471525464201,1.4916682
1990-04-30,-1.5095083897128753e-14,1445.2269441054661,2.141963445361509,1.1920928955078125e-07,1.1920929e-07,11.75,11.75,13.632,14.185,11.23,17.14,175.31,1338.05,1.0369154412701551,1.8715341
1990-05-01,-8.974637935831995e-15,1447.0418892382138,2.3683309883713997,1.1920928955078125e-07,1.1920929e-07,1.1920929e-07,0.0,13.727997,15.695,8.88,22.51,449.63,1133.63,1.0946568995968304,1.2044526
1990-05-02,-4.863406963954234e-15,1443.6786755957999,2.3931009459462604,1.1920928955078125e-07,1.1920929e-07,1.1920929e-07,0.0,13.727997,15.905,9.39,22.42,433.76,1189.86,0.9900718263591209,0.95429707
1990-05-03,-2.3413783904143623e-15,1440.543682440056,2.080642458205983,1.1920928955078125e-07,1.1920929e-07,1.1920929e-07,0.0,13.72965,13.65,9.59,17.71,306.21,1207.12,0.9016017720028076,0.8523819
1990-05-04,-1.356415212703215e-15,1441.2879095643848,1.819676180053174,1.1920928955078125e-07,1.1920929e-07,7.84,7.84,13.824,11.38,8.92,13.84,148.12,1153.28,0.9218606257740932,0.898707
1990-05-05,-8.007319749312405e-16,1449.0725816133727,2.292841391922339,1.1920928955078125e-07,1.1920929e-07,13.05,13.05,13.824,15.025,8.65,21.4,324.14,1132.07,1.1630819712479574,1.8993292
1990-05-06,-4.743800371808216e-16,1451.0375352663004,2.076180731596313,1.1920928955078125e-07,1.1920929e-07,1.1920929e-07,0.0,13.920003,13.275,7.06,19.49,431.16,1004.75,1.2333609237371281,1.1581275
1990-05-07,-2.8224577625130894e-16,1447.6550897689606,2.0604686877330494,1.1920928955078125e-07,1.1920929e-07,1.1920929e-07,0.0,13.920003,13.19,5.35,21.03,490.92,888.59,1.114883494156258,0.97282714
1990-05-08,-1.650291647080912e-16,1444.1567241913267,2.7324247206726238,1.1920928955078125e-07,1.1920929e-07,1.1920929e-07,0.0,13.920003,17.875,10.38,25.37,466.38,1236.13,1.0043050190814655,0.8709119
1990-05-09,-9.795907208553005e-17,1444.655000913628,2.992121306797785,1.1920928955078125e-07,1.1920929e-07,1.1920929e-07,0.0,14.015994,19.285,11.57,27.0,472.09,1329.07,1.019358304018189,0.80605674
1990-05-10,-5.635458501127293e-17,1462.5311485907534,2.9663369916858175,1.1920928955078125e-07,1.1920929e-07,38.24,38.24,14.015994,18.93,12.87,24.99,304.15,1471.6,1.7383197450305965,6.355804
1990-05-11,-3.362815258286444e-17,1481.939567940687,2.1323764922785116,1.1920928955078125e-07,1.1920929e-07,11.42,11.42,14.015994,13.255,7.47,19.04,354.8,1037.98,3.1031421278409135,5.809168
1990-05-12,-2.006538386575418e-17,1481.6257173528663,1.831751418840555,1.1920928955078125e-07,1.1920929e-07,1.1920929e-07,0.0,14.111998,10.72,3.11,18.33,489.38,768.97,3.074198580544478,2.279195
1990-05-13,-1.1902243845565374e-17,1482.7101895468115,2.3854598173385546,1.1920928955078125e-07,1.1920929e-07,8.72,8.72,14.111998,14.96,9.89,20.03,274.47,1230.9,3.1753707354762435,3.3261423
1990-05-14,-7.049587379676626e-18,1483.120319980477,2.5395219864937695,1.1920928955078125e-07,1.1920929e-07,4.03,4.03,14.111998,15.985,9.56,22.41,395.69,1204.57,3.21449432469095,3.5392377
1990-05-15,-3.9834682297472675e-18,1479.2583336066932,2.712682003949337,1.1920928955078125e-07,1.1920929e-07,1.1920929e-07,0.0,14.208003,17.01,10.07,23.95,452.98,1245.34,2.864400118564208,1.6399086
1990-05-16,-2.32875593976949e-18,1475.4694621556189,3.159494398367604,1.1920928955078125e-07,1.1920929e-07,2.03,2.03,14.208003,19.62,14.01,25.23,369.98,1600.51,2.5580132832060363,1.4731382
1990-05-17,-1.251305762481032e-18,1475.4684405648738,3.454899291523044,1.1920928955078125e-07,1.1920929e-07,6.91,6.91,14.208003,21.15,16.17,26.13,261.29,1828.01,2.557935258246788,2.5942056
1990-05-18,-7.148623339884869e-19,1473.2748896697235,2.9781640236467597,1.1920928955078125e-07,1.1920929e-07,1.1920929e-07,0.0,14.304006,18.53,12.22,24.84,427.87,1417.4,2.3957717041607527,1.389753
1990-05-19,-3.9808959487316667e-19,1468.9611424296152,2.5572274773334214,1.1920928955078125e-07,1.1920929e-07,1.1920929e-07,0.0,14.304006,16.035,8.31,23.76,491.4,1105.04,2.106242623723368,1.1673925
1990-05-20,-2.24586573483304e-19,1464.1452177779638,3.0243693138660106,1.1920928955078125e-07,1.1920929e-07,1.1920929e-07,0.0,14.304006,18.895,13.6,24.19,378.27,1556.54,1.8241458116989457,1.0932723
1990-05-21,-8.871731713732315e-20,1460.0081430273817,2.689509367640542,1.1920928955078125e-07,1.1920929e-07,6.01,6.01,14.397217,16.865,12.13,21.6,263.6,1410.2,1.6121797288494657,1.1488625
1990-05-22,3.246352766968252e-20,1456.5208942068325,2.032945424435819,1.1920928955078125e-07,1.1920929e-07,1.1920929e-07,0.0,14.399997,12.33,8.43,16.23,311.92,1114.24,1.4527596073942923,1.0654774
1990-05-23,1.0522262242594644e-19,1453.2871748634182,2.0284319464834937,1.1920928955078125e-07,1.1920929e-07,1.1920929e-07,0.0,14.399997,12.33,5.18,19.48,490.84,894.11,1.3190510761398466,0.97282714
1990-05-24,9.646316263818749e-20,1449.8912825182358,2.347766311872624,1.1920928955078125e-07,1.1920929e-07,1.1920929e-07,0.0,14.399997,14.735,8.36,21.11,456.27,1108.64,1.1918635721806083,0.907972
1990-05-25,5.78418934368611e-20,1445.9029938032136,2.4829805232632225,1.1920928955078125e-07,1.1920929e-07,1.1920929e-07,0.0,14.495997,15.59,7.94,23.24,505.68,1075.34,1.058058751774248,0.8616469
1990-05-26,3.494916668391921e-20,1458.741270140416,2.912134455068823,1.1920928955078125e-07,1.1920929e-07,30.52,30.52,14.495997,18.095,13.15,23.04,285.01,1508.06,1.5523359583471925,2.4830253
1990-05-27,2.1130466666030086e-20,1471.0624985913294,2.431120950172724,1.1920928955078125e-07,1.1920929e-07,3.31,3.31,14.495997,14.96,11.21,18.71,256.97,1337.15,2.2426268151631006,1.5009333
1990-05-28,1.2746262982848341e-20,1466.219541279472,2.3995509583047765,1.1920928955078125e-07,1.1920929e-07,0.24,0.24,14.495997,14.8,9.69,19.91,404.44,1214.92,1.9406965200042017,1.1210674
1990-05-29,7.706714832244815e-21,1481.3813181870173,2.2226102688594516,1.1920928955078125e-07,1.1920929e-07,33.58,33.58,14.592003,13.28,8.74,17.82,288.59,1139.15,3.0518469892115108,8.236603
1990-05-30,4.661090025449009e-21,1498.0107341100231,2.337409328074592,1.1920928955078125e-07,1.1920929e-07,12.67,12.67,14.592003,13.915,8.94,18.89,305.9,1155.36,5.014169239477006,4.9567857
1990-05-31,2.7327027630865717e-21,1496.817595584397,2.357928311678574,1.1920928955078125e-07,1.1920929e-07,1.1920929e-07,0.0,14.592003,14.07,5.65,22.49,542.97,920.1,4.838685272034664,2.1587498
1990-06-01,1.5729241480406596e-21,1489.6083199246098,2.8419029735459334,1.1920928955078125e-07,1.1920929e-07,1.1920929e-07,0.0,14.592003,17.225,8.4,26.05,540.52,1111.63,3.9016074478920952,1.6862336
1990-06-02,9.208614848082749e-22,1482.5759175333228,3.7246470944892294,1.1920928955078125e-07,1.1920929e-07,1.1920929e-07,0.0,14.592003,21.905,15.38,28.43,450.01,1750.51,3.1626658692649436,1.4453431
1990-06-03,5.344594078425386e-22,1476.9265913720467,3.8120652907887895,1.1920928955078125e-07,1.1920929e-07,2.22,2.22,14.688,22.26,17.16,27.36,319.71,1949.94,2.6717610694556155,1.3156328
1990-06-04,2.836561402778381e-22,1472.527458920276,3.2539766822194887,1.1920928955078125e-07,1.1920929e-07,1.1920929e-07,0.0,14.688,19.59,14.08,25.1,410.0,1607.65,2.342897991369165,1.2229826
1990-06-05,1.0883244305297993e-22,1468.0554026974069,2.1648207133756694,1.1920928955078125e-07,1.1920929e-07,1.1920929e-07,0.0,14.688,12.895,5.54,20.25,509.46,919.67,2.050045634911503,1.1025374
1990-06-06,4.056775066177948e-23,1463.4207668882304,3.037658929163757,1.1920928955078125e-07,1.1920929e-07,1.1920929e-07,0.0,14.688,18.53,10.0,27.06,525.13,1240.05,1.785112053983815,1.0191522
1990-06-07,-2.0777933426678437e-23,1458.8972604909623,3.736372485626544,1.1920928955078125e-07,1.1920929e-07,2.07,2.07,14.688,22.125,16.5,27.75,398.72,1871.04,1.5595829147505134,0.99135715
1990-06-08,-1.2535805836189428e-22,1454.623189187755,3.467338091688839,1.1920928955078125e-07,1.1920929e-07,5.89,5.89,14.688,20.885,13.72,28.05,422.15,1577.69,1.3727325095239409,1.7232938
1990-06-09,-2.531712870894031e-22,1450.5419587052115,3.9756174189912086,1.1920928955078125e-07,1.1920929e-07,6.42,6.42,14.732102,23.255,17.54,28.97,305.18,2006.64,1.2152453445438254,2.8814213
1990-06-10,-3.8421628255474e-22,1446.5969747699348,3.7679287578249907,1.1920928955078125e-07,1.1920929e-07,0.11,0.11,14.783998,22.305,17.09,27.52,383.54,1933.61,1.080211367879046,1.2044526
1990-06-11,-4.984917077034403e-22,1442.7316431085278,3.124113652312157,1.1920928955078125e-07,1.1920929e-07,1.1920929e-07,0.0,14.783998,19.135,13.52,24.75,422.62,1561.3,0.9624681887005996,1.0006222
1990-06-12,-5.759962254810391e-22,1438.8893694475933,2.6434677598769323,1.1920928955078125e-07,1.1920929e-07,1.1920929e-07,0.0,14.783998,16.38,8.61,24.15,515.31,1128.91,0.8581496342613512,0.898707
1990-06-13,-5.967284988330713e-22,1435.0135595137342,2.8939789564075813,1.1920928955078125e-07,1.1920929e-07,1.1920929e-07,0.0,14.783998,17.935,10.02,25.85,512.89,1241.99,0.7643720339553661,0.8431168
1990-06-14,-5.406871907050722e-22,1431.0476190335535,3.619437156510948,1.1920928955078125e-07,1.1920929e-07,1.1920929e-07,0.0,14.783998,21.795,13.65,29.94,503.11,1571.77,0.679012578814417,0.8153218
1990-06-15,-3.8631238824791422e-22,1426.9358850104206,3.628888494284335,1.1920928955078125e-07,1.1920929e-07,0.05,0.05,14.783998,21.89,15.18,28.6,453.43,1725.0,0.600565420485397,0.7875267
1990-06-16,2.6861525794390083e-22,1422.8817131739218,3.4397512751012633,1.1920928955078125e-07,1.1920929e-07,1.1920929e-07,0.0,14.783998,21.015,14.01,28.02,466.55,1600.46,0.5320950802456623,0.79679173
1990-06-17,1.5723438028397377e-21,1419.0480467105692,3.761521007754921,1.1920928955078125e-07,1.1920929e-07,1.1920929e-07,0.0,14.783998,22.61,15.61,29.61,458.56,1768.48,0.4745450983378721,0.75046664
1990-06-18,3.3028465421918595e-21,1415.401026262789,4.082425379088266,1.1920928955078125e-07,1.1920929e-07,8.63,8.63,14.783998,24.09,17.08,31.1,386.53,1933.11,0.4255847017891081,0.8801769
1990-06-19,5.238096771752535e-21,1411.9067924730066,3.8173288745729375,1.1920928955078125e-07,1.1920929e-07,14.38,14.38,14.783998,22.955,17.26,28.65,299.81,1960.85,0.38342085662858116,1.0562123
1990-06-20,7.156067787274025e-21,1408.5314859836478,3.2479643985787088,1.1920928955078125e-07,1.1920929e-07,1.1920929e-07,0.0,14.783998,20.205,13.61,26.8,450.54,1568.82,0.3466630924609064,0.8153218
1990-06-21,8.834732884508596e-21,1405.2412474371386,3.8254781156597515,1.1920928955078125e-07,1.1920929e-07,0.82,0.82,14.783998,23.075,17.16,28.99,405.05,1950.61,0.3142263276988848,0.7319366
1990-06-22,1.0052065359208513e-20,1402.0022174759044,3.678116445454013,1.1920928955078125e-07,1.1920929e-07,0.3,0.3,14.783998,22.43,15.34,29.52,458.62,1746.93,0.28526044981692256,0.6856115
1990-06-23,1.0586038507126039e-20,1398.7805367423714,3.929276707055063,1.1920928955078125e-07,1.1920929e-07,1.06,1.06,14.783998,23.625,18.63,28.62,356.08,2142.75,0.25909887398990605,0.6763465
1990-06-24,1.0214625624013441e-20,1395.542345878965,3.4051608434788894,1.1920928955078125e-07,1.1920929e-07,1.1920929e-07,0.0,14.783998,21.175,15.46,26.89,407.79,1755.94,0.23522062472084085,0.6300214
1990-06-25,8.715800005622987e-21,1392.2537855281112,3.0237143851245207,1.1920928955078125e-07,1.1920929e-07,1.1920929e-07,0.0,14.783998,19.185,12.88,25.49,441.9,1473.63,0.21322205443570152,0.58369625
1990-06-26,5.8728585635275174e-21,1388.853973688833,3.2926604626828264,1.1920928955078125e-07,1.1920929e-07,1.1920929e-07,0.0,14.783998,20.68,12.93,28.43,486.68,1476.13,0.1926398948804696,0.57443124
1990-06-27,1.9538699356953e-21,1384.62832518609,3.7909696214966817,1.1920928955078125e-07,1.1920929e-07,1.1920929e-07,0.0,14.783998,23.175,16.5,29.85,434.55,1878.99,0.169805435778657,0.54663616
1990-06-28,-1.998461029672092e-21,1379.8224963315017,3.908131766415105,1.1920928955078125e-07,1.1920929e-07,1.1920929e-07,0.0,14.783998,23.77,16.23,31.31,461.17,1834.97,0.1471071072726024,0.52810615
1990-06-29,-4.883519697084293e-21,1375.1815987104228,4.295974294911474,1.1920928955078125e-07,1.1920929e-07,1.1920929e-07,0.0,14.783998,25.505,18.42,32.59,433.7,2113.72,0.12807206484285666,0.5003111
1990-06-30,-5.600691431050951e-21,1371.450743908208,4.444233641112949,1.1920928955078125e-07,1.1920929e-07,1.1920929e-07,0.0,14.783998,26.16,20.08,32.24,390.15,2335.2,0.11457129837705111,0.48178104
1990-07-01,-3.598599780857998e-21,1369.0048940572321,3.95084695597691,1.1920928955078125e-07,1.1920929e-07,4.73,4.73,14.783998,24.1,18.5,29.7,285.13,2133.3,0.10650257736809994,0.48178104
1990-07-02,-1.4112556792280808e-21,1366.2502410865989,3.284652409971218,1.1920928955078125e-07,1.1920929e-07,1.1920929e-07,0.0,14.783998,20.92,14.48,27.36,434.29,1638.45,0.0980934711198359,0.46325102
1990-07-03,1.0535659648882654e-22,1362.8891875859879,3.473366455021616,1.1920928955078125e-07,1.1920929e-07,1.1920929e-07,0.0,14.781217,21.93,14.36,29.5,470.94,1633.51,0.08872720421421247,0.43545595
1990-07-04,5.024382346907941e-22,1358.914248434862,4.221615983810901,1.1920928955078125e-07,1.1920929e-07,1.1920929e-07,0.0,14.689652,25.52,16.73,34.31,487.19,1898.21,0.07879762730780751,0.42619094
1990-07-05,2.886308377020405e-22,1357.7647046424718,4.994271929146459,1.1920928955078125e-07,1.1920929e-07,5.7,5.7,14.688,28.57,22.0,35.14,296.64,2639.69,0.07613894007057767,0.43545595
1990-07-06,1.5778649378228056e-22,1359.5142021205138,3.9895355515702677,1.1920928955078125e-07,1.1920929e-07,6.26,6.26,14.688,24.51,17.5,31.52,327.6,2000.0,0.08022187966961121,0.54663616
1990-07-07,9.193177888166297e-23,1359.3049780280587,3.597260187333489,1.1920928955078125e-07,1.1920929e-07,1.1920929e-07,0.0,14.688,22.695,16.2,29.19,423.5,1834.56,0.07972229495667686,0.453986
1990-07-08,5.007634198827948e-23,1355.8442667503818,3.560412911209039,1.1920928955078125e-07,1.1920929e-07,1.1920929e-07,0.0,14.688,22.56,17.76,27.36,339.28,2042.36,0.07189591392113882,0.42619094
1990-07-09,2.874217868760371e-23,1351.960058032893,4.674525852154211,1.1920928955078125e-07,1.1920929e-07,1.1920929e-07,0.0,14.688,27.445,20.7,34.19,411.12,2432.27,0.06402315438922063,0.4169259
1990-07-10,1.377180187935962e-23,1349.4255423777322,4.639014174245198,1.1920928955078125e-07,1.1920929e-07,3.31,3.31,14.636108,27.405,21.25,33.56,288.7,2519.58,0.059356954174273675,0.43545595
1990-07-11,5.6775595624634954e-24,1350.1499674599481,3.687305765201345,1.1920928955078125e-07,1.1920929e-07,7.27,7.27,14.592003,23.36,17.74,28.98,283.85,2031.52,0.06065482313987544,0.56516623
1990-07-12,3.2958589324829405e-24,1354.1452372645372,3.2489556300570603,1.1920928955078125e-07,1.1920929e-07,4.88,4.88,14.592003,21.11,16.58,25.64,246.7,1879.34,0.06833963077924854,0.53737116
1990-07-13,1.8795971145260124e-24,1365.5732221167752,2.8622730133893066,1.1920928955078125e-07,1.1920929e-07,25.17,25.17,14.592003,18.805,14.11,23.5,263.24,1608.58,0.09613047582746448,0.8616469
1990-07-14,1.1270696085905323e-24,1377.2786234635169,2.902215417128857,1.1920928955078125e-07,1.1920929e-07,6.31,6.31,14.592003,18.895,15.03,22.76,226.21,1716.14,0.136347399393568,0.6670815
1990-07-15,6.777625837245786e-25,1381.3420548604452,3.7462279557083367,1.1920928955078125e-07,1.1920929e-07,8.94,8.94,14.540109,23.3,19.72,26.88,203.46,2298.2,0.1539352240947779,0.98209214
1990-07-16,4.0563715091914584e-25,1385.6474061713732,3.5084409116162854,1.1920928955078125e-07,1.1920929e-07,7.07,7.07,14.495997,22.155,16.78,27.53,291.98,1902.71,0.17505163478160946,0.94503206
1990-07-17,2.1324502105210206e-25,1385.0416687952027,3.775969565377506,1.1920928955078125e-07,1.1920929e-07,1.1920929e-07,0.0,14.495997,23.445,17.31,29.58,421.89,1969.57,0.17191409280098705,0.58369625
1990-07-18,9.103538350416546e-26,1380.9477563449634,4.0130449537489055,1.1920928955078125e-07,1.1920929e-07,1.1920929e-07,0.0,14.495997,24.57,17.67,31.47,447.66,2027.4,0.15213357743027092,0.5003111
1990-07-19,4.810557703117384e-26,1376.3263631830596,4.211313894556811,1.1920928955078125e-07,1.1920929e-07,1.1920929e-07,0.0,14.4441,25.55,19.06,32.04,425.17,2208.89,0.13252528630843907,0.46325102
1990-07-20,2.4201975269254716e-26,1371.8511321899698,4.114916479861214,1.1920928955078125e-07,1.1920929e-07,1.1920929e-07,0.0,14.399997,25.25,19.28,31.22,404.69,2244.96,0.11594919348073401,0.43545595
1990-07-21,1.065464482071248e-26,1370.8182513121478,4.065819906314554,1.1920928955078125e-07,1.1920929e-07,7.11,7.11,14.399997,25.05,18.99,31.11,306.89,2198.4,0.11242792738797515,0.51884115
1990-07-22,6.0161440237962135e-27,1374.3062824627516,3.8872944437774346,1.1920928955078125e-07,1.1920929e-07,8.01,8.01,14.399997,24.21,19.02,29.4,278.94,2203.16,0.12476824004056537,1.1581275
1990-07-23,2.9334365693164436e-27,1376.8414952062813,4.084415907097758,1.1920928955078125e-07,1.1920929e-07,5.22,5.22,14.305658,25.17,20.5,29.84,253.38,2400.0,0.1345793878486406,1.2137177
1990-07-24,1.4864987680610653e-27,1375.4508167886902,3.4523645450879457,1.1920928955078125e-07,1.1920929e-07,1.1920929e-07,0.0,14.304006,22.235,16.34,28.13,416.23,1853.95,0.12910569631873212,0.6485514
1990-07-25,7.851814181456469e-28,1372.0378617821284,3.434887620185546,1.1920928955078125e-07,1.1920929e-07,1.1920929e-07,0.0,14.304006,22.19,15.76,28.62,439.39,1780.7,0.11659745844112772,0.52810615
1990-07-26,3.1664960293348787e-28,1368.4781939152178,3.497956085804966,1.1920928955078125e-07,1.1920929e-07,1.1920929e-07,0.0,14.301225,22.555,16.0,29.11,444.15,1799.72,0.10484079726035529,0.46325102
1990-07-27,1.4025078283902554e-28,1364.7873219744645,3.6791791927315494,1.1920928955078125e-07,1.1920929e-07,1.1920929e-07,0.0,14.208003,23.6,17.85,29.35,404.31,2055.25,0.09390099671859868,0.4169259
1990-07-28,-3.820485332726017e-29,1361.12746348647,3.691308184531867,1.1920928955078125e-07,1.1920929e-07,1.1920929e-07,0.0,14.208003,23.705,18.24,29.17,392.13,2098.88,0.08418064435252563,0.39839587
1990-07-29,-2.7950398921202116e-28,1357.5482537661642,3.6336963892515777,1.1920928955078125e-07,1.1920929e-07,1.1920929e-07,0.0,14.208003,23.475,18.47,28.48,370.83,2117.37,0.0756484570432623,0.39839587
1990-07-30,-5.287606014704938e-28,1354.0480510384064,3.5752868820619645,1.1920928955078125e-07,1.1920929e-07,1.1920929e-07,0.0,14.111998,23.355,18.42,28.29,368.58,2114.21,0.06814161134605012,0.38913086
1990-07-31,-7.310886667579152e-28,1350.6252135280554,3.746028299554051,1.1920928955078125e-07,1.1920929e-07,1.1920929e-07,0.0,14.111998,24.22,19.72,28.72,340.06,2296.2,0.06152164377353339,0.37060082
1990-08-01,-8.316021617295218e-28,1347.278099459971,3.0810376523664966,1.1920928955078125e-07,1.1920929e-07,1.1920929e-07,0.0,14.111998,20.86,14.12,27.6,463.24,1609.44,0.055670533080699934,0.36133578
1990-08-02,-7.754150630405503e-28,1344.005067059012,2.928733675110042,1.1920928955078125e-07,1.1920929e-07,1.1920929e-07,0.0,14.015994,20.15,12.42,27.88,496.99,1433.71,0.05048745252425252,0.3242757
1990-08-03,-5.258363613156798e-28,1340.5962886407085,3.224752904206846,1.1920928955078125e-07,1.1920929e-07,1.1920929e-07,0.0,14.015994,21.85,13.98,29.72,493.49,1598.47,0.04560172757782137,0.30574566
1990-08-04,-3.0057811288099675e-28,1336.2123762734723,3.379502773229729,1.1920928955078125e-07,1.1920929e-07,1.1920929e-07,0.0,14.013214,22.725,15.7,29.75,463.07,1776.86,0.04000685568961338,0.30574566
1990-08-05,-1.7554114444308628e-28,1337.084073921399,3.5993521932935906,1.1920928955078125e-07,1.1920929e-07,9.04,9.04,13.920003,23.935,19.33,28.54,260.85,2242.94,0.0410617882585737,0.34280574
1990-08-06,-1.0507266921783705e-28,1352.9732552226471,3.3777509569623674,1.1920928955078125e-07,1.1920929e-07,26.1,26.1,13.920003,22.615,20.1,25.13,157.55,2341.44,0.06598957843857765,0.6022263
1990-08-07,-6.299593483027259e-29,1368.2919004667638,3.3623735793617398,1.1920928955078125e-07,1.1920929e-07,11.07,11.07,13.824,22.46,18.37,26.55,245.42,2109.26,0.10425925532499668,0.917237
1990-08-08,-3.7686521193329795e-29,1370.016316237572,3.1677829691815007,1.1920928955078125e-07,1.1920929e-07,1.1920929e-07,0.0,13.824,21.405,14.97,27.84,453.25,1708.2,0.10976790796304114,0.48178104
1990-08-09,-2.2130047246799347e-29,1370.4827875316712,3.2048424969546017,1.1920928955078125e-07,1.1920929e-07,8.97,8.97,13.824,21.6,16.2,27.0,305.03,1832.54,0.11130743972245047,0.42619094
1990-08-10,-1.3286094027367167e-29,1383.707178748605,2.9308945462751104,1.1920928955078125e-07,1.1920929e-07,20.75,20.75,13.727997,20.02,17.35,22.69,174.45,1977.26,0.16519881928952537,1.4175481
1990-08-11,-7.990617400961051e-30,1395.360171204088,3.4315793292721573,1.1920928955078125e-07,1.1920929e-07,7.31,7.31,13.727997,22.595,18.0,27.19,310.7,2080.0,0.23394464661434647,1.361958
1990-08-12,-4.7947673388710946e-30,1394.829057190526,3.433028328202741,1.1920928955078125e-07,1.1920929e-07,1.1920929e-07,0.0,13.6761,22.675,16.51,28.84,435.86,1880.5,0.23026401516672373,0.6207563
1990-08-13,-2.7925967202853086e-30,1389.9611696176767,3.7557691605593675,1.1920928955078125e-07,1.1920929e-07,1.1920929e-07,0.0,13.632,24.37,17.74,31.0,440.98,2037.85,0.1991147418566289,0.5095761
1990-08-14,-1.657009322298234e-30,1389.7000102179697,3.519413057955864,1.1920928955078125e-07,1.1920929e-07,9.26,9.26,13.632,23.23,16.84,29.62,324.69,1907.56,0.19756814416175408,0.46325102
1990-08-15,-9.611626755756631e-31,1389.5887018759045,3.3608966888575034,1.1920928955078125e-07,1.1920929e-07,1.1920929e-07,0.0,13.535997,22.55,16.21,28.89,432.5,1833.81,0.1969126277236624,0.42619094
1990-08-16,-5.594156664541932e-31,1386.236261130978,3.4394045366623023,1.1920928955078125e-07,1.1920929e-07,1.1920929e-07,0.0,13.535997,22.995,17.21,28.78,406.33,1954.13,0.17815661199939478,0.39839587
1990-08-17,-2.8651017751056227e-31,1382.6122904577874,3.485236952550427,1.1920928955078125e-07,1.1920929e-07,1.1920929e-07,0.0,13.44165,23.395,16.76,30.03,438.22,1900.88,0.15988560020105708,0.38913086
1990-08-18,-1.2053723845373127e-31,1378.9366707964039,3.5667501329331737,1.1920928955078125e-07,1.1920929e-07,1.1920929e-07,0.0,13.439995,23.85,17.07,30.63,439.45,1931.72,0.1432672806150593,0.37986583
1990-08-19,7.887930995184811e-31,1375.266541056668,3.675142934763179,1.1920928955078125e-07,1.1920929e-07,3.0,3.0,13.439995,24.425,19.12,29.73,288.52,2218.57,0.12839729434912076,0.37060082
1990-08-20,2.6687739479948745e-30,1371.6306964988873,2.8942841417825274,1.1920928955078125e-07,1.1920929e-07,20.23,20.23,13.343997,20.44,13.42,27.46,344.53,1539.37,0.11518854912667492,0.56516623
1990-08-21,5.340294293251123e-30,1368.0315533804405,2.2446449311229997,1.1920928955078125e-07,1.1920929e-07,3.78,3.78,13.343997,16.205,13.85,18.56,155.66,1586.03,0.10345194430281382,0.6948765
1990-08-22,8.624243121562896e-30,1364.4715279587072,2.338726943681086,1.1920928955078125e-07,1.1920929e-07,26.51,26.51,13.248009,17.05,15.12,18.98,127.71,1726.23,0.09301976796236915,0.8338518
1990-08-23,1.2341509419205867e-29,1360.9530364910659,2.488928596897921,1.1920928955078125e-07,1.1920929e-07,11.86,11.86,13.248009,18.135,16.34,19.93,120.17,1849.31,0.08374336803777808,1.9271241
1990-08-24,1.6312982172455704e-29,1357.4784952348962,2.9104972794537307,1.1920928955078125e-07,1.1920929e-07,0.74,0.74,13.196108,20.905,17.71,24.1,268.2,2031.17,0.07549105671815466,0.8245868
1990-08-25,2.0359550367588088e-29,1354.0503204475772,3.2159928756533263,1.1920928955078125e-07,1.1920929e-07,1.1920929e-07,0.0,13.152,22.735,17.49,27.98,389.67,1997.88,0.06814622877633959,0.6578164
1990-08-26,2.4302102990878675e-29,1350.6709283864875,3.513134432340262,1.1920928955078125e-07,1.1920929e-07,1.1920929e-07,0.0,13.152,24.33,18.45,30.21,408.27,2115.75,0.06160567528366656,0.56516623
1990-08-27,2.796152902860316e-29,1347.342735309007,3.5715244023713963,1.1920928955078125e-07,1.1920929e-07,1.1920929e-07,0.0,13.056,24.795,18.52,31.07,418.44,2123.88,0.05577807515419205,0.5095761
1990-08-28,3.115871746703719e-29,1344.068157472514,3.7898951004834505,1.1920928955078125e-07,1.1920929e-07,1.1920929e-07,0.0,13.056,25.895,19.5,32.29,413.7,2280.0,0.050582648014838485,0.46325102
1990-08-29,3.371455729245646e-29,1340.8496111343884,3.6329786573418317,1.1920928955078125e-07,1.1920929e-07,1.1920929e-07,0.0,12.96,25.315,18.92,31.71,413.91,2187.9,0.045947952997686954,0.42619094
1990-08-30,3.5449937491136616e-29,1337.6895125520086,2.843903059917429,1.1920928955078125e-07,1.1920929e-07,3.78,3.78,12.96,21.07,14.09,28.05,366.26,1606.8,0.041810819165362716,0.6948765
1990-08-31,3.6185747049353344e-29,1334.5902779827543,2.71403384881892,1.1920928955078125e-07,1.1920929e-07,1.1920929e-07,0.0,12.864003,20.435,13.07,27.8,459.14,1491.4,0.038115394386656794,0.46325102
1990-09-01,3.574287495338231e-29,1331.5543236840042,2.829540775265256,1.1920928955078125e-07,1.1920929e-07,1.1920929e-07,0.0,12.864003,21.19,14.28,28.1,442.07,1622.39,0.03481230055909064,0.4169259
1990-09-02,3.3942210189499223e-29,1328.5840659131377,3.2126621189458584,1.1920928955078125e-07,1.1920929e-07,1.1920929e-07,0.0,12.861222,23.44,16.8,30.08,423.22,1904.26,0.03185788411477411,0.39839587
1990-09-03,3.06046417439797e-29,1325.6819209275336,3.1114320236832973,1.1920928955078125e-07,1.1920929e-07,1.1920929e-07,0.0,12.768005,23.045,16.5,29.59,420.37,1873.97,0.02921355173603355,0.37986583
1990-09-04,2.555105860309942e-29,1322.8503049845713,2.489274687783327,1.1920928955078125e-07,1.1920929e-07,1.1920929e-07,0.0,12.768005,19.24,13.0,25.48,422.17,1480.0,0.026845182141597115,0.36133578
1990-09-05,1.8602349753134104e-29,1320.0916343416297,2.5931831436926176,1.1920928955078125e-07,1.1920929e-07,1.1920929e-07,0.0,12.672003,20.1,13.14,27.06,435.75,1502.19,0.02472260567877419,0.35207078
1990-09-06,7.578461153095264e-30,1317.4101098347876,3.0696460396906375,1.1920928955078125e-07,1.1920929e-07,1.1920929e-07,0.0,12.672003,23.05,16.71,29.39,399.1,1897.02,0.022820360196087748,0.35207078
1990-09-07,-9.567925652133839e-30,1314.792195839568,3.2212979057306437,1.1920928955078125e-07,1.1920929e-07,1.1920929e-07,0.0,12.576006,24.065,18.98,29.15,341.52,2196.12,0.02110452565988529,0.35207078
1990-09-08,-2.8464635106393587e-29,1312.203242376915,2.589025624022309,1.1920928955078125e-07,1.1920929e-07,1.1920929e-07,0.0,12.576006,20.305,14.0,26.61,405.5,1599.55,0.019534586906257454,0.34280574
1990-09-09,-4.4547530512288906e-29,1309.60816598621,2.275041670792052,1.1920928955078125e-07,1.1920929e-07,1.1920929e-07,0.0,12.479998,18.275,13.3,23.25,349.72,1524.28,0.018078128580451776,0.3242757
1990-09-10,-5.325247517242467e-29,1306.9718832068347,2.763972627411453,1.1920928955078125e-07,1.1920929e-07,1.1920929e-07,0.0,12.479998,21.63,16.79,26.47,329.67,1903.17,0.016709689525728787,0.3242757
1990-09-11,-5.0015332389405764e-29,1304.2593105781707,2.6789817081952747,1.1920928955078125e-07,1.1920929e-07,1.1920929e-07,0.0,12.383997,21.26,13.71,28.81,429.63,1576.46,0.015409694461671626,0.3242757
1990-09-12,-3.221505637773098e-29,1301.4759045172427,2.898126870405208,1.1920928955078125e-07,1.1920929e-07,1.1920929e-07,0.0,12.383997,22.66,17.01,28.31,359.35,1921.17,0.014180814197767469,0.3150107
1990-09-13,-1.3113691450501246e-29,1299.0725359600178,2.78180755889651,1.1920928955078125e-07,1.1920929e-07,3.73,3.73,12.287997,22.115,18.06,26.17,211.56,2074.4,0.01319885662972377,0.3242757
1990-09-14,6.809183618045542e-31,1297.5593433117065,2.5176323079437073,1.1920928955078125e-07,1.1920929e-07,1.1920929e-07,0.0,12.287997,20.415,15.38,25.45,340.41,1745.57,0.012615791594970014,0.37986583
1990-09-15,5.226416699016417e-30,1297.4079654406232,2.521752438675008,1.1920928955078125e-07,1.1920929e-07,3.03,3.03,12.287997,20.445,16.5,24.39,223.72,1879.89,0.012558898936535591,0.36133578
1990-09-16,2.7874455484365038e-30,1298.142035529746,1.876629923814915,1.1920928955078125e-07,1.1920929e-07,6.62,6.62,12.191998,15.605,9.0,22.21,311.65,1160.0,0.012837201762666436,0.34280574
1990-09-17,6.957334280943466e-31,1298.7024160438668,1.538080724641811,1.1920928955078125e-07,1.1920929e-07,3.09,3.09,12.191998,12.365,6.6,18.13,339.84,968.04,0.013053798623484188,0.44472098
1990-09-18,-5.1759661904425875e-31,1299.1898718820137,1.3207551040553027,1.1920928955078125e-07,1.1920929e-07,1.1920929e-07,0.0,12.096,10.065,2.53,17.6,447.79,722.2,0.013245178779800068,0.35207078
1990-09-19,-4.447468418881204e-31,1299.679935977977,1.4630826225176974,1.1920928955078125e-07,1.1920929e-07,3.58,3.58,12.096,11.68,6.76,16.6,263.45,980.93,0.013440411399685572,0.33354074
1990-09-20,4.286640977605323e-31,1299.9275486192284,1.9065173343990076,1.1920928955078125e-07,1.1920929e-07,4.13,4.13,12.000003,16.105,11.15,21.06,252.75,1332.24,0.013540147459955597,0.39839587
1990-09-21,1.714162758720388e-30,1299.8695768016253,1.7115789802260206,1.1920928955078125e-07,1.1920929e-07,1.1920929e-07,0.0,12.000003,14.335,7.14,21.53,417.0,1010.85,0.013516730801073379,0.35207078
1990-09-22,3.163849303872299e-30,1299.5188252182288,2.0298258951089445,1.1920928955078125e-07,1.1920929e-07,17.05,17.05,11.903997,17.285,12.18,22.39,244.81,1414.37,0.013375912340272925,0.46325102
1990-09-23,4.529823896097115e-30,1298.8880985621001,1.7665243877551058,1.1920928955078125e-07,1.1920929e-07,1.1920929e-07,0.0,11.903997,14.995,8.77,21.22,373.07,1141.8,0.013126371242835364,0.6578164
1990-09-24,5.564186698275688e-30,1297.9902015263006,1.3914333689955736,1.1920928955078125e-07,1.1920929e-07,1.1920929e-07,0.0,11.808,11.285,4.37,18.2,399.78,830.21,0.012779136581745072,0.37986583
1990-09-25,6.01903787328887e-30,1296.8379388038916,1.5450242481223924,1.1920928955078125e-07,1.1920929e-07,1.1920929e-07,0.0,11.808,12.975,5.19,20.76,414.98,895.07,0.012346957158035871,0.34280574
1990-09-26,5.64647758401751e-30,1295.444115087934,1.6324028828406412,1.1920928955078125e-07,1.1920929e-07,1.83,1.83,11.711997,14.015,8.02,20.01,346.11,1081.4,0.011843662181910661,0.33354074
1990-09-27,4.198605993342457e-30,1293.8215350714895,1.7228185423654232,1.1920928955078125e-07,1.1920929e-07,1.1920929e-07,0.0,11.711997,14.915,7.79,22.04,387.43,1063.55,0.011283550138892283,0.33354074
1990-09-28,1.3963165345391857e-30,1292.4522157998913,1.9119120745838774,1.1920928955078125e-07,1.1920929e-07,1.1920929e-07,0.0,11.711997,16.65,8.86,24.44,395.9,1149.17,0.010831524496597566,0.3242757
1990-09-29,-2.2417854680609246e-30,1291.648588351314,2.1872556877321587,1.1920928955078125e-07,1.1920929e-07,1.1920929e-07,0.0,11.616,19.055,12.38,25.73,356.61,1430.34,0.010574718704795252,0.3150107
1990-09-30,-5.7486055616147026e-30,1291.1275636855746,2.14476259027307,1.1920928955078125e-07,1.1920929e-07,3.07,3.07,11.616,18.73,13.04,24.42,251.76,1486.74,0.010411483506394899,0.30574566
1990-10-01,-8.157008563551414e-30,1290.6059605271912,1.6105034730968881,1.1920928955078125e-07,1.1920929e-07,1.1920929e-07,0.0,11.520008,14.125,6.6,21.65,388.51,967.79,0.010250591009686706,0.29648066
1990-10-02,-8.499859291300297e-30,1289.8005976006816,1.6652184763909406,1.1920928955078125e-07,1.1920929e-07,1.1920929e-07,0.0,11.520008,14.68,8.5,20.86,345.48,1120.0,0.010007040076181759,0.28721562
1990-10-03,-5.8892461555374654e-30,1288.4517956458456,1.487418315710067,1.1920928955078125e-07,1.1920929e-07,1.1920929e-07,0.0,11.423997,13.0,4.11,21.89,410.35,808.44,0.009612038762258985,0.26868558
1990-10-04,-1.4189281053298503e-30,1286.788117575456,1.8584024408483653,1.1920928955078125e-07,1.1920929e-07,5.12,5.12,11.423997,16.665,11.87,21.46,209.49,1389.47,0.009146234671791684,0.26868558
1990-10-05,3.271243492408681e-30,1284.9651643296163,1.7613615659553654,1.1920928955078125e-07,1.1920929e-07,1.1920929e-07,0.0,11.328,15.94,7.5,24.38,389.64,1040.1,0.008661713623466738,0.33354074
1990-10-06,6.883356801241383e-30,1283.0051759527676,2.1610221534816594,1.1920928955078125e-07,1.1920929e-07,1.1920929e-07,0.0,11.328,19.39,10.75,28.03,379.73,1300.09,0.008169365849205542,0.3150107
1990-10-07,8.11949998473151e-30,1280.9303924893513,2.0936870689885154,1.1920928955078125e-07,1.1920929e-07,1.1920929e-07,0.0,11.232,19.025,10.03,28.02,381.25,1242.04,0.007678639955899407,0.2779506
1990-10-08,5.9069651026521706e-30,1279.1544167000166,2.229833624477336,1.1920928955078125e-07,1.1920929e-07,1.1920929e-07,0.0,11.232,20.12,13.64,26.6,316.81,1571.57,0.007282071672044812,0.2779506
1990-10-09,3.463150014671818e-30,1282.3875567526088,2.6971628492526896,1.1920928955078125e-07,1.1920929e-07,8.4,8.4,11.138781,23.515,18.47,28.56,194.86,2117.69,0.008020096261115706,0.37060082
1990-10-10,2.0615475123695384e-30,1285.882653381667,2.460404438784712,1.1920928955078125e-07,1.1920929e-07,1.1920929e-07,0.0,11.136,21.87,16.36,27.38,272.28,1855.15,0.008902275793157367,0.36133578
1990-10-11,1.2066579253200382e-30,1295.272240961919,2.4252150586342482,1.1920928955078125e-07,1.1920929e-07,22.85,22.85,11.136,21.495,17.93,25.06,142.87,2069.06,0.011783038395147495,0.37060082
1990-10-12,7.275728363217799e-31,1304.4995429823405,2.328376066787359,1.1920928955078125e-07,1.1920929e-07,3.15,3.15,11.04,20.82,16.43,25.21,188.1,1868.29,0.01552062331935979,0.48178104
1990-10-13,4.3997020641034425e-31,1320.8096417150766,2.501833771597385,1.1920928955078125e-07,1.1920929e-07,30.3,30.3,11.04,21.845,18.44,25.25,134.99,2115.0,0.02525833713653454,1.3434279
1990-10-14,2.66138058437514e-31,1335.1768377390806,2.294501327583919,1.1920928955078125e-07,1.1920929e-07,4.91,4.91,10.944003,20.32,16.35,24.29,157.51,1856.0,0.038788807649994504,0.8153218
1990-10-15,1.594804798949821e-31,1334.8991836148334,1.919810297234583,1.1920928955078125e-07,1.1920929e-07,1.1920929e-07,0.0,10.944003,17.31,11.7,22.92,281.4,1376.23,0.0384685702589377,0.49104607
1990-10-16,9.573560202122585e-32,1333.1551378994022,1.4532881728261016,1.1920928955078125e-07,1.1920929e-07,1.1920929e-07,0.0,10.848002,12.91,5.14,20.68,347.19,891.29,0.036516633465375765,0.4076609
1990-10-17,5.728720613653041e-32,1332.1018091854032,1.5638749386963693,1.1920928955078125e-07,1.1920929e-07,1.1920929e-07,0.0,10.848002,14.11,6.39,21.83,339.1,951.08,0.035386047359137154,0.37986583
1990-10-18,3.4462113582480977e-32,1350.0275838014604,1.8317253930092672,1.1920928955078125e-07,1.1920929e-07,34.21,34.21,10.803894,16.555,11.68,21.43,185.76,1374.59,0.06043358705776925,2.4737604
1990-10-19,2.0739703273037948e-32,1369.921509946858,1.3121747473907022,1.1920928955078125e-07,1.1920929e-07,10.25,10.25,10.752,10.985,6.47,15.5,195.91,958.96,0.10945762464122312,4.7529554
1990-10-20,1.2364725331155666e-32,1373.4282583536776,1.0693893262943976,1.1920928955078125e-07,1.1920929e-07,1.1920929e-07,0.0,10.752,7.745,0.18,15.31,337.79,613.76,0.12153981566426024,0.8709119
1990-10-21,7.28897755157214e-33,1371.8839584053549,1.2392069009988038,1.1920928955078125e-07,1.1920929e-07,1.1920929e-07,0.0,10.655997,10.2,1.99,18.41,342.92,717.22,0.1160628938367229,0.6670815
1990-10-22,4.3776219831164384e-33,1371.0448716691649,1.453167166028508,1.1920928955078125e-07,1.1920929e-07,2.27,2.27,10.655997,12.745,7.11,18.38,251.61,1008.99,0.11319124220378941,0.6022263
1990-10-23,2.6486084854694153e-33,1391.532638733919,1.7077513335217527,1.1920928955078125e-07,1.1920929e-07,39.94,39.94,10.559998,15.275,12.92,17.63,93.68,1473.43,0.2086800347971186,12.1371765
1990-10-24,1.6025531744657283e-33,1408.9033725739641,1.639553535139699,1.1920928955078125e-07,1.1920929e-07,1.1920929e-07,0.0,10.559998,14.405,10.56,18.25,197.96,1284.52,0.35053381410723916,6.985825
1990-10-25,9.461845887862322e-34,1407.7051461631884,1.3215768315799177,1.1920928955078125e-07,1.1920929e-07,1.1920929e-07,0.0,10.558345,10.955,5.24,16.67,275.99,899.18,0.33821458301249874,1.825209
1990-10-26,5.539139508683071e-34,1406.0805589226054,1.1852445971869872,1.1920928955078125e-07,1.1920929e-07,1.1920929e-07,0.0,10.464,9.4,4.84,13.96,235.02,867.29,0.3222003835049168,1.3063679
1990-10-27,2.616485036631638e-34,1404.7050131062051,0.9202526810677428,1.1920928955078125e-07,1.1920929e-07,1.1920929e-07,0.0,10.464,5.52,-2.17,13.21,327.25,522.62,0.3092353510785617,1.0562123
1990-10-28,8.381072776853707e-35,1403.4048836767688,1.0911459032886166,1.1920928955078125e-07,1.1920929e-07,1.1920929e-07,0.0,10.367997,8.285,2.33,14.24,281.62,721.05,0.2974610826831103,0.95429707
1990-10-29,3.585030792368796e-35,1402.0527897577426,1.0183910816852189,1.1920928955078125e-07,1.1920929e-07,1.1920929e-07,0.0,10.367997,7.235,2.58,11.89,237.89,736.73,0.28569151452875685,0.8616469
1990-10-30,-5.040053422279506e-36,1400.596900784631,1.0269345488308774,1.1920928955078125e-07,1.1920929e-07,1.1920929e-07,0.0,10.323892,7.445,-1.91,16.8,338.76,527.04,0.27353858860799485,0.7875267
1990-10-31,-4.889561023862579e-35,1399.035012028144,1.3190973061995193,1.1920928955078125e-07,1.1920929e-07,1.1920929e-07,0.0,10.272,11.46,3.87,19.05,305.44,803.97,0.2610750358823999,0.75973165
1990-11-01,-8.402125062520645e-35,1397.3653136901196,1.4790646888366021,1.1920928955078125e-07,1.1920929e-07,1.1920929e-07,0.0,10.272,13.315,4.89,21.74,311.49,871.21,0.24837856138890294,0.7319366
1990-11-02,-9.872186268187707e-35,1395.5859959723975,1.6289623286404644,1.1920928955078125e-07,1.1920929e-07,1.1920929e-07,0.0,10.176,15.06,5.68,24.44,316.98,917.16,0.23552738847578578,0.6948765
1990-11-03,-8.130233450849329e-35,1393.6952490768163,1.7328218856501354,1.1920928955078125e-07,1.1920929e-07,1.1920929e-07,0.0,10.176,16.1,7.68,24.52,298.57,1054.47,0.22259930623041227,0.6670815
1990-11-04,-4.2431656777695584e-35,1392.8062520535545,1.5772716510023868,1.1920928955078125e-07,1.1920929e-07,1.1920929e-07,0.0,10.176,14.565,6.68,22.45,290.54,974.77,0.21676843554472988,0.6022263
1990-11-05,-9.920803159159051e-36,1393.6545985791913,1.4980181191290076,1.1920928955078125e-07,1.1920929e-07,1.1920929e-07,0.0,10.079997,13.87,5.52,22.22,296.47,920.0,0.22232929205312738,0.56516623
1990-11-06,8.578587004014179e-36,1395.256278345618,1.4336090768187741,1.1920928955078125e-07,1.1920929e-07,7.04,7.04,10.079997,13.14,6.67,19.61,195.89,973.25,0.23322006749821636,0.6578164
1990-11-07,7.987840849765076e-36,1396.3874743707404,0.8627096531640123,1.1920928955078125e-07,1.1920929e-07,1.1920929e-07,0.0,10.035892,5.265,-1.2,11.73,268.99,560.0,0.24123166378088504,0.6022263
1990-11-08,4.720491072936492e-36,1395.4720961783084,0.8382965651419475,1.1920928955078125e-07,1.1920929e-07,1.1920929e-07,0.0,9.983997,4.92,0.34,9.5,210.92,627.13,0.23472776319623995,0.54663616
1990-11-09,2.847076399372154e-36,1393.7238049016346,0.7198119258402754,1.1920928955078125e-07,1.1920929e-07,1.1920929e-07,0.0,9.983997,2.665,-3.58,8.91,260.98,473.49,0.22278917961912467,0.53737116
1990-11-10,1.722866750032588e-36,1415.2017696446392,1.0064929881182978,1.1920928955078125e-07,1.1920929e-07,42.26,42.26,9.888,7.64,4.67,10.61,105.02,853.77,0.42306024502594436,7.652907
1990-11-11,1.0421870015954055e-36,1437.474493069019,0.9466405171861756,1.1920928955078125e-07,1.1920929e-07,5.87,5.87,9.888,6.46,2.57,10.35,162.06,731.54,0.8226518881080893,2.9648066
1990-11-12,5.827330785083604e-37,1439.345139231921,0.8907466187205512,1.1920928955078125e-07,1.1920929e-07,1.1920929e-07,0.0,9.888,5.515,1.22,9.81,191.97,660.14,0.8699074689674461,1.371223
1990-11-13,2.9793169415410008e-37,1437.530809909318,0.7979247504373413,1.1920928955078125e-07,1.1920929e-07,1.1920929e-07,0.0,9.792,4.025,0.01,8.04,181.41,602.79,0.8240363467733017,1.1118025
1990-11-14,1.7101861042328566e-37,1435.8467849860165,0.7588951763533683,1.1920928955078125e-07,1.1920929e-07,1.1920929e-07,0.0,9.792,3.295,-3.14,9.73,253.13,480.0,0.783626932673792,0.9635621
1990-11-15,8.806267222076e-38,1434.156236319855,1.0507320503789381,1.1920928955078125e-07,1.1920929e-07,1.1920929e-07,0.0,9.792,8.25,-1.85,18.35,295.58,531.88,0.7450539910389341,0.8801769
1990-11-16,4.668302652133426e-38,1432.2919770541018,1.2778999002145741,1.1920928955078125e-07,1.1920929e-07,1.1920929e-07,0.0,9.698783,11.495,1.53,21.46,287.57,682.2,0.7047151441402727,0.8338518
1990-11-17,6.84310094816653e-39,1430.5184384445065,1.3553535223555535,1.1920928955078125e-07,1.1920929e-07,3.0,3.0,9.696003,12.46,6.42,18.5,167.33,953.89,0.6683683135785331,0.8709119
1990-11-18,-4.1128476246309195e-38,1428.930611261769,0.7475840759589214,1.1920928955078125e-07,1.1920929e-07,1.1920929e-07,0.0,9.696003,3.29,-2.14,8.72,214.57,520.0,0.6374208269455222,0.7782617
1990-11-19,-8.472541655058516e-38,1427.4723787312334,0.7208349527219808,1.1920928955078125e-07,1.1920929e-07,1.1920929e-07,0.0,9.696003,2.765,-5.08,10.61,264.65,427.84,0.6102631136075047,0.7319366
1990-11-20,-1.1144143145315364e-37,1426.0876240782438,0.8588196994228422,1.1920928955078125e-07,1.1920929e-07,1.1920929e-07,0.0,9.6,5.55,-0.77,11.87,232.67,578.21,0.5855456927992411,0.70414156
1990-11-21,-1.0877023244250692e-37,1424.7202305281444,0.8026857884831917,1.1920928955078125e-07,1.1920929e-07,1.1920929e-07,0.0,9.6,4.545,-2.48,11.57,245.47,515.92,0.5621207085898409,0.6670815
1990-11-22,-6.571157186427998e-38,1423.3091322244657,0.929568547092964,1.1920928955078125e-07,1.1920929e-07,1.1920929e-07,0.0,9.6,6.785,-0.98,14.55,250.93,561.76,0.5389291231265391,0.6578164
1990-11-23,7.785705250427608e-39,1421.7968578184853,1.205790376786704,1.1920928955078125e-07,1.1920929e-07,7.26,7.26,9.555897,10.925,5.47,16.38,146.13,910.53,0.5151358259918801,0.7875267
1990-11-24,8.998984207145902e-38,1420.2067696878426,1.0386080841192096,1.1920928955078125e-07,1.1920929e-07,1.1920929e-07,0.0,9.504003,8.685,3.28,14.09,195.15,779.12,0.491250305670721,0.7782617
1990-11-25,1.595088541118972e-37,1418.5728227129234,1.2018186329552167,1.1920928955078125e-07,1.1920929e-07,1.1920929e-07,0.0,9.504003,10.995,3.49,18.5,234.6,793.27,0.4678592152907893,0.6763465
1990-11-26,1.949507568848251e-37,1416.9289717741142,1.2225574178371212,1.1920928955078125e-07,1.1920929e-07,1.1920929e-07,0.0,9.504003,11.285,3.93,18.64,230.03,800.0,0.4454501569438669,0.6300214
1990-11-27,1.749235659033254e-37,1415.3091717518007,1.1407098705117293,1.1920928955078125e-07,1.1920929e-07,1.1920929e-07,0.0,9.459894,10.28,4.32,16.24,201.46,825.62,0.42441909648028414,0.6114913
1990-11-28,1.04712129970395e-37,1413.6753707431726,1.2735230156845674,1.1920928955078125e-07,1.1920929e-07,1.1920929e-07,0.0,9.408,12.135,5.39,18.88,213.51,906.62,0.404211963953588,0.6114913
1990-11-29,5.08410106443286e-38,1412.0236659580062,1.2060184824236844,1.1920928955078125e-07,1.1920929e-07,1.1920929e-07,0.0,9.408,11.285,2.64,19.93,243.7,731.7,0.3847611816804092,0.6022263
1990-11-30,2.3935060315545006e-38,1410.703945363347,0.6800710378385748,1.1920928955078125e-07,1.1920929e-07,1.1920929e-07,0.0,9.408,2.525,-1.83,6.88,161.63,533.26,0.3698948007161044,0.5559012
1990-12-01,1.411438213084547e-38,1409.6363313460251,0.7326154626935177,1.1920928955078125e-07,1.1920929e-07,1.1920929e-07,0.0,9.408,3.64,-5.22,12.5,251.66,421.72,0.3582896883061114,0.54663616
1990-12-02,8.34547455109006e-39,1409.3285002852103,0.8234907824319524,1.1920928955078125e-07,1.1920929e-07,1.1920929e-07,0.0,9.363897,5.47,-0.69,11.63,207.24,584.59,0.35501165879555135,0.5559012
1990-12-03,4.8792062168324964e-39,1422.610969805512,0.7886525011687417,1.1920928955078125e-07,1.1920929e-07,23.8,23.8,9.311997,4.76,-0.19,9.71,134.15,600.0,0.5278110424186281,1.843739
1990-12-04,2.4903789003592715e-10,1443.798866510533,0.9717302369567438,1.1920928955078125e-07,1.1920929e-07,23.67,23.67,9.311997,7.715,0.64,14.79,166.88,638.78,0.9936312384543599,4.8270755
1990-12-05,1.0132439455387187e-09,1450.63686468397,0.6079368524120573,1.1920928955078125e-07,1.1920929e-07,1.1920929e-07,0.0,9.311997,0.625,-2.54,3.79,126.01,509.52,1.2186938700532748,1.7047638
1990-12-06,6.804025297150594e-10,1449.1493588655856,0.6819303120681941,1.1920928955078125e-07,1.1920929e-07,1.1920929e-07,0.0,9.311997,2.32,-4.85,9.49,229.6,440.0,1.1657512947128759,1.2415127
1990-12-07,3.9447917775882003e-10,1447.320714576423,0.7085841390967168,1.1920928955078125e-07,1.1920929e-07,1.1920929e-07,0.0,9.311997,2.905,-2.21,8.02,185.38,520.0,1.10380813496154,1.0840074
1990-12-08,2.591275022477554e-11,1445.5393754673491,0.747728277976132,1.1920928955078125e-07,1.1920929e-07,1.1920929e-07,0.0,9.310348,3.725,-1.44,8.89,185.07,557.79,1.046633636971153,0.97282714
1990-12-09,-7.163608499427001e-10,1443.8250572060992,0.7618524223486071,1.1920928955078125e-07,1.1920929e-07,1.1920929e-07,0.0,9.2187805,4.17,-2.19,10.53,211.16,520.0,0.9944085632449255,0.8801769
1990-12-10,-1.6775561955643992e-09,1442.1665576439095,0.9497810401483187,1.1920928955078125e-07,1.1920929e-07,1.1920929e-07,0.0,9.216,7.54,1.59,13.49,197.45,687.43,0.9463653543631271,0.8338518
1990-12-11,-2.6977948730584925e-09,1440.5523933695804,0.6918955975112043,1.1920928955078125e-07,1.1920929e-07,1.1920929e-07,0.0,9.216,2.775,-3.72,9.27,210.44,462.09,0.9018363007938146,0.76899666
1990-12-12,-3.6171984688431535e-09,1438.971080971912,0.7230668616633174,1.1920928955078125e-07,1.1920929e-07,1.1920929e-07,0.0,9.216,3.445,-5.33,12.22,239.97,413.79,0.8602458532640322,0.74120164
1990-12-13,-4.275888569336555e-09,1437.4111370397047,0.9756050884253052,1.1920928955078125e-07,1.1920929e-07,1.1920929e-07,0.0,9.216,8.005,0.03,15.98,224.45,607.41,0.8210971624362436,0.7319366
1990-12-14,-4.513986760956866e-09,1435.8610781617592,0.7164276225069426,1.1920928955078125e-07,1.1920929e-07,1.1920929e-07,0.0,9.216,3.34,-5.49,12.17,237.13,400.9,0.7839614288755608,0.6948765
1990-12-15,-4.171614630122259e-09,1434.3094209268754,0.5518706449210317,1.1920928955078125e-07,0.03096125,15.249039,15.28,9.216,-0.46,-5.36,4.44,127.25,410.99,0.7484695112847235,1.4638731
1990-12-16,-3.088893763250911e-09,1432.744681923854,0.7754346986509298,1.1920928955078125e-07,1.1920929e-07,1.1920929e-07,0.0,9.216,4.555,1.58,7.53,110.93,686.39,0.7143053438925056,1.7140287
1990-12-17,-1.8237701892411015e-09,1430.6529271976362,0.6687773381241463,1.1920928955078125e-07,1.1920929e-07,1.1920929e-07,0.0,9.216,2.375,-2.28,7.03,166.27,520.0,0.6710575842066103,1.0376823
1990-12-18,-1.0739542312382408e-09,1434.3760402633952,0.9884379104965381,1.1920928955078125e-07,1.1920929e-07,10.04,10.04,9.216,8.24,1.81,14.67,151.84,697.05,0.7499597877718582,1.9363892
1990-12-19,-6.281728087871169e-10,1438.1951520630048,1.1114805764767297,1.1920928955078125e-07,1.1920929e-07,3.01,3.01,9.216,10.03,3.56,16.5,156.37,794.65,0.8405450530707143,1.4916682
1990-12-20,-3.655474170228433e-10,1438.101252458582,0.6372814277326704,1.1920928955078125e-07,1.1920929e-07,1.1920929e-07,0.0,9.216,1.59,-3.45,6.63,178.0,480.0,0.8381917572426502,1.1025374
1990-12-21,-1.5538247571475875e-10,1438.857786227196,0.7881252591110336,1.1920928955078125e-07,1.1920929e-07,8.65,8.65,9.216,4.735,1.37,8.1,95.66,669.46,0.8573407710089227,1.5843184
1990-12-22,-5.41779206805994e-12,1441.1050095977726,1.125109322895426,1.1920928955078125e-07,1.1920929e-07,2.46,2.46,9.216,10.19,5.55,14.83,149.84,916.49,0.9168400443552017,1.5657884
1990-12-23,4.26734228667811e-11,1444.5148602108668,1.5312056649543628,1.1920928955078125e-07,1.1920929e-07,6.32,6.32,9.216,15.105,12.33,17.88,76.24,1426.21,1.0151018956466793,1.815944
1990-12-24,2.5720342161534676e-11,1452.1415841395963,0.98305639646495,1.1920928955078125e-07,1.1920929e-07,12.57,12.57,9.216,7.965,-1.05,16.98,181.33,560.0,1.2746958115486797,4.021019
1990-12-25,0.7137838174474029,1455.8091357579199,0.4097778732277625,1.1920928955078125e-07,1.1920929e-07,1.1920929e-07,0.0,9.216,-4.87,-10.41,0.67,199.58,279.98,1.422211785679598,1.7881489
1990-12-26,0.6944503125702166,1454.0018718347337,0.44280074693830845,1.1920928955078125e-07,1.1920929e-07,1.1920929e-07,0.0,9.216,-3.775,-9.1,1.55,195.46,312.22,1.3475013215473206,1.4360781
1990-12-27,0.7827316700841362,1452.2473294487572,0.440370833041185,1.1920928955078125e-07,0.22,1.1920929e-07,0.22,9.216,-3.835,-7.85,0.18,158.39,334.87,1.2787268216576595,1.3156328
1990-12-28,11.9810926054596,1450.5696654755209,0.4210131349004788,1.1920928955078125e-07,22.0,1.1920929e-07,22.0,9.216,-4.445,-7.29,-1.6,102.1,359.82,1.2162510943340934,1.4082831
1990-12-29,23.8642462122191,1448.999064806213,0.5397525211556177,1.1920928955078125e-07,0.26097825,1.2290218,1.49,9.216,-0.925,-4.0,2.15,130.66,450.4,1.1605317325867561,1.399018
1990-12-30,11.603379162307352,1459.4868229077485,0.9734233624597708,11.603379162307352,1.1920929e-07,1.1920929e-07,0.0,9.216,7.735,0.5,14.97,259.64,639.99,1.587279534554916,7.05068
1990-12-31,4.244094856431016,1465.9026639287497,0.9647867973807918,4.244094856431016,1.1920929e-07,3.24,3.24,9.216,7.53,-0.42,15.48,202.88,597.99,1.9224215625212138,6.012998
1991-01-01,2.3707252500835283,1466.675602107737,0.48306128231661016,1.1920928955078125e-07,1.1920929e-07,1.1920929e-07,0.0,9.216,-2.675,-8.87,3.52,237.23,315.78,1.9673038373177956,2.4737604
1991-01-02,2.4081908531463116,1464.209578155546,0.5841112829780387,1.1920928955078125e-07,1.1920929e-07,1.1920929e-07,0.0,9.267895,-0.02,-7.4,7.36,252.2,358.84,1.827654589889499,1.9827143
1991-01-03,1.0200315332704788,1463.185826744432,0.6274865543978209,1.019893560930189,1.1920929e-07,1.1920929e-07,0.0,9.311997,0.96,-3.61,5.53,199.93,466.61,1.7726336000709335,1.7325587
1991-01-04,0.7019959880982906,1461.1975464976067,0.5292035711791079,1.1920928955078125e-07,1.1920929e-07,1.1920929e-07,0.0,9.311997,-1.475,-5.95,3.0,199.42,400.0,1.6704621383806857,1.4824033
1991-01-05,0.7016976830594148,1459.0688212489317,0.5060645170586702,1.1920928955078125e-07,1.1920929e-07,1.1920929e-07,0.0,9.311997,-2.09,-7.89,3.71,233.73,328.74,1.567592308719379,1.2971028
1991-01-06,0.4764081054660956,1458.6971431077916,0.6885225381598801,0.47237837595947124,1.1920929e-07,4.01,4.01,9.311997,2.365,-0.42,5.15,101.88,595.34,1.550292034077172,1.4175481
1991-01-07,0.18104262259263168,1467.4577768790896,0.6247951741281395,0.15554682765037206,5.1647424e-07,17.33,17.33,9.311997,0.855,-2.19,3.9,111.3,520.0,2.0137892651763223,2.1494846
1991-01-08,4.757745035382189,1469.26966533592,0.37275936591110076,1.1920928955078125e-07,1.1920929e-07,1.1920929e-07,0.0,9.311997,-6.44,-11.38,-1.5,219.59,249.73,2.1257347002535245,1.5565234
1991-01-09,6.838076911542322,1466.7798472953325,0.5216446812496218,1.1920928955078125e-07,4.1386123,0.001387673,4.14,9.408,-1.88,-5.18,1.42,122.34,427.06,1.9734367098785075,1.5194633
1991-01-10,5.006686211442212,1467.7546412093768,0.6687489943194732,5.006685614598706,1.1920929e-07,1.1920929e-07,0.0,9.408,1.695,-1.55,4.94,159.56,556.02,2.0317183711078384,1.7325587
1991-01-11,2.902854736363128,1472.9813643709042,0.5650227842663671,1.1920928955078125e-07,0.72030604,11.839694,12.56,9.408,-0.8,-4.51,2.91,135.94,440.0,2.374866727130277,2.0475695
1991-01-12,2.9357627832368833,1484.7437696315617,0.6106901877502082,1.4143217562438835,4.1542055e-05,15.839958,15.84,9.408,0.205,-2.15,2.56,91.83,523.02,3.3741484688187633,9.45032
1991-01-13,1.1535304100385473,1489.6663867435618,0.6244586068041498,1.139925972228564,1.1920929e-07,1.1920929e-07,0.0,9.408,0.48,-2.65,3.61,158.01,508.27,3.9083777581397046,4.975316
1991-01-14,0.9705329092671705,1485.6005763178657,0.503334452670362,1.1920928955078125e-07,1.1920929e-07,1.1920929e-07,0.0,9.504003,-2.71,-8.92,3.5,254.53,319.94,3.4615812876366023,3.224227
1991-01-15,0.5764838507376908,1482.0160875218246,0.7684849488026713,0.5746817053733301,1.1920929e-07,1.1920929e-07,0.0,9.504003,3.455,-3.75,10.66,266.57,459.49,3.11024004449377,2.9740715
1991-01-16,0.216325346771484,1485.624990831499,0.7781570235441093,0.19402237326235322,1.1920929e-07,13.79,13.79,9.504003,3.605,-0.54,7.75,149.83,595.28,3.464105589822938,11.210674
1991-01-17,0.09281444588704246,1490.0196396874746,0.8274905487201596,0.06651999130152643,1.1920929e-07,3.69,3.69,9.504003,4.48,1.48,7.48,116.63,678.6,3.9498192239202874,7.2267156
1991-01-18,0.04611852608357495,1487.0253128164948,0.728772758837869,0.028284275993901032,1.1920929e-07,1.1920929e-07,0.0,9.6,2.47,-0.17,5.11,140.21,605.77,3.6120130867966194,4.3638244
1991-01-19,0.024207950143725114,1482.920162977973,0.8189303306430165,0.013561924188255168,1.1920929e-07,1.1920929e-07,0.0,9.6,4.245,-1.51,10.0,249.56,559.29,3.1953408843415745,3.150107
1991-01-20,0.013976012224409374,1479.0242063680814,0.9084938017360022,0.007475535093769649,1.1920929e-07,1.1920929e-07,0.0,9.6,5.85,0.46,11.24,241.48,635.23,2.8444461650153134,2.4089053
1991-01-21,0.008247625923056466,1477.9076570073507,0.7401284094814758,0.004293774961018052,1.1920929e-07,4.93,4.93,9.602783,2.785,-3.0,8.57,195.04,480.0,2.7511815393820886,2.223605
1991-01-22,0.7724911937846038,1476.3457785895423,0.376354105089844,1.1920928955078125e-07,1.1920929e-07,1.1920929e-07,0.0,9.696003,-6.925,-11.56,-2.29,232.86,240.0,2.625827107213744,1.8530041
1991-01-23,0.7726482767655265,1473.4423633719841,0.4322601814777259,1.1920928955078125e-07,1.1920929e-07,1.1920929e-07,0.0,9.696003,-5.0,-11.78,1.78,283.65,240.0,2.4077815867751275,1.5750535
1991-01-24,0.6556423369034285,1470.7093344921188,0.6406615213321358,0.6523689464100196,1.1920929e-07,1.1920929e-07,0.0,9.696003,0.6,-3.12,4.32,197.96,479.66,2.2191030825785028,1.389753
1991-01-25,0.535903953120065,1468.1314078338412,0.4694670182431943,1.1920928955078125e-07,1.1920929e-07,1.1920929e-07,0.0,9.792,-3.94,-10.38,2.5,282.22,280.0,2.054703209074963,1.2971028
1991-01-26,0.5359039442954942,1465.6997565306187,0.4549292586455682,1.1920928955078125e-07,1.1920929e-07,1.1920929e-07,0.0,9.792,-4.355,-11.68,2.97,297.94,240.0,1.9108099632864988,1.2044526
1991-01-27,0.5354894759013851,1463.34078094751,0.5914029335311289,1.1920928955078125e-07,1.1920929e-07,1.1920929e-07,0.0,9.792,-0.625,-6.94,5.69,282.6,360.0,1.780853902803036,1.1118025
1991-01-28,0.23626713922244136,1461.1816725163087,0.876569179671204,0.21593308226148902,1.1920929e-07,1.1920929e-07,0.0,9.888,5.045,0.12,9.97,246.08,612.33,1.6696705853543183,1.1118025
1991-01-29,0.10037997890122305,1458.8661754077625,0.7612376982371677,0.07345857108734266,1.1920929e-07,1.1920929e-07,0.0,9.888,2.96,-3.98,9.9,295.37,443.35,1.5581360784222036,1.1118025
1991-01-30,0.04954921914485652,1457.2513075184993,0.8515747804447819,0.030789854856043467,1.1920929e-07,1.66,1.66,9.888,4.65,-0.15,9.45,246.71,601.53,1.4847903614589686,1.1118025
1991-01-31,0.027156229512880083,1458.3785597436968,0.7756620391819464,0.015410519520834795,1.1920929e-07,5.0,5.0,9.983997,3.1,-2.71,8.91,209.28,503.03,1.535615175297167,1.2971028
1991-02-01,0.30180732022239215,1458.5125299314566,0.5315729003430453,1.1920928955078125e-07,1.1920929e-07,1.1920929e-07,0.0,9.983997,-2.375,-8.01,3.26,283.01,320.0,1.5417700594900026,1.1118025
1991-02-02,0.19464838206959584,1456.4882940625419,0.765047524878882,0.17032954496179797,1.1920929e-07,1.1920929e-07,0.0,9.983997,2.915,-5.24,11.07,320.29,420.2,1.4513462162726538,0.92650205
1991-02-03,0.07533693870885758,1454.312838189907,1.009425843135988,0.05122252092250525,1.1920929e-07,1.1920929e-07,0.0,10.079997,6.97,-2.5,16.44,327.11,520.0,1.3600709015530228,0.8801769
1991-02-04,0.037251962986679266,1451.9491777474138,1.160286187512928,0.02205568290045045,1.1920929e-07,1.1920929e-07,0.0,10.079997,9.15,-0.55,18.85,328.65,591.13,1.2673938490325947,0.8801769
1991-02-05,0.019514327223285714,1449.8291045625485,1.285991222198711,0.010706176334144333,1.1920929e-07,1.1920929e-07,0.0,10.079997,10.79,1.28,20.3,326.11,662.42,1.1896529203869783,0.8801769
1991-02-06,0.009264061610084865,1449.8360794818955,1.400408727978173,0.004846434581256219,1.1920929e-07,5.25,5.25,10.176,11.995,7.99,16.0,154.95,1079.4,1.1899006997414914,0.92650205
1991-02-07,0.005037114349963338,1451.5860070714182,1.0995148945038093,0.00258197506905312,1.1920929e-07,4.65,4.65,10.176,8.17,6.21,10.13,85.63,936.79,1.25372505244399,1.2044526
1991-02-08,0.0019925548570437195,1450.669500216186,0.9561274640844908,0.0010062027872831676,1.1920929e-07,1.1920929e-07,0.0,10.270348,5.895,3.35,8.44,149.09,784.67,1.2198819820120728,1.2044526
1991-02-09,0.00046724191983172573,1448.5617330861362,0.8782011867830652,0.00023416674645203837,1.1920929e-07,1.1920929e-07,0.0,10.272,4.63,-1.6,10.86,298.0,552.35,1.1454762029488208,0.92650205
1991-02-10,0.0002775338084322074,1446.6241608702142,0.8110218603398573,0.0001389594666295599,1.1920929e-07,1.1920929e-07,0.0,10.272,3.46,-1.89,8.81,275.48,528.92,1.0810885552327576,0.8338518
1991-02-11,0.000219044597460939,1444.88032135211,0.7054522606780332,0.00010964183176970917,1.1920929e-07,1.1920929e-07,0.0,10.367997,1.285,-2.0,4.57,191.76,520.0,1.0262392727354326,0.7875267
1991-02-12,0.00021299340803122296,1443.2714998492238,0.5157442352122018,1.1920928955078125e-07,1.1920929e-07,1.1920929e-07,0.0,10.367997,-3.185,-7.66,1.29,250.94,347.54,0.978107954538756,0.74120164
1991-02-13,0.00020465707278680427,1443.2412215129657,0.6597430803971448,9.20220803213534e-05,1.1920929e-07,1.1920929e-07,0.0,10.419894,0.255,-4.76,5.27,273.58,440.0,0.9772240956572502,0.8338518
1991-02-14,0.00014637959493716656,1450.1360601041738,0.9304312282751791,7.324336492355329e-05,1.1920929e-07,12.69,12.69,10.464,5.205,1.29,9.12,171.13,662.86,1.2006062932690873,1.389753
1991-02-15,9.792934609345606e-05,1454.8424190135443,0.6823002577328175,4.874023068661355e-05,1.1920929e-07,1.1920929e-07,0.0,10.464,0.565,-5.37,6.5,310.33,410.69,1.3817475598514546,1.2044526
1991-02-16,9.51719161009246e-05,1453.381221951413,0.40649390246287004,1.1920928955078125e-07,1.1920929e-07,1.1920929e-07,0.0,10.559998,-6.825,-10.75,-2.9,238.99,279.32,1.3227602509239755,1.0191522
1991-02-17,-0.0010191914946131374,1451.540212247028,0.5462445439190008,1.1920928955078125e-07,1.1920929e-07,1.1920929e-07,0.0,10.559998,-2.715,-9.04,3.61,325.67,316.53,1.2520119542763954,0.8338518
1991-02-18,0.07895422946991042,1450.4262239830452,0.7241015484444928,0.0542989956372962,1.1920929e-07,2.0,2.0,10.655997,1.21,-1.37,3.79,164.56,559.39,1.2110531839695615,0.8801769
1991-02-19,0.04067515317879918,1451.8626252077092,1.0405459549373053,0.02441764840550537,1.1920929e-07,4.49,4.49,10.655997,6.61,1.91,11.31,203.01,709.13,1.264122771858499,1.0191522
1991-02-20,0.022035833167068294,1452.7239588870182,1.407586091824454,0.012226972970853034,1.1920929e-07,1.96,1.96,10.655997,11.31,8.02,14.6,201.69,1081.37,1.2970547338262095,1.2971028
1991-02-21,0.011754188265402473,1451.0302175934432,1.0204896312143457,0.006222099359858473,1.1920929e-07,1.1920929e-07,0.0,10.752,6.185,-2.35,14.72,373.77,520.0,1.2330914749954585,1.0191522
1991-02-22,0.006942145156074965,1448.680819239368,1.249959975166256,0.003591507662227932,1.1920929e-07,1.1920929e-07,0.0,10.752,9.34,0.8,17.88,371.95,640.0,1.149556390251227,0.8801769
1991-02-23,0.004164376446414627,1446.5201350986488,0.8726881581839759,0.0021255370367197083,1.1920929e-07,1.1920929e-07,0.0,10.848002,3.74,-3.54,11.02,359.03,477.19,1.077735904136013,0.8338518
1991-02-24,0.0028681796120646162,1444.7263911797252,0.6680875385962352,1.1920928955078125e-07,1.1920929e-07,1.1920929e-07,0.0,10.848002,-0.16,-7.29,6.97,362.18,360.0,1.0215334541672016,0.8338518
1991-02-25,0.0018749910791936212,1442.954841787569,0.8418206028275951,0.0009462842609863365,1.1920929e-07,1.1920929e-07,0.0,10.944003,3.11,-1.11,7.33,262.71,560.0,0.9689037489837853,0.7875267
1991-02-26,0.001117294446497608,1441.456357489443,0.7961084157097531,0.000561768057983605,1.1920929e-07,0.65,0.65,10.944003,2.3,-1.52,6.12,247.95,558.74,0.9265088167533678,0.7875267
1991-02-27,0.0004730102844014819,1439.7151296805657,0.6410242921422763,1.1920928955078125e-07,1.1920929e-07,1.1920929e-07,0.0,10.946783,-0.835,-5.5,3.83,294.72,400.23,0.8795707602715382,0.74120164
1991-02-28,-5.489709479207256e-05,1437.7322049638212,0.8706774885632791,1.1920928955078125e-07,1.1920929e-07,1.1920929e-07,0.0,11.04,3.535,-3.63,10.7,376.61,469.2,0.829006411143267,0.74120164
1991-03-01,-0.00032054223831219425,1436.1032690777672,1.167252830031708,1.1920928955078125e-07,1.1920929e-07,1.1920929e-07,0.0,11.04,8.0,-1.32,17.32,405.55,560.0,0.7896510609655657,0.74120164
1991-03-02,-0.00022669880628799717,1435.448224345548,1.8341147375877567,1.1920928955078125e-07,1.1920929e-07,3.53,3.53,11.136,15.065,8.66,21.47,254.45,1132.97,0.7743568703389139,0.7875267
1991-03-03,-3.2597353131417865e-05,1436.1040802609236,1.707464001333629,1.1920928955078125e-07,1.1920929e-07,4.99,4.99,11.136,13.89,7.57,20.21,256.11,1045.87,0.7896701867755079,1.0191522
1991-03-04,0.00015438945212883264,1437.570748968869,1.2924372465504048,7.725431630990126e-05,1.1920929e-07,9.32,9.32,11.232,9.3,3.89,14.71,243.55,801.81,0.8250195959806388,1.4824033
1991-03-05,0.0002805891478484774,1439.260810488311,1.164244044133243,0.00014049139946983017,1.1920929e-07,1.1920929e-07,0.0,11.232,7.66,1.06,14.26,372.49,652.45,0.8677198963364402,1.2044526
1991-03-06,0.00029232927238323915,1440.5868448381761,1.1083942360264891,0.00014637827704820836,1.1920929e-07,2.01,2.01,11.328,6.76,-0.65,14.17,397.75,586.03,0.9027644531448921,1.1118025
1991-03-07,0.00016441698792719314,1440.9903426191509,1.1302581925439126,8.22760763131696e-05,1.1920929e-07,3.29,3.29,11.328,7.055,2.21,11.9,247.6,721.62,0.9137064041436548,1.2044526
1991-03-08,-7.618621408190184e-06,1440.3921088187967,0.8144812317124659,1.1920928955078125e-07,1.1920929e-07,1.1920929e-07,0.0,11.423997,2.015,-2.5,6.53,315.39,520.0,0.8975306281981588,1.1118025
1991-03-09,-0.0001689657648665524,1439.0999490010508,0.7657523534375831,1.1920928955078125e-07,1.1920929e-07,1.1920929e-07,0.0,11.423997,1.125,-5.78,8.03,402.48,400.0,0.8635622310476616,0.8801769
1991-03-10,-0.0002721480633819201,1437.4322980529448,0.8152999576608959,1.1920928955078125e-07,1.1920929e-07,1.1920929e-07,0.0,11.423997,2.06,-4.01,8.13,376.46,440.0,0.8216161161752983,0.7875267
1991-03-11,-0.00026968913788831983,1435.7075908615104,0.8070295086079026,1.1920928955078125e-07,1.1920929e-07,1.1920929e-07,0.0,11.520008,1.805,-2.69,6.3,313.38,501.74,0.7803768940428738,0.74120164
1991-03-12,-0.00014364680538930238,1434.2995045844552,0.7208816711822298,1.1920928955078125e-07,1.1920929e-07,1.1920929e-07,0.0,11.520008,0.175,-6.5,6.85,403.62,362.99,0.7482479357703474,0.7875267
1991-03-13,2.5879149524285668e-05,1433.548881678175,0.7350911008291537,1.2372150002621699e-05,2.2155045e-06,3.5399978,3.54,11.616,0.345,-4.63,5.32,254.64,440.0,0.7316646671033676,0.8801769
1991-03-14,0.00019773782701225373,1433.4950291325508,0.6872574605784801,1.1920928955078125e-07,0.07814747,7.3918524,7.47,11.616,-0.625,-2.23,0.98,98.48,521.44,0.7304891481419912,1.0191522
1991-03-15,0.00033519420410020877,1434.1619531478577,0.8756791566894195,0.00016787798967326725,1.1920929e-07,2.91,2.91,11.711997,2.78,0.05,5.51,163.7,604.24,0.7451811773486408,1.1118025
1991-03-16,0.00040151325781375737,1435.5736599243705,0.9400910064287917,0.00020115966060593014,1.1920929e-07,1.1920929e-07,0.0,11.711997,3.82,-3.73,11.37,433.53,461.4,0.7772624704816179,1.0191522
1991-03-17,0.00035995996517850643,1437.7541556623644,1.0927212458278526,0.00018030391018081755,1.1920929e-07,1.1920929e-07,0.0,11.808,5.94,-3.37,15.25,461.48,480.0,0.8295499229595695,1.0191522
1991-03-18,0.00021551843245477592,1439.914916917966,1.2717367649565814,0.00010787533666926085,1.1920929e-07,17.74,17.74,11.808,8.245,3.15,13.34,257.71,766.72,0.8848332945070462,1.8530041
1991-03-19,9.381223070462327e-05,1439.8388417992421,1.2464541085990173,4.6928117187272475e-05,1.1920929e-07,0.6,0.6,11.903997,7.81,4.13,11.49,259.29,810.4,0.8828257213601983,1.4824033
1991-03-20,2.4701795927142573e-05,1438.2069583897967,1.3835721145214415,1.2352423410368596e-05,1.1920929e-07,1.1920929e-07,0.0,11.903997,9.45,4.02,14.88,361.67,815.98,0.8408414084228367,1.3434279
1991-03-21,1.1558479931717198e-05,1437.3528783691656,1.560964007388163,5.779573962004056e-06,1.1920929e-07,1.1920929e-07,0.0,12.000003,11.235,4.5,17.97,408.03,840.0,0.8196701167401218,1.1859226
1991-03-22,5.1020945922958725e-06,1442.699196977406,1.5277501785079328,2.5511123745709936e-06,1.1920929e-07,3.05,3.05,12.000003,10.835,5.6,16.07,262.58,920.0,0.961536224174299,1.1395975
1991-03-23,1.3776397797315872e-06,1454.2863570023385,1.1660847017951947,6.888246345942003e-07,1.1920929e-07,27.1,27.1,12.000003,6.51,3.99,9.03,149.08,813.14,1.3589959528157793,6.003733
1991-03-24,6.536284249953184e-07,1466.1813802023773,1.4055417115700253,3.268152805729541e-07,1.1920929e-07,3.59,3.59,12.096,9.145,4.56,13.73,256.77,848.5,1.9384865250440704,3.4095275
1991-03-25,3.8298305877298864e-07,1464.5402753015162,1.3600636016427736,1.9149189607655259e-07,1.1920929e-07,1.1920929e-07,0.0,12.096,8.65,5.65,11.65,242.64,920.0,1.8457901453631431,2.0105095
1991-03-26,2.2828695133242122e-07,1460.8268071439409,1.1276383920687152,1.1920928955078125e-07,1.1920929e-07,1.1920929e-07,0.0,12.191998,5.69,-1.68,13.06,460.61,544.8,1.652072878356466,1.6306436
1991-03-27,1.3599088895222838e-07,1461.5858709053352,1.6045734918156702,1.1920928955078125e-07,1.1920929e-07,8.58,8.58,12.191998,11.155,5.23,17.08,304.01,893.72,1.6899431685235389,2.0753646
1991-03-28,7.860681120313966e-08,1460.5439606219672,2.2695570176771476,1.1920928955078125e-07,1.1920929e-07,1.1920929e-07,0.0,12.287997,16.67,11.45,21.89,362.17,1355.64,1.638179498612296,1.6677036
1991-03-29,4.642582126600929e-08,1457.508377219213,1.856950168427122,1.1920928955078125e-07,1.1920929e-07,0.02,0.02,12.287997,13.415,7.54,19.29,399.97,1043.26,1.4962308417699162,1.371223
1991-03-30,2.6965909187477818e-08,1460.1936339709323,1.0223100750066898,1.1920928955078125e-07,1.1920929e-07,8.17,8.17,12.383997,3.985,-2.11,10.08,322.21,526.3,1.6211333722880974,1.6399086
1991-03-31,1.6014519057095914e-08,1462.1740538753957,0.940503933137512,1.1920928955078125e-07,1.1920929e-07,1.1920929e-07,0.0,12.383997,2.725,-4.66,10.11,476.55,440.0,1.7198840158028785,1.380488
1991-04-01,9.306928674727118e-09,1460.2156258551142,1.1255663912838703,1.1920928955078125e-07,1.1920929e-07,1.07,1.07,12.479998,5.315,-1.5,12.13,459.4,560.0,1.622198211924859,1.2229826
1991-04-02,5.408827188882834e-09,1458.1497073047915,1.0356965340392394,1.1920928955078125e-07,1.1920929e-07,1.1920929e-07,0.0,12.479998,4.085,-1.8,9.97,430.08,536.05,1.5251579748816615,1.1395975
1991-04-03,2.8886078583470102e-09,1455.6750010667488,1.0887567291589577,1.1920928955078125e-07,1.1920929e-07,1.1920929e-07,0.0,12.576006,4.745,-3.91,13.4,504.74,448.38,1.4165272311960928,1.0562123
1991-04-04,1.455160560194902e-09,1453.0712385028148,1.4197415983474193,1.1920928955078125e-07,1.1920929e-07,1.1920929e-07,0.0,12.576006,8.835,-0.69,18.36,511.13,584.35,1.3105739522373214,1.0006222
1991-04-05,-5.001264136348677e-10,1450.3666330283193,1.7712495534918502,1.1920928955078125e-07,1.1920929e-07,2.0,2.0,12.576006,12.36,7.3,17.42,378.16,1024.26,1.2089003145800217,1.0191522
1991-04-06,-2.673183450901497e-09,1447.528766058386,2.0708817375607373,1.1920928955078125e-07,1.1920929e-07,1.94,1.94,12.672003,14.8,6.69,22.91,478.11,975.08,1.110686329409902,1.0562123
1991-04-07,-4.509227180999586e-09,1444.5344600233416,2.5412367647240255,1.1920928955078125e-07,1.1920929e-07,1.1920929e-07,0.0,12.672003,18.23,8.18,28.28,498.97,1094.3,1.0156961181121769,0.97282714
1991-04-08,-5.45347423332373e-09,1441.360537353512,2.8336998761702437,1.1920928955078125e-07,1.1920929e-07,1.1920929e-07,0.0,12.768005,19.985,10.64,29.33,484.93,1251.26,0.9238618672346541,0.907972
1991-04-09,-4.951141237268536e-09,1437.9838204792236,3.349995907492037,1.1920928955078125e-07,1.1920929e-07,1.1920929e-07,0.0,12.768005,22.915,17.43,28.4,359.4,1989.31,0.8352579671425528,0.88944197
1991-04-10,6.666208906703889e-10,1434.5260387708518,2.7261370957005426,1.1920928955078125e-07,1.1920929e-07,1.84,1.84,12.864003,19.28,12.0,26.56,441.49,1400.0,0.7533261297600262,0.8431168
1991-04-11,2.113533529574311e-08,1431.4832023366412,1.6051100126613358,1.1920928955078125e-07,1.1920929e-07,1.1920929e-07,0.0,12.864003,10.64,2.86,18.42,480.52,749.15,0.6879012465370079,0.75973165
1991-04-12,5.409410009694014e-08,1428.8963914933756,1.3981422507797083,1.1920928955078125e-07,1.1920929e-07,1.1920929e-07,0.0,12.96,8.39,1.48,15.3,457.78,678.31,0.6367698855413066,0.7319366
1991-04-13,9.614476109220431e-08,1426.7627403875665,1.317080727983517,1.1920928955078125e-07,1.1920929e-07,7.18,7.18,12.96,7.49,2.44,12.54,279.38,720.0,0.5974686597828769,0.7782617
1991-04-14,1.438891640794784e-07,1425.0793831657245,1.1615379823717549,1.1920928955078125e-07,1.1920929e-07,6.22,6.22,13.05322,5.48,4.03,6.93,96.12,815.46,0.5681810870949513,0.98209214
1991-04-15,1.9392915485670531e-07,1423.843453974361,1.345338260524007,1.1920928955078125e-07,1.1920929e-07,14.02,14.02,13.056,7.735,5.18,10.29,159.63,891.66,0.5475960245539352,1.4268131
1991-04-16,2.428665792218278e-07,1423.0520869599866,1.9425028687443022,1.2143343707135215e-07,1.1920929e-07,1.1920929e-07,0.0,13.056,13.55,4.84,22.26,506.36,855.43,0.5348087534529897,1.3063679
1991-04-17,2.8730328297278873e-07,1422.7024162691127,2.353409003536035,1.4365184784433538e-07,1.1920929e-07,1.1920929e-07,0.0,13.152,16.58,7.43,25.73,507.65,965.01,0.5292541504748639,0.95429707
1991-04-18,3.2384111190753087e-07,1422.7915760482501,1.8974109520859286,1.6192081813642986e-07,1.1920929e-07,1.1920929e-07,0.0,13.152,13.055,6.11,20.0,454.1,929.14,0.5306649713855061,0.8616469
1991-04-19,3.49081911823997e-07,1423.31670044391,1.5587453617956126,1.745412605574514e-07,1.1920929e-07,1.1920929e-07,0.0,13.248009,9.805,5.31,14.3,344.49,895.23,0.539050919643287,0.8153218
1991-04-20,3.596275285201302e-07,1424.2749236026032,1.3171786675995127,1.7981408758996326e-07,1.1920929e-07,3.42,3.42,13.248009,7.18,4.53,9.83,167.33,843.64,0.5546962381898056,0.8523819
1991-04-21,3.520798077938729e-07,1425.6633796708409,1.3280155686534594,1.7604021379741409e-07,1.1920929e-07,7.96,7.96,13.343997,7.18,5.69,8.67,102.08,918.68,0.5781753170819975,1.0191522
1991-04-22,3.230405954431684e-07,1427.479202795134,1.4137567704459262,1.6152055860964994e-07,1.1920929e-07,8.36,8.36,13.343997,8.125,4.0,12.25,251.02,813.66,0.6103874690735329,1.6862336
1991-04-23,2.6911173726595903e-07,1429.7195271219937,1.6404666344942422,1.3455604968579734e-07,1.1920929e-07,1.1920929e-07,0.0,13.343997,10.425,2.62,18.23,499.97,731.85,0.6526137872602351,1.0654774
1991-04-24,1.869145547192467e-07,1432.3761026294828,1.9818704083358163,1.1920928955078125e-07,1.1920929e-07,5.46,5.46,13.439995,13.3,7.79,18.81,303.46,1062.93,0.706487486550756,0.93576705
1991-04-25,8.64764698641632e-08,1433.3471425412163,2.0567753590874447,1.1920928955078125e-07,1.1920929e-07,1.1920929e-07,0.0,13.439995,13.89,6.74,21.04,471.39,979.21,0.7272707148280475,0.8801769
1991-04-26,-5.235573509509688e-09,1431.6845450443718,2.2853090818539856,1.1920928955078125e-07,1.1920929e-07,1.1920929e-07,0.0,13.535997,15.515,7.63,23.4,490.11,1020.51,0.6920491487116692,0.8153218
1991-04-27,-6.395349846267025e-08,1428.5032485202707,2.6180795699293293,1.1920928955078125e-07,1.1920929e-07,1.1920929e-07,0.0,13.535997,17.81,9.15,26.47,502.29,1107.49,0.6293388903014707,0.7782617
1991-04-28,-6.543490741897645e-08,1424.9177684629424,2.8712786473517595,1.1920928955078125e-07,1.1920929e-07,1.1920929e-07,0.0,13.580106,19.355,12.71,26.0,432.09,1456.48,0.5654459402363473,0.75973165
1991-04-29,-3.091136253793873e-08,1421.3016306669313,2.1687537833885666,1.1920928955078125e-07,1.1920929e-07,1.0,1.0,13.632,14.66,9.82,19.5,359.43,1225.27,0.5075748171912908,0.74120164
1991-04-30,5.791504598458718e-10,1417.7650350812403,2.8075234325886305,1.1920928955078125e-07,1.1920929e-07,1.0,1.0,13.632,18.995,12.55,25.44,429.54,1443.7,0.4567099566956357,0.75973165
1991-05-01,2.0782565853900775e-08,1414.9322262667154,2.6315592071006617,1.1920928955078125e-07,1.1920929e-07,1.1920929e-07,0.0,13.727997,17.82,9.16,26.48,507.03,1095.5,0.4196691115923152,0.72267157
1991-05-02,2.14628205126427e-08,1413.4267619986385,2.5262739654781887,1.1920928955078125e-07,1.1920929e-07,2.25,2.25,13.727997,17.155,9.62,24.69,422.17,1183.48,0.4012226253134639,0.6763465
1991-05-03,1.2373288853142571e-08,1412.8691774079668,1.8990636939250436,1.1920928955078125e-07,1.1920929e-07,1.74,1.74,13.72965,12.49,6.15,18.83,444.85,932.01,0.3945982263642568,0.6392864
1991-05-04,6.8490919292426166e-09,1411.559286829463,1.8884356464316385,1.1920928955078125e-07,1.1920929e-07,1.1920929e-07,0.0,13.824,12.305,4.48,20.13,503.66,833.98,0.3794631199829071,0.6207563
1991-05-05,3.993086294311174e-09,1411.6601974535622,2.1977829005105445,1.1920928955078125e-07,1.1920929e-07,1.1920929e-07,0.0,13.824,14.76,6.65,22.87,504.07,939.89,0.38060816172866857,0.5929613
1991-05-06,2.1988022689555487e-09,1418.4521719800969,2.796162216056222,1.1920928955078125e-07,1.1920929e-07,18.27,18.27,13.920003,18.565,12.25,24.88,321.84,1419.83,0.4661768373415478,0.98209214
1991-05-07,1.293962524143631e-09,1426.2744034323252,2.1479477631354627,1.1920928955078125e-07,1.1920929e-07,3.12,3.12,13.920003,14.105,7.92,20.29,400.93,1073.91,0.5888203183797374,1.0840074
1991-05-08,7.393838636542191e-10,1424.7862963139837,2.15297188505307,1.1920928955078125e-07,1.1920929e-07,1.1920929e-07,0.0,13.920003,14.16,5.26,23.06,533.04,864.74,0.5632306371643311,0.70414156
1991-05-09,4.3751390690713893e-10,1422.4982705221794,2.618479711392974,1.1920928955078125e-07,1.1920929e-07,1.59,1.59,14.015994,17.3,11.73,22.87,405.71,1378.38,0.5260379573792233,0.6578164
1991-05-10,2.5349403169265176e-10,1420.151548810399,2.596209027795884,1.1920928955078125e-07,1.1920929e-07,1.1920929e-07,0.0,14.015994,17.185,10.52,23.85,457.83,1274.65,0.49044100744925745,0.6578164
1991-05-11,1.3393706084568856e-10,1416.5192466157648,2.5818169031615996,1.1920928955078125e-07,1.1920929e-07,1.1920929e-07,0.0,14.015994,17.135,9.77,24.5,485.94,1188.91,0.44003391071024883,0.6022263
1991-05-12,3.6747259183535536e-11,1412.3583989223891,3.1794577931195955,1.1920928955078125e-07,1.1920929e-07,1.1920929e-07,0.0,14.111998,20.59,11.5,29.68,520.97,1269.19,0.3886259390787444,0.57443124
1991-05-13,-1.6408751561427083e-11,1408.806534889373,3.772183452656137,1.1920928955078125e-07,1.1920929e-07,1.1920929e-07,0.0,14.111998,23.6,16.37,30.83,453.0,1812.48,0.34952175228902693,0.6114913
1991-05-14,-1.4544597101427773e-11,1406.4545256041383,3.704139517839228,1.1920928955078125e-07,1.1920929e-07,4.74,4.74,14.111998,23.31,16.29,30.33,329.16,1845.91,0.32581819796882017,0.7782617
1991-05-15,-4.419624577977727e-12,1403.5673891641566,3.6240367257191477,1.1920928955078125e-07,1.1920929e-07,1.1920929e-07,0.0,14.208003,22.845,15.87,29.82,435.66,1782.78,0.29890789653071875,0.6022263
1991-05-16,3.507160307943013e-12,1401.0989040972825,3.3742745792108746,1.1920928955078125e-07,1.1920929e-07,1.1920929e-07,0.0,14.208003,21.635,13.86,29.41,473.58,1508.3,0.2776694864670609,0.53737116
1991-05-17,6.803271110497768e-12,1400.4633488692375,3.4985941914398317,1.1920928955078125e-07,1.1920929e-07,9.6,9.6,14.208003,22.27,15.16,29.38,334.93,1732.85,0.27245000060168295,0.54663616
1991-05-18,4.4166371160280945e-12,1402.0439406665544,3.029665035797815,1.1920928955078125e-07,1.1920929e-07,1.1920929e-07,0.0,14.304006,19.66,14.13,25.19,388.72,1614.4,0.2856160402332047,0.6207563
1991-05-19,1.5182437610282853e-12,1402.1362598267262,2.1711818306457857,1.1920928955078125e-07,1.1920929e-07,2.02,2.02,14.304006,14.115,9.64,18.59,331.54,1211.18,0.2864044165397003,0.53737116
1991-05-20,-5.542727007893348e-13,1400.661431298082,2.127910019119149,1.1920928955078125e-07,1.1920929e-07,1.1920929e-07,0.0,14.304006,13.805,6.67,20.94,474.71,975.14,0.274066137368623,0.51884115
1991-05-21,-1.1561836549072503e-12,1398.1002610457274,2.6834057319361837,1.1920928955078125e-07,1.1920929e-07,1.1920929e-07,0.0,14.397217,17.55,9.89,25.21,477.87,1191.99,0.25388923348902265,0.48178104
1991-05-22,-4.911698001381146e-13,1394.9319819086902,3.4523659045516557,1.1920928955078125e-07,1.1920929e-07,1.1920929e-07,0.0,14.399997,21.875,14.14,29.61,462.32,1549.63,0.2309727335205958,0.47251603
1991-05-23,3.3797597773280405e-13,1391.3815676016536,3.769207290209458,1.1920928955078125e-07,1.1920929e-07,1.1920929e-07,0.0,14.399997,23.45,16.32,30.58,433.79,1811.08,0.20774086590250623,0.453986
1991-05-24,1.0972258075345153e-12,1387.510413322893,3.711831597353699,1.1920928955078125e-07,1.1920929e-07,1.1920929e-07,0.0,14.399997,23.23,16.28,30.18,425.95,1818.93,0.18506490795340763,0.453986
1991-05-25,1.5609491225513839e-12,1383.3792755770337,4.190088600289442,1.1920928955078125e-07,1.1920929e-07,0.08,0.08,14.495997,25.305,18.36,32.25,416.38,2070.25,0.16358932761733178,0.51884115
1991-05-26,1.5035153560677743e-12,1379.048910868701,4.298135188064055,1.1920928955078125e-07,1.1920929e-07,1.1920929e-07,0.0,14.495997,25.815,19.03,32.6,409.07,2167.28,0.14374821220507883,0.46325102
1991-05-27,7.62197261058008e-13,1374.566600629218,4.3021760129217546,1.1920928955078125e-07,1.1920929e-07,1.1920929e-07,0.0,14.495997,25.89,19.54,32.24,391.64,2259.6,0.125741789098706,0.4169259
1991-05-28,-4.237102043025906e-13,1369.9607524913,4.507037129121037,1.1920928955078125e-07,1.1920929e-07,1.97,1.97,14.495997,26.785,21.81,31.76,320.01,2610.34,0.10958595164779986,0.43545595
1991-05-29,-1.7188005247215558e-12,1365.315867593043,4.253645289770995,1.1920928955078125e-07,1.1920929e-07,1.1920929e-07,0.0,14.592003,25.69,18.5,32.88,429.3,2061.01,0.09539463171776669,0.4169259
1991-05-30,-2.793852303484826e-12,1360.7206351856105,4.361922372565807,1.1920928955078125e-07,1.1920929e-07,0.8,0.8,14.592003,26.2,19.0,33.4,426.61,2128.72,0.08316428146509423,0.6022263
1991-05-31,-3.319644143878343e-12,1356.263744520164,4.750899384308789,1.1920928955078125e-07,1.1920929e-07,1.1920929e-07,0.0,14.592003,27.8,22.5,33.1,333.66,2719.26,0.07280205567674909,0.453986
1991-06-01,-2.9669546491880445e-12,1352.0338848478664,4.186380401890256,1.1920928955078125e-07,1.1920929e-07,1.1920929e-07,0.0,14.592003,25.58,19.58,31.58,381.8,2268.53,0.06416443754242679,0.39839587
1991-06-02,-1.4623130206604392e-12,1348.1527572510695,3.5383355390717797,1.1920928955078125e-07,1.1920929e-07,0.29,0.29,14.592003,22.665,16.0,29.33,416.89,1769.59,0.057143548291158634,0.43545595
1991-06-03,8.89829577598698e-13,1344.7228577313729,3.6421609393577983,1.1920928955078125e-07,1.1920929e-07,8.69,8.69,14.688,23.1,17.62,28.58,277.29,2015.82,0.0515811667491095,0.4076609
1991-06-04,3.4439365695373247e-12,1341.65386763666,3.3654681053075146,1.1920928955078125e-07,1.1920929e-07,1.1920929e-07,0.0,14.688,21.765,16.26,27.27,379.75,1841.26,0.04706467756976161,0.4076609
1991-06-05,5.5501188172248556e-12,1338.844813588956,2.553411588111231,1.1920928955078125e-07,1.1920929e-07,1.1920929e-07,0.0,14.688,17.11,10.72,23.5,440.78,1265.29,0.04327824541875207,0.36133578
1991-06-06,6.558487182730695e-12,1336.1947222102867,2.339841669149692,1.1920928955078125e-07,1.1920929e-07,1.1920929e-07,0.0,14.688,15.695,8.86,22.53,464.14,1099.73,0.03998577304593701,0.35207078
1991-06-07,5.8191525281242645e-12,1333.602620122678,2.499502156606063,1.1920928955078125e-07,1.1920929e-07,1.1920929e-07,0.0,14.688,16.82,8.16,25.48,524.78,985.19,0.03700780304892077,0.35207078
1991-06-08,2.58640751235226e-12,1331.066197059484,2.8016601413528073,1.1920928955078125e-07,1.1920929e-07,1.1920929e-07,0.0,14.688,18.765,9.78,27.75,524.56,1085.12,0.03430860898420519,0.35207078
1991-06-09,-3.0303508249492718e-12,1328.7673247591804,3.3441171125584424,1.1920928955078125e-07,1.1920929e-07,1.1920929e-07,0.0,14.732102,21.77,13.03,30.51,506.2,1345.12,0.032032679925320114,0.3242757
1991-06-10,-9.576620359663901e-12,1326.6162182323435,3.639407299553833,1.1920928955078125e-07,1.1920929e-07,1.1920929e-07,0.0,14.783998,23.21,15.05,31.37,482.35,1554.22,0.030039973141163172,0.30574566
1991-06-11,-1.554784903958841e-11,1324.5048035145012,3.8115952733367573,1.1920928955078125e-07,1.1920929e-07,1.1920929e-07,0.0,14.783998,24.05,16.56,31.54,457.09,1745.1,0.02820463577151741,0.30574566
1991-06-12,-1.9439484812519572e-11,1322.3250066411815,3.9680130837427217,1.1920928955078125e-07,1.1920929e-07,3.52,3.52,14.783998,24.79,18.88,30.7,315.23,2160.77,0.026427417717477777,0.29648066
1991-06-13,-1.9746975626254197e-11,1319.968753647912,3.0831386425936165,1.1920928955078125e-07,1.1920929e-07,1.1920929e-07,0.0,14.783998,20.425,12.08,28.77,501.28,1257.46,0.024632065392701172,0.2779506
1991-06-14,-1.4968361323794266e-11,1317.3281889276884,2.8007921886587237,1.1920928955078125e-07,1.1920929e-07,1.1920929e-07,0.0,14.783998,18.825,8.74,28.91,547.49,961.33,0.022764609968567277,0.24089052
1991-06-15,-6.772135586455715e-12,1314.6556233647323,3.7426558689122587,1.1920928955078125e-07,1.1920929e-07,1.1920929e-07,0.0,14.783998,23.86,13.67,34.05,531.44,1317.16,0.021018641311231087,0.24089052
1991-06-16,1.0738471646882093e-12,1312.7289017794553,4.729947420208446,1.1920928955078125e-07,1.1920929e-07,1.1920929e-07,0.0,14.783998,28.075,21.2,34.95,407.63,2345.34,0.01984360343456971,0.24089052
1991-06-17,6.463641912068376e-12,1312.2674121027628,4.483087249148466,1.1920928955078125e-07,1.1920929e-07,7.3,7.3,14.783998,27.11,20.99,33.23,280.12,2478.53,0.019572050631553626,0.46325102
1991-06-18,7.291303638115663e-12,1313.9905422655602,3.8222925151362177,1.1920928955078125e-07,1.1920929e-07,8.23,8.23,14.783998,24.24,17.94,30.54,295.55,2063.66,0.020605370527149756,0.35207078
1991-06-19,4.168354691732472e-12,1315.7777578479631,2.855094985749423,1.1920928955078125e-07,1.1920929e-07,0.93,0.93,14.783998,19.17,15.86,22.48,232.86,1795.81,0.021734794180082555,0.35207078
1991-06-20,1.653827319276481e-12,1313.6417079034693,3.5445431540020915,1.1920928955078125e-07,1.1920929e-07,1.1920929e-07,0.0,14.783998,22.92,15.01,30.83,474.8,1518.05,0.02039186929571725,0.34280574
1991-06-21,3.2793739449907326e-13,1309.5669380152863,4.092145907288879,1.1920928955078125e-07,1.1920929e-07,1.1920929e-07,0.0,14.783998,25.51,17.64,33.38,462.65,1779.69,0.018055888385820153,0.3150107
1991-06-22,1.5778503543348376e-13,1306.775853556262,4.097186015428556,1.1920928955078125e-07,1.1920929e-07,1.1920929e-07,0.0,14.783998,25.57,19.5,31.64,390.02,2018.08,0.01661217255057485,0.28721562
1991-06-23,8.600378495287866e-14,1307.2295459408795,2.8879817605123383,1.1920928955078125e-07,1.1920929e-07,5.64,5.64,14.783998,19.475,15.34,23.61,225.38,1747.03,0.01683873776031423,0.28721562
1991-06-24,4.984449163542434e-14,1307.1722360490448,2.7432323086653847,1.1920928955078125e-07,1.1920929e-07,1.1920929e-07,0.0,14.783998,18.605,11.5,25.71,466.38,1162.97,0.016809948664113113,0.34280574
1991-06-25,2.7460040066942796e-14,1304.6898048630333,2.976975050041586,1.1920928955078125e-07,1.1920929e-07,1.1920929e-07,0.0,14.783998,20.025,12.47,27.58,479.05,1214.02,0.015609044342268095,0.30574566
1991-06-26,1.5595404203748284e-14,1301.6433259563619,2.890905435988338,1.1920928955078125e-07,1.1920929e-07,1.1920929e-07,0.0,14.783998,19.565,11.0,28.13,513.18,1027.09,0.014251879663818764,0.25942057
1991-06-27,7.645630401884449e-15,1298.4854074237721,3.237961522195441,1.1920928955078125e-07,1.1920929e-07,1.1920929e-07,0.0,14.783998,21.55,13.43,29.67,489.58,1222.77,0.01296949075869611,0.23162551
1991-06-28,2.2886935846849667e-15,1294.889382354992,3.904353644714039,1.1920928955078125e-07,1.1920929e-07,1.1920929e-07,0.0,14.783998,24.875,16.03,33.72,499.25,1394.68,0.011649108907481881,0.23162551
1991-06-29,6.250995682528317e-16,1290.7214536976628,4.477086946555978,1.1920928955078125e-07,1.1920929e-07,1.1920929e-07,0.0,14.783998,27.385,20.75,34.02,406.82,2024.69,0.010286000091271532,0.22236049
1991-06-30,2.499559709187906e-16,1286.328207288829,4.749405274599246,1.1920928955078125e-07,1.1920929e-07,1.1920929e-07,0.0,14.783998,28.52,23.0,34.04,343.11,2505.12,0.009021497055524517,0.20383045
1991-07-01,-7.861988246880223e-17,1282.0645299339617,4.037771009827814,1.1920928955078125e-07,1.1920929e-07,1.1920929e-07,0.0,14.783998,25.65,20.5,30.8,336.18,2192.52,0.007943114843605843,0.17603539
1991-07-02,-2.692617758765466e-16,1278.1470663231585,3.7592962594505015,1.1920928955078125e-07,1.1920929e-07,1.1920929e-07,0.0,14.783998,24.435,20.4,28.47,273.33,2336.35,0.007066306637837602,0.20383045
1991-07-03,-2.3561813860823155e-16,1274.7524195006597,3.8853559602505574,1.1920928955078125e-07,1.1920929e-07,0.92,0.92,14.781217,25.07,21.33,28.81,237.36,2517.66,0.006385186166335652,0.23162551
1991-07-04,-1.2166201856497526e-16,1271.020830099679,3.48348079555305,1.1920928955078125e-07,1.1920929e-07,1.1920929e-07,0.0,14.689652,23.305,19.49,27.12,266.59,2258.05,0.005711964000735048,0.25015554
1991-07-05,-4.2616336795295377e-17,1268.6113716123093,3.198829186295305,1.1920928955078125e-07,1.1920929e-07,2.43,2.43,14.688,21.855,18.81,24.9,198.82,2172.35,0.00531546958238244,0.25015554
1991-07-06,-1.3937595165652707e-17,1270.3102480932318,3.8452339143984857,1.1920928955078125e-07,1.1920929e-07,8.45,8.45,14.688,25.06,17.98,32.14,328.93,1887.19,0.00559205241998961,0.26868558
1991-07-07,-7.418598672920415e-18,1274.7029483864903,4.121104351781703,1.1920928955078125e-07,1.1920929e-07,15.37,15.37,14.688,26.235,19.15,33.32,324.88,2077.97,0.006375761521909829,0.23162551
1991-07-08,-3.0875887024732407e-18,1277.2874194709811,4.02806053569685,1.1920928955078125e-07,1.1920929e-07,1.1920929e-07,0.0,14.688,25.79,19.79,31.79,394.57,2096.91,0.00688724138528367,0.20383045
1991-07-09,-1.505668259294615e-18,1274.8907345956413,3.8907074788572746,1.1920928955078125e-07,1.1920929e-07,1.1920929e-07,0.0,14.688,25.205,19.85,30.56,366.52,2172.98,0.006411610293918772,0.20383045
1991-07-10,-8.001452525011112e-19,1271.4660048828864,3.1570809548825327,1.1920928955078125e-07,1.1920929e-07,1.1920929e-07,0.0,14.636108,21.65,14.89,28.41,454.06,1468.92,0.00578839437195745,0.16677037
1991-07-11,-3.857787498288088e-19,1268.1738303552697,3.520135248267728,1.1920928955078125e-07,1.1920929e-07,1.1920929e-07,0.0,14.592003,23.645,16.0,31.29,480.54,1512.6,0.005246479393845583,0.17603539
1991-07-12,-1.863296473023428e-19,1264.882009855938,3.3744442401313757,1.1920928955078125e-07,1.1920929e-07,1.1920929e-07,0.0,14.592003,22.95,14.9,31.0,493.95,1395.5,0.004755349277104597,0.17603539
1991-07-13,3.726884842872467e-20,1262.074579257949,4.053609385507122,1.1920928955078125e-07,1.1920929e-07,7.58,7.58,14.592003,26.235,20.03,32.44,300.63,2296.51,0.004372985428103613,0.21309547
1991-07-14,2.3425573722439794e-19,1259.4775858048824,3.941521255485083,1.1920928955078125e-07,1.1920929e-07,1.1920929e-07,0.0,14.592003,25.77,19.6,31.94,414.31,1992.8,0.004046713056112339,0.25015554
1991-07-15,3.437217473642917e-19,1256.7884672404903,3.300033254738698,1.1920928955078125e-07,1.1920929e-07,1.1920929e-07,0.0,14.540109,22.735,15.26,30.21,487.98,1346.71,0.0037344976482584034,0.17603539
1991-07-16,3.047576071280207e-19,1253.7046613085236,3.4004129681213637,1.1920928955078125e-07,1.1920929e-07,1.1920929e-07,0.0,14.495997,23.355,14.35,32.36,527.94,1197.53,0.0034059949308958186,0.16677037
1991-07-17,1.0566122498872908e-19,1250.0459629447296,3.837585312392215,1.1920928955078125e-07,1.1920929e-07,1.1920929e-07,0.0,14.495997,25.545,17.5,33.59,491.16,1517.5,0.0030535222178722046,0.12971029
1991-07-18,-1.6787885798830018e-19,1245.9409529137959,4.166647033438413,1.1920928955078125e-07,1.1920929e-07,1.1920929e-07,0.0,14.495997,27.08,18.77,35.39,490.12,1632.94,0.002701287309644209,0.12044526
1991-07-19,-4.43354951483426e-19,1241.5257222084238,4.377758271746994,1.1920928955078125e-07,1.1920929e-07,1.1920929e-07,0.0,14.4441,28.105,20.78,35.43,446.41,1949.22,0.0023676515786372164,0.111180246
1991-07-20,-6.484138824098329e-19,1236.9360578597746,4.650877531146677,1.1920928955078125e-07,1.1920929e-07,1.1920929e-07,0.0,14.399997,29.335,22.7,35.97,412.55,2250.79,0.00206444300862767,0.111180246
1991-07-21,-7.107024776807059e-19,1232.307746899009,4.757206987212165,1.1920928955078125e-07,1.1920929e-07,1.1920929e-07,0.0,14.399997,29.82,23.0,36.64,421.62,2189.92,0.0017979883246697123,0.14824033
1991-07-22,-5.578832232236857e-19,1227.7765752181429,4.4372912407458225,1.1920928955078125e-07,1.1920929e-07,1.1920929e-07,0.0,14.399997,28.61,22.0,35.22,420.45,2003.15,0.0015704729361311013,0.14824033
1991-07-23,-2.399575309143542e-19,1223.5479206309733,4.847288080823262,1.1920928955078125e-07,1.1920929e-07,1.1920929e-07,0.0,14.305658,30.42,23.36,37.48,426.55,2138.69,0.0013841935855233376,0.14824033
1991-07-24,8.973765229549137e-20,1220.1255603586953,4.201217051057488,1.1920928955078125e-07,1.1920929e-07,1.1920929e-07,0.0,14.304006,27.85,20.59,35.11,448.75,1722.79,0.001249736782769201,0.12971029
1991-07-25,3.413976643950573e-19,1218.0923990237977,3.94117264448763,1.1920928955078125e-07,1.1920929e-07,1.1920929e-07,0.0,14.304006,26.725,21.51,31.94,355.05,2118.86,0.0011761270319788377,0.101915225
1991-07-26,4.252178433735503e-19,1218.0313412487683,3.590908502193437,1.1920928955078125e-07,1.1920929e-07,13.18,13.18,14.301225,25.065,20.44,29.69,241.69,2347.36,0.0011739848329287066,0.14824033
1991-07-27,2.7840842290747833e-19,1220.1674965957138,3.3052678975849323,1.1920928955078125e-07,1.1920929e-07,1.1920929e-07,0.0,14.208003,23.685,19.0,28.37,340.64,1979.7,0.0012513025974645073,0.33354074
1991-07-28,5.938825550090082e-20,1222.148185496873,3.0338588752986535,1.1920928955078125e-07,1.1920929e-07,1.1920929e-07,0.0,14.208003,22.16,14.32,30.0,497.53,1209.4,0.0013275358204018052,0.17603539
1991-07-29,-1.4137605212093137e-19,1223.11774117148,3.0590728610375413,1.1920928955078125e-07,1.1920929e-07,6.3,6.3,14.208003,22.29,17.47,27.11,263.21,1979.58,0.0013665282937895627,0.15750535
1991-07-30,-2.6502854469574646e-19,1222.6887269089268,2.8785102053135416,1.1920928955078125e-07,1.1920929e-07,1.1920929e-07,0.0,14.111998,21.36,17.41,25.31,302.73,1925.83,0.0013491353854099605,0.20383045
1991-07-31,-2.527132669612729e-19,1220.4737059986066,3.449828631623208,1.1920928955078125e-07,1.1920929e-07,1.1920929e-07,0.0,14.111998,24.555,19.45,29.66,366.06,1998.45,0.001262795458162342,0.18530041
1991-08-01,-1.0510276533414471e-19,1217.0649178144552,3.349854451037473,1.1920928955078125e-07,1.1920929e-07,1.1920929e-07,0.0,14.111998,24.085,15.31,32.86,512.18,1261.87,0.001140593054297102,0.16677037
1991-08-02,8.275133898523114e-20,1213.7462478321902,4.0681147119798,1.1920928955078125e-07,1.1920929e-07,1.1920929e-07,0.0,14.015994,27.73,19.08,36.38,489.34,1602.06,0.0010329921251867739,0.12971029
1991-08-03,2.592421876305082e-19,1210.5120044696182,4.09770374120642,1.1920928955078125e-07,1.1920929e-07,1.1920929e-07,0.0,14.015994,27.91,19.59,36.23,473.89,1691.11,0.0009379033176812787,0.12971029
1991-08-04,3.733736337677163e-19,1207.3438268123641,3.9860212512683497,1.1920928955078125e-07,1.1920929e-07,1.51,1.51,14.013214,27.46,22.06,32.86,346.54,2346.81,0.0008532490585442221,0.12044526
1991-08-05,3.7414953056288485e-19,1204.2233539460537,3.1087931064020835,1.1920928955078125e-07,1.1920929e-07,1.1920929e-07,0.0,13.920003,23.2,16.16,30.24,447.75,1346.81,0.0007773420456347195,0.111180246
1991-08-06,2.4146219233828393e-19,1201.5214545425224,2.8679343263825454,1.1920928955078125e-07,1.1920929e-07,1.1920929e-07,0.0,13.920003,21.835,14.23,29.44,472.77,1137.92,0.0007170941960349105,0.101915225
1991-08-07,1.244903110314652e-19,1200.4700839340148,3.076851253552748,1.1920928955078125e-07,1.1920929e-07,2.81,2.81,13.824,23.195,17.91,28.48,295.5,1856.21,0.00069493297645101,0.101915225
1991-08-08,6.034623878706155e-20,1198.957304101955,3.0703416801153933,1.1920928955078125e-07,1.1920929e-07,1.1920929e-07,0.0,13.824,23.18,15.98,30.38,449.96,1319.45,0.0006642422076703637,0.092650205
1991-08-09,3.5721919996767063e-20,1201.2079380170826,3.2691717548045034,1.1920928955078125e-07,1.1920929e-07,9.99,9.99,13.824,24.25,19.47,29.03,238.25,2212.97,0.0007104128194531497,0.15750535
1991-08-10,2.113388023250574e-20,1208.4767094514211,3.150426793398223,1.1920928955078125e-07,1.1920929e-07,9.82,9.82,13.727997,23.615,18.06,29.17,273.05,1998.3,0.0008826043911460974,0.26868558
1991-08-11,1.2410300666393461e-20,1208.886389737227,2.961914494639389,1.1920928955078125e-07,1.1920929e-07,1.1920929e-07,0.0,13.727997,22.53,15.61,29.45,438.9,1452.62,0.0008934669084230267,0.16677037
1991-08-12,7.369270669293369e-21,1205.9573199654424,2.953725774092589,1.1920928955078125e-07,1.1920929e-07,1.1920929e-07,0.0,13.6761,22.59,15.05,30.13,459.55,1363.21,0.000818647174058115,0.12971029
1991-08-13,4.2280106295195606e-21,1202.939595076272,3.060388466630105,1.1920928955078125e-07,1.1920929e-07,1.1920929e-07,0.0,13.632,23.31,15.71,30.91,457.41,1393.58,0.0007481099951325812,0.111180246
1991-08-14,2.4852373276452297e-21,1200.2603438984077,3.1053573863697808,1.1920928955078125e-07,1.1920929e-07,1.1920929e-07,0.0,13.632,23.605,17.37,29.84,400.55,1670.77,0.0006905946170160189,0.12044526
1991-08-15,1.3596878547516838e-21,1198.7052357742966,3.1085418509542797,1.1920928955078125e-07,1.1920929e-07,1.97,1.97,13.535997,23.77,18.88,28.66,306.06,2053.72,0.0006592617196752914,0.111180246
1991-08-16,7.794212064665619e-22,1196.383682417227,3.289812165768567,1.1920928955078125e-07,1.1920929e-07,1.1920929e-07,0.0,13.535997,24.805,17.39,32.22,450.49,1502.11,0.0006151115956501825,0.12044526
1991-08-17,4.332680925623232e-22,1192.762172672882,3.280949179501894,1.1920928955078125e-07,1.1920929e-07,1.1920929e-07,0.0,13.44165,24.935,17.36,32.51,454.9,1491.39,0.0005520688355902365,0.111180246
1991-08-18,2.433547451134139e-22,1191.0966452605298,3.6109955381506107,1.1920928955078125e-07,1.1920929e-07,4.14,4.14,13.439995,26.675,20.37,32.98,375.31,1977.08,0.0005252863044707525,0.111180246
1991-08-19,1.4565312879572107e-22,1195.0242528275603,3.365342950117411,1.1920928955078125e-07,1.1920929e-07,12.34,12.34,13.439995,25.355,19.99,30.72,260.64,2271.34,0.0005906442472300953,0.101915225
1991-08-20,8.813005124480949e-23,1228.318550339475,2.990640199251907,1.1920928955078125e-07,1.1920929e-07,56.12,56.12,13.343997,22.915,17.33,28.5,276.08,1959.36,0.0015960935135525694,3.7708633
1991-08-21,5.334517600422369e-23,1262.0463097464856,2.6841141346769173,1.1920928955078125e-07,1.1920929e-07,15.33,15.33,13.343997,20.575,15.05,26.1,280.51,1723.35,0.004369295877360298,1.2971028
1991-08-22,3.2144318478530935e-23,1265.4973359478993,2.7558103870236685,1.1920928955078125e-07,1.1920929e-07,1.1920929e-07,0.0,13.248009,21.105,14.4,27.81,422.9,1632.14,0.00484352393915877,0.37986583
1991-08-23,1.9182926509241714e-23,1262.6306525969665,3.0398573975942216,1.1920928955078125e-07,1.1920929e-07,1.1920929e-07,0.0,13.248009,22.845,14.84,30.85,456.9,1650.83,0.004446197191176581,0.2779506
1991-08-24,9.47649356743379e-24,1259.5521281843828,3.2436359856634094,1.1920928955078125e-07,1.1920929e-07,1.1920929e-07,0.0,13.196108,24.095,17.86,30.33,386.39,2058.2,0.004055729794773301,0.23162551
1991-08-25,-4.475392682101566e-24,1256.5817569047695,3.1923874161226644,1.1920928955078125e-07,1.1920929e-07,1.1920929e-07,0.0,13.152,23.915,19.32,28.51,305.98,2249.88,0.003711519486722522,0.21309547
1991-08-26,-1.9657075256031614e-23,1253.6466364046075,2.7418608751519167,1.1920928955078125e-07,1.1920929e-07,1.1920929e-07,0.0,13.152,21.305,15.48,27.13,376.57,1758.11,0.0034000991314569002,0.19456543
1991-08-27,-3.2172869834032154e-23,1250.6474840105473,2.977581381381682,1.1920928955078125e-07,1.1920929e-07,1.1920929e-07,0.0,13.056,22.905,16.23,29.58,405.35,1837.21,0.0031088595478186475,0.18530041
1991-08-28,-3.8127092095778993e-23,1247.4850170492386,3.4405943248922077,1.1920928955078125e-07,1.1920929e-07,1.1920929e-07,0.0,13.056,25.5,18.53,32.47,400.59,2124.21,0.0028287391361772733,0.18530041
1991-08-29,-3.3624057720947926e-23,1244.059952847331,3.6419207944655456,1.1920928955078125e-07,1.1920929e-07,1.1920929e-07,0.0,12.96,26.7,19.5,33.9,397.7,2266.32,0.002553756921786272,0.17603539
1991-08-30,-1.9189490943732493e-23,1240.333747448433,3.810238739540098,1.1920928955078125e-07,1.1920929e-07,1.1920929e-07,0.0,12.96,27.57,20.24,34.9,393.17,2357.08,0.0022848688114234994,0.17603539
1991-08-31,-5.922642829384363e-24,1236.6356472924542,3.848420778821294,1.1920928955078125e-07,1.1920929e-07,1.1920929e-07,0.0,12.864003,27.94,22.32,33.56,326.95,2691.25,0.0020460084708373524,0.16677037
1991-09-01,2.700715899597991e-24,1233.4084974945545,2.6012682370930262,1.1920928955078125e-07,1.1920929e-07,1.1920929e-07,0.0,12.864003,21.06,12.64,29.48,454.1,1438.51,0.0018580631579370765,0.15750535
1991-09-02,3.8703746780898164e-24,1231.0746295701185,1.9141502262130468,1.1920928955078125e-07,1.1920929e-07,1.1920929e-07,0.0,12.861222,15.925,8.52,23.33,441.52,1121.01,0.0017329931351271,0.12971029
1991-09-03,2.276242271109319e-24,1229.0144444041441,2.2025422535554933,1.1920928955078125e-07,1.1920929e-07,1.1920929e-07,0.0,12.768005,18.415,10.61,26.22,441.57,1274.88,0.0016296040661629692,0.12971029
1991-09-04,1.3535100934603865e-24,1228.5785096551474,2.5904834930565737,1.1920928955078125e-07,1.1920929e-07,1.1920929e-07,0.0,12.768005,21.185,14.61,27.76,389.84,1656.92,0.0016085303723414428,0.15750535
1991-09-05,7.9204975764815025e-25,1240.4760944399252,2.7472433164523276,1.1920928955078125e-07,1.1920929e-07,23.1,23.1,12.672003,22.165,17.76,26.57,214.4,2041.68,0.0022946006127862557,0.53737116
1991-09-06,4.703420378011202e-25,1252.6982392186185,2.5456002791207895,1.1920928955078125e-07,1.1920929e-07,6.83,6.83,12.672003,20.68,16.14,25.22,223.43,1826.15,0.00330516819439777,0.34280574
1991-09-07,2.7334046178386885e-25,1252.941690958006,2.511385082062226,1.1920928955078125e-07,1.1920929e-07,1.1920929e-07,0.0,12.576006,20.575,13.37,27.78,412.27,1537.93,0.0033292809181151998,0.29648066
1991-09-08,1.6174528278901302e-25,1250.3056091676767,2.7448718000849563,1.1920928955078125e-07,1.1920929e-07,1.1920929e-07,0.0,12.576006,22.145,14.74,29.55,408.22,1678.0,0.003077286683146784,0.22236049
1991-09-09,9.493585827388995e-26,1247.5623717243259,2.7202902719852897,1.1920928955078125e-07,1.1920929e-07,1.1920929e-07,0.0,12.479998,22.16,15.08,29.24,394.31,1723.79,0.0028352800966671976,0.19456543
1991-09-10,4.460686089402076e-26,1244.7604059343337,2.7503414408182913,1.1920928955078125e-07,1.1920929e-07,1.1920929e-07,0.0,12.479998,22.39,17.34,27.44,309.91,1974.51,0.0026077289074747287,0.18530041
1991-09-11,4.152868529083093e-27,1241.9896780608763,2.7672499794553893,1.1920928955078125e-07,1.1920929e-07,1.1920929e-07,0.0,12.383997,22.67,18.94,26.4,239.5,2191.08,0.0024006783747338254,0.17603539
1991-09-12,-1.6076773960789952e-26,1239.446828949815,2.275555340313393,1.1920928955078125e-07,1.1920929e-07,1.1920929e-07,0.0,12.383997,19.34,13.42,25.26,363.12,1545.7,0.00222515597568031,0.17603539
1991-09-13,-1.145550822459382e-26,1237.6222002095785,2.1219478228522934,1.1920928955078125e-07,1.1920929e-07,1.1920929e-07,0.0,12.287997,18.315,9.79,26.84,442.76,1223.09,0.0021071730983679943,0.15750535
1991-09-14,-4.127383935492861e-27,1237.3668922872619,2.7269597953538303,1.1920928955078125e-07,1.1920929e-07,6.39,6.39,12.287997,22.615,17.47,27.76,251.11,1994.66,0.002091171230644825,0.15750535
1991-09-15,1.052633952872124e-27,1237.228951964753,2.7739484801195986,1.1920928955078125e-07,1.1920929e-07,1.1920929e-07,0.0,12.287997,22.915,19.05,26.78,244.49,2207.32,0.0020825762041161724,0.16677037
1991-09-16,2.4932061988242712e-27,1235.5063273476082,3.223337945190389,1.1920928955078125e-07,1.1920929e-07,1.1920929e-07,0.0,12.191998,25.73,18.62,32.84,373.4,2138.79,0.001978168852681435,0.16677037
1991-09-17,1.3329933807788349e-27,1234.7517617779572,3.4864179823944266,1.1920928955078125e-07,1.1920929e-07,1.1920929e-07,0.0,12.191998,27.15,21.24,33.06,322.86,2518.33,0.0019340993983245523,0.15750535
1991-09-18,4.108917076483476e-28,1240.6529916303339,3.076232696389721,1.1920928955078125e-07,1.1920929e-07,7.25,7.25,12.096,24.965,20.19,29.74,211.19,2350.31,0.0023067522809369374,0.79679173
1991-09-19,-6.796085069674264e-29,1255.0718547485742,2.2880458191395983,1.1920928955078125e-07,1.1920929e-07,33.55,33.55,12.096,19.62,13.62,25.62,264.29,1558.78,0.003547910110661961,2.5478806
1991-09-20,-6.774087096887611e-29,1268.529317308932,1.508920613043553,1.1920928955078125e-07,1.1920929e-07,1.0,1.0,12.000003,12.69,7.38,18.0,339.14,1030.21,0.005302462750345883,0.453986
1991-09-21,-4.0913951719460905e-29,1267.236484470763,1.3632767172110876,1.1920928955078125e-07,1.1920929e-07,1.1920929e-07,0.0,12.000003,11.085,5.03,17.14,372.72,882.76,0.005101680549415542,0.3150107
1991-09-22,-2.433346073280884e-29,1266.1241615070871,1.4436587333684314,1.1920928955078125e-07,1.1920929e-07,1.1920929e-07,0.0,11.903997,12.14,3.93,20.35,432.1,800.53,0.00493502770907185,0.25015554
1991-09-23,-1.3310353131008375e-29,1265.9188799596727,1.632853943835739,1.1920928955078125e-07,1.1920929e-07,1.74,1.74,11.903997,14.13,9.72,18.54,287.49,1217.72,0.004904871992140118,0.24089052
1991-09-24,-7.651815787770787e-30,1265.106803293811,1.7098327858885307,1.1920928955078125e-07,1.1920929e-07,1.1920929e-07,0.0,11.808,15.025,10.04,20.01,312.59,1243.41,0.004787373954253773,0.23162551
1991-09-25,-4.614446109912754e-30,1279.682810315276,1.9119891355496172,1.1920928955078125e-07,1.1920929e-07,33.33,33.33,11.808,16.68,14.61,18.75,106.69,1661.29,0.007397870276237052,1.7140287
1991-09-26,-2.7868358321863916e-30,1295.5069699293042,1.74571056512027,1.1920928955078125e-07,1.1920929e-07,2.61,2.61,11.711997,15.11,9.73,20.49,284.56,1218.52,0.011865910273463226,0.6948765
1991-09-27,-1.6817462845404164e-30,1295.1137757689232,1.4456496777730699,1.1920928955078125e-07,1.1920929e-07,1.1920929e-07,0.0,11.711997,12.06,5.12,19.0,392.3,889.44,0.011727419214182324,0.43545595
1991-09-28,-9.854586338821562e-31,1293.7909849477917,1.3291794462055526,1.1920928955078125e-07,1.1920929e-07,1.1920929e-07,0.0,11.711997,10.74,2.79,18.69,416.24,743.31,0.011273262372218524,0.34280574
1991-09-29,-5.545752364804024e-31,1292.2987407666144,1.655260428895211,1.1920928955078125e-07,1.1920929e-07,1.1920929e-07,0.0,11.616,14.415,4.98,23.85,429.57,878.29,0.01078200307949213,0.30574566
1991-09-30,-2.4471044686502758e-32,1290.5306570885427,1.644400217548437,1.1920928955078125e-07,1.1920929e-07,1.1920929e-07,0.0,11.616,14.33,6.13,22.53,404.53,930.09,0.010227569383450642,0.2779506
1991-10-01,5.5944620531766074e-31,1288.5445459061045,1.9372852606205884,1.1920928955078125e-07,1.1920929e-07,1.1920929e-07,0.0,11.520008,17.195,10.48,23.91,358.67,1278.54,0.009638694614456107,0.25942057
1991-10-02,1.0411270540395802e-30,1286.3903298884334,2.1387580721500172,1.1920928955078125e-07,1.1920929e-07,1.1920929e-07,0.0,11.520008,18.885,11.75,26.02,363.36,1380.29,0.009038246156493276,0.25015554
1991-10-03,1.2645220419867476e-30,1284.117931704662,2.433144788261882,1.1920928955078125e-07,1.1920929e-07,1.1920929e-07,0.0,11.423997,21.26,15.86,26.66,297.88,1788.42,0.00844534942427914,0.25015554
1991-10-04,1.073581709666655e-30,1281.7772740239236,2.3543332379082824,1.1920928955078125e-07,1.1920929e-07,1.1920929e-07,0.0,11.423997,20.725,14.04,27.41,341.5,1603.03,0.00787527901591994,0.22236049
1991-10-05,-2.703112426812785e-31,1279.5406692423917,2.3666968127249723,1.1920928955078125e-07,1.1920929e-07,1.1920929e-07,0.0,11.328,20.99,15.52,26.46,295.17,1761.39,0.007366539909912903,0.23162551
1991-10-06,-3.3575640448756406e-30,1277.5834365233932,1.8312570444186205,1.1920928955078125e-07,1.1920929e-07,24.24,24.24,11.328,16.68,9.62,23.74,265.87,1209.73,0.00694838387602332,0.48178104
1991-10-07,-7.631031781774892e-30,1275.8626576249856,1.1470547946110352,1.1920928955078125e-07,1.1920929e-07,1.1920929e-07,0.0,11.232,9.3,3.48,15.12,329.24,786.33,0.006600399081251245,0.3242757
1991-10-08,-1.252406036341808e-29,1274.333523132753,1.1059828227713797,1.1920928955078125e-07,1.1920929e-07,1.1920929e-07,0.0,11.232,8.75,1.0,16.5,382.64,640.0,0.0063058214494805115,0.26868558
1991-10-09,-1.7469995699844273e-29,1272.9512236322796,1.2747526047647921,1.1920928955078125e-07,1.1920929e-07,1.1920929e-07,0.0,11.138781,11.13,2.6,19.66,389.01,730.91,0.0060508609936640945,0.25015554
1991-10-10,-2.1902183701092506e-29,1271.6709497091495,1.5105642604324985,1.1920928955078125e-07,1.1920929e-07,1.1920929e-07,0.0,11.136,13.875,5.63,22.12,373.16,914.27,0.005823923533125199,0.24089052
1991-10-11,-2.525397027720185e-29,1270.4478919489466,1.5633807500429675,1.1920928955078125e-07,1.1920929e-07,7.82,7.82,11.136,14.45,8.99,19.91,216.84,1159.32,0.005615081745728553,0.25015554
1991-10-12,-2.6958701338211346e-29,1269.2372409372551,1.141473933666117,1.1920928955078125e-07,1.1920929e-07,1.1920929e-07,0.0,11.04,9.575,4.4,14.75,284.82,831.63,0.005415734713110417,0.3242757
1991-10-13,-2.6449722794160063e-29,1267.994187259659,1.1269606694011531,1.1920928955078125e-07,1.1920929e-07,1.1920929e-07,0.0,11.04,9.39,4.18,14.6,287.39,817.91,0.00521841376864805,0.28721562
1991-10-14,-2.3160380555087026e-29,1266.6739215017424,1.016307549115998,1.1920928955078125e-07,1.1920929e-07,1.1920929e-07,0.0,10.944003,7.935,0.3,15.57,358.68,623.65,0.00501670333012823,0.25942057
1991-10-15,-1.6508796832758968e-29,1265.231765014712,1.5142452757458158,1.1920928955078125e-07,1.1920929e-07,1.1920929e-07,0.0,10.944003,14.28,7.52,21.04,320.51,1041.31,0.004805269511648937,0.25015554
1991-10-16,1.1215744420699038e-29,1263.7888527601306,1.4315899600522022,1.1920928955078125e-07,1.1920929e-07,5.2,5.2,10.848002,13.53,7.78,19.28,216.85,1062.11,0.004602642913139234,0.2779506
1991-10-17,6.885481695725969e-29,1262.4606703099814,1.0477245158366086,1.1920928955078125e-07,1.1920929e-07,18.77,18.77,10.848002,8.595,4.58,12.61,168.27,846.56,0.004423688450919495,0.42619094
1991-10-18,1.4673387386863466e-28,1261.2202848676811,1.3620720594381361,1.1920928955078125e-07,1.1920929e-07,4.75,4.75,10.803894,12.825,3.57,22.08,272.3,793.08,0.004262852064634016,0.907972
1991-10-19,2.351783682465356e-28,1260.0407636366465,1.583624679195969,1.1920928955078125e-07,1.1920929e-07,1.1920929e-07,0.0,10.752,15.37,6.77,23.97,343.8,981.93,0.004115335299991985,0.47251603
1991-10-20,3.245137531826742e-28,1258.8951738202943,0.952603722038237,1.1920928955078125e-07,1.1920929e-07,1.1920929e-07,0.0,10.752,7.305,-0.43,15.04,336.34,600.0,0.003976950481330823,0.37060082
1991-10-21,4.050654817687619e-28,1257.7565826220414,0.8289051599624019,1.1920928955078125e-07,1.1920929e-07,1.1920929e-07,0.0,10.655997,5.335,-2.0,12.67,325.66,526.24,0.00384402225712032,0.33354074
1991-10-22,4.671590070965106e-28,1256.5980572453045,1.163480410365583,1.1920928955078125e-07,1.1920929e-07,1.1920929e-07,0.0,10.655997,10.59,0.83,20.35,356.43,642.35,0.0037133263052707382,0.3150107
1991-10-23,5.011197822576317e-28,1255.3926648935003,1.4184557611500535,1.1920928955078125e-07,1.1920929e-07,1.1920929e-07,0.0,10.559998,13.925,5.39,22.46,327.64,911.4,0.0035820579153157703,0.30574566
1991-10-24,4.972732603438373e-28,1254.113472770046,1.5674402318156644,1.1920928955078125e-07,1.1920929e-07,1.1920929e-07,0.0,10.559998,15.575,9.27,21.88,269.15,1181.43,0.003447824245313512,0.29648066
1991-10-25,4.4594489444683845e-28,1252.733548078358,1.5664216728223557,1.1920928955078125e-07,1.1920929e-07,1.1920929e-07,0.0,10.558345,15.585,9.78,21.39,248.42,1222.27,0.003308654509477025,0.28721562
1991-10-26,3.374601376583473e-28,1251.2259580218529,1.5915091359726592,1.1920928955078125e-07,1.1920929e-07,1.1920929e-07,0.0,10.464,16.015,11.39,20.64,204.56,1351.17,0.0031630223796803377,0.28721562
1991-10-27,1.4034390869552248e-05,1249.6558936836475,1.7323316110271503,7.017687845093015e-06,1.1920929e-07,1.1920929e-07,0.0,10.464,17.445,12.89,22.0,199.26,1471.16,0.0030181651167271225,0.28721562
1991-10-28,6.60818313815199e-05,1248.1979687409416,1.4939489933203345,3.305183271145951e-05,1.1920929e-07,1.1920929e-07,0.0,10.367997,15.165,10.94,19.39,191.16,1315.41,0.0028896008404814253,0.26868558
1991-10-29,0.000147660186518427,1246.8508851337058,0.9270975826947249,7.388460207601612e-05,1.1920929e-07,1.1920929e-07,0.0,10.367997,7.595,0.76,14.43,287.3,640.1,0.002775683932903705,0.26868558
1991-10-30,0.00024933294122001794,1245.6076326010561,0.9397307382902851,0.00012482188781843748,1.1920929e-07,1.1920929e-07,0.0,10.323892,7.885,-1.38,17.15,327.87,553.54,0.002674536700746893,0.25015554
1991-10-31,0.00036166358042603696,1244.461200882109,1.1044103293007537,0.00018115879122010243,1.1920929e-07,1.1920929e-07,0.0,10.272,10.5,3.53,17.47,279.8,789.61,0.0025845361002821083,0.25015554
1991-11-01,0.00047521558907622836,1243.4045797159806,1.1406958164276788,0.0002381723681158875,1.1920929e-07,1.1920929e-07,0.0,10.272,11.025,4.92,17.13,254.92,873.78,0.002504270462195957,0.25942057
1991-11-02,0.0005805524521103363,1242.4307588417876,1.2575321522815994,0.0002911188265627058,1.1920929e-07,1.1920929e-07,0.0,10.176,12.745,8.28,17.21,197.01,1102.43,0.0024325038915025835,0.25942057
1991-11-03,0.0006682376544681056,1241.5327279986461,0.835099296624059,0.00033523517698704045,1.1920929e-07,1.1920929e-07,0.0,10.176,6.345,-0.37,13.06,272.98,596.93,0.002368146892831197,0.25942057
1991-11-04,0.0007288346810892798,1240.7034769256722,0.6604327688927738,0.00036574533464695425,1.1920929e-07,1.1920929e-07,0.0,10.176,2.83,-1.37,7.03,194.44,559.07,0.002310232075901068,0.25015554
1991-11-05,0.0007529070169136042,1239.9359953619828,0.5050010140470811,1.1920928955078125e-07,1.1920929e-07,1.1920929e-07,0.0,10.079997,-0.93,-6.48,4.62,244.12,361.64,0.0022578940345882666,0.24089052
1991-11-06,0.000731018146880822,1239.2232730466935,0.5996084577706281,0.00036684494885606746,1.1920929e-07,1.1920929e-07,0.0,10.079997,1.565,-6.71,9.84,300.37,360.0,0.002210352680674175,0.24089052
1991-11-07,0.0006537315559306777,1238.5582997189213,0.6590526777874247,0.0003279341865283874,1.1920929e-07,1.1920929e-07,0.0,10.035892,3.03,-3.76,9.82,268.6,459.13,0.0021668994614634394,0.24089052
1991-11-08,0.0005116107290029164,1237.9340651177822,0.6604151510231279,0.0002564597269192324,1.1920929e-07,1.1920929e-07,0.0,9.983997,3.145,-0.35,6.64,162.53,599.33,0.0021268860075518096,0.25015554
1991-11-09,0.00031435309968450123,1238.148325551663,0.5280539737942533,1.1920928955078125e-07,1.1920929e-07,1.1920929e-07,0.0,9.983997,-0.13,-3.22,2.96,148.88,480.0,0.002140536129705164,0.24089052
1991-11-10,0.0001585248484968823,1242.1433642775958,0.6104289381669435,7.932524955426181e-05,1.1920929e-07,6.01,6.01,9.888,2.075,-0.59,4.74,97.12,585.74,0.0024117198256606315,0.25015554
1991-11-11,7.358881459289908e-05,1247.897960176397,0.6924700811295865,3.6807945579921555e-05,1.1920929e-07,6.67,6.67,9.888,3.875,1.65,6.1,81.86,690.7,0.0028638323926299934,0.28721562
1991-11-12,4.157624017294023e-05,1252.1088722921697,0.6962039653736001,2.079244154577516e-05,1.1920929e-07,1.0,1.0,9.888,3.905,-0.32,8.13,193.2,600.0,0.0032475148969318144,0.3242757
1991-11-13,1.9760588527181918e-05,1253.4836631443477,0.7044222653262548,9.881270465735133e-06,1.1920929e-07,1.74,1.74,9.792,4.21,0.73,7.69,165.71,640.41,0.0033835942602241653,0.29648066
1991-11-14,1.0067341365314285e-05,1253.1790510990288,0.8695267248801298,5.0339240610623435e-06,1.1920929e-07,1.1920929e-07,0.0,9.792,7.41,-0.11,14.93,274.52,600.0,0.003352959654017432,0.2779506
1991-11-15,4.3181494059752294e-06,1252.2542819853502,1.2291548131940555,2.159121319023338e-06,1.1920929e-07,1.1920929e-07,0.0,9.792,12.87,5.49,20.25,261.64,919.31,0.003261645088672104,0.26868558
1991-11-16,-3.560727687428015e-07,1251.1344222939927,1.1990988050432616,1.1920928955078125e-07,1.1920929e-07,1.1920929e-07,0.0,9.698783,12.64,6.88,18.4,224.56,990.74,0.003154389414505466,0.26868558
1991-11-17,-2.6832761530595545e-06,1250.1143709520215,0.72040623116509,1.1920928955078125e-07,1.1920929e-07,1.1920929e-07,0.0,9.696003,4.735,-1.87,11.34,253.11,530.75,0.003059765487009473,0.25015554
1991-11-18,-1.973395933415345e-06,1249.39559345056,0.6468671502074771,1.1920928955078125e-07,1.1920929e-07,1.1920929e-07,0.0,9.696003,3.135,-4.61,10.88,272.9,440.0,0.0029947987387632003,0.25942057
1991-11-19,-1.070528971342681e-06,1248.5510014741453,0.9858584788452289,1.1920928955078125e-07,1.1920929e-07,1.1920929e-07,0.0,9.696003,9.57,1.53,17.61,268.08,682.27,0.0029202207698625347,0.24089052
1991-11-20,-5.918030258297079e-07,1247.4211024822625,1.3039702396757404,1.1920928955078125e-07,1.1920929e-07,1.1920929e-07,0.0,9.6,14.21,6.07,22.35,260.01,929.04,0.0028233460315019335,0.25015554
1991-11-21,-3.559627087267437e-07,1248.1206188791714,1.6223297187255072,1.1920928955078125e-07,1.1920929e-07,5.51,5.51,9.6,17.81,15.12,20.5,85.88,1729.3,0.002882934976947201,0.25015554
1991-11-22,-2.1513056498461672e-07,1271.0626032516905,1.5477128903268966,1.1920928955078125e-07,1.1920929e-07,39.26,39.26,9.6,16.72,14.83,18.61,63.47,1692.63,0.0057190927609115025,1.7232938
1991-11-23,-1.3001924849888877e-07,1294.1506448155353,1.3142749628139314,1.1920928955078125e-07,1.1920929e-07,9.96,9.96,9.555897,13.815,10.03,17.6,123.19,1242.04,0.011394975099373846,2.5015554
1991-11-24,-7.87408894954554e-08,1296.947447065998,0.9475531641160542,1.1920928955078125e-07,1.1920929e-07,1.1920929e-07,0.0,9.504003,8.67,3.1,14.24,224.1,764.65,0.012387394020945998,0.74120164
1991-11-25,2.9158905529277492e-05,1296.193727425033,0.5831053585956744,1.458155229515888e-05,1.1920929e-07,1.1920929e-07,0.0,9.504003,1.36,-1.72,4.44,147.22,540.38,0.012111734766116067,0.51884115
1991-11-26,0.00018793385250702596,1295.6171803206641,0.5128358095660204,1.1920928955078125e-07,1.1920929e-07,1.1920929e-07,0.0,9.504003,-0.495,-4.35,3.36,178.33,440.0,0.011905021261470927,0.42619094
1991-11-27,0.00026621243868327985,1295.119643842118,0.4576233628096641,1.1920928955078125e-07,1.1920929e-07,1.1920929e-07,0.0,9.459894,-2.05,-8.54,4.44,248.01,320.0,0.011729474141415843,0.38913086
1991-11-28,0.00024166664315385797,1294.389189486243,0.6836300705718159,0.00012097932842190211,1.1920929e-07,1.1920929e-07,0.0,9.408,3.88,-4.11,11.87,262.25,440.0,0.011476425095655855,0.37986583
1991-11-29,0.00018786451130989337,1293.4013485050873,1.2035655563536543,9.402048831552094e-05,1.1920929e-07,1.1920929e-07,0.0,9.408,12.655,5.24,20.07,244.9,899.28,0.011142871910192878,0.37060082
1991-11-30,0.00011764307948125635,1292.438384044789,1.225297385045618,5.885613947201229e-05,1.1920929e-07,0.5,0.5,9.408,12.955,6.5,19.41,228.53,960.11,0.010827052127583484,0.36133578
1991-12-01,6.299237538922982e-05,1294.5878608005173,1.3864154892648841,3.1506107792679824e-05,1.1920929e-07,6.85,6.85,9.408,14.935,12.25,17.62,87.19,1419.95,0.011544704694022394,0.37986583
1991-12-02,3.3137186627969946e-05,1305.644390424204,0.9443874481988457,1.6571338496803894e-05,1.1920929e-07,18.36,18.36,9.363897,8.745,4.26,13.23,140.21,826.38,0.01606033405565033,1.7603538
1991-12-03,1.9932960222911886e-05,1328.1835535398684,0.7979019197571815,9.967473418710775e-06,1.1920929e-07,26.72,26.72,9.311997,5.975,2.71,9.24,111.15,743.18,0.03147918078029076,7.9864473
1991-12-04,1.1768039632545416e-05,1342.3751372140882,0.6271977664588161,5.884366033164291e-06,1.1920929e-07,2.09,2.09,9.311997,2.215,-3.43,7.86,216.24,473.36,0.04808923883083521,2.1124246
1991-12-05,0.13089184671861626,1342.44223935617,0.39796044405544617,1.1920928955078125e-07,1.1920929e-07,1.1920929e-07,0.0,9.311997,-4.295,-7.68,-0.91,158.4,344.52,0.04818568386043775,1.1118025
1991-12-06,0.12786355806900518,1341.7547510723734,0.6138269894095179,0.10001710411146622,1.1920929e-07,1.1920929e-07,0.0,9.311997,1.905,-3.36,7.17,215.88,474.55,0.04720665837362572,0.8801769
1991-12-07,0.11033931584586944,1340.5387586065833,0.6665682733180696,0.08285327822569213,1.1920929e-07,1.1920929e-07,0.0,9.311997,3.135,-5.19,11.46,257.26,423.44,0.045523463331164714,0.75046664
1991-12-08,0.07851698045548774,1339.997252802622,0.9190958671177377,0.0539249325144835,1.1920929e-07,1.1920929e-07,0.0,9.310348,8.01,0.39,15.63,244.08,630.78,0.04479334597107456,0.6856115
1991-12-09,0.04127972523645822,1343.5665108701733,1.1971814655564632,0.02484042213092773,1.1920929e-07,10.02,10.02,9.2187805,12.285,8.4,16.17,119.05,1112.03,0.04983065906345729,0.9635621
1991-12-10,0.021799487576813464,1355.648994620485,0.8957047397741791,0.012083105356470348,1.1920929e-07,15.88,15.88,9.216,7.59,2.5,12.68,147.68,720.0,0.07147794936574646,4.6881003
1991-12-11,0.012243504678660701,1361.1771696141375,0.7517944843836054,0.006496043410588985,1.1920929e-07,1.1920929e-07,0.0,9.216,4.86,-2.48,12.2,237.64,517.18,0.08430567167162858,1.4638731
1991-12-12,0.006927227233242376,1361.0788600963233,0.7835125953315283,0.0035835318595248936,1.1920929e-07,1.1920929e-07,0.0,9.216,5.485,-0.52,11.49,213.95,591.65,0.08405857007808658,1.1210674
1991-12-13,0.0035032630046982803,1363.3292215301292,0.9999195132054861,0.0017823104939575897,1.1920929e-07,4.72,4.72,9.216,9.21,6.91,11.51,72.23,993.01,0.0899006405261322,1.0376823
1991-12-14,0.0020089305640076383,1366.0276720364702,1.1222320534584225,0.0010145544477179842,1.1920929e-07,3.17,3.17,9.216,10.995,6.74,15.25,124.61,978.92,0.09744375587185557,1.2693077
1991-12-15,0.0014527567584983383,1366.6842739508104,0.6844389117459339,0.0007316545419532939,1.1920929e-07,1.1920929e-07,0.0,9.216,3.395,-2.13,8.92,208.12,526.24,0.09937297106420628,1.0098872
1991-12-16,0.0013366780385294231,1366.0576841740854,0.4584427060592687,1.1920928955078125e-07,1.1920929e-07,1.1920929e-07,0.0,9.216,-2.41,-6.55,1.73,175.36,360.0,0.09753111453384927,0.7875267
1991-12-17,0.0013438836936714642,1365.3441840612838,0.4822285994657871,1.1920928955078125e-07,1.1920929e-07,1.1920929e-07,0.0,9.216,-1.685,-6.51,3.14,196.12,373.2,0.0954753193654938,0.70414156
1991-12-18,0.026636368581939015,1364.7084328843819,0.5481548389237811,0.011668108629595227,1.1920929e-07,1.1920929e-07,0.0,9.216,0.16,-3.8,4.12,171.55,456.71,0.09368007612844047,0.6763465
1991-12-19,0.039190584584233606,1364.1374931348826,0.36737218307081765,1.1920928955078125e-07,1.1920929e-07,1.1920929e-07,0.0,9.216,-5.48,-10.21,-0.75,200.45,279.68,0.09209663664412761,0.6114913
1991-12-20,0.03918629271294386,1363.6597225707628,0.4271744681563593,1.1920928955078125e-07,1.1920929e-07,1.1920929e-07,0.0,9.216,-3.38,-10.52,3.76,244.75,280.0,0.0907921801247977,0.56516623
1991-12-21,0.026305619737307183,1363.0254592239178,0.6575417843895515,0.014872866575980399,1.1920929e-07,1.1920929e-07,0.0,9.216,2.84,-1.77,7.45,191.23,541.68,0.08908895253963746,0.54663616
1991-12-22,0.015075854533779513,1362.2986974113687,0.6479238064864967,0.008105056998089725,1.1920929e-07,1.1920929e-07,0.0,9.216,2.63,-3.01,8.27,214.19,480.0,0.08717657830077874,0.5559012
1991-12-23,0.007821498020759206,1362.4824766530696,0.642766244452787,0.004063610667887795,1.1920929e-07,3.3,3.3,9.216,2.51,-1.5,6.52,127.95,560.0,0.08765625519019825,0.5559012
1991-12-24,0.0031766703173976008,1363.1026801139496,0.6320314009656629,0.001613561123155416,1.1920929e-07,1.1920929e-07,0.0,9.216,2.255,-0.73,5.24,135.32,581.39,0.08929459834165661,0.6022263
1991-12-25,0.0016365256617988414,1362.6999837992528,0.5620901249608625,0.0008198544826533421,1.1920929e-07,1.1920929e-07,0.0,9.216,0.545,-4.5,5.59,202.57,440.0,0.08822737583577571,0.52810615
1991-12-26,0.031030391183095106,1362.0518428370244,0.5027788810401715,1.1920928955078125e-07,1.1920929e-07,1.1920929e-07,0.0,9.216,-1.055,-7.13,5.02,224.87,360.0,0.08653639858515501,0.5003111
1991-12-27,0.0337040276637163,1361.422833792731,0.5938900968399401,0.01966530077515684,1.1920929e-07,1.1920929e-07,0.0,9.216,1.36,-3.64,6.36,200.81,468.4,0.08492633032213359,0.46325102
1991-12-28,0.03912267753011215,1360.7720885186225,0.506004053475876,1.1920928955078125e-07,1.1920929e-07,1.1920929e-07,0.0,9.216,-0.95,-6.43,4.53,216.33,366.42,0.08329214432831979,0.46325102
1991-12-29,0.029530772751338676,1370.6197010397166,0.7196324039330046,0.016929845932344572,1.1920929e-07,21.02,21.02,9.216,4.1,0.04,8.16,132.5,606.76,0.11176339149900873,1.880799
1991-12-30,0.0167898039004781,1380.7672236990102,0.7271437769230578,0.009097994845428451,1.1920929e-07,1.1920929e-07,0.0,9.216,4.145,0.76,7.53,155.83,640.75,0.1513157319039959,1.4360781
1991-12-31,0.011135572132877582,1379.8779288804926,0.48360741952186037,1.1920928955078125e-07,1.1920929e-07,1.1920929e-07,0.0,9.216,-1.795,-7.27,3.68,220.96,360.0,0.14735078643026853,0.8523819
1992-01-01,0.010947698298151985,1379.2729554971602,0.46566719947241036,1.1920928955078125e-07,1.1920929e-07,1.1920929e-07,0.0,9.216,-2.325,-8.65,4.0,256.41,320.0,0.14471304229131646,0.6948765
1992-01-02,0.008011368134220914,1378.5704177592722,0.6595780588876273,0.004166053351201781,1.1920929e-07,1.1920929e-07,0.0,9.267895,2.635,-0.87,6.14,160.13,573.36,0.14170910567638034,0.6763465
1992-01-03,0.004522964152677189,1380.1097274571973,0.8869600888063583,0.0023126163712456414,1.1920929e-07,1.3,1.3,9.311997,7.005,3.72,10.29,147.61,800.0,0.1483741439917711,0.6856115
1992-01-04,0.002197084802173622,1385.1713399805699,0.8896326778709143,0.0011106098697283811,1.1920929e-07,8.08,8.08,9.311997,6.995,4.57,9.42,84.67,848.75,0.172580986162111,0.8523819
1992-01-05,0.0011944052242829043,1389.0132567462651,0.9168300222469605,0.0006007690793415736,1.1920929e-07,2.38,2.38,9.311997,7.415,5.14,9.69,96.08,891.25,0.1935582473078523,0.98209214
1992-01-06,0.0006395303408268131,1389.3664037118185,0.6786045974105901,0.0003207876645705112,1.1920929e-07,1.1920929e-07,0.0,9.311997,2.87,-2.02,7.76,206.5,520.0,0.19560997280924317,0.75046664
1992-01-07,0.0003327447861513524,1388.351928472435,0.6553187535655353,0.0001666491905520638,1.1920929e-07,1.1920929e-07,0.0,9.311997,2.365,-1.2,5.93,164.81,562.42,0.18977374754586432,0.6670815
1992-01-08,0.00018561864170613205,1389.4700280458703,0.6358723662166799,9.289545652870693e-05,1.1920929e-07,1.1920929e-07,0.0,9.311997,1.91,-2.98,6.8,209.47,481.75,0.1962161299194785,0.6114913
1992-01-09,8.576651923841342e-05,1392.2445825611112,0.6902761632162034,4.290164935763512e-05,1.1920929e-07,5.0,5.0,9.408,2.94,-0.69,6.57,126.39,585.11,0.2131634729002786,0.6300214
1992-01-10,4.4026339251190855e-05,1393.263847856324,0.7185371930557195,2.2018015421886805e-05,1.1920929e-07,1.1920929e-07,0.0,9.408,3.525,0.05,7.0,163.44,604.06,0.21975044310719158,0.70414156
1992-01-11,2.3153859678564626e-05,1392.7792107291043,0.7018089601064533,1.1578270092321364e-05,1.1920929e-07,1.1920929e-07,0.0,9.408,3.18,0.31,6.05,139.55,622.57,0.21659348748980314,0.6114913
1992-01-12,1.0383505351576034e-05,1391.856466452364,0.6653237016091077,5.192022218746241e-06,1.1920929e-07,1.1920929e-07,0.0,9.408,2.4,-4.32,9.12,252.79,440.0,0.21070751491147832,0.5559012
1992-01-13,5.796401043486262e-06,1392.291528498073,0.8621415711644512,2.89828451740575e-06,1.1920929e-07,1.1920929e-07,0.0,9.408,6.28,-0.35,12.91,249.52,600.0,0.2134624759655467,0.54663616
1992-01-14,3.0446800939222066e-06,1396.1771156903571,1.0233351342519357,1.5223632221532874e-06,1.1920929e-07,6.17,6.17,9.504003,8.72,2.52,14.92,180.76,722.11,0.23972126364601196,0.74120164
1992-01-15,1.6840499430756622e-06,1397.8243225666506,0.5225168910327868,1.1920928955078125e-07,1.1920929e-07,1.1920929e-07,0.0,9.504003,-1.315,-6.8,4.17,236.92,360.6,0.2518060422560759,0.74120164
1992-01-16,1.3732783381913996e-06,1397.3835322568643,0.3701334985967388,1.1920928955078125e-07,1.1920929e-07,1.1920929e-07,0.0,9.504003,-6.13,-10.36,-1.9,204.05,279.98,0.24851370853248694,0.5559012
1992-01-17,1.4077797993531606e-06,1396.7356293124226,0.3993241880564514,1.1920928955078125e-07,1.1920929e-07,1.1920929e-07,0.0,9.504003,-5.08,-11.81,1.65,266.9,240.0,0.24375239505789797,0.51884115
1992-01-18,1.4078101056796554e-06,1396.0435500215103,0.48992827268897216,1.1920928955078125e-07,1.1920929e-07,1.1920929e-07,0.0,9.6,-2.355,-6.5,1.79,202.26,366.11,0.2387671587271982,0.51884115
1992-01-19,1.4078160952145324e-06,1395.421885432926,0.2999721027326306,1.1920928955078125e-07,1.1920929e-07,1.1920929e-07,0.0,9.6,-9.085,-14.05,-4.12,233.84,200.67,0.23437612499237698,0.51884115
1992-01-20,-2.3587704049493503e-06,1394.8635832289533,0.3700732061053417,1.1920928955078125e-07,1.1920929e-07,1.1920929e-07,0.0,9.6,-6.245,-13.87,1.38,285.49,200.0,0.23050151161719493,0.49104607
1992-01-21,-0.0004948409199194868,1394.1744668480726,0.5556469965184679,1.1920928955078125e-07,1.1920929e-07,1.1920929e-07,0.0,9.602783,-0.545,-9.69,8.6,297.34,280.0,0.22580725852226385,0.46325102
1992-01-22,0.1362660829330783,1393.2426935578212,0.5814746377897488,1.1920928955078125e-07,1.1920929e-07,1.1920929e-07,0.0,9.696003,-0.02,-7.28,7.24,281.93,360.0,0.2196116871402308,0.46325102
1992-01-23,0.0668839362116704,1397.3537002508087,0.7352567567612843,0.04422654963241712,1.1920929e-07,9.84,9.84,9.696003,3.375,-0.64,7.39,150.74,589.28,0.24829245009866582,0.51884115
1992-01-24,0.034462081779429804,1402.3253780687182,0.6591714551497089,0.020171087291280105,1.1920929e-07,1.48,1.48,9.696003,1.71,-2.82,6.24,199.47,496.06,0.2880262277634148,0.6856115
1992-01-25,0.0465892860046679,1401.87173383362,0.4355877816472084,1.1920928955078125e-07,1.1920929e-07,1.1920929e-07,0.0,9.792,-4.34,-7.82,-0.86,187.35,336.4,0.2841512434946142,0.6856115
1992-01-26,2.448327245926823,1401.150876765975,0.4488519548839037,1.1920928955078125e-07,4.51,1.1920929e-07,4.51,9.792,-3.915,-7.06,-0.77,144.96,360.0,0.2781007081755638,0.58369625
1992-01-27,4.652167809903336,1400.4525614301165,0.40511225652776306,1.1920928955078125e-07,1.1920929e-07,1.1920929e-07,0.0,9.792,-5.33,-12.42,1.76,328.51,240.0,0.2723622609995863,0.54663616
1992-01-28,4.651325652501498,1399.7044995191907,0.5617554107433538,1.1920928955078125e-07,1.1920929e-07,1.1920929e-07,0.0,9.888,-0.865,-7.01,5.28,309.96,360.0,0.2663463166289668,0.5003111
1992-01-29,3.7294259055606163,1399.7706570994765,0.6239787854203667,3.721319393495445,1.1920929e-07,1.1920929e-07,0.0,9.888,0.65,-5.3,6.6,306.53,415.79,0.26687295893652985,0.5003111
1992-01-30,1.35860854430203,1401.2041470076458,0.7037263626211544,1.3586068353421914,1.1920929e-07,1.1920929e-07,0.0,9.888,2.395,-5.15,9.94,338.25,428.17,0.27854339094501035,0.5003111
1992-01-31,0.49473978996192136,1401.0372839272773,0.7792319333783413,0.49125099189769555,1.1920929e-07,1.1920929e-07,0.0,9.983997,3.765,0.41,7.12,210.63,633.16,0.2771590848752344,0.47251603
1992-02-01,0.18772848705783093,1400.354218609307,0.6418921581093985,0.16279166229317404,1.1920929e-07,1.1920929e-07,0.0,9.983997,0.915,-1.69,3.52,157.4,541.07,0.27156369178556455,0.46325102
1992-02-02,0.16997629466880648,1399.5199191552626,0.5385082033019545,1.1920928955078125e-07,1.1920929e-07,1.1920929e-07,0.0,9.983997,-1.605,-7.3,4.09,285.0,354.8,0.26488246712324914,0.453986
1992-02-03,0.1582472803125449,1398.6940272378765,0.6334206364591242,0.13080493067652246,1.1920929e-07,1.1920929e-07,0.0,10.079997,0.6,-5.32,6.52,285.88,414.58,0.2584304854290163,0.44472098
1992-02-04,0.0735066393756857,1397.8588995415698,0.6938872269215925,0.049684318929431995,1.1920929e-07,1.1920929e-07,0.0,10.079997,1.94,-4.95,8.83,304.93,440.0,0.2520661407111971,0.4169259
1992-02-05,0.03787520483879493,1396.9394184264065,0.7060422741793643,0.022481664001216962,1.1920929e-07,1.1920929e-07,0.0,10.079997,2.205,-2.96,7.37,263.93,491.63,0.24524008440877335,0.4076609
1992-02-06,0.029435402237482648,1396.0985345820784,0.5374169514115112,1.1920928955078125e-07,1.1920929e-07,1.1920929e-07,0.0,10.176,-1.87,-8.2,4.46,299.79,320.0,0.23915947138830485,0.4076609
1992-02-07,0.029432022933091828,1395.3066581732242,0.5744941195451081,1.1920928955078125e-07,1.1920929e-07,1.1920929e-07,0.0,10.176,-0.91,-6.69,4.87,286.91,360.03,0.23357115042092116,0.39839587
1992-02-08,0.07715632442148872,1394.8541380140534,0.6222043442212134,0.03559561161292738,5.77569e-06,0.84999424,0.85,10.270348,0.11,-3.39,3.61,201.64,474.32,0.23043651588914313,0.39839587
1992-02-09,0.1946608013571936,1394.3734740718553,0.4739763383739744,1.1920928955078125e-07,1.1920929e-07,1.1920929e-07,0.0,10.272,-3.755,-7.74,0.23,227.96,340.58,0.22715298899267763,0.38913086
1992-02-10,0.19449556494601097,1393.725681517101,0.38394376546483744,1.1920928955078125e-07,1.1920929e-07,1.1920929e-07,0.0,10.272,-6.655,-13.2,-0.11,314.75,223.67,0.22280166328055698,0.37060082
1992-02-11,0.15893896335086374,1393.0198989517246,0.6885603091803926,0.1320035321588118,1.1920929e-07,1.1920929e-07,0.0,10.367997,1.465,-7.3,10.23,347.23,360.0,0.21815563527825632,0.4169259
1992-02-12,0.10634490509089926,1392.2011602949244,0.6013716619674973,1.1920928955078125e-07,1.1920929e-07,1.1920929e-07,0.0,10.367997,-0.49,-8.96,7.98,347.64,307.53,0.21288728528498968,0.4076609
1992-02-13,3.4374618506209282,1391.501302157813,0.43616601128330057,1.1920928955078125e-07,7.19,1.1920929e-07,7.19,10.419894,-5.08,-8.18,-1.98,157.5,320.0,0.20848487528896403,0.4076609
1992-02-14,5.917192963679384,1393.3030550983822,0.6872744641509779,5.917173565609228,1.1920929e-07,2.56,2.56,10.464,1.3,-4.32,6.92,282.61,440.23,0.22000784439197063,0.47251603
1992-02-15,2.1639648458954874,1403.2370207240133,0.8027499138689945,2.163964845029981,1.1920929e-07,10.93,10.93,10.464,3.485,0.51,6.46,151.11,640.0,0.29597392320473614,0.93576705
1992-02-16,0.7896453278080354,1410.892375901224,0.9395832276731448,0.789351641005558,1.1920929e-07,3.89,3.89,10.559998,5.63,2.65,8.61,148.06,732.22,0.3719817515631267,1.7788839
1992-02-17,0.2894105025292319,1411.7943795518681,0.7814462187285381,0.2742321536228566,1.1920929e-07,1.1920929e-07,0.0,10.559998,2.86,-2.28,8.0,289.93,520.0,0.3821360914378773,0.917237
1992-02-18,0.11782420391805072,1414.065650047496,0.8185433613421699,0.09009210608714592,1.1920929e-07,6.36,6.36,10.655997,3.39,0.5,6.28,139.12,639.83,0.40894977764160517,1.1488625
1992-02-19,0.05605729833623242,1416.186498872459,1.170568849672543,0.035685241271110245,1.1920929e-07,1.0,1.0,10.655997,8.81,3.17,14.45,309.09,773.47,0.4356837421628933,1.2785728
1992-02-20,0.02896050029206934,1415.0922618427433,1.014524732510548,0.016562493561988825,1.1920929e-07,1.1920929e-07,0.0,10.655997,6.615,2.39,10.84,264.76,730.16,0.4216792316081146,1.0562123
1992-02-21,0.015463978889138233,1413.7210880204657,0.938842061001271,0.008328637532328724,1.1920929e-07,1.1920929e-07,0.0,10.752,5.315,-1.27,11.9,350.28,560.0,0.404764100374582,0.8245868
1992-02-22,0.0068799796109814335,1412.3682133153238,1.0146960310626234,0.0035582784487169813,1.1920929e-07,1.1920929e-07,0.0,10.752,6.51,-1.23,14.25,371.15,560.0,0.38873983791557276,0.7319366
1992-02-23,0.003572450840577007,1411.1033074062507,1.214728155826397,0.0018181280399302475,1.1920929e-07,1.1920929e-07,0.0,10.848002,9.165,-0.06,18.39,386.41,608.71,0.3743318812253769,0.6948765
1992-02-24,0.0017340521204823591,1411.5733278691587,1.1748704770840246,0.00087454321377012,1.1920929e-07,4.58,4.58,10.848002,8.64,3.3,13.98,230.96,784.39,0.3796222383482664,0.79679173
1992-02-25,0.0006454233992502847,1413.9315089998488,0.8138324282189747,0.00032375312442066315,1.1920929e-07,2.07,2.07,10.944003,2.91,1.33,4.49,112.13,667.09,0.40731513555842447,1.0376823
1992-02-26,0.00034027836578840343,1416.9316408167874,0.8269173336796766,0.00017042865603044492,1.1920929e-07,11.24,11.24,10.944003,3.115,1.24,4.99,103.01,662.38,0.44548565727202877,2.5293505
1992-02-27,0.00016176313216383087,1417.3913730345837,0.8600127640466688,8.09469843449689e-05,1.1920929e-07,1.1920929e-07,0.0,10.946783,3.69,-0.77,8.15,295.37,578.52,0.451642856614399,1.4638731
1992-02-28,6.530866314575313e-05,1416.2613245036164,1.089342084475445,3.266499462620227e-05,1.1920929e-07,1.1920929e-07,0.0,11.04,7.15,1.08,13.22,354.55,648.05,0.4366582097543772,1.1025374
1992-02-29,3.4039203453008595e-05,1414.7504318443894,0.8960803952176071,1.7022498394905618e-05,1.1920929e-07,1.1920929e-07,0.0,11.04,4.205,-4.36,12.77,409.58,441.0,0.4173973129083293,0.93576705
1992-03-01,7.06705851104029e-06,1413.2350951532303,0.8944967095544966,3.5336541138100892e-06,1.1920929e-07,1.1920929e-07,0.0,11.136,4.065,-6.43,14.56,426.36,371.72,0.3989330720839724,0.7782617
1992-03-02,-1.0605014726188663e-05,1411.7140437473402,1.2991541570207317,1.1920928955078125e-07,1.1920929e-07,1.1920929e-07,0.0,11.136,9.8,1.02,18.58,404.03,641.75,0.3812205734659307,0.74120164
1992-03-03,-1.254414372703926e-05,1410.1844760491404,1.155977748607684,1.1920928955078125e-07,1.1920929e-07,1.1920929e-07,0.0,11.232,7.865,2.76,12.97,315.85,742.26,0.3642018832530271,0.70414156
1992-03-04,-7.1518051387229795e-06,1408.696115753576,0.9808302326950883,1.1920928955078125e-07,1.1920929e-07,1.1920929e-07,0.0,11.232,5.37,1.82,8.92,245.44,705.31,0.3483713141596621,0.6578164
1992-03-05,-3.860603827923587e-06,1407.3536556630386,1.1187122450564062,1.1920928955078125e-07,1.1920929e-07,1.1920929e-07,0.0,11.328,7.26,2.75,11.77,299.55,747.28,0.3346836504181614,0.6300214
1992-03-06,-2.2827584410249505e-06,1407.9927155281482,1.0900596547799692,1.1920928955078125e-07,1.1920929e-07,4.94,4.94,11.328,6.855,3.0,10.71,201.96,759.81,0.3411310776964127,0.6485514
1992-03-07,-1.3385688863024634e-06,1419.2491089217267,1.290323342778207,1.1920928955078125e-07,1.1920929e-07,20.82,20.82,11.423997,9.21,4.88,13.54,222.53,870.32,0.47740250879502455,2.8628912
1992-03-08,-7.962503398186254e-07,1425.5423132537255,1.5033021914960984,1.1920928955078125e-07,1.1920929e-07,1.1920929e-07,0.0,11.423997,11.55,6.68,16.42,322.11,974.68,0.5760891025852302,1.4916682
1992-03-09,-4.765671893118893e-07,1423.193714408801,1.6216847750769419,1.1920928955078125e-07,1.1920929e-07,1.1920929e-07,0.0,11.423997,12.79,7.5,18.08,338.92,1040.0,0.5370750928275955,1.0562123
1992-03-10,-2.8354075735216e-07,1422.5022257932733,1.5760294689195558,1.1920928955078125e-07,1.1920929e-07,3.21,3.21,11.520008,12.205,8.0,16.41,218.1,1080.0,0.526100084240273,0.9635621
1992-03-11,-1.666329947342556e-07,1424.5716360969473,0.9500539685740124,1.1920928955078125e-07,1.1920929e-07,13.61,13.61,11.520008,4.34,-4.39,13.07,332.9,440.0,0.5596322553728592,5.7628427
1992-03-12,-9.869256066483792e-08,1427.0232260534142,0.6620860556669479,1.1920928955078125e-07,1.1920929e-07,1.1920929e-07,0.0,11.616,-1.095,-5.57,3.38,329.5,408.32,0.6021336352228289,1.797414
1992-03-13,-1.4426741176638433e-07,1427.4717734534788,0.5834063132874783,1.1920928955078125e-07,1.1920929e-07,1.1920929e-07,0.0,11.616,-2.895,-8.19,2.4,377.28,324.22,0.6102520848055563,1.3248979
1992-03-14,-3.5507969098338385e-05,1426.2461825175508,0.6489922156243174,1.1920928955078125e-07,1.1920929e-07,1.1920929e-07,0.0,11.711997,-1.49,-6.61,3.63,368.2,365.27,0.5883243758600537,1.1025374
1992-03-15,-6.815431811859272e-05,1425.0117558192915,0.6555143585415445,1.1920928955078125e-07,1.1920929e-07,1.1920929e-07,0.0,11.711997,-1.335,-5.21,2.54,306.1,422.18,0.567034964285406,0.98209214
1992-03-16,1.246998393308214e-06,1423.8418411392504,0.5557692071178344,1.1920928955078125e-07,1.1920929e-07,1.1920929e-07,0.0,11.808,-3.77,-9.21,1.67,388.65,303.78,0.547569655155171,0.8431168
1992-03-17,6.880418732935233e-05,1422.3756166382104,0.9188274220937428,3.441392870469441e-05,1.1920929e-07,0.03,0.03,11.808,3.495,-6.72,13.71,479.01,360.0,0.5241150258365332,0.8153218
1992-03-18,4.150997540675832e-05,1422.7171634927497,0.9561841714608107,2.0759295398462983e-05,1.1920929e-07,2.93,2.93,11.903997,3.965,-2.85,10.78,325.18,491.62,0.5294872442018125,0.8153218
1992-03-19,2.3390392529122485e-05,1432.1927085409432,0.753123352770914,1.1229192732631211e-05,9.863973e-06,17.41999,17.42,11.903997,0.355,-0.78,1.49,77.34,578.26,0.7026294909493009,1.1488625
1992-03-20,0.09196898860139868,1439.540652160627,0.7361267755137809,1.1920928955078125e-07,1.1920929e-07,1.1920929e-07,0.0,12.000003,-0.165,-4.21,3.88,315.26,440.48,0.8750005104074594,1.2785728
1992-03-21,0.14597354624501857,1437.4155737964584,0.752029311093425,0.09266903804511625,1.1920929e-07,1.1920929e-07,0.0,12.000003,0.165,-3.83,4.16,314.15,456.51,0.8212059425141698,1.1581275
1992-03-22,0.4051492754029008,1438.4421453701402,0.6974391156699197,1.1920928955078125e-07,0.92707276,4.1529274,5.08,12.000003,-0.93,-4.87,3.01,237.47,440.0,0.846766752050551,0.9635621
1992-03-23,0.5482432024370998,1439.4870956442523,0.760188328546388,0.4446640401959319,1.3840199e-06,0.42999864,0.43,12.096,0.185,-2.43,2.8,222.89,519.82,0.8736024244813977,1.0932723
1992-03-24,0.2163148475807259,1438.3784552145676,0.7897842740902568,0.1938555062532273,1.1920929e-07,1.1920929e-07,0.0,12.096,0.75,-5.8,7.3,451.56,398.31,0.8451580201966165,1.0098872
1992-03-25,0.09197582897897683,1436.3876391981437,1.026391027115911,0.06576206037053901,1.1920929e-07,1.1920929e-07,0.0,12.191998,4.525,-3.83,12.88,486.44,453.23,0.7963843096412747,0.8709119
1992-03-26,0.045010209270981066,1442.8304493025673,1.2180174887300828,0.027486092250141102,1.1920929e-07,19.35,19.35,12.191998,7.055,3.51,10.6,219.52,799.27,0.9653118100034969,3.5207076
1992-03-27,0.02433482715228067,1464.5988228624549,1.3037104783344093,0.013640610245849847,1.1920929e-07,26.8,26.8,12.287997,7.75,4.95,10.55,177.85,875.61,1.8490196150476637,12.1371765
1992-03-28,0.013552190886855327,1471.6891483111456,1.0960712671003572,0.00723454868284445,1.1920929e-07,0.62,0.62,12.287997,5.03,0.64,9.42,353.19,636.36,2.2849824852358886,3.1686368
1992-03-29,0.007854434706840423,1468.7003057531817,1.1865770740595345,0.004081368473700851,1.1920929e-07,1.1920929e-07,0.0,12.383997,6.145,-0.34,12.63,448.45,597.74,2.0899027977581617,2.1216896
1992-03-30,0.0045877095768489555,1465.3917527767178,1.4040448391678493,0.0023464632595297814,1.1920929e-07,1.1920929e-07,0.0,12.383997,8.77,4.24,13.3,364.31,820.06,1.8933180023162643,1.7418238
1992-03-31,0.0019252653220277697,1462.4373610242228,1.3828553216146953,0.0009718989911910691,1.1920929e-07,4.49,4.49,12.479998,8.445,3.68,13.21,290.84,796.71,1.733458724867358,1.6677036
1992-04-01,-0.00032629397443282703,1459.8878944000257,1.2082606597985095,1.1920928955078125e-07,1.1920929e-07,1.1920929e-07,0.0,12.479998,6.395,-0.06,12.85,467.76,603.53,1.6064017678711575,1.371223
1992-04-02,-0.001525998747296549,1457.5450278266374,0.9870607046099418,1.1920928955078125e-07,1.1920929e-07,1.1920929e-07,0.0,12.576006,3.26,-1.0,7.52,375.65,560.0,1.4978690830197317,1.2044526
1992-04-03,-0.0011821822466790456,1455.2268325968664,0.8884292732153429,1.1920928955078125e-07,1.1920929e-07,1.1920929e-07,0.0,12.576006,1.73,-2.62,6.08,383.66,508.69,1.3976983653627015,1.0747423
1992-04-04,-0.0004656149329285641,1452.941648018918,0.9606709497771799,1.1920928955078125e-07,1.1920929e-07,1.1920929e-07,0.0,12.576006,2.905,-2.96,8.77,457.57,483.2,1.3055127331947625,1.0098872
1992-04-05,0.00010154170554926172,1450.641729156712,1.1327635933990519,5.079662956733069e-05,1.1920929e-07,1.1920929e-07,0.0,12.672003,5.28,-0.6,11.16,454.12,592.17,1.218870890066668,0.92650205
1992-04-06,0.0003598014504240959,1448.2410932464907,1.2991553886372815,0.00018022436757221793,1.1920929e-07,1.1920929e-07,0.0,12.672003,7.395,-0.0,14.79,496.11,600.0,1.1345621326229076,0.8431168
1992-04-07,0.00020745552303921963,1445.8127356935333,1.7571797431258296,0.00010383535596611994,1.1920929e-07,1.1920929e-07,0.0,12.768005,12.04,4.04,20.04,498.62,804.58,1.0552112016189967,0.80605674
1992-04-08,-0.00014043380816507395,1443.9588006437393,1.8492270647550324,1.1920928955078125e-07,1.1920929e-07,1.1920929e-07,0.0,12.768005,12.88,5.94,19.82,471.98,920.0,0.998387483093172,0.76899666
1992-04-09,-0.0005602665823394246,1442.5600886479244,1.6662469176873744,1.1920928955078125e-07,1.1920929e-07,1.1920929e-07,0.0,12.864003,11.11,3.96,18.26,480.68,806.07,0.9575507719553653,0.7319366
1992-04-10,-0.0009544918257343724,1441.3993262087376,1.9845701832580007,1.1920928955078125e-07,1.1920929e-07,2.89,2.89,12.864003,13.93,6.61,21.25,407.13,968.56,0.9249324640519928,0.7875267
1992-04-11,-0.0012255585646004557,1440.2592398288277,2.3961839592775904,1.1920928955078125e-07,1.1920929e-07,1.2,1.2,12.96,16.92,9.92,23.92,463.66,1219.62,0.8939769985986296,0.8523819
1992-04-12,-0.0012759158251882156,1438.9225560108432,2.131878672771581,1.1920928955078125e-07,1.1920929e-07,2.14,2.14,12.96,15.005,7.77,22.24,421.45,1061.83,0.8590003822204079,0.7782617
1992-04-13,-0.0010080126337481906,1437.172001257433,1.2530921977582072,1.1920928955078125e-07,1.1920929e-07,1.1920929e-07,0.0,13.05322,6.505,-1.06,14.07,503.58,560.0,0.8152553176708464,0.6856115
1992-04-14,-0.0004756947564896173,1435.2287078503246,1.384924469914981,1.1920928955078125e-07,1.1920929e-07,1.1920929e-07,0.0,13.056,8.06,1.65,14.47,463.13,692.28,0.7692980847815982,0.6485514
1992-04-15,7.27763034129743e-05,1433.4634741876598,1.4841886319553368,3.640139268174888e-05,1.1920929e-07,1.1920929e-07,0.0,13.056,9.155,2.5,15.81,470.27,720.0,0.729801229544312,0.6300214
1992-04-16,0.0004907650657200069,1431.7048229960096,1.6058173734311503,0.00024598465752581573,1.1920929e-07,1.0,1.0,13.152,10.295,5.98,14.61,361.53,929.2,0.6924682827491233,0.6114913
1992-04-17,0.0006321809102460508,1429.77924489306,2.4380203099146374,0.00031708958355368996,1.1920929e-07,0.43,0.43,13.152,17.085,7.64,26.53,523.95,979.61,0.6537784696404131,0.6392864
1992-04-18,0.0004232902880387544,1428.1847857241555,2.261906901555952,0.00021209308002042405,1.1920929e-07,1.61,1.61,13.248009,15.74,8.69,22.79,469.74,1107.96,0.6233830840605449,0.6207563
1992-04-19,0.00022024601424073793,1429.3557114420796,1.3923207940192124,0.00011024427783831931,1.1920929e-07,4.92,4.92,13.248009,7.98,5.9,10.06,140.8,927.19,0.6455629385860755,0.6300214
1992-04-20,0.00010951709175503651,1430.0060689074364,1.6690786390727577,5.4788530857987456e-05,1.1920929e-07,0.73,0.73,13.343997,10.695,7.14,14.25,301.81,1011.36,0.6582212161738126,0.6114913
1992-04-21,6.542783276036094e-05,1435.6554574126144,2.179392902149333,3.272461838304798e-05,1.1920929e-07,15.8,15.8,13.343997,14.925,10.7,19.15,255.77,1296.19,0.7791631046997586,0.93576705
1992-04-22,3.934470120477674e-05,1455.466555447945,2.5907004849055513,1.9676220616120678e-05,1.1920929e-07,27.98,27.98,13.343997,17.56,13.72,21.4,230.36,1577.99,1.4077384762467096,3.5299728
1992-04-23,2.3768504261773254e-05,1466.2938313602924,2.4615099461253864,1.1885664485367084e-05,1.1920929e-07,1.1920929e-07,0.0,13.439995,16.465,9.42,23.51,474.24,1193.48,1.9450060572781918,1.5009333
1992-04-24,1.4355236793905482e-05,1463.3670390621442,2.7761598342136393,7.1781335790103786e-06,1.1920929e-07,3.59,3.59,13.439995,18.51,12.63,24.39,319.61,1450.37,1.782250665149416,1.1303325
1992-04-25,8.579310858945827e-06,1463.0874989302138,2.0885447918520033,4.289839440909837e-06,1.1920929e-07,3.0,3.0,13.535997,13.69,7.94,19.44,325.9,1075.12,1.7674370103380201,1.1118025
1992-04-26,4.64771485183426e-06,1466.2618715369126,1.6204138211500145,2.32391142905048e-06,1.1920929e-07,7.48,7.48,13.535997,9.61,5.65,13.57,251.68,914.4,1.9431509092883144,0.97282714
1992-04-27,2.5139031387003386e-06,1467.503438817557,1.5488215389370448,1.2569673686226454e-06,1.1920929e-07,1.94,1.94,13.580106,8.84,3.31,14.37,429.84,784.8,2.0165366840741377,0.95429707
1992-04-28,1.4392983639642227e-06,1464.8531567005796,1.6964890254699674,7.196543609315626e-07,1.1920929e-07,1.1920929e-07,0.0,13.632,10.235,4.36,16.11,448.31,829.03,1.8631143245470219,0.8153218
1992-04-29,7.910411617512772e-07,1461.316569245739,1.6326388711996727,3.955221452409375e-07,1.1920929e-07,1.1920929e-07,0.0,13.632,9.67,1.5,17.84,526.21,680.09,1.6764091523803397,0.74120164
1992-04-30,4.253881680196386e-07,1457.9810889827786,1.9418335167076188,2.1269453639755303e-07,1.1920929e-07,0.79,0.79,13.727997,12.345,7.19,17.5,402.68,1015.53,1.5174987075039483,0.72267157
1992-05-01,1.2764130878241469e-07,1454.4429704217955,2.007058513373001,1.1920928955078125e-07,1.1920929e-07,1.1920929e-07,0.0,13.727997,12.915,6.21,19.62,474.9,936.41,1.365365717302645,0.72267157
1992-05-02,-3.988165567771771e-08,1450.7091143208638,3.059705706948359,1.1920928955078125e-07,1.1920929e-07,1.1920929e-07,0.0,13.72965,19.945,11.26,28.63,507.48,1340.2,1.2213257086075842,0.6670815
1992-05-03,-4.1040022978459164e-08,1447.1369739359263,3.4234489358285494,1.1920928955078125e-07,1.1920929e-07,1.52,1.52,13.824,21.8,14.74,28.86,451.67,1679.6,1.0977690868003902,0.6485514
1992-05-04,-1.686788510068426e-08,1445.617944503357,2.2144392372797603,1.1920928955078125e-07,1.1920929e-07,1.1920929e-07,0.0,13.824,14.495,6.4,22.59,508.3,952.14,1.0490918303789767,0.58369625
1992-05-05,-2.3052812161957035e-10,1445.8900400631996,1.6637864645459173,1.1920928955078125e-07,1.1920929e-07,5.21,5.21,13.920003,9.805,5.23,14.38,273.23,898.78,1.0576496028579767,0.58369625
1992-05-06,4.1292196156865644e-09,1447.3044794457085,1.5941087568440633,1.1920928955078125e-07,1.1920929e-07,4.26,4.26,13.920003,9.12,4.24,14.0,291.82,823.61,1.103273195604398,0.6856115
1992-05-07,2.0786386623497405e-09,1450.7028159429394,1.4752168638284462,1.1920928955078125e-07,1.1920929e-07,1.1920929e-07,0.0,13.920003,7.88,2.51,13.25,424.69,722.41,1.221096051543406,0.57443124
1992-05-08,4.675374120385809e-10,1455.8375173160882,1.623377917200918,1.1920928955078125e-07,1.1920929e-07,8.66,8.66,14.015994,9.205,5.82,12.59,221.37,919.67,1.4234175015128565,0.6485514
1992-05-09,-3.2445599252702525e-10,1461.059186338754,1.9787161265294244,1.1920928955078125e-07,1.1920929e-07,10.3,10.3,14.015994,12.28,8.92,15.64,219.78,1153.84,1.6635754353226337,1.2229826
1992-05-10,-2.2832456170103591e-10,1463.999827129012,2.232277226035642,1.1920928955078125e-07,1.1920929e-07,2.32,2.32,14.015994,14.195,7.06,21.33,459.64,1004.44,1.8162442280208544,0.75046664
1992-05-11,-7.788219090725803e-11,1462.439485906457,2.6224216037144283,1.1920928955078125e-07,1.1920929e-07,1.1920929e-07,0.0,14.111998,16.75,9.5,24.0,496.23,1199.61,1.7335687071113541,0.6392864
1992-05-12,2.1715448845092342e-11,1458.369767375717,2.364983105101442,1.1920928955078125e-07,1.1920929e-07,1.1920929e-07,0.0,14.111998,15.09,6.32,23.86,539.51,946.78,1.5352120949022918,0.58369625
1992-05-13,3.9026238124786573e-11,1454.059254924895,2.623909299512503,1.1920928955078125e-07,1.1920929e-07,1.1920929e-07,0.0,14.111998,16.855,8.74,24.97,519.65,1139.46,1.3498120327051122,0.5559012
1992-05-14,1.9905824201159716e-11,1452.1926774426327,3.0060720241585166,1.1920928955078125e-07,1.1920929e-07,2.15,2.15,14.208003,19.045,13.13,24.96,412.48,1501.52,1.2766418986613184,0.56516623
1992-05-15,5.930156696865182e-12,1452.829926274471,2.7264114071495795,1.1920928955078125e-07,1.1920929e-07,5.9,5.9,14.208003,17.395,11.53,23.26,329.92,1362.08,1.3011650779976194,0.53737116
1992-05-16,1.8453134454666297e-13,1454.927473150155,2.2745161384607253,1.1920928955078125e-07,1.1920929e-07,6.27,6.27,14.208003,14.38,11.86,16.9,168.68,1388.92,1.3852610290242846,0.6670815
1992-05-17,8.976380149677212e-14,1455.251182397551,2.4621935980266123,1.1920928955078125e-07,1.1920929e-07,0.81,0.81,14.304006,15.565,13.11,18.02,225.1,1503.66,1.3987149117006203,0.57443124
1992-05-18,2.039725927434549e-14,1452.1647709688893,3.1012792618631795,1.1920928955078125e-07,1.1920929e-07,1.1920929e-07,0.0,14.304006,19.46,15.5,23.42,338.62,1760.0,1.2755786041701485,0.5559012
1992-05-19,-1.9078953441029954e-14,1447.7916703691728,2.7698776841356447,1.1920928955078125e-07,1.1920929e-07,1.1920929e-07,0.0,14.304006,17.605,12.24,22.97,428.48,1418.85,1.1194392953440169,0.51884115
1992-05-20,-1.736995430915754e-14,1444.0597680691583,2.208817876458027,1.1920928955078125e-07,1.1920929e-07,1.1920929e-07,0.0,14.397217,13.81,4.12,23.5,565.81,809.95,1.0014018466691437,0.453986
1992-05-21,-7.88798980506505e-15,1440.5844788302009,2.383817530327047,1.1920928955078125e-07,1.1920929e-07,1.1920929e-07,0.0,14.399997,15.09,3.62,26.56,580.16,769.53,0.9027006803070597,0.43545595
1992-05-22,-1.4751213357172504e-15,1436.9614601753715,3.0505256387865716,1.1920928955078125e-07,1.1920929e-07,1.1920929e-07,0.0,14.399997,19.245,8.58,29.91,557.25,1086.44,0.8101464273958783,0.4169259
1992-05-23,2.873003686556548e-16,1433.0716729623439,3.3044251061863967,1.1920928955078125e-07,1.1920929e-07,1.1920929e-07,0.0,14.399997,20.655,10.43,30.88,544.29,1234.6,0.7213134710864539,0.4076609
1992-05-24,1.560194286827144e-16,1429.577937717531,3.442157166258158,1.1920928955078125e-07,1.1920929e-07,2.18,2.18,14.495997,21.285,12.39,30.18,490.62,1430.3,0.6498606380702457,0.4076609
1992-05-25,7.271799878040639e-17,1428.9202480046897,1.7698371129624642,1.1920928955078125e-07,1.1920929e-07,3.0,3.0,14.495997,10.325,5.67,14.98,277.44,918.29,0.6372236229268894,0.42619094
1992-05-26,4.017836316675307e-17,1432.0927834376134,1.694356524484469,1.1920928955078125e-07,1.1920929e-07,11.32,11.32,14.495997,9.605,6.67,12.54,186.04,973.59,0.7005362766255818,0.47251603
1992-05-27,2.0408620390959875e-17,1432.8512339582562,2.095018166650875,1.1920928955078125e-07,1.1920929e-07,1.57,1.57,14.495997,12.97,8.43,17.51,329.47,1114.34,0.7165814740646624,0.58369625
1992-05-28,9.708249891040556e-18,1431.1204617346248,2.0002603600023723,1.1920928955078125e-07,1.1920929e-07,1.1920929e-07,0.0,14.592003,12.14,4.14,20.14,520.96,811.38,0.6804909948245222,0.453986
1992-05-29,5.734181046319073e-18,1427.3862543696578,2.231328141375788,1.1920928955078125e-07,1.1920929e-07,1.1920929e-07,0.0,14.592003,13.945,5.46,22.43,529.87,909.53,0.6086958383026235,0.4169259
1992-05-30,3.3779257275057928e-18,1429.6629556720106,2.500768380872949,1.1920928955078125e-07,1.1920929e-07,12.18,12.18,14.592003,15.785,10.17,21.4,310.15,1253.44,0.651512381737242,0.5095761
1992-05-31,2.0376456548865436e-18,1449.2366197902775,2.7623965615500823,1.1920928955078125e-07,1.1920929e-07,32.9,32.9,14.592003,17.21,12.75,21.67,258.35,1459.75,1.1687925440832148,2.0753646
1992-06-01,1.2289446551134828e-18,1460.2100334699983,2.7238171798160864,1.1920928955078125e-07,1.1920929e-07,1.1920929e-07,0.0,14.592003,16.85,12.17,21.53,364.78,1413.57,1.6219273642197007,0.907972
1992-06-02,7.136791234082671e-19,1455.9253648058932,2.8059839231327977,1.1920928955078125e-07,1.1920929e-07,1.1920929e-07,0.0,14.688,17.285,11.67,22.9,419.94,1373.89,1.4271559532389093,0.6578164
1992-06-03,3.9885232776357647e-19,1451.7201810345468,2.9251652619380297,1.1920928955078125e-07,1.1920929e-07,1.1920929e-07,0.0,14.688,18.03,10.16,25.9,508.69,1252.74,1.2587577542502433,0.56516623
1992-06-04,2.330784734578897e-19,1450.0950741032516,2.9904197814819913,1.1920928955078125e-07,1.1920929e-07,1.1920929e-07,0.0,14.688,18.42,11.55,25.29,471.12,1363.71,1.199137938895947,0.51884115
1992-06-05,1.2976598226021225e-19,1456.331334209061,2.9161612814897153,1.1920928955078125e-07,1.1920929e-07,19.79,19.79,14.688,17.925,15.2,20.65,168.39,1735.53,1.444560389411713,0.8245868
1992-06-06,7.6284941148471e-20,1464.4313922361505,3.5790029239054153,1.1920928955078125e-07,1.1920929e-07,7.53,7.53,14.688,21.315,16.7,25.93,262.67,1895.62,1.8397991728060243,1.6769687
1992-06-07,4.309606985894274e-20,1461.8998470858212,3.7885076827263746,1.1920928955078125e-07,1.1920929e-07,1.1920929e-07,0.0,14.688,22.33,15.88,28.78,438.04,1792.45,1.7058603625453423,0.7875267
1992-06-08,2.5369339005300862e-20,1456.3172159903463,4.290074346551443,1.1920928955078125e-07,1.1920929e-07,1.1920929e-07,0.0,14.732102,24.525,20.48,28.57,296.58,2396.63,1.4439515755904961,0.6578164
1992-06-09,1.4340361133490363e-20,1450.890366480763,3.8041856721825407,1.1920928955078125e-07,1.1920929e-07,1.1920929e-07,0.0,14.783998,22.42,18.65,26.19,290.22,2145.84,1.2279532250052407,0.58369625
1992-06-10,7.372232742975824e-21,1446.1826902841947,3.103974207207097,1.1920928955078125e-07,1.1920929e-07,1.1920929e-07,0.0,14.783998,18.985,12.56,25.41,455.54,1444.78,1.066931780979609,0.52810615
1992-06-11,4.35432106172382e-23,1441.8868133573928,3.0160956270015284,1.1920928955078125e-07,1.1920929e-07,1.1920929e-07,0.0,14.783998,18.55,11.0,26.1,500.51,1320.03,0.9384936639479335,0.48178104
1992-06-12,-5.943437067922851e-21,1437.829901687319,3.1821209885912696,1.1920928955078125e-07,1.1920929e-07,1.1920929e-07,0.0,14.783998,19.505,11.42,27.59,512.81,1353.55,0.8314281755679326,0.453986
1992-06-13,-8.640768243648293e-21,1433.8558072388978,3.2909165180293156,1.1920928955078125e-07,1.1920929e-07,1.1920929e-07,0.0,14.783998,20.125,12.61,27.64,491.92,1448.67,0.7384005893483925,0.43545595
1992-06-14,-6.369609416505599e-21,1429.8186425635306,3.4434830426081846,1.1920928955078125e-07,1.1920929e-07,1.1920929e-07,0.0,14.783998,20.95,13.69,28.21,478.38,1575.05,0.6545479845686208,0.4169259
1992-06-15,-2.3300127890291146e-21,1425.784581392516,3.644839249625037,1.1920928955078125e-07,1.1920929e-07,1.1920929e-07,0.0,14.783998,21.98,15.51,28.45,438.53,1760.86,0.5802714307166629,0.4076609
1992-06-16,1.2104867222015646e-21,1421.843389775963,3.2423899720552964,1.1920928955078125e-07,1.1920929e-07,1.1920929e-07,0.0,14.783998,20.015,13.44,26.59,446.09,1549.54,0.5158520275056449,0.37986583
1992-06-17,3.2461878948327383e-21,1418.044362299703,3.328697784534966,1.1920928955078125e-07,1.1920929e-07,1.1920929e-07,0.0,14.783998,20.51,14.85,26.17,398.5,1694.17,0.4605349128731209,0.36133578
1992-06-18,2.809561757486927e-21,1414.4697759725627,3.091040527199094,1.1920928955078125e-07,1.1920929e-07,1.1920929e-07,0.0,14.783998,19.29,13.5,25.08,409.57,1560.0,0.4139142138403158,0.35207078
1992-06-19,1.1735209942442795e-21,1412.5560066938183,3.4657277374451034,1.1920928955078125e-07,1.1920929e-07,9.09,9.09,14.783998,21.27,16.99,25.55,241.17,1919.31,0.3909256755306034,0.5003111
1992-06-20,-3.171921016916149e-22,1412.0839752765294,3.0263132683797522,1.1920928955078125e-07,1.1920929e-07,5.72,5.72,14.783998,18.96,15.32,22.6,247.79,1745.0,0.3854546508832435,0.75973165
1992-06-21,-1.2542123269782735e-21,1411.7164477799545,2.3620218284949797,1.1920928955078125e-07,1.1920929e-07,1.1920929e-07,0.0,14.783998,14.84,9.23,20.45,438.82,1178.72,0.38124793829257564,0.453986
1992-06-22,-1.229360699986086e-21,1410.1167790400675,2.2568112733214973,1.1920928955078125e-07,1.1920929e-07,1.1920929e-07,0.0,14.783998,14.115,7.98,20.25,472.47,1078.66,0.36346646695108814,0.39839587
1992-06-23,-6.37126932804964e-22,1408.5176373042095,2.4333271135660275,1.1920928955078125e-07,1.1920929e-07,1.1920929e-07,0.0,14.783998,15.365,7.5,23.23,531.24,1040.15,0.34651977912261495,0.37986583
1992-06-24,-1.6984863955069507e-22,1409.215414088547,3.3205423715045086,1.1920928955078125e-07,1.1920929e-07,3.68,3.68,14.783998,20.575,15.69,25.46,296.97,1775.42,0.35381497435087367,0.38913086
1992-06-25,6.672483745101202e-23,1412.6814022052888,3.081678333525191,1.1920928955078125e-07,1.1920929e-07,11.5,11.5,14.783998,19.26,12.51,26.01,357.61,1440.87,0.3923920668485659,0.93576705
1992-06-26,5.236956717222408e-23,1416.8811337189545,3.272956606081454,1.1920928955078125e-07,1.1920929e-07,5.92,5.92,14.783998,20.235,13.51,26.96,351.8,1560.44,0.4448143534127763,0.7875267
1992-06-27,2.4374184039568757e-23,1415.3328042140975,3.537516643033768,1.1920928955078125e-07,1.1920929e-07,1.1920929e-07,0.0,14.783998,21.59,16.29,26.89,401.27,1845.94,0.42471867974622185,0.5003111
1992-06-28,9.086299319702348e-24,1411.3142512426666,3.090511900757401,1.1920928955078125e-07,1.1920929e-07,1.1920929e-07,0.0,14.783998,19.325,12.18,26.47,492.66,1414.8,0.37669699738052925,0.4076609
1992-06-29,5.2270784693220465e-24,1407.7208720886617,3.328646634547397,1.1920928955078125e-07,1.1920929e-07,1.1920929e-07,0.0,14.783998,20.635,12.05,29.22,526.57,1366.11,0.3383734270566832,0.37986583
1992-06-30,3.1040724833819287e-24,1404.061873730508,4.048571227227494,1.1920928955078125e-07,1.1920929e-07,0.2,0.2,14.783998,24.085,17.61,30.56,437.79,2016.76,0.3033538051518913,0.37060082
1992-07-01,1.8640064580821674e-24,1411.9122782751472,4.194013295072922,1.1920928955078125e-07,1.1920929e-07,22.6,22.6,14.783998,24.61,18.53,30.69,318.18,2124.04,0.3834836641810373,0.47251603
1992-07-02,1.120850966915067e-24,1417.6617239946147,3.667511829080806,1.1920928955078125e-07,1.1920929e-07,1.19,1.19,14.781217,22.19,16.8,27.58,396.1,1904.25,0.455303332172137,0.453986
1992-07-03,6.755903404152812e-25,1422.2229001260964,3.4934086254237475,1.1920928955078125e-07,1.1920929e-07,14.25,14.25,14.689652,21.4,16.66,26.14,275.06,1889.24,0.5217306030526055,0.52810615
1992-07-04,4.074520874711377e-25,1425.7045581322918,3.5567213190688274,1.1920928955078125e-07,1.1920929e-07,0.71,0.71,14.688,21.67,16.43,26.91,383.99,1862.56,0.5788866241158384,0.72267157
1992-07-05,2.4515277687295026e-25,1421.817251993451,3.448746848019118,1.1920928955078125e-07,1.1920929e-07,1.1920929e-07,0.0,14.688,21.185,14.01,28.36,478.82,1600.48,0.5154496025959013,0.43545595
1992-07-06,1.4445115710045232e-25,1418.8799786512775,3.7786729903693064,1.1920928955078125e-07,1.1920929e-07,1.79,1.79,14.688,22.805,18.1,27.51,354.58,2088.38,0.4721697140512286,0.38913086
1992-07-07,7.841198659648404e-26,1416.015405921688,3.2668630402478978,1.1920928955078125e-07,1.1920929e-07,1.1920929e-07,0.0,14.688,20.325,14.06,26.59,446.26,1605.18,0.43346373141358563,0.37060082
1992-07-08,1.9235635874821802e-26,1412.4954254028426,3.2999147002756626,1.1920928955078125e-07,1.1920929e-07,1.1920929e-07,0.0,14.688,20.54,13.5,27.58,472.82,1560.0,0.3902191946327679,0.34280574
1992-07-09,-2.049057118368832e-26,1408.3643814782658,4.5726900329093425,1.1920928955078125e-07,1.1920929e-07,0.36,0.36,14.636108,26.375,20.51,32.24,393.12,2401.75,0.3449377583431564,0.3150107
1992-07-10,-2.6795486031080993e-26,1403.683210441049,4.625381371113706,1.1920928955078125e-07,1.1920929e-07,1.1920929e-07,0.0,14.592003,26.695,20.34,33.05,413.28,2373.98,0.29994336604819866,0.30574566
1992-07-11,-8.138213912397267e-27,1398.444616955354,4.568574656208975,1.1920928955078125e-07,1.1920929e-07,1.1920929e-07,0.0,14.592003,26.54,21.38,31.7,359.3,2540.24,0.2565131307439116,0.26868558
1992-07-12,1.5675740876732103e-26,1392.9240961725075,4.130238885011051,1.1920928955078125e-07,1.1920929e-07,1.02,1.02,14.592003,24.81,19.52,30.1,351.84,2280.99,0.21753249765125363,0.25015554
1992-07-13,3.833987103762084e-26,1387.582960335234,4.579956808110461,1.1920928955078125e-07,1.1920929e-07,0.38,0.38,14.592003,26.725,22.67,30.78,292.64,2747.59,0.18546621287449822,0.2779506
1992-07-14,5.354766927158272e-26,1382.8825216862585,4.770029838643315,1.1920928955078125e-07,1.1920929e-07,1.1920929e-07,0.0,14.540109,27.585,21.45,33.72,409.19,2551.99,0.1611808649890469,0.23162551
1992-07-15,5.499262827993145e-26,1379.2840924683055,4.802393913082828,1.1920928955078125e-07,1.1920929e-07,2.9,2.9,14.495997,27.81,22.31,33.31,336.01,2689.17,0.14476117135429414,0.21309547
1992-07-16,3.693589868788346e-26,1377.1232936182917,4.016653147954908,1.1920928955078125e-07,1.1920929e-07,2.51,2.51,14.495997,24.635,18.48,30.79,408.97,2118.4,0.1357165067065581,0.22236049
1992-07-17,5.36482565664637e-27,1375.0209800183402,4.214157010724325,1.1920928955078125e-07,1.1920929e-07,21.13,21.13,14.495997,25.515,20.54,30.49,273.98,2405.84,0.127459333695243,2.1680148
1992-07-18,-2.912389270030011e-26,1372.4783144492767,4.167854410376155,1.1920928955078125e-07,1.1920929e-07,3.7,3.7,14.4441,25.415,21.58,29.25,269.65,2573.05,0.11814096186014576,0.6392864
1992-07-19,-5.718424080664169e-26,1369.5016869361698,3.9089639835248216,1.1920928955078125e-07,1.1920929e-07,1.1920929e-07,0.0,14.399997,24.37,18.76,29.98,404.5,2161.45,0.10809412956208848,0.38913086
1992-07-20,-6.947020308606407e-26,1366.0974875040877,3.882726669620886,1.1920928955078125e-07,1.1920929e-07,1.1920929e-07,0.0,14.399997,24.295,17.96,30.63,433.81,2069.84,0.09764709400305978,0.3242757
1992-07-21,-5.663167818575245e-26,1362.272110616629,3.944794837633997,1.1920928955078125e-07,1.1920929e-07,1.1920929e-07,0.0,14.399997,24.625,19.0,30.25,399.38,2199.99,0.08710740255272252,0.2779506
1992-07-22,2.415066469005575e-25,1358.3167860319793,3.509113197974966,1.1920928955078125e-07,1.1920929e-07,12.02,12.02,14.305658,22.735,18.07,27.4,267.98,2077.59,0.07740441848826742,0.4169259
1992-07-23,1.0274240251221845e-24,1354.5090964107687,3.352144778344576,1.1920928955078125e-07,1.1920929e-07,11.27,11.27,14.304006,21.99,17.44,26.54,268.23,1992.0,0.06908612697368875,0.4076609
1992-07-24,2.230114331084009e-24,1350.8416882473705,3.215085456347787,1.1920928955078125e-07,1.1920929e-07,12.74,12.74,14.304006,21.315,18.06,24.57,204.01,2075.89,0.061920576652801235,0.88944197
1992-07-25,3.7785714393909086e-24,1347.307208036157,2.6765169758710083,1.1920928955078125e-07,1.1920929e-07,36.3,36.3,14.301225,18.24,15.96,20.52,154.2,1804.64,0.05571893867016385,4.66957
1992-07-26,5.6017892246477646e-24,1343.898302271501,3.096017711702039,1.1920928955078125e-07,1.1920929e-07,1.59,1.59,14.208003,20.87,17.94,23.8,257.36,2070.98,0.05032676583870066,1.3248979
1992-07-27,7.628761561459456e-24,1340.607617447776,3.4446544704666686,1.1920928955078125e-07,1.1920929e-07,3.37,3.37,14.208003,22.76,19.88,25.64,187.56,2310.74,0.045617155212936855,0.93576705
1992-07-28,9.788482324430861e-24,1337.427800059354,2.9405206235033186,1.1920928955078125e-07,1.1920929e-07,1.1920929e-07,0.0,14.208003,20.07,13.88,26.26,465.44,1590.08,0.04148537399517784,0.76899666
1992-07-29,1.2009945388166858e-23,1334.3514966006085,3.1770729321024853,1.1920928955078125e-07,1.1920929e-07,1.1920929e-07,0.0,14.111998,21.555,14.0,29.11,503.88,1600.0,0.03784461595374556,0.56516623
1992-07-30,1.4222144627272334e-23,1331.371353565912,3.5496492115463227,1.1920928955078125e-07,1.1920929e-07,1.1920929e-07,0.0,14.111998,23.525,18.0,29.05,422.43,2079.31,0.034622635399534536,0.47251603
1992-07-31,1.6354073916352158e-23,1328.4800174496372,3.8974503919426526,1.1920928955078125e-07,1.1920929e-07,7.82,7.82,14.111998,25.215,20.0,30.43,298.97,2320.0,0.03175906553756095,0.4169259
1992-08-01,1.8334727130011217e-23,1325.6701347461571,2.9978813668690227,1.1920928955078125e-07,1.1920929e-07,0.58,0.58,14.015994,20.785,14.32,27.25,458.22,1626.48,0.029203272957813532,0.4076609
1992-08-02,2.0093098142854382e-23,1322.9343519498445,2.8442353321264124,1.1920928955078125e-07,1.1920929e-07,1.1920929e-07,0.0,14.015994,19.92,13.08,26.76,485.81,1493.3,0.02691263399067239,0.35207078
1992-08-03,2.1558180829486545e-23,1320.2653155550722,3.3105562887814184,1.1920928955078125e-07,1.1920929e-07,1.1920929e-07,0.0,14.013214,22.575,16.59,28.56,441.04,1886.85,0.02485114443045746,0.34280574
1992-08-04,2.265896906451258e-23,1317.6556720562132,3.2763870352595945,1.1920928955078125e-07,1.1920929e-07,11.96,11.96,13.920003,22.545,17.06,28.03,314.74,1933.95,0.02298829378600417,2.7146509
1992-08-05,2.3324456722537364e-23,1315.09806794764,2.737987677403384,1.1920928955078125e-07,1.1920929e-07,1.1920929e-07,0.0,13.920003,19.49,12.77,26.21,479.9,1461.84,0.021298150269708563,0.74120164
1992-08-06,2.3483637678165773e-23,1312.5851497237254,2.6530271234061904,1.1920928955078125e-07,1.1920929e-07,1.1920929e-07,0.0,13.824,19.105,11.74,26.47,499.28,1379.35,0.01975861431351029,0.53737116
1992-08-07,2.3065505806002685e-23,1310.1095638788427,2.718367882270984,1.1920928955078125e-07,1.1920929e-07,1.1920929e-07,0.0,13.824,19.55,12.12,26.98,498.06,1409.62,0.018350807341559142,0.43545595
1992-08-08,2.1999054980652997e-23,1307.6639569073643,2.8072202391443812,1.1920928955078125e-07,1.1920929e-07,1.1920929e-07,0.0,13.824,20.13,14.05,26.21,448.75,1604.39,0.017058569463333624,0.38913086
1992-08-09,2.0213279076721574e-23,1305.2409753036632,3.550681170590883,1.1920928955078125e-07,1.1920929e-07,1.0,1.0,13.727997,24.365,20.01,28.72,343.15,2325.95,0.015868045150194465,0.37986583
1992-08-10,1.76371719688133e-23,1302.8332655621118,3.5171406274123167,1.1920928955078125e-07,1.1920929e-07,1.1920929e-07,0.0,13.727997,24.23,18.51,29.95,414.89,2120.84,0.014767340179535848,0.33354074
1992-08-11,1.4199727531533056e-23,1300.4334741770836,3.819588306772783,1.1920928955078125e-07,1.1920929e-07,7.95,7.95,13.6761,25.795,19.5,32.09,320.83,2280.0,0.013746236444443638,0.30574566
1992-08-12,9.829939639485718e-24,1298.034247642951,3.03244777611031,1.1920928955078125e-07,1.1920929e-07,0.63,0.63,13.632,21.825,15.52,28.13,425.26,1761.8,0.012795953839209366,0.33354074
1992-08-13,5.120929059545872e-24,1295.7360999956272,2.8021321080546184,1.1920928955078125e-07,1.1920929e-07,1.68,1.68,13.632,20.495,15.52,25.47,389.02,1761.45,0.01194736757131294,0.2779506
1992-08-14,1.3241666058829215e-24,1293.9703905327626,2.518147573489626,1.1920928955078125e-07,1.1920929e-07,1.76,1.76,13.535997,18.82,15.46,22.18,290.66,1756.43,0.011333811753783087,0.28721562
1992-08-15,-6.941300300490695e-25,1293.2233218713213,2.469438849734577,1.1920928955078125e-07,1.1920929e-07,0.9,0.9,13.535997,18.5,15.6,21.4,258.98,1769.36,0.011083798939854901,0.28721562
1992-08-16,-5.75407144173354e-25,1293.3155353463612,2.240407870247205,1.1920928955078125e-07,1.1920929e-07,6.14,6.14,13.44165,16.985,14.72,19.25,158.61,1675.54,0.011114358103701295,0.3150107
1992-08-17,-2.251778194693191e-25,1292.172165838896,2.4710798958808633,1.1920928955078125e-07,1.1920929e-07,1.97,1.97,13.439995,18.645,16.71,20.58,180.38,1896.06,0.010741331862441209,0.35207078
1992-08-18,9.534081220609678e-27,1291.241620099465,3.0068787142361835,1.1920928955078125e-07,1.1920929e-07,2.34,2.34,13.439995,22.015,17.83,26.2,317.93,2049.05,0.010447000194414257,0.37060082
1992-08-19,6.050660291328905e-26,1292.346199917805,2.786454903749529,1.1920928955078125e-07,1.1920929e-07,5.24,5.24,13.343997,20.81,14.97,26.65,328.48,1709.82,0.010797292379004206,0.42619094
1992-08-20,3.054412802451964e-26,1292.7550545083143,2.4342507932573794,1.1920928955078125e-07,1.1920929e-07,1.38,1.38,13.343997,18.505,12.42,24.59,454.52,1433.9,0.010929908923084012,0.36133578
1992-08-21,8.407235884085578e-27,1291.0958366639638,2.3200504171364678,1.1920928955078125e-07,1.1920929e-07,1.1920929e-07,0.0,13.248009,17.84,9.77,25.91,507.43,1221.71,0.010401625328285594,0.30574566
1992-08-22,-8.85451842889452e-28,1288.5584836266557,2.5151617842331766,1.1920928955078125e-07,1.1920929e-07,1.1920929e-07,0.0,13.248009,19.235,12.5,25.97,465.87,1439.92,0.009642706613045558,0.25942057
1992-08-23,-4.968909386435569e-28,1285.967690198293,2.7813258028936594,1.1920928955078125e-07,1.1920929e-07,1.1920929e-07,0.0,13.196108,21.055,15.17,26.94,422.96,1733.88,0.008924907636427797,0.25942057
1992-08-24,-8.187866351356127e-29,1283.2282848757582,2.745297588722993,1.1920928955078125e-07,1.1920929e-07,1.1920929e-07,0.0,13.152,20.925,13.87,27.98,458.21,1589.65,0.0082239684163141,0.24089052
1992-08-25,1.815480674288984e-28,1280.2616667521513,3.1658064807475066,1.1920928955078125e-07,1.1920929e-07,1.1920929e-07,0.0,13.152,23.44,16.43,30.45,439.88,1868.08,0.0075268425848544806,0.22236049
1992-08-26,1.9465497582467614e-28,1277.0552433019186,3.4149151871434555,1.1920928955078125e-07,1.1920929e-07,1.1920929e-07,0.0,13.056,24.95,18.5,31.4,408.24,2127.86,0.006839661990696844,0.24089052
1992-08-27,1.032519786394362e-28,1277.2875460140706,3.5030765188937476,1.1920928955078125e-07,1.1920929e-07,1.1920929e-07,0.0,13.056,25.4,19.06,31.74,400.31,2209.47,0.006887267407542188,0.23162551
1992-08-28,4.081924374686958e-29,1280.9204055421324,3.3866798790436166,1.1920928955078125e-07,1.1920929e-07,10.87,10.87,12.96,24.88,19.5,30.26,272.44,2280.08,0.007676350603027055,0.20383045
1992-08-29,1.7563835589487457e-29,1284.759723239039,2.3635499784466867,1.1920928955078125e-07,1.1920929e-07,4.81,4.81,12.96,18.605,13.34,23.87,290.12,1533.86,0.008608744809453608,0.2779506
1992-08-30,9.28261541769857e-30,1284.896066387868,2.1161402147670625,1.1920928955078125e-07,1.1920929e-07,1.1920929e-07,0.0,12.864003,16.875,8.86,24.89,479.75,1148.71,0.008643861847175032,0.25015554
1992-08-31,4.0101974534960744e-30,1282.4539128300519,2.653271453619797,1.1920928955078125e-07,1.1920929e-07,1.1920929e-07,0.0,12.864003,20.73,15.69,25.77,358.05,1775.01,0.008036001896074025,0.20383045
1992-09-01,2.121211306995388e-30,1279.9754247988906,2.3229882509865574,1.1920928955078125e-07,1.1920929e-07,1.1920929e-07,0.0,12.861222,18.505,11.45,25.56,446.09,1356.24,0.00746278773777174,0.18530041
1992-09-02,1.0219346909247492e-30,1278.5263354982123,2.232107758711424,1.1920928955078125e-07,1.1920929e-07,1.1920929e-07,0.0,12.768005,17.975,11.59,24.36,423.09,1366.94,0.007146781788268875,0.16677037
1992-09-03,3.6866874135582043e-31,1278.0566756387502,2.768398117621593,1.1920928955078125e-07,1.1920929e-07,4.34,4.34,12.768005,21.65,18.16,25.14,195.18,2092.44,0.00704726121321577,0.16677037
1992-09-04,1.9680331386602518e-31,1277.1934910059724,2.9202294054672877,1.1920928955078125e-07,1.1920929e-07,1.1920929e-07,0.0,12.672003,22.72,17.64,27.8,349.78,2022.59,0.0068679530783538134,0.20383045
1992-09-05,1.1835867856600659e-31,1274.5080208715506,2.8193628109782702,1.1920928955078125e-07,1.1920929e-07,1.1920929e-07,0.0,12.672003,22.145,17.63,26.66,324.39,2021.5,0.006338761462223747,0.19456543
1992-09-06,7.105970389892133e-32,1289.3469712088454,2.482129562431128,1.1920928955078125e-07,1.1920929e-07,32.37,32.37,12.576006,19.885,16.76,23.01,185.32,1900.9,0.009872414808710359,0.74120164
1992-09-07,4.2457473769800365e-32,1305.289317900066,2.4762053087729603,1.1920928955078125e-07,1.1920929e-07,7.4,7.4,12.576006,19.635,16.9,22.37,166.61,1912.84,0.01589096581969786,0.8616469
1992-09-08,2.5373354342281837e-32,1306.2662286213902,2.9473562879671493,1.1920928955078125e-07,1.1920929e-07,1.1920929e-07,0.0,12.479998,22.755,18.43,27.08,316.76,2114.44,0.016361309021177266,0.43545595
1992-09-09,1.4887445687868388e-32,1308.1399503167122,2.9372324456746197,1.1920928955078125e-07,1.1920929e-07,9.89,9.89,12.479998,22.67,16.89,28.45,288.67,1911.46,0.01730274028920219,0.6856115
1992-09-10,8.938135056244394e-33,1308.3304296001122,3.260951248904736,1.1920928955078125e-07,1.1920929e-07,1.1920929e-07,0.0,12.383997,24.64,19.95,29.33,327.34,2315.96,0.01740142699202246,0.46325102
1992-09-11,5.388983081380803e-33,1314.727989619827,2.59802388064364,1.1920928955078125e-07,1.1920929e-07,16.89,16.89,12.383997,20.595,14.71,26.48,296.38,1673.98,0.02106410560437397,1.5287284
1992-09-12,3.2547670019630755e-33,1320.9242221891006,1.8886662347145535,1.1920928955078125e-07,1.1920929e-07,1.1920929e-07,0.0,12.287997,15.295,9.07,21.52,421.69,1165.85,0.0253448974663308,0.54663616
1992-09-13,1.96196390954911e-33,1318.9534302185482,1.7992244920943052,1.1920928955078125e-07,1.1920929e-07,1.1920929e-07,0.0,12.287997,14.525,7.05,22.0,452.55,1004.07,0.02389653712646496,0.39839587
1992-09-14,1.1252286638664234e-33,1317.0538771504107,1.9678492439377793,1.1920928955078125e-07,1.1920929e-07,1.1920929e-07,0.0,12.287997,16.02,8.51,23.53,442.79,1120.42,0.02257892027961155,0.36133578
1992-09-15,-3.020843324237352e-34,1315.0982535852045,2.080656488224279,1.1920928955078125e-07,1.1920929e-07,1.1920929e-07,0.0,12.191998,17.1,9.5,24.7,434.67,1200.23,0.021298268320630028,0.3242757
1992-09-16,-2.3182911306039507e-33,1313.120524714811,2.4370839885807474,1.1920928955078125e-07,1.1920929e-07,1.1920929e-07,0.0,12.191998,19.79,12.49,27.09,411.25,1438.89,0.02007699796729815,0.30574566
1992-09-17,-4.475118523552096e-33,1311.1097067112282,2.6350057542802277,1.1920928955078125e-07,1.1920929e-07,1.1920929e-07,0.0,12.096,21.29,14.5,28.08,385.88,1640.0,0.01890706790624283,0.29648066
1992-09-18,-6.324293304146049e-33,1309.054815746455,2.6133789615027663,1.1920928955078125e-07,1.1920929e-07,1.1920929e-07,0.0,12.096,21.175,14.05,28.3,392.87,1604.02,0.01778189707037864,0.2779506
1992-09-19,-7.417542265263682e-33,1306.9448679924894,2.6293052906379772,1.1920928955078125e-07,1.1920929e-07,0.94,0.94,12.000003,21.445,17.02,25.87,268.46,1924.74,0.01669621659478962,0.25942057
1992-09-20,-7.306592199782874e-33,1304.7688796213301,1.888304477444189,1.1920928955078125e-07,1.1920929e-07,1.1920929e-07,0.0,12.000003,15.885,9.26,22.51,392.53,1180.41,0.0156459410320308,0.23162551
1992-09-21,-5.5431699005814914e-33,1302.5158668049755,2.2764083072431283,1.1920928955078125e-07,1.1920929e-07,1.1920929e-07,0.0,11.903997,19.175,14.85,23.5,284.73,1695.9,0.014628052829599064,0.23162551
1992-09-22,-3.2078198084271185e-33,1300.5889926210855,3.0110962149501224,1.1920928955078125e-07,1.1920929e-07,1.1920929e-07,0.0,11.903997,24.035,19.71,28.36,268.84,2295.58,0.013810215061342376,0.26868558
1992-09-23,-1.7706171956018114e-33,1304.8952735682196,2.0565561507456582,1.1920928955078125e-07,1.1920929e-07,15.51,15.51,11.808,17.57,9.41,25.73,315.59,1192.85,0.015705098303739347,0.54663616
1992-09-24,-1.0614363310829513e-33,1309.754758417174,1.3122371255446879,1.1920928955078125e-07,1.1920929e-07,1.1920929e-07,0.0,11.808,10.215,3.84,16.59,390.14,800.0,0.018157429137285137,0.3242757
1992-09-25,-6.394391936562275e-34,1313.0762038571318,1.3311899726236736,1.1920928955078125e-07,1.1920929e-07,10.3,10.3,11.711997,10.53,5.75,15.31,241.91,920.0,0.020050447019189534,0.2779506
1992-09-26,-3.829777193595081e-34,1327.3153280550723,1.762566742681571,1.1920928955078125e-07,1.1920929e-07,24.21,24.21,11.711997,14.87,10.74,19.0,210.8,1298.87,0.030673618109888213,2.0475695
1992-09-27,-2.1374903101346514e-34,1336.6112428454255,2.20574478324513,1.1920928955078125e-07,1.1920929e-07,5.48,5.48,11.711997,18.48,15.31,21.65,162.38,1744.57,0.04048615978331374,0.79679173
1992-09-28,-1.2037743043475989e-34,1337.3870140762358,2.0262581349911164,1.1920928955078125e-07,1.1920929e-07,1.1920929e-07,0.0,11.616,17.185,12.78,21.59,289.19,1463.71,0.041434884391533,0.75046664
1992-09-29,-3.571775769440114e-35,1335.9128433020446,1.6254363363940179,1.1920928955078125e-07,1.1920929e-07,1.1920929e-07,0.0,11.616,13.58,8.65,18.51,324.73,1132.16,0.03965065161314348,0.5095761
1992-09-30,5.104312226416655e-35,1334.6281954532576,1.1803999923342512,1.1920928955078125e-07,1.1920929e-07,1.1920929e-07,0.0,11.520008,8.65,2.52,14.78,377.84,721.66,0.038158570750853237,0.39839587
1992-10-01,1.157529439597317e-34,1333.3804222232895,1.2532966544884108,1.1920928955078125e-07,1.1920929e-07,1.1920929e-07,0.0,11.520008,9.6,3.28,15.92,380.28,782.55,0.03676309185214053,0.37060082
1992-10-02,1.342594419110825e-34,1332.0168753055557,1.4616520339690786,1.1920928955078125e-07,1.1920929e-07,1.1920929e-07,0.0,11.423997,12.185,4.48,19.89,405.03,838.54,0.035296423655333115,0.35207078
1992-10-03,8.879260560199623e-35,1330.4372729775384,1.7417765066087234,1.1920928955078125e-07,1.1920929e-07,1.1920929e-07,0.0,11.423997,15.045,6.97,23.12,399.47,997.22,0.033670359509180174,0.33354074
1992-10-04,2.2338493592877143e-35,1328.957637676447,1.779619764676032,1.1920928955078125e-07,1.1920929e-07,1.1920929e-07,0.0,11.328,15.555,9.59,21.52,340.67,1206.97,0.03221521925969836,0.3150107
1992-10-05,-3.7931958403905587e-35,1327.6164327117974,1.296454139336423,1.1920928955078125e-07,1.1920929e-07,1.1920929e-07,0.0,11.328,10.465,5.83,15.1,294.22,919.91,0.030950628848591583,0.30574566
1992-10-06,-7.4386653629733e-35,1326.3603530735136,1.134596130373201,1.1920928955078125e-07,1.1920929e-07,1.1920929e-07,0.0,11.232,8.525,1.06,15.99,386.59,645.05,0.029811353649212943,0.28721562
1992-10-07,-6.939349532598601e-35,1325.1360937515196,1.19173478876843,1.1920928955078125e-07,1.1920929e-07,1.1920929e-07,0.0,11.232,9.305,1.12,17.49,392.58,649.35,0.028741308400415343,0.26868558
1992-10-08,-4.026063960748361e-35,1326.8689384789438,1.4352412710819347,1.1920928955078125e-07,1.1920929e-07,1.1920929e-07,0.0,11.138781,12.36,3.43,21.29,393.15,788.88,0.030267503612954473,0.25942057
1992-10-09,-2.2083209304890577e-35,1338.3423881520741,1.9468312507595658,1.1920928955078125e-07,1.1920929e-07,25.82,25.82,11.136,17.21,13.67,20.75,153.98,1571.55,0.04263385622209195,0.898707
1992-10-10,-1.2898015025404057e-35,1355.1998316918712,1.7570862294666312,1.1920928955078125e-07,1.1920929e-07,13.3,13.3,11.136,15.305,9.54,21.07,228.61,1202.95,0.07052575087244534,2.9184813
1992-10-11,-7.067754668417353e-36,1361.2995972311955,1.6972212372175428,1.1920928955078125e-07,1.1920929e-07,3.29,3.29,11.04,14.805,10.12,19.49,202.44,1249.76,0.08461441005724529,0.6763465
1992-10-12,-4.09580743550639e-36,1361.0159581371422,1.4532175576974928,1.1920928955078125e-07,1.1920929e-07,1.1920929e-07,0.0,11.04,12.295,6.47,18.12,309.41,957.68,0.08390084569648484,0.5095761
1992-10-13,-2.1399683666753883e-36,1359.617212950124,1.4804631574043596,1.1920928955078125e-07,1.1920929e-07,1.1920929e-07,0.0,10.944003,12.75,7.06,18.44,302.9,1004.91,0.08046899756540904,0.43545595
1992-10-14,-1.1347004270479349e-36,1358.0402327227648,1.4401242488384567,1.1920928955078125e-07,1.1920929e-07,1.1920929e-07,0.0,10.944003,12.325,4.05,20.6,365.68,804.22,0.07676789678010697,0.38913086
1992-10-15,-3.838822086590107e-37,1356.4130747119511,1.8764852205734022,1.1920928955078125e-07,1.1920929e-07,1.1920929e-07,0.0,10.848002,16.81,7.5,26.12,367.12,1040.39,0.07312738278126489,0.37060082
1992-10-16,4.169907659967808e-37,1354.7161723069023,1.9387502622112307,1.1920928955078125e-07,1.1920929e-07,1.1920929e-07,0.0,10.848002,17.375,9.83,24.92,333.4,1226.19,0.06951460061399202,0.35207078
1992-10-17,1.0475166514524254e-36,1353.0867425206125,1.5378624745564187,1.1920928955078125e-07,1.1920929e-07,1.1920929e-07,0.0,10.803894,13.65,5.61,21.69,347.55,916.46,0.06621356349798153,0.33354074
1992-10-18,1.287293602240908e-36,1351.6620023660753,0.9171098833001541,1.1920928955078125e-07,1.1920929e-07,1.1920929e-07,0.0,10.752,5.64,0.26,11.02,286.8,620.47,0.0634559183106969,0.3150107
1992-10-19,9.056330973315468e-37,1350.5798087493747,0.9239597518546294,1.1920928955078125e-07,1.1920929e-07,1.1920929e-07,0.0,10.752,5.765,2.45,9.08,192.5,724.91,0.06143829569917549,0.3242757
1992-10-20,-3.6502728781144977e-37,1349.9195173778917,0.7207748265404066,1.1920928955078125e-07,1.1920929e-07,1.1920929e-07,0.0,10.655997,2.195,-3.61,8.0,301.89,471.02,0.06023890357283625,0.30574566
1992-10-21,-2.2661054177944016e-36,1349.5797254900249,1.214809589970189,1.1920928955078125e-07,1.1920929e-07,1.1920929e-07,0.0,10.655997,10.145,4.16,16.13,293.73,813.55,0.05963083957692475,0.3150107
1992-10-22,-4.399086281356763e-36,1349.429345627054,1.0349536799301513,1.1920928955078125e-07,1.1920929e-07,1.1920929e-07,0.0,10.559998,7.79,0.74,14.84,320.84,640.0,0.059363694975050826,0.3150107
1992-10-23,-6.365454867237988e-36,1349.3372903302597,1.060634100304357,1.1920928955078125e-07,1.1920929e-07,1.1920929e-07,0.0,10.559998,8.17,-0.3,16.64,344.04,600.0,0.05920075283148351,0.3150107
1992-10-24,-7.766696164177536e-36,1349.1724721409216,1.3420253863172376,1.1920928955078125e-07,1.1920929e-07,1.1920929e-07,0.0,10.558345,11.875,3.5,20.25,332.64,800.0,0.05891013341679948,0.3150107
1992-10-25,-8.204295160914851e-36,1348.80380360032,1.276501261985438,1.1920928955078125e-07,1.1920929e-07,2.37,2.37,10.464,11.225,4.85,17.6,232.7,867.62,0.05826522444865402,0.34280574
1992-10-26,-7.279736846189402e-36,1348.1001972497345,1.0385564431210719,1.1920928955078125e-07,1.1920929e-07,1.1920929e-07,0.0,10.464,8.0,0.26,15.74,317.83,621.08,0.05705394122293297,0.3242757
1992-10-27,-4.315307771154899e-36,1347.0340642023784,1.2379072060371161,1.1920928955078125e-07,1.1920929e-07,1.1920929e-07,0.0,10.367997,10.905,6.09,15.72,226.98,928.85,0.05526636954837804,0.3150107
1992-10-28,3.188897389820872e-36,1346.6430574676356,1.144648364972143,1.1920928955078125e-07,1.1920929e-07,1.1920929e-07,0.0,10.367997,9.675,3.84,15.51,260.4,804.42,0.05462490457506904,0.3150107
1992-10-29,1.3991928484527647e-35,1347.3446531837337,1.0914952865750709,1.1920928955078125e-07,1.1920929e-07,1.1920929e-07,0.0,10.323892,8.99,3.9,14.08,233.94,801.8,0.05578126931386956,0.30574566
1992-10-30,2.590951363654155e-35,1349.2871475702073,1.2019970120803245,1.1920928955078125e-07,1.1920929e-07,1.1920929e-07,0.0,10.272,10.56,7.96,13.16,128.63,1076.87,0.05911218605667609,0.30574566
1992-10-31,3.6757380969438693e-35,1352.6188368465912,0.9999911042436139,1.1920928955078125e-07,1.1920929e-07,5.16,5.16,10.272,7.65,5.62,9.68,79.15,917.84,0.06529494427129505,0.34280574
1992-11-01,4.4351258606795226e-35,1357.48801723242,0.8856180729021258,1.1920928955078125e-07,1.1920929e-07,1.17,1.17,10.176,5.88,4.17,7.59,93.49,815.69,0.07551252245178046,0.35207078
1992-11-02,4.6506874672187256e-35,1364.0429849472284,0.9280863750673704,1.1920928955078125e-07,1.1920929e-07,14.93,14.93,10.176,6.52,3.58,9.46,115.81,792.62,0.09183712250363392,0.4076609
1992-11-03,4.1039957289190876e-35,1372.432036210551,1.4691951018174316,1.1920928955078125e-07,1.1920929e-07,33.91,33.91,10.176,13.65,7.74,19.56,192.3,1059.4,0.11797783039404854,5.6979876
1992-11-04,2.6554528447746883e-35,1382.2544284023122,1.3217081578122585,1.1920928955078125e-07,1.1920929e-07,1.1920929e-07,0.0,10.079997,11.985,5.17,18.8,277.4,893.44,0.1581863110999691,1.1673925
1992-11-05,1.0564591476728292e-35,1388.5341288114232,1.2508153000476543,1.1920928955078125e-07,1.1920929e-07,2.89,2.89,10.079997,11.035,5.17,16.9,197.63,893.75,0.19080895547325505,0.7782617
1992-11-06,-1.7518758926141232e-36,1391.0769291721729,0.8190439468696855,1.1920928955078125e-07,1.1920929e-07,3.0,3.0,10.035892,4.54,1.34,7.74,123.95,667.99,0.20585984594138873,0.76899666
1992-11-07,-6.888447843789046e-36,1391.1761047926334,0.8108061224960779,1.1920928955078125e-07,1.1920929e-07,1.1920929e-07,0.0,9.983997,4.465,2.25,6.68,120.91,720.0,0.20647033821238636,0.6300214
1992-11-08,-4.2350629477603845e-36,1390.1313112734556,0.7408603729420029,1.1920928955078125e-07,1.1920929e-07,1.1920929e-07,0.0,9.983997,3.13,-0.83,7.09,201.76,575.99,0.20012883557506753,0.54663616
1992-11-09,-1.247632504917213e-36,1388.854417521992,0.644935446675469,1.1920928955078125e-07,1.1920929e-07,1.1920929e-07,0.0,9.888,1.245,-5.02,7.51,273.77,433.28,0.19264244775390663,0.5003111
1992-11-10,8.177942003790842e-37,1387.8017416398513,0.7973335001198436,1.1920928955078125e-07,1.1920929e-07,1.1920929e-07,0.0,9.888,4.395,-1.93,10.72,268.66,531.36,0.1866817121335608,0.46325102
1992-11-11,1.2751032083503192e-36,1387.4136306494775,0.9617284004471292,1.1920928955078125e-07,1.1920929e-07,1.24,1.24,9.888,7.245,3.97,10.52,164.1,804.73,0.18453089133551887,0.453986
1992-11-12,4.799988536242621e-37,1387.7922865016571,1.3474587613496363,1.1920928955078125e-07,1.1920929e-07,2.11,2.11,9.792,12.695,7.96,17.43,207.45,1076.72,0.18662901720946334,0.46325102
1992-11-13,-4.937342416623882e-37,1388.521325296278,1.2281512534087105,1.1920928955078125e-07,1.1920929e-07,16.4,16.4,9.792,11.205,4.61,17.8,196.88,849.2,0.19073602561111963,0.8523819
1992-11-14,-1.3857815610828508e-36,1389.295276588875,0.7230009251637836,1.1920928955078125e-07,1.1920929e-07,1.1920929e-07,0.0,9.792,3.065,-1.16,7.29,208.12,560.85,0.1951949943183583,0.6207563
1992-11-15,-1.936360751771015e-36,1389.8088010787085,0.6041352035241287,1.1920928955078125e-07,1.1920929e-07,1.1920929e-07,0.0,9.698783,0.565,-3.5,4.63,205.3,480.0,0.19821094333135633,0.5095761
1992-11-16,-1.8856894608607758e-36,1389.7565594650407,0.5668955877267629,1.1920928955078125e-07,1.1920929e-07,1.1920929e-07,0.0,9.696003,-0.35,-5.55,4.85,243.89,400.48,0.19790200914329886,0.47251603
1992-11-17,-1.1688937987070048e-36,1389.1418691812935,0.7448145293515311,1.1920928955078125e-07,1.1920929e-07,1.1920929e-07,0.0,9.696003,3.655,-2.89,10.2,268.09,490.49,0.19430296077265252,0.43545595
1992-11-18,-5.179182134400717e-37,1389.0365102287885,0.9055365982704685,1.1920928955078125e-07,1.1920929e-07,1.1920929e-07,0.0,9.696003,6.605,2.77,10.44,187.58,741.23,0.1936926818547613,0.42619094
1992-11-19,-1.2721885883641652e-37,1389.407431794707,0.7830513838169798,1.1920928955078125e-07,1.1920929e-07,3.19,3.19,9.6,4.55,1.37,7.73,121.99,672.62,0.19584974492844134,0.42619094
1992-11-20,-4.904563340435235e-38,1390.0661372363204,0.7722768877827376,1.1920928955078125e-07,1.1920929e-07,1.1920929e-07,0.0,9.6,4.335,1.15,7.52,164.18,656.14,0.19973977051692193,0.453986
1992-11-21,-2.820993368578929e-38,1391.6114161964385,0.9460311409189003,1.1920928955078125e-07,1.1920929e-07,4.45,4.45,9.6,7.4,2.98,11.82,156.49,759.15,0.20917145632406506,0.44472098
1992-11-22,-1.6698003874018176e-38,1398.5348162146763,1.352167239424113,1.1920928955078125e-07,1.1920929e-07,5.25,5.25,9.555897,13.02,8.87,17.17,146.79,1149.22,0.2572048947270993,1.5009333
1992-11-23,-9.599633317429406e-39,1419.1492381036428,1.5255056211308042,1.1920928955078125e-07,1.1920929e-07,35.71,35.71,9.504003,14.83,11.15,18.51,133.61,1331.7,0.47598104313029044,8.264398
1992-11-24,-5.773851315160475e-39,1433.1170869491941,1.0797953950833465,1.1920928955078125e-07,1.1920929e-07,1.1920929e-07,0.0,9.504003,9.15,3.72,14.58,238.06,800.48,0.7222922138863294,1.6954987
1992-11-25,-3.49050755640865e-39,1434.0642888406599,1.114530357477739,1.1920928955078125e-07,1.1920929e-07,4.75,4.75,9.504003,9.635,7.4,11.87,91.95,1032.19,0.7430113503002067,1.4546082
1992-11-26,-2.083644903982783e-39,1435.4420233695523,1.253880880024216,1.1920928955078125e-07,1.1920929e-07,2.0,2.0,9.459894,11.555,9.71,13.4,102.72,1216.75,0.7742135125047639,1.1210674
1992-11-27,-2.257716014059975e-17,1434.3668932554497,1.0119581205035657,1.1920928955078125e-07,1.1920929e-07,1.1920929e-07,0.0,9.408,8.285,3.23,13.34,232.14,775.56,0.7497549933332781,0.99135715
1992-11-28,-7.158262125910419e-16,1432.5693424044712,0.7907024829975683,1.1920928955078125e-07,1.1920929e-07,1.1920929e-07,0.0,9.408,4.54,0.06,9.02,219.75,605.19,0.7105755244509927,0.8153218
1992-11-29,-1.5757099177784803e-15,1430.8520362585487,0.7584905671823491,1.1920928955078125e-07,1.1920929e-07,1.1920929e-07,0.0,9.408,3.935,1.54,6.33,135.66,682.89,0.6750588999297702,0.74120164
1992-11-30,-1.5071281112943488e-15,1429.5035411646054,0.650210524329515,1.1920928955078125e-07,1.1920929e-07,1.1920929e-07,0.0,9.408,1.67,-2.51,5.85,209.35,519.17,0.648418684726568,0.6856115
1992-12-01,-4.467461761156484e-10,1428.8063019081428,0.6745003427392566,1.1920928955078125e-07,1.1920929e-07,1.0,1.0,9.363897,2.285,-0.86,5.43,167.1,570.89,0.6350593442558858,0.6485514
1992-12-02,-5.837315641818847e-10,1428.5173082005733,0.6003180961272547,1.1920928955078125e-07,1.1920929e-07,0.83,0.83,9.311997,0.665,-4.2,5.53,224.68,442.66,0.6296031382379997,0.6207563
1992-12-03,6.448486555109518e-09,1427.6419030320765,0.6740926510399778,1.1920928955078125e-07,1.1920929e-07,1.1920929e-07,0.0,9.311997,2.37,-1.01,5.75,175.67,560.0,0.6133598846617709,0.57443124
1992-12-04,0.021494834028944962,1426.3216319881772,0.5614909223488908,1.1920928955078125e-07,1.1920929e-07,1.1920929e-07,0.0,9.311997,-0.28,-3.96,3.4,190.86,442.87,0.5896512286531156,0.53737116
1992-12-05,0.03451515351498996,1426.6711365767899,0.6168870922941017,0.02020600058507373,1.1920929e-07,3.0,3.0,9.311997,1.08,-1.78,3.94,118.04,537.31,0.5958367531258099,0.57443124
1992-12-06,0.27866012644072224,1426.783095567138,0.48193099769971953,1.1920928955078125e-07,1.1920929e-07,1.1920929e-07,0.0,9.311997,-2.465,-6.14,1.21,192.21,385.17,0.5978318904240173,0.51884115
1992-12-07,0.2588584032522265,1425.6811517474541,0.5914331330380056,0.2379329629999828,1.1920929e-07,1.1920929e-07,0.0,9.310348,0.48,-1.9,2.86,133.01,534.37,0.5784822004731575,0.5095761
1992-12-08,0.10471296844595995,1424.6449570486407,0.632372179523571,0.0775109739006539,1.1920929e-07,1.1920929e-07,0.0,9.2187805,1.61,0.12,3.1,87.17,611.45,0.5608587530469593,0.49104607
1992-12-09,0.08879961958757036,1423.5114933608988,0.548287407760341,1.1920928955078125e-07,1.1920929e-07,1.1920929e-07,0.0,9.216,-0.445,-3.47,2.58,167.91,480.0,0.5421952411664707,0.46325102
1992-12-10,1.2969122268822961,1430.2425227225197,0.5370574524664621,1.1920928955078125e-07,1.3601847,20.229815,21.59,9.216,-0.81,-5.28,3.66,164.51,417.63,0.6628847228173073,1.0932723
1992-12-11,0.6529519998889042,1461.2107395705284,0.7723395536713985,0.6520002709581916,1.1920929e-07,41.16,41.16,9.216,4.2,1.0,7.4,129.33,640.33,1.671120293963487,14.731382
1992-12-12,0.24089759994991958,1485.3390465101768,0.7150962787927068,0.2210257672083809,1.1920929e-07,8.94,8.94,9.216,2.81,1.25,4.37,69.93,659.74,3.434655921829249,7.4861364
1992-12-13,0.10020158220400384,1484.9730116631256,0.7026914603760481,0.07329292112115468,1.1920929e-07,1.1920929e-07,0.0,9.216,2.555,0.38,4.73,130.65,623.03,3.39732273666807,2.6312656
1992-12-14,0.049674876119980074,1481.1908923313388,0.6038441487412479,0.029864930367107776,1.1920929e-07,1.1920929e-07,0.0,9.216,0.375,-2.76,3.51,178.55,499.42,3.034544242741805,1.797414
1992-12-15,0.04441274201809746,1477.7599669737185,0.5324772340803359,1.1920928955078125e-07,1.1920929e-07,1.1920929e-07,0.0,9.216,-1.4,-4.86,2.06,193.18,434.92,2.739076292282327,1.4638731
1992-12-16,0.03407405036739271,1474.928823496088,0.6915821596357222,0.019911866064914473,1.1920929e-07,1.14,1.14,9.216,2.42,-0.38,5.22,164.51,595.62,2.517052357391517,1.3156328
1992-12-17,0.019112230270016323,1479.384457716845,0.910411819251647,0.010466538875708238,1.1920929e-07,13.51,13.51,9.216,6.5,3.6,9.4,126.66,799.73,2.8752072446704355,2.8443613
1992-12-18,0.011008851142627969,1482.8438169551976,0.7625674027656671,0.005807106946663594,1.1920929e-07,1.1920929e-07,0.0,9.216,3.79,0.4,7.18,191.66,629.64,3.1880652788637587,1.9178592
1992-12-19,0.006459130807910788,1478.9170784029795,0.6864299832716099,0.003333830083784123,1.1920929e-07,1.1920929e-07,0.0,9.216,2.27,-3.19,7.73,242.16,480.0,2.8353623848456477,1.361958
1992-12-20,0.0037138816998868772,1479.0114810378607,0.8732957613296487,0.0018914191802634397,1.1920929e-07,4.98,4.98,9.216,5.87,2.23,9.51,147.15,720.0,2.8433656154190072,1.5379933
1992-12-21,0.0021776167678454654,1478.0415160994894,0.5990342940403237,0.001019390238140754,1.1920929e-07,1.1920929e-07,0.0,9.216,0.29,-5.74,6.32,249.81,399.68,2.7621993607704733,1.2693077
1992-12-22,0.0012231814430969188,1474.4405134323838,0.7406408445521325,0.000615331107019891,1.1920929e-07,1.1920929e-07,0.0,9.216,3.44,-2.55,9.43,246.13,515.5,2.480620089776995,1.1025374
1992-12-23,0.0012489776311500052,1472.7320248624558,0.7794697340386227,0.000628388627687143,1.1920929e-07,3.98,3.98,9.216,4.22,-1.5,9.94,180.86,560.0,2.3572520307608595,1.0932723
1992-12-24,0.0038834291478498113,1470.6155167649995,0.6198977133553754,0.0019788845389903113,1.1920929e-07,1.1920929e-07,0.0,9.216,0.86,-5.43,7.15,250.84,409.88,2.212895611850276,0.99135715
1992-12-25,0.005331238827222086,1468.0756598495368,0.40892059877137243,1.1920928955078125e-07,1.1920929e-07,1.1920929e-07,0.0,9.216,-5.015,-10.34,0.31,240.66,280.0,2.0512859547572755,0.8153218
1992-12-26,0.0053319238216909684,1465.6274311422576,0.5513046050265568,1.1920928955078125e-07,1.1920929e-07,1.1920929e-07,0.0,9.216,-0.785,-4.28,2.71,188.13,440.0,1.906688040450231,0.8153218
1992-12-27,0.005331852123692473,1463.3333097725451,0.37530742238954273,1.1920928955078125e-07,1.1920929e-07,1.1920929e-07,0.0,9.216,-6.15,-11.5,-0.8,241.24,240.03,1.780456684557056,0.80605674
1992-12-28,3.5949946955717267,1461.2037681522384,0.4606770831460482,1.1920928955078125e-07,7.19,1.1920929e-07,7.19,9.216,-3.29,-7.52,0.94,179.9,355.84,1.6707724823454968,0.79679173
1992-12-29,3.7856186180722977,1463.9187949140837,0.7235754134771496,3.7856186180722977,1.1920929e-07,3.13,3.13,9.216,3.2,-0.07,6.47,147.96,600.12,1.8118552125340113,1.0006222
1992-12-30,1.380869980343164,1466.77198897903,0.9085786496810283,1.3808685900377176,1.1920929e-07,3.24,3.24,9.216,6.6,2.72,10.48,170.65,739.57,1.9729737299238974,1.6491736
1992-12-31,0.5034229583113375,1468.0089759771763,0.8129553604503759,0.5001662694292371,1.1920929e-07,3.19,3.19,9.216,4.9,1.33,8.47,159.31,669.85,2.0472058137861313,1.4731382
1993-01-01,0.18901462791715518,1466.923281689335,1.0170809162284065,0.1642106557002106,1.1920929e-07,1.1920929e-07,0.0,9.216,8.335,-0.16,16.83,286.7,605.64,1.9819063944076785,1.0932723
1993-01-02,0.10524625200178521,1464.345968283301,0.5142888209501765,1.1920928955078125e-07,1.1920929e-07,1.1920929e-07,0.0,9.267895,-1.845,-6.24,2.55,232.54,380.9,1.8351125847995484,0.907972
1993-01-03,0.10520127139035593,1462.0633493700407,0.5609443521450349,1.1920928955078125e-07,1.1920929e-07,1.1920929e-07,0.0,9.311997,-0.65,-4.63,3.33,218.05,440.0,1.7142084740713965,0.8523819
1993-01-04,0.05530369181969417,1459.080155951017,1.0596797882804345,0.03510898973094939,1.1920929e-07,1.1920929e-07,0.0,9.311997,8.895,0.57,17.22,287.36,632.27,1.5681229208253276,0.8523819
1993-01-05,0.029784244983114713,1466.1443089655766,1.2154928334869912,0.017093624995776952,1.1920929e-07,19.24,19.24,9.311997,10.975,5.8,16.15,164.38,920.0,1.9363420551244463,2.7146509
1993-01-06,0.01689383300985924,1473.1922306611264,0.7670359672305881,0.009158728358759853,1.1920929e-07,1.1920929e-07,0.0,9.311997,3.82,-0.53,8.17,206.93,597.84,2.389866155718296,1.5101982
1993-01-07,0.009824672231278052,1469.7428113822543,0.7714142925004602,0.0051534526614799726,1.1920929e-07,1.1920929e-07,0.0,9.311997,3.94,0.82,7.06,163.1,640.0,2.1559784751569353,1.2137177
1993-01-08,0.0057563146509754,1468.876015028016,0.7756158817219923,0.002960972355243664,1.1920929e-07,3.94,3.94,9.311997,4.03,2.07,5.99,81.34,720.0,2.1008959166636756,1.2507777
1993-01-09,0.003426442219851934,1471.0969204137832,0.6188037415783326,0.001730056651574317,6.794929e-07,5.6999993,5.7,9.408,0.53,-2.16,3.22,110.77,520.83,2.24493289583316,1.3156328
1993-01-10,0.6295440274860186,1470.5311982570556,0.4945965952669351,1.1920928955078125e-07,1.1920929e-07,1.1920929e-07,0.0,9.408,-2.67,-4.51,-0.83,106.16,440.08,2.2073314763393466,1.1395975
1993-01-11,1.2810991387356145,1467.9277278759942,0.49582447588557693,1.1920928955078125e-07,1.9799995,4.130602e-07,1.98,9.408,-2.61,-4.55,-0.67,112.33,439.98,2.0422455076218635,1.0562123
1993-01-12,3.372591808315866,1467.9750398252816,0.6023337124642585,1.0503259663250877,2.6747584e-05,7.179973,7.18,9.408,0.17,-1.94,2.28,90.6,524.78,2.0451325024559868,1.815944
1993-01-13,1.2628485932834281,1474.1873550921623,0.7759870367023396,1.2628444545437938,1.1920929e-07,5.89,5.89,9.408,3.83,1.33,6.33,104.58,666.74,2.4619402740726266,3.1223118
1993-01-14,0.4606373103657241,1474.3204212229134,0.7706820075988937,0.45608197362169833,1.1920929e-07,1.1920929e-07,0.0,9.504003,3.575,1.02,6.13,143.48,652.08,2.4717412314569325,1.9919794
1993-01-15,0.17452214188126858,1471.5192581308809,0.6821738050718446,0.1485792630096732,1.1920929e-07,1.1920929e-07,0.0,9.504003,1.8,-0.49,4.09,132.11,598.12,2.2734210819411422,1.5287284
1993-01-16,0.07829199254034351,1468.7883779999531,0.6185665349807606,0.052343376342208835,1.1920929e-07,1.1920929e-07,0.0,9.504003,0.4,-1.87,2.67,132.97,530.03,2.0954057626265357,1.361958
1993-01-17,0.040357040796823895,1466.1668653190331,0.676225036684409,0.024195868085883775,1.1920929e-07,1.1920929e-07,0.0,9.504003,1.725,-2.72,6.17,226.25,502.58,1.937646595881962,1.2507777
1993-01-18,0.022401319446883637,1463.6460576434142,0.654240971095578,0.012449741029722905,1.1920929e-07,1.1920929e-07,0.0,9.6,1.12,-3.37,5.61,230.09,474.51,1.797160493206735,1.1025374
1993-01-19,0.01816843616611714,1461.3314774054945,0.5236315953607393,1.1920928955078125e-07,1.1920929e-07,1.1920929e-07,0.0,9.6,-2.06,-7.2,3.08,252.5,358.61,1.6771555343710642,0.98209214
1993-01-20,0.01793550173383645,1459.16744200082,0.5600909144897207,1.1920928955078125e-07,1.1920929e-07,1.1920929e-07,0.0,9.6,-1.08,-8.35,6.19,288.39,320.23,1.572215069652195,0.88944197
1993-01-21,3.3570769181501126,1457.151561962905,0.5265345760933574,1.1920928955078125e-07,7.638663,0.0013369941,7.64,9.602783,-1.945,-6.58,2.69,203.24,361.93,1.4803749358246274,0.8801769
1993-01-22,2.8551972204465015,1464.4683829134135,0.7931397703592382,2.8551972204453646,1.1920929e-07,9.26,9.26,9.696003,3.805,-0.3,7.91,185.61,599.98,1.8418322926770982,1.7696189
1993-01-23,1.043091128357703,1468.0188991954167,0.8342394875428948,1.043060351645329,1.1920929e-07,1.1920929e-07,0.0,9.696003,4.525,1.0,8.05,222.71,640.06,2.047812464645981,1.2971028
1993-01-24,0.38102984610028395,1467.0480486633471,0.8538863569787315,0.3727760003523298,1.1920929e-07,2.36,2.36,9.696003,4.885,-1.75,11.52,284.04,540.2,1.9893033395436666,1.0932723
1993-01-25,0.1479616671672931,1465.5535447374843,0.8115769457960083,0.12051694913369308,1.1920929e-07,0.01,0.01,9.792,3.99,-2.0,9.98,279.68,520.0,1.9024863345943235,1.0469472
1993-01-26,0.10502196319199482,1463.1170957282702,0.4969626060350927,1.1920928955078125e-07,1.1920929e-07,1.1920929e-07,0.0,9.792,-3.095,-7.29,1.1,239.44,358.85,1.768999585836971,0.898707
1993-01-27,0.10503217256808173,1460.874649482571,0.5565543023083354,1.1920928955078125e-07,1.1920929e-07,1.1920929e-07,0.0,9.792,-1.47,-7.68,4.74,292.57,344.8,1.6544345105344462,0.8616469
1993-01-28,0.10503309230899412,1458.714053726958,0.5651274873610177,1.1920928955078125e-07,1.1920929e-07,1.1920929e-07,0.0,9.888,-1.37,-6.25,3.51,265.41,380.04,1.5510750004306435,0.8338518
1993-01-29,0.1285449428251833,1456.5915491715573,0.6309845771330701,0.08847319720278168,1.1920929e-07,1.1920929e-07,0.0,9.888,0.235,-4.19,4.66,251.16,440.0,1.455827605212868,0.8153218
1993-01-30,0.0868850041125042,1454.5912719839848,0.6225382904149196,0.034096878346037834,1.1920929e-07,1.1920929e-07,0.0,9.888,0.06,-6.36,6.48,302.06,375.94,1.3714249415864137,0.7319366
1993-01-31,0.04640157380359919,1452.5193829362704,0.9520011176293549,0.0284890066376922,1.1920929e-07,1.1920929e-07,0.0,9.983997,6.24,-0.14,12.62,299.52,604.07,1.2891561796533262,0.75973165
1993-02-01,0.024801362501635275,1450.4515299801017,0.7066076136885336,0.01393061594672752,1.1920929e-07,1.1920929e-07,0.0,9.983997,1.805,-5.75,9.36,319.64,401.65,1.2119685845460622,0.76899666
1993-02-02,0.013619244836742893,1448.7046706069796,0.3857691292747237,1.1920928955078125e-07,1.1920929e-07,1.1920929e-07,0.0,9.983997,-6.73,-12.29,-1.17,296.12,239.59,1.1503753426254113,0.6485514
1993-02-03,0.0069162521644719095,1447.0587793972552,0.6623529900485591,0.003574939518661897,1.1920929e-07,1.1920929e-07,0.0,10.079997,0.755,-9.96,11.47,340.74,280.89,1.0952090809032138,0.72267157
1993-02-04,0.0040048712227786255,1445.3197232659613,0.8710774500742907,0.0020425277366656774,1.1920929e-07,1.1920929e-07,0.0,10.079997,4.825,0.12,9.53,266.71,609.37,1.0397918850425552,0.70414156
1993-02-05,0.002817592225912676,1443.92905026997,0.8576018261745231,0.001428641864919429,1.1920929e-07,1.1920929e-07,0.0,10.079997,4.605,-3.31,12.52,330.07,480.0,0.9975010231653685,0.6578164
1993-02-06,0.002620556809304622,1442.8105009959504,0.7161582225406694,0.0013274457171955853,1.1920929e-07,0.96,0.96,10.176,1.8,-7.15,10.75,378.17,355.5,0.9647370258936262,0.6763465
1993-02-07,0.002950669503703477,1441.7771684841166,0.34632285145275193,1.1920928955078125e-07,1.1920929e-07,1.1920929e-07,0.0,10.176,-8.38,-13.87,-2.89,327.95,201.59,0.9354262710579176,0.5929613
1993-02-08,0.0033448348398582486,1440.6421457746824,0.5257793386948313,1.1920928955078125e-07,1.1920929e-07,1.1920929e-07,0.0,10.270348,-2.755,-8.85,3.34,341.81,318.04,0.9042563059056737,0.6763465
1993-02-09,0.00350027418651805,1439.5780301208108,0.5629350133898955,1.1920928955078125e-07,1.1920929e-07,1.1920929e-07,0.0,10.272,-1.78,-8.12,4.56,346.66,320.0,0.8759775826996827,0.6856115
1993-02-10,0.003999270739524079,1440.979268099314,0.8443929809105409,0.002039615457289328,1.1920929e-07,1.1920929e-07,0.0,10.272,4.12,-4.82,13.06,382.51,440.0,0.9134043253748074,0.6485514
1993-02-11,0.004546397478005367,1445.6571752269917,0.8656797828799511,0.002324864165125863,1.1920929e-07,1.1920929e-07,0.0,10.367997,4.305,-2.36,10.97,312.28,517.14,1.0503214042714941,0.6207563
1993-02-12,0.004652828560238437,1454.0190604838158,0.743651221906946,0.002380526552278077,1.1920929e-07,17.22,17.22,10.367997,1.965,-2.18,6.11,174.25,520.0,1.348193061440702,0.7319366
1993-02-13,0.0038297381444998132,1466.4722328497573,0.6991410909068287,0.0019510367674674082,6.389618e-07,21.44,21.44,10.419894,0.865,-2.0,3.73,128.24,528.88,1.9553941796371144,1.5472584
1993-02-14,0.0023408245561931723,1473.9496052693203,0.6919760459592462,0.0011789385227958813,1.1920929e-07,1.1920929e-07,0.0,10.464,0.58,-2.33,3.49,174.49,518.94,2.444525510366396,1.352693
1993-02-15,-0.008824989944904342,1469.6680481676058,0.6179073587034949,1.1920928955078125e-07,1.1920929e-07,1.1920929e-07,0.0,10.464,-1.01,-6.36,4.34,285.73,371.9,2.151171098245687,1.0654774
1993-02-16,0.04715927961526893,1476.8846105536036,0.7249301386581101,0.029038092767335502,1.1920929e-07,19.24,19.24,10.559998,1.095,-1.48,3.67,118.15,559.98,2.6684142152825934,1.2322477
1993-02-17,0.02597914213148027,1482.0952485432108,0.753071049447263,0.014667432675565134,1.1920929e-07,1.1920929e-07,0.0,10.559998,1.6,-1.38,4.58,183.39,558.6,3.117600065847627,2.2514
1993-02-18,0.020867083295002066,1478.522953087671,0.506995506305578,1.1920928955078125e-07,1.1920929e-07,1.1920929e-07,0.0,10.655997,-4.145,-9.0,0.71,280.65,307.38,2.8021920009959507,1.5472584
1993-02-19,0.021152438196228567,1475.449726444263,0.32085999896140827,1.1920928955078125e-07,1.1920929e-07,1.1920929e-07,0.0,10.655997,-10.315,-15.61,-5.02,305.85,189.83,2.55650637063031,1.0562123
1993-02-20,0.02114129677490525,1472.6356973998666,0.4392677705562748,1.1920928955078125e-07,1.1920929e-07,1.1920929e-07,0.0,10.655997,-6.07,-13.04,0.9,352.76,231.06,2.3504819761655624,1.0932723
1993-02-21,6.2930613877670805,1469.8874154365967,0.5495759712175872,1.1920928955078125e-07,13.08,3.8981437e-07,13.08,10.752,-3.06,-6.39,0.27,179.36,369.16,2.165307219863218,1.0006222
1993-02-22,7.039738422592359,1478.7739644092064,0.8334025689237727,7.039738422592359,1.1920929e-07,10.44,10.44,10.752,2.86,-2.15,7.87,244.36,520.0,2.823272461606452,1.0932723
1993-02-23,2.585461526569436,1483.8477040003174,0.7091067402486129,2.434312062688891,1.1920929e-07,1.1920929e-07,0.0,10.848002,0.315,-4.08,4.71,303.73,440.0,3.28507103872183,1.2878379
1993-02-24,2.536997746718775,1480.2014208295502,0.47435801123950244,1.1920928955078125e-07,1.1920929e-07,1.1920929e-07,0.0,10.848002,-5.33,-8.36,-2.3,231.3,320.6,2.9462041864834507,0.97282714
1993-02-25,2.5361048529059067,1476.979416026999,0.39017383966254093,1.1920928955078125e-07,1.1920929e-07,1.1920929e-07,0.0,10.944003,-8.08,-13.11,-3.05,349.17,231.45,2.675978396229185,0.8523819
1993-02-26,5.398923580076812,1473.9852694741699,0.48878411733094923,1.1920928955078125e-07,5.72,1.1920929e-07,5.72,10.944003,-4.98,-8.17,-1.79,187.25,322.73,2.4471299770152313,0.8431168
1993-02-27,8.255489632328105,1471.1149470304008,0.5562271416777383,1.1920928955078125e-07,1.1920929e-07,1.1920929e-07,0.0,10.946783,-3.155,-6.53,0.22,265.51,360.0,2.2461415300841896,0.8245868
1993-02-28,8.256215642300473,1468.4678918821692,0.44558917277654625,1.1920928955078125e-07,1.1920929e-07,1.1920929e-07,0.0,11.04,-6.32,-13.44,0.8,434.5,213.07,2.075450311724013,0.7782617
1993-03-01,8.256215484721789,1465.9417183571645,0.6202319497511436,1.1920928955078125e-07,1.1920929e-07,1.1920929e-07,0.0,11.04,-1.685,-9.08,5.71,440.73,313.28,1.9246645796028308,0.7782617
1993-03-02,4.672019354824236,1466.8674077010974,0.8808135179691672,4.672019354824236,1.1920929e-07,1.1920929e-07,0.0,11.136,3.28,-4.02,10.58,435.84,442.83,1.9786027672562891,0.8245868
1993-03-03,1.7080871221173122,1466.7310923199761,1.0195606677268558,1.7080870568971485,1.1920929e-07,1.1920929e-07,0.0,11.136,5.475,1.59,9.36,297.59,687.26,1.970566018503462,1.2229826
1993-03-04,0.6226538661818733,1484.1170655019523,0.9190148731542629,0.6214257544896192,1.1920929e-07,37.29,37.29,11.232,3.61,1.18,6.04,152.32,654.14,3.311598049610451,14.916682
1993-03-05,0.23209544946674876,1508.4862689285558,0.8180448688179359,0.21134555172481892,1.1920929e-07,21.29,21.29,11.232,1.65,-0.13,3.43,121.44,600.29,6.855464462635729,15.379933
1993-03-06,0.0980693184188786,1511.0877727318236,0.8539297184849822,0.07132049380757166,1.1920929e-07,1.63,1.63,11.328,2.13,-0.86,5.12,258.44,573.77,7.4091944014214794,7.5139313
1993-03-07,0.0483244300953527,1503.566773449155,0.9507401540497253,0.02988932089795379,1.1920929e-07,1.1920929e-07,0.0,11.328,3.795,-2.99,10.58,453.72,480.42,5.9189547235546485,6.1705036
1993-03-08,0.025866999153131117,1497.7410521874394,1.078315243077451,0.014596988656018264,1.1920929e-07,1.14,1.14,11.423997,5.62,-0.76,12.0,404.94,579.26,4.973956475739233,4.7807503
1993-03-09,0.013268486052868785,1492.2591876916817,1.0346175898409258,0.007073730246538165,1.1920929e-07,1.1920929e-07,0.0,11.423997,5.05,1.25,8.85,299.1,661.03,4.222967974035752,3.4743826
1993-03-10,0.006960458625915651,1488.4007839417357,0.8187108678615829,0.003601299967886994,1.1920929e-07,2.0,2.0,11.423997,1.61,-2.47,5.69,324.04,519.91,3.7634423177371867,2.760976
1993-03-11,0.004150305520815817,1485.2222744883813,0.8068258621621337,0.002118202604708472,1.1920929e-07,0.36,0.36,11.520008,1.305,-1.26,3.87,227.75,560.1,3.422701582352964,2.5015554
1993-03-12,0.0240393249280279,1481.2377656788565,0.6962285515659197,1.1920928955078125e-07,1.1920929e-07,1.1920929e-07,0.0,11.520008,-0.79,-6.5,4.92,412.55,360.0,3.0387941926899784,1.9734493
1993-03-13,0.20738975671938784,1493.2696855728109,0.7269542313509921,1.1920928955078125e-07,0.035873402,30.624126,30.66,11.616,-0.405,-4.58,3.77,263.96,440.0,4.352322532649137,1.862269
1993-03-14,18.7196236178479,1493.553512942751,0.48706387293750686,1.1920928955078125e-07,16.61,1.1920929e-07,16.61,11.616,-6.03,-8.57,-3.49,206.37,320.0,4.389363070978399,1.7696189
1993-03-15,26.946723031779477,1489.0248048178776,0.41613211296100916,1.1920928955078125e-07,1.1920929e-07,1.1920929e-07,0.0,11.711997,-8.235,-14.92,-1.55,509.44,200.0,3.8342201051049374,2.1031597
1993-03-16,25.182246611522682,1484.890120244352,0.6740201322353021,1.1920928955078125e-07,1.1920929e-07,1.1920929e-07,0.0,11.711997,-1.525,-9.47,6.42,527.01,293.35,3.388924860130985,1.9178592
1993-03-17,14.5615718038168,1503.4628066453404,0.9634051016549748,14.5615718038168,1.1920929e-07,24.53,24.53,11.808,3.375,0.18,6.57,241.02,614.73,5.900609363612287,6.2168283
1993-03-18,9.859185662030926,1511.9907395025273,0.5761752260403479,1.1920928955078125e-07,1.1920929e-07,1.1920929e-07,0.0,11.808,-4.105,-11.01,2.8,514.49,271.73,7.611669116324948,8.255133
1993-03-19,9.857478126480288,1504.6875535086508,0.47110183488886226,1.1920928955078125e-07,1.1920929e-07,1.1920929e-07,0.0,11.903997,-6.92,-14.16,0.32,523.98,200.0,6.12037944492958,3.4743826
1993-03-20,9.853510389224832,1498.5228226119548,0.7192487462577765,1.1920928955078125e-07,1.1920929e-07,1.1920929e-07,0.0,11.903997,-0.96,-5.41,3.49,411.15,410.02,5.091424638137541,2.8814213
1993-03-21,4.608430647689014,1500.9287086262302,1.0669213205838362,4.608430647689014,1.1920929e-07,6.84,6.84,12.000003,4.685,-0.27,9.64,326.57,599.98,5.470623408111153,6.457719
1993-03-22,1.6841350401112845,1499.933268604645,1.065150387012219,1.684134958402012,1.1920929e-07,1.1920929e-07,0.0,12.000003,4.67,-0.5,9.84,451.01,600.0,5.310419053012254,7.819677
1993-03-23,0.614045665460192,1500.8279859538038,1.023298292545585,0.6127258907854043,1.1920929e-07,12.27,12.27,12.000003,4.06,1.04,7.08,230.34,642.91,5.454195903081295,10.191523
1993-03-24,0.2284783170863894,1512.1193377666264,1.1622483604840337,0.20736895913301298,1.1920929e-07,24.39,24.39,12.096,5.745,1.99,9.5,274.27,718.66,7.6409517058538645,20.660995
1993-03-25,0.09675175848208618,1515.4566559454993,1.1567762256253191,0.07010868720061442,1.1920929e-07,1.1920929e-07,0.0,12.096,5.64,2.65,8.63,287.62,733.31,8.441565228955275,7.717762
1993-03-26,0.04785391618183324,1506.6797871408482,1.2350809001478922,0.029545144704275467,1.1920929e-07,1.1920929e-07,0.0,12.191998,6.605,-1.15,14.36,484.11,560.23,6.495490508336239,5.114291
1993-03-27,0.025200734780309705,1501.0473337242638,1.333900095660913,0.01417971043667616,1.1920929e-07,3.45,3.45,12.191998,7.845,2.4,13.29,314.49,720.0,5.490034196485948,5.040171
1993-03-28,0.01346025651555166,1499.873733942922,1.6486281962923628,0.0071823918904649975,1.1920929e-07,10.82,10.82,12.287997,11.05,8.18,13.92,194.14,1094.53,5.300987717995895,5.336652
1993-03-29,0.005800337730877771,1499.569259660125,1.6797243919943223,0.0029842550863254528,1.1920929e-07,4.85,4.85,12.287997,11.35,9.42,13.28,137.03,1193.65,5.2530148971911945,4.085874
1993-03-30,0.0029193631102852812,1496.1223879849347,1.9198512526690519,0.0014809867444439415,1.1920929e-07,1.6,1.6,12.383997,13.405,8.75,18.06,376.24,1140.14,4.7392815426028285,3.7801282
1993-03-31,0.001710917220408279,1490.2958084463846,1.6882060082026369,0.0008627765260320731,1.1920929e-07,1.1920929e-07,0.0,12.383997,11.405,4.5,18.31,473.33,840.0,3.9825234584397067,3.4651175
1993-04-01,0.0010224252545571013,1495.2257975751108,1.7268705568147713,0.0005138259880157679,1.1920929e-07,21.49,21.49,12.479998,11.59,7.31,15.87,281.17,1025.06,4.614092337572125,13.156329
1993-04-02,0.0006128457984850409,1509.1030790744337,1.5858764690854572,0.0003073618462355768,1.1920929e-07,18.96,18.96,12.479998,10.095,7.5,12.69,192.15,1039.97,6.9828893023108485,7.8382072
1993-04-03,0.0003671036086709598,1508.983693597945,1.2299149624392527,0.0001838887166058614,1.1920929e-07,0.27,0.27,12.576006,6.045,2.23,9.86,354.22,719.22,6.958042341889416,4.141464
1993-04-04,0.00020672162144404422,1501.976506097563,1.073596265287161,0.00010346764525590785,1.1920929e-07,1.1920929e-07,0.0,12.576006,4.065,-1.43,9.56,451.6,560.0,5.644477846380808,3.3168771
1993-04-05,0.0001091456719904089,1495.7532408814313,1.0791969619075743,5.46026179365335e-05,1.1920929e-07,1.1920929e-07,0.0,12.576006,4.205,-0.88,9.29,432.0,569.6,4.68733206227689,2.9184813
1993-04-06,6.251235259567193e-05,1490.2900960969082,1.3269152626546619,3.1265945783085434e-05,1.1920929e-07,1.1920929e-07,0.0,12.672003,7.28,2.23,12.33,428.69,718.93,3.9818442602731636,2.6034706
1993-04-07,3.082913836978378e-05,1485.344639777314,1.2767511801225706,1.541694527430463e-05,1.1920929e-07,1.1920929e-07,0.0,12.672003,6.74,-1.33,14.81,519.38,560.0,3.4352295698405912,2.3440502
1993-04-08,1.5998581680516398e-05,1480.9035474486861,1.501887829000064,7.999930726796305e-06,1.1920929e-07,1.1920929e-07,0.0,12.768005,9.18,0.19,18.17,525.69,615.21,3.0086206208291646,2.1680148
1993-04-09,8.676598225564693e-06,1481.7232954339725,1.6495670927817938,4.338487321174148e-06,1.1920929e-07,1.1920929e-07,0.0,12.768005,10.645,4.43,16.86,465.08,834.06,3.083168270439606,2.0383043
1993-04-10,4.12104450187082e-06,1489.4996753466385,1.765968229420092,2.06056470845487e-06,1.1920929e-07,23.91,23.91,12.864003,11.525,8.98,14.07,179.58,1158.7,3.8889714995271385,10.284172
1993-04-11,2.3044880375123976e-06,1499.9524191426171,1.6026946811547473,1.1522572954189859e-06,1.1920929e-07,10.06,10.06,12.864003,9.88,4.09,15.67,340.78,811.8,5.313456399733423,6.5411043
1993-04-12,1.1125667734798296e-06,1501.3299194442395,1.6514482331286358,5.562864812519784e-07,1.1920929e-07,5.25,5.25,12.96,10.22,5.0,15.44,321.26,879.98,5.536551994110407,4.53986
1993-04-13,4.7002333306308235e-07,1496.707149421539,1.6091109561458894,2.3501221883637522e-07,1.1920929e-07,1.1920929e-07,0.0,12.96,9.86,3.0,16.72,489.26,760.0,4.82275502369359,3.1964319
1993-04-14,2.780890699576134e-07,1490.7403594585855,1.6214326945121562,1.3904472831263378e-07,1.1920929e-07,1.1920929e-07,0.0,13.05322,9.93,2.83,17.03,497.06,746.67,4.035737450961546,2.760976
1993-04-15,1.6664485312930206e-07,1486.7347803015612,2.2278492235814955,1.1920928955078125e-07,1.1920929e-07,1.1920929e-07,0.0,13.056,15.07,6.46,23.68,516.9,957.17,3.58081541686433,2.5478806
1993-04-16,9.93094536503962e-08,1498.9487083897238,2.6105134535411283,1.1920928955078125e-07,1.1920929e-07,32.02,32.02,13.056,17.56,12.43,22.69,300.13,1434.67,5.156581037374385,11.025374
1993-04-17,5.837522016015734e-08,1513.178104096522,1.7751557633254267,1.1920928955078125e-07,1.1920929e-07,15.58,15.58,13.152,11.005,5.99,16.02,312.06,929.42,7.886360817506042,7.5139313
1993-04-18,3.385312922675161e-08,1510.5084934763877,1.545937077502495,1.1920928955078125e-07,1.1920929e-07,1.1920929e-07,0.0,13.152,8.86,0.5,17.22,532.41,640.0,7.282146058159716,3.6782131
1993-04-19,1.9782832092784282e-08,1502.2714033824661,2.0801546695733464,1.1920928955078125e-07,1.1920929e-07,1.1920929e-07,0.0,13.248009,13.545,4.62,22.47,529.71,849.62,5.694397132759936,3.0574567
1993-04-20,1.1539393885008493e-08,1494.8286413599023,2.6102124757760943,1.1920928955078125e-07,1.1920929e-07,1.1920929e-07,0.0,13.248009,17.36,10.13,24.59,482.06,1250.41,4.559700262840493,2.7146509
1993-04-21,6.932870430836547e-09,1489.9472247992846,2.6181867571178934,1.1920928955078125e-07,1.1920929e-07,5.0,5.0,13.343997,17.345,10.99,23.7,339.74,1319.25,3.941288299594148,5.975938
1993-04-22,4.193827471933417e-09,1508.200378876988,1.4826409473206439,1.1920928955078125e-07,1.1920929e-07,42.45,42.45,13.343997,8.01,0.98,15.04,372.95,640.0,6.797194587988733,14.360782
1993-04-23,2.5352034723485457e-09,1517.9420177344402,1.7110262195943324,1.1920928955078125e-07,1.1920929e-07,1.1920929e-07,0.0,13.343997,10.145,4.53,15.76,435.39,842.8,9.091824732618072,5.114291
1993-04-24,1.4165516532222893e-09,1508.424709314579,1.6072225175585777,1.1920928955078125e-07,1.1920929e-07,1.1920929e-07,0.0,13.439995,9.15,1.38,16.92,512.7,670.53,6.842875378525863,3.668948
1993-04-25,7.18164868123707e-10,1500.3042227496162,2.4362663684604273,1.1920928955078125e-07,1.1920929e-07,1.1920929e-07,0.0,13.439995,15.915,6.51,25.32,529.99,961.13,5.369563881992519,3.1686368
1993-04-26,3.9711279750128507e-10,1494.5321673802753,2.505582577196431,1.1920928955078125e-07,1.1920929e-07,7.77,7.77,13.535997,16.325,8.01,24.64,379.51,1080.81,4.519515397955082,3.0481915
1993-04-27,1.416119438555742e-10,1489.2081859840941,1.488399161764845,1.1920928955078125e-07,1.1920929e-07,0.07,0.07,13.535997,8.045,0.75,15.34,493.49,639.23,3.8552715402237583,2.6775908
1993-04-28,-2.2825146479536185e-11,1484.084242704917,1.7046251119252402,1.1920928955078125e-07,1.1920929e-07,1.1920929e-07,0.0,13.580106,10.165,1.05,19.28,532.5,643.99,3.308354199021748,2.316255
1993-04-29,-4.75821127277889e-11,1479.0937877567806,2.0899179226063307,1.1920928955078125e-07,1.1920929e-07,1.1920929e-07,0.0,13.632,13.41,3.87,22.95,530.85,800.0,2.850361814783876,2.1680148
1993-04-30,-2.2609389274486654e-11,1474.20667231223,2.3440751834421696,1.1920928955078125e-07,1.1920929e-07,1.1920929e-07,0.0,13.632,15.335,7.0,23.67,498.69,1000.0,2.4633606647720394,2.0383043
1993-05-01,-3.919493485160147e-12,1469.4054886982854,2.629477994499152,1.1920928955078125e-07,1.1920929e-07,1.1920929e-07,0.0,13.727997,17.175,8.34,26.01,502.97,1106.91,2.1343729327182217,1.9178592
1993-05-02,3.83225534198882e-12,1464.665206710078,2.889050523184365,1.1920928955078125e-07,1.1920929e-07,1.1920929e-07,0.0,13.727997,18.81,10.9,26.72,467.52,1311.69,1.8526881684362602,1.8066789
1993-05-03,2.2210224347576547e-12,1461.8694788207872,2.805481384697833,1.1920928955078125e-07,1.1920929e-07,1.1920929e-07,0.0,13.72965,18.345,11.44,25.25,430.49,1355.09,1.7043143001829595,1.7140287
1993-05-04,7.079395791850675e-13,1463.563027617775,2.6883557549510213,1.1920928955078125e-07,1.1920929e-07,1.1920929e-07,0.0,13.824,17.495,13.02,21.97,311.6,1494.16,1.7927106547660132,1.7140287
1993-05-05,-1.6837881433399862e-13,1468.2062175741137,3.0697739771984742,1.1920928955078125e-07,1.1920929e-07,17.82,17.82,13.824,19.68,15.57,23.79,213.91,1765.21,2.059297862944411,1.6677036
1993-05-06,-2.0567401908824707e-13,1473.0786805130015,3.026525987458841,1.1920928955078125e-07,1.1920929e-07,5.93,5.93,13.920003,19.265,13.14,25.39,297.0,1502.6,2.3817773256884176,2.705386
1993-05-07,-1.0795770561324088e-13,1470.9884106650452,2.845167497795927,1.1920928955078125e-07,1.1920929e-07,1.1920929e-07,0.0,13.920003,18.245,11.38,25.11,434.65,1350.36,2.2376713478894232,2.6220007
1993-05-08,-5.313642330724429e-14,1465.7789646927813,2.6004586050850698,1.1920928955078125e-07,1.1920929e-07,1.1920929e-07,0.0,13.920003,16.8,8.6,25.0,488.31,1128.22,1.9153343687288198,1.7232938
1993-05-09,-3.0642626301781494e-14,1461.1770519812683,3.05319786179965,1.1920928955078125e-07,1.1920929e-07,1.1920929e-07,0.0,14.015994,19.435,11.87,27.0,458.13,1389.56,1.669440253748192,1.5657884
1993-05-10,-1.6241667128496434e-14,1456.4080406346695,3.383763323884227,1.1920928955078125e-07,1.1920929e-07,1.1920929e-07,0.0,14.015994,21.25,13.5,29.0,452.91,1560.0,1.4478726561528223,1.4731382
1993-05-11,-7.81862821708654e-15,1451.6864042606287,3.729515688583844,1.1920928955078125e-07,1.1920929e-07,1.1920929e-07,0.0,14.015994,22.995,15.0,30.99,452.43,1720.0,1.2574889290991345,1.4175481
1993-05-12,4.876230988534043e-15,1447.7167611702096,3.642110380389542,1.1920928955078125e-07,1.1920929e-07,12.09,12.09,14.111998,22.51,14.97,30.05,327.71,1711.18,1.1169383134911706,1.361958
1993-05-13,1.9770093727128838e-14,1444.4208838204743,2.5147277377823634,1.1920928955078125e-07,1.1920929e-07,8.79,8.79,14.111998,16.26,12.58,19.94,196.41,1448.46,1.012257567711056,1.4824033
1993-05-14,3.3311892328150535e-14,1441.6293960866433,2.1801320067806187,1.1920928955078125e-07,1.1920929e-07,1.1920929e-07,0.0,14.111998,13.95,7.05,20.85,445.17,1004.4,0.9313080887414389,1.371223
1993-05-15,4.1950559121051773e-14,1439.1729218439373,2.7137394071564387,1.1920928955078125e-07,1.1920929e-07,1.1920929e-07,0.0,14.208003,17.475,8.86,26.09,495.58,1149.14,0.8654458304564666,1.2229826
1993-05-16,4.2135026435285303e-14,1436.882084967577,3.113220317957486,1.1920928955078125e-07,1.1920929e-07,1.0,1.0,14.208003,19.82,13.67,25.97,393.97,1573.73,0.8082286672389208,1.1581275
1993-05-17,3.02559783864685e-14,1434.5890577077287,2.389790461327847,1.1920928955078125e-07,1.1920929e-07,1.01,1.01,14.208003,15.42,10.07,20.77,366.03,1245.89,0.7547449363111614,1.1673925
1993-05-18,2.703766015765916e-15,1432.2377148367202,2.21643052600792,1.1920928955078125e-07,1.1920929e-07,3.72,3.72,14.304006,14.105,8.84,19.37,276.29,1147.3,0.7035743171053337,1.1303325
1993-05-19,-3.446682384567458e-14,1429.84322332421,2.154902074357249,1.1920928955078125e-07,1.1920929e-07,5.0,5.0,14.304006,13.675,10.52,16.83,180.23,1281.49,0.655028554526834,1.3248979
1993-05-20,-7.208016241304747e-14,1427.3965233916028,2.087033633662612,1.1920928955078125e-07,1.1920929e-07,0.17,0.17,14.304006,13.185,8.92,17.45,317.05,1153.79,0.60888250052191,1.1951876
1993-05-21,-1.0096062090154717e-13,1424.8885552603047,1.9079967361943384,1.1920928955078125e-07,1.1920929e-07,1.1920929e-07,0.0,14.397217,11.67,4.54,18.8,474.85,842.98,0.564952946617383,1.0840074
1993-05-22,-1.119325705263682e-13,1422.3102591517204,2.0844924475808138,1.1920928955078125e-07,1.1920929e-07,1.1920929e-07,0.0,14.399997,13.115,7.0,19.23,428.29,1000.0,0.5230932427728325,1.0191522
1993-05-23,-9.582038250270489e-14,1419.6525752872553,2.153901477132206,1.1920928955078125e-07,1.1920929e-07,1.1920929e-07,0.0,14.399997,13.675,5.64,21.71,500.99,920.0,0.4831884097331589,0.99135715
1993-05-24,-1.5207342545064557e-14,1416.8995352390164,2.984958450191057,1.1920928955078125e-07,1.1920929e-07,0.21,0.21,14.399997,19.115,11.67,26.56,464.94,1373.62,0.4450588159046126,0.9635621
1993-05-25,1.8691834894294677e-13,1414.0486278418523,3.485558385900512,1.1920928955078125e-07,1.1920929e-07,1.1920929e-07,0.0,14.495997,21.69,15.71,27.67,397.29,1776.99,0.4087419822661337,0.93576705
1993-05-26,4.721720035520023e-13,1411.1385594055678,2.910616942865142,1.1920928955078125e-07,1.1920929e-07,1.1920929e-07,0.0,14.495997,18.645,11.78,25.51,450.46,1382.49,0.3747260929871928,0.8616469
1993-05-27,7.97687352906055e-13,1408.2095759003219,2.71079893693881,1.1920928955078125e-07,1.1920929e-07,1.1920929e-07,0.0,14.495997,17.485,9.58,25.39,491.9,1206.09,0.3433470723269149,0.8338518
1993-05-28,1.1205981286290572e-12,1405.3019232962731,3.359250111507685,1.1920928955078125e-07,1.1920929e-07,1.1920929e-07,0.0,14.495997,21.16,12.81,29.51,492.97,1465.53,0.314796114505907,0.8153218
1993-05-29,1.3980380623449619e-12,1402.4558475635804,3.8192427076942628,1.1920928955078125e-07,1.1920929e-07,1.1920929e-07,0.0,14.592003,23.31,17.62,29.0,384.0,2018.56,0.28915043824499714,0.7875267
1993-05-30,1.5871408856777213e-12,1399.711594672402,2.2445814040723464,1.1920928955078125e-07,1.1920929e-07,1.1920929e-07,0.0,14.592003,14.36,5.96,22.76,521.35,923.53,0.2664027472597454,0.75046664
1993-05-31,1.645040330251289e-12,1397.1094105928973,2.5967276725435986,1.1920928955078125e-07,1.1920929e-07,1.38,1.38,14.592003,16.79,10.76,22.82,402.45,1300.74,0.24648799484960895,2.2050748
1993-06-01,1.5288701276896167e-12,1394.6895412952247,2.3832164949245613,1.1920928955078125e-07,1.1920929e-07,34.28,34.28,14.592003,15.4,9.43,21.37,324.09,1194.76,0.22930680799385392,6.439189
1993-06-02,1.1957640096166572e-12,1392.4922327495428,2.100909767058955,1.1920928955078125e-07,1.1920929e-07,1.1920929e-07,0.0,14.592003,13.37,5.79,20.95,504.24,920.23,0.21474551678959306,1.2137177
1993-06-03,6.803308072141235e-13,1391.106476710664,2.5352606811813576,1.1920928955078125e-07,1.1920929e-07,1.42,1.42,14.688,16.355,9.92,22.79,441.4,1233.83,0.20604154177433975,1.0562123
1993-06-04,2.1873424589755933e-13,1391.2301857052753,2.682904406396936,1.1920928955078125e-07,1.1920929e-07,1.58,1.58,14.688,17.295,12.38,22.21,363.93,1430.63,0.20680400485771075,0.99135715
1993-06-05,-7.841202670451352e-14,1391.3585391151053,2.7162709939512837,1.1920928955078125e-07,1.1920929e-07,3.9,3.9,14.688,17.5,12.84,22.16,263.11,1468.05,0.20759807568187552,0.98209214
1993-06-06,-1.168709051360654e-13,1389.9914927689767,2.6821216552364393,1.1920928955078125e-07,1.1920929e-07,1.1920929e-07,0.0,14.688,17.305,11.84,22.77,400.91,1386.91,0.19929509960057415,0.93576705
1993-06-07,-5.5052946709747575e-14,1389.8198193552166,2.711645169066247,1.1920928955078125e-07,1.1920929e-07,1.1920929e-07,0.0,14.688,17.49,9.85,25.13,495.37,1227.83,0.19827616218547767,0.8338518
1993-06-08,-7.086412178907456e-15,1393.4611688923658,3.2261194397641777,1.1920928955078125e-07,1.1920929e-07,8.38,8.38,14.688,20.385,15.65,25.12,264.82,1772.3,0.22104894787879317,1.4824033
1993-06-09,1.4874985782721645e-14,1402.035583154698,4.175912621292946,1.1920928955078125e-07,1.1920929e-07,21.67,21.67,14.732102,24.72,17.09,32.35,350.9,1934.38,0.28554477694810576,3.7893932
1993-06-10,1.0198445821070666e-14,1408.147171223447,4.4014235692498795,1.1920928955078125e-07,1.1920929e-07,1.1920929e-07,0.0,14.783998,25.515,19.0,32.03,424.6,2200.16,0.34270791705789755,1.1581275
1993-06-11,6.126882233783457e-15,1404.2219618714712,4.083611317876681,1.1920928955078125e-07,1.1920929e-07,2.07,2.07,14.783998,24.235,18.74,29.73,378.68,2158.62,0.30480727957737075,0.99135715
1993-06-12,3.679597658531385e-15,1401.0967425797894,3.281245361811035,1.1920928955078125e-07,1.1920929e-07,1.1920929e-07,0.0,14.783998,20.47,13.5,27.44,464.54,1559.82,0.27765156666012913,0.898707
1993-06-13,1.8172466061321325e-15,1397.6993972909102,2.955010894521235,1.1920928955078125e-07,1.1920929e-07,1.1920929e-07,0.0,14.783998,18.73,11.96,25.5,463.7,1396.68,0.2508685510952623,0.8523819
1993-06-14,3.6182356679965933e-16,1394.4308263662108,2.993781746316191,1.1920928955078125e-07,1.1920929e-07,1.1920929e-07,0.0,14.783998,18.99,11.0,26.98,505.91,1320.0,0.22754230439173131,0.79679173
1993-06-15,-3.359788154209707e-16,1391.0767476241142,3.3755905120889462,1.1920928955078125e-07,1.1920929e-07,1.1920929e-07,0.0,14.783998,21.08,15.0,27.16,425.45,1719.9,0.20585873004851415,0.76899666
1993-06-16,-2.2916081756610695e-16,1387.5494429951987,3.3533625627776766,1.1920928955078125e-07,1.1920929e-07,1.1920929e-07,0.0,14.783998,21.01,14.56,27.46,440.96,1656.47,0.18528069853517135,0.75046664
1993-06-17,-8.861428768438272e-17,1383.968349557562,3.394602411798566,1.1920928955078125e-07,1.1920929e-07,1.1920929e-07,0.0,14.783998,21.265,12.72,29.81,508.23,1457.2,0.1664920810125055,0.70414156
1993-06-18,-2.805209501654542e-18,1380.0227168153958,4.229550996964888,1.1920928955078125e-07,1.1920929e-07,1.1920929e-07,0.0,14.783998,25.165,17.73,32.6,451.81,2036.37,0.1479891738834984,0.6856115
1993-06-19,8.92192599581019e-18,1376.0840647172479,4.642825606691542,1.1920928955078125e-07,1.1920929e-07,1.1920929e-07,0.0,14.783998,26.885,20.5,33.27,398.93,2400.0,0.13156998619267357,0.907972
1993-06-20,4.957180761361152e-18,1378.5579785935129,4.324671494665463,1.1920928955078125e-07,1.1920929e-07,11.3,11.3,14.783998,25.58,18.56,32.6,323.98,2129.64,0.14165648350152246,2.0753646
1993-06-21,2.7929972259687375e-18,1388.5879230972275,4.1212355416244595,1.1920928955078125e-07,1.1920929e-07,17.37,17.37,14.783998,24.595,19.09,30.1,276.8,2213.87,0.19111567692785442,2.4922905
1993-06-22,1.5813090853549948e-18,1398.2276869285126,3.9726647817628473,1.1920928955078125e-07,1.1920929e-07,12.11,12.11,14.783998,23.825,17.7,29.95,329.72,2029.5,0.2548570405846702,1.8993292
1993-06-23,8.703983364257454e-19,1400.1735782509404,3.5026654935217065,1.1920928955078125e-07,1.1920929e-07,1.1920929e-07,0.0,14.783998,21.605,14.13,29.08,470.4,1610.22,0.2701029405926203,0.97282714
1993-06-24,4.931818020364275e-19,1396.6561048400606,3.0782902180672727,1.1920928955078125e-07,1.1920929e-07,1.1920929e-07,0.0,14.783998,19.435,10.39,28.48,521.83,1271.41,0.2431743061775425,0.8153218
1993-06-25,2.431788214442731e-19,1393.2683928132424,3.3282339483397543,1.1920928955078125e-07,1.1920929e-07,1.1920929e-07,0.0,14.783998,20.81,11.65,29.97,517.28,1372.09,0.21978026597662492,0.75046664
1993-06-26,1.283013173816272e-19,1389.6538025341656,3.8177905450944936,1.1920928955078125e-07,1.1920929e-07,1.1920929e-07,0.0,14.783998,23.235,15.58,30.89,463.97,1766.51,0.19729575363955693,0.71340656
1993-06-27,1.6631304615281132e-20,1386.8059900290857,4.020414086571701,1.1920928955078125e-07,1.1920929e-07,1.42,1.42,14.783998,24.18,17.73,30.63,414.14,2036.7,0.18121314958574541,0.70414156
1993-06-28,-9.534412123335198e-20,1384.5644518304375,4.15243609545172,1.1920928955078125e-07,1.1920929e-07,1.1920929e-07,0.0,14.783998,24.78,17.82,31.74,431.38,2051.71,0.16948190344649064,0.6578164
1993-06-29,-1.760641291581685e-19,1382.4424119818493,3.971558472045489,1.1920928955078125e-07,1.1920929e-07,4.13,4.13,14.783998,24.02,18.49,29.55,306.92,2119.22,0.159076677204994,0.6485514
1993-06-30,-1.9396788815306472e-19,1379.9530945269485,3.8291908421486736,1.1920928955078125e-07,1.1920929e-07,1.1920929e-07,0.0,14.783998,23.41,17.72,29.1,383.86,2034.6,0.1476818563452973,0.6578164
1993-07-01,-1.3137966175974684e-19,1378.2738844286046,3.7402817778220627,1.1920928955078125e-07,1.1920929e-07,2.19,2.19,14.783998,23.02,18.53,27.51,297.98,2125.15,0.1404599673800759,0.6300214
1993-07-02,-7.590291875129663e-20,1385.6417424101335,3.212983024263086,1.1920928955078125e-07,1.1920929e-07,14.1,14.1,14.783998,20.3,18.21,22.39,125.21,2096.34,0.17502203456999194,0.88944197
1993-07-03,-4.5038193182405785e-20,1392.5785110108952,4.068528465625581,1.1920928955078125e-07,1.1920929e-07,7.84,7.84,14.781217,24.32,19.12,29.52,272.74,2219.82,0.2152994347301004,1.0840074
1993-07-04,-2.629959449858035e-20,1392.615230570744,4.381202895945291,1.1920928955078125e-07,1.1920929e-07,1.29,1.29,14.689652,25.745,19.02,32.47,412.03,2203.85,0.21553561242582467,0.7319366
1993-07-05,-1.46936859357677e-20,1388.038196654005,4.766225441398967,1.1920928955078125e-07,1.1920929e-07,1.1920929e-07,0.0,14.688,27.32,21.17,33.47,391.85,2507.91,0.18800436144018007,0.6392864
1993-07-06,-5.919204281867511e-21,1383.3089387430903,4.793497269577184,1.1920928955078125e-07,1.1920929e-07,1.1920929e-07,0.0,14.688,27.485,21.63,33.34,376.93,2580.7,0.16324613158581613,0.6114913
1993-07-07,-1.451669804635974e-21,1381.2242563194345,4.858103651851151,1.1920928955078125e-07,1.1920929e-07,7.0,7.0,14.688,27.755,21.07,34.44,309.26,2491.98,0.1533947500825275,3.1593719
1993-07-08,-7.615502788969068e-22,1380.7334297005743,5.044093544363735,1.1920928955078125e-07,1.1920929e-07,1.1920929e-07,0.0,14.688,28.445,21.86,35.03,402.46,2617.6,0.1511631282250171,0.80605674
1993-07-09,-3.3007633500453818e-22,1376.6658493472855,4.899737167271334,1.1920928955078125e-07,1.1920929e-07,1.1920929e-07,0.0,14.688,27.97,21.23,34.71,412.2,2516.56,0.13387544309456875,0.6670815
1993-07-10,-1.1283961833283566e-22,1371.1956928548577,5.1594667941016095,1.1920928955078125e-07,1.1920929e-07,1.1920929e-07,0.0,14.636108,29.05,23.46,34.64,354.94,2875.37,0.11370211624249808,0.6022263
1993-07-11,-6.153783948858054e-23,1366.116815836576,4.712080859021189,1.1920928955078125e-07,1.1920929e-07,1.1920929e-07,0.0,14.592003,27.52,21.33,33.71,391.82,2532.07,0.09770346289042034,0.6114913
1993-07-12,-2.4130702152379992e-23,1361.3836271621878,4.5310623537612535,1.1920928955078125e-07,1.1920929e-07,1.1920929e-07,0.0,14.592003,26.875,21.23,32.52,371.01,2516.09,0.08482697111135709,0.54663616
1993-07-13,-5.495228174810319e-24,1356.8397637985045,4.422800331419494,1.1920928955078125e-07,1.1920929e-07,1.1920929e-07,0.0,14.592003,26.5,20.15,32.85,405.82,2343.48,0.0740649909952319,0.51884115
1993-07-14,-1.3602171733661962e-24,1352.3346545706024,4.541060684953978,1.1920928955078125e-07,1.1920929e-07,1.1920929e-07,0.0,14.592003,27.035,20.34,33.73,418.37,2374.47,0.06474325345133893,0.48178104
1993-07-15,5.4726149297745036e-24,1347.851216059819,4.276564426185852,1.1920928955078125e-07,1.1920929e-07,1.47,1.47,14.540109,26.08,20.7,31.46,339.91,2432.55,0.056631370573900774,0.48178104
1993-07-16,1.382930752999143e-23,1343.4762339941863,3.4291898374493313,1.1920928955078125e-07,1.1920929e-07,1.1920929e-07,0.0,14.495997,22.295,14.69,29.9,474.44,1670.35,0.04969652212296058,0.453986
1993-07-17,2.2056942938415565e-23,1339.2976866831366,3.322352280286201,1.1920928955078125e-07,1.1920929e-07,1.1920929e-07,0.0,14.495997,21.8,14.27,29.33,475.15,1617.06,0.043867422901128675,0.42619094
1993-07-18,2.850260346617787e-23,1335.4035524361027,3.323230355818085,1.1920928955078125e-07,1.1920929e-07,1.1920929e-07,0.0,14.495997,21.855,14.13,29.58,480.77,1603.58,0.03905226922570859,0.4169259
1993-07-19,3.1513371424409304e-23,1331.8818095625172,3.8413741088314826,1.1920928955078125e-07,1.1920929e-07,1.1920929e-07,0.0,14.4441,24.5,20.36,28.64,299.77,2378.15,0.035154367214458776,0.46325102
1993-07-20,2.943632912424085e-23,1328.8204363718132,4.037656258327304,1.1920928955078125e-07,1.1920929e-07,18.9,18.9,14.399997,25.48,19.5,31.46,298.7,2279.92,0.03208351782385841,1.0098872
1993-07-21,2.0256157599789556e-23,1326.2891604777299,3.668309194511529,1.1920928955078125e-07,1.1920929e-07,1.1920929e-07,0.0,14.399997,23.815,16.94,30.69,442.89,1915.91,0.02974805193765603,0.51884115
1993-07-22,-1.1023518253303793e-23,1323.5736689508085,3.1823763955528497,1.1920928955078125e-07,1.1920929e-07,1.1920929e-07,0.0,14.399997,21.375,14.53,28.22,451.86,1633.62,0.0274312961249004,0.46325102
1993-07-23,-6.424258714709206e-23,1320.3478715805168,3.0921988705615413,1.1920928955078125e-07,1.1920929e-07,1.1920929e-07,0.0,14.305658,21.035,12.61,29.46,503.71,1409.48,0.02491247697273662,0.4169259
1993-07-24,-1.2928700818691342e-22,1316.7214618674998,3.171321488182661,1.1920928955078125e-07,1.1920929e-07,1.1920929e-07,0.0,14.304006,21.52,13.62,29.42,487.46,1526.6,0.022355927334361064,0.39839587
1993-07-25,-1.9604274047810613e-22,1312.804133312402,3.6844019573912092,1.1920928955078125e-07,1.1920929e-07,1.1920929e-07,0.0,14.304006,24.19,18.42,29.96,395.02,2109.24,0.019888227459569002,0.4076609
1993-07-26,-2.543957431260082e-22,1308.7055794158684,3.84738080700717,1.1920928955078125e-07,1.1920929e-07,0.01,0.01,14.301225,25.015,20.9,29.13,301.75,2464.56,0.017597439873771763,0.39839587
1993-07-27,-2.9423197523595804e-22,1304.5354936785438,4.299671666206894,1.1920928955078125e-07,1.1920929e-07,1.1920929e-07,0.0,14.208003,27.18,21.33,33.03,387.66,2524.16,0.01553729233687179,0.38913086
1993-07-28,-3.054373959132937e-22,1300.403569601073,4.308645499386064,1.1920928955078125e-07,1.1920929e-07,1.1920929e-07,0.0,14.208003,27.275,19.3,35.25,466.37,2158.72,0.013733968042001608,0.36133578
1993-07-29,-2.7789796426335346e-22,1296.4195006841007,4.1537346208597485,1.1920928955078125e-07,1.1920929e-07,10.29,10.29,14.208003,26.67,19.37,33.97,332.62,2255.12,0.012193657403158129,0.52810615
1993-07-30,-2.0153793829302024e-22,1292.6929234251859,3.5762180419823033,1.1920928955078125e-07,1.1920929e-07,1.1920929e-07,0.0,14.111998,24.175,18.16,30.19,405.56,2087.81,0.010909651549974704,0.43545595
1993-07-31,-1.1131201024243818e-22,1289.2244336511949,3.2127696648321082,1.1920928955078125e-07,1.1920929e-07,1.1920929e-07,0.0,14.111998,22.345,16.82,27.87,387.97,1905.62,0.009836360364593445,0.37986583
1993-08-01,-5.023942274893217e-23,1285.8446522591305,3.4665388786075337,1.1920928955078125e-07,1.1920929e-07,1.1920929e-07,0.0,14.111998,23.72,17.04,30.4,428.33,1920.93,0.00889218067191409,0.37060082
1993-08-02,-2.5401339302079663e-23,1282.3760972171237,3.4729271236647947,1.1920928955078125e-07,1.1920929e-07,1.1920929e-07,0.0,14.015994,23.92,17.2,30.64,426.35,1949.64,0.008017352585731375,0.35207078
1993-08-03,-1.3269765674708423e-23,1278.5814794146052,3.679706712964801,1.1920928955078125e-07,1.1920929e-07,1.1920929e-07,0.0,14.015994,24.995,18.1,31.89,427.38,2074.05,0.0071585585567369376,0.34280574
1993-08-04,-5.7832944089487045e-24,1274.9371341013805,3.5433090035549912,1.1920928955078125e-07,1.1920929e-07,1.1920929e-07,0.0,14.013214,24.38,17.54,31.22,427.41,1984.06,0.006420499065994915,0.3242757
1993-08-05,-3.2425528341688873e-24,1271.1998517368647,2.9111796772996708,1.1920928955078125e-07,1.1920929e-07,1.52,1.52,13.920003,21.12,15.26,26.98,390.49,1730.71,0.005742577475928732,0.3150107
1993-08-06,-1.9595914939048306e-24,1286.8706869321277,2.647069763290281,1.1920928955078125e-07,1.1920929e-07,33.64,33.64,13.920003,19.285,14.59,23.98,257.2,1660.61,0.009168811198302988,0.5095761
1993-08-07,-1.1861174218568873e-24,1304.2690601545191,2.8536404846674674,1.1920928955078125e-07,1.1920929e-07,6.85,6.85,13.824,20.455,15.44,25.47,269.16,1755.22,0.015414180917692404,0.8616469
1993-08-08,-7.163308781336078e-25,1305.8576203208252,3.021183985404622,1.1920928955078125e-07,1.1920929e-07,2.61,2.61,13.824,21.415,15.21,27.62,348.55,1736.82,0.01616291018938787,0.5559012
1993-08-09,-4.0355383088703646e-25,1304.1669982396907,3.0304085944857473,1.1920928955078125e-07,1.1920929e-07,1.1920929e-07,0.0,13.824,21.49,14.47,28.51,445.13,1645.29,0.015367279817043427,0.43545595
1993-08-10,-1.7058293976774879e-25,1301.0872096918024,3.11531134296746,1.1920928955078125e-07,1.1920929e-07,1.1920929e-07,0.0,13.727997,22.13,16.0,28.26,405.58,1800.0,0.014017188067781065,0.39839587
1993-08-11,-5.477776134416728e-26,1298.158495629084,3.257226397655952,1.1920928955078125e-07,1.1920929e-07,1.1920929e-07,0.0,13.727997,22.945,18.09,27.8,338.09,2081.51,0.012843512352777265,0.75973165
1993-08-12,-2.882454856659923e-26,1296.0034084961842,3.0095431073818397,1.1920928955078125e-07,1.1920929e-07,29.46,29.46,13.6761,21.665,15.7,27.63,299.52,1776.25,0.012043104544389031,3.5299728
1993-08-13,-8.015457837134866e-27,1293.695377537692,3.302566692057125,1.1920928955078125e-07,1.1920929e-07,1.1920929e-07,0.0,13.632,23.37,17.21,29.53,400.96,1953.51,0.011241127108608771,0.70414156
1993-08-14,4.088461941653725e-27,1290.9940942711323,3.3754518916290266,1.1920928955078125e-07,1.1920929e-07,1.1920929e-07,0.0,13.632,23.79,17.15,30.43,416.19,1944.79,0.010370074984583082,0.51884115
1993-08-15,4.220566422341187e-27,1287.699245874526,3.380368165309205,1.1920928955078125e-07,1.1920929e-07,1.1920929e-07,0.0,13.535997,23.985,17.14,30.83,423.19,1941.83,0.009398468347322343,0.44472098
1993-08-16,2.14887117198084e-27,1284.9133062903722,3.4955612014141217,1.1920928955078125e-07,1.1920929e-07,1.1920929e-07,0.0,13.535997,24.615,18.9,30.33,373.8,2183.63,0.008648312408938518,0.4169259
1993-08-17,9.052092365703904e-28,1285.5597086329567,3.527252772684777,1.1920928955078125e-07,1.1920929e-07,9.05,9.05,13.44165,24.89,19.74,30.04,259.83,2299.43,0.008816848322974942,0.49104607
1993-08-18,5.024273870552994e-28,1289.098724120196,3.2686197430578434,1.1920928955078125e-07,1.1920929e-07,7.44,7.44,13.439995,23.5,17.99,29.01,276.0,2078.51,0.009799509449784232,0.58369625
1993-08-19,2.732312227607524e-28,1287.9216614081115,3.172811690187151,1.1920928955078125e-07,1.1920929e-07,1.1920929e-07,0.0,13.439995,22.995,17.29,28.7,379.28,1966.22,0.009461090136789103,0.44472098
1993-08-20,1.5690924464072025e-28,1287.0394642855053,3.37062322932242,1.1920928955078125e-07,1.1920929e-07,5.2,5.2,13.343997,24.195,18.79,29.6,291.85,2167.25,0.009215132672431169,0.42619094
1993-08-21,8.836015446405781e-29,1284.9668993340888,3.1339418487609354,1.1920928955078125e-07,1.1920929e-07,1.1920929e-07,0.0,13.343997,22.945,18.19,27.7,332.88,2095.25,0.008662162344159457,0.4169259
1993-08-22,5.072026041821737e-29,1282.313136075159,2.4445369379113266,1.1920928955078125e-07,1.1920929e-07,1.1920929e-07,0.0,13.248009,18.835,10.87,26.8,478.08,1309.58,0.008002294982156887,0.38913086
1993-08-23,2.4312449783863844e-29,1279.5732157814116,2.798623907583656,1.1920928955078125e-07,1.1920929e-07,1.1920929e-07,0.0,13.248009,21.18,13.1,29.26,470.76,1495.92,0.007373702000715638,0.37060082
1993-08-24,6.026821273494335e-30,1276.4980629003087,3.3050301256784502,1.1920928955078125e-07,1.1920929e-07,1.1920929e-07,0.0,13.196108,24.19,17.71,30.67,404.53,2033.6,0.006726816713844396,0.36133578
1993-08-25,1.5988960020135746e-31,1272.9716351241323,3.7388969349855024,1.1920928955078125e-07,1.1920929e-07,1.1920929e-07,0.0,13.152,26.495,19.94,33.05,392.19,2314.84,0.006054549790180375,0.35207078
1993-08-26,8.606689360873468e-32,1269.2829235827344,3.7342920365513597,1.1920928955078125e-07,1.1920929e-07,1.1920929e-07,0.0,13.152,26.525,19.46,33.59,407.27,2272.31,0.005423126769615433,0.34280574
1993-08-27,3.6736821472063223e-32,1265.5684794713777,3.724041901986247,1.1920928955078125e-07,1.1920929e-07,1.1920929e-07,0.0,13.056,26.66,19.55,33.77,407.5,2284.13,0.0048538234973603284,0.3242757
1993-08-28,1.822563884064942e-32,1262.2635901355338,3.9366126864037367,1.1920928955078125e-07,1.1920929e-07,1.1920929e-07,0.0,13.056,27.71,20.59,34.83,400.49,2414.25,0.004397734065958106,0.30574566
1993-08-29,1.0830955340668917e-32,1265.5215905117518,3.449156570963284,1.1920928955078125e-07,1.1920929e-07,12.0,12.0,12.96,25.42,18.19,32.65,309.78,2095.35,0.004847032852274825,0.3242757
1993-08-30,6.478754743413586e-33,1267.8885764791446,3.346559528340447,1.1920928955078125e-07,1.1920929e-07,1.1920929e-07,0.0,12.96,24.85,17.5,32.2,416.52,2000.12,0.0052019843333376056,0.3242757
1993-08-31,3.875194375673511e-33,1264.306242161924,3.3735628605857912,1.1920928955078125e-07,1.1920929e-07,1.1920929e-07,0.0,12.864003,25.175,18.5,31.85,390.7,2120.0,0.004674297515885059,0.29648066
1993-09-01,2.2913021827710617e-33,1260.8989448230964,3.433181992234711,1.1920928955078125e-07,1.1920929e-07,1.1920929e-07,0.0,12.864003,25.535,19.77,31.3,351.8,2301.42,0.00422214743828759,0.28721562
1993-09-02,1.3736987799493437e-33,1257.2430133349105,3.5840130771060092,1.1920928955078125e-07,1.1920929e-07,1.1920929e-07,0.0,12.861222,26.36,20.27,32.45,361.3,2362.64,0.003785527107705265,0.28721562
1993-09-03,8.241876057020617e-34,1255.6291497527702,3.9234124545916282,1.1920928955078125e-07,1.1920929e-07,3.13,3.13,12.768005,28.15,22.81,33.49,276.13,2769.54,0.0036074401901981168,1.0376823
1993-09-04,4.9249700765383255e-34,1273.3175216384789,3.24631165713323,1.1920928955078125e-07,1.1920929e-07,37.42,37.42,12.768005,24.5,20.18,28.82,212.96,2348.61,0.006117401981801288,3.7060082
1993-09-05,2.9680867089420246e-34,1286.5685540468987,2.7698828942877323,1.1920928955078125e-07,1.1920929e-07,1.1920929e-07,0.0,12.672003,21.675,16.35,27.0,345.11,1855.55,0.009086470598301545,0.7319366
1993-09-06,1.7895274559207433e-34,1283.983008946613,2.659000709567017,1.1920928955078125e-07,1.1920929e-07,1.1920929e-07,0.0,12.672003,21.005,13.51,28.5,426.31,1560.97,0.008411395593979337,0.5003111
1993-09-07,9.858832068632697e-35,1281.9703960438687,2.8233164571719573,1.1920928955078125e-07,1.1920929e-07,1.1920929e-07,0.0,12.576006,22.2,16.34,28.06,361.48,1852.75,0.007920820889874943,0.44472098
1993-09-08,2.619405174513636e-35,1283.187293964224,2.668810359664445,1.1920928955078125e-07,1.1920929e-07,23.2,23.2,12.576006,21.21,17.0,25.42,212.95,1920.52,0.008213909210407778,0.42619094
1993-09-09,-2.3261947485834451e-35,1289.2370166129776,2.6950840676568375,1.1920928955078125e-07,1.1920929e-07,1.1920929e-07,0.0,12.479998,21.43,16.94,25.92,299.42,1915.54,0.00984005659744581,0.6763465
1993-09-10,-3.2836978466766865e-35,1301.642711746317,2.778279755567018,1.1920928955078125e-07,1.1920929e-07,18.98,18.98,12.479998,21.79,17.5,26.08,214.4,2000.79,0.014251618299975299,1.2600428
1993-09-11,-1.955380242205646e-35,1307.1982341532562,1.9511750957299492,1.1920928955078125e-07,1.1920929e-07,1.1920929e-07,0.0,12.383997,15.875,8.27,23.48,438.57,1101.7,0.016823002467522285,0.53737116
1993-09-12,-1.1699334078989973e-35,1305.1276486961794,1.8499669568895025,1.1920928955078125e-07,1.1920929e-07,1.1920929e-07,0.0,12.383997,15.025,5.75,24.3,471.8,920.03,0.015814443126090365,0.44472098
1993-09-13,-6.985301239723764e-36,1302.938869441664,2.5016131619042468,1.1920928955078125e-07,1.1920929e-07,1.1920929e-07,0.0,12.287997,20.235,12.88,27.59,409.95,1470.24,0.014813976840873556,0.42619094
1993-09-14,-4.021929394976813e-36,1299.5545097028507,2.7303591648437195,1.1920928955078125e-07,1.1920929e-07,1.1920929e-07,0.0,12.287997,21.785,14.5,29.07,399.49,1645.6,0.013390171523685034,0.39839587
1993-09-15,-2.201227499756182e-36,1296.868763528143,3.2200278384051244,1.1920928955078125e-07,1.1920929e-07,1.1920929e-07,0.0,12.287997,24.71,18.23,31.19,357.97,2098.68,0.012358326084047772,0.4169259
1993-09-16,-1.3236738801202536e-36,1312.0127914004208,2.7215973089360306,1.1920928955078125e-07,1.1920929e-07,31.49,31.49,12.191998,21.7,15.01,28.39,280.32,1720.82,0.019423819076775175,0.94503206
1993-09-17,-8.004505677144434e-37,1335.1244399733182,1.9032996663571,1.1920928955078125e-07,1.1920929e-07,18.78,18.78,12.191998,15.375,13.99,16.76,78.83,1599.1,0.03872817033717255,0.72267157
1993-09-18,-4.695785057373714e-37,1344.0182818614653,2.2295774299980575,1.1920928955078125e-07,1.1920929e-07,4.35,4.35,12.096,18.025,14.5,21.55,178.01,1640.0,0.05050737715327404,1.0191522
1993-09-19,-2.6595126417271518e-37,1343.1473885420312,1.9054463459862039,1.1920928955078125e-07,1.1920929e-07,1.1920929e-07,0.0,12.096,15.425,9.56,21.29,362.2,1204.84,0.04921095651883476,0.6300214
1993-09-20,-1.5708359019518464e-37,1341.2505989458402,1.5727428043285363,1.1920928955078125e-07,1.1920929e-07,1.1920929e-07,0.0,12.000003,12.46,5.92,19.0,390.56,921.04,0.04650137981336811,0.5095761
1993-09-21,-9.15215774200581e-38,1341.0796583340739,1.8251944021923763,1.1920928955078125e-07,1.1920929e-07,3.26,3.26,12.000003,14.875,10.63,19.12,212.45,1290.69,0.04626464415038106,0.5003111
1993-09-22,-4.850704789634122e-38,1341.5837680996465,2.002598134239509,1.1920928955078125e-07,1.1920929e-07,5.15,5.15,11.903997,16.53,13.23,19.83,170.33,1517.06,0.04696627277731307,0.5929613
1993-09-23,-1.699032211050829e-38,1340.9183380547718,2.030126509652116,1.1920928955078125e-07,1.1920929e-07,1.1920929e-07,0.0,11.903997,16.765,10.68,22.85,365.67,1294.52,0.0460423371660226,0.51884115
1993-09-24,-3.3420857030314445e-39,1339.3864422107458,1.9446787252551667,1.1920928955078125e-07,1.1920929e-07,1.1920929e-07,0.0,11.808,16.205,10.28,22.13,359.39,1262.66,0.043983828411904756,0.47251603
1993-09-25,-1.9393087129936353e-39,1341.686029561918,1.6563722620565962,1.1920928955078125e-07,1.1920929e-07,5.87,5.87,11.808,13.55,7.79,19.31,268.6,1063.27,0.047109895022779735,0.44472098
1993-09-26,-1.0941882501520002e-39,1353.2293648124726,2.1710045207620783,1.1920928955078125e-07,1.1920929e-07,19.98,19.98,11.711997,18.005,12.03,23.98,265.2,1402.08,0.06649612945146048,0.99135715
1993-09-27,-6.4017085617390235e-40,1367.1807231539503,2.242842450280587,1.1920928955078125e-07,1.1920929e-07,12.58,12.58,11.711997,18.38,13.59,23.17,227.32,1567.11,0.1008569449705605,0.92650205
1993-09-28,-3.603508413182517e-40,1373.761668645884,1.7014955144734776,1.1920928955078125e-07,1.1920929e-07,4.75,4.75,11.711997,13.735,8.83,18.64,295.49,1146.14,0.122755781825631,1.1766576
1993-09-29,-1.5237239446680776e-40,1375.2818558318972,1.5196999288666044,1.1920928955078125e-07,1.1920929e-07,1.1920929e-07,0.0,11.616,12.03,6.51,17.55,350.8,960.42,0.12845601978196897,0.6578164
1993-09-30,1.1605519332598089e-40,1375.6833323537485,1.3387592137030857,1.1920928955078125e-07,1.1920929e-07,1.0,1.0,11.616,10.015,5.19,14.84,323.63,895.52,0.13000512404023298,0.56516623
1993-10-01,3.750754092929223e-40,1375.4061723961754,1.1605029988125708,1.1920928955078125e-07,1.1920929e-07,1.1920929e-07,0.0,11.520008,7.92,-0.08,15.92,422.26,604.64,0.12893371418699334,0.52810615
1993-10-02,5.517651276317072e-40,1374.8324979318643,1.7517842054127764,1.1920928955078125e-07,1.1920929e-07,1.0,1.0,11.520008,14.465,6.81,22.12,398.46,984.8,0.1267440461085903,0.5003111
1993-10-03,5.732012225400273e-40,1374.344430933501,1.7779664764952754,1.1920928955078125e-07,1.1920929e-07,5.6,5.6,11.423997,14.85,9.15,20.55,253.62,1172.23,0.12491043656225981,0.57443124
1993-10-04,3.746416369411416e-40,1374.2193439505052,1.580535160918206,1.1920928955078125e-07,1.1920929e-07,1.1920929e-07,0.0,11.423997,12.94,4.76,21.12,402.67,860.85,0.1244447855900064,0.49104607
1993-10-05,2.448180416775453e-41,1373.6632800874204,1.6213952260247448,1.1920928955078125e-07,1.1920929e-07,1.1920929e-07,0.0,11.328,13.495,7.37,19.62,346.2,1029.72,0.12239569334417034,0.44472098
1993-10-06,-3.624332791753697e-40,1372.5352322937567,1.3234299616181404,1.1920928955078125e-07,1.1920929e-07,1.1920929e-07,0.0,11.328,10.265,1.86,18.67,404.36,708.76,0.11834190744088985,0.4169259
1993-10-07,-6.826311439905097e-40,1370.9711704927001,1.6808754347599615,1.1920928955078125e-07,1.1920929e-07,1.1920929e-07,0.0,11.232,14.25,6.08,22.42,387.58,934.11,0.11294243100962789,0.4169259
1993-10-08,-8.326393211799457e-40,1369.1070646074375,1.8344765377120305,1.1920928955078125e-07,1.1920929e-07,1.1920929e-07,0.0,11.232,15.705,8.79,22.62,351.09,1143.31,0.10682797087161583,0.39839587
1993-10-09,-7.089853416459557e-40,1367.0788845611546,1.9849607030490848,1.1920928955078125e-07,1.1920929e-07,1.1920929e-07,0.0,11.138781,17.175,9.54,24.81,359.18,1203.52,0.10055073557215695,0.38913086
1993-10-10,-4.157245990568589e-40,1364.7468039526877,1.5357770076234873,1.1920928955078125e-07,1.1920929e-07,0.93,0.93,11.136,13.0,4.22,21.78,354.26,818.34,0.09378746526738442,0.37060082
1993-10-11,-2.2844665102895493e-40,1363.9761978495187,0.9799062293047767,1.1920928955078125e-07,1.1920929e-07,1.1920929e-07,0.0,11.136,5.975,-1.0,12.95,355.05,562.39,0.09165417001542821,0.35207078
1993-10-12,-1.36627239111317e-40,1374.812512487204,1.221898053588146,1.1920928955078125e-07,1.1920929e-07,21.25,21.25,11.04,9.39,5.5,13.28,174.46,920.0,0.12666843732680605,0.6300214
1993-10-13,-8.255058272490217e-41,1383.6669711374661,1.232127935157881,1.1920928955078125e-07,1.1920929e-07,1.1920929e-07,0.0,11.04,9.42,5.22,13.62,249.0,897.99,0.16500061412073164,0.74120164
1993-10-14,-4.979504163399172e-41,1382.0345099461986,1.1906584505563784,1.1920928955078125e-07,1.1920929e-07,1.1920929e-07,0.0,10.944003,9.04,4.9,13.18,247.9,872.39,0.15715101178410126,0.49104607
1993-10-15,-2.919138345522153e-41,1381.2163123057057,1.350871707902825,1.1920928955078125e-07,1.1920929e-07,1.8,1.8,10.944003,11.035,6.58,15.49,260.1,966.21,0.1533583703579771,0.453986
1993-10-16,-1.3840219372090372e-41,1379.9977144408472,1.3910341208578607,1.1920928955078125e-07,1.1920929e-07,1.1920929e-07,0.0,10.848002,11.655,5.47,17.84,321.92,917.97,0.1478787381711704,0.43545595
1993-10-17,-5.1109893961944956e-42,1378.3542782504899,1.6271484752188605,1.1920928955078125e-07,1.1920929e-07,1.1920929e-07,0.0,10.848002,14.2,10.01,18.39,235.73,1240.78,0.14079753206937998,0.42619094
1993-10-18,-2.70958389545551e-42,1376.6511654058932,1.72903516659549,1.1920928955078125e-07,1.1920929e-07,1.1920929e-07,0.0,10.803894,15.28,10.13,20.43,270.24,1250.55,0.13381676056968958,0.43545595
1993-10-19,-1.029999655868438e-42,1376.445799965664,1.5278354216273216,1.1920928955078125e-07,1.1920929e-07,1.1920929e-07,0.0,10.752,13.345,8.75,17.94,250.61,1139.61,0.1329987338695274,0.4076609
1993-10-20,-2.43357090676565e-44,1379.9756003211028,1.5190083951527193,1.1920928955078125e-07,1.1920929e-07,10.77,10.77,10.752,13.21,11.07,15.35,96.18,1325.85,0.14778112858957346,0.48178104
1993-10-21,9.638796868183125e-44,1387.731071673153,1.911493944716667,1.1920928955078125e-07,1.1920929e-07,10.33,10.33,10.655997,17.035,12.66,21.41,175.15,1452.71,0.18628821735203926,0.6485514
1993-10-22,5.24277177831134e-44,1389.4488193289935,1.2646669966789266,1.1920928955078125e-07,1.1920929e-07,1.1920929e-07,0.0,10.655997,10.32,4.47,16.17,295.96,837.24,0.19609191549600918,0.70414156
1993-10-23,2.855401658510239e-44,1387.9712585066588,1.1123171909679992,1.1920928955078125e-07,1.1920929e-07,1.1920929e-07,0.0,10.559998,8.47,1.34,15.6,328.33,667.4,0.18762898404612005,0.52810615
1993-10-24,1.6250501578212307e-44,1386.5903084938457,1.2435734661086582,1.1920928955078125e-07,1.1920929e-07,1.1920929e-07,0.0,10.559998,10.23,1.49,18.97,348.41,679.34,0.18004991992874053,0.47251603
1993-10-25,8.782382010005409e-45,1385.0575046318288,1.4654515617999426,1.1920928955078125e-07,1.1920929e-07,1.1920929e-07,0.0,10.558345,12.865,3.26,22.47,349.03,780.83,0.17199539749097514,0.453986
1993-10-26,-1.3173220857792424e-44,1383.448480854267,1.4238601723273876,1.1920928955078125e-07,1.1920929e-07,1.1920929e-07,0.0,10.464,12.565,6.13,19.0,291.17,930.72,0.1639277066028755,0.44472098
1993-10-27,-8.05074147483035e-44,1381.9141697562438,1.4271582870873356,1.1920928955078125e-07,1.1920929e-07,1.0,1.0,10.464,12.62,8.56,16.68,206.31,1124.76,0.15658736335411577,0.44472098
1993-10-28,-1.8586880618991228e-43,1380.4555830321005,1.1937435784508146,1.1920928955078125e-07,1.1920929e-07,1.1920929e-07,0.0,10.367997,9.945,4.37,15.52,264.88,829.28,0.14991427529182644,0.43545595
1993-10-29,-3.211488398499987e-43,1379.0705807506097,1.1547594094864715,1.1920928955078125e-07,1.1920929e-07,1.1920929e-07,0.0,10.367997,9.44,1.38,17.5,320.02,670.49,0.14384125011200538,0.4169259
1993-10-30,-4.7823896039594286e-43,1377.7570229805438,1.2003774649685819,1.1920928955078125e-07,1.1920929e-07,15.18,15.18,10.323892,10.13,5.4,14.86,171.01,912.24,0.13830896777738425,0.54663616
1993-10-31,-6.490306124951251e-43,1376.5127697906757,0.8626915677432828,1.1920928955078125e-07,1.1920929e-07,11.83,11.83,10.272,5.13,3.61,6.65,64.99,800.0,0.13326494203711442,1.4082831
1993-11-01,-8.254152408149252e-43,1375.335681249778,0.809975152111784,1.1920928955078125e-07,1.1920929e-07,2.38,2.38,10.272,4.195,1.59,6.8,127.65,687.12,0.12866262977752316,1.1581275
1993-11-02,-9.992842900227235e-43,1374.2236174266232,0.8036324779571132,1.1920928955078125e-07,1.1920929e-07,1.1920929e-07,0.0,10.176,4.23,-1.19,9.65,262.03,560.0,0.12446066542998198,0.7319366
1993-11-03,-1.1625292047858992e-42,1373.1744383899838,0.8048973750797552,1.1920928955078125e-07,1.1920929e-07,1.1920929e-07,0.0,10.176,4.265,0.0,8.53,221.93,600.0,0.12062220139665421,0.6300214
1993-11-04,-1.3070414297718336e-42,1372.1860042086328,0.9220738640587905,1.1920928955078125e-07,1.1920929e-07,1.1920929e-07,0.0,10.176,6.33,-0.96,13.62,302.57,563.06,0.1171143385430961,0.58369625
1993-11-05,-1.4247124096479063e-42,1371.2561749513427,1.2109286569834554,1.1920928955078125e-07,1.1920929e-07,2.65,2.65,10.079997,10.72,6.21,15.23,185.07,940.86,0.11390763336605401,0.56516623
1993-11-06,-1.5074335890814968e-42,1370.3828106868857,1.1477246802540217,1.1920928955078125e-07,1.1920929e-07,0.3,0.3,10.079997,9.885,4.93,14.84,237.54,874.22,0.11097567057080723,0.6207563
1993-11-07,-1.547096412739986e-42,1369.563771484035,0.7088484117243133,1.1920928955078125e-07,1.1920929e-07,1.1920929e-07,0.0,10.035892,2.62,-1.67,6.91,223.62,546.06,0.10829469156240494,0.5559012
1993-11-08,-1.5355923252907536e-42,1368.796917411563,0.7035963932024193,1.1920928955078125e-07,1.1920929e-07,1.1920929e-07,0.0,9.983997,2.595,-4.48,9.67,297.66,440.0,0.10584327083207144,0.52810615
1993-11-09,-1.4648127714011796e-42,1368.0801085382423,0.7264098747345634,1.1920928955078125e-07,1.1920929e-07,1.1920929e-07,0.0,9.983997,3.075,-4.48,10.63,302.74,440.0,0.10360203345530378,0.5095761
1993-11-10,-1.3266491957386437e-42,1367.4112049328453,0.814351799279282,1.1920928955078125e-07,1.1920929e-07,1.1920929e-07,0.0,9.888,4.935,-2.68,12.55,298.63,505.42,0.1015534079535443,0.5095761
1993-11-11,-1.1129930429705269e-42,1366.7880666641452,0.8624637614686572,1.1920928955078125e-07,1.1920929e-07,1.1920929e-07,0.0,9.888,5.81,-2.86,14.48,304.96,491.85,0.0996814096411854,0.5003111
1993-11-12,-8.1573575776421e-43,1366.208553800914,1.165284126865035,1.1920928955078125e-07,1.1920929e-07,1.1920929e-07,0.0,9.888,10.475,3.94,17.01,264.12,807.15,0.09797145031215145,0.48178104
1993-11-13,-3.4563073307704447e-43,1365.758783717727,0.9647101575269517,1.1920928955078125e-07,1.1920929e-07,4.0,4.0,9.792,7.685,3.09,12.28,159.54,767.1,0.09666456440545193,0.48178104
1993-11-14,3.948637427025179e-43,1365.6336511979248,1.4845005912893183,1.1920928955078125e-07,1.1920929e-07,2.03,2.03,9.792,14.525,7.27,21.78,262.28,1021.25,0.09630407968339351,0.52810615
1993-11-15,1.218082481506141e-42,1365.8105516449893,2.0502674604896614,1.1920928955078125e-07,1.1920929e-07,1.1920929e-07,0.0,9.792,19.91,15.49,24.33,183.04,1758.88,0.09681409297832272,0.54663616
1993-11-16,1.9256942460420873e-42,1366.257232003287,1.3131042294642497,1.1920928955078125e-07,1.1920929e-07,1.1920929e-07,0.0,9.698783,12.685,5.34,20.03,263.49,905.15,0.09811394876367086,0.5095761
1993-11-17,2.3193677990186172e-42,1366.941439217185,1.1238617913247473,1.1920928955078125e-07,1.1920929e-07,4.05,4.05,9.696003,10.205,5.51,14.9,159.39,915.43,0.10013893695823456,0.5003111
1993-11-18,2.200771903143992e-42,1367.8309202310495,1.0897302397426303,1.1920928955078125e-07,1.1920929e-07,6.0,6.0,9.696003,9.71,4.71,14.71,158.15,856.98,0.10283406790591804,0.57443124
1993-11-19,1.3599877440218389e-42,1368.8132436160092,0.8447410060892145,1.1920928955078125e-07,1.1920929e-07,1.1920929e-07,0.0,9.696003,5.77,0.54,11.0,217.78,636.63,0.1058948785634411,0.54663616
1993-11-20,-2.820222687267173e-43,1369.1883273209546,0.8341285313473897,1.1920928955078125e-07,1.1920929e-07,1.1920929e-07,0.0,9.6,5.725,1.36,10.09,188.91,669.05,0.10708748661428451,0.5095761
1993-11-21,-2.301576490495182e-42,1368.9402324821924,0.663884305881845,1.1920928955078125e-07,1.1920929e-07,1.1920929e-07,0.0,9.6,2.315,-5.0,9.63,261.8,440.0,0.106297155036233,0.453986
1993-11-22,-4.208226206822787e-42,1368.2430608144073,0.8379589069533705,1.1920928955078125e-07,1.1920929e-07,1.1920929e-07,0.0,9.6,5.805,-2.58,14.19,269.86,512.2,0.10410732971308274,0.43545595
1993-11-23,-5.511522703248765e-42,1367.270914032284,0.8865470763476327,1.1920928955078125e-07,1.1920929e-07,1.1920929e-07,0.0,9.555897,6.745,-1.5,14.99,265.88,560.0,0.10112891042647446,0.43545595
1993-11-24,-5.721017265312348e-42,1366.1978938505076,0.8917495911507196,1.1920928955078125e-07,1.1920929e-07,1.1920929e-07,0.0,9.504003,6.93,0.42,13.44,238.83,633.56,0.09794027247118621,0.42619094
1993-11-25,-5.985742303444026e-13,1365.1969419546476,0.8171584630894604,1.1920928955078125e-07,1.1920929e-07,1.1920929e-07,0.0,9.504003,5.61,0.71,10.51,201.0,640.0,0.0950564975788716,0.4169259
1993-11-26,-3.5739650405285254e-11,1364.35900327248,0.5819631106922594,1.1920928955078125e-07,1.1920929e-07,1.1920929e-07,0.0,9.504003,0.585,-4.82,5.99,215.97,436.46,0.09270776829359381,0.4169259
1993-11-27,6.22871455803715e-11,1371.3517415045217,0.8863186506042358,1.1920928955078125e-07,1.1920929e-07,19.96,19.96,9.459894,6.85,1.76,11.94,151.12,700.44,0.11423312433309125,0.42619094
1993-11-28,3.696283642961852e-11,1429.18162521823,1.1831654962564913,1.1920928955078125e-07,1.1920929e-07,94.54,94.54,9.408,10.79,5.64,15.94,149.33,919.17,0.6422160965815449,24.922905
1993-11-29,2.2385089787902557e-11,1474.793020325867,0.7499206335859459,1.1920928955078125e-07,1.1920929e-07,1.1920929e-07,0.0,9.408,3.315,-1.38,8.01,192.9,558.44,2.5068668564396264,3.0667217
1993-11-30,1.3555986261726693e-11,1471.5450212285607,0.6636440806575666,1.1920928955078125e-07,1.1920929e-07,1.1920929e-07,0.0,9.408,1.545,-3.0,6.09,185.96,480.0,2.2751705476718276,1.9363892
1993-12-01,7.593203879724512e-12,1468.5935071414076,0.5897923295130657,1.1920928955078125e-07,1.1920929e-07,1.1920929e-07,0.0,9.408,-0.14,-6.36,6.08,226.16,371.29,2.0832491490057716,1.4731382
1993-12-02,3.129833860513439e-12,1465.7085051250963,0.7632890891601561,1.1920928955078125e-07,1.1920929e-07,1.1920929e-07,0.0,9.363897,3.74,-1.96,9.44,210.55,531.52,1.9113091614001707,1.2971028
1993-12-03,9.170809325288276e-13,1463.2320749786625,0.9200306764517153,1.1920928955078125e-07,1.1920929e-07,1.1920929e-07,0.0,9.311997,6.67,0.54,12.8,215.18,633.03,1.775083083187576,1.1766576
1993-12-04,5.363013506097721e-13,1468.173032371236,0.9503458217046212,1.1920928955078125e-07,1.1920929e-07,21.11,21.11,9.311997,7.115,3.61,10.62,106.17,800.0,2.057258432333264,1.5287284
1993-12-05,3.2402128966544803e-13,1510.3522278776359,1.0543530295741714,1.1920928955078125e-07,1.1920929e-07,69.06,69.06,9.311997,8.28,5.1,11.46,96.91,887.67,7.248248342824213,31.130468
1993-12-06,1.962652462158698e-13,1531.6033415989916,0.7855053895981109,1.1920928955078125e-07,1.1920929e-07,1.1920929e-07,0.0,9.311997,3.595,-1.79,8.98,200.67,536.99,13.670977691416248,6.087118
1993-12-07,1.1833087857557563e-13,1519.7487722968494,0.86001897485998,1.1920928955078125e-07,1.1920929e-07,1.1920929e-07,0.0,9.311997,5.07,1.88,8.26,131.34,710.5,9.595763231907082,2.8165662
1993-12-08,6.714758399276923e-14,1510.0676545148283,0.7364319913169208,1.1920928955078125e-07,1.1920929e-07,1.1920929e-07,0.0,9.310348,2.85,-2.05,7.75,189.06,527.63,7.186922434060054,2.28846
1993-12-09,3.4318982216939064e-14,1502.6871972825832,0.710806793899876,1.1920928955078125e-07,1.1920929e-07,1.1920929e-07,0.0,9.2187805,2.545,-3.58,8.67,218.59,471.86,5.76553239155084,1.9641843
1993-12-10,1.9963288309384317e-14,1498.935586997121,0.7970541069573459,1.1920928955078125e-07,1.1920929e-07,4.44,4.44,9.216,4.29,-0.3,8.88,135.74,599.36,5.154561196598125,1.843739
1993-12-11,1.2049720986388268e-14,1496.792360609921,0.7018337948153913,1.1920928955078125e-07,1.1920929e-07,2.53,2.53,9.216,2.42,-3.65,8.49,190.73,467.88,4.835040863368041,1.9919794
1993-12-12,-9.036371903020898e-09,1493.0503547191768,0.4824158301580166,1.1920928955078125e-07,1.1920929e-07,1.1920929e-07,0.0,9.216,-2.945,-7.4,1.51,183.98,354.68,4.323913270338127,1.4731382
1993-12-13,-2.1772460714102024e-08,1488.5301268226162,0.6955966627772048,1.1920928955078125e-07,1.1920929e-07,1.1920929e-07,0.0,9.216,2.37,-3.96,8.7,222.91,452.53,3.7780045212854345,1.352693
1993-12-14,-1.681094363002467e-08,1484.305866353128,0.7450955135910788,1.1920928955078125e-07,1.1920929e-07,1.1920929e-07,0.0,9.216,3.43,-2.24,9.1,210.19,520.4,3.330318947523047,1.3063679
1993-12-15,-5.3409344543013436e-09,1481.2730579996712,0.7599746729971711,1.1920928955078125e-07,1.1920929e-07,2.0,2.0,9.216,3.755,0.44,7.07,141.33,628.15,3.0419980323683067,1.2971028
1993-12-16,4.514351323171388e-09,1478.950479764998,0.854746201528169,1.1920928955078125e-07,1.1920929e-07,2.33,2.33,9.216,5.545,3.0,8.09,103.9,760.0,2.8381914943470994,1.4175481
1993-12-17,9.744532362025613e-09,1476.6413923003588,0.6105597690543133,1.1920928955078125e-07,1.1920929e-07,1.1920929e-07,0.0,9.216,0.58,-5.43,6.59,221.28,409.74,2.649106367365687,1.1488625
1993-12-18,7.638146489980976e-09,1473.6282324050374,0.6375771079834786,1.1920928955078125e-07,1.1920929e-07,1.1920929e-07,0.0,9.216,1.24,-3.62,6.1,194.67,468.39,2.421181136698085,1.0932723
1993-12-19,3.737513881730105e-09,1469.8348817179854,0.7596851628487161,1.1920928955078125e-07,1.1920929e-07,3.1,3.1,9.216,3.865,0.19,7.54,121.44,614.88,2.1619134879339867,1.2044526
1993-12-20,1.441955394630623e-09,1468.4709213670305,0.6930022260494251,1.1920928955078125e-07,1.1920929e-07,1.1920929e-07,0.0,9.216,2.515,-1.4,6.43,166.32,560.0,2.0756380536193544,1.1210674
1993-12-21,7.77116503413793e-10,1476.0155347171283,0.6806766256859024,1.1920928955078125e-07,1.1920929e-07,17.77,17.77,9.216,2.175,-0.5,4.85,92.45,600.0,2.600062595163408,3.140842
1993-12-22,4.0429985278943604e-08,1480.8991953273514,0.5975033702525206,1.1920928955078125e-07,1.1920929e-07,1.1920929e-07,0.0,9.216,0.225,-2.1,2.55,112.94,520.12,3.0082296893575133,1.834474
1993-12-23,0.002166795990216647,1477.4507860904546,0.586093194418157,1.1920928955078125e-07,1.1920929e-07,1.1920929e-07,0.0,9.216,-0.02,-3.22,3.18,153.79,480.23,2.7139068185449453,1.380488
1993-12-24,0.02285896077942765,1474.3057377861596,0.489026673434209,1.1920928955078125e-07,1.1920929e-07,1.1920929e-07,0.0,9.216,-2.575,-6.5,1.35,184.18,360.0,2.470657813697648,1.2044526
1993-12-25,0.38707049166973256,1471.4668869170087,0.4519826033313101,1.1920928955078125e-07,0.88,1.1920929e-07,0.88,9.216,-3.655,-7.28,-0.03,192.54,359.2,2.2698689143838915,1.1488625
1993-12-26,1.786129203706494,1468.8708230168836,0.37576496123656666,1.1920928955078125e-07,1.92,1.1920929e-07,1.92,9.216,-6.185,-10.9,-1.47,235.53,275.74,2.100570254789101,1.0562123
1993-12-27,2.7990448431571107,1466.4942549536463,0.3292796894542296,1.1920928955078125e-07,1.1920929e-07,1.1920929e-07,0.0,9.216,-7.955,-10.52,-5.39,150.59,280.0,1.9566803436209042,1.0376823
1993-12-28,4.032301288835303,1464.2694375657127,0.3385518776233964,1.1920928955078125e-07,2.47,1.1920929e-07,2.47,9.216,-7.56,-9.34,-5.78,98.08,293.08,1.8309240432348035,1.0191522
1993-12-29,6.408153389349335,1462.176483866876,0.30242920599346307,1.1920928955078125e-07,2.0,1.1920929e-07,2.0,9.216,-9.055,-12.35,-5.76,192.0,240.0,1.7200088058921,0.97282714
1993-12-30,7.287156717368206,1460.1809950129193,0.3532853342681867,1.1920928955078125e-07,1.1920929e-07,1.1920929e-07,0.0,9.216,-6.945,-9.71,-4.18,167.93,280.0,1.6205217145096156,0.92650205
1993-12-31,7.287162094475937,1458.2502538669542,0.3625432471762033,1.1920928955078125e-07,1.1920929e-07,1.1920929e-07,0.0,9.216,-6.575,-12.6,-0.55,276.14,240.0,1.5297435577838363,0.898707
1994-01-01,7.287162094475911,1456.3564687589337,0.4657339219532581,1.1920928955078125e-07,1.1920929e-07,1.1920929e-07,0.0,9.216,-3.09,-8.64,2.46,253.82,316.66,1.4456448910563815,0.8709119
1994-01-02,4.352394625563624,1457.2541368605912,0.7119885969501176,4.352394625563624,1.1920929e-07,1.1920929e-07,0.0,9.267895,2.945,-1.55,7.44,221.32,553.62,1.4849157995319133,0.8523819
1994-01-03,1.5990506929585313,1457.8418209791328,0.5982402939329089,1.509872830684571,1.1920929e-07,1.1920929e-07,0.0,9.311997,0.32,-2.91,3.55,162.12,491.31,1.5112016527899665,0.8245868
1994-01-04,5.625744612445367,1459.1439387630296,0.5205432269614383,1.1920928955078125e-07,14.976425,0.03357457,15.01,9.311997,-1.69,-3.47,0.09,71.11,477.02,1.5711121402818429,0.8709119
1994-01-05,13.185717492219336,1457.135322233981,0.45288975530134884,1.1920928955078125e-07,1.1920929e-07,1.1920929e-07,0.0,9.311997,-3.635,-7.07,-0.2,171.14,359.98,1.47965729747183,0.92650205
1994-01-06,13.821047716852071,1455.286181801909,0.3701597959884616,1.1920928955078125e-07,1.99,1.1920929e-07,1.99,9.311997,-6.405,-10.09,-2.72,203.03,280.0,1.4001773489092344,0.8801769
1994-01-07,18.57428151857447,1453.5009743077749,0.4816554134597639,1.1920928955078125e-07,7.359999,6.580353e-07,7.36,9.311997,-2.735,-5.19,-0.28,107.51,424.94,1.327498329814355,0.76899666
1994-01-08,26.56740927278693,1451.7459513020754,0.42851000803294487,1.1920928955078125e-07,7.48,1.1920929e-07,7.48,9.311997,-4.355,-8.75,0.04,174.72,319.91,1.2597266757866499,0.88944197
1994-01-09,30.033664753044047,1450.1415874202462,0.32626920228433,1.1920928955078125e-07,1.1920929e-07,1.1920929e-07,0.0,9.408,-8.205,-12.52,-3.89,233.01,240.0,1.2008044510734392,1.0191522
1994-01-10,30.034153049310095,1448.6610152609242,0.3113104956270178,1.1920928955078125e-07,1.1920929e-07,1.1920929e-07,0.0,9.408,-8.82,-14.54,-3.1,275.27,200.0,1.148876850668026,0.92650205
1994-01-11,29.999002090701634,1447.1779127118555,0.41134874086810547,1.1920928955078125e-07,1.1920929e-07,1.1920929e-07,0.0,9.408,-5.02,-10.59,0.55,272.2,280.0,1.0991117643757327,0.8338518
1994-01-12,34.73753931839856,1445.6344841652817,0.5341811740718149,1.1920928955078125e-07,8.793692,0.68630767,9.48,9.408,-1.335,-3.47,0.8,97.19,479.83,1.0496100427813344,0.7875267
1994-01-13,35.63592984719467,1447.9682577243375,0.5865675616548666,1.1920928955078125e-07,1.1920929e-07,1.1920929e-07,0.0,9.408,-0.015,-2.14,2.11,129.2,524.53,1.1253571732325163,0.8338518
1994-01-14,36.13422755705249,1446.4216650118026,0.5080639326128119,1.1920928955078125e-07,1.0699854,1.4604927e-05,1.07,9.504003,-2.2,-6.35,1.95,231.21,373.2,1.0745718870569907,0.8801769
1994-01-15,36.680019157599546,1444.9870551619947,0.27011600027041066,1.1920928955078125e-07,1.1920929e-07,1.1920929e-07,0.0,9.504003,-10.8,-16.51,-5.09,284.82,160.0,1.0295149663343142,0.7875267
1994-01-16,36.50890957191003,1443.7555189173854,0.1952087255094251,1.1920928955078125e-07,1.1920929e-07,1.1920929e-07,0.0,9.504003,-14.97,-19.48,-10.46,253.4,120.0,0.9923460416503932,0.6948765
1994-01-17,52.766617361222636,1442.5282580457078,0.32786811169209057,1.1920928955078125e-07,30.63,1.1920929e-07,30.63,9.504003,-8.205,-13.8,-2.61,218.73,200.0,0.9566411504173016,0.6485514
1994-01-18,76.90240642718679,1441.2562200820735,0.30670044905473953,1.1920928955078125e-07,16.66,1.1920929e-07,16.66,9.6,-9.22,-17.57,-0.87,253.76,160.0,0.9209887885771764,0.6485514
1994-01-19,84.50676349297312,1440.1536100893566,0.12228960967376448,1.1920928955078125e-07,1.1920929e-07,1.1920929e-07,0.0,9.6,-20.81,-25.89,-15.73,288.61,80.0,0.8911619343991677,0.6948765
1994-01-20,84.64881127641307,1439.1325750021242,0.16798917425280008,1.1920928955078125e-07,1.26,1.1920929e-07,1.26,9.6,-16.935,-22.7,-11.17,309.94,100.17,0.8644038770502586,0.7875267
1994-01-21,85.19909084988574,1438.1003154290886,0.18874666039361446,1.1920928955078125e-07,1.1920929e-07,1.1920929e-07,0.0,9.602783,-15.475,-23.81,-7.14,349.29,81.75,0.8381683068024263,0.92650205
1994-01-22,85.24583406216293,1436.9801345078508,0.36564544839125845,1.1920928955078125e-07,1.1920929e-07,1.1920929e-07,0.0,9.696003,-6.95,-14.78,0.88,344.7,200.0,0.8105982730597298,1.2044526
1994-01-23,85.24003657854338,1435.7804060341787,0.44302275943071545,1.1920928955078125e-07,1.1920929e-07,1.1920929e-07,0.0,9.696003,-4.3,-10.85,2.25,328.56,280.0,0.7820753680422213,1.389753
1994-01-24,72.35182760714287,1447.2239241699226,0.8115308858730023,42.853328704833984,1.1920929e-07,1.1920929e-07,0.0,9.696003,4.325,-1.1,9.75,297.83,560.0,1.1006227719251882,1.5379933
1994-01-25,29.60401734714886,1486.8996129233267,0.7903855353395666,29.60401734714886,1.1920929e-07,1.1920929e-07,0.0,9.792,3.38,0.31,6.45,201.55,625.06,3.5984820859123494,2.3903751
1994-01-26,19.823708276163888,1495.549983762638,0.5555369438744019,1.1920928955078125e-07,8.745165,0.004834421,8.75,9.792,-1.83,-6.76,3.1,220.82,365.45,4.65897150579766,9.200165
1994-01-27,26.37273730504252,1490.7990300072884,0.33986057869879127,1.1920928955078125e-07,3.71,1.1920929e-07,3.71,9.792,-8.565,-11.24,-5.89,142.64,260.4,4.042813387583811,4.456475
1994-01-28,38.65693724249853,1486.5876521199111,0.5084358967592539,1.1920928955078125e-07,20.28,1.1920929e-07,20.28,9.888,-3.135,-9.8,3.53,263.35,280.03,3.565119573238749,5.5775423
1994-01-29,38.98608485377309,1491.9253450026301,0.7548977607255869,24.664289474487305,1.1920929e-07,1.1920929e-07,0.0,9.888,2.505,-0.53,5.54,212.5,597.83,4.181083083051041,10.191523
1994-01-30,25.974088565355764,1499.1090868614756,0.5728884441381402,1.1920928955078125e-07,1.1920929e-07,1.1920929e-07,0.0,9.888,-1.565,-4.91,1.78,235.74,440.0,5.181332940016922,4.3174996
1994-01-31,26.0098935444753,1493.7716090520116,0.4910607720171893,1.1920928955078125e-07,1.1920929e-07,1.1920929e-07,0.0,9.983997,-3.825,-8.15,0.5,291.19,320.32,4.418039473173106,2.8814213
1994-02-01,26.090145937156446,1489.1537766047688,0.44838307798564003,1.1920928955078125e-07,0.1,1.1920929e-07,0.1,9.983997,-5.045,-8.7,-1.39,262.2,320.0,3.8490135273355497,2.3811102
1994-02-02,26.129274301613098,1485.1325725612805,0.3572479652324326,1.1920928955078125e-07,1.1920929e-07,1.1920929e-07,0.0,9.983997,-8.105,-13.16,-3.05,327.07,222.0,3.4135467630191996,2.0012443
1994-02-03,26.132902693310275,1481.4849680744935,0.46256607746840334,1.1920928955078125e-07,1.1920929e-07,1.1920929e-07,0.0,10.079997,-4.675,-11.19,1.84,365.04,261.55,3.061306402811771,1.880799
1994-02-04,26.132727489143736,1478.0818563884486,0.5238386284980752,1.1920928955078125e-07,1.1920929e-07,1.1920929e-07,0.0,10.079997,-2.905,-10.71,4.9,386.61,279.88,2.765528377899105,1.7047638
1994-02-05,24.77447987792936,1476.1887361791235,0.6780140853152927,7.670979244931459,1.1920929e-07,1.1920929e-07,0.0,10.079997,0.805,-4.59,6.2,330.79,438.02,2.6135435059641936,1.6677036
1994-02-06,15.98038511904397,1481.4589941346196,0.6918904142848473,8.722482881031056,1.1920929e-07,1.1920929e-07,0.0,10.176,0.91,-5.66,7.48,363.69,405.11,3.0589331900974,1.6862336
1994-02-07,6.392708064261164,1486.9533174845633,0.7398319466698386,6.392708064261164,1.1920929e-07,1.1920929e-07,0.0,10.176,1.835,-4.51,8.18,358.22,440.0,3.6042569157387216,1.9178592
1994-02-08,6.476396266053395,1486.842491940178,0.5619881771101741,1.1920928955078125e-07,10.009925,7.487863e-05,10.01,10.270348,-2.26,-8.36,3.84,269.72,320.0,3.592350043472629,2.0846295
1994-02-09,19.650806995962554,1482.9548315876075,0.44335614117466693,1.1920928955078125e-07,15.47,1.1920929e-07,15.47,10.272,-5.535,-8.7,-2.37,176.11,320.0,3.198650204966416,1.7325587
1994-02-10,27.872266539813452,1479.5207501075135,0.3558100967853214,1.1920928955078125e-07,1.1920929e-07,1.1920929e-07,0.0,10.272,-8.49,-12.28,-4.7,279.11,239.91,2.8869314969361,1.4082831
1994-02-11,40.22005950204188,1476.4196766813443,0.3644456016462844,1.1920928955078125e-07,24.21,1.1920929e-07,24.21,10.367997,-8.265,-11.51,-5.02,188.62,242.86,2.631627254107129,1.2137177
1994-02-12,53.93262240340081,1473.473956325028,0.4987127613740509,1.1920928955078125e-07,3.88,1.1920929e-07,3.88,10.367997,-3.945,-6.97,-0.92,187.09,360.0,2.4100539229965823,1.6213785
1994-02-13,54.758862900169966,1473.3131318926842,0.6947158372473964,6.6667488696978126,1.1920929e-07,3.18,3.18,10.419894,0.705,-3.11,4.52,238.87,480.0,2.3985088438328424,1.7603538
1994-02-14,52.12596991027226,1474.1221514942977,0.6460135189153143,1.1920928955078125e-07,1.1920929e-07,1.1920929e-07,0.0,10.464,-0.415,-4.03,3.2,279.9,450.49,2.4571519138104714,1.6677036
1994-02-15,52.13289502238532,1471.1424251566882,0.5995598138866931,1.1920928955078125e-07,1.1920929e-07,1.1920929e-07,0.0,10.464,-1.455,-10.17,7.26,449.56,280.42,2.2479851136609375,1.6028485
1994-02-16,42.57038108580946,1477.7249796715905,0.8215380835172316,28.861759185791016,1.1920929e-07,1.1920929e-07,0.0,10.559998,2.925,-2.22,8.07,358.71,521.09,2.7362164097840997,1.5657884
1994-02-17,24.335833412028077,1491.5595712421157,0.7271267294804025,9.572720460679648,1.1920929e-07,1.1920929e-07,0.0,10.559998,0.995,-6.68,8.67,440.59,368.55,4.13566880555018,1.5843184
1994-02-18,10.069445946056804,1500.2401075614778,0.9040897699198208,10.069445946056804,1.1920929e-07,1.1920929e-07,0.0,10.655997,3.99,-5.18,13.16,459.24,422.29,5.359294489945447,1.6491736
1994-02-19,3.683029949733781,1500.2265527174748,1.0228839422166722,3.6830299497337804,1.1920929e-07,1.1920929e-07,0.0,10.655997,5.85,-3.03,14.73,455.81,489.87,5.357125913712572,2.0383043
1994-02-20,1.3452294696958706,1496.3227885255576,1.2376010244126563,1.3452275353310181,1.1920929e-07,1.1920929e-07,0.0,10.655997,8.82,1.6,16.04,425.22,687.33,4.767724305916587,6.485514
1994-02-21,0.49050363979205586,1494.853223173497,1.1707403182557006,0.48689614184954405,1.1920929e-07,7.64,7.64,10.752,7.835,3.65,12.02,235.79,799.82,4.563048143993847,14.360782
1994-02-22,0.1847240528543679,1493.365797057229,0.891182294426401,0.15956515108459388,1.1920929e-07,1.1920929e-07,0.0,10.752,3.71,-0.58,8.0,331.6,587.27,4.364830308240328,8.4404335
1994-02-23,0.08159211871233482,1500.3848593545679,0.7607122962770392,0.05657286654249658,1.1920929e-07,21.32,21.32,10.848002,1.175,-2.13,4.48,207.21,520.23,5.382507467450471,8.060568
1994-02-24,0.04182740969807546,1509.7368456213323,0.8048759361492162,0.02522486361094278,1.1920929e-07,11.3,11.3,10.848002,1.91,-1.5,5.32,213.04,560.0,7.116284578990579,11.673925
1994-02-25,0.04337678402152302,1506.6664454666106,0.699006609951665,1.1920928955078125e-07,1.1920929e-07,1.1920929e-07,0.0,10.944003,-0.24,-4.61,4.13,352.19,439.98,6.49290350961074,5.9203477
1994-02-26,0.05080357534528124,1500.128183685474,0.6138691151974252,1.1920928955078125e-07,1.1920929e-07,1.1920929e-07,0.0,10.944003,-2.035,-6.52,2.45,361.05,371.35,5.341414579988815,3.6133578
1994-02-27,0.05080372386808775,1494.7240897333913,0.4043092581911302,1.1920928955078125e-07,1.1920929e-07,1.1920929e-07,0.0,10.946783,-7.765,-12.74,-2.79,396.93,240.0,4.545488438698542,2.5478806
1994-02-28,0.050803574417958436,1490.0665760327622,0.44900842602819174,1.1920928955078125e-07,1.1920929e-07,1.1920929e-07,0.0,11.04,-6.415,-12.27,-0.56,434.85,240.07,3.9553584777825925,2.1124246
1994-03-01,1.3119569786845067,1485.856639419642,0.5438076646305031,1.1920928955078125e-07,4.32,1.1920929e-07,4.32,11.04,-3.73,-6.96,-0.5,214.71,360.0,3.4881483312185853,1.9085941
1994-03-02,13.3926647737517,1481.995940752906,0.591679989354534,1.1920928955078125e-07,20.619997,3.6871434e-06,20.62,11.136,-2.63,-4.22,-1.04,115.46,440.0,3.108369667611298,1.8715341
1994-03-03,28.364227338161946,1490.7655554961495,0.7237851106985287,1.0000828935917099,0.00013072371,33.22987,33.23,11.136,0.165,-3.31,3.64,232.26,479.98,4.038774689848978,2.0290394
1994-03-04,14.111010783761708,1516.2378150117052,0.9631215912491503,14.111010783761708,1.1920929e-07,2.07,2.07,11.232,3.99,-0.62,8.6,332.53,584.99,8.640768945545458,1.9085941
1994-03-05,5.164894584936174,1516.1009911348726,1.009404085178412,5.164894584936174,1.1920929e-07,1.1920929e-07,0.0,11.232,4.695,1.7,7.69,278.18,695.61,8.605540952121743,3.0667217
1994-03-06,1.8873239831337831,1510.5270144787207,0.8008386030153896,1.8873063096862757,1.1920929e-07,1.1920929e-07,0.0,11.328,1.195,-4.5,6.89,454.09,440.0,7.2861741966041595,3.668948
1994-03-07,0.6882778831796168,1504.1795296729224,1.0351477312950748,0.6875729208714259,1.1920929e-07,1.1920929e-07,0.0,11.328,5.065,-3.14,13.27,515.58,482.41,6.028242625280222,3.9191036
1994-03-08,0.2546198028873004,1498.27685301005,1.076922992721336,0.23611344470518472,1.1920929e-07,1.0,1.0,11.423997,5.595,1.67,9.52,356.05,693.93,5.054169395189896,7.245246
1994-03-09,0.10576371256170242,1497.5473222372934,0.7686129137572439,0.07822098326349039,5.8829784e-07,9.869999,9.87,11.423997,0.6,-3.64,4.84,292.14,468.97,4.945268248090953,4.44721
1994-03-10,0.05128755950287809,1506.3033179082295,0.8322429837333841,0.032079356267948965,1.1920929e-07,21.57,21.57,11.423997,1.675,-2.23,5.58,278.87,519.82,6.422886050143866,14.824033
1994-03-11,0.026720332805531044,1508.3528412497146,0.8165903255290681,0.015134484525268718,1.1920929e-07,1.1920929e-07,0.0,11.520008,1.255,-3.22,5.73,410.71,480.0,6.8282074382874915,8.338518
1994-03-12,0.014452278881037882,1501.445953868094,0.7728183977395628,0.0076859670742739855,1.1920929e-07,1.1920929e-07,0.0,11.520008,0.52,-6.2,7.24,509.59,380.53,5.555766941392157,5.7443123
1994-03-13,0.007632139897001719,1495.4942478983057,1.0019795043745114,0.003961623200437678,1.1920929e-07,1.1920929e-07,0.0,11.616,4.285,-3.49,12.06,528.64,469.25,4.651224677935292,6.88391
1994-03-14,0.004542987537644645,1490.164415273916,1.0783587407764754,0.002323081735958638,1.1920929e-07,1.1920929e-07,0.0,11.616,5.445,0.1,10.79,445.45,614.09,3.9669300896287742,10.654773
1994-03-15,0.0027212508730228096,1485.7720776426409,1.221082721430197,0.0013791373099416387,1.1920929e-07,0.88,0.88,11.711997,7.26,1.29,13.23,469.74,662.92,3.479352410082343,9.0056
1994-03-16,0.001537005199671135,1481.8294391279783,0.9532850813243409,0.0007744084460298791,1.1920929e-07,1.1920929e-07,0.0,11.711997,3.555,-3.2,10.31,504.91,480.0,3.0929550594877204,6.402129
1994-03-17,-0.03514719461006225,1478.1313453813377,0.6037075769456398,1.1920928955078125e-07,1.1920929e-07,1.1920929e-07,0.0,11.808,-3.135,-8.37,2.1,457.35,320.84,2.769617857717627,4.0024886
1994-03-18,1.0446471553006327,1474.916332591478,0.697077723729082,1.1920928955078125e-07,1.0271617,1.1928383,2.22,11.808,-1.065,-3.97,1.84,276.68,442.16,2.5161137897291947,3.3632023
1994-03-19,0.6277531295472677,1473.319070940914,0.8581125562252341,0.6265763995321855,1.1920929e-07,1.1920929e-07,0.0,11.903997,1.845,-2.36,6.05,403.06,515.21,2.398934204287944,3.3817325
1994-03-20,0.23373973781778964,1470.1499864889856,1.077350923578779,0.21315364267882678,1.1920929e-07,1.1920929e-07,0.0,11.903997,5.265,-0.83,11.36,505.47,573.21,2.182349602418145,4.2155843
1994-03-21,0.09851946891761129,1470.434704994679,0.9965578771437257,0.07173574337647066,1.1920929e-07,7.15,7.15,12.000003,3.97,-1.61,9.55,369.36,549.13,2.200981099411635,4.928991
1994-03-22,0.048478262294526335,1475.5680707002043,1.2616455048011825,0.03000206135528111,1.1920929e-07,8.6,8.6,12.000003,7.495,1.82,13.17,371.13,703.31,2.565555817025326,7.4768715
1994-03-23,0.02593783090002396,1475.916539613964,1.8414468852629797,0.014641476537786968,1.1920929e-07,1.1920929e-07,0.0,12.000003,13.46,2.81,24.11,575.12,744.93,2.592388692954115,4.4842696
1994-03-24,0.01410084313298228,1472.9395678456315,2.0126816968886585,0.007546684000392185,1.1920929e-07,2.08,2.08,12.096,14.81,6.15,23.47,539.29,940.89,2.371904837389941,3.9283686
1994-03-25,0.008118672259237777,1471.09467845326,1.646207378904755,0.00422402777690322,1.1920929e-07,2.35,2.35,12.096,11.585,4.14,19.03,483.78,811.28,2.244782624126743,3.5485027
1994-03-26,0.004703873941000908,1469.2480608099688,0.9859126111882469,0.002407242848328256,1.1920929e-07,1.1920929e-07,0.0,12.191998,3.585,-2.23,9.4,490.53,520.0,2.124363900034475,2.7887712
1994-03-27,0.0027895751277463294,1483.6221383891195,1.0999665024397898,0.001414240625885674,1.1920929e-07,29.31,29.31,12.191998,5.08,1.92,8.24,235.32,713.52,3.263020640730559,10.840074
1994-03-28,0.0016661803626796198,1503.7395121807854,1.2497119815891518,0.0008400304132832216,1.1920929e-07,22.86,22.86,12.287997,6.695,4.74,8.65,152.78,859.49,5.9495613610338145,9.542971
1994-03-29,0.0009910208176853144,1514.3368009656583,1.1129618655948683,0.0004979656944004826,1.1920929e-07,18.98,18.98,12.287997,4.83,0.26,9.4,322.27,620.54,8.163974626939934,11.859226
1994-03-30,0.000563810208437604,1511.6009696135661,1.1440306260757265,0.0002826998069914687,1.1920929e-07,1.1920929e-07,0.0,12.383997,5.155,0.31,10.0,450.17,624.66,7.523599934332362,5.6979876
1994-03-31,0.00033238602199046994,1503.9934833077975,1.170329206754368,0.00016646921190998157,1.1920929e-07,1.1920929e-07,0.0,12.383997,5.575,-1.61,12.76,548.69,547.65,5.994848762822351,4.113669
1994-04-01,0.00018951865194860102,1497.2602034509696,1.439673139186036,9.484911924601543e-05,1.1920929e-07,1.1920929e-07,0.0,12.479998,8.705,2.27,15.14,512.18,721.75,4.9030547185822915,3.4373224
1994-04-02,0.00010560904293105714,1491.5565181037323,1.7226328218224214,5.2832404637809037e-05,1.1920929e-07,1.1920929e-07,0.0,12.479998,11.59,3.75,19.43,546.71,797.12,4.1352918129072185,2.8999512
1994-04-03,3.3618519850964185e-05,1487.3292648406216,2.0580907067973033,1.6812085437647907e-05,1.1920929e-07,1.1920929e-07,0.0,12.576006,14.38,7.75,21.01,498.25,1059.85,3.644942725894031,2.5942056
1994-04-04,-1.4477381870132077e-05,1483.691448586683,1.45852700772019,1.1920928955078125e-07,1.1920929e-07,2.0,2.0,12.576006,8.93,0.52,17.34,561.3,639.51,3.269780331704803,2.4644954
1994-04-05,-2.2914772596971592e-05,1479.6932506718952,1.6297337594318237,1.1920928955078125e-07,1.1920929e-07,1.1920929e-07,0.0,12.576006,10.715,1.01,20.42,580.02,651.35,2.901839048797468,2.1865447
1994-04-06,-1.2906088008227301e-05,1478.186508506815,2.163697853139265,1.1920928955078125e-07,1.1920929e-07,1.98,1.98,12.672003,15.175,10.67,19.68,378.39,1293.51,2.774183341957723,2.0846295
1994-04-07,-6.68456660994991e-06,1481.243128675205,1.6407787228810122,1.1920928955078125e-07,1.1920929e-07,13.37,13.37,12.672003,10.685,3.92,17.45,378.99,802.26,3.039280828416662,3.0945168
1994-04-08,-3.921626966051836e-06,1483.5778974365728,1.1386050043076652,1.1920928955078125e-07,1.1920929e-07,1.1920929e-07,0.0,12.768005,4.905,-2.84,12.65,548.47,493.43,3.2587132138801556,2.0105095
1994-04-09,-2.301092933599192e-06,1478.5414701129223,1.5009330435447832,1.1920928955078125e-07,1.1920929e-07,1.1920929e-07,0.0,12.768005,9.195,0.45,17.94,562.96,628.22,2.8037417080104436,1.8066789
1994-04-10,-1.3620744930335814e-06,1479.1449838974256,1.9359576960529514,1.1920928955078125e-07,1.1920929e-07,8.9,8.9,12.864003,13.11,8.87,17.35,263.54,1149.28,2.8547222478075875,2.0475695
1994-04-11,-8.075108199246985e-07,1481.6693607220252,1.5616193381053742,1.1920928955078125e-07,1.1920929e-07,5.52,5.52,12.864003,9.665,3.38,15.95,359.78,783.43,3.0782071887593907,2.2050748
1994-04-12,-4.774964871377559e-07,1480.0419987509224,1.707700968104129,1.1920928955078125e-07,1.1920929e-07,1.96,1.96,12.96,10.975,6.57,15.38,369.91,965.72,2.9322135161572476,1.797414
1994-04-13,-2.8713661860029376e-07,1485.547057528861,1.9413112122965617,1.1920928955078125e-07,1.1920929e-07,17.45,17.45,12.96,12.965,7.58,18.35,306.99,1046.2,3.456054226172286,4.59545
1994-04-14,-1.7314897687656446e-07,1490.3395908905813,2.196270136625011,1.1920928955078125e-07,1.1920929e-07,2.87,2.87,13.05322,14.8,6.02,23.58,477.03,921.5,3.987733037966364,3.8079233
1994-04-15,-1.0416706991831501e-07,1485.5343694676014,2.9654817780447833,1.1920928955078125e-07,1.1920929e-07,1.1920929e-07,0.0,13.056,19.865,11.27,28.46,478.32,1341.39,3.4547451829625415,2.353315
1994-04-16,-6.129248616057085e-08,1484.662210107774,2.5602442192318766,1.1920928955078125e-07,1.1920929e-07,8.05,8.05,13.056,17.395,10.2,24.59,335.44,1256.0,3.3659417300700514,2.4181702
1994-04-17,-3.5525933482066374e-08,1484.129511299566,1.8331630222829416,1.1920928955078125e-07,1.1920929e-07,1.1920929e-07,0.0,13.152,11.825,5.89,17.76,410.52,923.23,3.3128288892581903,1.9919794
1994-04-18,-1.7833904637369908e-08,1479.9992634495497,1.9240759650707917,1.1920928955078125e-07,1.1920929e-07,1.1920929e-07,0.0,13.152,12.645,3.87,21.42,500.81,800.61,2.9284744276707584,1.7696189
1994-04-19,-9.407173025300107e-09,1474.677268022381,2.821243342811495,1.1920928955078125e-07,1.1920929e-07,1.1920929e-07,0.0,13.248009,18.895,10.91,26.88,462.55,1313.09,2.498217753485575,1.6769687
1994-04-20,-4.7656269948141596e-09,1469.8249832482607,2.523086962268782,1.1920928955078125e-07,1.1920929e-07,1.1920929e-07,0.0,13.248009,17.075,9.15,25.0,466.01,1172.37,2.1612746324559926,1.5565234
1994-04-21,-1.5712453147291288e-09,1465.582271970079,1.9897802792007542,1.1920928955078125e-07,1.1920929e-07,1.1920929e-07,0.0,13.343997,13.11,7.71,18.51,375.26,1057.12,1.9041188678396828,1.4453431
1994-04-22,-4.510114539134125e-10,1461.9573252790608,1.6208992031618874,1.1920928955078125e-07,1.1920929e-07,1.1920929e-07,0.0,13.343997,9.885,3.17,16.6,449.42,773.42,1.7087904442631825,1.380488
1994-04-23,4.982542762033773e-10,1458.763275945278,1.5045911253079147,1.1920928955078125e-07,1.1920929e-07,1.1920929e-07,0.0,13.343997,8.755,0.56,16.95,502.69,639.09,1.5533562541219301,1.3248979
1994-04-24,2.2421395366540167e-09,1455.855779552801,2.1948858785545933,1.1920928955078125e-07,1.1920929e-07,1.1920929e-07,0.0,13.439995,14.695,3.79,25.6,540.21,801.32,1.4241938650106127,1.2971028
1994-04-25,4.496164124853935e-09,1453.1777700303708,3.15760623833512,1.1920928955078125e-07,1.1920929e-07,1.1920929e-07,0.0,13.439995,20.82,12.29,29.35,475.47,1423.22,1.3147492841407176,1.2693077
1994-04-26,6.975847838218567e-09,1450.6721813067284,3.035090650207533,1.1920928955078125e-07,1.1920929e-07,1.1920929e-07,0.0,13.535997,20.05,10.78,29.32,492.6,1302.62,1.2199796398509744,1.2044526
1994-04-27,9.396710474163345e-09,1448.2819473106147,3.4698033881588755,1.1920928955078125e-07,1.1920929e-07,7.13,7.13,13.535997,22.385,14.84,29.93,322.38,1694.31,1.1359469384645833,1.1951876
1994-04-28,1.1474271830103695e-08,1445.9500019707712,2.909371407686856,1.1920928955078125e-07,1.1920929e-07,1.1920929e-07,0.0,13.580106,19.33,13.29,25.37,379.49,1525.51,1.0595448528604001,1.1951876
1994-04-29,1.2924051703455056e-08,1443.6192792159384,2.4878653834512443,1.1920928955078125e-07,1.1920929e-07,0.3,0.3,13.632,16.665,11.31,22.02,353.43,1344.87,0.9883175336311585,1.1025374
1994-04-30,1.3461569891632857e-08,1441.2327129748578,2.783937538043653,1.1920928955078125e-07,1.1920929e-07,1.1920929e-07,0.0,13.632,18.575,12.98,24.17,363.14,1484.44,0.9203425966037215,1.1118025
1994-05-01,1.2802346192052517e-08,1438.7332371762704,2.5815441008544755,1.1920928955078125e-07,1.1920929e-07,8.62,8.62,13.727997,17.22,11.79,22.65,270.34,1383.32,0.8541584275086919,1.1488625
1994-05-02,1.0661900402129495e-08,1436.0637857489173,1.6823146788404524,1.1920928955078125e-07,1.1920929e-07,1.1920929e-07,0.0,13.727997,10.305,3.04,17.57,462.31,763.48,0.7887206957920594,1.0284172
1994-05-03,6.918298331019326e-09,1433.4943694401318,1.5854606542214342,1.1920928955078125e-07,1.1920929e-07,1.1920929e-07,0.0,13.72965,9.4,3.0,15.8,428.79,760.05,0.7304747597780737,0.98209214
1994-05-04,3.425195045081385e-09,1433.6658840954549,1.615006953558874,1.1920928955078125e-07,1.1920929e-07,6.76,6.76,13.824,9.58,6.97,12.19,152.56,997.84,0.734225175246768,1.0840074
1994-05-05,1.1741581251543575e-09,1434.1983846310202,2.1181018765465547,1.1920928955078125e-07,1.1920929e-07,1.1920929e-07,0.0,13.824,13.9,7.91,19.89,413.44,1072.97,0.745992204484328,1.1118025
1994-05-06,5.081567606359809e-10,1432.7037540652461,2.170262400584129,1.1920928955078125e-07,1.1920929e-07,1.12,1.12,13.920003,14.2,8.91,19.49,376.19,1152.59,0.7134329793232169,0.98209214
1994-05-07,2.6343765520109445e-10,1438.439165279745,1.7228070120570116,1.1920928955078125e-07,1.1920929e-07,9.97,9.97,13.920003,10.435,3.95,16.92,333.67,806.31,0.8466914105366877,1.0376823
1994-05-08,1.1879260039210663e-10,1451.2958363738337,1.9014495260922504,1.1920928955078125e-07,1.1920929e-07,22.82,22.82,13.920003,11.86,8.05,15.67,221.23,1083.6,1.2429098089691373,2.8258312
1994-05-09,6.902811644224267e-11,1459.6427729689244,2.162176249384813,1.1920928955078125e-07,1.1920929e-07,1.1920929e-07,0.0,14.015994,13.725,6.07,21.38,490.08,930.37,1.5946877039066218,1.2693077
1994-05-10,4.139457614219034e-11,1455.4619545584806,2.3801835770691713,1.1920928955078125e-07,1.1920929e-07,1.1920929e-07,0.0,14.015994,15.34,9.37,21.31,415.64,1189.25,1.4075451038947968,1.0654774
1994-05-11,2.483625090559202e-11,1451.8925811346905,2.0730302563251106,1.1920928955078125e-07,1.1920929e-07,1.1920929e-07,0.0,14.015994,13.13,4.06,22.2,527.99,812.92,1.2652539387444648,0.98209214
1994-05-12,1.0779148848141859e-11,1448.2296660230552,2.482783309727511,1.1920928955078125e-07,1.1920929e-07,5.18,5.18,14.111998,16.005,10.52,21.49,288.61,1281.83,1.1341750930736587,1.0284172
1994-05-13,-3.511490395519877e-12,1444.3945599532524,1.8348391836909008,1.1920928955078125e-07,1.1920929e-07,1.1920929e-07,0.0,14.111998,11.15,3.06,19.24,504.29,764.51,1.0114622686110053,1.0376823
1994-05-14,-1.4149713814656303e-11,1441.0348584848912,1.8896117271062576,1.1920928955078125e-07,1.1920929e-07,1.1920929e-07,0.0,14.111998,11.655,2.41,20.9,534.13,725.25,0.9149216679836387,0.88944197
1994-05-15,-1.7249568398530515e-11,1438.7981571775806,2.7431935115272283,1.1920928955078125e-07,1.1920929e-07,1.1920929e-07,0.0,14.208003,17.66,9.04,26.28,502.74,1163.29,0.8558157169401233,0.8801769
1994-05-16,-1.067969665664784e-11,1437.7871688941782,3.011582813072573,1.1920928955078125e-07,1.1920929e-07,7.54,7.54,14.208003,19.245,13.49,25.0,291.71,1556.76,0.8303680204474744,1.2322477
1994-05-17,-1.8518468241141972e-12,1435.8974167336837,1.9232059917620954,1.1920928955078125e-07,1.1920929e-07,1.1920929e-07,0.0,14.208003,11.885,7.25,16.52,346.9,1020.11,0.7848124857926074,0.907972
1994-05-18,5.891147260973081e-12,1433.3661666232265,1.7809264100055469,1.1920928955078125e-07,1.1920929e-07,1.1920929e-07,0.0,14.304006,10.585,5.79,15.38,364.6,921.84,0.7276839369736388,0.8616469
1994-05-19,1.0209921991641792e-11,1430.807712983312,1.836515276979486,1.1920928955078125e-07,1.1920929e-07,1.1920929e-07,0.0,14.304006,11.1,8.02,14.18,250.99,1081.93,0.6741661155169647,0.8431168
1994-05-20,8.78669216019792e-12,1428.8308166109173,1.9092505665890882,1.1920928955078125e-07,1.1920929e-07,1.0,1.0,14.304006,11.74,7.37,16.11,347.41,1029.86,0.6355243521484598,0.8338518
1994-05-21,4.8599451431159426e-12,1426.6758661392323,2.186265114438232,1.1920928955078125e-07,1.1920929e-07,1.1920929e-07,0.0,14.397217,13.84,3.78,23.9,556.84,800.07,0.5959209002631021,0.7875267
1994-05-22,2.281354351040021e-12,1423.623137555906,2.841737835270693,1.1920928955078125e-07,1.1920929e-07,1.1920929e-07,0.0,14.399997,18.205,8.32,28.09,539.11,1105.85,0.5440056486323269,0.75046664
1994-05-23,1.2440953812633422e-12,1419.6885465287494,3.5595301200904768,1.1920928955078125e-07,1.1920929e-07,1.1920929e-07,0.0,14.399997,22.1,13.43,30.77,497.77,1548.25,0.48370764670382793,0.7319366
1994-05-24,7.279958011849716e-13,1415.500599261142,3.3456405958067554,1.1920928955078125e-07,1.1920929e-07,1.1920929e-07,0.0,14.399997,21.08,12.7,29.46,496.28,1455.8,0.4268518685466363,0.6856115
1994-05-25,4.352986779092549e-13,1419.6904152300747,3.501488511142267,1.1920928955078125e-07,1.1920929e-07,16.44,16.44,14.495997,21.7,14.5,28.9,343.0,1647.77,0.4837346362381557,0.79679173
1994-05-26,2.601574641834317e-13,1431.652318194031,3.0343534021546197,1.1920928955078125e-07,1.1920929e-07,13.35,13.35,14.495997,19.105,13.43,24.78,303.73,1549.45,0.6913835594581115,1.3063679
1994-05-27,1.5511157895294025e-13,1433.4066023580988,2.081567531380132,1.1920928955078125e-07,1.1920929e-07,1.1920929e-07,0.0,14.495997,12.86,6.43,19.29,461.98,955.02,0.728563021735737,1.6584386
1994-05-28,9.190527993975312e-14,1430.7720477434614,1.9637700480580118,1.1920928955078125e-07,1.1920929e-07,1.1920929e-07,0.0,14.495997,11.955,3.65,20.26,527.91,795.45,0.6734485835064677,0.8338518
1994-05-29,5.316748103005219e-14,1427.9322606232101,2.4623701943621255,1.1920928955078125e-07,1.1920929e-07,1.1920929e-07,0.0,14.592003,15.55,6.56,24.54,532.81,965.17,0.618700519671426,0.75046664
1994-05-30,2.095866985240295e-14,1424.6024048393933,3.1431605592033875,1.1920928955078125e-07,1.1920929e-07,1.1920929e-07,0.0,14.592003,19.675,11.53,27.82,494.73,1362.27,0.5601466215699124,0.70414156
1994-05-31,-1.8399152983056603e-14,1420.9243766710608,3.229262876515836,1.1920928955078125e-07,1.1920929e-07,1.1920929e-07,0.0,14.592003,20.18,12.51,27.85,475.6,1440.92,0.5018895525609733,0.6763465
1994-06-01,-5.4285715450062485e-14,1417.129200230618,3.7076511328367086,1.1920928955078125e-07,1.1920929e-07,1.1920929e-07,0.0,14.592003,22.61,16.18,29.04,417.89,1832.05,0.44812122029334045,0.6485514
1994-06-02,-7.602724936601712e-14,1413.4477994400881,2.913889428864398,1.1920928955078125e-07,1.1920929e-07,1.1920929e-07,0.0,14.592003,18.525,10.64,26.41,488.56,1291.56,0.40147472666239564,0.6022263
1994-06-03,-7.294998654832284e-14,1410.1110982214957,2.428372091841734,1.1920928955078125e-07,1.1920929e-07,1.1920929e-07,0.0,14.688,15.42,6.71,24.13,517.11,977.15,0.36340482180781686,0.5929613
1994-06-04,-3.459643324065906e-14,1407.0932954030256,2.887991797076923,1.1920928955078125e-07,1.1920929e-07,1.1920929e-07,0.0,14.688,18.34,9.47,27.21,509.77,1197.56,0.332091962822177,0.58369625
1994-06-05,3.5477620580625863e-14,1403.7113136229898,3.2045601500173126,1.1920928955078125e-07,1.1920929e-07,1.1920929e-07,0.0,14.688,20.145,13.82,26.47,409.87,1585.99,0.30019515542722275,0.5559012
1994-06-06,1.1882168924865195e-13,1400.046034071973,3.5939203253112653,1.1920928955078125e-07,1.1920929e-07,1.0,1.0,14.688,22.165,15.72,28.61,407.8,1780.12,0.26907628753839374,0.57443124
1994-06-07,1.9644784787881998e-13,1396.2499703775275,4.371285089304323,1.1920928955078125e-07,1.1920929e-07,1.1920929e-07,0.0,14.688,25.66,19.79,31.53,363.35,2303.22,0.24024329541041364,0.57443124
1994-06-08,2.4936817158653054e-13,1392.475636167204,3.7094165698759523,1.1920928955078125e-07,1.1920929e-07,1.1920929e-07,0.0,14.688,22.81,16.57,29.05,395.68,1885.67,0.21463912806589489,0.54663616
1994-06-09,2.585947354871844e-13,1388.8755450685542,2.567278552341444,1.1920928955078125e-07,1.1920929e-07,1.1920929e-07,0.0,14.732102,16.54,7.44,25.64,518.36,1034.83,0.19276400993215567,0.52810615
1994-06-10,2.051396146961824e-13,1385.6022107091298,2.8446677707000827,1.1920928955078125e-07,1.1920929e-07,1.1920929e-07,0.0,14.783998,18.235,8.53,27.94,527.91,1094.15,0.17481557150169696,0.5095761
1994-06-11,3.517881795274633e-14,1382.5417132561631,3.1518419839902094,1.1920928955078125e-07,1.1920929e-07,1.35,1.35,14.783998,20.01,14.37,25.65,372.33,1629.44,0.15954902919364042,0.5003111
1994-06-12,-2.6458209688759524e-13,1379.36977715044,3.7884550907119587,1.1920928955078125e-07,1.1920929e-07,1.1920929e-07,0.0,14.783998,23.23,17.9,28.56,347.24,2063.84,0.14513199837264623,0.54663616
1994-06-13,-6.244084000913742e-13,1376.0644870147412,4.112995719142752,1.1920928955078125e-07,1.1920929e-07,0.73,0.73,14.783998,24.72,17.24,32.2,436.19,1964.56,0.13149309934498124,0.5095761
1994-06-14,-9.741246956486305e-13,1372.6061925055087,4.647821281966753,1.1920928955078125e-07,1.1920929e-07,1.1920929e-07,0.0,14.783998,26.95,19.97,33.93,410.85,2320.63,0.11859290763304066,0.47251603
1994-06-15,-1.243555587549404e-12,1368.9752432791854,4.970700780197893,1.1920928955078125e-07,1.1920929e-07,1.1920929e-07,0.0,14.783998,28.215,20.87,35.56,416.14,2459.28,0.1064083310458912,0.44472098
1994-06-16,-1.362525679783734e-12,1365.1519889922135,4.758867663617065,1.1920928955078125e-07,1.1920929e-07,1.91,1.91,14.783998,27.475,21.0,33.95,373.45,2479.38,0.09492899788819237,0.46325102
1994-06-17,-1.2608595763416618e-12,1361.1167793010356,4.193946943828438,1.1920928955078125e-07,1.1920929e-07,0.4,0.4,14.783998,25.26,19.58,30.94,349.7,2278.7,0.0841537943196578,0.49104607
1994-06-18,-8.698083428800449e-13,1356.8641418101108,4.3081854501686205,1.1920928955078125e-07,1.1920929e-07,1.1920929e-07,0.0,14.783998,25.795,19.17,32.42,394.04,2226.09,0.07411892091187805,0.46325102
1994-06-19,-2.2748647455289914e-13,1352.7907080646323,4.737959682010183,1.1920928955078125e-07,1.1920929e-07,2.64,2.64,14.783998,27.56,20.31,34.81,357.35,2368.87,0.06563088136154586,0.43545595
1994-06-20,4.797339856710404e-13,1348.9909491655008,4.254505512044345,1.1920928955078125e-07,1.1920929e-07,1.1920929e-07,0.0,14.783998,25.675,19.05,32.3,395.26,2207.54,0.05859170952208474,0.4169259
1994-06-21,1.0589764848886897e-12,1345.338246372154,4.108198294689351,1.1920928955078125e-07,1.1920929e-07,1.47,1.47,14.783998,25.1,18.55,31.65,349.35,2128.45,0.05253769344532683,0.39839587
1994-06-22,1.3173644701969666e-12,1341.7059809440293,3.9888471283598728,1.1920928955078125e-07,1.1920929e-07,1.1920929e-07,0.0,14.783998,24.625,18.39,30.86,388.53,2112.45,0.04713796712356818,0.4076609
1994-06-23,1.062870709945655e-12,1337.972607074927,3.7424439442630018,1.1920928955078125e-07,1.1920929e-07,1.1920929e-07,0.0,14.783998,23.55,15.78,31.32,457.24,1774.62,0.04216572842529533,0.37060082
1994-06-24,5.790741886706616e-13,1335.9765052149173,4.323242234623424,1.1920928955078125e-07,1.1920929e-07,7.79,7.79,14.783998,26.135,20.09,32.18,281.33,2343.95,0.03972609188833644,0.37986583
1994-06-25,2.447838685806258e-13,1334.9099688018641,4.074060065075903,1.1920928955078125e-07,1.1920929e-07,0.64,0.64,14.783998,25.09,20.69,29.49,292.26,2429.68,0.03848096005287937,0.4076609
1994-06-26,1.1102035987142002e-13,1331.6862314821494,3.589119737956069,1.1920928955078125e-07,1.1920929e-07,1.1920929e-07,0.0,14.783998,22.9,15.15,30.65,462.4,1655.76,0.03494967917593524,0.37060082
1994-06-27,6.45525545620919e-14,1334.4908287064607,3.8088490596421765,1.1920928955078125e-07,1.1920929e-07,12.09,12.09,14.783998,23.905,18.71,29.1,258.47,2153.14,0.03800238413392291,0.34280574
1994-06-28,3.8049103478421417e-14,1346.1870643234813,3.5961248928373184,1.1920928955078125e-07,1.1920929e-07,21.02,21.02,14.783998,22.745,18.02,27.47,245.34,2081.96,0.05388622460912793,0.43545595
1994-06-29,2.201300643416537e-14,1351.4769163070148,4.123461412220053,1.1920928955078125e-07,1.1920929e-07,4.1,4.1,14.783998,25.085,19.49,30.68,277.41,2271.14,0.0631062093154991,0.38913086
1994-06-30,1.3016576410337018e-14,1353.355001801753,3.72019055149825,1.1920928955078125e-07,1.1920929e-07,8.34,8.34,14.783998,23.245,17.92,28.57,273.78,2067.99,0.06674604262434083,0.4169259
1994-07-01,7.474395922269699e-15,1352.2673309061338,3.551718078150209,1.1920928955078125e-07,1.1920929e-07,1.1920929e-07,0.0,14.783998,22.45,16.36,28.54,408.07,1855.95,0.06461324060382528,0.36133578
1994-07-02,4.047971780961391e-15,1348.7596135496956,3.9234329394032357,1.1920928955078125e-07,1.1920929e-07,1.1920929e-07,0.0,14.783998,24.24,16.82,31.66,457.31,1854.65,0.05818839851027304,0.34280574
1994-07-03,3.545409759881803e-16,1345.0474613486604,4.016129617132391,1.1920928955078125e-07,1.1920929e-07,1.1920929e-07,0.0,14.781217,24.705,18.79,30.62,393.25,2165.9,0.052083522337933896,0.3242757
1994-07-04,-2.9308895157839556e-15,1341.2203108442036,3.8492340587763976,1.1920928955078125e-07,1.1920929e-07,0.01,0.01,14.689652,24.115,18.75,29.48,372.11,2159.58,0.046459345693142876,0.3150107
1994-07-05,-4.813366017906665e-15,1337.1467294331162,4.175705637037384,1.1920928955078125e-07,1.1920929e-07,1.1920929e-07,0.0,14.688,25.615,20.84,30.39,334.1,2455.04,0.04113867719695066,0.30574566
1994-07-06,-4.297934853931595e-15,1332.6952845121896,4.67322494598489,1.1920928955078125e-07,1.1920929e-07,1.1920929e-07,0.0,14.688,27.7,20.93,34.47,421.68,2413.2,0.03601867574852397,0.30574566
1994-07-07,-1.6244496901937914e-15,1328.1416460888643,4.196645773318627,1.1920928955078125e-07,1.1920929e-07,13.48,13.48,14.688,25.825,18.44,33.21,338.1,2115.4,0.03143981640038062,0.46325102
1994-07-08,1.6280129006400696e-15,1323.8822517305764,4.756121204110785,1.1920928955078125e-07,1.1920929e-07,1.1920929e-07,0.0,14.688,28.14,22.16,34.12,381.5,2662.9,0.027685206648431045,0.34280574
1994-07-09,4.578476802313414e-15,1319.911714220888,4.728844561275197,1.1920928955078125e-07,1.1920929e-07,1.88,1.88,14.688,28.09,22.5,33.68,315.76,2720.2,0.024590150665407103,0.29648066
1994-07-10,6.346491690228172e-15,1316.2244290235096,4.061540043830777,1.1920928955078125e-07,1.1920929e-07,1.1920929e-07,0.0,14.636108,25.465,19.98,30.95,381.13,2318.36,0.022026606171576316,0.28721562
1994-07-11,6.051607239786278e-15,1312.8147916021533,3.193038050486744,1.1920928955078125e-07,1.1920929e-07,1.1920929e-07,0.0,14.592003,21.345,14.44,28.25,464.85,1567.76,0.01989455759694965,0.26868558
1994-07-12,3.609027506230067e-15,1309.4981266352813,3.384977189192701,1.1920928955078125e-07,1.1920929e-07,1.1920929e-07,0.0,14.592003,22.4,14.9,29.9,480.4,1580.02,0.01801882940337543,0.24089052
1994-07-13,1.3766085594736258e-15,1306.4141172219427,3.9586271248584546,1.1920928955078125e-07,1.1920929e-07,1.1920929e-07,0.0,14.592003,25.195,17.92,32.47,461.93,1856.75,0.016433714657675617,0.24089052
1994-07-14,-1.900223530522222e-17,1305.0805861979368,4.212823825322478,1.1920928955078125e-07,1.1920929e-07,5.73,5.73,14.592003,26.325,20.42,32.23,294.97,2387.29,0.015792236416542645,0.24089052
1994-07-15,-2.239783000130285e-16,1306.7133061192358,4.0192480936412744,1.1920928955078125e-07,1.1920929e-07,6.75,6.75,14.540109,25.525,20.03,31.02,284.36,2325.28,0.01658117760252307,0.3242757
1994-07-16,-1.3408294860185438e-16,1306.0791574579823,3.922738835846843,1.1920928955078125e-07,1.1920929e-07,1.1920929e-07,0.0,14.495997,25.155,20.0,30.31,365.84,2310.86,0.016270176581357747,0.3150107
1994-07-17,-8.086077382500325e-17,1314.6610641628026,3.6292922121781,1.1920928955078125e-07,1.1920929e-07,21.23,21.23,14.495997,23.665,18.22,29.11,290.48,2097.63,0.02102205609298256,0.49104607
1994-07-18,-4.877657252912622e-17,1322.1308019902033,3.9609101888115013,1.1920928955078125e-07,1.1920929e-07,2.99,2.99,14.495997,25.11,20.33,29.89,273.08,2373.01,0.026274620216221626,0.88944197
1994-07-19,-2.930225364942894e-17,1319.473038583001,3.9299387550475084,1.1920928955078125e-07,1.1920929e-07,1.1920929e-07,0.0,14.4441,25.07,18.76,31.38,425.81,2128.22,0.024270169768416096,0.39839587
1994-07-20,-1.7461092242204535e-17,1316.0000453552261,4.331983682943487,1.1920928955078125e-07,1.1920929e-07,1.1920929e-07,0.0,14.399997,26.915,21.09,32.74,393.75,2487.92,0.021879529002309724,0.33354074
1994-07-21,-9.434074303230142e-18,1320.0210984272137,4.298432812204194,1.1920928955078125e-07,1.1920929e-07,11.91,11.91,14.399997,26.72,21.99,31.45,254.04,2639.05,0.02467059317900719,0.34280574
1994-07-22,-4.9963116380406666e-18,1327.6633064577452,4.06024026909504,1.1920928955078125e-07,1.1920929e-07,11.42,11.42,14.399997,25.595,21.42,29.77,234.68,2546.88,0.030993976294477456,0.6022263
1994-07-23,-2.8832132761055635e-18,1333.791547832293,3.888240879251391,1.1920928955078125e-07,1.1920929e-07,9.95,9.95,14.305658,24.86,20.86,28.86,231.8,2457.31,0.037217153979657726,0.57443124
1994-07-24,-1.5882195827704592e-18,1335.08489101437,3.8511550048228065,1.1920928955078125e-07,1.1920929e-07,1.1920929e-07,0.0,14.304006,24.675,18.89,30.46,412.14,2182.1,0.03868246508903322,0.453986
1994-07-25,-9.071325557178716e-19,1331.6602314869901,3.875019932205658,1.1920928955078125e-07,1.1920929e-07,4.39,4.39,14.304006,24.83,19.3,30.36,297.52,2247.87,0.03492255801178098,0.35207078
1994-07-26,-4.389997868765139e-19,1330.7033605398742,3.5142998810048733,1.1920928955078125e-07,1.1920929e-07,4.1,4.1,14.301225,23.125,18.48,27.77,269.91,2118.44,0.03393893049851184,0.33354074
1994-07-27,-2.2517330655366986e-19,1335.7662656187981,3.214143934313611,1.1920928955078125e-07,1.1920929e-07,12.51,12.51,14.208003,21.62,17.25,25.99,263.78,1959.81,0.03947749917564435,0.38913086
1994-07-28,-1.213426453417324e-19,1342.918965985511,3.0304161199763695,1.1920928955078125e-07,1.1920929e-07,13.59,13.59,14.208003,20.515,16.93,24.1,225.25,1914.31,0.04887646811233866,0.917237
1994-07-29,-5.640783031385027e-20,1346.2401718226274,3.3121834748006207,1.1920928955078125e-07,1.1920929e-07,1.1920929e-07,0.0,14.208003,22.005,17.21,26.8,376.33,1954.01,0.053971738842918095,0.46325102
1994-07-30,-3.145362312839055e-20,1343.4051526893409,3.730227689978883,1.1920928955078125e-07,1.1920929e-07,1.1920929e-07,0.0,14.111998,24.24,19.54,28.94,361.41,2276.89,0.049591160843068735,0.37060082
1994-07-31,-1.624053371254132e-20,1339.694081915362,3.703095833655907,1.1920928955078125e-07,1.1920929e-07,1.1920929e-07,0.0,14.111998,24.16,19.37,28.95,368.29,2259.56,0.04438970310723914,0.33354074
1994-08-01,-8.32042858097068e-21,1335.8934130598343,3.7910411236367874,1.1920928955078125e-07,1.1920929e-07,1.1920929e-07,0.0,14.111998,24.625,19.77,29.48,372.58,2301.96,0.03962765504653031,0.33354074
1994-08-02,5.219707916900878e-21,1332.2651242683164,3.8137402152334183,1.1920928955078125e-07,1.1920929e-07,1.1920929e-07,0.0,14.015994,24.9,20.68,29.12,334.85,2428.57,0.035559020262589766,0.3150107
1994-08-03,3.144060420620125e-20,1328.9391628755711,3.6164401863920697,1.1920928955078125e-07,1.1920929e-07,3.67,3.67,14.015994,24.005,18.43,29.58,331.16,2120.86,0.03219745359303073,0.30574566
1994-08-04,6.574704532128374e-20,1325.8601540998704,3.778641787376462,1.1920928955078125e-07,1.1920929e-07,1.1920929e-07,0.0,14.013214,24.825,19.22,30.43,409.45,2234.34,0.029369431388231143,0.2779506
1994-08-05,1.0354381629650176e-19,1322.9727231594861,3.3649530441731024,1.1920928955078125e-07,1.1920929e-07,6.37,6.37,13.920003,22.94,17.37,28.51,313.14,1979.65,0.026943485110376558,0.2779506
1994-08-06,1.4023570216620857e-19,1320.2214952726906,2.26928100762566,1.1920928955078125e-07,1.1920929e-07,1.1920929e-07,0.0,13.920003,16.275,9.77,22.78,483.72,1221.38,0.024818650824251727,0.33354074
1994-08-07,1.7122748796475757e-19,1317.5510956577555,2.364279390722446,1.1920928955078125e-07,1.1920929e-07,1.1920929e-07,0.0,13.824,17.105,9.24,24.97,518.55,1162.09,0.02291662616379307,0.28721562
1994-08-08,1.9192395872650212e-19,1314.9061495329527,2.649885157294932,1.1920928955078125e-07,1.1920929e-07,1.1920929e-07,0.0,13.824,19.055,11.57,26.54,499.16,1362.8,0.02117645456792928,0.25942057
1994-08-09,1.9772989948579544e-19,1312.2312821165542,3.068622690500715,1.1920928955078125e-07,1.1920929e-07,1.1920929e-07,0.0,13.824,21.6,14.45,28.75,476.41,1634.67,0.01955094830571178,0.24089052
1994-08-10,1.8405009527699094e-19,1309.4711186268319,3.446891734880363,1.1920928955078125e-07,1.1920929e-07,1.1920929e-07,0.0,13.727997,23.785,19.05,28.52,362.95,2208.56,0.018004304793827954,0.23162551
1994-08-11,1.4628933113444203e-19,1306.570284282058,2.8512774333088022,1.1920928955078125e-07,1.1920929e-07,1.1920929e-07,0.0,13.727997,20.53,14.56,26.5,440.27,1649.1,0.016510521254074685,0.23162551
1994-08-12,8.999221067572234e-20,1303.0538126615409,3.475748287178276,1.1920928955078125e-07,1.1920929e-07,1.1920929e-07,0.0,13.6761,24.085,19.0,29.17,384.6,2199.53,0.014864905343266545,0.25015554
1994-08-13,5.090365538278644e-20,1300.3786718590588,3.826328654033977,1.1920928955078125e-07,1.1920929e-07,3.14,3.14,13.632,25.885,20.42,31.35,337.44,2386.49,0.013723762055080578,0.26868558
1994-08-14,3.009291863672086e-20,1304.979396123471,3.6775435911047576,1.1920928955078125e-07,1.1920929e-07,13.97,13.97,13.632,25.115,19.96,30.27,286.27,2316.89,0.01574459484568767,0.25015554
1994-08-15,1.7529290565040043e-20,1314.3145688310922,2.497087732324072,1.1920928955078125e-07,1.1920929e-07,9.9,9.9,13.535997,18.415,11.9,24.93,350.14,1392.31,0.020805690392773742,0.2779506
1994-08-16,1.0554282101470077e-20,1315.9187432030637,2.5105414045651675,1.1920928955078125e-07,1.1920929e-07,0.99,0.99,13.535997,18.485,13.33,23.64,407.2,1530.24,0.02182648046454806,0.24089052
1994-08-17,6.377705301315525e-21,1330.4600895133613,2.753674531060316,1.1920928955078125e-07,1.1920929e-07,29.88,29.88,13.44165,19.985,17.25,22.72,179.26,1960.64,0.03369330544797456,0.8616469
1994-08-18,3.858489332201879e-21,1349.2416715144595,3.0111862965577894,1.1920928955078125e-07,1.1920929e-07,13.39,13.39,13.439995,21.28,19.56,23.0,117.28,2281.42,0.059031976627545314,1.0376823
1994-08-19,2.299403798979352e-21,1351.8622354306897,3.140790305004299,1.1920928955078125e-07,1.1920929e-07,1.1920929e-07,0.0,13.439995,21.975,16.44,27.51,417.69,1864.29,0.0638364293230616,0.453986
1994-08-20,1.3694340753221218e-21,1347.0379427624932,3.4221746086414435,1.1920928955078125e-07,1.1920929e-07,1.1920929e-07,0.0,13.343997,23.66,17.99,29.33,413.56,2077.64,0.05527277009462365,0.36133578
1994-08-21,8.083982758859273e-22,1350.183005318052,3.4970968622020933,1.1920928955078125e-07,1.1920929e-07,13.07,13.07,13.343997,24.0,19.86,28.14,247.1,2310.39,0.06071468522970484,0.53737116
1994-08-22,4.73352885023803e-22,1361.1774007438303,2.8875594474805535,1.1920928955078125e-07,1.1920929e-07,23.78,23.78,13.248009,20.655,17.85,23.46,184.18,2055.34,0.08430625347262713,3.0203965
1994-08-23,2.468196005933416e-22,1366.1514218349346,2.3240978018778273,1.1920928955078125e-07,1.1920929e-07,1.1920929e-07,0.0,13.248009,16.925,10.44,23.41,468.63,1275.41,0.09780446865451235,1.0747423
1994-08-24,1.3532503474490282e-22,1365.181075245628,2.4066557090771146,1.1920928955078125e-07,1.1920929e-07,1.1920929e-07,0.0,13.196108,17.585,9.83,25.34,497.39,1226.35,0.09501147542939557,0.54663616
1994-08-25,7.422596302352462e-23,1363.0665174063533,2.8991813930614074,1.1920928955078125e-07,1.1920929e-07,1.1920929e-07,0.0,13.152,20.825,14.36,27.29,446.14,1628.89,0.08919823494182197,0.43545595
1994-08-26,3.811143678221015e-23,1366.5990372956223,3.134879081447349,1.1920928955078125e-07,1.1920929e-07,14.79,14.79,13.152,22.13,15.5,28.76,331.06,1759.79,0.09912038895753142,6.911705
1994-08-27,2.2537282670553247e-23,1370.5649357260406,3.4634267417470754,1.1920928955078125e-07,1.1920929e-07,1.1920929e-07,0.0,13.056,23.95,18.39,29.51,388.33,2111.06,0.1115807873867375,1.0469472
1994-08-28,1.331516248968375e-23,1366.3741489077036,3.385761255451117,1.1920928955078125e-07,1.1920929e-07,1.1920929e-07,0.0,13.056,23.605,17.63,29.58,404.41,2020.73,0.09845705353091515,0.6856115
1994-08-29,7.887324291668428e-24,1367.5438035202446,2.9816569738341117,1.1920928955078125e-07,1.1920929e-07,6.18,6.18,12.96,21.505,15.57,27.44,306.9,1765.24,0.10195626765393555,0.5929613
1994-08-30,4.702931219176436e-24,1368.1175832882902,2.481324250969902,1.1920928955078125e-07,1.1920929e-07,1.1920929e-07,0.0,12.96,18.365,11.32,25.41,456.16,1345.39,0.10371802075733295,0.5929613
1994-08-31,2.7367909655671246e-24,1365.5259071133842,2.731059335116522,1.1920928955078125e-07,1.1920929e-07,1.1920929e-07,0.0,12.864003,20.15,14.25,26.05,405.92,1619.75,0.0959947652613943,0.47251603
1994-09-01,1.5767173936847992e-24,1362.7828256006915,2.9458550617744446,1.1920928955078125e-07,1.1920929e-07,0.39,0.39,12.864003,21.485,17.38,25.59,303.25,1980.98,0.08844587538597094,0.453986
1994-09-02,7.697041918164808e-25,1360.2772625583052,2.298334986053281,1.1920928955078125e-07,1.1920929e-07,1.1920929e-07,0.0,12.861222,17.305,11.78,22.83,395.94,1382.59,0.08207059037007594,0.39839587
1994-09-03,3.8280834933204406e-25,1357.984505622537,2.1332706995221806,1.1920928955078125e-07,1.1920929e-07,1.1920929e-07,0.0,12.768005,16.215,10.55,21.88,403.81,1283.85,0.07664026898826291,0.37986583
1994-09-04,-4.04210542798232e-26,1355.711173198101,2.2678969202930355,1.1920928955078125e-07,1.1920929e-07,1.1920929e-07,0.0,12.768005,17.26,12.65,21.87,347.1,1452.0,0.07161077334847119,0.35207078
1994-09-05,-6.7772054488829145e-25,1353.3668023535574,2.0909824270610673,1.1920928955078125e-07,1.1920929e-07,1.1920929e-07,0.0,12.672003,16.065,9.62,22.51,432.34,1209.45,0.06676956411157459,0.34280574
1994-09-06,-1.3861253440993442e-24,1350.9740223897238,2.1760003283572744,1.1920928955078125e-07,1.1920929e-07,1.1920929e-07,0.0,12.672003,16.755,9.54,23.97,453.41,1203.45,0.062165723103282854,0.33354074
1994-09-07,-2.022670673518965e-24,1348.5554626074177,2.53059839961426,1.1920928955078125e-07,1.1920929e-07,1.1920929e-07,0.0,12.576006,19.45,13.96,24.94,382.99,1597.03,0.05783478791778392,0.3242757
1994-09-08,-2.4443917547531356e-24,1346.1337523074567,2.2656206409128377,1.1920928955078125e-07,1.1920929e-07,1.1920929e-07,0.0,12.576006,17.615,9.64,25.59,465.59,1211.29,0.053800517334563557,0.3150107
1994-09-09,-2.508323809407842e-24,1343.7315207906588,2.4483112945915018,1.1920928955078125e-07,1.1920929e-07,1.1920929e-07,0.0,12.479998,19.08,11.18,26.98,454.11,1334.47,0.05007677368124513,0.29648066
1994-09-10,-2.0715020590890646e-24,1341.3713973578413,2.362955969224822,1.1920928955078125e-07,1.1920929e-07,1.1920929e-07,0.0,12.479998,18.51,11.46,25.56,430.89,1357.0,0.04666940366468181,0.29648066
1994-09-11,-1.1501172729929796e-24,1338.8787142030762,1.9743726551491627,1.1920928955078125e-07,1.1920929e-07,1.1920929e-07,0.0,12.383997,15.675,7.9,23.45,453.86,1072.04,0.04332207400435185,0.2779506
1994-09-12,-2.1656446035487193e-25,1336.0205091656157,1.952886927804505,1.1920928955078125e-07,1.1920929e-07,1.1920929e-07,0.0,12.383997,15.53,6.79,24.27,469.25,983.53,0.0397783210765074,0.2779506
1994-09-13,4.7721550317691385e-25,1333.3444990280163,2.4268241412628884,1.1920928955078125e-07,1.1920929e-07,1.1920929e-07,0.0,12.287997,19.325,10.7,27.95,450.72,1296.25,0.03672368111779405,0.2779506
1994-09-14,6.983147882093078e-25,1331.4353683465215,3.0014398490071104,1.1920928955078125e-07,1.1920929e-07,1.1920929e-07,0.0,12.287997,23.01,16.37,29.65,383.25,1856.83,0.03468887472840456,0.26868558
1994-09-15,4.298431537203678e-25,1330.3478478835261,3.0964018916908413,1.1920928955078125e-07,1.1920929e-07,9.97,9.97,12.287997,23.57,19.25,27.89,208.94,2239.64,0.033580577788967336,0.47251603
1994-09-16,2.0083886347852052e-25,1328.847798358814,3.085390309325323,1.1920928955078125e-07,1.1920929e-07,1.01,1.01,12.191998,23.665,19.51,27.82,266.27,2279.14,0.03210973992315131,0.37986583
1994-09-17,8.084660972494218e-26,1326.8815232002626,2.9720529534018625,1.1920928955078125e-07,1.1920929e-07,1.1920929e-07,0.0,12.191998,23.035,17.27,28.8,339.36,1962.88,0.030278878896507242,0.33354074
1994-09-18,4.5076614522524275e-26,1325.9224196567643,2.425747183668735,1.1920928955078125e-07,1.1920929e-07,12.45,12.45,12.096,19.68,14.35,25.01,247.92,1628.02,0.029424083583340085,0.6392864
1994-09-19,2.0060402156185982e-26,1326.527477976571,1.9903366485502088,1.1920928955078125e-07,1.1920929e-07,1.1920929e-07,0.0,12.096,16.35,8.76,23.94,416.38,1141.04,0.029960484436893222,0.37986583
1994-09-20,8.628616628346111e-27,1325.8820892846368,1.9605152900377216,1.1920928955078125e-07,1.1920929e-07,1.1920929e-07,0.0,12.000003,16.24,8.19,24.29,421.94,1095.51,0.029388672913278208,0.3150107
1994-09-21,4.675475863174405e-27,1326.8707399508005,2.0098833307028965,1.1920928955078125e-07,1.1920929e-07,1.1920929e-07,0.0,12.000003,16.64,9.24,24.04,397.68,1179.23,0.03026913169465015,0.29648066
1994-09-22,1.9536547832116433e-27,1333.4802586873927,2.017044635818609,1.1920928955078125e-07,1.1920929e-07,14.7,14.7,11.903997,16.75,12.33,21.17,207.43,1426.26,0.036872843009255564,0.33354074
1994-09-23,8.825723667000916e-28,1345.5908664881595,1.9265428678248258,1.1920928955078125e-07,1.1920929e-07,15.29,15.29,11.903997,15.84,12.81,18.87,151.47,1469.95,0.05293546916756382,1.0840074
1994-09-24,5.154564126398281e-28,1349.222483033028,2.14107387564688,1.1920928955078125e-07,1.1920929e-07,1.1920929e-07,0.0,11.808,17.685,12.05,23.32,333.63,1404.29,0.05899816516504563,0.53737116
1994-09-25,3.0547711597893504e-28,1347.1112583515373,2.5389421658624443,1.1920928955078125e-07,1.1920929e-07,1.1920929e-07,0.0,11.808,20.6,15.97,25.23,279.73,1797.45,0.05539389778092619,0.42619094
1994-09-26,1.7755405037313622e-28,1351.5461833750903,2.657621998224132,1.1920928955078125e-07,1.1920929e-07,10.34,10.34,11.711997,21.47,17.91,25.03,165.49,2065.96,0.06323685904160559,0.6300214
1994-09-27,1.0511600577168681e-28,1356.2872833402496,2.5332364060965453,1.1920928955078125e-07,1.1920929e-07,4.1,4.1,11.711997,20.585,16.68,24.49,182.5,1893.66,0.07285324052092738,0.6763465
1994-09-28,5.980081698551903e-29,1357.0174285858116,2.0286702413792046,1.1920928955078125e-07,1.1920929e-07,1.84,1.84,11.711997,16.825,11.81,21.84,307.63,1384.88,0.07445892836081147,0.48178104
1994-09-29,3.430061303729246e-29,1355.9022606100166,1.7208184160225417,1.1920928955078125e-07,1.1920929e-07,1.1920929e-07,0.0,11.616,14.265,9.8,18.73,287.27,1224.3,0.07202051526106919,0.43545595
1994-09-30,1.555316330440879e-29,1354.0317249482273,1.6592147241842077,1.1920928955078125e-07,1.1920929e-07,1.1920929e-07,0.0,11.616,13.695,7.08,20.31,373.03,1006.18,0.06810840285273838,0.37986583
1994-10-01,5.415844439200508e-30,1352.4000292647047,1.9524475621148412,1.1920928955078125e-07,1.1920929e-07,1.1920929e-07,0.0,11.520008,16.52,8.72,24.32,391.0,1137.26,0.06486975287565773,0.37060082
1994-10-02,2.739715553288243e-30,1351.3978017716538,1.9200539072956178,1.1920928955078125e-07,1.1920929e-07,9.72,9.72,11.520008,16.255,11.34,21.17,220.4,1347.41,0.0629573157396884,0.453986
1994-10-03,4.024233314909913e-31,1350.182868692647,1.39811258838215,1.1920928955078125e-07,1.1920929e-07,1.1920929e-07,0.0,11.423997,11.26,5.15,17.37,349.87,892.12,0.060714437553232525,0.38913086
1994-10-04,-1.2972489035616477e-30,1348.8235408586502,1.281921718156693,1.1920928955078125e-07,1.1920929e-07,1.1920929e-07,0.0,11.423997,9.905,3.77,16.04,348.99,800.97,0.058299571119835476,0.34280574
1994-10-05,-1.770002943034655e-30,1347.4294565682908,1.3145521623870742,1.1920928955078125e-07,1.1920929e-07,1.1920929e-07,0.0,11.328,10.45,5.94,14.96,279.85,920.0,0.05592268967838602,0.33354074
1994-10-06,-4.948058097408429e-31,1346.2049457017658,1.230827325762644,1.1920928955078125e-07,1.1920929e-07,1.1920929e-07,0.0,11.328,9.43,2.11,16.75,380.31,720.0,0.05391500224527348,0.3242757
1994-10-07,2.3138977021710532e-30,1345.374941619639,1.4812203421482808,1.1920928955078125e-07,1.1920929e-07,1.1920929e-07,0.0,11.232,12.51,4.52,20.5,384.62,841.31,0.052595287703689354,0.3242757
1994-10-08,6.0025710524945895e-30,1344.8315003997047,1.6112398679319768,1.1920928955078125e-07,1.1920929e-07,1.1920929e-07,0.0,11.232,13.875,5.75,22.0,381.25,920.0,0.051748760027920705,0.30574566
1994-10-09,9.91221997439427e-30,1344.4535240842226,2.053192803547711,1.1920928955078125e-07,1.1920929e-07,3.87,3.87,11.138781,18.02,11.7,24.34,242.95,1376.39,0.05116802686155962,0.30574566
1994-10-10,1.3383850201034593e-29,1344.1199147154525,1.4985474794081026,1.1920928955078125e-07,1.1920929e-07,0.52,0.52,11.136,12.85,6.98,18.72,316.12,998.61,0.050660877187823965,0.3150107
1994-10-11,1.5758467465580066e-29,1343.7095743356547,1.1528869320062496,1.1920928955078125e-07,1.1920929e-07,1.1920929e-07,0.0,11.136,8.705,1.5,15.91,363.48,680.22,0.050043970280871604,0.29648066
1994-10-12,1.6377077501195192e-29,1343.1014049870887,1.1583166286295647,1.1920928955078125e-07,1.1920929e-07,1.1920929e-07,0.0,11.04,8.92,0.59,17.25,383.4,639.8,0.04914343741417728,0.29648066
1994-10-13,1.458068604104447e-29,1342.1743087120146,1.191366111159206,1.1920928955078125e-07,1.1920929e-07,1.1920929e-07,0.0,11.04,9.37,2.09,16.65,359.81,717.56,0.04780174254114947,0.29648066
1994-10-14,9.548042404291435e-30,1340.818117008757,1.4787012579614291,1.1920928955078125e-07,1.1920929e-07,1.1920929e-07,0.0,10.944003,12.955,8.99,16.92,234.47,1159.0,0.04590476610336582,0.29648066
1994-10-15,-1.5077536809057011e-30,1339.1891832989168,1.3946442662221379,1.1920928955078125e-07,1.1920929e-07,1.1920929e-07,0.0,10.944003,12.035,6.56,17.51,297.91,964.55,0.04372553592469381,0.29648066
1994-10-16,-1.6717463891603766e-29,1337.4544333462761,1.3196632208367103,1.1920928955078125e-07,1.1920929e-07,1.1920929e-07,0.0,10.848002,11.315,3.2,19.43,362.02,776.1,0.04151837695546097,0.29648066
1994-10-17,-3.2571354584918864e-29,1335.7158050792914,1.3010474915788408,1.1920928955078125e-07,1.1920929e-07,1.1920929e-07,0.0,10.848002,11.11,1.95,20.27,372.75,703.91,0.03941806519373057,0.28721562
1994-10-18,-4.5559692117967104e-29,1334.0752364264192,1.4870314474370114,1.1920928955078125e-07,1.1920929e-07,1.1920929e-07,0.0,10.803894,13.335,3.4,23.27,372.52,791.53,0.037533735877791984,0.2779506
1994-10-19,-5.217274284786458e-29,1332.6346653161163,1.5269834699123268,1.1920928955078125e-07,1.1920929e-07,1.1920929e-07,0.0,10.752,13.86,6.12,21.6,335.18,929.5,0.03595354210499221,0.2779506
1994-10-20,-4.890077313172738e-29,1331.4960296768386,1.9360757283104124,1.1920928955078125e-07,1.1920929e-07,3.0,3.0,10.752,17.79,13.09,22.49,176.74,1494.74,0.0347517610124448,0.28721562
1994-10-21,-3.1659500118952067e-29,1330.7263566879503,1.5000480889204941,1.1920928955078125e-07,1.1920929e-07,1.1920929e-07,0.0,10.655997,13.74,6.95,20.53,310.87,995.67,0.03396224159938489,0.29648066
1994-10-22,7.274235951224277e-30,1329.8893939937993,1.4205362149063196,1.1920928955078125e-07,1.1920929e-07,1.1920929e-07,0.0,10.655997,12.87,5.61,20.13,318.91,917.66,0.03312404158423412,0.28721562
1994-10-23,5.997555646829149e-29,1328.8708541607705,1.5920340527910843,1.1920928955078125e-07,1.1920929e-07,16.01,16.01,10.559998,14.88,11.11,18.65,143.77,1328.43,0.03213185186800071,0.6022263
1994-10-24,1.1436420823193792e-28,1327.7298362465408,1.3433979509956868,1.1920928955078125e-07,1.1920929e-07,1.1920929e-07,0.0,10.559998,12.145,4.44,19.85,321.45,835.5,0.031055605318851372,0.8245868
1994-10-25,1.58359938041852e-28,1326.5254393087873,1.283578555698408,1.1920928955078125e-07,1.1920929e-07,1.1920929e-07,0.0,10.558345,11.435,5.23,17.64,282.29,898.02,0.029958660782646522,0.4076609
1994-10-26,1.798824926977221e-28,1325.3167624051869,1.0292868246262947,1.1920928955078125e-07,1.1920929e-07,1.1920929e-07,0.0,10.464,8.125,2.21,14.04,273.61,719.95,0.02889676947945664,0.35207078
1994-10-27,1.6685161899923662e-28,1324.1629045934164,0.9783288365351487,1.1920928955078125e-07,1.1920929e-07,1.1920929e-07,0.0,10.464,7.355,1.25,13.46,275.72,659.72,0.027918175887122497,0.33354074
1994-10-28,9.464064723199385e-29,1323.125996472823,1.0181578426007407,1.1920928955078125e-07,1.1920929e-07,1.1920929e-07,0.0,10.367997,8.125,0.25,16.0,312.72,621.03,0.027067072706120132,0.3150107
1994-10-29,-1.716076725175041e-28,1322.2687054719413,1.1646943625893156,1.1920928955078125e-07,1.1920929e-07,1.1920929e-07,0.0,10.367997,10.235,1.23,19.24,323.24,662.53,0.02638302951172132,0.3242757
1994-10-30,-6.101399806466172e-28,1321.5622377239768,1.4137437768066703,1.1920928955078125e-07,1.1920929e-07,1.1920929e-07,0.0,10.323892,13.405,4.46,22.35,313.01,840.98,0.02583234223204082,0.3150107
1994-10-31,-1.1507329744978203e-27,1320.9600792553977,1.4925408547177532,1.1920928955078125e-07,1.1920929e-07,1.1920929e-07,0.0,10.272,14.375,8.16,20.59,252.2,1093.12,0.025372046740574677,0.3150107
1994-11-01,-1.7231633514135867e-27,1320.415716092672,1.4080264863331462,1.1920928955078125e-07,1.1920929e-07,25.79,25.79,10.272,13.435,7.89,18.98,173.16,1071.31,0.024962993328433793,1.0932723
1994-11-02,-2.257207808736392e-27,1319.8826342622679,1.181132681718843,1.1920928955078125e-07,1.1920929e-07,1.1920929e-07,0.0,10.176,10.78,6.02,15.54,207.52,935.0,0.024568809070397594,1.6213785
1994-11-03,-2.6826430438087092e-27,1319.3143197906536,1.1254570749282458,1.1920928955078125e-07,1.1920929e-07,1.1920929e-07,0.0,10.176,10.025,1.67,18.38,297.6,693.4,0.024155424989326598,0.6300214
1994-11-04,-2.9292457539730142e-27,1318.664258704297,1.5452898116069023,1.1920928955078125e-07,1.1920929e-07,1.1920929e-07,0.0,10.176,15.125,6.59,23.66,287.5,967.28,0.02369110072819711,0.5003111
1994-11-05,-2.9267926365717792e-27,1317.8859370296666,1.7151036222775475,1.1920928955078125e-07,1.1920929e-07,1.1920929e-07,0.0,10.079997,17.015,9.53,24.5,262.03,1202.21,0.023146888549834144,0.46325102
1994-11-06,-2.6050603889474807e-27,1316.9328407932298,1.8286829254319052,1.1920928955078125e-07,1.1920929e-07,2.32,2.32,10.079997,18.1,11.71,24.49,214.83,1376.46,0.022497469558988466,0.43545595
1994-11-07,-1.893825708442592e-27,1315.7584560214555,1.2891178600514483,1.1920928955078125e-07,1.1920929e-07,1.1920929e-07,0.0,10.035892,12.445,4.95,19.94,266.31,875.65,0.021722271732293495,0.46325102
1994-11-08,-1.0926628872380827e-27,1314.1443926612812,1.171051590608829,1.1920928955078125e-07,1.1920929e-07,1.1920929e-07,0.0,9.983997,11.015,1.66,20.37,294.14,693.01,0.020700242374626875,0.38913086
1994-11-09,-5.928671431063176e-28,1312.8345239267828,1.5372543978765603,1.1920928955078125e-07,1.1920929e-07,1.1920929e-07,0.0,9.983997,15.425,8.61,22.24,239.66,1129.07,0.01990628227453432,0.37986583
1994-11-10,-3.4553708792261665e-28,1313.6261924189832,1.1975204170471332,1.1920928955078125e-07,1.1920929e-07,8.79,8.79,9.888,11.53,4.0,19.06,193.97,800.0,0.020382424725123544,0.43545595
1994-11-11,-1.8768400020553342e-28,1315.7109146395433,0.7642710864247938,1.1920928955078125e-07,1.1920929e-07,1.1920929e-07,0.0,9.888,4.56,-1.75,10.87,237.74,539.46,0.021691459066695448,0.46325102
1994-11-12,-1.0838426556529455e-28,1315.4469751406123,0.7392935337796482,1.1920928955078125e-07,1.1920929e-07,1.1920929e-07,0.0,9.888,4.065,-3.29,11.42,260.07,480.07,0.021521186989604816,0.4169259
1994-11-13,-5.75118415201484e-29,1314.4479825872456,1.113067086764005,1.1920928955078125e-07,1.1920929e-07,1.1920929e-07,0.0,9.792,10.515,3.55,17.48,240.96,799.99,0.02088873443059447,0.4076609
1994-11-14,-3.076119124335801e-29,1313.2126702033859,1.257313185530204,1.1920928955078125e-07,1.1920929e-07,1.1920929e-07,0.0,9.792,12.47,5.12,19.82,243.25,888.85,0.02013231143046623,0.38913086
1994-11-15,-1.837730514261707e-29,1311.0916047941455,1.3539032600231975,1.1920928955078125e-07,1.1920929e-07,1.1920929e-07,0.0,9.792,13.69,7.2,20.18,221.35,1015.68,0.0188968516488967,0.37060082
1994-11-16,-1.1059662363683742e-29,1320.1801535004147,1.162425377976475,1.1920928955078125e-07,1.1920929e-07,19.21,19.21,9.698783,11.285,5.14,17.43,162.12,891.22,0.024788034032995558,0.898707
1994-11-17,-6.666522701878307e-30,1333.8643224863395,0.8509675981835078,1.1920928955078125e-07,1.1920929e-07,9.36,9.36,9.696003,6.275,2.91,9.64,102.42,752.54,0.037298111213985054,1.9641843
1994-11-18,-4.0069182996669834e-30,1337.6798590737917,1.0845355802490715,1.1920928955078125e-07,1.1920929e-07,0.84,0.84,9.696003,9.985,7.4,12.57,106.32,1031.6,0.04179876962894404,0.8709119
1994-11-19,-2.3143647080091245e-30,1337.4888167109723,1.1350383399082695,1.1920928955078125e-07,1.1920929e-07,0.56,0.56,9.696003,10.705,5.67,15.74,189.13,920.0,0.04156102234802188,0.71340656
1994-11-20,-1.3687688392239012e-30,1338.9631802700892,0.9414611448899629,1.1920928955078125e-07,1.1920929e-07,1.1920929e-07,0.0,9.6,7.92,2.13,13.71,212.28,718.83,0.04343146956511765,0.6022263
1994-11-21,-7.8858547038912135e-31,1351.6583295621683,0.9696205018800755,1.1920928955078125e-07,1.1920929e-07,20.41,20.41,9.6,8.23,3.04,13.42,146.74,763.33,0.06344895995714486,1.5935835
1994-11-22,9.162872817859556e-18,1365.2141130257094,1.0257875665937488,1.1920928955078125e-07,1.1920929e-07,11.01,11.01,9.6,8.95,4.0,13.9,142.94,803.48,0.09510524492280203,1.7788839
1994-11-23,1.0194418529294212e-17,1368.74723784084,0.7100365292556888,1.1920928955078125e-07,1.1920929e-07,1.1920929e-07,0.0,9.555897,3.38,-1.88,8.64,199.93,532.76,0.1056863865430092,0.88944197
1994-11-24,-5.030422051667625e-13,1367.979173647275,0.5735327983375926,1.1920928955078125e-07,1.1920929e-07,0.1499999,0.15,9.504003,0.335,-5.7,6.37,222.42,401.36,0.10329027677245599,0.7319366
1994-11-25,-1.3966910446003416e-12,1367.2552827753245,0.7388162205821807,1.1920928955078125e-07,1.1920929e-07,1.1920929e-07,0.0,9.504003,4.07,-2.02,10.16,217.53,520.83,0.10108172278001744,0.6670815
1994-11-26,1.1306444324476989e-08,1366.2013324105583,0.7235681983707106,1.1920928955078125e-07,1.1920929e-07,1.1920929e-07,0.0,9.504003,3.77,-1.96,9.5,207.82,522.8,0.0979503283642039,0.6114913
1994-11-27,4.70288592026537e-08,1367.4937922900538,0.5850076599855102,1.1920928955078125e-07,1.6331673e-07,5.48,5.48,9.459894,0.695,-3.61,5.0,131.22,471.03,0.10180413666661767,0.5929613
1994-11-28,3.315088043867878e-08,1377.202173736627,0.8427773697299321,1.1920928955078125e-07,1.1920929e-07,20.95,20.95,9.408,6.1,-0.03,12.23,162.45,602.07,0.13603652306625225,4.3916197
1994-11-29,1.9003506782050185e-08,1385.0749017721892,0.9233555543154871,1.1920928955078125e-07,1.1920929e-07,0.02,0.02,9.408,7.41,1.82,13.0,203.39,705.61,0.17208476258618663,1.5472584
1994-11-30,1.1255073442995976e-08,1384.6440554815908,0.809126236807859,1.1920928955078125e-07,1.1920929e-07,1.1920929e-07,0.0,9.408,5.4,-0.28,11.08,206.75,599.15,0.1698852078540912,1.0469472
1994-12-01,6.511201437705213e-09,1383.7514257275739,0.6675299204765577,1.1920928955078125e-07,1.1920929e-07,1.1920929e-07,0.0,9.408,2.535,-3.29,8.36,210.94,480.0,0.1654172118811955,0.8616469
1994-12-02,3.694562751694637e-09,1382.9077311460871,0.7313500476180758,1.1920928955078125e-07,1.1920929e-07,1.1920929e-07,0.0,9.363897,3.97,-3.92,11.86,243.74,446.12,0.1613022320705762,0.75973165
1994-12-03,1.7309456078895874e-09,1381.9937891092084,0.8131787464059791,1.1920928955078125e-07,1.1920929e-07,1.1920929e-07,0.0,9.311997,5.66,-1.95,13.27,237.38,524.23,0.1569600570998307,0.70414156
1994-12-04,8.518836304189362e-10,1381.2053946344377,1.027520976842806,1.1920928955078125e-07,1.1920929e-07,1.1920929e-07,0.0,9.311997,9.27,3.44,15.1,201.73,792.01,0.1533083868027146,0.6670815
1994-12-05,5.137197275480292e-10,1396.29862309216,1.2403736321381782,1.1920928955078125e-07,1.1920929e-07,31.08,31.08,9.311997,12.075,7.6,16.55,122.83,1048.32,0.24059254368111685,6.374334
1994-12-06,3.097212001473006e-10,1408.413540590032,1.3327347175297761,1.1920928955078125e-07,1.1920929e-07,1.1920929e-07,0.0,9.311997,13.09,9.06,17.12,149.91,1164.84,0.34544442690615573,2.334785
1994-12-07,1.8028006195845438e-10,1406.7925884505046,1.2407402727796881,1.1920928955078125e-07,1.1920929e-07,1.1920929e-07,0.0,9.311997,11.96,6.04,17.88,201.82,923.26,0.32912361994758627,1.4268131
1994-12-08,1.0121463211562252e-10,1405.3992046017388,0.8840889362810509,1.1920928955078125e-07,1.1920929e-07,1.1920929e-07,0.0,9.310348,6.68,-2.14,15.5,248.91,520.0,0.31571180786747305,1.1118025
1994-12-09,0.0030380019506787877,1404.3807293013635,0.5476992853475947,1.1920928955078125e-07,1.1920929e-07,1.1920929e-07,0.0,9.2187805,-0.27,-4.72,4.18,175.69,440.0,0.3062556410571709,0.94503206
1994-12-10,0.013350603679806441,1409.2823498214343,0.6725415714229305,0.0071202377097231585,1.1920929e-07,12.59,12.59,9.216,2.68,-0.04,5.4,86.74,600.0,0.3545228039451738,2.4181702
1994-12-11,0.007866046803839065,1420.7486049563722,0.6940023540975356,0.00408763042209139,1.1920929e-07,10.68,10.68,9.216,3.025,0.72,5.33,75.27,640.0,0.49926244144260007,4.3267646
1994-12-12,0.18678950617198709,1424.2849365497857,0.4842724499955995,1.1920928955078125e-07,1.1920929e-07,1.1920929e-07,0.0,9.216,-2.225,-6.68,2.23,182.97,363.19,0.5548620985087289,1.5657884
1994-12-13,0.025628960305450754,1423.2712877256988,0.4751159242619697,1.1920928955078125e-07,1.1920929e-07,1.1920929e-07,0.0,9.216,-2.485,-6.91,1.94,184.01,360.0,0.538320498536798,1.2322477
1994-12-14,0.1738302314420376,1422.636187373164,0.5791727344841958,0.14193032705824815,5.662441e-07,0.9999994,1.0,9.216,0.355,-2.94,3.65,146.26,492.95,0.5282086050951159,1.1303325
1994-12-15,0.08038384806133231,1422.133229246576,0.6702255453308327,0.055528757912570066,1.1920929e-07,1.1920929e-07,0.0,9.216,2.495,-0.46,5.45,134.0,590.12,0.5203355943667125,1.0284172
1994-12-16,0.0413053831706183,1420.9980045703876,0.6878276731720546,0.024858401728434246,1.1920929e-07,1.1920929e-07,0.0,9.216,2.89,0.07,5.71,130.41,613.76,0.5029941103786494,0.92650205
1994-12-17,0.022103785799291842,1421.8750712881174,0.7680159739095822,0.012268387364446324,1.1920929e-07,3.87,3.87,9.216,4.525,1.49,7.56,103.47,678.97,0.5163402265204642,1.0191522
1994-12-18,0.01143994818006097,1422.7854911747452,0.7855605908729366,0.006046798767536741,1.1920929e-07,1.1920929e-07,0.0,9.216,4.855,1.3,8.41,156.43,664.3,0.5305685678518169,0.93576705
1994-12-19,0.004684523914470981,1421.6271674270047,0.6991298550432007,0.0023971138374356193,1.1920929e-07,1.1920929e-07,0.0,9.216,3.125,-0.76,7.01,170.06,579.4,0.512532433195811,0.8245868
1994-12-20,0.0024003357809098537,1420.368156277718,0.6393784584610593,0.0012145712285606606,1.1920929e-07,1.1920929e-07,0.0,9.216,1.82,-3.41,7.05,210.16,476.89,0.4936231950373691,0.75046664
1994-12-21,0.0011146164777232348,1419.2309842861375,0.6750014100208577,0.0005604141314371525,1.1920929e-07,1.1920929e-07,0.0,9.216,2.63,-4.74,10.0,242.93,440.0,0.47714422515277116,0.70414156
1994-12-22,0.00034814874924649596,1418.0893045397654,0.6783486877323434,0.00017437739319618495,1.1920929e-07,1.1920929e-07,0.0,9.216,2.715,-3.78,9.21,231.19,457.21,0.4611533123628893,0.6856115
1994-12-23,0.00014344127467935073,1416.9632362908546,0.7833857041001598,7.177207582905974e-05,1.1920929e-07,1.1920929e-07,0.0,9.216,4.875,-1.59,11.34,227.94,545.77,0.4459061165100268,0.6763465
1994-12-24,-7.307324666098411e-05,1416.0339855375164,0.8901472343952536,1.1920928955078125e-07,1.1920929e-07,3.0,3.0,9.216,6.825,3.65,10.0,105.51,793.48,0.43370426204530127,0.6763465
1994-12-25,-0.00032385729223652923,1415.2406182680445,0.9341681298983102,1.1920928955078125e-07,1.1920929e-07,2.56,2.56,9.216,7.575,3.98,11.17,136.01,805.75,0.42355125485071543,0.7319366
1994-12-26,-0.0005477535371050653,1414.4911908024171,0.798526088416093,1.1920928955078125e-07,1.1920929e-07,1.1920929e-07,0.0,9.216,5.19,-1.08,11.46,227.97,566.49,0.41417895669624355,0.6485514
1994-12-27,-0.0006836046563243741,1413.6937594606118,0.701107418795781,1.1920928955078125e-07,1.1920929e-07,1.1920929e-07,0.0,9.216,3.25,-4.5,11.0,247.22,440.0,0.4044339574555161,0.6022263
1994-12-28,-0.0006702533249522356,1412.756380562606,0.7964909562795622,1.1920928955078125e-07,1.1920929e-07,1.1920929e-07,0.0,9.216,5.17,-3.67,14.01,253.36,466.07,0.3932714999078623,0.58369625
1994-12-29,-0.0005279519658104376,1411.6088318682914,0.8340463173173968,1.1920928955078125e-07,1.1920929e-07,1.1920929e-07,0.0,9.216,5.88,-0.34,12.1,224.4,599.96,0.3800248808001198,0.57443124
1994-12-30,-0.0002982490591316894,1410.5714998020794,0.5033012451334626,1.1920928955078125e-07,1.1920929e-07,1.1920929e-07,0.0,9.216,-1.54,-7.75,4.67,229.75,340.31,0.3684349191469758,0.53737116
1994-12-31,1.0540065115413437,1409.7550272621393,0.4389440423167635,1.1920928955078125e-07,2.72,1.1920929e-07,2.72,9.216,-3.465,-8.49,1.56,182.87,320.0,0.3595617269827745,0.5095761
1995-01-01,1.5175026404616003,1417.055534593473,0.7641391734360664,1.5175022507896783,1.1920929e-07,14.09,14.09,9.216,4.5,-1.94,10.94,207.55,526.15,0.44713665763788035,1.5750535
1995-01-02,0.5532954205659808,1425.5111339075327,0.689225204663015,0.5511161474781412,1.1920929e-07,2.86,2.86,9.267895,2.79,-3.92,9.5,226.06,454.17,0.5755530406682874,1.1303325
1995-01-03,0.5700274509566179,1425.4779668485428,0.4117618171550456,1.1920928955078125e-07,1.1920929e-07,1.1920929e-07,0.0,9.311997,-4.655,-8.36,-0.95,218.15,325.48,0.574983351815982,0.8338518
1995-01-04,0.5699222470862789,1424.5172903716973,0.4389683012790432,1.1920928955078125e-07,1.1920929e-07,1.1920929e-07,0.0,9.311997,-3.755,-6.65,-0.86,180.71,364.66,0.5587249024376835,0.75973165
1995-01-05,0.5699222470862789,1423.6107971838521,0.3128082608174902,1.1920928955078125e-07,1.1920929e-07,1.1920929e-07,0.0,9.311997,-8.385,-12.84,-3.93,249.14,233.95,0.5438052420026817,0.6948765
1995-01-06,0.569142133422243,1422.7323608939228,0.3821092157439509,1.1920928955078125e-07,1.1920929e-07,1.1920929e-07,0.0,9.311997,-5.66,-11.57,0.25,283.49,240.0,0.5297275608157059,0.8338518
1995-01-07,2.455961605242161,1429.2493704174356,0.6207628521372826,2.4559238374156633,1.1920929e-07,18.91,18.91,9.311997,1.145,-3.13,5.42,179.4,480.0,0.6435164441350801,3.7152731
1995-01-08,0.8979461757923644,1438.8260819628294,0.6102928208248144,0.8973968742521304,1.1920929e-07,1.1920929e-07,0.0,9.311997,0.8,-2.67,4.27,209.46,503.2,0.85652957455054,1.5379933
1995-01-09,0.3285792175830805,1437.9101090904496,0.6311792576170947,0.31672540542333777,1.1920929e-07,1.1920929e-07,0.0,9.408,1.15,-3.33,5.63,248.72,480.12,0.8334216917113582,1.0840074
1995-01-10,0.22633313235554647,1436.605525750455,0.5392699376393021,1.1920928955078125e-07,1.1920929e-07,1.1920929e-07,0.0,9.408,-1.11,-5.52,3.3,249.27,410.09,0.8015821986431172,0.94503206
1995-01-11,0.5311377348122853,1435.302860081743,0.5244480741447587,1.1920928955078125e-07,0.7383655,0.011634529,0.75,9.408,-1.495,-4.09,1.1,167.12,448.64,0.7710032252633529,0.8523819
1995-01-12,0.3174151294122126,1435.4802163959287,0.7831227395531124,0.30467087174886603,1.1920929e-07,1.98,1.98,9.408,4.365,-0.41,9.14,248.7,596.53,0.775096903360725,0.898707
1995-01-13,0.12724242415654347,1435.1191048483777,1.0385783758056952,0.09939636830395471,1.1920929e-07,1.1920929e-07,0.0,9.408,8.68,2.76,14.6,253.72,740.56,0.7667846529925094,1.0284172
1995-01-14,0.05994253185431354,1434.0910134263238,1.238143922626243,0.0386943919155059,1.1920929e-07,2.47,2.47,9.504003,11.295,4.29,18.3,239.54,825.02,0.7436044669834982,1.0840074
1995-01-15,0.030977909414864932,1447.1130655373038,1.6238431714374957,0.01786902898590619,1.1920929e-07,21.52,21.52,9.504003,15.535,13.36,17.71,90.25,1530.71,1.0969857168447328,3.279817
1995-01-16,0.01735418522781383,1460.4246563405093,1.245885540855732,0.009428128024640757,1.1920929e-07,10.62,10.62,9.504003,11.105,6.23,15.98,184.5,940.7,1.6323543815713097,3.2612872
1995-01-17,0.00999384637314275,1462.8985235500127,0.9112112733146335,0.005246407986247828,1.1920929e-07,1.1920929e-07,0.0,9.504003,6.215,3.22,9.21,173.68,774.45,1.757492464794712,1.6028485
1995-01-18,0.005580971543317103,1460.8362691959185,0.8596206135403555,0.002868333674895811,1.1920929e-07,0.95,0.95,9.6,5.2,2.68,7.72,151.8,734.35,1.6525396842271751,1.3248979
1995-01-19,0.00326044762512751,1462.7847593828633,0.8573532150858381,0.0016567977552726682,1.1920929e-07,2.18,2.18,9.6,5.14,3.4,6.88,98.64,784.47,1.751532797681145,1.2137177
1995-01-20,0.0018696327232359177,1482.3703927620018,0.9210956972909574,0.0009435549233699753,1.1920929e-07,41.46,41.46,9.6,6.025,3.39,8.66,119.78,780.66,3.1433174245958475,15.565234
1995-01-21,0.0011223904029560904,1496.75481270983,0.7556689029548381,0.000564344568957669,1.1920929e-07,1.93,1.93,9.602783,2.905,0.55,5.26,136.78,630.62,4.8296233148509575,3.279817
1995-01-22,0.005059233926487451,1492.270165703536,0.5961436488901639,1.1920928955078125e-07,1.1920929e-07,1.1920929e-07,0.0,9.696003,-0.65,-3.56,2.26,181.18,466.52,4.224352410695542,2.0383043
1995-01-23,0.0055980475755265414,1487.7566027299238,0.5520553046265694,1.1920928955078125e-07,1.1920929e-07,1.1920929e-07,0.0,9.696003,-1.705,-5.26,1.85,214.01,417.41,3.6917481476104066,1.5935835
1995-01-24,0.0055986441172857435,1483.7013376086313,0.585331693613957,1.1920928955078125e-07,1.1920929e-07,1.1920929e-07,0.0,9.696003,-0.83,-4.65,2.99,226.51,439.91,3.270745929942869,1.371223
1995-01-25,0.00559970286572321,1479.983513933563,0.642168362183683,0.0028038128661988563,1.1920929e-07,1.1920929e-07,0.0,9.792,0.4,-2.68,3.48,194.24,504.6,2.9270976400029722,1.2137177
1995-01-26,0.005600862640946524,1476.5731731612389,0.5482948569250431,1.1920928955078125e-07,1.1920929e-07,1.1920929e-07,0.0,9.792,-1.835,-6.17,2.5,250.96,385.26,2.6437159321493504,1.0747423
1995-01-27,0.005601964982047902,1473.4411082658362,0.5408123100272522,1.1920928955078125e-07,1.1920929e-07,1.1920929e-07,0.0,9.792,-2.0,-6.97,2.97,272.07,360.0,2.4076913570078693,0.98209214
1995-01-28,0.005602851428119563,1470.558112221533,0.5653394388143516,1.1920928955078125e-07,1.1920929e-07,1.1920929e-07,0.0,9.888,-1.48,-4.32,1.36,187.71,440.0,2.20910599336495,0.95429707
1995-01-29,0.005603363518253725,1467.8949780025068,0.4741631937758911,1.1920928955078125e-07,1.1920929e-07,1.1920929e-07,0.0,9.888,-3.935,-9.75,1.88,297.62,281.22,2.0402494839575187,0.8616469
1995-01-30,0.005603429824678797,1465.4192187264232,0.5475578827270987,1.1920928955078125e-07,1.1920929e-07,1.1920929e-07,0.0,9.888,-1.885,-6.2,2.43,258.98,384.1,1.894871307184797,0.8245868
1995-01-31,0.005603429825609367,1463.0910233580678,0.6218295906382278,1.1920928955078125e-07,1.1920929e-07,1.1920929e-07,0.0,9.983997,-0.18,-6.42,6.06,307.19,366.26,1.7676230115824172,0.7875267
1995-02-01,0.005603429826346262,1460.8967713565871,0.7598821882871469,0.0028801904453930704,1.1920929e-07,1.1920929e-07,0.0,9.983997,2.77,-1.93,7.47,274.57,525.79,1.6555276494641114,0.76899666
1995-02-02,0.005603429826910161,1458.8262885225788,0.7549661215718011,0.0028801904456908106,1.1920929e-07,1.1920929e-07,0.0,9.983997,2.695,-0.77,6.16,228.26,578.57,1.5562815335258435,0.75973165
1995-02-03,0.005603429827321745,1456.8694006566418,0.4931379284720128,1.1920928955078125e-07,1.1920929e-07,1.1920929e-07,0.0,10.079997,-3.55,-9.93,2.83,319.34,281.22,1.4679555111130433,0.6948765
1995-02-04,0.005603429827601694,1455.015933559374,0.49692509310208766,1.1920928955078125e-07,14.48,1.1920929e-07,14.48,10.079997,-3.425,-7.09,0.24,205.68,358.55,1.3889246847460834,0.75046664
1995-02-05,0.005603429827770689,1453.2557130313735,0.38034747596206536,1.1920928955078125e-07,1.1920929e-07,1.1920929e-07,0.0,10.079997,-7.095,-12.73,-1.46,354.05,231.04,1.3178125588309069,0.6948765
1995-02-06,0.00560342982784941,1451.5785648732392,0.2559610085908953,1.1920928955078125e-07,1.1920929e-07,1.1920929e-07,0.0,10.176,-12.45,-17.89,-7.01,353.94,159.12,1.25344649439462,0.6578164
1995-02-07,0.005603429827858538,1449.974314885569,0.33489030314103496,1.1920928955078125e-07,1.1920929e-07,1.1920929e-07,0.0,10.176,-8.905,-14.73,-3.08,363.18,200.0,1.1948220808994017,0.6300214
1995-02-08,0.005603429827818753,1448.4327888689609,0.3378889239158239,1.1920928955078125e-07,1.1920929e-07,1.1920929e-07,0.0,10.270348,-8.895,-14.31,-3.48,354.89,200.0,1.141074582219801,0.6114913
1995-02-09,0.005603429827750736,1446.9438126240138,0.39149077294059814,1.1920928955078125e-07,1.1920929e-07,1.1920929e-07,0.0,10.272,-6.9,-12.2,-1.6,353.21,240.12,1.0914560285351242,0.6114913
1995-02-10,0.005603429827675167,1445.4972119513257,0.5666425087582206,1.1920928955078125e-07,1.1920929e-07,1.1920929e-07,0.0,10.272,-1.745,-7.0,3.51,348.94,360.0,1.0453168406795335,0.6300214
1995-02-11,0.005603429827612728,1444.0828126514948,0.6582026712677379,0.002657457098023934,1.1920929e-07,1.1920929e-07,0.0,10.367997,0.285,-5.5,6.07,364.38,400.08,1.0020911130211936,0.6485514
1995-02-12,0.005603429827584098,1442.6904405251194,0.4369340363270269,1.1920928955078125e-07,1.1920929e-07,1.1920929e-07,0.0,10.367997,-5.485,-14.27,3.3,413.26,201.07,0.9612848634074178,0.6022263
1995-02-13,0.005603429827583886,1441.3630645329508,0.3609158959915525,1.1920928955078125e-07,1.1920929e-07,1.1920929e-07,0.0,10.419894,-8.14,-13.83,-2.45,373.5,208.08,0.9239315812239536,0.5095761
1995-02-14,0.004782968437039989,1440.0498727526644,0.46106416951230017,1.1920928955078125e-07,1.1920929e-07,1.1920929e-07,0.0,10.464,-4.845,-10.97,1.28,382.78,268.77,0.8884059310894469,0.51884115
1995-02-15,1.096771136242051,1438.696111045367,0.5077089746021608,1.1920928955078125e-07,2.64,1.1920929e-07,2.64,10.464,-3.49,-7.99,1.01,285.99,324.27,0.853212107848698,0.57443124
1995-02-16,1.7428235217258012,1440.7931427817357,0.7451849024680889,1.742823474707491,1.1920929e-07,5.76,5.76,10.559998,1.86,-1.78,5.5,211.31,538.57,0.9083423183287769,0.8245868
1995-02-17,0.6366048376243694,1443.249694215219,0.7587498780057389,0.6355124308903797,1.1920929e-07,1.1920929e-07,0.0,10.559998,2.1,-3.44,7.64,367.27,480.0,0.9774713429102538,0.8801769
1995-02-18,0.23521138808734932,1441.951162242753,0.7426222058922182,0.21477198761863808,1.1920929e-07,1.1920929e-07,0.0,10.655997,1.665,-5.34,8.67,403.3,413.05,0.9402985512108687,0.8338518
1995-02-19,0.09863673747650546,1440.411065989823,0.7862389761968256,0.07184402213282541,1.1920929e-07,1.1920929e-07,0.0,10.655997,2.52,-5.49,10.53,419.19,400.42,0.8980387948378599,0.8338518
1995-02-20,0.04821428587657048,1438.7068646697162,0.9703301227767096,0.0298086631348706,1.1920929e-07,1.1920929e-07,0.0,10.655997,5.685,-2.25,13.62,413.91,520.0,0.8534861024615202,0.8338518
1995-02-21,0.026615232936629707,1436.9114982982458,0.9570870198507029,0.015068162618298775,1.1920929e-07,1.1920929e-07,0.0,10.752,5.36,-0.5,11.22,365.6,600.0,0.8089387837363323,0.8801769
1995-02-22,0.014679642181396982,1435.151951640425,0.6539197146372389,1.1920928955078125e-07,1.1920929e-07,1.1920929e-07,0.0,10.752,-0.245,-5.42,4.93,347.39,413.59,0.7675370373954871,0.7319366
1995-02-23,0.007460694271788349,1433.8986923908683,0.7644448472781776,0.0038694375223930857,1.1920929e-07,0.63,0.63,10.848002,1.91,-2.44,6.26,308.2,516.63,0.739346690335985,0.6948765
1995-02-24,0.004366248161020122,1435.340481503439,0.8764493223893246,0.002230776817779247,1.1920929e-07,5.05,5.05,10.848002,3.92,-0.63,8.47,236.93,583.61,0.7718697795425674,1.0098872
1995-02-25,0.004347249336367119,1436.3968361644918,0.6376027852701466,1.1920928955078125e-07,1.1920929e-07,1.1920929e-07,0.0,10.944003,-0.875,-8.15,6.4,418.67,322.15,0.7966030290644404,0.75046664
1995-02-26,0.012693685105607649,1434.7226708691917,0.7241067340477749,0.006748584363468586,1.1920929e-07,1.1920929e-07,0.0,10.944003,0.98,-3.52,5.48,319.39,476.43,0.757761944273108,0.6948765
1995-02-27,0.820605696714904,1433.7975195800593,0.6066005200692278,1.1920928955078125e-07,2.976708,0.023292035,3.0,10.946783,-1.565,-4.04,0.91,146.3,452.41,0.7371166301655834,0.6856115
1995-02-28,0.8390851064558831,1440.4522211293402,0.8304579750408405,0.8388947326677713,1.1920929e-07,12.92,12.92,11.04,2.805,-1.09,6.7,211.89,560.0,0.8991429915901257,3.252022
1995-03-01,0.30786366996910347,1445.7618071708318,0.883214138487504,0.2943185545074984,1.1920929e-07,1.1920929e-07,0.0,11.04,3.665,0.08,7.25,261.0,606.42,1.0536078427326556,1.7696189
1995-03-02,0.1431264207803485,1444.1292066595206,0.695346046543168,0.033184259132557015,1.1920929e-07,1.1920929e-07,0.0,11.136,0.045,-4.45,4.54,314.58,440.55,1.0034802029630672,1.2971028
1995-03-03,0.21449886491128944,1442.4050298220484,0.6792810677642114,1.1920928955078125e-07,1.1920929e-07,1.1920929e-07,0.0,11.136,-0.275,-4.56,4.01,299.05,437.8,0.9531278041050282,1.1210674
1995-03-04,0.12221773801058643,1440.8399001886276,0.7757775194085378,0.09440664156276606,1.1920929e-07,1.1920929e-07,0.0,11.232,1.545,-1.37,4.46,215.47,555.12,0.9096113240642291,1.0284172
1995-03-05,0.059410751112944665,1439.200637721049,0.872530891715433,0.038278765401483866,1.1920929e-07,1.1920929e-07,0.0,11.232,3.295,-0.12,6.71,251.53,605.97,0.8661623180196517,0.9635621
1995-03-06,0.031103621781432007,1438.8594768975686,1.159103311387146,0.017951087354513538,1.1920929e-07,3.0,3.0,11.328,7.465,2.73,12.2,245.33,742.87,0.8573840506658819,0.97282714
1995-03-07,0.016631633633686388,1439.1490068415733,1.2404013161194425,0.009005755270121528,1.1920929e-07,1.1920929e-07,0.0,11.328,8.51,4.5,12.52,285.3,840.09,0.8648280762641527,0.93576705
1995-03-08,0.008269622871763416,1443.6513427012235,1.320934636217057,0.0043056807265774355,1.1920929e-07,14.25,14.25,11.423997,9.31,2.47,16.15,295.95,722.78,0.9892641533783828,1.4916682
1995-03-09,0.3032943905494254,1456.4953904400384,0.6599585365794325,1.1920928955078125e-07,11.036924,3.4930754,14.53,11.423997,-1.195,-6.82,4.43,315.81,363.23,1.4516537651702608,3.2612872
1995-03-10,6.9215177359533335,1454.5879293332046,0.5347367286697072,1.1920928955078125e-07,1.1920929e-07,1.1920929e-07,0.0,11.423997,-4.145,-9.49,1.2,415.45,289.44,1.3712880736224455,1.7325587
1995-03-11,4.976607419154115,1454.5031053813434,0.8591773048871316,4.976607419154115,1.1920929e-07,1.1920929e-07,0.0,11.520008,2.535,-6.97,12.04,509.09,360.0,1.3678194451633556,1.5565234
1995-03-12,1.8212738869334255,1455.2449066372737,1.1806054208209522,1.8212738645109652,1.1920929e-07,1.1920929e-07,0.0,11.520008,7.315,-2.39,17.02,505.6,520.0,1.3984528429181706,1.4824033
1995-03-13,0.6643573529491027,1453.7033664414625,1.457979574089111,0.6634932426524542,1.1920929e-07,1.1920929e-07,0.0,11.616,10.49,-0.0,20.98,508.1,600.0,1.335544717009292,1.2785728
1995-03-14,0.2450215529461173,1451.2904538234197,1.608711120693592,0.2255612577578465,1.1920929e-07,1.1920929e-07,0.0,11.616,12.08,2.1,22.06,501.99,720.0,1.242710074392759,1.1766576
1995-03-15,0.10231052372887894,1448.5904725318828,1.6890842759650757,0.07525727021521762,1.1920929e-07,1.1920929e-07,0.0,11.711997,12.76,3.02,22.5,497.83,761.34,1.1464595599998417,1.0932723
1995-03-16,0.04965079436557817,1445.7921617740394,1.8151444190578805,0.030864837128200415,1.1920929e-07,1.1920929e-07,0.0,11.711997,13.955,4.45,23.46,449.13,835.72,1.0545631889867575,1.0376823
1995-03-17,0.025950587536603502,1442.9625155812255,1.7819529218799592,0.014649491281863046,1.1920929e-07,1.1920929e-07,0.0,11.808,13.555,5.05,22.06,429.44,883.99,0.9691257735022907,0.98209214
1995-03-18,0.014128741955998954,1440.4561911504686,1.2845826893413734,0.0075625958241275085,1.1920929e-07,1.1920929e-07,0.0,11.808,8.395,-0.22,17.01,440.67,599.12,0.8992495794520473,0.898707
1995-03-19,0.006145356144650954,1438.1098649456944,1.150271325842659,0.0031670618758706196,1.1920929e-07,1.1920929e-07,0.0,11.903997,6.595,-1.7,14.89,438.05,543.79,0.8384073272023451,0.8616469
1995-03-20,0.0014719256071624477,1436.0526659985433,1.4477114147971342,0.0007413791182741466,1.1920929e-07,1.1920929e-07,0.0,11.903997,10.185,3.61,16.76,388.05,792.99,0.7884588735064575,0.8431168
1995-03-21,0.0006144888853388699,1434.4040080920063,1.6074635372768142,0.000308188431174559,1.1920929e-07,2.04,2.04,12.000003,11.735,7.45,16.02,285.24,1035.7,0.7505863129088951,0.8616469
1995-03-22,0.0002931744220813715,1432.722075636759,1.287205111524168,0.00014680208899118405,1.1920929e-07,0.25,0.25,12.000003,8.26,3.18,13.34,341.14,773.56,0.7138233661253255,0.8338518
1995-03-23,0.00011415799706140039,1431.0174832000873,1.0253725110341125,5.711157864789465e-05,1.1920929e-07,1.1920929e-07,0.0,12.000003,4.805,-0.85,10.46,374.9,572.37,0.678401881398331,0.7782617
1995-03-24,3.9199807107296045e-05,1429.3507296480068,1.1142959588037715,1.9603745115791955e-05,1.1920929e-07,1.1920929e-07,0.0,12.096,5.96,0.52,11.4,365.99,630.72,0.6454669206225075,0.75046664
1995-03-25,-8.303079048612284e-05,1427.7426328712254,1.0656151486254994,1.1920928955078125e-07,1.1920929e-07,1.1920929e-07,0.0,12.096,5.3,-2.45,13.05,447.32,519.95,0.6152073963360887,0.6948765
1995-03-26,-0.0002285408986056344,1426.23617095343,1.3166533574600294,1.1920928955078125e-07,1.1920929e-07,1.1920929e-07,0.0,12.191998,8.435,1.17,15.7,429.05,656.48,0.5881485372283162,0.6763465
1995-03-27,-0.0003660712135552295,1424.8755673152505,1.2756699150476958,1.1920928955078125e-07,1.1920929e-07,1.1920929e-07,0.0,12.191998,7.96,0.87,15.05,426.85,646.39,0.5647339038367192,0.6670815
1995-03-28,-0.00046436243163889906,1423.7050453773165,1.2485413350818195,1.1920928955078125e-07,1.1920929e-07,2.59,2.59,12.287997,7.52,3.61,11.43,241.94,792.39,0.5453376981717938,0.6763465
1995-03-29,-0.0004921552491606344,1422.768828560258,1.0963685453725334,1.1920928955078125e-07,1.1920929e-07,1.1920929e-07,0.0,12.287997,5.545,-2.12,13.21,447.97,525.04,0.5303046692652379,0.6763465
1995-03-30,-0.000418190362424426,1422.1111402847052,1.330515501806648,1.1920928955078125e-07,1.1920929e-07,2.01,2.01,12.383997,8.4,4.3,12.5,288.56,823.98,0.519992529643729,0.6763465
1995-03-31,-0.00018605599681950326,1421.612816279484,1.084148272292547,1.1920928955078125e-07,1.1920929e-07,1.1920929e-07,0.0,12.383997,5.27,-0.4,10.94,376.77,600.0,0.5123128620000451,0.6485514
1995-04-01,0.00025086907465961603,1420.788842797508,0.9401383004441168,0.00012559187547884178,1.1920929e-07,1.1920929e-07,0.0,12.479998,3.03,-4.0,10.06,433.49,440.0,0.4998626261257905,0.6114913
1995-04-02,0.0007861283979201867,1419.66299031004,1.0425602229251938,0.00039460918564848907,1.1920929e-07,0.49,0.49,12.479998,4.585,-0.51,9.68,348.22,597.18,0.483338690945492,0.5929613
1995-04-03,0.001303910008531567,1418.3020429603725,1.14089024944945,0.0006562053973215025,1.1920929e-07,1.1920929e-07,0.0,12.576006,5.845,-3.56,15.25,489.29,475.38,0.4640918531845258,0.58369625
1995-04-04,0.0016884019420631167,1416.7727848917996,1.54032372856365,0.0008513275545292729,1.1920929e-07,1.1920929e-07,0.0,12.576006,10.51,3.13,17.89,428.53,770.32,0.4433776698020165,0.57443124
1995-04-05,0.001823792234084192,1415.1420002476139,0.9857799215747732,0.0009202114318382159,1.1920929e-07,1.1920929e-07,0.0,12.576006,3.68,-4.98,12.34,474.48,426.46,0.4223059277435562,0.54663616
1995-04-06,0.0015942689201641535,1413.476473171109,1.104107625469121,0.0008034885589723906,1.1920929e-07,1.1920929e-07,0.0,12.672003,5.285,-2.99,13.56,460.42,480.53,0.40181859229166933,0.54663616
1995-04-07,0.000978461664655237,1411.6083177647865,1.433633460471667,0.0004916242813051697,1.1920929e-07,1.1920929e-07,0.0,12.672003,9.32,0.85,17.79,460.24,640.29,0.3800190474278636,0.54663616
1995-04-08,0.0004096218817791746,1409.297724676787,1.5605215811108966,0.00020523041551813757,1.1920929e-07,1.1920929e-07,0.0,12.768005,10.56,1.37,19.75,475.81,657.0,0.3546855893001396,0.52810615
1995-04-09,4.802753494455043e-05,1408.4659788918245,1.9860122241756126,2.4019534082446493e-05,1.1920929e-07,2.97,2.97,12.768005,14.44,4.77,24.11,373.21,856.44,0.3459857134991505,0.5559012
1995-04-10,-2.1367315892911984e-05,1410.8751020547725,1.8437445614918642,1.1920928955078125e-07,1.1920929e-07,7.01,7.01,12.864003,13.085,2.7,23.47,370.14,746.3,0.3717899469151219,0.6670815
1995-04-11,-1.255688778454779e-05,1412.1390612641799,1.2977121776790346,1.1920928955078125e-07,1.1920929e-07,1.1920929e-07,0.0,12.864003,7.535,3.8,11.27,252.84,800.07,0.3860891515207112,0.56516623
1995-04-12,-7.487570837598854e-06,1410.5546700058374,1.7752280066984623,1.1920928955078125e-07,1.1920929e-07,1.1920929e-07,0.0,12.96,12.36,7.05,17.67,341.78,1004.17,0.3682498257360446,0.6207563
1995-04-13,-4.411418466846462e-06,1420.1901270883745,1.687855829486229,1.1920928955078125e-07,1.1920929e-07,23.62,23.62,12.96,11.445,5.39,17.5,289.57,911.44,0.49100625695608474,1.7788839
1995-04-14,-2.642123269625172e-06,1427.9008249020164,1.3250281819735095,1.1920928955078125e-07,1.1920929e-07,1.1920929e-07,0.0,13.05322,7.46,2.95,11.97,318.94,756.12,0.6181200753884979,0.8338518
1995-04-15,-1.5879381000838391e-06,1426.015137044327,1.2849370300336342,1.1920928955078125e-07,1.1920929e-07,1.1920929e-07,0.0,13.056,7.005,-0.29,14.3,456.39,598.55,0.5842797570673299,0.6948765
1995-04-16,-8.994825752588289e-07,1424.0735927243834,1.4421982432177427,1.1920928955078125e-07,1.1920929e-07,1.1920929e-07,0.0,13.056,8.81,0.55,17.07,485.44,630.08,0.5513717763908518,0.6300214
1995-04-17,3.361131013243099e-07,1421.8290972262837,1.6289467581427055,1.6805683309219714e-07,1.1920929e-07,1.1920929e-07,0.0,13.152,10.63,3.8,17.46,438.38,795.73,0.5156319363364246,0.6022263
1995-04-18,2.1003065904157746e-06,1419.3382379448378,1.5808713451666194,1.0501643234273213e-06,1.1920929e-07,1.1920929e-07,0.0,13.152,10.185,3.35,17.02,442.78,767.24,0.4786746703748766,0.5929613
1995-04-19,4.011378627513373e-06,1416.7382173429392,2.751528173572046,2.005729541652914e-06,1.1920929e-07,1.1920929e-07,0.0,13.248009,19.15,9.33,28.97,505.81,1020.39,0.44292028816059953,0.5929613
1995-04-20,5.687609948114911e-06,1414.1662378834803,2.5678404305944436,2.843885846324738e-06,1.1920929e-07,1.1920929e-07,0.0,13.248009,18.015,8.05,27.98,509.38,928.12,0.4101798430414849,0.56516623
1995-04-21,6.747281287718197e-06,1411.7595020293552,2.330427273727801,3.373754458370994e-06,1.1920929e-07,1.04,1.04,13.343997,16.305,10.03,22.58,401.92,1061.08,0.38173835259831285,0.5559012
1995-04-22,6.808673381821037e-06,1409.6552122434564,2.2249761507321955,3.4044525859935244e-06,1.1920929e-07,0.22,0.22,13.343997,15.565,7.59,23.54,469.89,823.04,0.35849172943786006,0.5559012
1995-04-23,5.490066965921242e-06,1407.9905709886775,1.540809192259901,2.745108835048828e-06,1.1920929e-07,1.1920929e-07,0.0,13.343997,9.68,1.39,17.97,488.35,553.1,0.34110923522103337,0.5095761
1995-04-24,2.6852024447542016e-06,1406.5988833268348,1.4972881743696957,1.342619248157523e-06,1.1920929e-07,5.16,5.16,13.439995,9.135,4.49,13.78,245.12,840.47,0.32722558025078363,0.56516623
1995-04-25,-7.062770142932311e-07,1404.9269595621968,1.5279015452736866,1.1920928955078125e-07,1.1920929e-07,1.1920929e-07,0.0,13.439995,9.47,2.26,16.68,456.9,624.72,0.3112914195856527,0.5559012
1995-04-26,-3.748549207580049e-06,1402.9969125265743,1.634002716844356,1.1920928955078125e-07,1.1920929e-07,1.1920929e-07,0.0,13.535997,10.435,2.25,18.62,489.49,594.14,0.29385963087003725,0.5003111
1995-04-27,-5.515048722781732e-06,1400.850579722755,2.0395117937560268,1.1920928955078125e-07,1.1920929e-07,1.1920929e-07,0.0,13.535997,14.01,4.15,23.87,523.34,622.17,0.2756183294810337,0.48178104
1995-04-28,-5.079210147573737e-06,1398.5297986535254,2.197143750773941,1.1920928955078125e-07,1.1920929e-07,1.1920929e-07,0.0,13.580106,15.2,8.03,22.37,441.5,899.69,0.25716636465685466,0.453986
1995-04-29,-3.003228538014278e-06,1397.8698985206856,1.8059511772654144,1.1920928955078125e-07,1.1920929e-07,1.1920929e-07,0.0,13.632,11.97,3.47,20.47,490.83,631.86,0.25214893466698457,0.42619094
1995-04-30,-1.6249910748357908e-06,1401.650320491389,1.8216256375869215,1.1920928955078125e-07,1.1920929e-07,10.7,10.7,13.632,12.065,4.83,19.3,331.28,834.5,0.2822789280593213,0.453986
1995-05-01,-9.439503626473728e-07,1409.5052314062625,1.5522767716032608,1.1920928955078125e-07,1.1920929e-07,4.93,4.93,13.727997,9.335,4.18,14.49,272.35,814.09,0.3568899478636098,0.6207563
1995-05-02,-5.154447443862849e-07,1419.690545076064,1.5906931685336152,1.1920928955078125e-07,1.1920929e-07,13.15,13.15,13.727997,9.605,5.52,13.69,215.29,906.53,0.4837365116514702,0.75973165
1995-05-03,-2.9518991094386663e-07,1425.4992996509573,1.7064999265755065,1.1920928955078125e-07,1.1920929e-07,3.93,3.93,13.72965,10.645,3.0,18.29,395.57,730.65,0.5753497066532504,0.75046664
1995-05-04,-1.656267147348612e-07,1424.610456101707,1.9588432200525645,1.1920928955078125e-07,1.1920929e-07,1.1920929e-07,0.0,13.824,12.745,6.07,19.42,427.28,893.09,0.5602812938857105,0.54663616
1995-05-05,-9.45153770333256e-08,1422.8715536905636,2.161629876553473,1.1920928955078125e-07,1.1920929e-07,2.0,2.0,13.824,14.36,9.47,19.25,336.56,1197.43,0.5319336981215159,0.53737116
1995-05-06,-5.3496301061133205e-08,1420.8982487482422,2.0621768296816017,1.1920928955078125e-07,1.1920929e-07,1.1920929e-07,0.0,13.920003,13.505,7.22,19.79,416.93,941.94,0.5014981676508721,0.49104607
1995-05-07,-2.9901894653592875e-08,1418.3744929105444,1.9190913217678494,1.1920928955078125e-07,1.1920929e-07,1.1920929e-07,0.0,13.920003,12.375,4.0,20.75,502.54,691.64,0.46509686758423663,0.453986
1995-05-08,-1.674843717520837e-08,1415.6413380276495,1.8014062825900408,1.1920928955078125e-07,1.1920929e-07,1.1920929e-07,0.0,13.920003,11.395,2.21,20.58,526.81,598.97,0.42864934895896184,0.43545595
1995-05-09,-8.217669382065591e-09,1413.2614857604258,1.9211618909414814,1.1920928955078125e-07,1.1920929e-07,1.1920929e-07,0.0,14.015994,12.34,3.59,21.09,515.8,661.35,0.3992475433504007,0.4169259
1995-05-10,-4.64479600936406e-09,1413.4562936894654,2.073830996501885,1.1920928955078125e-07,1.1920929e-07,5.0,5.0,14.015994,13.57,8.3,18.84,279.06,1103.83,0.40157656205012454,0.453986
1995-05-11,-2.7460142896105485e-09,1421.6376717048736,2.3121664799482553,1.1920928955078125e-07,1.1920929e-07,16.02,16.02,14.015994,15.25,9.47,21.03,295.23,1193.04,0.5126932072970342,0.6856115
1995-05-12,-1.6355807008973498e-09,1426.3203440381608,2.2647913461990594,1.1920928955078125e-07,1.1920929e-07,1.1920929e-07,0.0,14.111998,14.745,7.92,21.57,444.34,997.05,0.5896285537053573,0.54663616
1995-05-13,-9.752672010874284e-10,1423.2213261771965,2.3391266284353547,1.1920928955078125e-07,1.1920929e-07,1.1920929e-07,0.0,14.111998,15.31,7.41,23.21,484.05,924.62,0.5375180570989924,0.47251603
1995-05-14,-5.770338862747441e-10,1429.5199795427166,2.3992669863700105,1.1920928955078125e-07,1.1920929e-07,14.03,14.03,14.111998,15.655,9.95,21.36,288.3,1235.65,0.6487370176073082,0.57443124
1995-05-15,-3.42873560023822e-10,1435.4138436051774,2.458125825439545,1.1920928955078125e-07,1.1920929e-07,4.06,4.06,14.208003,15.875,10.02,21.73,295.37,1241.33,0.7735623703081267,0.71340656
1995-05-16,-1.9976358586055827e-10,1433.7581842365655,2.3344733561461735,1.1920928955078125e-07,1.1920929e-07,1.1920929e-07,0.0,14.208003,15.045,6.04,24.05,518.3,845.56,0.7362514140968937,0.5095761
1995-05-17,-1.1623368047394704e-10,1433.4509819901548,2.751002093395061,1.1920928955078125e-07,1.1920929e-07,6.16,6.16,14.208003,17.77,12.05,23.49,286.98,1404.34,0.7295290704381829,0.49104607
1995-05-18,-6.506382838987387e-11,1435.7521205391834,3.1539136668904835,1.1920928955078125e-07,1.1920929e-07,5.64,5.64,14.304006,19.94,16.13,23.75,200.59,1820.23,0.7814151468787707,0.6022263
1995-05-19,-3.7446202134839224e-11,1436.4828942547529,2.702601430116001,1.1920928955078125e-07,1.1920929e-07,5.09,5.09,14.304006,17.325,11.21,23.44,309.67,1336.57,0.7986525491105945,0.72267157
1995-05-20,-1.922148281051337e-11,1435.0132821701122,2.5988535219767988,1.1920928955078125e-07,1.1920929e-07,1.1920929e-07,0.0,14.304006,16.69,8.56,24.82,499.81,1028.75,0.7643657042775789,0.57443124
1995-05-21,-1.0608699340623092e-11,1431.8898444956458,2.7879270010204973,1.1920928955078125e-07,1.1920929e-07,1.1920929e-07,0.0,14.397217,17.79,9.86,25.72,488.55,1127.06,0.6963043186698304,0.48178104
1995-05-22,-4.055501710048795e-12,1428.81079173815,2.615980449067294,1.1920928955078125e-07,1.1920929e-07,1.1920929e-07,0.0,14.399997,16.76,9.32,24.2,475.2,1106.15,0.6351444842759416,0.44472098
1995-05-23,8.481093523929153e-13,1425.7105208394498,2.584507056953012,1.1920928955078125e-07,1.1920929e-07,1.1920929e-07,0.0,14.399997,16.595,7.24,25.95,532.83,912.58,0.578989695019713,0.4076609
1995-05-24,2.6683132835973553e-12,1422.151231361177,3.536018778793849,1.1920928955078125e-07,1.1920929e-07,1.1920929e-07,0.0,14.399997,21.955,14.4,29.51,459.11,1518.7,0.5206153534587493,0.38913086
1995-05-25,1.6894220875973174e-12,1416.7084190688454,3.715043226214257,1.1920928955078125e-07,1.1920929e-07,1.1920929e-07,0.0,14.495997,22.765,16.0,29.53,424.71,1727.87,0.4425263900223246,0.4076609
1995-05-26,1.0184196814007535e-12,1424.2865252163601,3.294517646000242,1.1920928955078125e-07,1.1920929e-07,22.46,22.46,14.495997,20.595,16.26,24.93,229.81,1841.38,0.5548884186700785,0.72267157
1995-05-27,6.154041910910811e-13,1432.1363553455678,2.9908738655084726,1.1920928955078125e-07,1.1920929e-07,1.1920929e-07,0.0,14.495997,18.855,13.6,24.11,373.22,1561.3,0.7014482458203373,0.5095761
1995-05-28,3.7177685111453097e-13,1432.326576549106,2.6967973001637455,1.1920928955078125e-07,1.1920929e-07,7.61,7.61,14.495997,17.115,12.62,21.61,252.28,1449.54,0.705443541128294,0.44472098
1995-05-29,2.2323760202820207e-13,1435.7853755395877,3.0497329973915726,1.1920928955078125e-07,1.1920929e-07,6.76,6.76,14.592003,19.03,12.65,25.41,326.33,1459.56,0.7821914205220073,0.6114913
1995-05-30,1.3006862570007494e-13,1434.433118051539,3.104914990461137,1.1920928955078125e-07,1.1920929e-07,1.1920929e-07,0.0,14.592003,19.35,14.0,24.7,386.15,1596.3,0.7512389795588675,0.51884115
1995-05-31,7.448680768955003e-14,1430.8092651927989,2.8582254519081087,1.1920928955078125e-07,1.1920929e-07,1.1920929e-07,0.0,14.592003,17.995,9.7,26.29,511.34,1119.48,0.6741973610362432,0.44472098
1995-06-01,3.367080280840328e-14,1427.241717231174,2.965962677017793,1.1920928955078125e-07,1.1920929e-07,1.1920929e-07,0.0,14.592003,18.66,10.74,26.58,493.99,1209.8,0.6060746185444028,0.4076609
1995-06-02,1.2549757116704051e-14,1423.4345957281487,3.663661549298172,1.1920928955078125e-07,1.1920929e-07,1.1920929e-07,0.0,14.592003,22.325,16.67,27.98,385.66,1875.43,0.5409517845876374,0.38913086
1995-06-03,4.9661713798844734e-15,1419.3533687353347,3.8586047170036277,1.1920928955078125e-07,1.1920929e-07,2.72,2.72,14.688,23.165,18.11,28.22,288.66,2084.17,0.47889097240676975,0.4076609
1995-06-04,-4.958034737596144e-15,1415.4346669092627,3.3096766097060986,1.1920928955078125e-07,1.1920929e-07,2.07,2.07,14.688,20.555,14.5,26.61,406.18,1623.43,0.4260123915963471,0.4076609
1995-06-05,-1.4814706081423945e-14,1411.7378057011165,3.0668448246933213,1.1920928955078125e-07,1.1920929e-07,1.1920929e-07,0.0,14.688,19.3,11.58,27.02,486.8,1282.71,0.3814911393141326,0.37060082
1995-06-06,-2.192929153796183e-14,1408.315519975359,3.044118228173656,1.1920928955078125e-07,1.1920929e-07,1.1920929e-07,0.0,14.688,19.215,12.49,25.94,450.12,1406.85,0.3444348935532883,0.35207078
1995-06-07,-2.3627239993572703e-14,1405.220544596453,3.7691839656672954,1.1920928955078125e-07,1.1920929e-07,0.95,0.95,14.688,22.93,16.58,29.28,389.63,1835.54,0.3140321502829328,0.37060082
1995-06-08,-1.6754829199732617e-14,1402.500005197559,4.133160829099843,1.1920928955078125e-07,1.1920929e-07,2.01,2.01,14.688,24.585,18.9,30.27,387.65,2077.59,0.28953192231723546,0.34280574
1995-06-09,1.9027204915709544e-14,1399.945094817282,3.4098459974870514,1.1920928955078125e-07,1.1920929e-07,1.1920929e-07,0.0,14.732102,21.205,14.01,28.4,470.57,1435.2,0.2682665548600076,0.30574566
1995-06-10,8.557716073256838e-14,1397.4063526287612,3.3468743403737133,1.1920928955078125e-07,1.1920929e-07,0.12,0.12,14.783998,20.855,17.08,24.63,285.53,1946.25,0.24868309607331024,0.3242757
1995-06-11,1.7217416487019256e-13,1394.854280305294,4.054071266155312,1.1920928955078125e-07,1.1920929e-07,2.61,2.61,14.783998,24.225,18.65,29.8,325.33,2126.75,0.23043749490746038,0.33354074
1995-06-12,2.680973439479308e-13,1392.259379520179,3.551957733528798,1.1920928955078125e-07,1.1920929e-07,8.59,8.59,14.783998,21.945,14.89,29.0,345.49,1689.3,0.2132576708888495,0.35207078
1995-06-13,3.626258245851315e-13,1389.5921519467142,2.418948780108757,1.1920928955078125e-07,1.1920929e-07,1.1920929e-07,0.0,14.783998,15.49,10.2,20.78,402.11,1248.61,0.19693291316095726,0.37060082
1995-06-14,4.4503873340114353e-13,1386.8230992581978,2.9129766600260134,1.1920928955078125e-07,1.1920929e-07,1.1920929e-07,0.0,14.783998,18.62,11.96,25.28,460.74,1314.74,0.18130574543375017,0.33354074
1995-06-15,5.046151970153157e-13,1383.9227231279278,2.8709062366376252,1.1920928955078125e-07,1.1920929e-07,1.1920929e-07,0.0,14.783998,18.41,10.37,26.45,513.53,1132.58,0.1662654211049915,0.3150107
1995-06-16,5.306343420469963e-13,1380.8615252292022,3.0416871608317604,1.1920928955078125e-07,1.1920929e-07,1.1920929e-07,0.0,14.783998,19.425,11.96,26.89,489.86,1276.23,0.15174238490665198,0.30574566
1995-06-17,5.123752951155342e-13,1377.6100072353195,3.1204127808353985,1.1920928955078125e-07,1.1920929e-07,1.1920929e-07,0.0,14.783998,19.9,11.65,28.15,509.13,1224.4,0.13770317822471062,0.25942057
1995-06-18,4.391171828402782e-13,1374.1386708195776,3.353908715066677,1.1920928955078125e-07,1.1920929e-07,1.1920929e-07,0.0,14.783998,21.18,12.26,30.1,520.75,1247.87,0.1241453915853657,0.25942057
1995-06-19,3.011179209524256e-13,1370.4141979312906,3.772465724279829,1.1920928955078125e-07,1.1920929e-07,1.1920929e-07,0.0,14.783998,23.27,14.33,32.21,512.69,1420.66,0.11107972124857991,0.24089052
1995-06-20,1.4618472314177335e-13,1366.378246866731,4.392092253986927,1.1920928955078125e-07,1.1920929e-07,1.1920929e-07,0.0,14.783998,26.015,18.43,33.6,458.83,1912.24,0.09846910115603127,0.24089052
1995-06-21,2.662680913989505e-14,1362.5426559485932,4.392013209019144,1.1920928955078125e-07,1.1920929e-07,1.99,1.99,14.783998,26.065,19.71,32.42,396.62,2192.02,0.08781390036299569,0.22236049
1995-06-22,-2.8280666357923712e-14,1359.6146225776617,3.6288723949015913,1.1920928955078125e-07,1.1920929e-07,1.1920929e-07,0.0,14.783998,22.73,16.93,28.53,399.42,1872.21,0.08046277406905004,0.24089052
1995-06-23,-1.9223003119942604e-14,1360.8044082644196,3.240289662045333,1.1920928955078125e-07,1.1920929e-07,9.29,9.29,14.783998,20.755,17.25,24.26,202.95,1963.97,0.08337256023678884,0.24089052
1995-06-24,-1.1014899042463095e-14,1372.9129507939006,3.094305084443549,1.1920928955078125e-07,1.1920929e-07,21.27,21.27,14.783998,19.815,16.01,23.62,223.29,1801.4,0.11968411141178575,0.5929613
1995-06-25,-6.503841609153982e-15,1391.9398088195921,3.881214351761525,1.1920928955078125e-07,1.1920929e-07,23.6,23.6,14.783998,23.495,18.95,28.04,249.7,2192.07,0.2112324997419461,0.57443124
1995-06-26,-3.734900890282827e-15,1406.1693045845107,3.9997720178143568,1.1920928955078125e-07,1.1920929e-07,13.21,13.21,14.783998,23.845,19.5,28.19,240.19,2271.32,0.3230552713283759,0.72267157
1995-06-27,-2.1742863273597456e-15,1412.0678033633565,3.544700799065498,1.1920928955078125e-07,1.1920929e-07,7.0,7.0,14.783998,21.665,18.18,25.15,203.11,2090.47,0.3852685749214821,0.6578164
1995-06-28,-1.1895201588773216e-15,1412.4884444026413,2.743345232437078,1.1920928955078125e-07,1.1920929e-07,0.91,0.91,14.783998,17.305,14.42,20.19,241.65,1644.86,0.3901378663791714,0.46325102
1995-06-29,-6.556629043029145e-16,1409.6980842441722,2.9750893953558855,1.1920928955078125e-07,1.1920929e-07,1.1920929e-07,0.0,14.783998,18.7,14.93,22.47,307.21,1699.25,0.3589509182672648,0.38913086
1995-06-30,-1.9926702086413581e-16,1408.1641299983187,3.664659667962669,1.1920928955078125e-07,1.1920929e-07,0.92,0.92,14.783998,22.29,17.31,27.27,355.26,1969.44,0.3428814927874797,0.36133578
1995-07-01,1.0404503009711084e-16,1409.1189200953545,3.986572463924538,1.1920928955078125e-07,1.1920929e-07,8.73,8.73,14.783998,23.75,19.34,28.16,255.79,2248.92,0.352797059521804,2.2421348
1995-07-02,1.5336434036343727e-16,1413.4981425061037,3.6732530248992434,1.1920928955078125e-07,1.1920929e-07,10.09,10.09,14.783998,22.265,17.3,27.23,286.79,1967.94,0.402078654078797,0.94503206
1995-07-03,9.029791699731599e-17,1413.1385065398736,3.0486409586858882,1.1920928955078125e-07,1.1920929e-07,1.1920929e-07,0.0,14.781217,19.075,11.92,26.23,492.8,1393.52,0.39778423006310626,0.48178104
1995-07-04,5.357792860202815e-17,1412.2243072954157,3.3823548913534482,1.1920928955078125e-07,1.1920929e-07,5.88,5.88,14.689652,20.965,14.68,27.25,406.71,1668.96,0.3870731060135241,0.38913086
1995-07-05,3.137493441726372e-17,1420.0054544978907,4.183567792920951,1.1920928955078125e-07,1.1920929e-07,16.73,16.73,14.688,24.58,19.97,29.19,277.85,2329.74,0.4883063232069888,0.44472098
1995-07-06,1.8791096838158315e-17,1430.4210804660097,4.388725302671372,1.1920928955078125e-07,1.1920929e-07,14.7,14.7,14.688,25.3,20.06,30.54,329.02,2339.66,0.6664282464649653,1.6769687
1995-07-07,1.129082435217481e-17,1449.2177574112652,4.095454344728868,1.1920928955078125e-07,1.1920929e-07,34.53,34.53,14.688,23.845,18.64,29.05,294.45,2150.17,1.1681344741652977,3.4651175
1995-07-08,6.791726286424154e-18,1461.0032408701418,3.5861813316479125,1.1920928955078125e-07,1.1920929e-07,0.99,0.99,14.688,21.39,15.8,26.98,399.7,1784.35,1.6607988874405553,1.1210674
1995-07-09,4.088101879440776e-18,1456.382078711932,3.022152515148853,1.1920928955078125e-07,1.1920929e-07,1.1920929e-07,0.0,14.688,18.525,12.02,25.03,477.51,1401.31,1.446750742758487,0.6392864
1995-07-10,2.373266699978833e-18,1455.088007606797,3.6581832409621993,1.1920928955078125e-07,1.1920929e-07,2.72,2.72,14.636108,21.865,15.96,27.77,367.93,1797.17,1.3919168489156917,0.51884115
1995-07-11,1.2956584550512566e-18,1459.833347336371,3.777925938056953,1.1920928955078125e-07,1.1920929e-07,16.55,16.55,14.592003,22.42,16.0,28.84,339.82,1809.71,1.6037876066558678,2.26993
1995-07-12,7.61166064057211e-19,1463.6908607561982,3.9780453543080503,1.1920928955078125e-07,1.1920929e-07,1.1920929e-07,0.0,14.592003,23.275,16.21,30.34,473.22,1833.22,1.7995662182945675,0.70414156
1995-07-13,4.324773912141802e-19,1458.0470664480285,4.505784599772511,1.1920928955078125e-07,1.1920929e-07,1.1920929e-07,0.0,14.592003,25.545,19.0,32.09,441.07,2200.0,1.5204910563754868,0.5095761
1995-07-14,2.5606917399744994e-19,1451.7745387819327,5.029696647495531,1.1920928955078125e-07,1.1920929e-07,1.1920929e-07,0.0,14.592003,27.6,21.0,34.2,430.86,2479.26,1.2608023926796925,0.43545595
1995-07-15,1.4880681496315855e-19,1445.3170952808885,5.594195609983805,1.1920928955078125e-07,1.1920929e-07,1.1920929e-07,0.0,14.540109,29.69,23.5,35.88,403.02,2880.0,1.0397102995935517,0.39839587
1995-07-16,8.660389493795454e-20,1441.2799081993799,5.087772531277027,1.1920928955078125e-07,1.1920929e-07,6.12,6.12,14.495997,28.06,21.14,34.98,331.29,2501.77,0.921640415336068,0.37060082
1995-07-17,4.8102803778526294e-20,1439.068705680092,4.725201780218055,1.1920928955078125e-07,1.1920929e-07,1.1920929e-07,0.0,14.495997,26.75,21.46,32.04,382.96,2553.94,0.8627570218889048,0.52810615
1995-07-18,2.887004748790671e-20,1442.3882361792903,4.421864434637541,1.1920928955078125e-07,1.1920929e-07,14.64,14.64,14.495997,25.52,19.38,31.66,324.37,2260.97,0.9526500025050679,1.0469472
1995-07-19,1.7403343473798912e-20,1444.5324519067196,3.958865131951001,1.1920928955078125e-07,1.1920929e-07,1.1920929e-07,0.0,14.4441,23.6,17.1,30.1,459.56,1939.98,1.015635220518415,0.453986
1995-07-20,1.047139329669492e-20,1439.4010722827293,3.905964197778374,1.1920928955078125e-07,1.1920929e-07,1.1920929e-07,0.0,14.399997,23.48,16.75,30.21,469.67,1900.07,0.8713614699279777,0.35207078
1995-07-21,6.2445379899771055e-21,1436.2070182890895,4.266961329141421,1.1920928955078125e-07,1.1920929e-07,3.03,3.03,14.399997,25.08,19.96,30.2,339.63,2316.77,0.7921009888222706,0.33354074
1995-07-22,2.476043269913363e-21,1434.7070766931993,4.10435956097683,1.1920928955078125e-07,1.1920929e-07,1.1920929e-07,0.0,14.399997,24.41,19.2,29.62,400.34,2231.92,0.7574092044045941,0.33354074
1995-07-23,-1.6526442242430226e-21,1433.6809569790712,4.418380114219168,1.1920928955078125e-07,1.1920929e-07,0.22,0.22,14.305658,25.85,20.16,31.54,412.63,2346.12,0.7345556846166322,0.3150107
1995-07-24,-5.0125499818592295e-21,1432.345551625796,4.261738049230353,1.1920928955078125e-07,1.1920929e-07,5.13,5.13,14.304006,25.225,19.09,31.36,324.02,2215.0,0.7058433286755497,0.30574566
1995-07-25,-6.4746994923024515e-21,1429.9177531124633,4.442138822457595,1.1920928955078125e-07,1.1920929e-07,2.38,2.38,14.304006,25.995,19.95,32.04,372.36,2316.02,0.656487818491489,0.33354074
1995-07-26,-4.9675829568020784e-21,1425.6979021020552,4.604306746863449,1.1920928955078125e-07,1.1920929e-07,1.1920929e-07,0.0,14.301225,26.695,21.41,31.98,381.26,2544.93,0.5787715901544682,0.2779506
1995-07-27,-2.115213983308632e-21,1422.1766768290538,4.530135267286226,1.1920928955078125e-07,1.1920929e-07,1.1920929e-07,0.0,14.208003,26.565,20.14,32.99,429.15,2342.26,0.5210110414131184,0.26868558
1995-07-28,3.862823641043498e-22,1419.8972867280752,4.541777791224036,1.1920928955078125e-07,1.1920929e-07,1.1920929e-07,0.0,14.208003,26.64,21.2,32.08,381.5,2511.22,0.4867317983285375,0.35207078
1995-07-29,1.8552373909849715e-21,1417.5778953189842,4.668374562793283,1.1920928955078125e-07,1.1920929e-07,5.07,5.07,14.208003,27.165,22.05,32.28,277.43,2647.81,0.4541651534399198,0.5929613
1995-07-30,1.6467028865070202e-21,1413.9743469947032,4.2258487447427635,1.1920928955078125e-07,1.1920929e-07,1.1920929e-07,0.0,14.111998,25.545,18.96,32.13,432.77,2194.1,0.40783644775380723,0.30574566
1995-07-31,7.326362051509841e-22,1409.5867180761163,3.9652810938538607,1.1920928955078125e-07,1.1920929e-07,1.1920929e-07,0.0,14.111998,24.47,16.36,32.58,483.2,1858.03,0.3577593280670285,0.25015554
1995-08-01,-3.352716555398797e-23,1405.033170437517,4.225096934444448,1.1920928955078125e-07,1.1920929e-07,1.1920929e-07,0.0,14.111998,25.655,17.86,33.45,465.22,2057.88,0.31228016703316913,0.23162551
1995-08-02,-4.472642669060015e-22,1400.3068117469977,4.68307156825602,1.1920928955078125e-07,1.1920929e-07,1.1920929e-07,0.0,14.015994,27.69,21.0,34.38,416.4,2480.0,0.27117957258619363,0.21309547
1995-08-03,-6.545273087704923e-23,1395.4177934868899,4.673157280513661,1.1920928955078125e-07,1.1920929e-07,1.1920929e-07,0.0,14.015994,27.715,21.15,34.28,410.3,2504.42,0.23434749131244897,0.21309547
1995-08-04,3.564101335574683e-21,1390.5394211642333,4.721746735061207,1.1920928955078125e-07,1.1920929e-07,1.1920929e-07,0.0,14.013214,27.97,21.14,34.8,415.85,2503.1,0.20258239124781904,0.18530041
1995-08-05,1.0611351857882143e-20,1385.7205433246363,4.477151134370348,1.1920928955078125e-07,1.1920929e-07,9.13,9.13,13.920003,27.19,20.95,33.43,296.12,2472.39,0.17543431756907388,0.21309547
1995-08-06,2.0540264992743304e-20,1380.9636195143744,3.7238113281333622,1.1920928955078125e-07,1.1920929e-07,40.56,40.56,13.920003,23.965,20.02,27.91,215.84,2322.62,0.152205651380112,0.8709119
1995-08-07,3.281480689685615e-20,1376.2711092797224,3.1446384752040166,1.1920928955078125e-07,1.1920929e-07,3.41,3.41,13.824,21.2,17.14,25.26,277.72,1942.69,0.1323068303222498,0.6392864
1995-08-08,4.6898943726918633e-20,1371.6454721669556,2.7406506839904945,1.1920928955078125e-07,1.1920929e-07,1.1920929e-07,0.0,13.824,18.91,13.51,24.31,395.37,1546.04,0.11523937825545753,0.36133578
1995-08-09,6.225664163962875e-20,1367.0891677223487,2.9408095593447587,1.1920928955078125e-07,1.1920929e-07,1.1920929e-07,0.0,13.824,20.165,15.11,25.22,372.45,1722.59,0.10058161284944436,0.30574566
1995-08-10,7.835186679168448e-20,1362.604655492177,3.500977542682611,1.1920928955078125e-07,1.1920929e-07,1.1920929e-07,0.0,13.727997,23.36,18.29,28.43,361.84,2103.31,0.08797661035714971,0.28721562
1995-08-11,9.464858533978377e-20,1358.1943950227158,3.5975656274007726,1.1920928955078125e-07,1.1920929e-07,1.1920929e-07,0.0,13.727997,23.895,18.0,29.79,401.12,2080.0,0.07712207198911654,0.26868558
1995-08-12,1.1061076344062466e-19,1353.8608458602398,3.713901970344845,1.1920928955078125e-07,1.1920929e-07,1.1920929e-07,0.0,13.6761,24.58,18.01,31.15,425.14,2080.65,0.06776179164178589,0.25015554
1995-08-13,1.25702367250905e-19,1349.6064675510243,4.086980322920756,1.1920928955078125e-07,1.1920929e-07,1.1920929e-07,0.0,13.632,26.4,20.88,31.92,370.45,2460.4,0.05967847166538146,0.25015554
1995-08-14,1.393873629273229e-19,1345.433719641344,4.174094279696929,1.1920928955078125e-07,1.1920929e-07,1.1920929e-07,0.0,13.632,26.835,20.67,33.0,396.36,2427.95,0.05268767311070922,0.21309547
1995-08-15,1.5112971662657628e-19,1341.3450616774744,4.20024672401418,1.1920928955078125e-07,1.1920929e-07,1.1920929e-07,0.0,13.535997,27.13,21.28,32.98,381.42,2524.45,0.04663272052624648,0.21309547
1995-08-16,1.6039339450536308e-19,1337.3429532056905,3.965659308094824,1.1920928955078125e-07,1.1920929e-07,1.1920929e-07,0.0,13.535997,26.15,20.22,32.08,388.68,2356.9,0.041380409798660735,0.19456543
1995-08-17,1.6664236272038133e-19,1333.4298537722673,4.118880846311735,1.1920928955078125e-07,1.1920929e-07,1.1920929e-07,0.0,13.44165,27.01,21.69,32.33,355.54,2590.54,0.036817391524682476,0.18530041
1995-08-18,1.6934058742832898e-19,1329.6082229234798,3.8691119055364567,1.1920928955078125e-07,1.1920929e-07,0.36,0.36,13.439995,25.94,19.27,32.61,417.75,2243.08,0.03284712264142458,0.17603539
1995-08-19,1.6795203478590404e-19,1325.8805202056033,3.642564371653115,1.1920928955078125e-07,1.1920929e-07,1.1920929e-07,0.0,13.439995,24.915,18.67,31.16,406.17,2147.65,0.029387296099985655,0.17603539
1995-08-20,1.6194067094980436e-19,1322.2492051649124,2.876756987430277,1.1920928955078125e-07,1.1920929e-07,1.1920929e-07,0.0,13.343997,20.965,12.69,29.24,483.49,1458.81,0.026367672733377593,0.16677037
1995-08-21,1.5077046207672819e-19,1318.7167373476827,3.2532556361099405,1.1920928955078125e-07,1.1920929e-07,1.1920929e-07,0.0,13.343997,23.145,14.07,32.22,487.05,1605.87,0.023728251561673765,0.15750535
1995-08-22,1.3390537432337314e-19,1315.285576300189,3.366875214268804,1.1920928955078125e-07,1.1920929e-07,1.1920929e-07,0.0,13.248009,23.92,16.11,31.73,450.51,1817.09,0.021417724949379897,0.14824033
1995-08-23,1.1080937384643739e-19,1311.9581815687066,2.69356418606767,1.1920928955078125e-07,1.1920929e-07,1.1920929e-07,0.0,13.248009,20.095,11.78,28.41,476.6,1382.18,0.01939217358330912,0.1389753
1995-08-24,8.094642680261902e-20,1308.7370126995102,3.081437765546859,1.1920928955078125e-07,1.1920929e-07,1.1920929e-07,0.0,13.196108,22.525,13.81,31.24,472.27,1585.06,0.017613963428621267,0.12971029
1995-08-25,-2.289025616946112e-20,1305.6078032666394,3.1125128313270136,1.1920928955078125e-07,1.1920929e-07,1.1920929e-07,0.0,13.152,22.8,14.79,30.81,449.95,1686.77,0.016042799026998008,0.12044526
1995-08-26,-3.5874534080902517e-19,1302.5237825761244,2.608530568630794,1.1920928955078125e-07,1.1920929e-07,1.1920929e-07,0.0,13.152,19.795,11.6,27.99,463.51,1367.92,0.014631510562978622,0.111180246
1995-08-27,-8.837452420135973e-19,1299.4787227119102,3.004626227860168,1.1920928955078125e-07,1.1920929e-07,1.1920929e-07,0.0,13.056,22.395,15.16,29.63,421.42,1732.84,0.013359905877203902,0.12971029
1995-08-28,-1.543538729244435e-18,1296.4690040557743,3.1761372095218716,1.1920928955078125e-07,1.1920929e-07,1.1920929e-07,0.0,13.056,23.405,18.93,27.88,292.03,2188.08,0.012211693817180234,0.12971029
1995-08-29,-2.283774571962796e-18,1293.4910069894943,2.8770204272696356,1.1920928955078125e-07,1.1920929e-07,1.1920929e-07,0.0,12.96,21.85,14.57,29.13,422.18,1650.47,0.01117274157835438,0.1389753
1995-08-30,-3.050101539629938e-18,1290.5411118948475,3.2298805898888916,1.1920928955078125e-07,1.1920929e-07,1.1920929e-07,0.0,12.96,23.91,17.07,30.75,397.58,1931.08,0.010230762513749334,0.1389753
1995-08-31,-3.788168401707119e-18,1287.6156991536116,3.2232988456575566,1.1920928955078125e-07,1.1920929e-07,1.1920929e-07,0.0,12.864003,24.045,15.82,32.27,437.67,1785.93,0.00937505274400902,0.12971029
1995-09-01,-4.443623927655597e-18,1284.7111491475634,3.5107890084580706,1.1920928955078125e-07,1.1920929e-07,1.1920929e-07,0.0,12.864003,25.6,19.43,31.77,360.9,2259.42,0.008596268387520097,0.12044526
1995-09-02,-4.962116886936627e-18,1281.823842258481,2.6099708837756093,1.1920928955078125e-07,1.1920929e-07,1.1920929e-07,0.0,12.861222,20.46,13.52,27.4,409.17,1554.03,0.0078862366833657,0.111180246
1995-09-03,-5.2892960490114724e-18,1278.9501588681412,2.4024123145302454,1.1920928955078125e-07,1.1920929e-07,1.1920929e-07,0.0,12.768005,19.21,10.91,27.51,451.2,1312.9,0.007237795461180319,0.101915225
1995-09-04,-5.370810183341387e-18,1276.0864793583219,2.5398136586728466,1.1920928955078125e-07,1.1920929e-07,1.1920929e-07,0.0,12.768005,20.195,10.9,29.49,466.04,1311.69,0.0066446563748460636,0.111180246
1995-09-05,-5.152308059387627e-18,1273.2291841108001,2.795510262829592,1.1920928955078125e-07,1.1920929e-07,1.1920929e-07,0.0,12.672003,22.015,13.74,30.29,430.52,1579.21,0.006101288103796968,0.111180246
1995-09-06,-4.5794384466114525e-18,1270.374653507354,2.8061748119476877,1.1920928955078125e-07,1.1920929e-07,1.1920929e-07,0.0,12.672003,22.12,12.58,31.66,453.07,1448.1,0.005602816370298758,0.111180246
1995-09-07,-3.597850114474122e-18,1267.5192679297602,2.84496643421241,1.1920928955078125e-07,1.1920929e-07,1.1920929e-07,0.0,12.576006,22.53,14.14,30.92,420.7,1611.0,0.005144938150469513,0.111180246
1995-09-08,-2.089960395657995e-18,1264.7435762900714,2.858356898824218,1.1920928955078125e-07,1.1920929e-07,1.1920929e-07,0.0,12.576006,22.65,14.86,30.44,399.0,1697.06,0.004735734335471752,0.101915225
1995-09-09,1.5597526280048184e-19,1262.499328309061,2.9530938420491113,1.1920928955078125e-07,1.1920929e-07,16.56,16.56,12.479998,23.385,17.71,29.06,263.52,2033.5,0.004428797440296237,2.9833364
1995-09-10,2.5974416251332775e-18,1260.6325830368714,2.4026798307400354,1.1920928955078125e-07,1.1920929e-07,0.35,0.35,12.479998,19.845,13.23,26.46,361.04,1517.02,0.00418870176758519,0.34280574
1995-09-11,4.584979527885684e-18,1258.8776186287919,1.7027901182564409,1.1920928955078125e-07,1.1920929e-07,1.1920929e-07,0.0,12.383997,14.26,4.92,23.6,454.16,873.66,0.00397486645900017,0.22236049
1995-09-12,5.469129807602996e-18,1256.968713240111,1.9297084918152951,1.1920928955078125e-07,1.1920929e-07,1.1920929e-07,0.0,12.383997,16.34,8.66,24.02,401.81,1132.84,0.0037546500780611487,0.20383045
1995-09-13,4.600433300830507e-18,1254.6401450261171,2.623836724239659,1.1920928955078125e-07,1.1920929e-07,1.1920929e-07,0.0,12.287997,21.705,15.72,27.69,321.94,1779.72,0.0035024711018482512,0.17603539
1995-09-14,2.668692812560653e-18,1251.9026364608503,3.065649626360612,1.1920928955078125e-07,1.1920929e-07,1.1920929e-07,0.0,12.287997,24.465,18.93,30.0,291.3,2188.55,0.003227578841043424,0.16677037
1995-09-15,1.4053746994875367e-18,1249.3066723165891,2.215574347397125,1.1920928955078125e-07,1.1920929e-07,1.1920929e-07,0.0,12.287997,18.885,9.69,28.08,425.51,1215.43,0.002986858077623784,0.17603539
1995-09-16,8.219037375442751e-19,1246.1139039751151,2.0060705871946922,1.1920928955078125e-07,1.1920929e-07,1.1920929e-07,0.0,12.191998,17.39,11.68,23.1,313.47,1374.48,0.002715272753781526,0.14824033
1995-09-17,4.973794742829565e-19,1263.1985141968269,2.0672819645778007,1.1920928955078125e-07,1.1920929e-07,36.49,36.49,12.191998,17.665,14.02,21.31,159.04,1602.26,0.004522226077264417,0.74120164
1995-09-18,3.012319566592086e-19,1278.8154746810317,2.003712501353826,1.1920928955078125e-07,1.1920929e-07,1.1920929e-07,0.0,12.096,17.07,12.59,21.55,257.12,1447.12,0.007208747851424888,0.5095761
1995-09-19,1.8072908724044454e-19,1277.1010793109222,1.796929632555079,1.1920928955078125e-07,1.1920929e-07,1.1920929e-07,0.0,12.096,15.29,8.18,22.4,372.84,1094.28,0.006849028959633866,0.28721562
1995-09-20,1.0729863219573269e-19,1275.127449163048,2.119840653026028,1.1920928955078125e-07,1.1920929e-07,1.1920929e-07,0.0,12.000003,18.195,13.92,22.47,246.68,1592.7,0.006457086915401149,0.24089052
1995-09-21,6.228511312040461e-20,1272.7927920782108,2.5739778105834565,1.1920928955078125e-07,1.1920929e-07,1.1920929e-07,0.0,12.000003,21.535,16.52,26.55,274.91,1872.45,0.006022305314835746,0.24089052
1995-09-22,3.730661298120687e-20,1279.3094581701112,2.387850029063467,1.1920928955078125e-07,1.1920929e-07,14.7,14.7,11.903997,20.295,15.26,25.33,210.56,1738.81,0.007315860168516388,0.23162551
1995-09-23,2.2425782673576573e-20,1287.4723760686932,1.5022767124116077,1.1920928955078125e-07,1.1920929e-07,4.91,4.91,11.903997,12.51,8.07,16.95,208.78,1085.58,0.00933501944493469,0.29648066
1995-09-24,1.3448882987810867e-20,1288.8835165527162,1.213516723883632,1.1920928955078125e-07,1.1920929e-07,1.03,1.03,11.808,9.24,3.74,14.74,323.91,801.27,0.009736742975288083,0.25015554
1995-09-25,7.627523748699645e-21,1293.541918914392,1.535846149485564,1.1920928955078125e-07,1.1920929e-07,8.47,8.47,11.808,12.92,9.67,16.17,155.97,1213.43,0.01118973848281459,0.25942057
1995-09-26,4.3672826420935556e-21,1300.9940058084094,1.7472343757507218,1.1920928955078125e-07,1.1920929e-07,9.31,9.31,11.711997,15.055,12.67,17.44,116.42,1453.44,0.013978234146481682,0.42619094
1995-09-27,2.421489037153135e-21,1303.0544618994895,1.781194707853754,1.1920928955078125e-07,1.1920929e-07,1.1920929e-07,0.0,11.711997,15.345,7.61,23.08,392.27,1048.77,0.014865193501267865,0.36133578
1995-09-28,1.2457746236413037e-21,1300.9059586611647,1.962393223870311,1.1920928955078125e-07,1.1920929e-07,1.1920929e-07,0.0,11.711997,16.975,9.38,24.57,381.22,1190.72,0.013941534887636638,0.2779506
1995-09-29,7.221363639251252e-22,1298.977786171389,1.7967406239710664,1.1920928955078125e-07,1.1920929e-07,1.1920929e-07,0.0,11.616,15.675,8.33,23.02,375.14,1106.67,0.013161569339995809,0.24089052
1995-09-30,3.8895921022613533e-22,1297.3037680358625,1.56728721494332,1.1920928955078125e-07,1.1920929e-07,1.1920929e-07,0.0,11.616,13.465,5.44,21.49,394.63,915.4,0.0125198873601437,0.23162551
1995-10-01,2.2360333742887596e-22,1295.6526903779352,1.6753344732208058,1.1920928955078125e-07,1.1920929e-07,1.1920929e-07,0.0,11.520008,14.705,7.41,22.0,369.51,1033.06,0.011917650356452736,0.22236049
1995-10-02,1.165110484433747e-22,1293.6885594578755,2.0980475020792255,1.1920928955078125e-07,1.1920929e-07,1.1920929e-07,0.0,11.520008,18.465,10.02,26.91,383.67,1241.51,0.011238838939260008,0.21309547
1995-10-03,5.892976014212048e-23,1291.5683503357534,2.113156243661571,1.1920928955078125e-07,1.1920929e-07,1.1920929e-07,0.0,11.423997,18.755,10.6,26.91,373.53,1287.99,0.010549414697381177,0.20383045
1995-10-04,3.447690419908611e-23,1292.788105423401,2.2827457020241844,1.1920928955078125e-07,1.1920929e-07,6.78,6.78,11.423997,20.05,16.12,23.98,165.47,1818.41,0.010940700247930901,0.21309547
1995-10-05,1.9887366101799976e-23,1306.3539490603498,2.318312224959971,1.1920928955078125e-07,1.1920929e-07,23.84,23.84,11.328,20.28,17.03,23.53,140.65,1931.35,0.016404217996040766,1.2878379
1995-10-06,1.1595818694397161e-23,1322.0349214839196,2.788545738791605,1.1920928955078125e-07,1.1920929e-07,13.44,13.44,11.328,23.27,18.47,28.07,193.06,2117.61,0.02619950884433596,0.95429707
1995-10-07,6.706139794955208e-24,1325.3181256108908,2.5239539383793113,1.1920928955078125e-07,1.1920929e-07,1.1920929e-07,0.0,11.232,21.64,16.89,26.39,261.3,1912.89,0.02889794567615336,0.43545595
1995-10-08,3.545457491486542e-24,1323.3601989337512,1.8051638667707137,1.1920928955078125e-07,1.1920929e-07,1.1920929e-07,0.0,11.232,16.0,10.0,22.0,325.44,1239.72,0.02725701099770487,0.33354074
1995-10-09,1.3212859652297136e-24,1321.7745833969639,1.4503657541324992,1.1920928955078125e-07,1.1920929e-07,1.1920929e-07,0.0,11.138781,12.59,4.44,20.74,382.78,834.99,0.02599664508984255,0.29648066
1995-10-10,4.540163519686228e-25,1320.2137996463287,1.6236259334333518,1.1920928955078125e-07,1.1920929e-07,1.1920929e-07,0.0,11.136,14.44,6.66,22.22,367.84,973.05,0.02481294875250867,0.2779506
1995-10-11,2.3257387111915488e-25,1318.437679663224,1.7955265468068513,1.1920928955078125e-07,1.1920929e-07,1.1920929e-07,0.0,11.136,16.115,7.59,24.64,375.01,1046.91,0.02353136679417742,0.25942057
1995-10-12,7.016587995903446e-26,1316.5268888831822,1.9071383525876553,1.1920928955078125e-07,1.1920929e-07,1.1920929e-07,0.0,11.04,17.285,8.3,26.27,375.13,1104.22,0.022226425851945043,0.25015554
1995-10-13,2.4116034989834526e-27,1314.6215344467985,1.9744794719241292,1.1920928955078125e-07,1.1920929e-07,1.1920929e-07,0.0,11.04,17.89,8.85,26.93,369.52,1148.03,0.020997258870139566,0.24089052
1995-10-14,1.3143503614181462e-27,1322.3155113408125,2.147304960164762,1.1920928955078125e-07,1.1920929e-07,17.5,17.5,10.944003,19.355,13.9,24.81,206.37,1591.91,0.02641992632925953,0.30574566
1995-10-15,7.880254796325986e-28,1336.502886734463,1.6487899950179732,1.1920928955078125e-07,1.1920929e-07,13.43,13.43,10.944003,14.775,7.98,21.57,245.79,1078.05,0.040355386786259786,0.74120164
1995-10-16,4.711165685922768e-28,1340.900013253374,1.1800440696148227,1.1920928955078125e-07,1.1920929e-07,1.1920929e-07,0.0,10.848002,9.51,3.93,15.09,297.28,809.45,0.04601715238023002,0.4169259
1995-10-17,2.576479093194048e-28,1339.7625755554404,1.167796562240643,1.1920928955078125e-07,1.1920929e-07,1.1920929e-07,0.0,10.848002,9.36,1.27,17.45,357.31,661.44,0.044480576569739784,0.3150107
1995-10-18,1.1425595219330622e-28,1338.508073376727,1.2777472960873364,1.1920928955078125e-07,1.1920929e-07,1.1920929e-07,0.0,10.803894,10.855,2.21,19.5,358.82,720.59,0.0428452895775097,0.28721562
1995-10-19,5.800134570443324e-29,1336.7275697038335,1.4860447110975201,1.1920928955078125e-07,1.1920929e-07,1.1920929e-07,0.0,10.752,13.37,4.24,22.5,357.01,819.54,0.04062702424684714,0.2779506
1995-10-20,3.427890996568457e-29,1336.5206560315203,1.569091578448795,1.1920928955078125e-07,1.1920929e-07,5.31,5.31,10.752,14.255,6.69,21.82,250.36,975.39,0.040376803232356435,0.26868558
1995-10-21,2.0711279339649384e-29,1367.3957304800124,1.4921836976514793,1.1920928955078125e-07,1.1920929e-07,56.46,56.46,10.655997,13.215,6.5,19.93,224.5,959.71,0.10150649747032021,6.0685883
1995-10-22,1.2540231276684053e-29,1394.280673194367,1.1669756660134922,1.1920928955078125e-07,1.1920929e-07,1.1920929e-07,0.0,10.655997,9.005,1.11,16.9,328.89,648.59,0.22652445405307364,1.4082831
1995-10-23,7.568636127526822e-30,1393.247957389011,1.4534194882271085,1.1920928955078125e-07,1.1920929e-07,1.1920929e-07,0.0,10.559998,12.635,3.2,22.07,343.24,775.79,0.21964620564372894,0.76899666
1995-10-24,4.514138068161919e-30,1391.4892242458914,1.6192885339987213,1.1920928955078125e-07,1.1920929e-07,1.1920929e-07,0.0,10.559998,14.405,5.58,23.23,326.05,912.45,0.20840970459917,0.58369625
1995-10-25,2.6016077484937053e-30,1389.1231903740304,1.545795174259066,1.1920928955078125e-07,1.1920929e-07,1.1920929e-07,0.0,10.558345,13.68,5.81,21.55,303.51,920.0,0.19419462599701057,0.5003111
1995-10-26,1.240193905645846e-30,1386.8597999500528,1.0502420356829993,1.1920928955078125e-07,1.1920929e-07,1.1920929e-07,0.0,10.464,7.735,0.71,14.76,286.57,640.0,0.1815045307131262,0.453986
1995-10-27,5.794995468467407e-31,1388.2159056112296,1.253028953210411,1.1920928955078125e-07,1.1920929e-07,5.78,5.78,10.464,10.475,3.83,17.12,203.17,800.0,0.18900456954904934,0.43545595
1995-10-28,3.198926797654188e-31,1393.64535336955,1.618863450519057,1.1920928955078125e-07,1.1920929e-07,15.83,15.83,10.367997,14.675,11.45,17.9,107.99,1356.32,0.22226792801419148,0.76899666
1995-10-29,1.4701040818660564e-31,1398.4045400638968,1.215047415471628,1.1920928955078125e-07,1.1920929e-07,1.1920929e-07,0.0,10.367997,10.02,5.77,14.27,192.3,920.0,0.25620636684937265,0.6022263
1995-10-30,7.731528132891459e-32,1398.3610941067095,1.0383571415780275,1.1920928955078125e-07,1.1920929e-07,1.1920929e-07,0.0,10.323892,7.64,1.03,14.25,272.58,642.39,0.25587422923502107,0.46325102
1995-10-31,4.159236983676915e-32,1396.6843894688918,1.212675521108852,1.1920928955078125e-07,1.1920929e-07,1.1920929e-07,0.0,10.272,10.155,5.86,14.45,193.1,920.0,0.24337975894557826,0.42619094
1995-11-01,2.133493285763049e-32,1397.154967376197,1.298816365597148,1.1920928955078125e-07,1.1920929e-07,4.34,4.34,10.272,11.235,8.21,14.26,106.09,1097.07,0.24682350422212937,0.42619094
1995-11-02,1.1836085881571632e-32,1398.9478880784516,1.779188163034754,1.1920928955078125e-07,1.1920929e-07,3.99,3.99,10.176,16.475,12.3,20.65,137.41,1423.67,0.2603967721766905,0.5095761
1995-11-03,4.988090703473235e-33,1398.8611891788396,1.7534953049705277,1.1920928955078125e-07,1.1920929e-07,1.01,1.01,10.176,16.235,11.7,20.77,194.78,1376.09,0.25972356674253544,0.49104607
1995-11-04,1.8942690579580523e-33,1397.832721109531,0.9185638518441471,1.1920928955078125e-07,1.1920929e-07,1.1920929e-07,0.0,10.176,5.99,-1.49,13.47,286.63,549.29,0.25186919394555835,0.42619094
1995-11-05,9.642015547106992e-34,1397.3198695779563,0.6922041206887614,1.1920928955078125e-07,1.1920929e-07,1.1920929e-07,0.0,10.079997,1.91,-3.83,7.65,243.5,457.19,0.2480417726574261,0.37986583
1995-11-06,2.1213568346052744e-34,1398.5126846022465,0.7384092773411088,1.1920928955078125e-07,1.1920929e-07,1.1920929e-07,0.0,10.079997,2.85,-4.08,9.78,270.5,443.0,0.25703498852583756,0.37060082
1995-11-07,-1.8445688984910366e-34,1402.0519332663628,0.7577033562588373,1.1920928955078125e-07,1.1920929e-07,9.72,9.72,10.035892,3.26,-1.62,8.14,157.27,548.12,0.28568420860369104,0.39839587
1995-11-08,-1.2361024957596899e-09,1407.0937951727913,0.8119220725354307,1.1920928955078125e-07,1.1920929e-07,4.49,4.49,9.983997,4.315,0.95,7.68,114.83,640.0,0.33209691837390076,0.6670815
1995-11-09,-6.6839897259958974e-09,1407.9050833473314,0.622441882514556,1.1920928955078125e-07,1.1920929e-07,1.1920929e-07,0.0,9.983997,0.39,-3.51,4.29,178.57,468.66,0.34023966813389456,0.49104607
1995-11-10,-9.45815346518451e-09,1406.6191348446523,0.7492216164673055,1.1920928955078125e-07,1.1920929e-07,1.1920929e-07,0.0,9.888,3.265,-4.29,10.82,279.99,440.0,0.3274235033863987,0.42619094
1995-11-11,-6.0444367298689795e-09,1406.3013412844161,1.1546378107571513,1.1920928955078125e-07,1.1920929e-07,2.6,2.6,9.888,9.875,3.19,16.56,217.02,774.95,0.3243313818026736,0.44472098
1995-11-12,-3.658600450353574e-09,1420.6958841885285,0.9423546496926928,1.1920928955078125e-07,1.1920929e-07,28.25,28.25,9.888,6.57,-1.38,14.52,209.74,554.15,0.4984771528704107,2.9555414
1995-11-13,0.07393443089178142,1433.2311660432888,0.5483248083917367,1.1920928955078125e-07,1.1920929e-07,1.1920929e-07,0.0,9.792,-1.41,-5.16,2.34,171.54,422.44,0.724756659716723,1.2693077
1995-11-14,0.4409781620593297,1442.753037848266,0.623642068910498,0.4165218829548606,1.4119148e-05,22.559986,22.56,9.792,0.345,-1.16,1.85,57.76,562.44,0.9630832133791734,4.8085456
1995-11-15,0.17224638038818413,1465.8603100201835,0.7095044748704288,0.14614173828072474,1.1920929e-07,24.08,24.08,9.792,1.995,-0.09,4.08,76.28,600.0,1.9199920005750908,9.357671
1995-11-16,0.08995167557884604,1474.085347529995,0.6170978322466271,1.1920928955078125e-07,1.1920929e-07,1.1920929e-07,0.0,9.698783,0.02,-4.25,4.29,195.9,440.7,2.4544532521584403,3.0111315
1995-11-17,0.05571362706948774,1471.1436482345423,0.6443907602828893,0.03536507524322346,1.1920929e-07,1.1920929e-07,0.0,9.696003,0.68,-4.31,5.67,220.7,440.0,2.2480672085069133,1.880799
1995-11-18,0.029896799885507606,1468.3404134888845,0.7070971019968096,0.017166449989755365,1.1920929e-07,1.1920929e-07,0.0,9.696003,2.065,-2.76,6.89,216.33,499.52,2.067565649439365,1.5565234
1995-11-19,0.0165822933375022,1465.6182661902676,0.8120279375272916,0.00897700691374171,1.1920929e-07,1.1920929e-07,0.0,9.696003,4.145,0.77,7.52,162.48,640.0,1.9061663524523518,1.4082831
1995-11-20,0.007961774607793766,1463.0235450762011,0.7532635807799789,0.004139278280156827,1.1920929e-07,1.1920929e-07,0.0,9.6,3.2,-2.5,8.9,240.25,520.0,1.7640652514482997,1.2415127
1995-11-21,0.00337751386351472,1460.518740828096,0.8734757478454646,0.0017172732207010274,1.1920929e-07,1.1920929e-07,0.0,9.6,5.445,-0.08,10.97,233.81,600.0,1.6369463939386086,1.1303325
1995-11-22,0.0019567238388302427,1458.1671896668167,0.6788653243008209,0.0009879334755894661,1.1920929e-07,1.1920929e-07,0.0,9.6,1.715,-3.09,6.52,218.86,486.42,1.5259542968949307,1.0191522
1995-11-23,0.0011710101971120473,1456.2110947774668,0.6031335559984249,0.0003566995558950804,1.1920929e-07,1.1920929e-07,0.0,9.555897,0.08,-6.0,6.16,252.2,400.0,1.439383561873951,0.93576705
1995-11-24,0.000681271583828132,1458.097116841709,0.6581868981388692,0.000341795748146102,1.1920929e-07,5.29,5.29,9.504003,1.41,-1.61,4.43,116.55,550.93,1.5227649824555867,1.2044526
1995-11-25,0.009137368181264366,1458.3889414493003,0.557690145861217,1.1920928955078125e-07,1.1920929e-07,1.1920929e-07,0.0,9.504003,-0.99,-7.06,5.08,253.31,360.0,1.5360912541006928,0.95429707
1995-11-26,0.021004324901463815,1456.2972850555516,0.6491014435078244,0.01160099918492112,1.1920929e-07,1.1920929e-07,0.0,9.504003,1.225,-4.89,7.34,250.68,440.0,1.4430925393048475,0.8709119
1995-11-27,0.01191229913709263,1453.5244751522562,0.8786422613523773,0.0063104878309684165,1.1920929e-07,1.1920929e-07,0.0,9.459894,5.83,-0.68,12.34,249.92,582.81,1.3284301460200398,0.8338518
1995-11-28,0.006167435825121147,1450.3898541395668,1.0489546695538843,0.0031787809432993253,1.1920929e-07,1.1920929e-07,0.0,9.408,8.67,2.93,14.41,230.09,754.49,1.2097387787007026,0.7875267
1995-11-29,0.0035287101336353766,1453.5170470268959,0.6770917282839717,0.001795481325087821,1.1920929e-07,9.4,9.4,9.408,2.02,-2.4,6.44,151.17,514.48,1.328135547733957,0.8153218
1995-11-30,0.37126540819259063,1455.8475738766233,0.522697141305733,1.1920928955078125e-07,1.1920929e-07,1.1920929e-07,0.0,9.408,-1.745,-6.92,3.43,223.53,360.0,1.4238449732504477,0.8431168
1995-12-01,0.2093543235886795,1453.9636526080983,0.8445916533461679,0.18638271730794873,1.1920929e-07,1.1920929e-07,0.0,9.408,5.31,-3.0,13.62,262.38,484.3,1.345964498907451,0.8338518
1995-12-02,0.09140611379216868,1451.8726479865095,0.9285346754445178,0.06524846988228145,1.1920929e-07,1.1920929e-07,0.0,9.363897,6.845,0.27,13.42,237.69,621.43,1.2645011297655524,0.88944197
1995-12-03,0.045794109838611416,1449.840417202101,0.7920694082906846,0.028050066159769866,1.1920929e-07,1.1920929e-07,0.0,9.311997,4.54,-2.97,12.05,250.27,484.48,1.1900548203831516,0.75973165
1995-12-04,0.024395097744282473,1447.8258217738853,0.982364468822258,0.01367801598943492,1.1920929e-07,1.1920929e-07,0.0,9.311997,7.84,3.14,12.54,192.94,769.56,1.1205813607864161,0.7319366
1995-12-05,0.013222695285069983,1445.940024629706,0.6561023167662713,0.007047811078243168,1.1920929e-07,1.1920929e-07,0.0,9.311997,1.785,-3.83,7.4,220.04,453.71,1.0592292580115215,0.6763465
1995-12-06,0.007774285839973048,1445.2419615118997,0.6502172182168587,0.004038165182546399,1.1920929e-07,1.91,1.91,9.311997,1.66,-1.81,5.13,136.83,535.04,1.0373804874440387,0.6856115
1995-12-07,0.004623826995371461,1444.575525241616,0.6613156921468477,0.0023653534171201984,1.1920929e-07,1.1920929e-07,0.0,9.311997,1.915,-1.18,5.01,143.52,560.0,1.0169422517913536,0.6578164
1995-12-08,-0.010390344983538125,1442.8350722134596,0.5135500213643912,1.1920928955078125e-07,1.1920929e-07,1.1920929e-07,0.0,9.310348,-1.72,-6.95,3.51,212.72,360.0,0.9654450619445921,0.6114913
1995-12-09,0.9013652841936366,1444.0329818608373,0.5410769755141563,1.1920928955078125e-07,0.6149445,6.445055,7.06,9.2187805,-0.845,-4.11,2.42,112.44,443.2,1.0006012636024566,0.5559012
1995-12-10,3.9507825438324486,1443.0703504669941,0.36286964429861296,1.1920928955078125e-07,1.1920929e-07,1.1920929e-07,0.0,9.216,-6.42,-13.31,0.47,244.97,217.89,0.9722511273785549,0.5095761
1995-12-11,3.951033632125339,1441.7882916171357,0.30385132218282,1.1920928955078125e-07,1.1920929e-07,1.1920929e-07,0.0,9.216,-8.805,-12.19,-5.42,159.5,240.0,0.9357369910822034,0.49104607
1995-12-12,3.951033632125339,1440.5761672600077,0.30031669437321534,1.1920928955078125e-07,1.1920929e-07,1.1920929e-07,0.0,9.216,-8.95,-14.42,-3.48,223.63,200.0,0.9024766878529632,0.46325102
1995-12-13,3.9510294676736737,1439.3504524998689,0.3827264287791086,1.1920928955078125e-07,1.1920929e-07,1.1920929e-07,0.0,9.216,-5.655,-7.4,-3.91,89.04,350.35,0.8700454850371852,0.49104607
1995-12-14,7.260474723394594,1438.0731764269415,0.46696810052774446,1.1920928955078125e-07,7.11,2.1189452e-07,7.11,9.216,-2.875,-6.07,0.32,122.67,386.58,0.837489400886083,0.51884115
1995-12-15,6.4466277563000665,1441.2869865605935,0.6871171265340213,6.4466277563000665,1.1920929e-07,0.06,0.06,9.216,2.665,-3.09,8.42,238.09,484.67,0.9218352205403313,0.6392864
1995-12-16,2.358018078519608,1449.1346045008145,0.7061986131333297,2.3580180783841502,1.1920929e-07,10.43,10.43,9.216,2.99,-0.48,6.46,125.58,594.79,1.1652378529462488,3.1315768
1995-12-17,1.012707421963159,1453.9200421075054,0.5723796246428555,1.1920928955078125e-07,1.1920929e-07,1.1920929e-07,0.0,9.216,-0.13,-4.42,4.16,200.85,440.0,1.3442130301919157,2.1031597
1995-12-18,0.9122041867231283,1451.4322212347304,0.5233573360873373,1.1920928955078125e-07,0.15310588,0.0068941065,0.16,9.216,-1.39,-5.02,2.24,178.03,437.51,1.2479814764462809,1.2878379
1995-12-19,10.596310677220623,1449.7165548125213,0.4872066937222403,1.1920928955078125e-07,17.589964,3.6171376e-05,17.59,9.216,-2.39,-5.19,0.41,107.95,421.62,1.1856617918206198,2.9462764
1995-12-20,24.810767630448037,1448.1204321566581,0.3932599052497575,1.1920928955078125e-07,10.01,1.1920929e-07,10.01,9.216,-5.365,-7.48,-3.25,89.0,346.33,1.1304820037930194,1.9271241
1995-12-21,29.05208812642489,1446.625044377273,0.3971513581005296,1.1920928955078125e-07,1.1920929e-07,1.1920929e-07,0.0,9.216,-5.215,-8.77,-1.66,189.0,318.84,1.0811170744401015,1.3063679
1995-12-22,29.051727888332945,1445.15020287287,0.4372782830362817,1.1920928955078125e-07,1.1920929e-07,1.1920929e-07,0.0,9.216,-3.865,-6.89,-0.84,166.52,361.96,1.034542237233473,1.2785728
1995-12-23,29.05172788842784,1443.6910928527652,0.46729665790418684,1.1920928955078125e-07,1.1920929e-07,1.1920929e-07,0.0,9.216,-2.92,-5.97,0.13,169.62,389.79,0.9904389677176018,1.1025374
1995-12-24,29.051727888610746,1442.2614249470662,0.4843586502894863,1.1920928955078125e-07,1.1920929e-07,1.1920929e-07,0.0,9.216,-2.4,-5.16,0.36,155.76,421.38,0.9490497779196724,0.94503206
1995-12-25,29.05172788882019,1440.8719948912576,0.46771090429230966,1.1920928955078125e-07,1.1920929e-07,1.1920929e-07,0.0,9.216,-2.88,-5.54,-0.22,154.21,409.63,0.9104834069194347,0.88944197
1995-12-26,29.05172788899471,1439.533598420824,0.4136175071163743,1.1920928955078125e-07,1.1920929e-07,1.1920929e-07,0.0,9.216,-4.585,-7.54,-1.63,172.45,345.57,0.8748162455829005,0.80605674
1995-12-27,29.051727889072833,1438.25703127125,0.39557008926124854,1.1920928955078125e-07,1.1920929e-07,1.1920929e-07,0.0,9.216,-5.19,-9.22,-1.16,221.4,300.14,0.842099469701006,0.74120164
1995-12-28,29.051727856916035,1436.995413284262,0.48020666518879457,1.1920928955078125e-07,1.1920929e-07,1.1920929e-07,0.0,9.216,-2.47,-5.42,0.48,175.75,406.7,0.8109681470081476,0.70414156
1995-12-29,29.05152307951145,1435.6972685174915,0.5271926869415514,1.1920928955078125e-07,1.1920929e-07,1.1920929e-07,0.0,9.216,-1.13,-5.49,3.23,233.74,412.55,0.7801364155531005,0.6856115
1995-12-30,29.051539929587218,1434.4063810067873,0.529487360552522,1.1920928955078125e-07,1.1920929e-07,1.1920929e-07,0.0,9.216,-1.055,-8.39,6.28,287.98,320.0,0.7506394941656591,0.8245868
1995-12-31,22.17748343550955,1439.9198502693891,0.6577396566114607,19.967119216918945,1.1920929e-07,1.1920929e-07,0.0,9.216,2.035,-3.93,8.0,270.76,446.43,0.8849636399715598,0.75973165
1996-01-01,8.13747456420786,1452.5795405613114,0.6794878971033487,8.13747456420786,1.1920929e-07,1.27,1.27,9.216,2.385,-0.17,4.94,125.79,603.66,1.2914738237272483,0.7875267
1996-01-02,2.9735221253613195,1462.342725517424,0.6450265593575597,2.9735196440607368,1.1920929e-07,13.09,13.09,9.267895,1.44,-0.05,2.93,58.22,600.0,1.728567533959565,2.7146509
1996-01-03,1.542651905168347,1476.030024710328,0.5666973808343344,1.1920928955078125e-07,0.17946164,14.6105385,14.79,9.311997,-0.64,-3.51,2.23,106.81,469.75,2.601187734644749,6.911705
1996-01-04,6.719384295380335,1474.7421105392377,0.4017333241662197,1.1920928955078125e-07,1.1920929e-07,1.1920929e-07,0.0,9.311997,-5.465,-9.53,-1.4,191.65,294.04,2.5030591545591325,2.1031597
1996-01-05,6.718139574058265,1471.9388917831006,0.40477222103170907,1.1920928955078125e-07,1.1920929e-07,1.1920929e-07,0.0,9.311997,-5.335,-8.61,-2.06,162.7,318.37,2.3020849099323613,1.389753
1996-01-06,6.716507859248433,1469.3554577409323,0.33546936441051584,1.1920928955078125e-07,1.1920929e-07,1.1920929e-07,0.0,9.311997,-7.87,-11.82,-3.92,190.56,243.33,2.1311869368545318,0.92650205
1996-01-07,16.60966776208763,1466.988321649036,0.2905236065587204,1.1920928955078125e-07,22.58,1.1920929e-07,22.58,9.311997,-9.77,-12.31,-7.23,112.7,240.0,1.9857589205208535,0.6485514
1996-01-08,45.21280923915685,1464.752028733916,0.34806026872940815,1.1920928955078125e-07,31.03,1.1920929e-07,31.03,9.311997,-7.33,-10.4,-4.26,136.48,279.91,1.8574971786670178,0.6022263
1996-01-09,63.998897213027035,1462.617795090841,0.3221590519123888,1.1920928955078125e-07,6.63,1.1920929e-07,6.63,9.408,-8.49,-13.68,-3.3,215.9,201.94,1.742822756130379,1.1118025
1996-01-10,69.09467560241528,1460.5805004662782,0.3779564867084152,1.1920928955078125e-07,3.64,1.1920929e-07,3.64,9.408,-6.31,-10.47,-2.15,195.57,280.0,1.6399677375143744,1.6213785
1996-01-11,70.87106398528248,1458.6539564485286,0.2987530454667603,1.1920928955078125e-07,1.1920929e-07,1.1920929e-07,0.0,9.408,-9.46,-14.75,-4.17,275.86,200.0,1.5482942728476734,1.389753
1996-01-12,78.39439514623393,1456.8375638810594,0.3351684470305447,1.1920928955078125e-07,15.01,1.1920929e-07,15.01,9.408,-7.905,-12.35,-3.46,188.72,240.0,1.4665607623052848,1.1118025
1996-01-13,90.79281088074235,1455.0057283256117,0.4741516654416205,1.1920928955078125e-07,9.0,1.1920929e-07,9.0,9.408,-3.115,-7.71,1.48,234.01,339.36,1.3885015332138593,1.0654774
1996-01-14,94.58100105598979,1453.1343709777273,0.5274173912871499,1.1920928955078125e-07,1.1920929e-07,1.1920929e-07,0.0,9.504003,-1.735,-8.47,5.0,313.87,320.0,1.3130467247495592,1.0191522
1996-01-15,94.47811656947209,1451.427532515108,0.6322307663412345,8.52233072614888,1.1920929e-07,1.1920929e-07,0.0,9.504003,0.89,-4.79,6.57,292.08,439.99,1.2478067766364553,0.92650205
1996-01-16,94.42645624875959,1449.771335785703,0.41268996198697583,1.1920928955078125e-07,1.1920929e-07,1.1920929e-07,0.0,9.504003,-5.14,-12.78,2.5,332.82,240.0,1.1876027055052087,0.8523819
1996-01-17,92.4899027497113,1450.0149200742794,0.6498521787152113,12.671475236490096,1.1920929e-07,1.1920929e-07,0.0,9.504003,1.305,-3.35,5.96,264.51,479.22,1.196271548444504,0.79679173
1996-01-18,70.88220909516455,1469.0674562010265,0.7510422963401161,30.56073570251465,1.1920929e-07,1.1920929e-07,0.0,9.6,3.095,-1.49,7.68,261.73,560.0,2.1129391230091423,0.8338518
1996-01-19,32.77156704673152,1517.4551798744737,0.8944168907051215,32.77156704673152,1.1920929e-07,30.68,30.68,9.6,5.225,-3.05,13.5,251.8,489.23,8.96062190319027,45.9545
1996-01-20,23.9001893772679,1528.0108926180442,0.39138153863591285,1.1920928955078125e-07,1.1920929e-07,1.1920929e-07,0.0,9.6,-6.725,-11.3,-2.15,272.42,258.27,12.280490903887209,14.268131
1996-01-21,23.895826132567127,1517.122205109318,0.39677358922947914,1.1920928955078125e-07,1.1920929e-07,1.1920929e-07,0.0,9.602783,-6.445,-11.69,-1.2,297.8,240.0,8.871977193229176,3.9098384
1996-01-22,23.895826132471083,1508.7420578423048,0.49511449593829326,1.1920928955078125e-07,1.1920929e-07,1.1920929e-07,0.0,9.696003,-3.44,-10.3,3.42,335.24,280.0,6.908022424234734,2.742446
1996-01-23,23.894083095925545,1501.9687732167033,0.5707864279395006,1.1920928955078125e-07,1.1920929e-07,1.1920929e-07,0.0,9.696003,-1.365,-5.73,3.0,267.19,400.13,5.643174753461289,2.4737604
1996-01-24,13.360565602483646,1511.7811152786558,0.8116582094448755,13.360565602483646,1.1920929e-07,12.0,12.0,9.696003,3.675,-1.3,8.65,215.36,560.0,7.564176795669756,9.913571
1996-01-25,4.89100857087759,1517.2591497703115,0.674179067920185,4.88689162900607,1.1920929e-07,1.1920929e-07,0.0,9.792,0.745,-4.96,6.45,315.09,429.19,8.908328007595127,5.3737116
1996-01-26,3.9108865521554623,1508.8728722640735,0.5382091217129997,1.1920928955078125e-07,1.1920929e-07,1.1920929e-07,0.0,9.792,-2.405,-8.0,3.19,317.17,320.0,6.935056916342602,2.6497958
1996-01-27,2.4823058318887803,1514.1876852765015,0.9209411993949707,2.482305831847633,1.1920929e-07,22.29,22.29,9.792,5.4,-0.62,11.42,241.82,588.13,8.127707014124425,13.434279
1996-01-28,0.9522201350784252,1516.9249693852432,0.6454065825065833,1.1920928955078125e-07,1.1920929e-07,1.1920929e-07,0.0,9.888,-0.025,-4.91,4.86,297.6,433.18,8.819883126893163,5.7443123
1996-01-29,0.9718042135613231,1508.5693585797312,0.5255784483019601,1.1920928955078125e-07,1.1920929e-07,1.1920929e-07,0.0,9.888,-2.875,-7.19,1.44,279.57,359.68,6.872493224730868,3.0111315
1996-01-30,0.6871209249194185,1502.0316496386256,0.7129273236133925,0.6864088027542182,1.1920929e-07,1.1920929e-07,0.0,9.888,1.565,-3.77,6.9,316.57,458.41,5.653778991689509,2.6220007
1996-01-31,0.31643120447748974,1496.508267511756,0.6220534161739096,1.1920928955078125e-07,1.1920929e-07,1.1920929e-07,0.0,9.983997,-0.5,-5.83,4.83,318.36,397.32,4.794201343940154,2.3440502
1996-02-01,0.31762797502794005,1491.5744536316918,0.3731891794468826,1.1920928955078125e-07,1.1920929e-07,1.1920929e-07,0.0,9.983997,-7.575,-12.15,-3.0,294.57,240.0,4.137506931831389,1.825209
1996-02-02,0.6413317905929588,1487.2987754708654,0.4156641943257221,1.1920928955078125e-07,0.85,1.1920929e-07,0.85,9.983997,-6.07,-8.59,-3.55,181.2,319.91,3.6416260585146953,1.4824033
1996-02-03,6.170626896173842,1483.4934447785422,0.3229786365914346,1.1920928955078125e-07,10.08,1.1920929e-07,10.08,10.079997,-9.565,-12.97,-6.16,182.87,231.88,3.2505064402726362,1.2044526
1996-02-04,11.250786544377833,1480.1150873908125,0.2578314731324723,1.1920928955078125e-07,1.1920929e-07,1.1920929e-07,0.0,10.079997,-12.485,-15.59,-9.38,229.37,192.72,2.9386194118448423,1.0654774
1996-02-05,11.250677961953054,1477.076022523807,0.2008405759011402,1.1920928955078125e-07,1.1920929e-07,1.1920929e-07,0.0,10.079997,-15.64,-22.97,-8.31,389.55,86.64,2.683708331761947,1.0191522
1996-02-06,11.250677961953054,1474.264324398923,0.27586034993890596,1.1920928955078125e-07,1.1920929e-07,1.1920929e-07,0.0,10.176,-11.68,-21.18,-2.18,412.65,120.0,2.467604683655463,1.0191522
1996-02-07,11.250640651322964,1471.5616728043913,0.40589284092574995,1.1920928955078125e-07,1.1920929e-07,1.1920929e-07,0.0,10.176,-6.51,-14.06,1.04,388.38,201.57,2.276302003728892,0.97282714
1996-02-08,11.045786036615407,1469.0552438700925,0.6771479415071757,5.4530955939957835,1.1920929e-07,0.019999998,0.02,10.270348,0.585,-3.22,4.39,257.23,482.71,2.112168810765658,1.352693
1996-02-09,4.155372763836284,1474.371136720419,0.8539072209781372,4.155372763836284,1.1920929e-07,3.0,3.0,10.272,3.945,1.0,6.89,154.89,640.0,2.4754869313670556,2.5200856
1996-02-10,1.5186280162464572,1475.1406458323052,0.797735125148425,1.5186276306494786,1.1920929e-07,1.1920929e-07,0.0,10.272,2.925,-2.16,8.01,322.58,522.99,2.5330221222811296,2.2514
1996-02-11,0.5537495198140665,1472.7902406377743,0.8851691240829763,0.5515783011441003,1.1920929e-07,1.1920929e-07,0.0,10.367997,4.36,-0.5,9.22,313.57,600.0,2.3613529822728316,2.0846295
1996-02-12,0.27398921093314166,1470.0593886583777,0.61347161674782,1.1920928955078125e-07,1.1920929e-07,1.1920929e-07,0.0,10.367997,-0.985,-5.9,3.93,323.83,393.61,2.17645417515502,1.7418238
1996-02-13,0.2734293994213412,1467.455657162729,0.4216573930671436,1.1920928955078125e-07,1.1920929e-07,1.1920929e-07,0.0,10.419894,-6.275,-10.84,-1.71,316.99,273.61,2.0136618155815755,1.2600428
1996-02-14,0.5101619578268369,1465.0909543715945,0.6340681825841914,1.1920928955078125e-07,0.0059837964,0.7640162,0.77,10.464,-0.595,-6.77,5.58,378.34,367.01,1.876389804236861,1.2693077
1996-02-15,0.25845986006845306,1464.079632249319,0.6990302638476658,0.2402415252621147,1.1920929e-07,1.8,1.8,10.464,0.825,-3.03,4.68,276.3,486.24,1.8205771708431884,1.2044526
1996-02-16,1.807576711545519,1463.3383077413403,0.5613155560290217,1.1920928955078125e-07,4.6499944,5.543232e-06,4.65,10.559998,-2.445,-6.07,1.18,208.06,385.78,1.7807224006064157,1.1118025
1996-02-17,4.193663220411885,1461.1490970697027,0.4067173744666058,1.1920928955078125e-07,1.1920929e-07,1.1920929e-07,0.0,10.559998,-6.89,-11.63,-2.15,344.41,251.11,1.668047391404214,1.0654774
1996-02-18,4.193036152394188,1459.0910556602237,0.4793532122264322,1.1920928955078125e-07,1.1920929e-07,1.1920929e-07,0.0,10.655997,-4.74,-9.27,-0.21,340.22,297.18,1.5686333389814118,1.0191522
1996-02-19,4.1930361523720965,1457.0555293166274,0.5511506792255173,1.1920928955078125e-07,1.1920929e-07,1.1920929e-07,0.0,10.655997,-2.77,-9.47,3.93,420.44,282.24,1.4761362760105865,0.8801769
1996-02-20,2.6772000098661892,1459.3358922556201,0.8564644634601354,2.677200009859869,1.1920929e-07,7.04,7.04,10.655997,3.595,-0.62,7.81,240.11,588.73,1.5801425773773103,1.9641843
1996-02-21,0.9769580567425662,1468.904209646667,1.1452126761861914,0.9769022127883471,1.1920929e-07,14.12,14.12,10.752,7.765,3.62,11.91,236.36,794.36,2.102665267703162,7.4212813
1996-02-22,0.3571310113841182,1474.0747920772362,1.1359074858919866,0.34736350042957304,1.1920929e-07,0.8,0.8,10.752,7.585,4.2,10.97,272.32,816.25,2.4536798175080805,3.1593719
1996-02-23,0.13964720948520953,1472.0484073439413,1.1635507288144455,0.11194448014347269,1.1920929e-07,1.62,1.62,10.848002,7.84,4.8,10.88,251.35,864.2,2.309624849146826,2.6868558
1996-02-24,0.06459765590369351,1469.831792714019,1.3404893445142774,0.04238272988424414,1.1920929e-07,0.75,0.75,10.848002,10.07,7.06,13.08,251.56,1004.72,2.161714100778235,2.3996403
1996-02-25,0.03344463983909504,1466.6600309827677,1.5846530350434347,0.01949290261697162,1.1920929e-07,1.1920929e-07,0.0,10.944003,12.625,6.7,18.55,398.11,978.91,1.9663894063917378,1.8530041
1996-02-26,0.017879864078838157,1464.1712978155497,1.3467159766558483,0.009737033477113471,1.1920929e-07,2.0,2.0,10.944003,10.065,2.67,17.46,438.34,733.6,1.8255668222255899,1.6677036
1996-02-27,0.009097574115850148,1463.6860335152764,1.1705031644608135,0.004755559100703364,1.1920929e-07,1.4,1.4,10.946783,7.88,2.42,13.34,392.66,720.0,1.7993068625105462,1.5843184
1996-02-28,0.003620427096168822,1463.6988981025838,1.3619799024819144,0.0018429787001511065,1.1920929e-07,4.15,4.15,11.04,10.11,4.81,15.41,288.18,864.91,1.7999981280944362,1.5565234
1996-02-29,0.001916058290429708,1462.540124653873,0.7932441302106469,0.0009672070628582188,1.1920929e-07,1.1920929e-07,0.0,11.04,1.905,-6.12,9.93,470.6,383.89,1.738785689529052,1.3063679
1996-03-01,-0.02218847453173093,1460.1958670925728,0.5485843832665838,1.1920928955078125e-07,1.1920929e-07,1.1920929e-07,0.0,11.136,-3.485,-9.69,2.72,439.13,280.0,1.6212414673946434,1.2044526
1996-03-02,0.07634822100413921,1458.089103961751,0.6608876294156104,1.1920928955078125e-07,0.02246186,0.28753814,0.31,11.136,-0.825,-4.96,3.31,345.89,427.34,1.5224007069282652,1.1859226
1996-03-03,0.36987285067549375,1456.037231726142,0.5848750776041423,1.1920928955078125e-07,0.33999997,1.1920929e-07,0.34,11.232,-2.665,-7.07,1.74,364.11,359.63,1.4319307956647063,1.1488625
1996-03-04,0.5505054850809242,1454.0972979616997,0.5216231023513752,1.1920928955078125e-07,1.1920929e-07,1.1920929e-07,0.0,11.232,-4.25,-11.82,3.32,480.17,240.0,1.3513461394519526,0.99135715
1996-03-05,0.4542154867962436,1452.9601277279971,0.8959030492240029,0.4494288753298496,1.1920929e-07,2.35,2.35,11.328,3.42,-4.63,11.47,436.55,440.0,1.3062332705332287,1.0654774
1996-03-06,0.1736006803045247,1456.4457563398958,1.272793682846952,0.14759167789291744,1.1920929e-07,9.23,9.23,11.328,8.725,5.15,12.3,222.34,891.8,1.449504045355519,1.5009333
1996-03-07,0.07764619774862726,1466.0518017462266,0.8931087556171821,0.053181207704112235,1.1920929e-07,14.08,14.08,11.423997,3.115,-3.13,9.36,335.87,484.97,1.9310011053506722,5.058701
1996-03-08,4.723146331252083,1468.8321176597617,0.45783704421942745,1.1920928955078125e-07,5.32,1.1920929e-07,5.32,11.423997,-6.42,-10.47,-2.37,270.48,276.52,2.098144103974144,3.0667217
1996-03-09,6.857292950752298,1466.407207845973,0.3809352394015544,1.1920928955078125e-07,1.1920929e-07,1.1920929e-07,0.0,11.423997,-8.88,-12.9,-4.86,363.37,230.64,1.9516014349673518,1.8530041
1996-03-10,6.857983846293924,1464.125294933007,0.4308832731955129,1.1920928955078125e-07,1.1920929e-07,1.1920929e-07,0.0,11.520008,-7.315,-14.53,-0.1,497.84,200.0,1.8230610304500507,1.6028485
1996-03-11,6.857983808471811,1461.8566817100377,0.591681128737954,1.1920928955078125e-07,1.1920929e-07,1.1920929e-07,0.0,11.520008,-2.915,-11.05,5.22,514.22,275.38,1.7036632131037224,1.5287284
1996-03-12,4.979057523259086,1461.3681494612536,0.8268879028522992,4.979057523259086,1.1920929e-07,1.1920929e-07,0.0,11.616,1.78,-6.74,10.3,516.34,361.66,1.6789929474889826,1.4638731
1996-03-13,1.820406953248725,1461.8919656623982,1.0340197742345065,1.820406930641798,1.1920929e-07,1.1920929e-07,0.0,11.616,5.1,-4.23,14.43,524.2,442.99,1.7054589809374925,1.380488
1996-03-14,0.6638715191599178,1460.154656051085,1.3104119466132984,0.6630038409926194,1.1920929e-07,1.1920929e-07,0.0,11.711997,8.62,-0.92,18.16,521.02,566.73,1.6192477915139611,1.3156328
1996-03-15,0.24595788726193005,1462.2902220710857,1.5127637435198265,0.22659094661625112,1.1920929e-07,9.47,9.47,11.711997,10.85,4.65,17.05,328.61,852.16,1.7258598733531934,1.6028485
1996-03-16,0.10285361393312895,1463.9602426366034,1.1930349937238953,0.07576526308170924,1.1920929e-07,1.1920929e-07,0.0,11.808,7.005,-0.38,14.39,483.92,600.0,1.8140988534308915,1.4731382
1996-03-17,0.05011977881177306,1461.2458061603284,0.9787313827706979,0.031211629877022105,1.1920929e-07,1.1920929e-07,0.0,11.808,4.035,-0.64,8.71,373.37,582.69,1.6728709025410553,1.2322477
1996-03-18,0.026083810372835296,1458.5101699695276,1.134906218171826,0.014733239576550898,1.1920929e-07,1.1920929e-07,0.0,11.903997,6.175,0.15,12.2,439.64,612.93,1.5416614244990492,1.1859226
1996-03-19,0.014540465445849624,1461.8142424324083,1.1152580031566042,0.007797866263851478,1.1920929e-07,12.04,12.04,11.903997,5.875,-0.26,12.01,333.11,600.03,1.701505781539056,1.797414
1996-03-20,0.008217562641320083,1471.8279919920303,1.065878002263787,0.004277507222593209,1.1920929e-07,12.44,12.44,12.000003,4.965,1.35,8.58,228.51,671.99,2.294474752067452,3.5299728
1996-03-21,0.004731595048654139,1472.9656968266029,0.9214882711430206,0.002421757063796849,1.1920929e-07,0.09,0.09,12.000003,2.78,-0.2,5.76,258.76,602.85,2.373756021367026,1.9456543
1996-03-22,0.002779961597356591,1469.891182828319,0.7732841418191105,0.001252670566456899,1.1920929e-07,1.1920929e-07,0.0,12.000003,0.245,-3.42,3.91,314.77,472.54,2.1655508018443808,1.6213785
1996-03-23,0.0015943460921824712,1466.9922939229662,0.8873232751192738,0.0008035277601351297,1.1920929e-07,1.1920929e-07,0.0,12.096,2.165,-3.24,7.57,420.39,480.35,1.9859944535925222,1.4360781
1996-03-24,0.0009167600553857754,1464.067343807038,1.027608721564534,0.00046048113547516955,1.1920929e-07,1.1920929e-07,0.0,12.096,4.375,-4.05,12.8,518.46,441.73,1.8199093089184466,1.3063679
1996-03-25,0.00043641101504001236,1460.9728318589168,1.48374105675294,0.00021868164319944192,1.1920929e-07,1.1920929e-07,0.0,12.191998,9.925,0.78,19.07,518.06,641.94,1.659291646685423,1.2507777
1996-03-26,0.00019572704797066686,1457.8522593289542,1.571967158071261,9.795929664802703e-05,1.1920929e-07,1.1920929e-07,0.0,12.191998,10.87,3.71,18.03,464.2,797.5,1.511672719458429,1.1859226
1996-03-27,0.00011280432251354996,1454.5706580962792,0.9340264549193039,5.643397329134599e-05,1.1920929e-07,1.1920929e-07,0.0,12.287997,2.815,-3.37,9.0,442.22,474.46,1.3705811042574654,1.0840074
1996-03-28,6.143403071273281e-05,1456.9225785222886,0.8261791204236242,3.072421635059462e-05,1.1920929e-07,11.2,11.2,12.287997,0.99,-2.91,4.89,238.1,487.3,1.4702881582830116,1.862269
1996-03-29,3.6819235110206844e-05,1473.5173191691465,0.8616805100184899,1.8412959502719288e-05,1.1920929e-07,24.67,24.67,12.383997,1.325,-0.68,3.33,131.81,581.69,2.41317630564324,6.3280087
1996-03-30,2.2209705095458786e-05,1482.8038275279753,1.1607127613569839,1.1106085725225392e-05,1.1920929e-07,1.1920929e-07,0.0,12.383997,5.665,-0.5,11.83,441.75,600.0,3.1842609892708476,2.807301
1996-03-31,1.3393532165512526e-05,1477.3939455612056,1.3831073043017232,6.697214549515264e-06,1.1920929e-07,1.1920929e-07,0.0,12.479998,8.29,0.1,16.48,498.77,608.04,2.709304835691591,2.1124246
1996-04-01,8.057414239868872e-06,1478.851955160896,1.5285938020304841,4.0288694247449305e-06,1.1920929e-07,11.0,11.0,12.479998,9.835,5.08,14.59,269.9,886.13,2.829854525356662,3.650418
1996-04-02,4.751478031451755e-06,1487.4654506329857,1.171153345447712,2.375795457084575e-06,1.1920929e-07,13.14,13.14,12.576006,5.52,0.75,10.29,277.19,640.22,3.6597940853531297,5.2440014
1996-04-03,2.8355058958938833e-06,1489.0922972420788,1.4671270772712963,1.4177730481811544e-06,1.1920929e-07,1.1920929e-07,0.0,12.576006,8.965,-0.61,18.54,527.36,591.4,3.8419545680357743,2.36258
1996-04-04,1.6834039736023e-06,1483.7015041552218,1.6049349926620045,8.417090714234957e-07,1.1920929e-07,1.1920929e-07,0.0,12.576006,10.43,1.64,19.22,511.61,691.3,3.2707621945682415,2.0568345
1996-04-05,9.902331107644884e-07,1479.7094178370794,1.4577403402900178,4.951190067862783e-07,1.1920929e-07,0.87,0.87,12.672003,8.845,2.39,15.3,444.81,728.25,2.9032401594994712,1.862269
1996-04-06,5.822365348455758e-07,1476.1425613174579,1.109169191014339,2.911191149212442e-07,1.1920929e-07,1.1920929e-07,0.0,12.672003,4.7,-0.12,9.52,373.63,606.65,2.6099427273391687,1.6677036
1996-04-07,2.932804563357583e-07,1472.656645863606,1.081639394730483,1.466404432014443e-07,1.1920929e-07,1.28,1.28,12.768005,4.245,0.22,8.27,297.25,618.91,2.3519526127367665,1.5843184
1996-04-08,1.2369074210332262e-07,1470.2595486259202,1.000708679026717,1.1920928955078125e-07,1.1920929e-07,1.1920929e-07,0.0,12.768005,3.11,-3.12,9.34,442.66,483.98,2.18950042158064,1.4546082
1996-04-09,6.993434377212918e-08,1471.484739126656,1.051670959697065,1.1920928955078125e-07,1.1920929e-07,10.11,10.11,12.864003,3.725,-1.05,8.5,275.84,569.21,2.271079147230472,1.862269
1996-04-10,3.938357858000497e-08,1475.944691033348,0.9433080109842672,1.1920928955078125e-07,1.1920929e-07,5.9,5.9,12.864003,2.07,-1.91,6.05,243.02,534.65,2.594568627123737,2.1865447
1996-04-11,2.3237193215098363e-08,1475.2274549674285,1.5574642276653246,1.1920928955078125e-07,1.1920929e-07,1.1920929e-07,0.0,12.96,9.575,0.53,18.62,514.48,640.0,2.5395960934693194,1.6213785
1996-04-12,1.332945590913944e-08,1470.871116929603,2.631469290779314,1.1920928955078125e-07,1.1920929e-07,1.1920929e-07,0.0,12.96,18.135,9.46,26.81,486.96,1196.66,2.2298483847094657,1.4268131
1996-04-13,7.618145962373878e-09,1466.0994475325665,2.5231606872315284,1.1920928955078125e-07,1.1920929e-07,1.1920929e-07,0.0,13.05322,17.365,7.77,26.96,507.46,1061.97,1.9337501158713675,1.334163
1996-04-14,3.4939348233917583e-09,1462.066319975109,1.8635356052201075,1.1920928955078125e-07,1.1920929e-07,1.1920929e-07,0.0,13.056,12.445,7.06,17.83,394.71,1004.73,1.7143605247086162,1.2507777
1996-04-15,1.439388609918599e-09,1459.018711777813,1.25542853062474,1.1920928955078125e-07,1.1920929e-07,0.19,0.19,13.056,6.3,-0.32,12.92,461.17,597.4,1.565248681552186,1.2693077
1996-04-16,3.5196446558496624e-10,1456.4807528472575,1.445780029133029,1.1920928955078125e-07,1.1920929e-07,33.48,33.48,13.152,8.385,4.33,12.44,245.68,828.25,1.4510194600252273,6.3280087
1996-04-17,-1.3023820691866938e-09,1453.7071310464598,1.3591836324070685,1.1920928955078125e-07,1.1920929e-07,1.1920929e-07,0.0,13.152,7.46,2.46,12.46,391.01,721.54,1.335694845350264,2.3903751
1996-04-18,-3.1134226277012805e-09,1450.7215460781802,1.5892637826127198,1.1920928955078125e-07,1.1920929e-07,1.1920929e-07,0.0,13.248009,9.81,-0.03,19.65,538.71,600.42,1.2217791331842294,1.9271241
1996-04-19,-4.667489418626704e-09,1447.5491029123677,2.0037634448401223,1.1920928955078125e-07,1.1920929e-07,1.1920929e-07,0.0,13.248009,13.54,4.53,22.55,514.57,842.01,1.111360962265337,1.7510889
1996-04-20,-5.550914650630866e-09,1444.2149065189728,2.6945483810310797,1.1920928955078125e-07,1.1920929e-07,0.16,0.16,13.343997,18.35,11.88,24.82,423.23,1390.43,1.006051220907077,1.6399086
1996-04-21,-5.3500305323816805e-09,1440.7440618679454,2.6444842538472946,1.1920928955078125e-07,1.1920929e-07,1.1920929e-07,0.0,13.343997,18.075,11.77,24.38,415.35,1381.64,0.9070121566391617,1.5009333
1996-04-22,-3.6647907827528785e-09,1437.157976390925,2.8197145000629713,1.1920928955078125e-07,1.1920929e-07,1.1920929e-07,0.0,13.343997,19.2,9.76,28.64,503.14,1220.65,0.8149139975606121,1.380488
1996-04-23,-7.20426757269104e-10,1433.5312798558216,3.2020856043559824,1.1920928955078125e-07,1.1920929e-07,1.1920929e-07,0.0,13.439995,21.295,14.29,28.3,430.98,1622.91,0.731280238204547,1.352693
1996-04-24,2.591528209090854e-09,1430.3101991793048,2.207681367820658,1.1920928955078125e-07,1.1920929e-07,3.84,3.84,13.439995,15.08,5.37,24.79,416.13,909.93,0.6642255565010665,1.4638731
1996-04-25,5.379312877842874e-09,1428.0210093438527,2.1196988478450005,1.1920928955078125e-07,1.1920929e-07,1.1920929e-07,0.0,13.535997,14.325,6.27,22.38,489.05,941.77,0.620342162021323,1.2137177
1996-04-26,6.751166010502842e-09,1427.1899853319437,2.577691071577281,1.1920928955078125e-07,1.1920929e-07,2.08,2.08,13.535997,17.565,13.2,21.93,290.35,1512.68,0.6051391922275543,1.1766576
1996-04-27,5.815326368586629e-09,1428.3434021260562,1.778210446614463,1.1920928955078125e-07,1.1920929e-07,4.97,4.97,13.580106,11.44,5.38,17.5,335.8,905.8,0.6263424068851923,1.2044526
1996-04-28,2.5548961884251256e-09,1430.8960312101804,1.7547602867353238,1.1920928955078125e-07,1.1920929e-07,1.1920929e-07,0.0,13.632,11.14,2.08,20.2,519.3,720.0,0.675946240251343,1.0747423
1996-04-29,-1.4098989293232267e-09,1433.2237521383054,2.846529253243416,1.1920928955078125e-07,1.1920929e-07,3.57,3.57,13.632,19.045,11.3,26.79,345.16,1344.34,0.7245962422729404,1.0562123
1996-04-30,-4.987461343142063e-09,1435.086659261765,2.85845748207242,1.1920928955078125e-07,1.1920929e-07,13.01,13.01,13.727997,18.975,10.61,27.34,360.08,1289.14,0.766042182625744,1.3063679
1996-05-01,-7.09656886903569e-09,1436.2618875696205,1.686820849222668,1.1920928955078125e-07,1.1920929e-07,1.1920929e-07,0.0,13.727997,10.345,1.72,18.97,508.43,697.7,0.7933997402791146,1.4916682
1996-05-02,-6.655999323008441e-09,1436.5265720509333,2.0147965831882106,1.1920928955078125e-07,1.1920929e-07,1.49,1.49,13.72965,13.175,5.56,20.79,418.47,920.0,0.7996947759371676,1.1210674
1996-05-03,-4.015975076705667e-09,1436.0668638766876,2.275730609025408,1.1920928955078125e-07,1.1920929e-07,4.9,4.9,13.824,15.05,9.03,21.07,301.93,1162.34,0.7887931878228226,1.1025374
1996-05-04,-2.1769501481838167e-09,1435.647077179112,2.5901372040673962,1.1920928955078125e-07,1.1920929e-07,1.74,1.74,13.824,17.195,10.76,23.63,419.86,1300.51,0.7789681693528454,1.1025374
1996-05-05,-1.2707248297658654e-09,1435.958456375207,2.57216674346414,1.1920928955078125e-07,1.1920929e-07,5.68,5.68,13.920003,16.96,9.89,24.03,334.99,1231.1,0.7862441267760409,1.1581275
1996-05-06,-7.597204330420428e-10,1445.6420758224465,2.3265860010945194,1.1920928955078125e-07,1.1920929e-07,20.5,20.5,13.920003,15.19,10.25,20.13,261.37,1260.31,1.0498479864841521,2.5756757
1996-05-07,-4.535742981213805e-10,1450.7317195525357,1.642432644148057,1.1920928955078125e-07,1.1920929e-07,0.97,0.97,13.920003,9.55,4.47,14.63,367.97,841.28,1.2221503164506657,1.371223
1996-05-08,-2.7163627201428006e-10,1451.2825535751065,1.7752833425385786,1.1920928955078125e-07,1.1920929e-07,6.73,6.73,14.015994,10.66,7.1,14.22,203.82,1007.71,1.2424169717266094,1.7418238
1996-05-09,-1.6172417656504722e-10,1462.0806842122201,1.947588960402106,1.1920928955078125e-07,1.1920929e-07,21.69,21.69,14.015994,12.015,9.37,14.66,155.19,1189.67,1.7150959495360398,5.6979876
1996-05-10,-9.614431490179988e-11,1466.0422676418239,2.506059447404061,1.1920928955078125e-07,1.1920929e-07,1.63,1.63,14.015994,16.07,10.55,21.59,382.49,1283.64,1.9304514872323375,2.3440502
1996-05-11,-5.762298112636503e-11,1466.684259846426,3.248213531983846,1.1920928955078125e-07,1.1920929e-07,9.02,9.02,14.111998,20.31,12.76,27.86,345.69,1461.2,1.967812456196272,5.021641
1996-05-12,-3.4420951764342954e-11,1472.8800201344502,2.0127790671335393,1.1920928955078125e-07,1.1920929e-07,12.8,12.8,14.111998,12.315,6.3,18.33,318.74,949.89,2.367691398126729,4.919726
1996-05-13,-1.9231909290606674e-11,1473.7827192526324,1.4139991339366142,1.1920928955078125e-07,1.1920929e-07,1.1920929e-07,0.0,14.111998,6.775,0.4,13.15,457.63,632.32,2.4323750318385997,2.3440502
1996-05-14,-1.0104641772620697e-11,1469.711636124928,1.4917289246420096,1.1920928955078125e-07,1.1920929e-07,1.1920929e-07,0.0,14.208003,7.535,-0.52,15.59,517.49,596.19,2.1539725589611813,1.9178592
1996-05-15,-5.8870330370663735e-12,1467.2745129022217,1.8589260404642167,1.1920928955078125e-07,1.1920929e-07,1.1920929e-07,0.0,14.208003,11.0,5.5,16.5,405.29,920.0,2.002800120465367,1.6954987
1996-05-16,-3.234866263346704e-12,1467.6816263499154,1.8588555607074893,1.1920928955078125e-07,1.1920929e-07,7.28,7.28,14.208003,10.995,6.95,15.04,236.78,995.77,2.0272938947527783,1.7603538
1996-05-17,-1.7998172721317213e-12,1468.195872384018,2.1774581040711545,1.1920928955078125e-07,1.1920929e-07,1.06,1.06,14.304006,13.415,9.66,17.17,292.86,1213.12,2.058661871899052,1.6306436
1996-05-18,-5.832925577547281e-13,1464.8677755435476,3.5929772409461416,1.1920928955078125e-07,1.1920929e-07,0.05,0.05,14.304006,21.835,14.3,29.37,466.85,1629.71,1.8639277312008344,1.5194633
1996-05-19,2.404865300019122e-13,1459.1735650198402,4.390611004111138,1.1920928955078125e-07,1.1920929e-07,1.1920929e-07,0.0,14.304006,25.425,17.9,32.95,451.49,2058.01,1.5725025298312185,1.361958
1996-05-20,4.030992985506037e-13,1452.9711229067102,4.607015328926427,1.1920928955078125e-07,1.1920929e-07,1.1920929e-07,0.0,14.397217,26.245,18.5,33.99,453.47,2120.0,1.3066621692559528,1.2229826
1996-05-21,2.049566696198292e-13,1449.0012213286695,4.5850739976628905,1.1920928955078125e-07,1.1920929e-07,1.1920929e-07,0.0,14.399997,26.205,19.23,33.18,426.41,2236.55,1.1606064609406532,1.1488625
1996-05-22,4.905615030105981e-14,1446.980499112423,3.3873969474211156,1.1920928955078125e-07,1.1920929e-07,4.11,4.11,14.399997,20.915,13.01,28.82,363.77,1481.11,1.092652247539621,1.1951876
1996-05-23,-2.8348129659912038e-14,1444.705151685451,2.9627487894700835,1.1920928955078125e-07,1.1920929e-07,1.1920929e-07,0.0,14.399997,18.66,9.57,27.75,523.91,1205.59,1.0208858352982395,1.0376823
1996-05-24,-2.0968383127636936e-14,1440.7687083579376,3.5288987743608224,1.1920928955078125e-07,1.1920929e-07,1.1920929e-07,0.0,14.495997,21.58,15.73,27.43,403.97,1778.24,0.9076798674722688,0.98209214
1996-05-25,-9.895925698102849e-15,1436.891961138502,2.657887840107279,1.1920928955078125e-07,1.1920929e-07,1.1920929e-07,0.0,14.495997,16.82,10.61,23.03,440.69,1288.64,0.8084670348869999,0.92650205
1996-05-26,-3.962207051786951e-15,1433.7858379259474,2.275004136335502,1.1920928955078125e-07,1.1920929e-07,0.01,0.01,14.495997,14.295,8.99,19.6,400.35,1159.34,0.7368595756457914,0.88944197
1996-05-27,-2.207495886428051e-15,1433.4700012661929,1.9031577368062422,1.1920928955078125e-07,1.1920929e-07,10.51,10.51,14.495997,11.425,8.96,13.89,158.45,1156.76,0.7299434709964024,1.1488625
1996-05-28,-9.921718936039483e-16,1438.431794509343,1.87281882243571,1.1920928955078125e-07,1.1920929e-07,8.98,8.98,14.592003,11.01,8.82,13.2,147.02,1145.27,0.8465050943109443,1.4360781
1996-05-29,-4.2112075359281916e-16,1448.112204337983,1.9426402779927598,1.1920928955078125e-07,1.1920929e-07,14.77,14.77,14.592003,11.485,9.94,13.03,111.14,1235.22,1.1302043168563407,1.5194633
1996-05-30,-2.472556308833326e-16,1451.2380426966695,1.8984474790840926,1.1920928955078125e-07,1.1920929e-07,1.1920929e-07,0.0,14.592003,11.085,3.65,18.52,525.8,800.0,1.240766890163842,1.2971028
1996-05-31,-1.4506407351852998e-16,1447.7213010664818,2.112994878800859,1.1920928955078125e-07,1.1920929e-07,1.1920929e-07,0.0,14.592003,12.835,3.69,21.98,561.98,800.1,1.117089727125093,1.0006222
1996-06-01,-8.51566335375869e-17,1444.2706577515576,2.599993231841769,1.1920928955078125e-07,1.1920929e-07,1.1920929e-07,0.0,14.592003,16.26,7.28,25.24,548.62,1022.57,1.0077273077325477,0.907972
1996-06-02,-4.386051959975375e-17,1440.7390983622026,2.7601269103016337,1.1920928955078125e-07,1.1920929e-07,1.1920929e-07,0.0,14.688,17.185,8.85,25.52,529.74,1147.71,0.9068777471642052,0.8523819
1996-06-03,2.8585834125239474e-17,1438.1159666605843,2.576187950820753,1.1920928955078125e-07,1.1920929e-07,1.1920929e-07,0.0,14.688,16.07,8.68,23.46,505.52,1134.61,0.8385600862585124,0.8153218
1996-06-04,1.229377662444722e-16,1436.3758291005008,2.8201230087212004,1.1920928955078125e-07,1.1920929e-07,5.3,5.3,14.688,17.595,10.01,25.18,379.47,1240.67,0.7961035336024973,0.8431168
1996-06-05,2.1848094769697953e-16,1435.2973143667143,2.9952190908091403,1.1920928955078125e-07,1.1920929e-07,13.98,13.98,14.688,18.62,12.0,25.24,349.34,1400.0,0.7708755701494974,1.7047638
1996-06-06,2.945010494217966e-16,1434.6590511439874,3.1120497125333,1.1920928955078125e-07,1.1920929e-07,1.1920929e-07,0.0,14.688,19.275,10.96,27.59,516.62,1316.91,0.7563238988959912,0.92650205
1996-06-07,3.3028374235795877e-16,1434.2396681170826,3.652111458521654,1.1920928955078125e-07,1.1920929e-07,1.1920929e-07,0.0,14.688,22.025,14.36,29.69,482.52,1628.67,0.746912312413107,0.8153218
1996-06-08,3.051146974445011e-16,1433.8177939707625,3.979412757041465,1.1920928955078125e-07,1.1920929e-07,1.1920929e-07,0.0,14.732102,23.475,16.37,30.58,451.7,1858.9,0.7375629805436834,0.76899666
1996-06-09,1.9435741808186014e-16,1433.222118511855,4.007724728150226,1.1920928955078125e-07,1.1920929e-07,5.97,5.97,14.783998,23.545,17.4,29.69,363.28,1983.64,0.7245608996586396,0.79679173
1996-06-10,-4.671621641040455e-17,1432.8999084649738,4.207310611202886,1.1920928955078125e-07,1.1920929e-07,3.3,3.3,14.783998,24.405,19.57,29.24,269.56,2279.2,0.717623655150521,0.8338518
1996-06-11,-3.6732191550402317e-16,1432.8536831325077,3.9680543950107645,1.1920928955078125e-07,1.1920929e-07,11.07,11.07,14.783998,23.375,18.48,28.27,263.26,2118.23,0.7166338777185334,1.0376823
1996-06-12,-6.934140487036022e-16,1432.8809726581317,3.82990877513188,1.1920928955078125e-07,1.1920929e-07,14.55,14.55,14.783998,22.755,17.38,28.13,286.13,1982.68,0.7172180362124464,1.0562123
1996-06-13,-9.509469855137486e-16,1432.7793071855203,3.7826871238505286,1.1920928955078125e-07,1.1920929e-07,0.12,0.12,14.783998,22.54,17.16,27.92,386.86,1944.8,0.7150442034697159,0.8245868
1996-06-14,-1.065875095439069e-15,1432.3462168583485,4.03044152132913,1.1920928955078125e-07,1.1920929e-07,1.1920929e-07,0.0,14.783998,23.655,17.36,29.95,425.31,1978.47,0.7058573486282735,0.7782617
1996-06-15,-9.641527479841693e-16,1431.3792318202916,4.09467605065564,1.1920928955078125e-07,1.1920929e-07,5.72,5.72,14.783998,23.945,17.5,30.39,320.54,2000.0,0.6857690717694641,0.76899666
1996-06-16,-6.272333057789782e-16,1429.1557449740073,3.9431610495510747,1.1920928955078125e-07,1.1920929e-07,1.1920929e-07,0.0,14.783998,23.31,15.24,31.38,484.92,1739.4,0.6417200274539459,0.6763465
1996-06-17,-3.7314196262368513e-16,1424.1229273797308,4.4090896655386445,1.1920928955078125e-07,1.1920929e-07,1.1920929e-07,0.0,14.783998,25.345,19.01,31.68,412.17,2202.08,0.5521845637927133,0.6392864
1996-06-18,-2.253820661862637e-16,1423.4158021015148,4.247328858092835,1.1920928955078125e-07,1.1920929e-07,10.32,10.32,14.783998,24.69,19.41,29.97,274.41,2265.8,0.5406483201969681,0.6578164
1996-06-19,-1.3613612603683458e-16,1462.3954096994332,3.8998426259878265,1.1920928955078125e-07,1.1920929e-07,71.79,71.79,14.783998,22.715,18.84,26.59,220.24,2179.08,1.7312887852556875,9.7282715
1996-06-20,-8.218667842328278e-17,1491.646980789188,4.304782955141678,1.1920928955078125e-07,1.1920929e-07,7.13,7.13,14.783998,24.1,19.92,28.28,233.79,2320.11,4.146476471200416,5.1050262
1996-06-21,-4.9677221730042644e-17,1493.2937636304366,4.182845100343621,1.1920928955078125e-07,1.1920929e-07,11.09,11.09,14.783998,23.575,18.0,29.15,298.72,2079.03,4.355452638838811,4.3174996
1996-06-22,-2.964093580581083e-17,1489.6802111704587,4.3125341396858055,1.1920928955078125e-07,1.1920929e-07,1.1920929e-07,0.0,14.783998,24.155,17.48,30.83,448.87,1996.28,3.9099913501438452,1.5935835
1996-06-23,-1.768973711644612e-17,1481.5423185297782,4.2635101689117105,1.1920928955078125e-07,1.1920929e-07,1.1920929e-07,0.0,14.783998,24.05,18.0,30.1,422.36,2070.12,3.066552979048517,1.2415127
1996-06-24,-1.0249891149461628e-17,1481.0643829072458,3.842197396480523,1.1920928955078125e-07,1.1920929e-07,11.3,11.3,14.783998,22.235,15.5,28.97,344.15,1760.02,3.0231034318842562,3.5577679
1996-06-25,-5.9918176268467804e-18,1485.280989546257,4.168701443863024,1.1920928955078125e-07,1.1920929e-07,14.13,14.13,14.783998,23.61,18.3,28.92,290.05,2107.14,3.4287072279069353,4.048814
1996-06-26,-3.0429182455852048e-18,1482.3926973143152,3.3283295276163556,1.1920928955078125e-07,1.1920929e-07,1.1920929e-07,0.0,14.783998,19.75,12.06,27.44,497.0,1405.17,3.1454114734083505,1.4175481
1996-06-27,-1.474759004843294e-18,1476.1768389025392,3.3593952629041675,1.1920928955078125e-07,1.1920929e-07,1.1920929e-07,0.0,14.783998,19.98,13.0,26.96,466.18,1480.0,2.6126152653081234,1.1766576
1996-06-28,-8.43909038473462e-19,1468.9636564473312,3.6705007722350014,1.1920928955078125e-07,1.1920929e-07,1.1920929e-07,0.0,14.783998,21.585,15.01,28.16,437.18,1720.48,2.106400731583137,1.0562123
1996-06-29,-4.398898779678116e-19,1462.9683556840066,3.8668270838035594,1.1920928955078125e-07,1.1920929e-07,1.1920929e-07,0.0,14.783998,22.56,17.78,27.34,344.69,2041.68,1.7611607412228922,0.97282714
1996-06-30,-2.552198100542815e-19,1464.192612795466,4.047908016356447,1.1920928955078125e-07,1.1920929e-07,15.47,15.47,14.783998,23.345,16.48,30.21,334.81,1866.82,1.8267290233615872,1.2044526
1996-07-01,-1.4654133507814397e-19,1469.9545875787217,4.5804598648543315,1.1920928955078125e-07,1.1920929e-07,9.34,9.34,14.783998,25.46,19.72,31.2,314.04,2298.86,2.1696543710016383,1.1488625
1996-07-02,-8.763700024170767e-20,1467.1630943499545,4.172480958122073,1.1920928955078125e-07,1.1920929e-07,1.1920929e-07,0.0,14.781217,23.845,18.55,29.14,379.09,2128.13,1.996148409676225,1.9178592
1996-07-03,-5.265691775586715e-20,1466.8343099896397,3.730149465250724,1.1920928955078125e-07,1.1920929e-07,13.01,13.01,14.689652,22.0,16.69,27.31,293.1,1894.16,1.9766484168537297,3.7708633
1996-07-04,-3.1634289791969276e-20,1467.283452340047,3.054718009985194,1.1920928955078125e-07,1.1920929e-07,1.1920929e-07,0.0,14.688,18.58,12.67,24.49,436.91,1453.78,2.0033347663234937,1.2415127
1996-07-05,-1.8797187269120883e-20,1462.4495426171172,3.1286531006871425,1.1920928955078125e-07,1.1920929e-07,1.1920929e-07,0.0,14.688,19.04,11.99,26.09,482.3,1399.47,1.7340893292695112,1.0284172
1996-07-06,-1.1122067155258281e-20,1457.4021716671978,3.4769956289922987,1.1920928955078125e-07,1.1920929e-07,1.1920929e-07,0.0,14.688,20.9,12.61,29.19,512.7,1448.86,1.4914936840766142,0.898707
1996-07-07,-6.013049785348555e-21,1452.0627209431193,3.8781362982024996,1.1920928955078125e-07,1.1920929e-07,1.1920929e-07,0.0,14.688,22.855,15.24,30.47,484.87,1739.4,1.2716978217676085,0.8245868
1996-07-08,-3.379159475558766e-21,1448.2803188776738,4.5430761748016995,1.1920928955078125e-07,1.1920929e-07,2.5,2.5,14.688,25.695,20.0,31.39,351.77,2320.0,1.1358917081146112,4.66957
1996-07-09,-2.0139713099423936e-21,1455.849322754963,4.215201431069734,1.1920928955078125e-07,1.1920929e-07,20.34,20.34,14.636108,24.335,18.07,30.6,321.36,2075.04,1.4239193254932192,3.5392377
1996-07-10,-1.2067704460780216e-21,1460.2385459459372,3.663240004181217,1.1920928955078125e-07,1.1920929e-07,1.1920929e-07,0.0,14.592003,21.88,15.16,28.6,456.69,1732.58,1.6233087393652224,1.1395975
1996-07-11,-7.236887456418733e-22,1454.9195107540495,3.1086733117838974,1.1920928955078125e-07,1.1920929e-07,1.1920929e-07,0.0,14.592003,19.13,11.55,26.71,495.18,1364.37,1.3849317347341161,0.92650205
1996-07-12,-4.335976470584591e-22,1451.1147478252392,3.356208173104238,1.1920928955078125e-07,1.1920929e-07,1.55,1.55,14.592003,20.48,14.47,26.49,412.47,1649.73,1.2362076077950923,0.8431168
1996-07-13,-2.6200026293816276e-22,1471.553481867459,3.925801088354855,1.1920928955078125e-07,1.1920929e-07,46.25,46.25,14.592003,22.95,18.45,27.45,251.46,2116.46,2.2757453683755076,11.210674
1996-07-14,-1.5828976120381925e-22,1489.0405399339254,4.458181940323517,1.1920928955078125e-07,1.1920929e-07,6.31,6.31,14.540109,25.045,19.6,30.49,309.6,2283.67,3.8360219169725207,2.5386155
1996-07-15,-9.131026128333395e-23,1487.5479937696937,4.472800059852236,1.1920928955078125e-07,1.1920929e-07,6.85,6.85,14.495997,25.175,20.94,29.41,234.62,2471.19,3.668825033173707,1.8066789
1996-07-16,-5.12352165412965e-23,1483.179479575825,4.1460516864787715,1.1920928955078125e-07,1.1920929e-07,0.08,0.08,14.495997,23.885,18.52,29.25,388.4,2123.78,3.220177380347282,1.5101982
1996-07-17,-3.0486399439111594e-23,1475.8883953755073,4.251520320661853,1.1920928955078125e-07,1.1920929e-07,1.1920929e-07,0.0,14.495997,24.415,18.57,30.26,409.97,2130.78,2.590211145708263,1.1951876
1996-07-18,-1.8186131322599538e-23,1471.9839674656566,4.209579112124731,1.1920928955078125e-07,1.1920929e-07,2.6,2.6,14.4441,24.35,19.51,29.19,312.29,2279.14,2.305185300187265,1.1025374
1996-07-19,-1.0741573227028564e-23,1484.8404112895932,4.12672134315001,1.1920928955078125e-07,1.1920929e-07,27.98,27.98,14.399997,23.9,19.86,27.94,232.22,2311.45,3.38389871820605,7.884532
1996-07-20,-6.424587277269062e-24,1497.671893910709,3.7119924587937114,1.1920928955078125e-07,1.1920929e-07,14.45,14.45,14.399997,21.9,16.13,27.67,371.07,1828.84,4.963696218324614,3.5670328
1996-07-21,-3.7856688677151064e-24,1496.6665006663427,3.1932301760585813,1.1920928955078125e-07,1.1920929e-07,1.1920929e-07,0.0,14.399997,19.33,12.59,26.07,466.23,1447.3,4.816905246044594,1.5750535
1996-07-22,-1.3157598745513142e-24,1491.5515984442457,3.568963311576197,1.1920928955078125e-07,1.1920929e-07,3.97,3.97,14.305658,21.405,16.81,26.0,264.54,1906.16,4.134684419969407,1.4546082
1996-07-23,9.764254286594042e-25,1486.101019047053,3.4038595935220877,1.1920928955078125e-07,1.1920929e-07,2.86,2.86,14.304006,20.655,15.89,25.42,300.55,1799.36,3.513693324322092,1.4175481
1996-07-24,2.4428955865277382e-24,1480.3016723139601,3.7628488271748974,1.1920928955078125e-07,1.1920929e-07,1.1920929e-07,0.0,14.304006,22.455,15.99,28.92,445.26,1799.41,2.955036291686895,1.2044526
1996-07-25,2.435659143664382e-24,1474.1404680841629,4.124681176506766,1.1920928955078125e-07,1.1920929e-07,1.1920929e-07,0.0,14.301225,24.14,18.5,29.78,399.42,2120.0,2.4584960888296807,1.0932723
1996-07-26,1.416210448400254e-24,1468.9735501341092,4.040792375824377,1.1920928955078125e-07,1.1920929e-07,3.96,3.96,14.208003,23.955,19.04,28.87,273.78,2206.79,2.107023065873209,1.1488625
1996-07-27,7.494504869611307e-25,1464.9973079075899,3.40853161364969,1.1920928955078125e-07,1.1920929e-07,1.1920929e-07,0.0,14.208003,21.04,14.65,27.43,450.77,1663.8,1.8711505695329254,1.0191522
1996-07-28,4.383226338584184e-25,1459.9137434393847,3.25331304785574,1.1920928955078125e-07,1.1920929e-07,1.1920929e-07,0.0,14.208003,20.3,13.6,27.0,465.04,1561.07,1.6076420675040244,0.898707
1996-07-29,2.62708781715526e-25,1457.2967845726857,3.489935854679122,1.1920928955078125e-07,1.1920929e-07,4.05,4.05,14.111998,21.655,17.21,26.1,259.78,1957.91,1.486807857917585,0.907972
1996-07-30,1.5695701853825244e-25,1476.6949504144443,3.369142549920699,1.1920928955078125e-07,1.1920929e-07,36.3,36.3,14.111998,20.82,16.63,25.01,252.33,1884.51,2.6533460407027283,7.235981
1996-07-31,9.426448836187653e-26,1498.9585437608996,3.573133249476813,1.1920928955078125e-07,1.1920929e-07,21.88,21.88,14.111998,21.575,18.03,25.12,218.35,2082.04,5.1580955636083425,3.9283686
1996-08-01,5.648090400269731e-26,1501.7342863830786,3.638516436069574,1.1920928955078125e-07,1.1920929e-07,2.33,2.33,14.015994,21.975,16.67,27.28,351.35,1892.7,5.603803162564873,2.1680148
1996-08-02,3.301628523989708e-26,1493.090525855065,3.5801822200127864,1.1920928955078125e-07,1.1920929e-07,1.1920929e-07,0.0,14.015994,21.795,15.58,28.01,441.51,1766.32,4.329102608758522,1.5287284
1996-08-03,1.970640283706514e-26,1490.2700173066607,3.720783368019786,1.1920928955078125e-07,1.1920929e-07,9.56,9.56,14.013214,22.5,17.86,27.14,269.5,2051.02,3.9794578117791066,2.4644954
1996-08-04,1.1727263290758474e-26,1487.6795211645624,3.510163215426097,1.1920928955078125e-07,1.1920929e-07,1.1920929e-07,0.0,13.920003,21.635,15.77,27.5,428.42,1786.86,3.6832613596487276,1.4268131
1996-08-05,6.972414841791551e-27,1480.8866824398795,3.6970918600611817,1.1920928955078125e-07,1.1920929e-07,1.1920929e-07,0.0,13.920003,22.615,15.96,29.27,457.26,1797.01,3.007105995944034,1.2229826
1996-08-06,3.994745066057225e-27,1474.025008306708,3.740378146105237,1.1920928955078125e-07,1.1920929e-07,1.1920929e-07,0.0,13.824,23.02,16.49,29.55,451.39,1876.04,2.450035272073401,1.1025374
1996-08-07,1.7002860744340985e-27,1467.0484248847938,3.7120396262751774,1.1920928955078125e-07,1.1920929e-07,1.1920929e-07,0.0,13.824,22.97,16.04,29.9,463.16,1814.03,1.9893256859364918,1.0376823
1996-08-08,4.022800217889894e-28,1461.846098786633,3.7639239993348244,1.1920928955078125e-07,1.1920929e-07,1.1920929e-07,0.0,13.824,23.275,16.89,29.66,441.14,1911.31,1.703124966604052,0.9635621
1996-08-09,1.7733808842738863e-28,1458.7683302760383,3.758758076742747,1.1920928955078125e-07,1.1920929e-07,10.75,10.75,13.727997,23.41,18.87,27.95,264.46,2178.45,1.5535906920793725,1.0284172
1996-08-10,7.749744595016493e-29,1454.0231225830582,3.095205139961779,1.1920928955078125e-07,1.1920929e-07,1.1920929e-07,0.0,13.727997,20.105,14.18,26.03,439.0,1614.43,1.3483565884082875,1.0747423
1996-08-11,1.9040824480404948e-29,1449.7180007684578,2.934112485281045,1.1920928955078125e-07,1.1920929e-07,1.1920929e-07,0.0,13.6761,19.31,12.47,26.15,475.35,1437.32,1.1857129818863728,0.898707
1996-08-12,8.080138452480979e-30,1450.9209274594402,3.0303809922718252,1.1920928955078125e-07,1.1920929e-07,8.56,8.56,13.632,19.9,15.21,24.59,280.16,1735.7,1.2290742303166897,0.99135715
1996-08-13,4.7713312773372364e-30,1474.893553976744,2.8337943030340127,1.1920928955078125e-07,1.1920929e-07,47.06,47.06,13.632,18.485,14.77,22.2,237.13,1682.3,2.514403103586349,8.227338
1996-08-14,2.8787976945016004e-30,1489.4140745061352,3.2718148161091625,1.1920928955078125e-07,1.1920929e-07,1.1920929e-07,0.0,13.535997,20.885,14.02,27.75,465.23,1601.35,3.879044492330168,2.0383043
1996-08-15,1.7379472141280674e-30,1482.1845893599198,3.542869292470284,1.1920928955078125e-07,1.1920929e-07,1.1920929e-07,0.0,13.535997,22.345,15.98,28.71,438.98,1798.01,3.125927479267095,1.4731382
1996-08-16,1.0099728256877925e-30,1478.0901633075798,3.5155243213778706,1.1920928955078125e-07,1.1920929e-07,3.03,3.03,13.44165,22.38,16.29,28.47,319.88,1846.03,2.7662143909696675,1.399018
1996-08-17,5.279021694379997e-31,1476.916514232464,3.3162537120713265,1.1920928955078125e-07,1.1920929e-07,5.4,5.4,13.439995,21.385,14.97,27.8,364.13,1711.07,2.670957302798637,1.5565234
1996-08-18,2.9924186427666167e-31,1473.8359118069254,3.493905585276112,1.1920928955078125e-07,1.1920929e-07,1.1920929e-07,0.0,13.439995,22.325,16.69,27.96,400.24,1895.48,2.4362412533677995,1.1673925
1996-08-19,1.6086329597715565e-31,1468.7798038151072,3.3705025587520185,1.1920928955078125e-07,1.1920929e-07,1.1920929e-07,0.0,13.343997,21.885,14.87,28.9,453.44,1695.68,2.0948693909771694,1.0284172
1996-08-20,8.564954950009342e-32,1463.3699235829454,3.3833683373419943,1.1920928955078125e-07,1.1920929e-07,1.1920929e-07,0.0,13.343997,22.015,15.58,28.45,431.88,1766.63,1.7824041698191615,0.95429707
1996-08-21,4.1485329709694544e-32,1458.2315917989229,3.5542466638603707,1.1920928955078125e-07,1.1920929e-07,1.1920929e-07,0.0,13.248009,23.06,17.58,28.54,384.07,2012.86,1.5288914042708193,0.92650205
1996-08-22,3.6206358216014294e-33,1453.179937641509,3.704040872185734,1.1920928955078125e-07,1.1920929e-07,0.02,0.02,13.248009,23.845,17.51,30.18,414.28,2001.76,1.314834378113454,0.92650205
1996-08-23,-1.8323768820545629e-32,1448.246633852193,3.7285096030788756,1.1920928955078125e-07,1.1920929e-07,1.1920929e-07,0.0,13.196108,24.09,16.51,31.67,451.15,1881.12,1.1347498402334686,0.8431168
1996-08-24,-1.6209253840826426e-32,1443.4018222200561,3.7109749911489214,1.1920928955078125e-07,1.1920929e-07,1.1920929e-07,0.0,13.152,24.125,17.96,30.29,401.67,2068.42,0.9819213462746288,0.80605674
1996-08-25,-7.277061487953291e-33,1438.1945635643747,3.186760808049309,1.1920928955078125e-07,1.1920929e-07,1.1920929e-07,0.0,13.152,21.53,14.32,28.74,445.97,1629.98,0.8405302836634567,0.76899666
1996-08-26,-5.802223487689154e-34,1433.9488194860576,3.1514227454294064,1.1920928955078125e-07,1.1920929e-07,1.1920929e-07,0.0,13.056,21.515,13.67,29.36,461.12,1573.52,0.7404540944788375,0.7319366
1996-08-27,2.1128099265674576e-33,1432.4759456204947,3.1719568263920985,1.1920928955078125e-07,1.1920929e-07,5.82,5.82,13.056,21.645,15.16,28.13,367.84,1732.86,0.7085967459166472,0.8431168
1996-08-28,1.2260520733424466e-33,1432.58215618047,3.0350418475775895,1.1920928955078125e-07,1.1920929e-07,1.1920929e-07,0.0,12.96,21.01,14.45,27.57,417.83,1636.36,0.7108474380214757,0.98209214
1996-08-29,3.95069028750509e-34,1429.9989036062136,3.0854807350216067,1.1920928955078125e-07,1.1920929e-07,1.1920929e-07,0.0,12.96,21.325,15.0,27.65,403.25,1720.0,0.6580804104524085,0.7782617
1996-08-30,-9.607790565012692e-35,1426.1349578952036,3.0926315422332853,1.1920928955078125e-07,1.1920929e-07,1.1920929e-07,0.0,12.864003,21.54,15.13,27.95,401.08,1727.73,0.586373825006374,0.72267157
1996-08-31,-1.227135399189982e-34,1422.4387619605398,2.9215224134189377,1.1920928955078125e-07,1.1920929e-07,1.1920929e-07,0.0,12.864003,20.605,13.21,28.0,434.89,1512.9,0.5251041201293648,0.6856115
1996-09-01,-5.048021884584413e-35,1418.905316336353,2.9469312889207036,1.1920928955078125e-07,1.1920929e-07,1.1920929e-07,0.0,12.861222,20.8,13.4,28.2,431.34,1544.58,0.47252706075391065,0.6578164
1996-09-02,2.82256401674266e-36,1415.4234635174978,3.0148992784656126,1.1920928955078125e-07,1.1920929e-07,1.1920929e-07,0.0,12.768005,21.36,13.39,29.33,440.17,1537.11,0.42586990974568306,0.6392864
1996-09-03,2.2145381773108217e-35,1412.0485431849631,3.1112035710532124,1.1920928955078125e-07,1.1920929e-07,1.1920929e-07,0.0,12.768005,21.945,15.04,28.85,402.69,1723.01,0.3850470822038274,0.6207563
1996-09-04,-3.123991153942878e-36,1408.6937921809515,3.0902633012660914,1.1920928955078125e-07,1.1920929e-07,4.88,4.88,12.672003,22.0,17.5,26.5,221.12,2000.07,0.3483471459766011,0.6300214
1996-09-05,-6.501675412774816e-35,1405.1660194928306,3.3459467806218655,1.1920928955078125e-07,1.1920929e-07,9.85,9.85,12.672003,23.43,18.86,28.0,220.75,2177.17,0.3135213188984283,3.0018666
1996-09-06,-1.5182292093441839e-34,1401.523005611361,3.2399689143338017,1.1920928955078125e-07,1.1920929e-07,26.16,26.16,12.576006,23.045,19.46,26.63,180.62,2273.92,0.2812079197036392,10.098872
1996-09-07,-2.5187646797364178e-34,1397.8274747998423,3.351586808709471,1.1920928955078125e-07,1.1920929e-07,52.91,52.91,12.576006,23.685,19.85,27.52,191.65,2308.58,0.2518297431841067,14.453431
1996-09-08,-3.535113716451063e-34,1394.1421513215744,3.2010465274127062,1.1920928955078125e-07,1.1920929e-07,1.1920929e-07,0.0,12.479998,23.06,17.09,29.03,362.66,1934.11,0.2255894875151375,2.1494846
1996-09-09,-4.450616083485002e-34,1390.5297594398576,3.2525679639669747,1.1920928955078125e-07,1.1920929e-07,1.1920929e-07,0.0,12.479998,23.385,17.32,29.45,363.31,1971.17,0.20252395879393165,1.5935835
1996-09-10,-5.148611544835115e-34,1387.0530234179917,3.206646280256837,1.1920928955078125e-07,1.1920929e-07,1.1920929e-07,0.0,12.383997,23.315,17.5,29.13,352.52,2000.0,0.18255470445085675,1.334163
1996-09-11,-5.512439864498283e-34,1383.7746675192766,3.1124589506329303,1.1920928955078125e-07,1.1920929e-07,1.1920929e-07,0.0,12.383997,22.835,18.52,27.15,280.37,2132.53,0.16553204348452538,1.2229826
1996-09-12,-5.425440806471392e-34,1380.7574160070124,2.750274680735924,1.1920928955078125e-07,1.1920929e-07,1.1920929e-07,0.0,12.287997,20.865,16.97,24.76,260.84,1917.84,0.15127142741385152,1.1488625
1996-09-13,-4.7709541347513154e-34,1378.0639931444991,2.536432460267349,1.1920928955078125e-07,1.1920929e-07,13.33,13.33,12.287997,19.515,15.03,24.0,224.78,1711.78,0.1395824671059555,1.4360781
1996-09-14,-3.4323225985911713e-34,1375.757111905241,1.9712616882315157,1.1920928955078125e-07,1.1920929e-07,1.1920929e-07,0.0,12.287997,15.33,9.5,21.16,374.92,1199.91,0.1302918290970475,1.2044526
1996-09-15,-2.009700507141974e-34,1373.0193079251703,1.8997217321803785,1.1920928955078125e-07,1.1920929e-07,1.1920929e-07,0.0,12.191998,14.885,8.3,21.47,401.86,1103.61,0.12006478548634966,1.0191522
1996-09-16,-1.163756028740213e-34,1376.107957364121,2.050537214172816,1.1920928955078125e-07,1.1920929e-07,11.44,11.44,12.191998,16.105,12.02,20.19,212.66,1401.69,0.13166387989010075,1.3248979
1996-09-17,-7.009938135867905e-35,1394.6675557462781,1.9918083854003523,1.1920928955078125e-07,1.1920929e-07,28.52,28.52,12.096,15.535,13.38,17.69,120.6,1534.87,0.2291563302904726,4.9567857
1996-09-18,-4.2244440288060016e-35,1406.9473138529863,2.1333981772740973,1.1920928955078125e-07,1.1920929e-07,2.44,2.44,12.096,16.525,12.41,20.64,236.19,1433.39,0.3306476188753628,2.1494846
1996-09-19,-2.541336838501466e-35,1405.5081778920396,2.160608030674842,1.1920928955078125e-07,1.1920929e-07,1.1920929e-07,0.0,12.000003,16.885,10.57,23.2,387.1,1285.49,0.3167407194270658,1.5472584
1996-09-20,-1.501928483693279e-35,1403.021320316202,2.0366574618269118,1.1920928955078125e-07,1.1920929e-07,1.1920929e-07,0.0,12.000003,15.935,7.75,24.12,434.45,1060.13,0.2940738642148449,1.3063679
1996-09-21,-7.517187447349268e-36,1401.5990461513547,2.0677209720664615,1.1920928955078125e-07,1.1920929e-07,1.1920929e-07,0.0,11.903997,16.335,8.03,24.64,431.5,1082.36,0.2818471042653135,1.1766576
1996-09-22,-3.260038982975856e-36,1404.2928506516255,2.2850913386145115,1.1920928955078125e-07,1.1920929e-07,11.17,11.17,11.903997,17.97,12.38,23.56,259.53,1430.68,0.3054531166349737,2.1958098
1996-09-23,-1.848054792319984e-36,1408.9724748459075,2.09063377154548,1.1920928955078125e-07,1.1920929e-07,4.29,4.29,11.808,16.565,11.49,21.64,244.64,1359.22,0.3512578011281787,1.4638731
1996-09-24,-9.408148555659982e-37,1408.2491807628244,1.8307830137725933,1.1920928955078125e-07,1.1920929e-07,1.1920929e-07,0.0,11.808,14.39,8.93,19.85,348.68,1154.42,0.3437533276774459,1.2044526
1996-09-25,-5.126255007073756e-37,1406.6495574593291,1.8110564602044141,1.1920928955078125e-07,1.1920929e-07,1.28,1.28,11.711997,14.365,8.22,20.51,374.32,1097.6,0.32772105621225683,1.1488625
1996-09-26,-2.814680559139074e-37,1404.7286399481127,1.6202078416227723,1.1920928955078125e-07,1.1920929e-07,1.1920929e-07,0.0,11.711997,12.585,6.04,19.13,389.09,923.44,0.3094535780549132,1.0284172
1996-09-27,-1.4790073992487918e-37,1402.4184498960517,2.1824794608023406,1.1920928955078125e-07,1.1920929e-07,1.1920929e-07,0.0,11.711997,17.495,12.57,22.42,313.83,1446.43,0.28882774761721675,1.0098872
1996-09-28,-6.831941297376921e-38,1400.5975028840194,2.4098211408063586,1.1920928955078125e-07,1.1920929e-07,5.26,5.26,11.616,19.325,15.92,22.73,171.79,1793.82,0.2735435061844451,1.0284172
1996-09-29,1.6444155366204019e-38,1399.8092717153504,1.9012360582838514,1.1920928955078125e-07,1.1920929e-07,11.5,11.5,11.616,15.375,9.28,21.47,273.13,1182.59,0.26718082874650595,1.5287284
1996-09-30,8.391986129909077e-38,1400.1397396628035,1.9148427730112219,1.1920928955078125e-07,1.1920929e-07,1.1920929e-07,0.0,11.520008,15.625,7.84,23.41,404.68,1066.96,0.2698301793884752,1.1025374
1996-10-01,1.1117899433926846e-37,1401.6729784237946,1.971126563856046,1.1920928955078125e-07,1.1920929e-07,1.1920929e-07,0.0,11.520008,16.085,8.0,24.17,405.52,1080.23,0.28246996003974423,0.98209214
1996-10-02,7.884912315474893e-38,1404.2834452462557,2.074324414476356,1.1920928955078125e-07,1.1920929e-07,6.93,6.93,11.423997,17.04,12.05,22.03,234.09,1403.69,0.30536734937642424,0.95429707
1996-10-03,2.1990394963733755e-38,1405.478830618461,1.790106921451737,1.1920928955078125e-07,1.1920929e-07,1.1920929e-07,0.0,11.423997,14.595,10.74,18.45,262.69,1299.19,0.3164632968339371,0.94503206
1996-10-04,-3.234077480588979e-38,1405.0321429517255,1.08528411695799,1.1920928955078125e-07,1.1920929e-07,1.1920929e-07,0.0,11.328,6.82,-0.18,13.82,394.87,599.88,0.312270586845978,0.8431168
1996-10-05,-6.865458188368874e-38,1403.6100268255227,1.1153735671708045,1.1920928955078125e-07,1.1920929e-07,1.1920929e-07,0.0,11.328,7.255,-0.01,14.52,394.99,604.06,0.29928867086473376,0.8245868
1996-10-06,-7.146122199922995e-38,1401.8791268193258,1.232799512725558,1.1920928955078125e-07,1.1920929e-07,1.1920929e-07,0.0,11.232,8.955,1.41,16.5,392.12,672.83,0.28421397385609976,0.8153218
1996-10-07,-4.378018006398419e-38,1402.7090477648967,1.3711350151668538,1.1920928955078125e-07,1.1920929e-07,1.1920929e-07,0.0,11.232,10.615,2.23,19.0,398.05,720.0,0.2913447130065231,0.80605674
1996-10-08,-2.4786647283902604e-38,1411.8116656770162,1.59160297856943,1.1920928955078125e-07,1.1920929e-07,19.03,19.03,11.138781,13.025,8.41,17.64,209.37,1112.85,0.38233337378207,2.1865447
1996-10-09,-1.4603479673670783e-38,1425.0264570457355,1.6090903321212633,1.1920928955078125e-07,1.1920929e-07,12.42,12.42,11.136,13.055,7.2,18.91,244.87,1015.9,0.5672839183120312,2.696121
1996-10-10,-8.268195566556315e-39,1432.0130982919586,1.6049868720184997,1.1920928955078125e-07,1.1920929e-07,6.04,6.04,11.136,12.935,8.26,17.61,209.44,1100.71,0.6988715156493513,1.4546082
1996-10-11,1.115688999319345e-38,1434.0841255411397,1.1607208094813277,1.1920928955078125e-07,1.1920929e-07,1.1920929e-07,0.0,11.04,7.935,2.02,13.85,331.98,720.0,0.7434515542469272,1.1581275
1996-10-12,8.078938475886327e-38,1435.6975016747494,1.1032133045887713,1.1920928955078125e-07,1.1920929e-07,1.1920929e-07,0.0,11.04,7.135,-1.25,15.52,384.69,560.0,0.7801418465734534,1.0376823
1996-10-13,1.945086161754404e-37,1437.0645663385067,1.4849147047320557,1.1920928955078125e-07,1.1920929e-07,1.1920929e-07,0.0,10.944003,11.91,3.35,20.47,374.27,784.23,0.8126443400279971,1.0006222
1996-10-14,3.4418948015120115e-37,1438.189506891049,1.9778413325445297,1.1920928955078125e-07,1.1920929e-07,1.1920929e-07,0.0,10.944003,16.565,9.7,23.43,325.78,1215.8,0.840403388255211,0.95429707
1996-10-15,5.2170687259442205e-37,1439.0765106910135,1.5736303741014122,1.1920928955078125e-07,1.1920929e-07,1.1920929e-07,0.0,10.848002,12.96,3.54,22.38,375.41,797.63,0.8629581038221616,0.898707
1996-10-16,7.189356894133796e-37,1439.729765097038,1.7718892873854548,1.1920928955078125e-07,1.1920929e-07,1.1920929e-07,0.0,10.848002,14.88,5.82,23.94,361.17,922.09,0.8799552025931207,0.8801769
1996-10-17,9.2775082651635e-37,1440.1534574677596,2.0618726395584095,1.1920928955078125e-07,1.1920929e-07,1.1920929e-07,0.0,10.803894,17.45,9.41,25.49,331.48,1192.77,0.8911578734078561,0.8616469
1996-10-18,1.1400271798116098e-36,1440.351775161816,1.9489960758937723,1.1920928955078125e-07,1.1920929e-07,7.89,7.89,10.752,16.59,10.27,22.91,241.61,1261.55,0.8964503992112385,2.0475695
1996-10-19,1.3476396452074353e-36,1440.3289055378445,1.2863172257379578,1.1920928955078125e-07,1.1920929e-07,61.21,61.21,10.752,9.88,4.16,15.6,207.77,820.25,0.895838475264291,18.62269
1996-10-20,1.542463118612103e-36,1440.0890359544826,1.1012382435531523,1.1920928955078125e-07,1.1920929e-07,5.21,5.21,10.655997,7.605,5.34,9.87,95.38,896.15,0.889445382065139,4.3638244
1996-10-21,1.716372495933889e-36,1439.6363537703678,1.2204774078925547,1.1920928955078125e-07,1.1920929e-07,2.74,2.74,10.655997,9.205,4.49,13.92,199.69,840.16,0.8775043621772425,3.0481915
1996-10-22,1.8612426730810704e-36,1438.9750463441374,1.3481643961781309,1.1920928955078125e-07,1.1920929e-07,3.28,3.28,10.559998,10.92,7.31,14.53,144.34,1024.69,0.8603477106876849,2.5664105
1996-10-23,1.9689485459619232e-36,1438.1093010344289,1.5432147298068872,1.1920928955078125e-07,1.1920929e-07,1.0,1.0,10.559998,13.09,7.96,18.22,251.57,1076.82,0.8383932108461379,2.1124246
1996-10-24,2.0313650104847236e-36,1437.0433051998798,1.5195108535968287,1.1920928955078125e-07,1.1920929e-07,1.1920929e-07,0.0,10.558345,12.855,7.0,18.71,273.72,1000.03,0.8121286251959389,1.8715341
1996-10-25,2.0403669625577487e-36,1435.7812461991273,1.3964707389037911,1.1920928955078125e-07,1.1920929e-07,1.1920929e-07,0.0,10.464,11.66,5.88,17.44,270.56,920.42,0.782094987140506,1.6399086
1996-10-26,1.987829298089274e-36,1434.3273113908092,1.6073828952464615,1.1920928955078125e-07,1.1920929e-07,1.1920929e-07,0.0,10.464,13.94,7.38,20.5,286.82,1030.5,0.7488694303836421,1.5101982
1996-10-27,1.8656269129875748e-36,1432.6856881335627,1.785481772463718,1.1920928955078125e-07,1.1920929e-07,1.1920929e-07,0.0,10.367997,15.83,10.71,20.95,236.84,1297.07,0.7130482486192794,1.4268131
1996-10-28,1.6656347031609316e-36,1430.8605637860255,1.8451853220174566,1.1920928955078125e-07,1.1920929e-07,2.13,2.13,10.367997,16.395,12.64,20.15,152.04,1451.35,0.675230801765183,1.4453431
1996-10-29,1.3797275645176173e-36,1428.8561257068347,1.2405547504151402,1.1920928955078125e-07,1.1920929e-07,1.1920929e-07,0.0,10.323892,10.075,2.6,17.55,304.15,727.79,0.636004785735234,1.4082831
1996-10-30,9.99780392965909e-37,1426.676561254628,1.6595503180075881,1.1920928955078125e-07,1.1920929e-07,1.1920929e-07,0.0,10.272,14.85,6.48,23.22,308.01,958.72,0.5959332685759142,1.2971028
1996-10-31,5.442042254134596e-37,1424.620877620702,1.7340920844112973,1.1920928955078125e-07,1.1920929e-07,1.1920929e-07,0.0,10.272,15.595,8.76,22.43,275.69,1140.62,0.56045566122745,1.2229826
1996-11-01,1.2108313247682187e-37,1423.1693240611023,1.2128943640810768,1.1920928955078125e-07,1.1920929e-07,0.95,0.95,10.176,10.01,4.49,15.53,246.8,844.0,0.5366841121405784,1.1581275
1996-11-02,-1.6667212571083696e-37,1422.033420418951,0.8785134377638986,1.1920928955078125e-07,1.1920929e-07,1.1920929e-07,0.0,10.176,5.055,2.13,7.98,147.37,713.15,0.5187872556947167,1.1303325
1996-11-03,-2.173279089383027e-37,1420.8995270735197,0.7424105833472968,1.1920928955078125e-07,1.1920929e-07,1.1920929e-07,0.0,10.176,2.555,-2.82,7.93,247.57,496.45,0.5015173093041027,1.0747423
1996-11-04,-1.0817127395779526e-37,1419.6500727086934,0.7985132598117476,1.1920928955078125e-07,1.1920929e-07,1.1920929e-07,0.0,10.079997,3.79,-3.81,11.39,298.24,454.39,0.4831523063058552,1.0376823
1996-11-05,-1.1820375850892452e-38,1418.3130422599036,1.046439192609292,1.1920928955078125e-07,1.1920929e-07,1.1920929e-07,0.0,10.079997,7.91,0.55,15.27,286.7,636.42,0.464244293809009,1.0284172
1996-11-06,4.742561268363127e-38,1416.7756419778812,1.1464982093223417,1.1920928955078125e-07,1.1920929e-07,1.1920929e-07,0.0,10.035892,9.415,3.34,15.49,255.15,783.15,0.44341549455453994,1.0098872
1996-11-07,4.686867560390573e-38,1415.4788139963614,1.6334076326571354,1.1920928955078125e-07,1.1920929e-07,1.1920929e-07,0.0,9.983997,15.185,10.45,19.92,204.14,1275.82,0.4265743070505507,1.0191522
1996-11-08,2.80919485380662e-38,1432.8651628440296,1.7479089511847103,1.1920928955078125e-07,1.1920929e-07,33.46,33.46,9.983997,16.1,11.29,20.91,152.68,1343.34,0.7168795539661093,6.5411043
1996-11-09,1.687683333676117e-38,1459.6782561376217,1.1217205215096462,1.1920928955078125e-07,1.1920929e-07,23.18,23.18,9.888,8.84,3.61,14.07,169.08,796.07,1.596378100265692,9.7282715
1996-11-10,7.6928657198691e-12,1470.5688341386854,0.8103116226134212,1.1920928955078125e-07,1.1920929e-07,4.74,4.74,9.888,3.77,-1.12,8.66,163.91,562.51,2.2098133182670767,3.1686368
1996-11-11,2.5196262394169438e-11,1469.2963769450562,0.6590411908796581,1.1920928955078125e-07,1.1920929e-07,1.1920929e-07,0.0,9.888,0.74,-3.73,5.21,207.59,462.3,2.1274307662227803,2.223605
1996-11-12,1.6211415583891515e-11,1466.5846485002921,0.6269748838145593,1.1920928955078125e-07,1.1920929e-07,1.1920929e-07,0.0,9.792,0.185,-4.62,4.99,220.46,437.95,1.961968495782108,1.862269
1996-11-13,0.034294837328417385,1464.0602460311056,0.5748128492645384,1.1920928955078125e-07,1.1920929e-07,1.1920929e-07,0.0,9.792,-1.04,-5.96,3.88,225.4,394.0,1.8195236650397286,1.6769687
1996-11-14,0.08436823820932624,1462.5466954610629,0.6022847337082343,1.1920928955078125e-07,0.0012637656,1.7787361,1.78,9.792,-0.355,-3.4,2.69,155.12,478.49,1.7391268571545324,1.5935835
1996-11-15,0.3138473275063295,1460.934517381485,0.5314914601920219,1.1920928955078125e-07,1.1920929e-07,1.1920929e-07,0.0,9.698783,-1.99,-7.5,3.52,246.88,360.0,1.6573945141545878,1.4731382
1996-11-16,0.31360619766778075,1458.7912149563454,0.5623914459705549,1.1920928955078125e-07,1.1920929e-07,1.1920929e-07,0.0,9.696003,-1.16,-8.32,6.0,278.5,320.0,1.5546526083433405,1.380488
1996-11-17,0.2124472764493584,1456.7703218773215,0.6715614093531951,0.18977029175703677,1.1920929e-07,1.1920929e-07,0.0,9.696003,1.425,-6.81,9.66,287.41,360.0,1.4636192867689706,1.3434279
1996-11-18,0.08777823228930046,1454.7607451627125,0.8062816642184585,0.06200324749920629,1.1920929e-07,0.01,0.01,9.696003,4.15,-1.73,10.03,244.39,540.67,1.3783821129986298,1.3434279
1996-11-19,0.038516478182927284,1453.2910349453844,0.9349799782995679,0.02292185636108194,1.1920929e-07,1.0,1.0,9.6,6.555,2.68,10.43,177.89,734.2,1.3192031111458273,1.334163
1996-11-20,0.019623360860079896,1451.7494426672274,0.8014490521818712,0.01077129376363132,1.1920929e-07,1.1920929e-07,0.0,9.6,4.24,0.45,8.03,176.5,629.87,1.2598580029804751,1.2507777
1996-11-21,0.007877175843938163,1449.975231100235,0.6206526457127642,0.004049934147102774,1.1920929e-07,1.1920929e-07,0.0,9.6,0.49,-4.86,5.84,226.81,440.0,1.1948547672811531,1.1951876
1996-11-22,0.002774061223956569,1448.1451366134565,0.679850608357483,0.0014062679175209,1.1920929e-07,1.1920929e-07,0.0,9.555897,1.905,-2.4,6.21,193.35,519.67,1.131316183410946,1.1581275
1996-11-23,0.0014896847316698287,1446.3685128209877,0.6540099504992081,0.0007503895385648975,1.1920929e-07,1.1920929e-07,0.0,9.504003,1.435,-4.61,7.48,239.94,440.0,1.0728678756318635,1.1118025
1996-11-24,0.0006035657845967404,1444.6160046446523,0.749595096194028,0.0003026936186744614,1.1920929e-07,1.1920929e-07,0.0,9.504003,3.465,-1.15,8.08,200.21,561.21,1.0181721050539536,1.0932723
1996-11-25,0.0002611964528913724,1443.0834204213259,0.8504738989334366,0.00013076878531622597,1.1920929e-07,1.1920929e-07,0.0,9.504003,5.375,0.04,10.71,218.2,603.04,0.9726306150725628,1.0747423
1996-11-26,0.00015760683856804264,1459.1410652609545,0.9504728447888143,7.886551906007525e-05,1.1920929e-07,35.88,35.88,9.459894,6.97,2.59,11.35,141.11,737.14,1.570977349405145,10.654773
1996-11-27,9.570302088795155e-05,1472.965834685931,0.6521288943319836,4.787420836514953e-05,1.1920929e-07,1.1920929e-07,0.0,9.408,1.275,-3.05,5.6,189.39,489.87,2.373765792244327,2.5571456
1996-11-28,8.703262364156534e-05,1470.3937082676039,0.43159724004162126,1.1920928955078125e-07,1.1920929e-07,1.1920929e-07,0.0,9.408,-4.575,-8.56,-0.59,182.46,320.0,2.1982885718948046,1.843739
1996-11-29,-0.00039877626489811515,1467.8122605047693,0.5286623411231324,1.1920928955078125e-07,1.1920929e-07,1.1920929e-07,0.0,9.408,-1.7,-7.05,3.65,223.5,360.0,2.0352167392731397,1.6677036
1996-11-30,0.07661036552938487,1465.6369422086245,0.5796871242122899,1.1920928955078125e-07,0.0008807158,1.1791192,1.18,9.408,-0.36,-4.5,3.78,187.83,440.0,1.9072295809615722,1.5565234
1996-12-01,0.04797341750744982,1477.658326115031,1.0055853851220802,0.029632465292115506,1.1920929e-07,29.51,29.51,9.363897,7.8,1.91,13.69,169.48,708.05,2.730776369471539,6.031528
1996-12-02,0.02574699412664552,1499.9861851307571,1.026355063062585,0.014521671477368086,1.1920929e-07,22.21,22.21,9.311997,7.97,2.05,13.89,167.86,719.88,5.318816043890629,12.229827
1996-12-03,0.014498772087586242,1502.1505567051768,0.69946924066654,0.007774003328206819,1.1920929e-07,1.1920929e-07,0.0,9.311997,2.165,-4.18,8.51,235.2,440.42,5.673887418424394,3.5485027
1996-12-04,0.008426720506258707,1496.1123174319023,0.8076023899195721,0.004390779324607432,1.1920929e-07,1.1920929e-07,0.0,9.311997,4.36,0.26,8.46,178.78,621.16,4.737856719437759,2.733181
1996-12-05,0.004964658429553103,1491.7784541105625,0.62668710460641,0.002538931582934162,1.1920929e-07,1.1920929e-07,0.0,9.311997,0.66,-4.3,5.62,208.03,440.43,4.16278557005594,2.297725
1996-12-06,0.002931109615367336,1499.970921482632,0.689955916575584,0.0014870317790045301,1.1920929e-07,23.56,23.56,9.311997,1.985,-1.12,5.09,109.11,560.0,5.316392589865026,4.530595
1996-12-07,0.0017447765798472474,1509.0454508706905,0.6517188179774317,0.0008799684977839513,1.1920929e-07,9.78,9.78,9.310348,1.065,-2.0,4.13,109.16,520.0,6.970884442695777,6.1149135
1996-12-08,0.001040875743061132,1509.4106452100368,0.6875817412345758,0.0005231464028578156,1.1920929e-07,6.92,6.92,9.2187805,1.99,-3.16,7.14,158.92,480.64,7.047310642784577,5.420037
1996-12-09,0.0006120726405572265,1505.203138951133,0.664742746116607,0.00030697280816291314,1.1920929e-07,1.1920929e-07,0.0,9.216,1.54,-3.15,6.23,200.41,485.3,6.215327604330955,3.3354073
1996-12-10,0.000362286831804118,1498.656014133026,0.6351992835489535,0.0001814498036549972,1.1920929e-07,1.1920929e-07,0.0,9.216,0.94,-3.21,5.09,184.53,482.82,5.111712681815482,2.6775908
1996-12-11,0.00021410450107471434,1494.8176592558818,0.6952246364325623,0.0001071668523370297,1.1920929e-07,3.48,3.48,9.216,2.3,-0.16,4.76,89.56,600.0,4.5582053665122135,2.5015554
1996-12-12,0.00012888464380822118,1493.5506186591313,0.8276489302770144,6.44838500268859e-05,1.1920929e-07,4.29,4.29,9.216,4.91,1.96,7.86,104.55,716.61,4.388983769744166,2.316255
1996-12-13,7.778511731385449e-05,1517.329159435789,0.9581929254626939,3.890768496735339e-05,1.1920929e-07,49.83,49.83,9.216,6.895,4.43,9.36,89.1,834.63,8.926968982555719,19.827143
1996-12-14,4.6950247252395996e-05,1535.3956902297682,0.8099263687649123,2.3480634440389424e-05,1.1920929e-07,14.88,14.88,9.216,4.17,1.96,6.38,85.45,709.69,15.310012716720529,11.303325
1996-12-15,2.7909886259392405e-05,1527.3755033318369,0.7212890544562031,1.3956890534061091e-05,1.1920929e-07,1.1920929e-07,0.0,9.216,2.525,-1.62,6.67,187.88,550.6,12.049708357437591,4.66957
1996-12-16,1.6623606839606655e-05,1516.9865464914467,0.8079993521879559,8.31249428056263e-06,1.1920929e-07,1.59,1.59,9.216,4.315,2.39,6.24,99.25,722.02,8.836113998257549,3.724538
1996-12-17,9.79223033276072e-06,1510.8371284046525,0.881859918270625,4.8963548858173935e-06,1.1920929e-07,3.57,3.57,9.216,5.695,3.46,7.93,88.14,792.28,7.3539529297660895,3.3632023
1996-12-18,5.913247244434498e-06,1505.0235347186233,0.8813670556716329,2.9567110384496576e-06,1.1920929e-07,1.1920929e-07,0.0,9.216,5.745,3.23,8.26,133.23,777.84,6.182086376038029,2.9462764
1996-12-19,3.585232605556316e-06,1503.1016352617012,0.6786991767655455,1.7926484375102442e-06,1.1920929e-07,9.17,9.17,9.216,1.865,-2.2,5.93,147.07,521.8,5.837319953562683,3.8079233
1996-12-20,1.6546970529180127,1500.0586394443737,0.4045641090219904,1.1920928955078125e-07,0.72,1.1920929e-07,0.72,9.216,-5.46,-10.07,-0.85,207.36,283.12,5.330334903719667,2.770241
1996-12-21,1.930598647975355,1494.7730284932509,0.3572855862906364,1.1920928955078125e-07,1.1920929e-07,1.1920929e-07,0.0,9.216,-7.11,-13.06,-1.16,249.4,225.18,4.552135218372473,2.2328699
1996-12-22,1.9302845474988513,1490.1289584711365,0.4598462535939166,1.1920928955078125e-07,1.1920929e-07,1.1920929e-07,0.0,9.216,-3.59,-8.96,1.78,237.14,316.38,3.9627326478515004,2.1216896
1996-12-23,1.336496936249196,1486.4132316767395,0.693195037223431,1.336494839073379,1.1920929e-07,1.1920929e-07,0.0,9.216,2.34,-3.02,7.7,233.53,480.62,3.546601255253119,2.223605
1996-12-24,0.4868716701363974,1485.987733384717,0.9085034101667747,0.48315945035040936,1.1920929e-07,5.78,5.78,9.216,6.4,0.94,11.86,169.15,643.52,3.501828400856933,2.6497958
1996-12-25,0.18364483601672954,1485.8486997053676,0.6974113354852522,0.1583988350700201,1.1920929e-07,1.86,1.86,9.216,2.435,-4.13,9.0,215.59,444.98,3.487321515411905,2.8721561
1996-12-26,0.17848035277499874,1482.6644509862344,0.4972236103785395,1.1920928955078125e-07,1.1920929e-07,1.1920929e-07,0.0,9.216,-2.42,-6.86,2.02,208.64,363.21,3.1710372150895885,2.0660994
1996-12-27,0.13155633524651728,1479.1281553250667,0.696613984283155,0.10372462123827192,1.1920929e-07,1.1920929e-07,0.0,9.216,2.485,-3.42,8.39,235.97,479.57,2.853288203868962,2.0475695
1996-12-28,0.06311369782500773,1475.7250131296248,0.7891740933059193,0.04119729104162817,1.1920929e-07,1.1920929e-07,0.0,9.216,4.375,-0.19,8.94,206.3,602.27,2.577606182353629,1.9827143
1996-12-29,0.03321217074050638,1473.9415471049995,1.0679672584081397,0.019338634360440927,1.1920929e-07,3.94,3.94,9.216,9.02,4.94,13.1,141.87,874.94,2.4439374270252174,1.9919794
1996-12-30,0.017622618325423566,1471.8188529386596,1.0477688185698992,0.009585697794530683,1.1920929e-07,1.1920929e-07,0.0,9.216,8.745,4.05,13.44,206.98,819.08,2.2938487357216144,1.9085941
1996-12-31,0.010204409053692793,1469.7780180210586,1.0554279665635105,0.005362303775299701,1.1920929e-07,1.97,1.97,9.216,8.88,4.49,13.27,174.43,847.01,2.158246029475356,1.7696189
1997-01-01,0.010098553557473673,1467.8058479016236,0.5209726303595429,1.1920928955078125e-07,1.1920929e-07,1.1920929e-07,0.0,9.216,-1.615,-6.91,3.68,213.75,363.04,2.034827098960965,1.6584386
1997-01-02,0.009258286016826834,1465.2927214403549,0.6601572343271197,0.004843279433896859,1.1920929e-07,1.1920929e-07,0.0,9.267895,1.75,-4.56,8.06,233.08,438.33,1.8877279649150964,1.6584386
1997-01-03,0.0054505999738839045,1462.5297937612136,1.235242995100357,0.0027995542045276896,1.1920929e-07,1.1920929e-07,0.0,9.311997,11.27,5.64,16.9,211.51,920.0,1.7382494271188083,1.6677036
1997-01-04,0.002987534088361481,1459.644265539224,1.373099665854,0.0015160787845256204,1.1920929e-07,1.1920929e-07,0.0,9.311997,12.995,8.36,17.63,185.9,1109.08,1.594758772962666,1.5935835
1997-01-05,0.0005758752338229801,1457.2105192983076,1.335494500227035,0.0002887666953325749,1.1920929e-07,2.11,2.11,9.311997,12.575,6.83,18.32,206.77,987.15,1.4829832044066291,1.5935835
1997-01-06,-0.0013598396085011339,1455.1252010512653,1.1244126140257944,1.1920928955078125e-07,1.1920929e-07,1.1920929e-07,0.0,9.311997,9.865,3.53,16.2,229.35,791.24,1.3934634606103367,1.5101982
1997-01-07,-0.00225910163878436,1453.2392826157468,0.6748566083511337,1.1920928955078125e-07,1.1920929e-07,1.1920929e-07,0.0,9.311997,2.125,-3.8,8.05,231.08,458.54,1.31716622617825,1.389753
1997-01-08,-0.002091950970144116,1451.4319189491387,0.49706130083183836,1.1920928955078125e-07,1.1920929e-07,1.1920929e-07,0.0,9.311997,-2.27,-7.09,2.55,209.04,357.91,1.2479702126689765,1.3063679
1997-01-09,4.486423453957379,1449.7215898687914,0.5015939809217295,1.1920928955078125e-07,8.939939,6.0480234e-05,8.94,9.408,-2.27,-5.18,0.64,106.21,422.04,1.185840053596104,1.371223
1997-01-10,9.875741189608718,1448.7408861869476,0.5478304156006749,1.1920928955078125e-07,0.99806815,2.1119318,3.11,9.408,-1.005,-4.19,2.18,134.83,447.04,1.1516199439689747,1.4360781
1997-01-11,12.557265237175493,1447.4311836456911,0.45191904995534093,1.1920928955078125e-07,2.78,1.1920929e-07,2.78,9.408,-3.715,-8.59,1.16,192.32,317.51,1.107454928242791,1.371223
1997-01-12,13.778686282838864,1445.9690839347809,0.3233979668863533,1.1920928955078125e-07,1.1920929e-07,1.1920929e-07,0.0,9.408,-8.285,-12.43,-4.14,213.21,238.93,1.0601486993871228,1.2044526
1997-01-13,13.780521662969715,1444.605192570327,0.33570018327678497,1.1920928955078125e-07,1.1920929e-07,1.1920929e-07,0.0,9.408,-7.77,-11.76,-3.78,208.31,244.38,1.017843464959461,1.1118025
1997-01-14,13.780521662969715,1443.2533906531673,0.3737087910141009,1.1920928955078125e-07,1.1920929e-07,1.1920929e-07,0.0,9.504003,-6.44,-11.45,-1.43,245.16,244.07,0.9775792305890041,1.0376823
1997-01-15,13.769454122426046,1441.9026195054064,0.4126852747834094,1.1920928955078125e-07,1.1920929e-07,1.1920929e-07,0.0,9.504003,-5.065,-12.85,2.72,301.16,240.0,0.9389366808570068,1.0840074
1997-01-16,15.43368742752965,1443.384703484116,0.589655463955133,1.1920928955078125e-07,0.00027872203,9.159721,9.16,9.504003,-0.04,-5.02,4.94,182.52,433.2,0.98141958419436,1.2507777
1997-01-17,18.028835972901973,1443.8832154450247,0.3497879613064238,1.1920928955078125e-07,1.1920929e-07,1.1920929e-07,0.0,9.504003,-7.345,-15.19,0.5,307.07,194.68,0.9961368414760532,1.5194633
1997-01-18,18.030231460058037,1442.6127583274185,0.24875267012034488,1.1920928955078125e-07,1.1920929e-07,1.1920929e-07,0.0,9.6,-11.985,-15.13,-8.84,179.1,197.93,0.959057810804578,1.1859226
1997-01-19,18.030231460058037,1441.438861446472,0.24436907470831828,1.1920928955078125e-07,1.1920929e-07,1.1920929e-07,0.0,9.6,-12.205,-18.16,-6.25,282.23,158.62,0.9260249381817236,1.0191522
1997-01-20,18.030231247372758,1440.2092072743994,0.4127610973907546,1.1920928955078125e-07,1.1920929e-07,1.1920929e-07,0.0,9.6,-5.185,-12.86,2.49,310.72,239.1,0.8926425092842567,0.92650205
1997-01-21,18.025410825963267,1438.843842082945,0.572652496300165,1.1920928955078125e-07,1.1920929e-07,1.1920929e-07,0.0,9.602783,-0.565,-6.18,5.05,272.57,384.83,0.8569838966313816,1.0191522
1997-01-22,12.826583856286792,1442.96850073329,0.6658814408027828,12.82657315295115,1.1920929e-07,1.01,1.01,9.696003,1.44,-4.17,7.05,272.43,440.23,0.9692989761661717,1.4175481
1997-01-23,4.7044903984768744,1450.7034306684768,0.9062509741151902,4.7044903984768744,1.1920929e-07,2.0,2.0,9.696003,5.955,1.56,10.35,214.04,685.19,1.22111846431146,1.7325587
1997-01-24,1.7841068435599594,1453.9422264598973,0.6125044449319862,0.5337831582682785,1.7509461e-05,2.7199826,2.72,9.696003,0.115,-5.3,5.53,216.2,417.5,1.3451037049141092,1.9085941
1997-01-25,0.7036144595338771,1461.4649064003108,0.7886989614686496,0.7029961667394063,1.1920929e-07,14.38,14.38,9.792,3.605,-0.19,7.4,145.76,603.38,1.6838505156557289,4.6139803
1997-01-26,0.3775796458513688,1466.8323178133649,0.5732908500976439,1.1920928955078125e-07,1.1920929e-07,1.1920929e-07,0.0,9.792,-1.105,-5.77,3.56,232.32,398.55,1.9765308446373773,1.6491736
1997-01-27,-0.46960333341529836,1464.3724544914965,0.5409015993934553,1.1920928955078125e-07,1.1920929e-07,1.1920929e-07,0.0,9.792,-1.91,-5.58,1.76,196.53,407.93,1.836564411126905,1.3156328
1997-01-28,-0.07808137805578023,1469.614155285529,0.7204979310138555,1.1920928955078125e-07,1.1920929e-07,15.44,15.44,9.888,2.04,-2.39,6.47,169.08,514.39,2.147712362194077,3.9191036
1997-01-29,0.397997352171931,1473.824417035257,0.5286134391825432,1.1920928955078125e-07,1.1920929e-07,1.1920929e-07,0.0,9.888,-2.465,-7.29,2.36,245.06,353.99,2.435405252851692,1.7788839
1997-01-30,0.3979973845739427,1470.99560033627,0.49263760855379335,1.1920928955078125e-07,1.1920929e-07,1.1920929e-07,0.0,9.888,-3.43,-8.63,1.77,259.56,319.68,2.2381517582629407,1.399018
1997-01-31,0.41470896695674286,1468.2736175387436,0.6294624805183063,1.1920928955078125e-07,1.1920929e-07,1.1920929e-07,0.0,9.983997,-0.055,-4.53,4.42,236.46,439.67,2.0634462219369607,1.361958
1997-02-01,0.16356439210591547,1465.805249403649,0.8284630444097215,0.1368938003898766,1.1920929e-07,1.1920929e-07,0.0,9.983997,4.005,-0.95,8.96,252.87,564.4,1.9168381292011616,1.361958
1997-02-02,0.06999124673177819,1463.2608781660283,0.762141594516847,0.0467659368762847,1.1920929e-07,1.1920929e-07,0.0,9.983997,2.79,-3.0,8.58,280.07,480.0,1.7766103201438026,1.2971028
1997-02-03,0.034437175298855746,1460.601487226498,0.9336936145075856,0.020154428527946907,1.1920929e-07,1.1920929e-07,0.0,10.079997,5.715,0.41,11.02,265.79,633.16,1.6409956998684976,1.2971028
1997-02-04,0.01618785910865525,1459.0729821990903,0.7528650903446308,0.008747619655455157,1.1920929e-07,2.6,2.6,10.079997,2.51,-2.05,7.07,210.01,521.77,1.5677870746743592,1.361958
1997-02-05,0.008935986027399577,1462.269727098097,0.8558595305860461,0.0046674898954491085,1.1920929e-07,11.42,11.42,10.079997,4.385,0.94,7.83,152.17,642.35,1.7248040763217416,3.1037817
1997-02-06,0.004911167763026193,1464.5332108396933,0.809569900771151,0.0025158706865604672,1.1920929e-07,1.1920929e-07,0.0,10.176,3.39,0.04,6.74,203.98,611.54,1.8454008528673158,1.9085941
1997-02-07,0.0029177551324637975,1461.7463696171028,0.6796413316273919,0.0014797007037026238,1.1920929e-07,1.1920929e-07,0.0,10.176,0.845,-3.53,5.22,255.12,471.16,1.6980610947668766,1.5750535
1997-02-08,0.0015384801598063113,1463.459338479973,0.6534848129009295,0.0005477618010476408,4.3634176e-05,7.469956,7.47,10.270348,0.125,-3.26,3.51,158.98,481.1,1.7871690979715886,1.5379933
1997-02-09,3.8312260174931,1463.9459803262102,0.522919152164853,1.1920928955078125e-07,5.24,1.5616416e-07,5.24,10.272,-3.06,-7.98,1.86,234.58,324.67,1.8133264951734744,1.4916682
1997-02-10,6.09684076355745,1461.6890196983068,0.4991739767399823,1.1920928955078125e-07,1.1920929e-07,1.1920929e-07,0.0,10.272,-3.69,-8.76,1.38,321.93,320.0,1.6951559032438042,1.361958
1997-02-11,6.096797193588715,1459.5156685111167,0.5394506643990267,1.1920928955078125e-07,1.1920929e-07,1.1920929e-07,0.0,10.367997,-2.71,-6.93,1.51,287.96,360.0,1.5886472019997842,1.2971028
1997-02-12,6.096809607615982,1457.3858221226621,0.602893682272501,1.1920928955078125e-07,1.1920929e-07,1.1920929e-07,0.0,10.367997,-1.11,-5.5,3.28,297.08,401.89,1.4907657676720751,1.2600428
1997-02-13,6.0961658572979935,1455.3692829619963,0.5348879196984083,1.1920928955078125e-07,1.1920929e-07,1.1920929e-07,0.0,10.419894,-2.86,-8.31,2.59,343.48,321.9,1.4036558285622645,1.2044526
1997-02-14,11.920739178423785,1453.4564241051783,0.5773590097047401,1.1920928955078125e-07,11.313087,0.0069118785,11.32,10.464,-1.82,-6.23,2.59,232.41,380.42,1.325733693213183,1.361958
1997-02-15,9.184955829767247,1461.3205000018359,0.775355098909526,9.184955829767247,1.1920929e-07,2.88,2.88,10.464,2.37,-0.69,5.43,189.31,582.88,1.6766059147455443,2.0475695
1997-02-16,4.813479472756776,1464.3055604763265,0.6274029499993794,1.1920928955078125e-07,1.1920929e-07,1.1920929e-07,0.0,10.559998,-0.87,-6.5,4.76,368.01,360.0,1.8328998647935992,2.1309547
1997-02-17,4.903695340820183,1461.953124598749,0.6391815664981807,1.1920928955078125e-07,0.0013391912,0.1986608,0.2,10.559998,-0.58,-4.3,3.14,284.16,440.12,1.7085761346602004,1.7325587
1997-02-18,2.1104965342937465,1462.3229099022403,0.9681926163564101,2.11049653285291,1.1920929e-07,1.1920929e-07,0.0,10.655997,5.405,-3.5,14.31,419.83,480.0,1.7275451221184677,1.6769687
1997-02-19,0.7702712377110039,1460.7937863236289,1.3827920038826147,0.7699235397715454,1.1920929e-07,1.1920929e-07,0.0,10.655997,10.94,3.58,18.3,392.37,798.53,1.6504448445724553,1.7881489
1997-02-20,0.2831415919765982,1458.3581006953032,1.2351623275228782,0.26738477930675253,1.1920929e-07,1.1920929e-07,0.0,10.655997,9.19,0.65,17.73,412.46,640.0,1.5346774068573368,1.6213785
1997-02-21,0.11564677431672929,1455.756099433874,1.3522965384543073,0.08797137864155506,1.1920929e-07,1.1920929e-07,0.0,10.752,10.5,2.07,18.93,410.81,720.0,1.4199614137715022,1.4453431
1997-02-22,0.055232609007684896,1453.0671105317226,1.4295637708198488,0.03505476126484612,1.1920929e-07,1.1920929e-07,0.0,10.752,11.41,4.55,18.27,352.08,846.77,1.3104124301774436,1.4824033
1997-02-23,0.028601039789432944,1450.6769769538025,0.9284916729635773,0.016331740941951653,1.1920929e-07,1.1920929e-07,0.0,10.848002,4.625,-2.66,11.91,371.68,502.0,1.2201543392132397,1.2878379
1997-02-24,0.016381840863603326,1448.60917068007,0.8666506579206605,0.008860335813964957,1.1920929e-07,1.1920929e-07,0.0,10.848002,3.615,-2.23,9.46,339.9,522.24,1.1470997943963814,1.2044526
1997-02-25,0.009258289004766796,1446.625853411793,0.6655832342505801,1.1920928955078125e-07,1.1920929e-07,1.1920929e-07,0.0,10.944003,-0.36,-7.8,7.08,382.64,338.71,1.081143190367537,1.1303325
1997-02-26,0.004072743499436543,1444.6891804037564,0.8531134961523766,0.00207783411768861,1.1920929e-07,1.1920929e-07,0.0,10.944003,3.29,-4.91,11.49,391.88,438.1,1.0203991213082928,1.1303325
1997-02-27,0.0013702910881167023,1443.686514304536,1.6325116277605758,0.0006898397147720662,1.1920929e-07,2.83,2.83,10.946783,13.355,4.87,21.84,302.56,869.43,0.99030357782119,1.2878379
1997-02-28,0.0007433728033974017,1445.2466504721626,1.6497220814411753,0.0003730679031489338,1.1920929e-07,1.1920929e-07,0.0,11.04,13.37,4.82,21.92,383.63,865.26,1.0375257338710058,1.1395975
1997-03-01,0.00030407131233032474,1449.720937149673,1.1571519977353215,0.00015226680439451963,1.1920929e-07,9.28,9.28,11.04,7.72,3.88,11.56,185.41,807.25,1.1858169431331405,1.4731382
1997-03-02,8.488843782951546e-05,1454.9109027527702,1.517325560047725,4.2462234030868755e-05,1.1920929e-07,6.42,6.42,11.136,11.78,6.92,16.64,239.14,993.98,1.3845758287344072,1.5843184
1997-03-03,4.82916718417867e-05,1463.4221140861744,1.1759559469485166,2.4151666134703234e-05,1.1920929e-07,16.91,16.91,11.136,7.69,0.16,15.22,288.01,617.65,1.7851838608638777,3.177902
1997-03-04,2.778193417270488e-05,1474.7966104173968,0.8542882107959757,1.389289667600597e-05,1.1920929e-07,11.43,11.43,11.232,2.62,-0.53,5.77,163.26,589.46,2.507135589127102,3.7708633
1997-03-05,1.6447116173618184e-05,1478.640935151435,0.9973026001447082,8.224234355883639e-06,1.1920929e-07,4.27,4.27,11.232,4.89,2.38,7.4,134.63,727.15,2.812080707266956,2.5571456
1997-03-06,9.699823518058411e-06,1478.2970263763725,1.0697327132845147,4.850146975469725e-06,1.1920929e-07,3.24,3.24,11.328,5.825,2.29,9.36,184.74,722.82,2.783352824779357,2.668326
1997-03-07,5.5090271505506855e-06,1475.9855069664147,0.8150079805175785,2.7545894487256875e-06,1.1920929e-07,1.1920929e-07,0.0,11.328,1.79,-2.99,6.57,318.25,491.32,2.597732506958679,1.862269
1997-03-08,3.0831242906169076e-06,1472.5028583267679,1.049697442840589,1.5415859094469304e-06,1.1920929e-07,1.1920929e-07,0.0,11.423997,5.47,-3.71,14.65,430.35,462.53,2.341177708345009,1.7325587
1997-03-09,1.60800806299814e-06,1470.3105729890574,0.9697937378555419,8.040104957238965e-07,1.1920929e-07,1.1920929e-07,0.0,11.423997,4.3,-4.92,13.52,433.07,432.38,2.1928386336055095,1.5750535
1997-03-10,4.7663940839544584e-07,1469.2231785630381,1.0637307592561964,2.38320272160537e-07,1.1920929e-07,2.97,2.97,11.423997,5.705,-0.62,12.03,294.99,584.13,2.1227862247527263,1.5843184
1997-03-11,-6.328617918785903e-08,1467.5604706075374,1.122282802931616,1.1920928955078125e-07,1.1920929e-07,1.1920929e-07,0.0,11.520008,6.41,-0.6,13.42,388.86,591.51,2.019973477118738,1.4546082
1997-03-12,-5.166400398348234e-08,1464.0758750649231,0.9140543710524142,1.1920928955078125e-07,1.1920929e-07,1.1920929e-07,0.0,11.520008,3.355,-3.0,9.71,374.1,480.0,1.8203729464230296,1.334163
1997-03-13,-2.9219085645367183e-08,1461.4095683004166,0.8633989872823382,1.1920928955078125e-07,1.1920929e-07,1.1920929e-07,0.0,11.616,2.415,-3.26,8.09,350.56,480.84,1.6810706137796783,1.2507777
1997-03-14,-1.754668616988156e-08,1471.8481867904559,0.941944509152533,1.1920928955078125e-07,1.1920929e-07,23.32,23.32,11.616,3.6,-0.57,7.77,208.75,586.31,2.295858682233094,5.2717967
1997-03-15,-1.0600262822891737e-08,1479.3658859598402,0.9459634583610665,1.1920928955078125e-07,1.1920929e-07,0.01,0.01,11.711997,3.465,-1.22,8.15,309.77,562.28,2.8736133406366573,3.4929125
1997-03-16,0.006166490822439078,1475.7103090724975,0.7429195527068385,1.1920928955078125e-07,1.1920929e-07,1.1920929e-07,0.0,11.711997,-0.04,-4.33,4.25,294.19,440.0,2.5764747754001736,2.0846295
1997-03-17,0.052954242288283035,1472.4511058556243,0.8123371855676231,0.03332774820290782,1.1920929e-07,1.1920929e-07,0.0,11.808,1.17,-5.06,7.4,381.65,432.38,2.3375628573268137,1.834474
1997-03-18,0.028045120159993928,1470.7336812284177,1.190372253373674,0.015976094487091422,1.1920929e-07,3.93,3.93,11.808,6.9,2.28,11.52,229.4,724.07,2.2207168335658882,1.7603538
1997-03-19,0.015410782983852431,1473.34290638249,0.8984018799852524,0.008297949802994215,1.1920929e-07,12.4,12.4,11.903997,2.52,-1.51,6.55,209.83,548.91,2.400642080996372,2.8999512
1997-03-20,0.007758945393672088,1474.378333091705,1.0069312162380937,0.00402990032238993,1.1920929e-07,1.1920929e-07,0.0,11.903997,4.205,0.37,8.04,274.67,629.23,2.4760188941972228,2.334785
1997-03-21,0.004311065101251316,1471.3679287131524,1.2281376923731648,0.0022019885616325883,1.1920929e-07,1.1920929e-07,0.0,12.000003,7.125,-0.96,15.21,444.52,562.83,2.263172049064921,1.9085941
1997-03-22,0.0019852611741951196,1467.8035200229524,1.5121390147767735,0.001002483418319197,1.1920929e-07,1.1920929e-07,0.0,12.000003,10.4,3.97,16.83,397.18,805.31,2.0346856716806365,1.7418238
1997-03-23,0.0007300116977187014,1464.5835462335017,0.9902700017058862,0.00036633813563971817,1.1920929e-07,1.1920929e-07,0.0,12.000003,3.935,-2.41,10.28,408.84,519.88,1.8481764153655695,1.5379933
1997-03-24,0.00041545660516132055,1461.5344357800757,0.8711875993982209,0.00020815981243692082,1.1920929e-07,1.1920929e-07,0.0,12.096,1.95,-4.53,8.43,418.97,438.8,1.687349831922039,1.4360781
1997-03-25,0.00023294446685808546,1458.9320896937056,1.0777768252452813,0.00011660789117929879,1.1920929e-07,1.1920929e-07,0.0,12.096,5.145,-0.96,11.25,405.0,565.82,1.5612056148713527,1.361958
1997-03-26,0.00013683474435162598,1459.9782221349972,1.3582591250704805,6.84641815366637e-05,1.1920929e-07,12.23,12.23,12.191998,8.555,3.88,13.23,252.78,802.15,1.6107400870520034,2.3069901
1997-03-27,7.680459844838989e-05,1462.277489602279,1.5242539413835452,3.841704658932704e-05,1.1920929e-07,1.1920929e-07,0.0,12.191998,10.335,0.38,20.29,489.24,624.15,1.7252038851463793,1.6491736
1997-03-28,4.534862565916055e-05,1459.4242941090179,1.8263136955722228,2.2679454074115105e-05,1.1920929e-07,1.1920929e-07,0.0,12.287997,13.125,3.7,22.55,478.91,800.0,1.5843188742312349,1.4268131
1997-03-29,2.6136272568047487e-05,1459.0146195293173,2.141988061082119,1.3069844045873399e-05,1.1920929e-07,6.31,6.31,12.287997,15.73,9.66,21.8,293.58,1212.57,1.5650574413293419,2.1680148
1997-03-30,1.533643828083385e-05,1461.845333424271,1.9827986268857365,7.668807156263627e-06,1.1920929e-07,1.1920929e-07,0.0,12.383997,14.305,9.29,19.32,354.18,1183.21,1.7030860469399618,2.0197744
1997-03-31,8.591320564294527e-06,1469.1050755832835,1.3603717558919928,4.2958448091197466e-06,1.1920929e-07,19.74,19.74,12.383997,8.24,-0.32,16.8,361.51,598.22,2.1153137915794784,4.919726
1997-04-01,5.044386506275184e-06,1477.7577735866857,1.133824220991646,2.5222568677256407e-06,1.1920929e-07,5.66,5.66,12.479998,5.245,-1.78,12.27,342.51,539.01,2.7388969157564227,2.3718452
1997-04-02,2.8236131570011127e-06,1475.9575896073377,1.4720307484935673,1.411826510478706e-06,1.1920929e-07,1.1920929e-07,0.0,12.479998,9.275,1.56,16.99,465.31,679.71,2.5955680537651364,1.9271241
1997-04-03,1.6638813185015274e-06,1471.8542897580312,1.7835266167892645,8.319475805033686e-07,1.1920929e-07,1.1920929e-07,0.0,12.576006,12.235,3.8,20.67,473.57,800.04,2.2962770769705765,1.7510889
1997-04-04,9.490758750949539e-07,1467.6878320905334,2.2307670040517364,4.7454018941001864e-07,1.1920929e-07,1.1920929e-07,0.0,12.576006,15.92,7.99,23.85,449.68,1079.36,2.0276695686297024,1.6306436
1997-04-05,4.583291612610999e-07,1463.5036032070711,2.2372378917330784,2.2916510579460008e-07,1.1920929e-07,1.1920929e-07,0.0,12.576006,16.015,9.53,22.5,401.68,1202.49,1.7895326811571364,1.5009333
1997-04-06,-1.3400802211757367e-07,1459.5921065854182,1.9123899759238747,1.1920928955078125e-07,1.1920929e-07,0.36,0.36,12.672003,13.37,7.25,19.49,393.84,1020.39,1.5922770907503796,1.4360781
1997-04-07,-6.831592137484184e-07,1456.0307978411524,2.1073582727066915,1.1920928955078125e-07,1.1920929e-07,1.1920929e-07,0.0,12.672003,14.99,10.83,19.15,295.48,1306.08,1.431655744152164,1.4175481
1997-04-08,-1.0266438422022817e-06,1452.8870858126854,1.5378806918400423,1.1920928955078125e-07,1.1920929e-07,1.1920929e-07,0.0,12.768005,9.85,2.74,16.96,450.84,741.21,1.303387631325133,1.2600428
1997-04-09,-1.0019813360500098e-06,1450.2283793384279,1.1338668515278796,1.1920928955078125e-07,1.1920929e-07,1.1920929e-07,0.0,12.768005,5.185,-3.15,13.52,493.2,484.7,1.2039202889216671,1.2044526
1997-04-10,-6.191608872926573e-07,1447.3707980216323,0.9281962904854155,1.1920928955078125e-07,1.1920929e-07,1.1920929e-07,0.0,12.864003,2.12,-5.0,9.24,464.53,427.91,1.1054599939687482,1.1488625
1997-04-11,-3.404909263785117e-07,1444.551583292454,1.1473742606888924,1.1920928955078125e-07,1.1920929e-07,1.1920929e-07,0.0,12.864003,5.31,-1.28,11.9,442.61,560.0,1.0162155420118513,1.1395975
1997-04-12,-1.9852764404704013e-07,1447.1204179396727,1.2568633925209347,1.1920928955078125e-07,1.1920929e-07,9.88,9.88,12.96,6.555,0.49,12.62,314.94,635.65,1.0972265622352455,1.3063679
1997-04-13,-1.1489938756587685e-07,1454.4481567992739,1.6331827547865259,1.1920928955078125e-07,1.1920929e-07,8.94,8.94,12.96,10.545,6.68,14.41,218.9,974.83,1.3655771670508465,1.6584386
1997-04-14,-6.821817179254203e-08,1456.2933710128425,1.3132243387443667,1.1920928955078125e-07,1.1920929e-07,1.1920929e-07,0.0,13.05322,7.02,0.61,13.43,435.94,635.18,1.4429239015569155,1.1859226
1997-04-15,-3.9713490311610164e-08,1453.6831010545945,1.298379879578341,1.1920928955078125e-07,1.1920929e-07,1.1920929e-07,0.0,13.056,6.87,-0.88,14.62,481.1,569.86,1.3347368453446855,1.1025374
1997-04-16,-2.300131461157409e-08,1450.8879623359874,1.588999205400144,1.1920928955078125e-07,1.1920929e-07,1.1920929e-07,0.0,13.056,10.035,1.13,18.94,504.43,650.55,1.2278650821159256,1.0654774
1997-04-17,-1.2234763634537055e-08,1448.0007612896513,1.7540992947266358,1.1920928955078125e-07,1.1920929e-07,1.1920929e-07,0.0,13.152,11.515,4.53,18.5,444.9,842.6,1.1264498521662514,1.0562123
1997-04-18,-6.4364520650919085e-09,1445.4295857301208,1.2553486110090284,1.1920928955078125e-07,1.1920929e-07,1.1920929e-07,0.0,13.152,6.33,2.18,10.48,310.29,716.79,1.0432082848203181,1.0469472
1997-04-19,5.931454714585722e-11,1443.4117664692305,1.3214623694725367,1.1920928955078125e-07,1.1920929e-07,1.1920929e-07,0.0,13.248009,7.025,1.13,12.92,406.77,662.17,0.9822129369314169,1.0098872
1997-04-20,6.248376989035448e-09,1441.9095604100999,1.3806537915561867,1.1920928955078125e-07,1.1920929e-07,1.1920929e-07,0.0,13.248009,7.715,-0.91,16.34,504.29,567.51,0.9391312875704818,0.9635621
1997-04-21,1.033318670802376e-08,1440.870160625159,1.411878350399427,1.1920928955078125e-07,1.1920929e-07,2.0,2.0,13.343997,7.96,0.0,15.92,486.03,600.0,0.9104335434019799,0.95429707
1997-04-22,1.0516195151557715e-08,1440.240760186838,1.421335425933622,1.1920928955078125e-07,1.1920929e-07,2.95,2.95,13.343997,8.07,0.5,15.64,360.69,637.55,0.893483869627053,1.0191522
1997-04-23,6.1627187887818245e-09,1439.9829825060408,1.6590608541233949,1.1920928955078125e-07,1.1920929e-07,1.1920929e-07,0.0,13.343997,10.49,5.21,15.77,370.91,896.79,0.8866333706213061,0.9635621
1997-04-24,1.1622920959895732e-09,1439.88366140155,1.703968599799697,1.1920928955078125e-07,1.1920929e-07,2.61,2.61,13.439995,10.8,5.63,15.97,315.29,914.77,0.8840079297287077,0.98209214
1997-04-25,-2.869037893404134e-09,1439.421532758658,1.6932252310760243,1.1920928955078125e-07,1.1920929e-07,2.03,2.03,13.439995,10.705,4.26,17.15,425.21,820.96,0.8718939546806459,0.93576705
1997-04-26,-4.652788345688271e-09,1438.0590737366986,1.8309837408663412,1.1920928955078125e-07,1.1920929e-07,1.1920929e-07,0.0,13.535997,11.85,4.55,19.15,464.95,844.31,0.8371368268862687,0.88944197
1997-04-27,-3.2503632183054082e-09,1435.5248271504213,1.8032904968655779,1.1920928955078125e-07,1.1920929e-07,1.1920929e-07,0.0,13.535997,11.635,3.78,19.49,486.96,800.0,0.7761300102758981,0.8709119
1997-04-28,-9.908474154897632e-10,1433.5987488098347,1.9340181954024425,1.1920928955078125e-07,1.1920929e-07,14.13,14.13,13.580106,12.725,7.21,18.24,291.65,1016.74,0.7327548773458031,1.2507777
1997-04-29,9.589204933740219e-10,1432.2182868033335,1.8555422562124853,1.1920928955078125e-07,1.1920929e-07,1.1920929e-07,0.0,13.632,12.015,4.22,19.81,484.02,817.48,0.7031663047723152,1.0006222
1997-04-30,2.0259942076257227e-09,1430.7674916427973,2.0785604018023456,1.1920928955078125e-07,1.1920929e-07,1.1920929e-07,0.0,13.632,13.86,4.57,23.15,519.77,845.09,0.6733569765099948,0.88944197
1997-05-01,1.674165962665146e-09,1428.7302028153554,2.598365498044524,1.1920928955078125e-07,1.1920929e-07,0.86,0.86,13.727997,17.445,9.95,24.94,460.15,1234.73,0.6336180225804005,0.8616469
1997-05-02,7.986183504068113e-10,1428.72814048749,2.1907404845722733,1.1920928955078125e-07,1.1920929e-07,1.1920929e-07,0.0,13.727997,14.625,6.4,22.85,492.18,951.81,0.6335790075194879,0.8245868
1997-05-03,1.2790394122944756e-10,1430.8620026936262,2.4902796476764792,1.1920928955078125e-07,1.1920929e-07,6.6,6.6,13.72965,16.71,10.11,23.31,323.18,1248.74,0.6752598122448733,1.3248979
1997-05-04,-1.7074950262128728e-10,1433.364729197523,2.1483548578742844,1.1920928955078125e-07,1.1920929e-07,5.9,5.9,13.824,14.14,7.07,21.21,344.17,1005.97,0.7276527064472693,1.7325587
1997-05-05,-1.0614285182326534e-10,1434.1602084607882,1.7063761887804099,1.1920928955078125e-07,1.1920929e-07,1.1920929e-07,0.0,13.824,10.44,1.33,19.55,527.74,666.46,0.7451423597615623,0.92650205
1997-05-06,-3.578161348391353e-11,1432.4111018686185,2.364223632330371,1.1920928955078125e-07,1.1920929e-07,1.1920929e-07,0.0,13.920003,15.605,10.55,20.66,358.75,1283.94,0.7072261565249927,0.8338518
1997-05-07,7.53539121324255e-12,1429.5919252597241,1.733481001879533,1.1920928955078125e-07,1.1920929e-07,1.1920929e-07,0.0,13.920003,10.63,2.75,18.51,492.78,744.97,0.6501321023949422,0.75973165
1997-05-08,1.1689139948247579e-11,1427.249505046668,1.5321809752582543,1.1920928955078125e-07,1.1920929e-07,1.1920929e-07,0.0,13.920003,8.72,0.17,17.27,516.1,613.89,0.6062155645178372,0.71340656
1997-05-09,5.038407732069259e-12,1426.2003617373805,1.943592871566714,1.1920928955078125e-07,1.1920929e-07,7.15,7.15,14.015994,12.38,7.13,17.63,282.54,1010.15,0.5875200302380255,0.8616469
1997-05-10,-2.8181742343145496e-14,1425.5787462018616,1.955500587572217,1.1920928955078125e-07,1.1920929e-07,0.05,0.05,14.015994,12.485,7.39,17.58,369.74,1031.42,0.5767161214996674,0.8709119
1997-05-11,-2.1304345607628545e-12,1424.3069496742708,1.8100710145575465,1.1920928955078125e-07,1.1920929e-07,1.1920929e-07,0.0,14.015994,11.265,3.79,18.74,483.72,804.52,0.55522691117627,0.74120164
1997-05-12,-1.2409871139303816e-12,1421.9485845599058,2.43994223259135,1.1920928955078125e-07,1.1920929e-07,1.1920929e-07,0.0,14.111998,16.02,8.0,24.04,488.93,1062.41,0.5174748162761544,0.70414156
1997-05-13,-2.153641613519375e-13,1419.5515779442019,2.372432082345552,1.1920928955078125e-07,1.1920929e-07,1.1920929e-07,0.0,14.111998,15.585,8.71,22.46,445.36,1136.61,0.4817335128065169,0.6763465
1997-05-14,5.426059948287903e-13,1417.1142278466011,1.796785729800913,1.1920928955078125e-07,1.1920929e-07,1.1920929e-07,0.0,14.111998,11.12,3.5,18.74,484.38,798.24,0.44792093464744304,0.6763465
1997-05-15,7.759373745532879e-13,1414.567822357628,2.3378726716209504,1.1920928955078125e-07,1.1920929e-07,1.1920929e-07,0.0,14.208003,15.29,9.26,21.32,409.77,1180.92,0.41512770942843674,0.6578164
1997-05-16,4.148959813566653e-13,1412.2275835284222,2.0958785381390554,1.1920928955078125e-07,1.1920929e-07,1.1920929e-07,0.0,14.208003,13.535,7.46,19.61,420.47,1037.02,0.3871109720151754,0.6300214
1997-05-17,-7.823121418222662e-14,1410.8772647482672,2.106191526477431,1.1920928955078125e-07,1.1920929e-07,1.1920929e-07,0.0,14.208003,13.63,6.87,20.39,452.23,989.93,0.3718139555279045,0.6114913
1997-05-18,-5.413605417986003e-13,1410.0454261534053,2.3036336708490808,1.1920928955078125e-07,1.1920929e-07,1.1920929e-07,0.0,14.304006,14.99,7.55,22.43,472.58,1022.45,0.36269294296334265,0.6022263
1997-05-19,-8.387293163467709e-13,1409.1884445279043,3.2154844989991442,1.1920928955078125e-07,1.1920929e-07,4.0,4.0,14.304006,20.59,12.04,29.14,365.41,1403.44,0.35353017718559776,0.6300214
1997-05-20,-8.345748526810544e-13,1407.762696655833,3.50610036908447,1.1920928955078125e-07,1.1920929e-07,1.77,1.77,14.304006,22.1,13.75,30.45,479.49,1482.48,0.3387962507692354,0.6207563
1997-05-21,-5.081681634897689e-13,1405.5588895264375,2.0215598346992523,1.1920928955078125e-07,1.1920929e-07,1.1920929e-07,0.0,14.397217,12.815,5.15,20.48,485.02,878.63,0.3172206747027004,0.58369625
1997-05-22,-2.178544889815555e-13,1403.3788677498535,1.932655481819488,1.1920928955078125e-07,1.1920929e-07,1.1920929e-07,0.0,14.399997,12.115,5.41,18.82,449.8,901.38,0.29723010967966823,0.56516623
1997-05-23,-4.661632882026768e-14,1401.1169793921724,2.035051311518313,1.1920928955078125e-07,1.1920929e-07,1.1920929e-07,0.0,14.399997,12.97,4.74,21.2,502.45,838.62,0.27781938285754576,0.54663616
1997-05-24,-1.6334892192749984e-14,1398.8734082494957,2.58902987780307,1.1920928955078125e-07,1.1920929e-07,1.1920929e-07,0.0,14.399997,16.94,8.3,25.58,502.37,1044.64,0.2598183407378022,0.53737116
1997-05-25,-8.876642287426929e-15,1399.6514570305212,2.9560385101025206,1.1920928955078125e-07,1.1920929e-07,7.26,7.26,14.495997,19.045,12.59,25.5,309.59,1447.11,0.2659248267441434,0.56516623
1997-05-26,-4.981208278452241e-15,1406.722023052234,2.454844821547631,1.1920928955078125e-07,1.1920929e-07,14.72,14.72,14.495997,15.855,9.95,21.76,298.51,1235.68,0.32843090614527615,0.898707
1997-05-27,-2.7811965065902944e-15,1408.5969397175538,2.156025014713203,1.1920928955078125e-07,1.1920929e-07,1.1920929e-07,0.0,14.495997,13.71,7.5,19.92,421.03,1040.03,0.34734124424061796,0.6114913
1997-05-28,-1.5054147201058116e-15,1405.8520363136834,2.0402855621913227,1.1920928955078125e-07,1.1920929e-07,1.1920929e-07,0.0,14.495997,12.85,4.75,20.95,496.55,860.37,0.32000942146221245,0.5559012
1997-05-29,-8.766846209521086e-16,1403.5810747596174,2.157246727332727,1.1920928955078125e-07,1.1920929e-07,1.1920929e-07,0.0,14.592003,13.67,5.31,22.03,502.48,891.75,0.2990300625014373,0.52810615
1997-05-30,-4.911795993202647e-16,1402.556204620753,2.634411260067644,1.1920928955078125e-07,1.1920929e-07,3.57,3.57,14.592003,16.965,11.66,22.27,274.86,1373.17,0.29001816509658523,0.54663616
1997-05-31,-2.6318915740728034e-16,1404.650006163556,2.7169748402031857,1.1920928955078125e-07,1.1920929e-07,1.1920929e-07,0.0,14.592003,17.455,10.32,24.59,453.74,1260.5,0.3087278809555392,0.5559012
1997-06-01,-7.299464611251321e-17,1410.9947718209553,3.125046225447563,1.1920928955078125e-07,1.1920929e-07,0.36,0.36,14.592003,19.74,14.73,24.75,339.97,1677.14,0.37312076481327017,0.53737116
1997-06-02,3.8570936599442684e-17,1421.7278994069593,2.8181693018911735,1.1920928955078125e-07,1.1920929e-07,25.85,25.85,14.592003,17.865,12.79,22.94,268.21,1470.58,0.5140762736594163,1.380488
1997-06-03,4.0645491926159013e-17,1435.354180664261,1.8935980454656325,1.1920928955078125e-07,1.1920929e-07,13.84,13.84,14.688,11.115,7.2,15.03,227.18,1016.11,0.7721855614569446,1.6028485
1997-06-04,2.3068027279096364e-17,1438.6482512647665,2.2360084018360564,1.1920928955078125e-07,1.1920929e-07,1.42,1.42,14.688,13.745,8.68,18.81,334.84,1134.31,0.8519937415528599,0.8616469
1997-06-05,1.342341946460361e-17,1435.7079559967967,2.3089356587512198,1.1920928955078125e-07,1.1920929e-07,1.1920929e-07,0.0,14.688,14.3,6.61,21.99,495.41,968.21,0.7803854019159643,0.6763465
1997-06-06,7.660303581786872e-18,1432.5044794713506,2.400952829095209,1.1920928955078125e-07,1.1920929e-07,1.1920929e-07,0.0,14.688,14.975,8.33,21.62,453.94,1105.82,0.7092007014769406,0.6207563
1997-06-07,4.159554759900886e-18,1429.4433936866485,2.31017172459986,1.1920928955078125e-07,1.1920929e-07,1.1920929e-07,0.0,14.688,14.38,10.0,18.76,337.03,1240.0,0.6472552461522184,0.5929613
1997-06-08,-1.7644552382534413e-18,1426.0909595542414,2.2829338201979428,1.1920928955078125e-07,1.1920929e-07,1.1920929e-07,0.0,14.688,14.225,7.5,20.95,463.08,1040.0,0.5856040105365579,0.58369625
1997-06-09,-1.0039247976358288e-17,1422.4480770000393,2.5876366632220464,1.1920928955078125e-07,1.1920929e-07,1.1920929e-07,0.0,14.732102,16.275,7.6,24.95,521.89,996.15,0.5252501867399587,0.5559012
1997-06-10,-1.8868761744057607e-17,1418.644550386648,3.2417352602036154,1.1920928955078125e-07,1.1920929e-07,1.1920929e-07,0.0,14.783998,20.05,11.45,28.65,507.34,1268.75,0.46886227664409924,0.52810615
1997-06-11,-2.6456934830995355e-17,1414.8101840766722,3.528034208978547,1.1920928955078125e-07,1.1920929e-07,1.1920929e-07,0.0,14.783998,21.55,13.74,29.36,477.11,1502.44,0.4181426481875284,0.51884115
1997-06-12,-3.100770552681544e-17,1411.0747824327168,3.670121723410775,1.1920928955078125e-07,1.1920929e-07,1.1920929e-07,0.0,14.783998,22.28,16.35,28.21,395.11,1851.77,0.3740131992026256,0.5095761
1997-06-13,-3.072501212116186e-17,1407.5681498173876,3.6274296384978495,1.1920928955078125e-07,1.1920929e-07,3.23,3.23,14.783998,22.12,17.01,27.23,275.58,1922.35,0.33683396410217353,0.51884115
1997-06-14,-2.381279290367857e-17,1404.4200905932892,3.5163387541372337,1.1920928955078125e-07,1.1920929e-07,1.01,1.01,14.783998,21.62,17.0,26.24,307.92,1919.84,0.3066157791806203,0.53737116
1997-06-15,-2.356436725852904e-18,1401.500575440696,2.98416209297316,1.1920928955078125e-07,1.1920929e-07,1.1920929e-07,0.0,14.783998,18.85,12.33,25.37,441.98,1385.61,0.28101965229935055,0.5003111
1997-06-16,3.707131571464084e-17,1398.4930707266376,3.0516263714877514,1.1920928955078125e-07,1.1920929e-07,1.1920929e-07,0.0,14.783998,19.265,12.0,26.53,471.93,1317.26,0.25688450501021,0.46325102
1997-06-17,8.566794957937585e-17,1395.366386035618,3.351725624026285,1.1920928955078125e-07,1.1920929e-07,1.1920929e-07,0.0,14.783998,20.905,15.0,26.81,406.49,1669.46,0.23398806195328578,0.453986
1997-06-18,1.3457812135253765e-16,1392.0909729350308,3.6826588625757943,1.1920928955078125e-07,1.1920929e-07,0.55,0.55,14.783998,22.575,17.11,28.04,381.35,1893.54,0.2121880429446005,0.46325102
1997-06-19,1.7494648751831173e-16,1388.6372829922682,3.718038755454373,1.1920928955078125e-07,1.1920929e-07,2.49,2.49,14.783998,22.785,17.33,28.24,330.58,1958.11,0.19139754834403586,0.48178104
1997-06-20,1.979177045608837e-16,1384.9757677747239,3.7488041348661882,1.1920928955078125e-07,1.1920929e-07,1.1920929e-07,0.0,14.783998,22.975,15.0,30.95,493.45,1494.14,0.17157615494530143,0.44472098
1997-06-21,1.9463642896443904e-16,1381.0768788497905,4.3752567045229105,1.1920928955078125e-07,1.1920929e-07,1.1920929e-07,0.0,14.783998,25.755,18.51,33.0,454.49,1913.7,0.1527212357564535,0.4169259
1997-06-22,1.5624731721316334e-16,1376.9110677848612,4.539692013194351,1.1920928955078125e-07,1.1920929e-07,0.2,0.2,14.783998,26.47,20.2,32.74,410.84,2209.97,0.1348592397324659,0.4076609
1997-06-23,2.1692109930535648e-17,1372.5432090167124,3.9052346946429464,1.1920928955078125e-07,1.1920929e-07,1.1920929e-07,0.0,14.783998,23.85,15.53,32.17,502.2,1523.76,0.11837009615215166,0.4076609
1997-06-24,-3.050950739614633e-16,1368.2231337936241,4.010591635089044,1.1920928955078125e-07,1.1920929e-07,1.1920929e-07,0.0,14.783998,24.375,15.19,33.56,519.87,1460.04,0.1040454062954113,0.37986583
1997-06-25,-7.614955260931322e-16,1364.027535200711,4.679307225913438,1.1920928955078125e-07,1.1920929e-07,1.1920929e-07,0.0,14.783998,27.185,19.78,34.59,453.16,2001.35,0.09179476797145572,0.35207078
1997-06-26,-1.2783605909836518e-15,1360.0237499899445,4.868122229390689,1.1920928955078125e-07,1.1920929e-07,0.38,0.38,14.783998,27.955,21.72,34.19,398.23,2379.56,0.08145171264762999,0.34280574
1997-06-27,-1.786541613152203e-15,1356.2791149132943,3.697469913710814,1.1920928955078125e-07,1.1920929e-07,1.72,1.72,14.783998,23.1,15.93,30.27,450.4,1609.27,0.07283547431166905,0.36133578
1997-06-28,-2.216889937117967e-15,1352.8609667227313,3.417734107374841,1.1920928955078125e-07,1.1920929e-07,1.1920929e-07,0.0,14.783998,21.775,13.55,30.0,506.28,1295.29,0.06576870513087374,0.33354074
1997-06-29,-2.5002569074001238e-15,1349.8366421702262,3.5790864326774274,1.1920928955078125e-07,1.1920929e-07,1.1920929e-07,0.0,14.783998,22.615,14.62,30.61,493.22,1402.24,0.060090027501424066,0.3242757
1997-06-30,-2.5674938685178557e-15,1347.2734780077494,3.411492610867906,1.1920928955078125e-07,1.1920929e-07,1.1920929e-07,0.0,14.783998,21.815,14.12,29.51,488.57,1291.37,0.055662851788023715,0.30574566
1997-07-01,-2.3494521649903423e-15,1345.2388109872718,3.6433298007929507,1.1920928955078125e-07,1.1920929e-07,1.94,1.94,14.783998,22.985,18.32,27.65,314.63,2005.29,0.05238194351807354,0.30574566
1997-07-02,-1.776983141336766e-15,1343.7999778607639,3.569218631026728,1.1920928955078125e-07,1.1920929e-07,2.81,2.81,14.783998,22.645,18.97,26.32,216.24,2195.42,0.05017923477785137,0.35207078
1997-07-03,-1.0147011872254313e-15,1341.5354736346965,4.444429055445673,1.1920928955078125e-07,1.1920929e-07,1.1920929e-07,0.0,14.781217,26.56,20.97,32.15,372.91,2215.6,0.04689859738210689,0.36133578
1997-07-04,-4.691300533884812e-16,1337.3071052468283,4.332436465117447,1.1920928955078125e-07,1.1920929e-07,1.1920929e-07,0.0,14.689652,26.27,20.24,32.3,396.64,2062.35,0.04133614206927944,0.29648066
1997-07-05,-2.2009962575400317e-16,1333.336539736566,3.2266270380783344,1.1920928955078125e-07,1.1920929e-07,1.1920929e-07,0.0,14.688,21.145,14.24,28.05,459.15,1351.09,0.036714954831834734,0.2779506
1997-07-06,-1.2516285457287674e-16,1330.249849077771,3.1875162691497825,1.1920928955078125e-07,1.1920929e-07,1.1920929e-07,0.0,14.688,20.975,13.31,28.64,487.9,1228.17,0.03348246307354858,0.25942057
1997-07-07,-6.832552220392678e-17,1332.4374999643046,3.561702408683844,1.1920928955078125e-07,1.1920929e-07,12.22,12.22,14.688,22.87,16.02,29.72,328.69,1729.29,0.03574250685646766,0.28721562
1997-07-08,-4.0477901210235656e-17,1334.6713400569777,3.621140679466001,1.1920928955078125e-07,1.1920929e-07,1.1920929e-07,0.0,14.688,23.13,15.13,31.13,485.34,1425.33,0.03820775870667429,0.29648066
1997-07-09,-2.3889960415494564e-17,1330.2590525066605,3.965900997478588,1.1920928955078125e-07,1.1920929e-07,1.1920929e-07,0.0,14.688,24.79,17.37,32.21,458.77,1679.73,0.033491665178051994,0.25015554
1997-07-10,-1.419876830541254e-17,1333.189202512339,3.4397797093915163,1.1920928955078125e-07,1.1920929e-07,9.63,9.63,14.636108,22.315,14.66,29.97,352.93,1592.5,0.03655379344772707,0.29648066
1997-07-11,-8.502710347362208e-18,1335.0464957501915,3.0832565230390614,1.1920928955078125e-07,1.1920929e-07,1.1920929e-07,0.0,14.592003,20.455,12.54,28.37,491.99,1253.49,0.0386381447252631,0.25942057
1997-07-12,-5.0695461325755914e-18,1331.723372637237,3.4079467762033078,1.1920928955078125e-07,1.1920929e-07,1.1920929e-07,0.0,14.592003,22.225,13.66,30.79,504.84,1272.24,0.03498845846636965,0.24089052
1997-07-13,-2.94742851076536e-18,1328.0479636887487,3.842273812506749,1.1920928955078125e-07,1.1920929e-07,1.1920929e-07,0.0,14.592003,24.375,15.93,32.82,491.35,1436.22,0.031351996855267926,0.23162551
1997-07-14,-1.6556258170561308e-18,1324.0408010096542,4.125052707845661,1.1920928955078125e-07,1.1920929e-07,1.1920929e-07,0.0,14.592003,25.69,17.78,33.6,464.31,1656.88,0.0278165780526838,0.22236049
1997-07-15,5.2062615094296e-19,1319.9464554317026,4.466964484227592,1.1920928955078125e-07,1.1920929e-07,1.1920929e-07,0.0,14.540109,27.24,19.39,35.09,453.3,1842.17,0.02461567132154701,0.21309547
1997-07-16,3.712181011910285e-18,1315.843421459186,4.6513658836740195,1.1920928955078125e-07,1.1920929e-07,1.1920929e-07,0.0,14.495997,28.085,21.45,34.72,399.04,2225.31,0.021777448844443225,0.20383045
1997-07-17,7.230009518332015e-18,1311.744944862516,4.390354510041574,1.1920928955078125e-07,1.1920929e-07,1.1920929e-07,0.0,14.495997,27.095,19.18,35.01,454.21,1819.96,0.019269099366439835,0.20383045
1997-07-18,1.0385082422694317e-17,1307.6642714121042,4.583211885356385,1.1920928955078125e-07,1.1920929e-07,1.1920929e-07,0.0,14.495997,27.93,20.23,35.63,439.35,1971.46,0.017058729652179104,0.19456543
1997-07-19,1.2488370477483362e-17,1303.6146468783627,4.198048305291919,1.1920928955078125e-07,1.1920929e-07,1.1920929e-07,0.0,14.4441,26.465,18.56,34.37,450.81,1766.6,0.015115919586829736,0.18530041
1997-07-20,1.2850844435185322e-17,1299.6093170317029,3.1988507404720914,1.1920928955078125e-07,1.1920929e-07,1.1920929e-07,0.0,14.399997,21.78,12.49,31.07,510.61,1141.8,0.01341210162315241,0.17603539
1997-07-21,1.078347504828636e-17,1295.6615276425366,3.7297131072830267,1.1920928955078125e-07,1.1920929e-07,1.1920929e-07,0.0,14.399997,24.52,16.99,32.05,442.56,1626.22,0.01192079539683158,0.17603539
1997-07-22,-4.519287278031748e-18,1291.7731170679635,3.879076642887477,1.1920928955078125e-07,1.1920929e-07,1.1920929e-07,0.0,14.399997,25.27,19.33,31.21,367.13,2033.47,0.010614110557449975,0.17603539
1997-07-23,-6.504344673993676e-17,1287.9141807713295,2.9194447228811984,1.1920928955078125e-07,1.1920929e-07,7.06,7.06,14.305658,20.475,16.16,24.79,220.56,1829.64,0.00945897717483669,0.19456543
1997-07-24,-1.653011701694584e-16,1284.0878521353711,2.306693439871084,1.1920928955078125e-07,1.1920929e-07,15.17,15.17,14.304006,16.555,14.94,18.17,97.05,1707.23,0.008437767932705127,0.29648066
1997-07-25,-2.9651697610187533e-16,1280.300603476879,2.6799991300834667,1.1920928955078125e-07,1.1920929e-07,2.38,2.38,14.304006,19.12,14.9,23.34,271.05,1695.66,0.007535598169536857,0.30574566
1997-07-26,-4.499153830724662e-16,1276.558907112643,3.1741365980076357,1.1920928955078125e-07,1.1920929e-07,1.1920929e-07,0.0,14.301225,22.075,15.13,29.02,439.41,1548.2,0.0067390483300215145,0.25942057
1997-07-27,-6.167209096165097e-16,1272.8692353594536,3.923330003566969,1.1920928955078125e-07,1.1920929e-07,1.1920929e-07,0.0,14.208003,25.975,19.38,32.57,407.5,2054.24,0.006036066576055488,0.24089052
1997-07-28,-7.881580742692846e-16,1269.2380605341014,4.074562905987872,1.1920928955078125e-07,1.1920929e-07,1.1920929e-07,0.0,14.208003,26.705,19.72,33.69,424.83,1977.97,0.005415867245919742,0.22236049
1997-07-29,-9.554513955660695e-16,1265.6718549533762,3.64489137793383,1.1920928955078125e-07,1.1920929e-07,0.11,0.11,14.208003,24.765,18.56,30.97,397.76,1918.06,0.004868828372004709,0.20383045
1997-07-30,-1.1098253920421427e-15,1262.1770909340685,2.6320851316306384,1.1920928955078125e-07,1.1920929e-07,1.1920929e-07,0.0,14.111998,19.285,11.45,27.12,485.68,1138.26,0.004386390730200787,0.18530041
1997-07-31,-1.2425045822327836e-15,1258.7602407929685,2.766617123748498,1.1920928955078125e-07,1.1920929e-07,1.1920929e-07,0.0,14.111998,20.18,11.65,28.71,500.18,1125.36,0.003960960265660059,0.16677037
1997-08-01,-1.3447134846732705e-15,1255.427776846867,3.1348503003891297,1.1920928955078125e-07,1.1920929e-07,1.1920929e-07,0.0,14.111998,22.38,13.74,31.02,490.79,1285.25,0.0035858152137731693,0.15750535
1997-08-02,-1.4076766178988818e-15,1252.1861714125534,3.399843253857383,1.1920928955078125e-07,1.1920929e-07,1.1920929e-07,0.0,14.015994,23.965,17.28,30.65,411.6,1718.31,0.0032550188032590736,0.15750535
1997-08-03,-1.4226185004448964e-15,1249.0418968068188,3.635379421265781,1.1920928955078125e-07,1.1920929e-07,1.1920929e-07,0.0,14.015994,25.195,19.04,31.35,381.93,1940.42,0.002963338080335764,0.15750535
1997-08-04,-1.3807636508465936e-15,1246.0014253464533,3.411292427434443,1.1920928955078125e-07,1.1920929e-07,0.47,0.47,14.013214,24.115,18.0,30.23,384.77,1824.05,0.002706169118641608,0.16677037
1997-08-05,-1.2733365876392506e-15,1243.071229348247,2.6449065574544908,1.1920928955078125e-07,1.1920929e-07,5.39,5.39,13.920003,19.86,13.59,26.13,301.53,1541.8,0.002479468668653403,0.17603539
1997-08-06,-1.0915618293581475e-15,1240.2577811289905,2.507163080601654,1.1920928955078125e-07,1.1920929e-07,0.04,0.04,13.920003,18.99,11.71,26.27,452.09,1186.86,0.00227969214305986,0.16677037
1997-08-07,-8.266638945385624e-16,1237.5675530054737,2.5460313766747573,1.1920928955078125e-07,1.1920929e-07,1.1920929e-07,0.0,13.824,19.405,11.1,27.71,485.92,1091.35,0.002103737721966995,0.15750535
1997-08-08,-4.641270258303088e-16,1234.9272357747764,2.61942340637895,1.1920928955078125e-07,1.1920929e-07,1.1920929e-07,0.0,13.824,19.925,10.78,29.07,506.38,1011.69,0.0019442593158618055,0.14824033
1997-08-09,-2.5784638082312715e-17,1232.0415835221822,2.868622651192748,1.1920928955078125e-07,1.1920929e-07,1.1920929e-07,0.0,13.824,21.525,12.42,30.63,498.47,1124.75,0.0017837561571886122,0.1389753
1997-08-10,3.7499851726465346e-16,1228.949760193697,3.2028869409566325,1.1920928955078125e-07,1.1920929e-07,1.1920929e-07,0.0,13.727997,23.61,16.22,31.0,435.55,1540.6,0.0016264597841429691,0.12971029
1997-08-11,6.187592648714004e-16,1225.7293002551191,3.2596267827445677,1.1920928955078125e-07,1.1920929e-07,1.1920929e-07,0.0,13.727997,23.965,16.6,31.33,433.53,1581.74,0.0014773490680085183,0.12971029
1997-08-12,5.860344293987381e-16,1222.4577381722463,3.487368556249955,1.1920928955078125e-07,1.1920929e-07,1.1920929e-07,0.0,13.6761,25.275,19.53,31.02,356.48,2074.1,0.0013398626046236474,0.12971029
1997-08-13,2.8330564336335073e-16,1219.3223375411637,3.446801637292954,1.1920928955078125e-07,1.1920929e-07,3.57,3.57,13.632,25.17,20.5,29.84,223.33,2400.0,0.0012201213782913327,0.1389753
1997-08-14,-6.423242634515055e-17,1216.4010968810076,3.358143504293931,1.1920928955078125e-07,1.1920929e-07,2.6,2.6,13.632,24.75,20.04,29.46,252.76,2313.15,0.0011182086640293435,0.15750535
1997-08-15,-3.5881072880082954e-16,1213.4338036653396,3.2354763833636864,1.1920928955078125e-07,1.1920929e-07,1.1920929e-07,0.0,13.535997,24.26,17.79,30.73,400.01,1817.36,0.001023400202283321,0.14824033
1997-08-16,-5.061075148086159e-16,1210.1550897099391,4.063041477009732,1.1920928955078125e-07,1.1920929e-07,1.1920929e-07,0.0,13.535997,28.395,21.24,35.55,409.11,2184.03,0.0009279613813114706,0.1389753
1997-08-17,-4.1338424204739677e-16,1206.3384301595427,4.0908708674459655,1.1920928955078125e-07,1.1920929e-07,1.1920929e-07,0.0,13.44165,28.705,21.7,35.71,400.98,2268.28,0.0008280159113759231,0.14824033
1997-08-18,-2.3101816741463937e-16,1206.5451417089266,3.2015358174293076,1.1920928955078125e-07,1.1920929e-07,15.61,15.61,13.439995,24.3,17.08,31.52,316.72,1879.72,0.0008331422202875384,0.2779506
1997-08-19,-1.1561885603303042e-16,1211.549751181336,2.384303823700993,1.1920928955078125e-07,1.1920929e-07,0.54,0.54,13.439995,19.13,13.1,25.16,391.95,1433.5,0.0009674191851517006,0.20383045
1997-08-20,-6.710180547871054e-17,1223.1042160053125,2.37718658380771,1.1920928955078125e-07,1.1920929e-07,24.5,24.5,13.343997,19.04,14.26,23.82,250.51,1620.86,0.0013659765544153707,0.33354074
1997-08-21,-4.0303015968208656e-17,1245.4582359805115,2.5891642747065924,1.1920928955078125e-07,1.1920929e-07,22.52,22.52,13.343997,20.185,15.5,24.87,244.11,1760.0,0.0026626330137261615,0.57443124
1997-08-22,-2.422401454770398e-17,1252.464820918926,2.581222048376713,1.1920928955078125e-07,1.1920929e-07,1.1920929e-07,0.0,13.248009,20.16,13.69,26.63,409.83,1574.37,0.0032822132424432655,0.26868558
1997-08-23,-1.2451546317217687e-17,1250.1073131789792,2.3923197898527584,1.1920928955078125e-07,1.1920929e-07,1.1920929e-07,0.0,13.248009,18.9,12.72,25.08,395.41,1457.41,0.0030591207679632505,0.21309547
1997-08-24,-3.279635744866002e-18,1247.8379770615504,2.239533078198971,1.1920928955078125e-07,1.1920929e-07,1.1920929e-07,0.0,13.196108,17.885,10.01,25.76,456.42,1213.12,0.0028587079316197473,0.19456543
1997-08-25,1.207124838181889e-18,1245.4680686998038,2.526655194335537,1.1920928955078125e-07,1.1920929e-07,1.1920929e-07,0.0,13.152,20.015,13.67,26.36,392.54,1567.16,0.0026634148379728467,0.19456543
1997-08-26,6.43545307764747e-19,1242.9794839913504,2.6762519259233803,1.1920928955078125e-07,1.1920929e-07,1.1920929e-07,0.0,13.152,21.035,15.22,26.85,364.89,1736.28,0.002472685877489979,0.18530041
1997-08-27,-8.951614553704577e-19,1240.7119793732816,2.747330483692575,1.1920928955078125e-07,1.1920929e-07,1.1920929e-07,0.0,13.056,21.645,15.32,27.97,384.68,1739.99,0.0023108186395301854,0.17603539
1997-08-28,-2.727557864840555e-18,1238.582223394976,2.9160897458159516,1.1920928955078125e-07,1.1920929e-07,4.79,4.79,13.056,22.71,16.61,28.81,276.72,1889.15,0.0021684478581163644,0.20383045
1997-08-29,-4.446574917709428e-18,1236.4771059284503,2.6725666519223314,1.1920928955078125e-07,1.1920929e-07,1.1920929e-07,0.0,12.96,21.355,15.0,27.71,385.63,1712.08,0.0020363461170134333,0.25015554
1997-08-30,-5.645143611040964e-18,1234.2835168457214,2.461634468529721,1.1920928955078125e-07,1.1920929e-07,1.1920929e-07,0.0,12.96,19.975,12.67,27.28,426.55,1435.82,0.0019072471942636288,0.20383045
1997-08-31,-5.9161949418990465e-18,1231.888346018806,2.6268816014470144,1.1920928955078125e-07,1.1920929e-07,1.1920929e-07,0.0,12.864003,21.25,14.2,28.3,413.1,1597.66,0.0017756134684614718,0.16677037
1997-09-01,-4.852659907347558e-18,1229.1784833197214,2.9383580132077003,1.1920928955078125e-07,1.1920929e-07,1.1920929e-07,0.0,12.864003,23.235,16.11,30.36,408.97,1703.84,0.0016376052345676868,0.17603539
1997-09-02,-2.279692330690836e-18,1226.4482967192255,3.11861613506119,1.1920928955078125e-07,1.1920929e-07,1.1920929e-07,0.0,12.861222,24.325,17.14,31.51,406.33,1751.81,0.0015094073552106811,0.17603539
1997-09-03,1.0227139228802554e-18,1224.3322575854706,2.8092707786500415,1.1920928955078125e-07,1.1920929e-07,4.79,4.79,12.768005,22.65,16.34,28.96,280.76,1849.8,0.0014169921754420213,0.15750535
1997-09-04,4.144055896201144e-18,1222.5736866681284,1.7693181599029082,1.1920928955078125e-07,1.1920929e-07,1.1920929e-07,0.0,12.768005,14.865,8.03,21.7,417.08,1023.22,0.0013445092314165782,0.15750535
1997-09-05,6.1795670279585445e-18,1220.8894158147198,1.9132831208592795,1.1920928955078125e-07,1.1920929e-07,1.1920929e-07,0.0,12.672003,16.3,7.14,25.46,476.99,894.54,0.0012785672775325187,0.12971029
1997-09-06,6.2244807568391876e-18,1218.9962768727657,2.2005411327361672,1.1920928955078125e-07,1.1920929e-07,1.1920929e-07,0.0,12.672003,18.665,10.41,26.92,447.47,1133.55,0.0012083005051854883,0.1389753
1997-09-07,4.0127421435055936e-18,1216.7936600482446,2.5255874317658997,1.1920928955078125e-07,1.1920929e-07,1.1920929e-07,0.0,12.576006,21.175,12.5,29.85,448.63,1282.49,0.001131392461740439,0.12044526
1997-09-08,2.247225543719167e-18,1214.6750079284936,2.5863006158712314,1.1920928955078125e-07,1.1920929e-07,0.51,0.51,12.576006,21.615,15.7,27.53,342.05,1740.98,0.001062038811297997,0.14824033
1997-09-09,1.3097968001890505e-18,1212.9818851799778,2.36182998527698,1.1920928955078125e-07,1.1920929e-07,1.1920929e-07,0.0,12.479998,20.21,16.71,23.71,232.5,1895.26,0.001009683829513975,0.17603539
1997-09-10,7.365494153644522e-19,1221.3749896322618,2.2777931189176504,1.1920928955078125e-07,1.1920929e-07,19.54,19.54,12.479998,19.475,16.18,22.77,168.16,1830.79,0.0012972392988644917,0.19456543
1997-09-11,4.271182523323702e-19,1244.7688570019704,2.3708202637886058,1.1920928955078125e-07,1.1920929e-07,36.09,36.09,12.383997,19.965,16.07,23.86,194.96,1822.21,0.0026083870034609544,0.47251603
1997-09-12,2.4038027013997776e-19,1259.0924026230855,2.28587342868986,1.1920928955078125e-07,1.1920929e-07,7.28,7.28,12.383997,19.15,13.57,24.73,261.53,1563.81,0.004000439254106649,0.47251603
1997-09-13,1.3754195710713602e-19,1260.6415316100247,2.194369567602759,1.1920928955078125e-07,1.1920929e-07,1.1920929e-07,0.0,12.287997,18.57,12.24,24.9,377.97,1418.94,0.004189821080930266,0.25942057
1997-09-14,7.542175517241931e-20,1258.617670668997,2.2566185552218276,1.1920928955078125e-07,1.1920929e-07,1.1920929e-07,0.0,12.287997,19.07,13.38,24.76,348.94,1540.46,0.003944134865367952,0.21309547
1997-09-15,3.801878433400533e-20,1256.303999653438,2.336235678229675,1.1920928955078125e-07,1.1920929e-07,1.1920929e-07,0.0,12.287997,19.69,13.72,25.66,358.06,1577.79,0.0036808661353480996,0.20383045
1997-09-16,1.655755500038008e-20,1253.9935607088319,2.3042230215594675,1.1920928955078125e-07,1.1920929e-07,1.1920929e-07,0.0,12.191998,19.62,12.07,27.17,408.84,1405.59,0.003435501962017427,0.19456543
1997-09-17,-1.2987716192396396e-20,1251.8163929688099,2.448877700057595,1.1920928955078125e-07,1.1920929e-07,1.1920929e-07,0.0,12.191998,20.69,13.63,27.75,388.86,1570.66,0.0032192783349036845,0.19456543
1997-09-18,-4.379640096707726e-20,1249.816666505676,2.62315187532985,1.1920928955078125e-07,1.1920929e-07,2.59,2.59,12.096,22.04,16.88,27.2,273.37,1910.85,0.0030326882010611777,0.17603539
1997-09-19,-6.78259471854669e-20,1248.0378040602375,2.2255465703781057,1.1920928955078125e-07,1.1920929e-07,1.1920929e-07,0.0,12.096,19.245,10.5,27.99,428.47,1280.0,0.0028758151980485184,0.18530041
1997-09-20,-7.70338027093697e-20,1246.5232283733014,2.6391838377111845,1.1920928955078125e-07,1.1920929e-07,1.1920929e-07,0.0,12.000003,22.33,16.11,28.55,342.6,1818.2,0.002748661346316289,0.16677037
1997-09-21,-6.337741540059e-20,1245.3163621856745,1.9392257766701158,1.1920928955078125e-07,1.1920929e-07,0.9,0.9,12.000003,17.1,7.81,26.39,436.49,1064.95,0.002651377783015744,0.16677037
1997-09-22,-1.965809023417313e-20,1244.1966087952235,1.3992734811049092,1.1920928955078125e-07,1.1920929e-07,1.1920929e-07,0.0,11.903997,11.92,3.82,20.02,419.99,800.42,0.0025641982283069096,0.15750535
1997-09-23,4.5798027815240964e-20,1242.8518891755737,1.6555554550016554,1.1920928955078125e-07,1.1920929e-07,1.1920929e-07,0.0,11.903997,14.655,8.43,20.88,355.44,1114.67,0.002463283549474746,0.15750535
1997-09-24,1.1617008317362245e-19,1241.3391049118068,1.513195313920151,1.1920928955078125e-07,1.1920929e-07,1.1920929e-07,0.0,11.808,13.345,8.42,18.27,301.79,1113.27,0.0023544956736260875,0.15750535
1997-09-25,1.7461423795598995e-19,1239.7174889590885,1.4241989137583024,1.1920928955078125e-07,1.1920929e-07,1.1920929e-07,0.0,11.808,12.39,4.55,20.23,405.24,843.99,0.0022432111217887676,0.16677037
1997-09-26,2.0428665427736178e-19,1238.0462742725856,1.7764730869564727,1.1920928955078125e-07,1.1920929e-07,1.1920929e-07,0.0,11.711997,16.145,9.9,22.39,345.02,1231.64,0.002134023746397789,0.16677037
1997-09-27,1.8834349425275675e-19,1236.384693807464,1.6203771571290804,1.1920928955078125e-07,1.1920929e-07,1.1920929e-07,0.0,11.711997,14.655,7.0,22.31,388.77,999.99,0.0020307350954170715,0.17603539
1997-09-28,1.0815587100529957e-19,1234.8261291340602,1.6543291863556828,1.1920928955078125e-07,1.1920929e-07,0.07,0.07,11.711997,15.015,8.99,21.04,332.54,1159.47,0.0019383987583708186,0.14824033
1997-09-29,-4.209611509621581e-20,1233.570256836861,1.9715962494108552,1.1920928955078125e-07,1.1920929e-07,15.71,15.71,11.616,18.08,13.72,22.44,189.98,1577.22,0.0018670589513817913,0.19456543
1997-09-30,-2.235527057039058e-19,1232.5209573613147,2.0540836876508917,1.1920928955078125e-07,1.1920929e-07,1.1920929e-07,0.0,11.616,18.785,14.61,22.96,243.36,1663.8,0.0018094708895507738,0.21309547
1997-10-01,-3.9275946423871055e-19,1231.535769988721,1.615462465390459,1.1920928955078125e-07,1.1920929e-07,0.69,0.69,11.520008,14.94,9.85,20.03,293.79,1227.63,0.0017570192600648274,0.16677037
1997-10-02,-5.0626195412157e-19,1230.4722340003807,1.1459113034780763,1.1920928955078125e-07,1.1920929e-07,1.1920929e-07,0.0,11.520008,9.455,0.61,18.3,414.92,637.79,0.0017021016195551118,0.15750535
1997-10-03,-5.206057387734237e-19,1229.1878886775937,1.3572619170105218,1.1920928955078125e-07,1.1920929e-07,1.1920929e-07,0.0,11.423997,12.285,3.86,20.71,397.43,800.87,0.0016380651796222352,0.15750535
1997-10-04,-3.9196784079784884e-19,1227.5408956726233,1.8622412467602385,1.1920928955078125e-07,1.1920929e-07,1.1920929e-07,0.0,11.423997,17.485,9.67,25.3,368.5,1213.49,0.001559460443600905,0.15750535
1997-10-05,-4.223640114901936e-21,1225.6082252498666,2.1128493682713603,1.1920928955078125e-07,1.1920929e-07,1.1920929e-07,0.0,11.328,19.785,11.9,27.67,361.62,1392.2,0.001472018011510113,0.15750535
1997-10-06,6.136918187619267e-19,1223.564251638796,2.4063879895189335,1.1920928955078125e-07,1.1920929e-07,1.1920929e-07,0.0,11.328,22.05,14.92,29.18,333.66,1707.36,0.0013848686980023612,0.14824033
1997-10-07,1.3213340738386746e-18,1221.4705017867134,2.3423782531989246,1.1920928955078125e-07,1.1920929e-07,1.1920929e-07,0.0,11.232,21.76,14.2,29.32,343.88,1615.82,0.0013009440460335546,0.14824033
1997-10-08,1.9782586631213794e-18,1219.3885026409205,2.254588246475236,1.1920928955078125e-07,1.1920929e-07,1.1920929e-07,0.0,11.232,21.13,14.0,28.26,331.18,1600.09,0.0012225341792367324,0.14824033
1997-10-09,2.444021124616079e-18,1217.379781148719,2.1808586348086925,1.1920928955078125e-07,1.1920929e-07,1.1920929e-07,0.0,11.138781,20.73,13.03,28.43,340.55,1485.55,0.0011513665410485508,0.1389753
1997-10-10,2.57817699632881e-18,1215.5058642574108,2.4054433867068954,1.1920928955078125e-07,1.1920929e-07,1.0,1.0,11.136,22.455,16.84,28.07,268.11,1906.92,0.0010887150630567927,0.1389753
1997-10-11,2.240281816265611e-18,1213.8282789142977,1.6420991081310994,1.1920928955078125e-07,1.1920929e-07,1.1920929e-07,0.0,11.136,16.005,6.31,25.7,378.81,944.43,0.001035525315646028,0.1389753
1997-10-12,9.52547522577714e-19,1212.3547734379413,1.3279707120865205,1.1920928955078125e-07,1.1920929e-07,1.1920929e-07,0.0,11.04,12.705,4.35,21.06,357.78,827.65,0.0009909541140952181,0.1389753
1997-10-13,-2.9095519419700917e-18,1210.833762373878,1.5170227856362026,1.1920928955078125e-07,1.1920929e-07,1.1920929e-07,0.0,11.04,14.885,6.83,22.94,342.85,986.37,0.0009469572144439107,0.1389753
1997-10-14,-8.754047228544011e-18,1209.2517301222797,1.8377822613130657,1.1920928955078125e-07,1.1920929e-07,1.1920929e-07,0.0,10.944003,18.235,11.6,24.87,294.57,1367.97,0.0009032664881194752,0.14824033
1997-10-15,-1.5652445932031714e-17,1207.641042661576,1.5252435141187837,1.1920928955078125e-07,1.1920929e-07,7.6,7.6,10.944003,15.16,9.5,20.82,200.19,1200.0,0.0008608547141936704,0.14824033
1997-10-16,-2.2676255647320867e-17,1206.0340659701956,1.2198796486410868,1.1920928955078125e-07,1.1920929e-07,1.1920929e-07,0.0,10.848002,11.71,5.39,18.03,294.24,910.9,0.0008205252392165902,0.15750535
1997-10-17,-2.8896983969299146e-17,1204.4631660265684,1.1192372378584057,1.1920928955078125e-07,1.1920929e-07,1.1920929e-07,0.0,10.848002,10.365,4.93,15.8,264.33,874.62,0.0007829280261016099,0.16677037
1997-10-18,-3.33861384928542e-17,1202.9607088091238,1.142925868863732,1.1920928955078125e-07,1.1920929e-07,11.97,11.97,10.803894,10.78,6.15,15.41,172.66,931.88,0.0007485817624032519,0.19456543
1997-10-19,-3.521522681287374e-17,1201.559060296291,1.1640412064242498,1.1920928955078125e-07,1.1920929e-07,1.1920929e-07,0.0,10.752,11.165,7.04,15.29,209.71,1003.19,0.0007178998244525425,0.25942057
1997-10-20,-3.3455756524245385e-17,1200.290586466499,1.113927837026355,1.1920928955078125e-07,1.1920929e-07,1.1920929e-07,0.0,10.752,10.485,3.59,17.38,307.24,800.0,0.0006912184931605943,0.18530041
1997-10-21,-2.7179235221856844e-17,1199.1876532981778,0.9527163193635337,1.1920928955078125e-07,1.1920929e-07,1.1920929e-07,0.0,10.655997,8.195,0.19,16.2,334.37,614.87,0.000668826453951606,0.17603539
1997-10-22,-6.633758985247906e-18,1198.3044721399972,0.8804080515062844,1.1920928955078125e-07,1.1920929e-07,1.1920929e-07,0.0,10.655997,6.99,1.17,12.81,277.22,653.89,0.0006514200092135848,0.17603539
1997-10-23,6.543423074272677e-17,1197.751933312571,0.7385940913608963,1.1920928955078125e-07,1.1920929e-07,1.1920929e-07,0.0,10.559998,4.47,-3.05,11.99,323.32,480.0,0.0006407612458265128,0.16677037
1997-10-24,1.805476515416166e-16,1197.5117750866457,0.815279521648272,1.1920928955078125e-07,1.1920929e-07,1.1920929e-07,0.0,10.559998,5.965,-1.79,13.72,321.47,537.08,0.0006361830119084106,0.16677037
1997-10-25,3.241045200832975e-16,1197.549643704383,0.9870975782620024,1.1920928955078125e-07,1.1920929e-07,15.45,15.45,10.558345,8.91,4.52,13.3,160.1,841.94,0.0006369027384142536,0.26868558
1997-10-26,4.815028530396453e-16,1197.8311854079448,0.9126946821442806,1.1920928955078125e-07,1.1920929e-07,13.29,13.29,10.464,7.83,5.28,10.38,101.38,898.97,0.0006422792793344328,0.3242757
1997-10-27,6.381406670825359e-16,1198.3220464394929,0.9852082381958716,1.1920928955078125e-07,1.1920929e-07,12.08,12.08,10.464,9.01,5.57,12.45,131.03,920.0,0.0006517619205462819,0.37986583
1997-10-28,7.794159788838453e-16,1198.987873041189,0.8573813481146854,1.1920928955078125e-07,1.1920929e-07,1.1920929e-07,0.0,10.367997,6.995,1.66,12.33,252.78,692.38,0.0006648487560920976,0.30574566
1997-10-29,8.907268051154494e-16,1199.794311455195,0.7927945340820319,1.1920928955078125e-07,1.1920929e-07,1.1920929e-07,0.0,10.367997,5.79,-2.0,13.58,313.74,520.0,0.0006810516875218758,0.23162551
1997-10-30,9.574711624492237e-16,1200.7070079236726,0.9590624817536763,1.1920928955078125e-07,1.1920929e-07,1.1920929e-07,0.0,10.323892,8.77,0.53,17.01,312.62,640.0,0.0006998664114161949,0.22236049
1997-10-31,9.650470675570448e-16,1201.6916086887834,0.9943700988188706,1.1920928955078125e-07,1.1920929e-07,1.1920929e-07,0.0,10.272,9.4,1.03,17.77,308.97,642.47,0.0007207466339916138,0.21309547
1997-11-01,8.98852537110788e-16,1202.7137599926898,1.2106015959026917,1.1920928955078125e-07,1.1920929e-07,13.91,13.91,10.272,12.505,7.82,17.19,156.22,1065.46,0.0007430824740542348,0.23162551
1997-11-02,7.442855877823291e-16,1203.739108077553,1.135348565104634,1.1920928955078125e-07,1.1920929e-07,12.96,12.96,10.176,11.615,8.01,15.22,126.28,1081.18,0.0007661836270547157,0.53737116
1997-11-03,4.911344353500289e-16,1204.6648798350748,0.9130720990418411,1.1920928955078125e-07,1.1920929e-07,1.1920929e-07,0.0,10.176,8.18,0.96,15.4,286.99,640.8,0.0007876576475440997,0.52810615
1997-11-04,2.281365052377691e-16,1204.4289493032563,0.9220700437918612,1.1920928955078125e-07,1.1920929e-07,0.35,0.35,10.176,8.335,3.61,13.06,215.82,800.0,0.0007821285622004197,0.3242757
1997-11-05,3.272106701952501e-17,1203.5475344085824,0.7219980397716623,1.1920928955078125e-07,1.1920929e-07,1.1920929e-07,0.0,10.079997,4.755,-2.43,11.94,286.66,520.0,0.0007618135648186191,0.26868558
1997-11-06,-4.522603460521098e-17,1203.1617419275565,0.7340911053864032,1.1920928955078125e-07,1.1920929e-07,1.1920929e-07,0.0,10.079997,5.01,-1.53,11.55,270.27,557.32,0.000753088594166803,0.24089052
1997-11-07,-2.8251446364213625e-17,1215.2274564111833,0.8558061382095036,1.1920928955078125e-07,1.1920929e-07,27.6,27.6,10.035892,7.26,4.02,10.5,116.77,805.05,0.0010797024172752119,2.5108204
1997-11-08,-1.699411011298812e-17,1254.4633363316682,0.8556914677662026,1.1920928955078125e-07,1.1920929e-07,48.71,48.71,9.983997,6.85,5.41,8.29,58.17,902.29,0.003484029749817736,7.2267156
1997-11-09,-1.028765679277031e-17,1280.8266359887123,0.9527891666567949,1.1920928955078125e-07,1.1920929e-07,4.31,4.31,9.983997,8.185,5.77,10.6,91.57,921.04,0.007654888649097295,1.3248979
1997-11-10,-6.228166889264285e-18,1281.460909688122,0.8665505612360352,1.1920928955078125e-07,1.1920929e-07,1.1920929e-07,0.0,9.888,6.865,3.43,10.3,171.8,786.5,0.00780123936899254,0.8523819
1997-11-11,-3.627135873037773e-18,1280.5882375925642,0.8502549301964207,1.1920928955078125e-07,1.1920929e-07,1.1920929e-07,0.0,9.888,6.585,3.42,9.75,162.65,784.67,0.007600593894055222,0.6022263
1997-11-12,-2.7632994696061872e-14,1279.7827325743458,0.7323370059129943,1.1920928955078125e-07,1.1920929e-07,1.1920929e-07,0.0,9.888,4.335,0.2,8.47,207.27,615.85,0.007419974608465061,0.48178104
1997-11-13,-1.682982921323369e-10,1279.2416749746014,0.5627726679491453,1.1920928955078125e-07,1.1920929e-07,1.1920929e-07,0.0,9.792,0.6,-3.77,4.97,219.17,458.23,0.007301068796492352,0.4076609
1997-11-14,-5.912792881074948e-10,1279.0245102245542,0.576584820274699,1.1920928955078125e-07,1.1920929e-07,14.0,14.0,9.792,0.955,-0.51,2.42,63.64,598.91,0.007253881080355314,0.8153218
1997-11-15,-1.159687341967986e-09,1279.0316759990028,0.6389409685739932,1.1920928955078125e-07,1.1920929e-07,3.64,3.64,9.792,2.46,0.34,4.58,100.89,627.32,0.007255433254536656,1.0098872
1997-11-16,-1.764239174761627e-09,1279.1636099727461,0.5868358814456104,1.1920928955078125e-07,1.1920929e-07,2.2,2.2,9.698783,1.35,-2.06,4.76,161.27,528.98,0.007284070820882478,0.6114913
1997-11-17,-2.2956515075362346e-09,1279.320749820583,0.5611403473816597,1.1920928955078125e-07,1.1920929e-07,1.1920929e-07,0.0,9.696003,0.7,-4.39,5.79,243.19,441.72,0.007318327096455037,0.48178104
1997-11-18,-2.644641061339625e-09,1279.403533217312,0.5198912235861941,1.1920928955078125e-07,1.1920929e-07,1.1920929e-07,0.0,9.696003,-0.405,-7.48,6.67,280.6,360.0,0.007336438509321765,0.4169259
1997-11-19,-2.7019245572196137e-09,1279.3123978377319,0.5933944453795903,1.1920928955078125e-07,1.1920929e-07,1.1920929e-07,0.0,9.696003,1.515,-6.35,9.38,286.08,371.93,0.007316502328314466,0.38913086
1997-11-20,-2.35821871622402e-09,1278.9477813566416,0.7350781281330968,1.1920928955078125e-07,1.1920929e-07,1.1920929e-07,0.0,9.6,4.845,-2.09,11.78,269.89,520.0,0.007237281685022933,0.37060082
1997-11-21,-1.4060510745013441e-09,1278.2342579035067,0.8169884591654397,1.1920928955078125e-07,1.1920929e-07,1.1920929e-07,0.0,9.6,6.455,-0.53,13.44,266.37,596.34,0.00708472677643871,0.36133578
1997-11-22,1.1671834857027418e-09,1277.3951796754554,0.8831692496044508,1.1920928955078125e-07,1.1920929e-07,15.87,15.87,9.6,7.66,3.55,11.77,146.69,799.1,0.006909436786458544,1.1025374
1997-11-23,5.027015345806949e-09,1276.5300735559085,0.8236613993501811,1.1920928955078125e-07,1.1920929e-07,1.1920929e-07,0.0,9.555897,6.67,3.37,9.97,168.04,786.28,0.006733249100650393,0.70414156
1997-11-24,9.445513312284839e-09,1275.6649896164784,0.6309936307589628,1.1920928955078125e-07,1.1920929e-07,1.1920929e-07,0.0,9.504003,2.755,-2.08,7.59,224.62,528.16,0.006561558470962878,0.51884115
1997-11-25,1.3694746191609985e-08,1274.8259779287764,0.5333717822730106,1.1920928955078125e-07,1.1920929e-07,1.1920929e-07,0.0,9.504003,0.305,-6.0,6.61,255.46,400.0,0.006399225401287548,0.43545595
1997-11-26,1.704678279025595e-08,1274.039088564415,0.7351073802100262,1.1920928955078125e-07,1.1920929e-07,1.1920929e-07,0.0,9.504003,5.055,-0.77,10.88,238.74,578.39,0.006250628537926474,0.42619094
1997-11-27,1.877369191469629e-08,1273.330371595006,0.8677919250889343,1.1920928955078125e-07,1.1920929e-07,1.1920929e-07,0.0,9.459894,7.665,3.48,11.85,190.81,798.7,0.006119749518677401,0.4076609
1997-11-28,1.8147542371404576e-08,1272.7258770921612,0.7780759230520882,1.1920928955078125e-07,1.1920929e-07,0.8,0.8,9.408,6.085,0.7,11.47,227.29,640.0,0.006010285083841699,0.37986583
1997-11-29,1.4440402966854383e-08,1272.251655127493,0.9626675846411673,1.1920928955078125e-07,1.1920929e-07,1.1920929e-07,0.0,9.408,9.375,6.63,12.12,136.64,970.63,0.005925783248967601,0.37986583
1997-11-30,-5.324451907277694e-09,1271.929100003649,0.8592902383498958,1.1920928955078125e-07,1.1920929e-07,3.72,3.72,9.408,7.615,5.55,9.68,82.2,916.07,0.00586898688899401,0.4076609
1997-12-01,-6.350899857167104e-08,1271.7494663858392,0.738989806403132,1.1920928955078125e-07,1.1920929e-07,4.56,4.56,9.408,5.315,1.38,9.25,143.69,674.13,0.0058375928613170185,0.5095761
1997-12-02,-1.4586877191927068e-07,1271.6929156915921,0.6549613277074086,1.1920928955078125e-07,1.1920929e-07,1.1920929e-07,0.0,9.363897,3.575,-0.83,7.98,207.12,573.58,0.005827744463738205,0.42619094
1997-12-03,-2.3660809427423557e-07,1271.7396510182114,0.6105332449911834,1.1920928955078125e-07,1.1920929e-07,1.1920929e-07,0.0,9.311997,2.615,-4.0,9.23,253.01,440.1,0.00583588230583819,0.37060082
1997-12-04,-3.1993128796072493e-07,1271.8698754630013,0.7846663219460295,1.1920928955078125e-07,1.1920929e-07,2.02,2.02,9.311997,6.38,1.36,11.4,216.28,669.2,0.005858617782405197,0.38913086
1997-12-05,-3.800426753028976e-07,1272.0637921232662,0.7132013141466996,1.1920928955078125e-07,1.1920929e-07,1.1920929e-07,0.0,9.311997,4.93,-0.19,10.05,223.32,604.05,0.005892637334994948,0.4169259
1997-12-06,-4.0114657862491273e-07,1272.3016040963098,0.5435685512487084,1.1920928955078125e-07,1.1920929e-07,1.1920929e-07,0.0,9.311997,0.905,-2.55,4.36,176.47,506.65,0.005934627409274664,0.39839587
1997-12-07,-3.674473202509297e-07,1272.5635144794364,0.5349643536820289,1.1920928955078125e-07,1.1920929e-07,1.1920929e-07,0.0,9.311997,0.67,-2.52,3.86,165.08,512.69,0.005981218816279017,0.37986583
1997-12-08,-2.6314922250510714e-07,1272.8297263699503,0.6194784637616672,1.1920928955078125e-07,1.1920929e-07,1.1920929e-07,0.0,9.310348,2.82,0.46,5.18,125.24,635.21,0.006028950276225724,0.35207078
1997-12-09,-4.598176168021153e-08,1273.073559293888,0.5136286881522397,1.1920928955078125e-07,2.8538705e-06,1.2599971,1.26,9.2187805,0.22,-3.57,4.01,184.92,474.77,0.006073003363184412,0.34280574
1997-12-10,7.749131349079897e-07,1273.1462284566228,0.5715459259457014,3.874580686799115e-07,1.1920929e-07,6.86,6.86,9.216,1.78,0.14,3.42,66.71,611.55,0.006086194594874599,0.35207078
1997-12-11,2.1811460750044746e-06,1273.018001590156,0.6294303207368982,1.090584930997738e-06,1.1920929e-07,5.77,5.77,9.216,3.205,1.17,5.24,81.63,653.46,0.006062937568328385,0.46325102
1997-12-12,3.910894234125449e-06,1272.7205408134168,0.6457875561031662,1.955485354796996e-06,1.1920929e-07,1.98,1.98,9.216,3.59,1.21,5.97,125.97,657.52,0.006009327538361702,0.42619094
1997-12-13,5.702334787787119e-06,1272.285508245335,0.521909284879568,2.812286143861066e-06,1.1920929e-07,1.1920929e-07,0.0,9.216,0.465,-4.9,5.83,228.55,440.0,0.005931775974282737,0.4076609
1997-12-14,7.293644911505691e-06,1271.7445660048393,0.5322126686384178,3.6441773902069557e-06,1.1920929e-07,1.1920929e-07,0.0,9.216,0.755,-4.05,5.56,213.16,448.96,0.0058367387935990295,0.38913086
1997-12-15,8.423001780797366e-06,1271.1293762108592,0.5228752148648116,4.1729246391356706e-06,1.1920929e-07,1.1920929e-07,0.0,9.216,0.505,-6.49,7.5,247.16,360.43,0.005730506322650363,0.37060082
1997-12-16,8.82858257117836e-06,1270.471600982324,0.6910498723672787,4.4144861452645935e-06,1.1920929e-07,1.1920929e-07,0.0,9.216,4.63,-4.29,13.55,256.11,440.0,0.005619058091007583,0.35207078
1997-12-17,8.24856445816487e-06,1269.802902438163,0.755214200434504,4.12445232612139e-06,1.1920929e-07,1.1920929e-07,0.0,9.216,5.98,-1.79,13.75,246.2,536.87,0.005507980620087776,0.34280574
1997-12-18,6.421124617273108e-06,1269.1549426973056,0.5860769871611572,3.2106653857398953e-06,1.1920929e-07,1.1920929e-07,0.0,9.216,2.195,-5.23,9.62,246.16,421.51,0.0054024431860143895,0.33354074
1997-12-19,3.78304011646838e-06,1268.4701189264767,0.7001261444218712,1.8915558367154927e-06,1.1920929e-07,1.1920929e-07,0.0,9.216,4.85,-2.9,12.6,246.84,487.65,0.005293098691493867,0.34280574
1997-12-20,1.9127029437120342e-06,1267.6687045910926,0.8110428851561164,9.56360617937394e-07,1.1920929e-07,1.1920929e-07,0.0,9.216,7.095,0.31,13.88,234.45,624.47,0.005167945521052613,0.33354074
1997-12-21,1.9026427372832636e-07,1266.9454770096293,0.6140882004787896,1.1920928955078125e-07,1.1920929e-07,1.1920929e-07,0.0,9.216,2.91,-3.92,9.74,238.46,446.47,0.00505754460637701,0.33354074
1997-12-22,0.0008264786542983529,1267.485685129479,0.4851458840948618,1.1920928955078125e-07,0.011512882,2.6784873,2.69,9.216,-0.535,-4.11,3.04,128.07,440.0,0.005139781831495295,0.33354074
1997-12-23,0.0039464037380269315,1272.0049669854864,0.5893915999828605,0.0020121320727785378,1.1920929e-07,7.52,7.52,9.216,2.245,-1.38,5.87,123.41,560.0,0.005882296591786338,0.5095761
1997-12-24,0.0023641327093709744,1276.2663104454384,0.6253210973781378,0.0011960385125927132,1.1920929e-07,1.1920929e-07,0.0,9.216,3.07,-0.44,6.58,161.29,600.0,0.0066804301024432616,0.54663616
1997-12-25,0.0014065023724001873,1284.4139064027931,0.7499462084869686,0.0007081967269800248,1.1920929e-07,16.22,16.22,9.216,5.7,1.32,10.08,142.0,665.75,0.00852031347166609,2.2050748
1997-12-26,0.000837773467752043,1290.0760084357428,0.812292630640677,0.00042064138457148314,1.1920929e-07,1.1920929e-07,0.0,9.216,6.85,3.07,10.63,171.45,765.62,0.010089669354802034,1.1581275
1997-12-27,0.0005040458672284308,1290.8755375721437,0.5884553865146074,0.0002526580878601519,1.1920929e-07,2.9,2.9,9.216,2.005,-2.08,6.09,144.0,520.0,0.010333431228862006,0.8431168
1997-12-28,0.13626304484888122,1293.2154691237881,0.4747068500286618,1.1920928955078125e-07,1.8837019,1.0862981,2.97,9.216,-1.135,-4.75,2.48,131.32,437.86,0.01108120045739218,0.8338518
1997-12-29,1.62535490670917,1292.8135005950112,0.4437777656653594,1.1920928955078125e-07,1.1920929e-07,1.1920929e-07,0.0,9.216,-2.09,-6.57,2.39,201.05,360.0,0.01094899916380645,0.70414156
1997-12-30,2.558136711940772,1296.5263960101408,0.5123661781431109,1.1920928955078125e-07,0.00044306339,10.259558,10.26,9.216,-0.075,-2.51,2.36,91.78,519.19,0.012232637811333534,0.74120164
1997-12-31,3.208867827554104,1300.3972295153794,0.441057858729488,1.1920928955078125e-07,1.1920929e-07,1.1920929e-07,0.0,9.216,-2.26,-5.85,1.33,173.26,394.52,0.013731368418326572,0.6856115
1998-01-01,3.2090276494076257,1300.0195644327898,0.3161592959113688,1.1920928955078125e-07,1.1920929e-07,1.1920929e-07,0.0,9.216,-6.875,-12.8,-0.95,263.1,235.42,0.013577398896178983,0.6114913
1998-01-02,2.8218165407440714,1299.9725224133354,0.5640626687624747,2.821791479929995,1.1920929e-07,1.1920929e-07,0.0,9.267895,1.2,-6.38,8.78,280.36,374.66,0.01355834174414685,0.6022263
1998-01-03,1.0319497130474677,1301.0408996865613,0.8612777491396704,1.0319156766528332,1.1920929e-07,1.1920929e-07,0.0,9.311997,7.46,0.55,14.37,257.52,639.99,0.013997819569947596,0.71340656
1998-01-04,0.37631129164272314,1300.6844527305152,1.0995866949950157,0.36777473518274617,1.1920929e-07,1.1920929e-07,0.0,9.311997,11.285,5.14,17.43,232.31,891.4,0.013849633722413317,0.7875267
1998-01-05,0.1469699547902841,1299.8491658166715,1.010518090675537,0.11948829492374742,1.1920929e-07,1.1920929e-07,0.0,9.311997,9.96,1.5,18.42,258.51,680.0,0.01350849579874276,0.6948765
1998-01-06,0.06731471127739441,1299.5017852014055,1.1623473921036127,0.044576306118354725,1.1920929e-07,1.56,1.56,9.311997,12.185,5.92,18.45,233.12,923.59,0.013369108667991257,0.6392864
1998-01-07,0.0343217203415122,1298.791270532388,1.4021411762329434,0.020077238795603733,1.1920929e-07,1.08,1.08,9.311997,15.235,12.64,17.83,124.8,1451.37,0.013088476534767291,0.6763465
1998-01-08,0.019302746841862707,1320.2681299434882,1.5978045153991334,0.010579981999996433,1.1920929e-07,39.96,39.96,9.311997,17.125,15.17,19.08,70.98,1727.77,0.02485323280843239,14.268131
1998-01-09,0.011239973261580025,1345.2331466197672,1.3721780939879742,0.0059354970260437085,1.1920929e-07,12.95,12.95,9.408,14.14,9.88,18.4,143.14,1230.13,0.05237308508854437,5.077231
1998-01-10,0.006387670554779379,1349.885825020808,0.8174154023993075,0.003295806445356896,1.1920929e-07,0.21,0.21,9.408,5.94,-0.99,12.87,257.35,563.15,0.0601783345658543,2.0846295
1998-01-11,0.003657051244182376,1348.7894945595633,0.718827084419303,0.0018619569557519083,1.1920929e-07,1.1920929e-07,0.0,9.408,4.015,-1.59,9.62,240.57,552.98,0.058240336585917464,1.5009333
1998-01-12,0.00211667569192838,1347.7149177954334,0.6073835083785263,0.0010695378990053799,1.1920929e-07,1.1920929e-07,0.0,9.408,1.535,-3.89,6.96,239.6,449.01,0.05640137237975846,1.2229826
1998-01-13,0.0012529523842997434,1348.8017243406748,0.7176325103510407,0.0006304008649991172,1.1920929e-07,3.53,3.53,9.408,3.99,-0.51,8.49,161.59,594.94,0.05826160731050198,1.0932723
1998-01-14,0.011310546301882942,1349.3401520753039,0.544778383259563,1.1920928955078125e-07,1.1920929e-07,1.1920929e-07,0.0,9.504003,-0.21,-6.26,5.84,256.95,380.42,0.059205811510835836,0.93576705
1998-01-15,3.945135373888581,1349.1652882863991,0.4811417177782906,1.1920928955078125e-07,8.788969,0.0010310841,8.79,9.504003,-1.985,-5.89,1.92,165.91,399.06,0.05889749881997524,1.399018
1998-01-16,5.393092526224544,1360.5818763992365,0.6160614516518773,5.393088668784173,1.1920929e-07,18.05,18.05,9.504003,1.455,-0.46,3.37,89.62,598.56,0.08282043986564483,4.512065
1998-01-17,1.9721712224253118,1373.0968219837107,0.691919234734974,1.9721712170560595,1.1920929e-07,1.1920929e-07,0.0,9.504003,3.03,0.53,5.53,152.68,630.5,0.12034298682802684,1.8530041
1998-01-18,0.7194134521038845,1376.5952066581492,0.6597082027803339,0.7188735940228201,1.1920929e-07,5.77,5.77,9.6,2.14,-0.75,5.03,129.34,579.17,0.13359336417189202,2.0383043
1998-01-19,0.26549160797357135,1379.0098799672078,0.6236316684298279,0.24805145034813753,1.1920929e-07,0.26,0.26,9.6,1.29,-0.52,3.1,110.5,587.27,0.14358078792973067,1.4268131
1998-01-20,0.10903749311497292,1378.5213448458699,0.5933298565414592,0.08121561896411544,1.1920929e-07,1.1920929e-07,0.0,9.6,0.57,-2.24,3.38,163.26,520.0,0.14150162297241947,1.2322477
1998-01-21,0.1143571446368882,1377.825686403833,0.5074168226010051,1.1920928955078125e-07,1.1920929e-07,1.1920929e-07,0.0,9.602783,-1.675,-6.03,2.68,232.56,392.33,0.13859281292976056,1.0562123
1998-01-22,0.11440151768234375,1377.1725944524728,0.5408470979204848,1.1920928955078125e-07,1.1920929e-07,1.1920929e-07,0.0,9.696003,-0.895,-4.99,3.2,222.03,439.98,0.13591643168327885,0.97282714
1998-01-23,0.08865736445673686,1391.0543528740654,0.660145158995472,0.06278560174728685,1.1920929e-07,29.17,29.17,9.696003,1.85,-2.41,6.11,169.66,516.73,0.2057211261470086,7.2081857
1998-01-24,0.044941088013769455,1410.0400982399617,0.7219609003089461,0.027436496315489826,1.1920929e-07,10.36,10.36,9.696003,2.97,0.19,5.75,122.13,614.85,0.36263525009233494,3.8449833
1998-01-25,0.024692577866934858,1415.8839010276354,0.6459921205643152,0.013862651428916246,1.1920929e-07,3.75,3.75,9.792,1.13,-2.62,4.88,158.21,503.44,0.4317650858603087,2.3718452
1998-01-26,0.016424928306849374,1416.4244677395732,0.5974159893544607,1.1920928955078125e-07,1.1920929e-07,1.1920929e-07,0.0,9.792,-0.01,-4.97,4.95,256.84,433.38,0.4387904164968553,1.797414
1998-01-27,0.010509658642538633,1417.005981193647,0.6253138404049458,0.00551807072197993,1.1920929e-07,1.1920929e-07,0.0,9.792,0.645,-3.39,4.68,226.79,479.91,0.4464755793132785,1.5472584
1998-01-28,0.006034366333388558,1433.963224538961,0.6651984976856433,0.003108169116555857,1.1920929e-07,27.64,27.64,9.888,1.23,-1.11,3.57,109.42,562.46,0.7407726365687399,10.840074
1998-01-29,0.0035504029653575884,1451.3950532522827,0.8280498133065689,0.0018067115758218304,1.1920929e-07,11.37,11.37,9.888,4.29,-1.19,9.77,207.37,560.0,1.2465972836132757,4.4842696
1998-01-30,0.0020889450867374367,1453.928298026924,0.907225909124842,0.0010553813756202864,1.1920929e-07,1.1920929e-07,0.0,9.888,5.64,0.36,10.92,269.44,622.14,1.3445444263766464,2.5200856
1998-01-31,0.0011665252206139703,1452.0664318644576,0.7296355978335959,0.0005866645244557235,1.1920929e-07,1.1920929e-07,0.0,9.983997,2.26,-1.21,5.73,211.54,561.32,1.2718387344769164,1.9085941
1998-02-01,0.0006243235534523328,1450.1147093152524,0.6789891056882907,0.00031313405824218333,1.1920929e-07,1.1920929e-07,0.0,9.983997,1.225,-5.37,7.82,308.28,410.75,1.199841160945869,1.5750535
1998-02-02,0.0003620499343390622,1447.8342101928258,0.7036514082053598,0.0001813526671989604,1.1920929e-07,1.1920929e-07,0.0,9.983997,1.77,-5.05,8.59,313.95,435.61,1.120862058143477,1.4082831
1998-02-03,0.000197456156236955,1445.9932332108917,0.7901844149474955,9.882555042089767e-05,1.1920929e-07,1.1920929e-07,0.0,10.079997,3.36,0.13,6.59,207.82,610.39,1.0609133937944066,1.3248979
1998-02-04,0.00011707033104213635,1450.201388139727,0.744998101308832,5.856942917318064e-05,1.1920929e-07,13.42,13.42,10.079997,2.445,0.62,4.27,104.3,637.23,1.2029504371871518,1.9085941
1998-02-05,6.984377968319191e-05,1466.3888904009243,0.765658640643486,3.4934085225001286e-05,1.1920929e-07,23.45,23.45,10.079997,2.685,0.85,4.52,103.45,639.98,1.9505343532039228,6.6522846
1998-02-06,4.147049893889171e-05,1473.836590630182,0.8442061138939206,2.0739548975089836e-05,1.1920929e-07,2.36,2.36,10.176,3.92,1.33,6.51,172.7,669.9,2.436290632316099,2.9740715
1998-02-07,2.4550533819228164e-05,1471.9905275699066,0.777216926206426,1.2276773731383536e-05,1.1920929e-07,1.1920929e-07,0.0,10.176,2.71,-2.15,7.57,294.24,522.72,2.305636864430169,2.0660994
1998-02-08,1.3780688413257162e-05,1469.0666765519145,0.7739074659538384,6.8908189750606874e-06,1.1920929e-07,1.1920929e-07,0.0,10.270348,2.54,-3.23,8.31,319.39,480.0,2.112889937004426,1.7325587
1998-02-09,7.510132781580049e-06,1466.560505395634,0.7446397241006429,3.7552073960259508e-06,1.1920929e-07,1.1920929e-07,0.0,10.272,1.995,-5.5,9.49,346.89,400.0,1.960554692286815,1.5101982
1998-02-10,1.4042383679783239e-06,1465.5127023662017,0.8377617604565787,7.021241137026471e-07,1.1920929e-07,1.1920929e-07,0.0,10.272,3.75,-4.5,12.0,353.15,440.0,1.9001677222376305,1.361958
1998-02-11,-3.4541560339186157e-06,1465.804932451584,0.900846730533299,1.1920928955078125e-07,1.1920929e-07,1.1920929e-07,0.0,10.367997,4.695,-2.06,11.45,340.27,520.0,1.9168199891962936,1.361958
1998-02-12,-5.509956494355763e-06,1467.2433966825013,1.0386475758585005,1.1920928955078125e-07,1.1920929e-07,12.47,12.47,10.367997,6.84,3.0,10.68,193.11,760.06,2.00094024811359,3.205697
1998-02-13,-3.883270684352501e-06,1468.6479946319935,0.8692121498966652,1.1920928955078125e-07,1.1920929e-07,1.1920929e-07,0.0,10.419894,4.055,-0.9,9.01,308.9,568.21,2.086641117195524,1.6306436
1998-02-14,-1.7539644541733606e-06,1465.998197416017,0.7582673580163849,1.1920928955078125e-07,1.1920929e-07,1.1920929e-07,0.0,10.464,1.995,-1.84,5.83,269.18,537.85,1.9279129771341845,1.389753
1998-02-15,0.0008535318758272816,1463.4671164879196,0.6031567839167825,1.1920928955078125e-07,1.1920929e-07,1.1920929e-07,0.0,10.464,-1.295,-7.56,4.97,349.64,346.4,1.787584190473131,1.2229826
1998-02-16,0.0009659667735400812,1461.156232118698,0.6401682636351117,1.1920928955078125e-07,1.1920929e-07,1.1920929e-07,0.0,10.559998,-0.55,-6.25,5.15,337.31,380.46,1.6684027869949567,1.1581275
1998-02-17,0.0008336461634351996,1463.2720469538338,0.8262218400822992,0.0004185604864701612,1.1920929e-07,10.3,10.3,10.559998,3.155,-0.37,6.68,187.32,597.49,1.7772028784156313,1.834474
1998-02-18,0.0005004910541277342,1479.3031828574867,1.2192089189905184,0.0002508717539948191,1.1920929e-07,25.78,25.78,10.655997,8.765,4.79,12.74,199.67,863.52,2.868238429209702,12.044526
1998-02-19,0.0003013645718786363,1488.4726514635513,1.2095304141080714,0.000150909337280436,1.1920929e-07,2.0,2.0,10.655997,8.545,5.36,11.73,225.94,900.57,3.7715266546501893,3.2334921
1998-02-20,0.00018160752869136816,1485.855615043062,1.0370124481908032,9.088621755921577e-05,1.1920929e-07,2.51,2.51,10.655997,6.205,2.55,9.86,213.35,726.57,3.4880416449875584,2.4274354
1998-02-21,0.00010897373124739387,1482.3183572781113,1.0978133687469138,5.451655380601392e-05,1.1920929e-07,1.1920929e-07,0.0,10.752,6.975,4.64,9.31,178.95,851.89,3.138437524466405,2.0475695
1998-02-22,6.318849089622378e-05,1477.12952713405,0.9809511518019376,3.1604227411234115e-05,1.1920929e-07,1.1920929e-07,0.0,10.752,5.315,0.36,10.27,324.65,624.53,2.6879990885242657,1.6769687
1998-02-23,3.7503765518454585e-05,1481.3563090166676,0.9421505936673463,1.8755399090256237e-05,1.1920929e-07,16.08,16.08,10.848002,4.53,1.39,7.67,185.16,671.26,3.0495689545366527,4.3823547
1998-02-24,2.17618490403253e-05,1499.1083481416242,0.855578350606893,1.0882108465342114e-05,1.1920929e-07,27.99,27.99,10.848002,2.915,0.75,5.08,131.58,640.26,5.181218658259835,12.415127
1998-02-25,1.3080635634303283e-05,1506.3739588225326,1.0351983740596769,6.5407455747225245e-06,1.1920929e-07,1.75,1.75,10.944003,5.565,1.8,9.33,268.82,694.8,6.4364474663254985,3.9746938
1998-02-26,7.881808487508313e-06,1500.0096919195698,1.0965461079925598,3.941059551016661e-06,1.1920929e-07,1.1920929e-07,0.0,10.944003,6.505,0.02,12.99,378.43,603.32,5.3225504463603865,2.723916
1998-02-27,4.616276279068294e-06,1494.1653498787553,1.201856835883593,2.3081914145508494e-06,1.1920929e-07,1.1920929e-07,0.0,10.946783,7.97,-0.05,15.99,399.6,600.42,4.470285806865051,2.279195
1998-02-28,1.7835015891106959e-06,1490.2665867567555,1.273733041518294,8.917587467501438e-07,1.1920929e-07,1.1920929e-07,0.0,11.04,8.78,2.71,14.85,366.22,736.83,3.9790502196083755,2.0290394
1998-03-01,-3.2584952059050095e-07,1487.7285268121534,1.2146981020958512,1.1920928955078125e-07,1.1920929e-07,3.97,3.97,11.04,8.07,2.76,13.38,260.3,740.97,3.6886546880959137,1.9085941
1998-03-02,-1.0969990636095566e-06,1485.674439623474,1.134031910336212,1.1920928955078125e-07,1.1920929e-07,1.1920929e-07,0.0,11.136,6.9,1.44,12.36,355.15,675.33,3.46922391508346,1.7325587
1998-03-03,-5.865905695632027e-07,1483.545481543215,0.988113512298511,1.1920928955078125e-07,1.1920929e-07,18.26,18.26,11.136,4.83,-0.2,9.86,260.1,602.79,3.2555607188438724,3.9283686
1998-03-04,-3.017787602923613e-09,1481.4660526485823,0.8663180750170895,1.1920928955078125e-07,1.1920929e-07,7.29,7.29,11.232,2.76,-1.82,7.34,251.51,536.54,3.0595779372961704,3.2890823
1998-03-05,4.599471744177264e-07,1479.1974058974374,0.8496137502984724,2.2997411608737136e-07,1.1920929e-07,1.1920929e-07,0.0,11.232,2.495,-1.8,6.79,323.55,535.91,2.8591940007474053,2.733181
1998-03-06,6.479672237660695e-07,1476.4839298160002,0.8417769840361201,3.239846615368424e-07,1.1920929e-07,1.1920929e-07,0.0,11.328,2.26,-4.46,8.98,407.03,440.0,2.6366807949632918,2.1865447
1998-03-07,4.6489515200220226e-07,1473.2382346423644,1.1209843616931996,2.3244811631985705e-07,1.1920929e-07,1.1920929e-07,0.0,11.328,6.59,-0.12,13.3,400.1,600.0,2.393151097900962,1.9549192
1998-03-08,3.180489570167847e-07,1470.6993592733104,1.2583067512303054,1.5902473139624001e-07,1.1920929e-07,11.38,11.38,11.423997,8.265,4.33,12.2,217.29,830.83,2.218442243582267,4.308234
1998-03-09,2.869368301904809e-07,1468.9190579871206,1.4324519280740216,1.4346862092710178e-07,1.1920929e-07,33.15,33.15,11.423997,10.31,4.9,15.72,267.81,872.14,2.1035976730613832,9.913571
1998-03-10,3.332797351430338e-07,1467.5855343592489,1.2315399043983686,1.6664014525997155e-07,1.1920929e-07,4.08,4.08,11.423997,7.965,-0.41,16.34,325.31,592.19,2.0214856961122405,4.187789
1998-03-11,4.187986354941873e-07,1466.3869919651493,0.6247766274362352,1.1920928955078125e-07,1.1920929e-07,1.1920929e-07,0.0,11.520008,-2.19,-6.49,2.11,329.11,360.45,1.9504237933049429,2.705386
1998-03-12,5.052144948636838e-07,1465.011634380276,0.5543088810382043,1.1920928955078125e-07,1.1920929e-07,1.1920929e-07,0.0,11.520008,-3.86,-8.7,0.98,365.21,319.88,1.871951143255851,2.2514
1998-03-13,5.54248276871267e-07,1463.147665180083,0.5941757898898514,1.1920928955078125e-07,1.1920929e-07,1.1920929e-07,0.0,11.616,-2.985,-8.78,2.81,406.06,311.56,1.7706149633218957,2.0197744
1998-03-14,5.520754170300253e-07,1460.782130726053,0.8378954281744317,2.7603847048317786e-07,1.1920929e-07,1.1920929e-07,0.0,11.616,1.98,-3.09,7.05,375.23,485.15,1.6498705688974362,1.9363892
1998-03-15,5.168132394539195e-07,1458.4119091005325,0.8165607219816781,2.5840717965084887e-07,1.1920929e-07,1.1920929e-07,0.0,11.711997,1.505,-3.38,6.39,369.75,476.04,1.5371450171144139,1.7418238
1998-03-16,4.2384038177838434e-07,1456.1109629252082,0.8011711135170891,2.1191950315996318e-07,1.1920929e-07,1.1920929e-07,0.0,11.711997,1.25,-3.59,6.09,369.55,470.59,1.4350866131970725,1.6028485
1998-03-17,2.6839974735772613e-07,1453.939681898455,0.775308913288354,1.3397276370915776e-07,1.1920929e-07,1.1920929e-07,0.0,11.808,0.675,-5.0,6.35,408.96,440.0,1.3450015139157523,1.4916682
1998-03-18,1.554045583194393e-07,1455.3085694716983,0.9166737249979786,1.1920928955078125e-07,1.1920929e-07,8.33,8.33,11.808,3.12,0.05,6.19,200.22,604.01,1.4011136111945348,1.843739
1998-03-19,9.31372299886108e-08,1469.8924907796008,1.254043561182207,1.1920928955078125e-07,1.1920929e-07,23.86,23.86,11.903997,7.585,3.05,12.12,266.69,764.01,2.165635374282953,9.45032
1998-03-20,5.619198891074419e-08,1480.319798726657,1.3651259269361433,1.1920928955078125e-07,1.1920929e-07,4.45,4.45,11.903997,8.79,4.66,12.92,249.87,852.46,2.9566360436095214,3.650418
1998-03-21,3.398877599240008e-08,1495.9353948665407,1.0514077682867877,1.1920928955078125e-07,1.1920929e-07,34.23,34.23,12.000003,4.515,1.58,7.45,194.58,685.6,4.712894741595416,19.456543
1998-03-22,2.0567062203552845e-08,1509.315963543158,0.881047959008099,1.1920928955078125e-07,1.1920929e-07,7.57,7.57,12.000003,1.76,-0.57,4.09,161.97,588.46,7.027416006301512,6.1149135
1998-03-23,1.2394999983090398e-08,1504.702372947533,0.9400707603423897,1.1920928955078125e-07,1.1920929e-07,1.1920929e-07,0.0,12.000003,2.76,-2.07,7.59,386.23,520.0,6.1230881805778345,3.7986584
1998-03-24,7.399537153619955e-09,1498.1775380169781,0.9355375038959975,1.1920928955078125e-07,1.1920929e-07,1.1920929e-07,0.0,12.096,2.635,-3.0,8.27,423.42,480.0,5.039204238040698,3.0203965
1998-03-25,4.297765047397956e-09,1492.6145742968097,0.9342740199293591,1.1920928955078125e-07,1.1920929e-07,1.1920929e-07,0.0,12.096,2.67,-4.61,9.95,470.78,440.0,4.268017008356585,2.5942056
1998-03-26,1.9062635918332486e-09,1487.3433053166636,1.5508738478193052,1.1920928955078125e-07,1.1920929e-07,1.1920929e-07,0.0,12.191998,10.34,1.82,18.86,478.58,704.7,3.6464710800627174,2.279195
1998-03-27,-9.79874751817138e-10,1481.852204297164,2.5668694894140054,1.1920928955078125e-07,1.1920929e-07,1.1920929e-07,0.0,12.191998,18.62,10.71,26.53,446.39,1296.53,3.0950581236801593,2.0938945
1998-03-28,-3.5984571788987536e-09,1476.3083722738966,2.981052178281694,1.1920928955078125e-07,1.1920929e-07,1.1920929e-07,0.0,12.287997,21.1,15.24,26.96,381.48,1732.79,2.6228960183442,1.9271241
1998-03-29,-5.161871909198484e-09,1470.887090405161,2.978742211694396,1.1920928955078125e-07,1.1920929e-07,1.1920929e-07,0.0,12.287997,21.15,14.57,27.73,410.18,1651.29,2.230912132704775,1.7510889
1998-03-30,-4.882507162503208e-09,1465.7636398492566,2.915966209174863,1.1920928955078125e-07,1.1920929e-07,1.1920929e-07,0.0,12.383997,20.71,11.56,29.86,466.63,1364.41,1.9144581718064995,1.6306436
1998-03-31,-3.027203325659355e-09,1459.3943653125964,3.108032413424815,1.1920928955078125e-07,1.1920929e-07,1.1920929e-07,0.0,12.383997,21.885,14.28,29.49,434.72,1622.19,1.5829037380141946,1.5194633
1998-04-01,-1.8229538784930735e-09,1467.892994182133,3.0828052437776248,1.1920928955078125e-07,1.1920929e-07,27.46,27.46,12.479998,21.51,16.35,26.67,275.73,1851.56,2.0401286377043935,4.3267646
1998-04-02,-1.0987546207490692e-09,1485.2915810334357,2.264828116619544,1.1920928955078125e-07,1.1920929e-07,16.72,16.72,12.479998,16.1,10.99,21.21,282.06,1318.96,3.4297916951768435,4.2989693
1998-04-03,-6.602684208508776e-10,1487.1624185110475,1.6808958372466691,1.1920928955078125e-07,1.1920929e-07,1.1920929e-07,0.0,12.576006,11.125,3.42,18.83,474.44,793.74,3.6268298887474435,2.316255
1998-04-04,-3.1329214189334676e-10,1482.8887282003313,1.5549159090444808,1.1920928955078125e-07,1.1920929e-07,1.89,1.89,12.576006,9.94,4.87,15.01,376.55,869.27,3.1923432115651535,2.1402197
1998-04-05,-2.891818130851732e-11,1478.7970386398565,1.3028865622754493,1.1920928955078125e-07,1.1920929e-07,1.1920929e-07,0.0,12.576006,7.235,2.02,12.45,397.71,706.6,2.825218225152354,1.9549192
1998-04-06,1.2036920221015424e-10,1474.8712532592576,1.3591549585397547,1.1920928955078125e-07,1.1920929e-07,1.1920929e-07,0.0,12.672003,7.81,0.54,15.08,477.21,634.36,2.512729434523425,1.7881489
1998-04-07,9.4142249034225e-11,1470.7050367458664,1.4600718190314073,1.1920928955078125e-07,1.1920929e-07,1.1920929e-07,0.0,12.672003,8.965,-0.16,18.09,511.12,600.83,2.218818341050411,1.6769687
1998-04-08,5.472995382055997e-11,1466.4500834245246,1.8762821398523473,1.1920928955078125e-07,1.1920929e-07,1.1920929e-07,0.0,12.768005,12.865,5.43,20.3,468.15,913.36,1.9541014324294603,1.6213785
1998-04-09,3.272346922224332e-11,1472.0465456064912,1.8624906697682608,1.1920928955078125e-07,1.1920929e-07,19.52,19.52,12.768005,12.685,6.36,19.01,326.71,951.87,2.3094964659349477,6.2353587
1998-04-10,1.960154352670193e-11,1486.1747595129177,1.4029803654700654,1.1920928955078125e-07,1.1920929e-07,15.68,15.68,12.864003,7.95,3.57,12.33,261.9,790.86,3.521438091189349,4.030284
1998-04-11,1.1734403526028324e-11,1487.3088889019505,1.363688089831149,1.1920928955078125e-07,1.1920929e-07,1.1920929e-07,0.0,12.864003,7.5,-0.53,15.53,499.29,597.66,3.642725874098888,2.353315
1998-04-12,6.892718723530458e-12,1482.472062080581,1.5801584389089183,1.1920928955078125e-07,1.1920929e-07,1.1920929e-07,0.0,12.96,9.725,1.5,17.95,499.25,680.03,3.1528739040266736,2.0197744
1998-04-13,3.955291041287834e-12,1477.912257019952,1.6527133377536907,1.1920928955078125e-07,1.1920929e-07,1.1920929e-07,0.0,12.96,10.48,1.0,19.96,520.3,640.22,2.7515594321006804,1.797414
1998-04-14,1.930896573852468e-12,1473.7431703639224,1.95908008420248,1.1920928955078125e-07,1.1920929e-07,1.1920929e-07,0.0,13.05322,13.125,5.96,20.29,459.26,922.49,2.429504457109485,1.6954987
1998-04-15,7.307523760446508e-14,1469.8484956168288,2.2295532417887265,1.1920928955078125e-07,1.1920929e-07,1.2,1.2,13.056,15.27,9.44,21.1,400.72,1195.07,2.1627924487789154,1.6399086
1998-04-16,-1.1390183986983764e-12,1465.9013384745992,2.547624212746982,1.1920928955078125e-07,1.1920929e-07,1.1920929e-07,0.0,13.056,17.525,11.25,23.8,415.33,1340.11,1.9223454834549751,1.5009333
1998-04-17,-1.225750055355334e-12,1461.5754795462517,2.9039445832474176,1.1920928955078125e-07,1.1920929e-07,1.1920929e-07,0.0,13.152,19.66,14.33,24.99,363.09,1626.61,1.6894189196453144,1.5379933
1998-04-18,-7.170876368438192e-13,1461.2374576183327,1.987066323058036,1.1920928955078125e-07,1.1920929e-07,7.08,7.08,13.152,13.37,4.69,22.05,377.58,855.34,1.6724539569700276,1.6213785
1998-04-19,-4.151937253918578e-13,1466.8642021816984,1.8051528255480678,1.1920928955078125e-07,1.1920929e-07,11.25,11.25,13.248009,11.65,7.17,16.13,249.35,1013.72,1.9784134035839018,2.297725
1998-04-20,-2.484595984166719e-13,1479.6934297793027,1.7430394789228567,1.1920928955078125e-07,1.1920929e-07,19.89,19.89,13.248009,10.955,7.09,14.82,220.37,1007.03,2.9018545672516587,4.104404
1998-04-21,-1.4923029498556775e-13,1484.9974718340493,1.820026414980811,1.1920928955078125e-07,1.1920929e-07,1.1920929e-07,0.0,13.343997,11.47,4.08,18.86,466.4,806.54,3.399804814073063,2.0753646
1998-04-22,-8.960513239621563e-14,1479.6382129640886,1.9444141681654719,1.1920928955078125e-07,1.1920929e-07,1.1920929e-07,0.0,13.343997,12.585,5.52,19.65,451.25,920.0,2.897074329774712,1.7696189
1998-04-23,-5.3668439314559047e-14,1474.9760873061668,1.9753905337135977,1.1920928955078125e-07,1.1920929e-07,1.1920929e-07,0.0,13.343997,12.89,6.68,19.1,415.83,974.4,2.5206069340231845,1.6121135
1998-04-24,-7.295395388924349e-15,1470.7986474801328,2.0982009314082175,1.1920928955078125e-07,1.1920929e-07,1.1920929e-07,0.0,13.439995,13.795,6.59,21.0,455.54,967.17,2.225028674248826,1.5009333
1998-04-25,6.46586448589092e-14,1467.193304647821,2.3774535007535555,1.1920928955078125e-07,1.1920929e-07,1.1920929e-07,0.0,13.439995,15.88,9.41,22.35,424.23,1192.45,1.99794978474944,1.3434279
1998-04-26,1.449809078188666e-13,1464.0823865563982,2.3427103416025106,1.1920928955078125e-07,1.1920929e-07,1.0,1.0,13.535997,15.555,9.13,21.98,426.29,1170.32,1.8207268977103659,1.2785728
1998-04-27,2.1645861988087258e-13,1461.3882209530316,1.6103963413549767,1.1920928955078125e-07,1.1920929e-07,6.71,6.71,13.535997,9.565,3.64,15.49,313.29,795.02,1.6799994598068322,1.3063679
1998-04-28,2.6187900743485224e-13,1459.0331355848878,1.5060937964452001,1.1920928955078125e-07,1.1920929e-07,1.1920929e-07,0.0,13.580106,8.495,0.55,16.44,498.35,633.33,1.5659229257248006,1.1488625
1998-04-29,2.6402929687073004e-13,1456.9394581991332,1.8687644956388658,1.1920928955078125e-07,1.1920929e-07,1.1920929e-07,0.0,13.632,11.855,2.46,21.25,528.49,720.39,1.4710293600765771,1.0932723
1998-04-30,2.056967145784314e-13,1455.0295165429354,2.4183604455989376,1.1920928955078125e-07,1.1920929e-07,1.83,1.83,13.632,16.065,9.13,23.0,444.27,1170.57,1.3894880919163441,1.0840074
1998-05-01,1.0612350809525488e-13,1455.138413476616,2.4651950269838054,1.1920928955078125e-07,1.1920929e-07,5.22,5.22,13.727997,16.265,11.97,20.56,235.74,1397.72,1.3940132852866138,1.1766576
1998-05-02,1.914757348875666e-14,1459.1008059541148,2.4466404417387175,1.1920928955078125e-07,1.1920929e-07,18.48,18.48,13.727997,16.095,12.82,19.37,186.84,1474.0,1.5690900724052814,2.0383043
1998-05-03,-3.3930930929404046e-14,1465.945351790648,2.431039829472403,1.1920928955078125e-07,1.1920929e-07,7.17,7.17,13.72965,15.91,10.38,21.44,295.42,1270.27,1.924873391988248,1.9734493
1998-05-04,-3.3947637912637895e-14,1474.6203695751465,2.7135288487430302,1.1920928955078125e-07,1.1920929e-07,15.31,15.31,13.824,17.525,12.58,22.47,268.4,1446.2,2.4939772025853193,1.9734493
1998-05-05,-1.4988427400620966e-14,1482.7241405623365,2.63366130243278,1.1920928955078125e-07,1.1920929e-07,8.56,8.56,13.824,16.935,13.87,20.0,178.58,1589.75,3.1766937089744114,3.4187925
1998-05-06,2.7244313791391766e-16,1489.6080205623514,2.3871383713030654,1.1920928955078125e-07,1.1920929e-07,20.74,20.74,13.920003,15.12,10.1,20.14,281.67,1247.69,3.9015725741054688,3.7801282
1998-05-07,7.750013761211352e-15,1495.4827682386006,2.4660777421687095,1.1920928955078125e-07,1.1920929e-07,3.0,3.0,13.920003,15.59,9.51,21.67,325.92,1200.72,4.649630699892232,2.28846
1998-05-08,5.5893878099991996e-15,1500.079894537607,2.555939338923703,1.1920928955078125e-07,1.1920929e-07,23.24,23.24,13.920003,16.13,13.3,18.96,175.48,1528.73,5.333718789971981,5.8554926
1998-05-09,2.9925715042819103e-15,1501.3264344268016,2.5478034249410912,1.1920928955078125e-07,1.1920929e-07,6.44,6.44,14.015994,15.95,12.55,19.35,211.21,1444.41,5.535975914940727,3.9561636
1998-05-10,1.6336955708195296e-15,1499.7161987478394,2.478793096413187,1.1920928955078125e-07,1.1920929e-07,5.38,5.38,14.015994,15.515,12.52,18.51,190.01,1441.85,5.27611210276862,2.6775908
1998-05-11,9.13092618993647e-16,1501.5959446686993,2.168027658849508,1.1920928955078125e-07,1.1920929e-07,8.71,8.71,14.015994,13.31,11.04,15.58,154.08,1323.24,5.580703809677227,3.187167
1998-05-12,4.75721703445054e-16,1509.4580380087616,2.0112150030781892,1.1920928955078125e-07,1.1920929e-07,23.08,23.08,14.111998,11.91,9.82,14.0,148.88,1225.54,7.057290021668577,6.69861
1998-05-13,2.795834473620908e-16,1514.3214111384875,2.2481129366416432,1.1920928955078125e-07,1.1920929e-07,5.45,5.45,14.111998,13.65,8.92,18.38,305.9,1153.2,8.160224067604949,4.8734007
1998-05-14,1.6153928751628153e-16,1506.7287138981776,2.402727627621534,1.1920928955078125e-07,1.1920929e-07,1.1920929e-07,0.0,14.111998,14.815,5.55,24.08,558.63,920.0,6.504986407053896,3.0852518
1998-05-15,9.587053966686043e-17,1498.2476708595395,3.0785869172091975,1.1920928955078125e-07,1.1920929e-07,1.1920929e-07,0.0,14.208003,18.92,9.52,28.32,545.74,1201.52,5.049767513918081,2.5942056
1998-05-16,5.566700762819253e-17,1490.3495156468384,3.7285036830179705,1.1920928955078125e-07,1.1920929e-07,1.1920929e-07,0.0,14.208003,22.295,13.11,31.48,527.36,1496.89,3.9889149106758084,2.3069901
1998-05-17,4.785061900454953e-18,1482.7516015202682,4.171060942203734,1.1920928955078125e-07,1.1920929e-07,1.1920929e-07,0.0,14.208003,24.35,17.2,31.5,466.64,1952.73,3.1792994395685468,2.0938945
1998-05-18,-5.929350913901143e-17,1475.5082224188793,3.4763187129382294,1.1920928955078125e-07,1.1920929e-07,1.1920929e-07,0.0,14.304006,21.14,12.51,29.77,521.89,1440.83,2.5609753938161792,1.843739
1998-05-19,-1.203436774756983e-16,1468.7451677845588,4.002097578733595,1.1920928955078125e-07,1.1920929e-07,1.1920929e-07,0.0,14.304006,23.67,16.07,31.27,481.95,1811.0,2.092704076657554,1.6584386
1998-05-20,-1.6214041509509726e-16,1462.5882270591933,4.102446890469131,1.1920928955078125e-07,1.1920929e-07,1.1920929e-07,0.0,14.304006,24.18,16.73,31.63,472.06,1898.78,1.7412847984947382,1.5287284
1998-05-21,-1.6845869398270008e-16,1457.16318968467,4.126705917257357,1.1920928955078125e-07,1.1920929e-07,1.1920929e-07,0.0,14.397217,24.235,18.01,30.46,427.52,2081.04,1.4808889820505178,1.4453431
1998-05-22,-1.2206584462873384e-16,1452.581107065367,2.7960189029015665,1.1920928955078125e-07,1.1920929e-07,1.1920929e-07,0.0,14.399997,17.595,8.91,26.28,532.59,1153.14,1.2915342307897373,1.3156328
1998-05-23,3.61458818786444e-17,1448.1268876300794,2.448659950063863,1.1920928955078125e-07,1.1920929e-07,1.1920929e-07,0.0,14.399997,15.445,9.2,21.69,462.08,1175.77,1.130699922259799,1.2507777
1998-05-24,2.9513037680491913e-16,1443.4692513277002,2.5098816209979535,1.1920928955078125e-07,1.1920929e-07,1.1920929e-07,0.0,14.399997,15.905,8.43,23.38,507.15,1114.12,0.9839002369302228,1.1859226
1998-05-25,6.01644394248825e-16,1438.7760693355183,3.2369328541456293,1.1920928955078125e-07,1.1920929e-07,1.63,1.63,14.495997,20.12,13.59,26.65,458.26,1566.82,0.8552514939544825,1.2137177
1998-05-26,9.024446883090974e-16,1434.2152128308219,3.3329930710238616,1.1920928955078125e-07,1.1920929e-07,0.37,0.37,14.495997,20.675,14.92,26.43,421.79,1707.98,0.7463671269714389,1.1303325
1998-05-27,1.1442880130844703e-15,1429.9545529908999,3.0793873615459795,1.1920928955078125e-07,1.1920929e-07,1.1920929e-07,0.0,14.495997,19.375,14.0,24.75,408.89,1600.0,0.6572095440770743,1.0747423
1998-05-28,1.273931122673679e-15,1426.1619609930408,3.2057372499918153,1.1920928955078125e-07,1.1920929e-07,1.1920929e-07,0.0,14.495997,20.105,12.51,27.7,498.56,1440.66,0.5868467842120377,1.0284172
1998-05-29,1.238130771175458e-15,1423.0053080145328,3.7465917942569344,1.1920928955078125e-07,1.1920929e-07,1.1920929e-07,0.0,14.592003,22.72,15.02,30.42,492.22,1721.68,0.5340622942042699,0.9635621
1998-05-30,9.836437126885428e-16,1420.652465232665,3.9998377906714695,1.1920928955078125e-07,1.1920929e-07,3.0,3.0,14.592003,23.895,16.55,31.24,356.23,1881.99,0.49783134463012807,1.0098872
1998-05-31,3.2169940873088924e-16,1418.791311103002,4.183270142507106,1.1920928955078125e-07,1.1920929e-07,1.1920929e-07,0.0,14.592003,24.71,18.13,31.29,441.53,2090.13,0.47092132917160584,0.92650205
1998-06-01,-9.187578068408747e-16,1416.483536809256,3.849744439988324,1.1920928955078125e-07,1.1920929e-07,11.47,11.47,14.592003,23.275,16.6,29.95,336.32,1880.79,0.43956498659755294,1.1210674
1998-06-02,-2.4445522967307733e-15,1413.8195056002799,2.8879719017130214,1.1920928955078125e-07,1.1920929e-07,1.1920929e-07,0.0,14.592003,18.37,9.78,26.96,526.28,1222.28,0.4059552692885379,0.898707
1998-06-03,-3.947629224136497e-15,1410.9309228564744,3.278988984460225,1.1920928955078125e-07,1.1920929e-07,0.53,0.53,14.688,20.45,14.38,26.52,423.34,1631.53,0.37241012456309064,0.8431168
1998-06-04,-5.119933752255734e-15,1407.94949395824,2.488021978330205,1.1920928955078125e-07,1.1920929e-07,1.0,1.0,14.688,15.845,8.96,22.73,476.22,1156.78,0.34069112898270787,0.80605674
1998-06-05,-5.6534110442861774e-15,1405.0069242859777,2.5100343735997743,1.1920928955078125e-07,1.1920929e-07,1.1920929e-07,0.0,14.688,16.025,9.54,22.51,457.3,1202.99,0.31203554233319636,0.76899666
1998-06-06,-5.2400062634255106e-15,1402.2349192200877,2.4118732201042175,1.1920928955078125e-07,1.1920929e-07,0.98,0.98,14.688,15.4,10.1,20.7,400.98,1248.36,0.287249342012275,0.76899666
1998-06-07,-3.601496649706893e-15,1399.7842365769045,2.202575341321669,1.1920928955078125e-07,1.1920929e-07,1.1920929e-07,0.0,14.688,13.945,8.54,19.35,407.38,1123.31,0.2669811860570609,0.7319366
1998-06-08,-1.3973727284061207e-15,1398.1403228103047,2.3519522345724377,1.1920928955078125e-07,1.1920929e-07,1.11,1.11,14.688,15.035,9.53,20.54,397.11,1202.09,0.2541931081989353,0.74120164
1998-06-09,5.790329652213612e-16,1397.1970267297852,2.3019091207307167,1.1920928955078125e-07,1.1920929e-07,1.1920929e-07,0.0,14.732102,14.645,7.15,22.14,491.75,1011.66,0.2471336617025799,0.6856115
1998-06-10,1.775612788835485e-15,1396.591616845846,2.4848340159165594,1.1920928955078125e-07,1.1920929e-07,3.77,3.77,14.783998,15.85,12.05,19.65,217.92,1404.28,0.2427065290985596,0.7319366
1998-06-11,1.6458592586279561e-15,1396.0396976815543,2.454649583920604,1.1920928955078125e-07,1.1920929e-07,2.0,2.0,14.783998,15.655,13.48,17.83,173.65,1546.97,0.23873969657000127,0.7782617
1998-06-12,9.845845614922995e-16,1407.2353853665986,2.9262059616090705,1.1920928955078125e-07,1.1920929e-07,20.6,20.6,14.783998,18.45,15.97,20.93,144.6,1797.67,0.33350386228806556,1.4824033
1998-06-13,5.915582203789199e-16,1419.6522260634938,3.369601400771629,1.1920928955078125e-07,1.1920929e-07,11.38,11.38,14.783998,20.7,16.5,24.9,235.08,1868.64,0.48318337149771523,1.843739
1998-06-14,3.5419069083850187e-16,1424.8289952037123,3.3485296243247866,1.1920928955078125e-07,1.1920929e-07,7.31,7.31,14.783998,20.53,14.91,26.15,302.22,1697.72,0.5639491593011324,2.1309547
1998-06-15,2.0170767726542038e-16,1424.4131309116167,3.2577786991592808,1.1920928955078125e-07,1.1920929e-07,1.21,1.21,14.783998,20.065,14.52,25.61,405.73,1642.56,0.5569899721601619,1.0006222
1998-06-16,1.1771297195386336e-16,1422.0319630857455,3.625820914685903,1.1920928955078125e-07,1.1920929e-07,1.88,1.88,14.783998,21.935,15.99,27.88,418.82,1798.85,0.5187646821823341,1.1395975
1998-06-17,6.973895652403028e-17,1425.8518794197903,3.751447228742298,1.1920928955078125e-07,1.1920929e-07,12.14,12.14,14.783998,22.48,15.87,29.09,337.01,1791.25,0.5814385906126847,2.751711
1998-06-18,4.168846172059875e-17,1427.563358988022,3.828839197907494,1.1920928955078125e-07,1.1920929e-07,1.1920929e-07,0.0,14.783998,22.815,17.0,28.63,414.56,1920.0,0.6119231389523123,1.0376823
1998-06-19,2.4867860046258943e-17,1424.738666213779,3.6674505599974534,1.1920928955078125e-07,1.1920929e-07,3.6,3.6,14.783998,22.1,15.92,28.28,343.58,1793.75,0.5624302144259088,0.99135715
1998-06-20,1.4748072486491227e-17,1426.590646992589,4.099552803299514,1.1920928955078125e-07,1.1920929e-07,8.12,8.12,14.783998,24.025,18.54,29.51,295.99,2131.64,0.5944065239104481,1.4824033
1998-06-21,8.745469858049535e-18,1426.3734598148815,4.32998146402753,1.1920928955078125e-07,1.1920929e-07,1.1920929e-07,0.0,14.783998,24.995,18.5,31.49,439.96,2120.0,0.5905644051132771,0.917237
1998-06-22,4.987391145264491e-18,1420.9290556237816,4.4726079747820195,1.1920928955078125e-07,1.1920929e-07,1.1920929e-07,0.0,14.783998,25.64,20.4,30.88,378.78,2383.4,0.5019596734765028,0.79679173
1998-06-23,2.944560316277203e-18,1420.5968246373698,4.296684357679465,1.1920928955078125e-07,1.1920929e-07,7.33,7.33,14.783998,24.93,20.59,29.27,255.6,2414.03,0.4970049761687529,3.2705522
1998-06-24,1.6844845895389094e-18,1431.558623588441,4.27283146633233,1.1920928955078125e-07,1.1920929e-07,23.84,23.84,14.783998,24.695,19.4,29.99,294.03,2259.35,0.6894520949606499,7.4954014
1998-06-25,1.0094203149987635e-18,1437.9319815697017,4.3958915997516845,1.1920928955078125e-07,1.1920929e-07,1.1920929e-07,0.0,14.783998,25.12,18.5,31.74,448.94,2120.0,0.8339661505613767,1.4360781
1998-06-26,6.069940921844627e-19,1432.2125551242189,4.952790652873031,1.1920928955078125e-07,1.1920929e-07,1.1920929e-07,0.0,14.783998,27.33,21.16,33.5,417.31,2505.23,0.7030459777449565,1.0562123
1998-06-27,3.6081046758048495e-19,1426.5941169732178,4.852103703546441,1.1920928955078125e-07,1.1920929e-07,1.1920929e-07,0.0,14.783998,27.03,22.31,31.75,349.09,2689.79,0.5944681115479179,1.0006222
1998-06-28,1.3014978847633225e-19,1421.3709515789792,4.161666320086964,1.1920928955078125e-07,1.1920929e-07,1.61,1.61,14.783998,24.355,19.23,29.48,360.59,2236.26,0.5086264746076647,0.8616469
1998-06-29,-8.243346458329975e-20,1417.0549033681416,3.9726855357084765,1.1920928955078125e-07,1.1920929e-07,0.07,0.07,14.783998,23.59,19.0,28.18,365.26,2200.55,0.4471282304819189,0.8338518
1998-06-30,-2.1704868127304483e-19,1414.1940359636203,4.301478095083049,1.1920928955078125e-07,1.1920929e-07,3.21,3.21,14.783998,25.03,20.85,29.21,251.38,2456.26,0.4105204313922182,0.8431168
1998-07-01,-2.1380525126753785e-19,1413.3364129883312,3.7657747756531124,1.1920928955078125e-07,1.1920929e-07,4.68,4.68,14.783998,22.7,16.94,28.46,328.18,1923.47,0.4001417301075775,0.95429707
1998-07-02,-8.973175832591908e-20,1412.9896966348817,3.501124282773633,1.1920928955078125e-07,1.1920929e-07,1.1920929e-07,0.0,14.783998,21.44,14.12,28.76,503.51,1609.54,0.39602073045844893,0.72267157
1998-07-03,5.590314897631243e-20,1411.0849813172892,3.5972324147716175,1.1920928955078125e-07,1.1920929e-07,1.1920929e-07,0.0,14.781217,21.935,14.07,29.8,514.08,1605.42,0.37412711033298734,0.6763465
1998-07-04,1.8316425404206698e-19,1408.0779197211182,3.77727334732552,1.1920928955078125e-07,1.1920929e-07,1.1920929e-07,0.0,14.689652,22.93,16.19,29.67,475.76,1830.95,0.34200002857683154,0.6578164
1998-07-05,2.523646289393859e-19,1404.432255009519,3.6795436381915003,1.1920928955078125e-07,1.1920929e-07,1.0,1.0,14.688,22.52,16.57,28.47,447.05,1881.4,0.30672716376100856,0.6670815
1998-07-06,2.238173457363102e-19,1400.6117303456408,3.3619738821324137,1.1920928955078125e-07,1.1920929e-07,1.1920929e-07,0.0,14.688,21.005,14.0,28.01,492.01,1600.0,0.2736597330455194,0.6207563
1998-07-07,9.495649430242445e-20,1397.336724523066,3.583867349054741,1.1920928955078125e-07,1.1920929e-07,1.1920929e-07,0.0,14.688,22.15,16.22,28.08,444.09,1834.8,0.24816663224116964,0.6022263
1998-07-08,-6.755051810858738e-20,1394.923586579723,3.371747366185043,1.1920928955078125e-07,1.1920929e-07,33.38,33.38,14.688,21.125,15.59,26.66,322.16,1770.87,0.230914843403123,1.4360781
1998-07-09,-2.1908508573994124e-19,1392.9354402990652,3.5032001530821755,1.1920928955078125e-07,1.1920929e-07,1.1920929e-07,0.0,14.688,21.81,16.25,27.37,431.05,1840.79,0.2176061911525032,0.98209214
1998-07-10,-3.1544846089398693e-19,1390.9293688585851,3.8494574796281826,1.1920928955078125e-07,1.1920929e-07,1.1920929e-07,0.0,14.636108,23.54,17.82,29.26,427.38,2051.29,0.2049548528283724,0.72267157
1998-07-11,-3.1244189587307475e-19,1388.4624554357747,3.180500603364272,1.1920928955078125e-07,1.1920929e-07,1.1920929e-07,0.0,14.592003,20.315,12.77,27.86,504.06,1461.56,0.19040105667561938,0.6300214
1998-07-12,-1.8731378896521615e-19,1385.2301817798264,3.1114851516449242,1.1920928955078125e-07,1.1920929e-07,1.1920929e-07,0.0,14.592003,19.98,12.46,27.5,499.66,1436.69,0.1728844597368825,0.58369625
1998-07-13,-3.149043114618333e-20,1381.6399646077693,3.3995925828958846,1.1920928955078125e-07,1.1920929e-07,1.1920929e-07,0.0,14.592003,21.545,13.59,29.5,501.84,1567.02,0.15531058318793098,0.5559012
1998-07-14,1.0369867276447189e-19,1377.80624479664,3.8353451721468885,1.1920928955078125e-07,1.1920929e-07,1.1920929e-07,0.0,14.592003,23.695,17.26,30.13,438.57,1962.15,0.13851238493194715,0.52810615
1998-07-15,1.7710617472322534e-19,1373.7758175364584,3.99079498313618,1.1920928955078125e-07,1.1920929e-07,1.1920929e-07,0.0,14.540109,24.51,19.52,29.5,364.4,2280.97,0.12280765185716352,0.51884115
1998-07-16,1.4832690251486054e-19,1369.5980255552654,4.135545488121466,1.1920928955078125e-07,1.1920929e-07,1.1920929e-07,0.0,14.495997,25.25,20.21,30.29,364.87,2356.05,0.10840550741749092,0.53737116
1998-07-17,5.948604891123487e-20,1365.5213505843249,4.330351314786451,1.1920928955078125e-07,1.1920929e-07,3.98,3.98,14.495997,26.125,21.27,30.98,268.83,2523.13,0.09598170618140911,0.5559012
1998-07-18,-2.8120858750540297e-20,1361.590082595481,4.047099411593164,1.1920928955078125e-07,1.1920929e-07,1.1920929e-07,0.0,14.495997,24.97,19.09,30.85,410.46,2214.83,0.08535148858792965,0.53737116
1998-07-19,-9.039321714562246e-20,1357.6673892468564,3.7730246591380907,1.1920928955078125e-07,1.1920929e-07,1.1920929e-07,0.0,14.4441,23.845,17.18,30.51,448.84,1948.34,0.07591802873113258,0.48178104
1998-07-20,-1.0323042294916904e-19,1353.6164381965734,4.152388233825384,1.1920928955078125e-07,1.1920929e-07,1.1920929e-07,0.0,14.399997,25.65,20.15,31.15,387.85,2343.6,0.06726909856890614,0.46325102
1998-07-21,-6.306828377406166e-20,1349.5672668436714,4.253787645402916,1.1920928955078125e-07,1.1920929e-07,1.1920929e-07,0.0,14.399997,26.135,19.5,32.77,434.65,2280.2,0.05960866162503058,0.44472098
1998-07-22,-2.735968429393488e-20,1347.1206228886747,4.707038558624845,1.1920928955078125e-07,1.1920929e-07,1.1920929e-07,0.0,14.399997,27.995,22.37,33.62,378.64,2699.26,0.05540938842186873,0.43545595
1998-07-23,-6.892571444344682e-21,1348.0361829957924,4.394935337528888,1.1920928955078125e-07,1.1920929e-07,11.38,11.38,14.305658,26.86,21.22,32.5,288.31,2514.84,0.05694499610024926,0.43545595
1998-07-24,-3.0746280517631967e-21,1351.5732241414005,3.8212438797022346,1.1920928955078125e-07,1.1920929e-07,6.02,6.02,14.304006,24.32,18.32,30.32,326.23,2108.8,0.06328793600231379,0.5003111
1998-07-25,-1.3599351139972807e-21,1350.4310528896153,3.4071644339181173,1.1920928955078125e-07,1.1920929e-07,1.1920929e-07,0.0,14.304006,22.325,15.95,28.7,438.8,1798.78,0.061166019576255046,0.4169259
1998-07-26,-3.515606008675769e-22,1346.7216683098427,3.3971445992953067,1.1920928955078125e-07,1.1920929e-07,1.1920929e-07,0.0,14.301225,22.325,16.53,28.12,412.73,1882.71,0.05475326860661038,0.4076609
1998-07-27,-1.507715201116817e-22,1343.1331285713381,3.3399567574706954,1.1920928955078125e-07,1.1920929e-07,1.1920929e-07,0.0,14.208003,22.19,15.6,28.78,445.73,1768.4,0.0491900082366226,0.42619094
1998-07-28,-7.356718153660065e-23,1339.506934057849,3.6825698098049253,1.1920928955078125e-07,1.1920929e-07,1.1920929e-07,0.0,14.208003,23.945,17.4,30.49,433.59,1983.59,0.044142351517403124,0.38913086
1998-07-29,-3.039061633199842e-23,1335.6891749018844,3.8813859940495115,1.1920928955078125e-07,1.1920929e-07,1.1920929e-07,0.0,14.208003,24.925,18.14,31.71,435.08,2090.44,0.03938673542820596,0.37060082
1998-07-30,9.800758543029246e-25,1331.779240854847,3.9479490672671704,1.1920928955078125e-07,1.1920929e-07,1.1920929e-07,0.0,14.111998,25.4,19.04,31.76,412.44,2205.91,0.035046871845443466,0.36133578
1998-07-31,7.720148594410152e-23,1327.9878735537554,3.5174948282377745,1.1920928955078125e-07,1.1920929e-07,30.38,30.38,14.111998,23.41,17.74,29.08,292.14,2033.13,0.031295796472351305,0.80605674
1998-08-01,1.858990169786562e-22,1324.3209016103303,2.9312127593035755,1.1920928955078125e-07,1.1920929e-07,1.1920929e-07,0.0,14.111998,20.3,13.33,27.27,458.92,1532.61,0.028050190237775625,0.53737116
1998-08-02,3.1233657802992043e-22,1320.7770449069083,2.7355494115176984,1.1920928955078125e-07,1.1920929e-07,1.1920929e-07,0.0,14.015994,19.285,11.5,27.07,489.3,1360.0,0.02523376579127099,0.42619094
1998-08-03,4.417780781698471e-22,1317.3550233258252,2.8900381262182515,1.1920928955078125e-07,1.1920929e-07,1.1920929e-07,0.0,14.015994,20.265,12.04,28.49,495.6,1403.43,0.022782856759509622,0.38913086
1998-08-04,5.594874264703897e-22,1314.0535567494173,3.14480109196589,1.1920928955078125e-07,1.1920929e-07,1.1920929e-07,0.0,14.013214,21.765,13.84,29.69,478.52,1587.06,0.020644175721605287,0.37986583
1998-08-05,6.507285320035019e-22,1310.871365060021,3.202862147512709,1.1920928955078125e-07,1.1920929e-07,1.1920929e-07,0.0,13.920003,22.24,14.5,29.98,469.56,1639.72,0.01877299526461231,0.36133578
1998-08-06,7.007653038411364e-22,1307.8071681399722,3.1027515080201766,1.1920928955078125e-07,1.1920929e-07,1.1920929e-07,0.0,13.920003,21.73,13.5,29.96,482.77,1560.0,0.01713166804862123,0.34280574
1998-08-07,6.948616510552467e-22,1304.8596858716076,3.1335277498349887,1.1920928955078125e-07,1.1920929e-07,1.1920929e-07,0.0,13.824,22.06,14.96,29.16,443.17,1713.35,0.015688419294381216,0.3242757
1998-08-08,6.182814827177857e-22,1302.0276381372628,3.5515980314225533,1.1920928955078125e-07,1.1920929e-07,1.1920929e-07,0.0,13.824,24.29,18.88,29.7,358.67,2180.25,0.01441635880362964,0.33354074
1998-08-09,4.562887079007071e-22,1299.3097448192743,3.4489604812294514,1.1920928955078125e-07,1.1920929e-07,1.1920929e-07,0.0,13.824,23.81,18.09,29.53,375.38,2087.37,0.013292670383805966,0.3242757
1998-08-10,2.76214063857125e-22,1314.7341863126085,3.72378334616106,1.1920928955078125e-07,1.1920929e-07,32.49,32.49,13.727997,25.08,20.42,29.74,241.86,2387.12,0.021068003261168526,2.3440502
1998-08-11,1.669148712051038e-22,1335.9484524718089,3.7162489906859832,1.1920928955078125e-07,1.1920929e-07,17.06,17.06,13.727997,24.76,19.55,29.97,262.54,2283.17,0.03969283131456089,2.9277463
1998-08-12,9.950167069283195e-23,1339.676585783392,3.3930279348540804,1.1920928955078125e-07,1.1920929e-07,1.1920929e-07,0.0,13.6761,23.175,17.33,29.02,390.42,1973.41,0.044366520019308645,0.6207563
1998-08-13,5.940887011415695e-23,1335.795749051013,3.124271224880508,1.1920928955078125e-07,1.1920929e-07,1.1920929e-07,0.0,13.632,21.845,15.07,28.62,434.38,1725.68,0.0395122671407603,0.48178104
1998-08-14,3.530196350525241e-23,1332.732509208782,3.3857590550138768,1.1920928955078125e-07,1.1920929e-07,0.53,0.53,13.632,23.285,18.7,27.87,321.89,2152.42,0.03605873111492311,0.44472098
1998-08-15,2.0927232792320576e-23,1330.799318812434,3.4403159549635207,1.1920928955078125e-07,1.1920929e-07,2.24,2.24,13.535997,23.715,18.84,28.59,316.52,2174.49,0.03403630904864192,0.43545595
1998-08-16,1.2259299432810662e-23,1328.7228910226981,3.372904134694813,1.1920928955078125e-07,1.1920929e-07,1.1920929e-07,0.0,13.535997,23.395,18.5,28.29,337.85,2120.0,0.03199021029502272,0.4169259
1998-08-17,7.348055438123711e-24,1335.7534332771315,3.468262443011929,1.1920928955078125e-07,1.1920929e-07,16.22,16.22,13.44165,23.915,20.11,27.72,203.79,2337.26,0.03946237635576391,0.72267157
1998-08-18,4.416751183315829e-24,1342.1665367777493,3.4568703074199254,1.1920928955078125e-07,1.1920929e-07,3.83,3.83,13.439995,23.775,18.49,29.06,269.59,2118.83,0.0477906512300476,0.70414156
1998-08-19,2.6485731463574966e-24,1340.6368996130511,2.618945113584641,1.1920928955078125e-07,1.1920929e-07,1.1920929e-07,0.0,13.439995,19.005,11.21,26.8,473.87,1336.95,0.04565705602014204,0.5003111
1998-08-20,1.5504520209467278e-24,1338.327198718726,2.2692603597194774,1.1920928955078125e-07,1.1920929e-07,1.1920929e-07,0.0,13.343997,16.75,9.0,24.5,477.54,1160.0,0.042614525052117824,0.4076609
1998-08-21,7.947667852657736e-25,1335.7301085103277,2.7662855157049817,1.1920928955078125e-07,1.1920929e-07,1.1920929e-07,0.0,13.343997,20.12,11.66,28.58,480.89,1372.46,0.039434903123718834,0.38913086
1998-08-22,-4.2655636775222936e-26,1332.561541012799,3.4305198115550914,1.1920928955078125e-07,1.1920929e-07,1.1920929e-07,0.0,13.248009,24.02,17.12,30.92,415.11,1939.45,0.035875128786739784,0.37986583
1998-08-23,-7.642531432873082e-25,1328.9916702994506,3.7151257278194447,1.1920928955078125e-07,1.1920929e-07,1.1920929e-07,0.0,13.248009,25.48,18.92,32.04,393.37,2187.79,0.032247971243846284,0.36133578
1998-08-24,-1.1439463690233647e-24,1325.215447838508,3.700419673440269,1.1920928955078125e-07,1.1920929e-07,1.1920929e-07,0.0,13.196108,25.53,19.06,32.0,388.21,2209.87,0.028809487437440783,0.34280574
1998-08-25,-9.569562982911716e-25,1321.4274650446703,3.7158340864726216,1.1920928955078125e-07,1.1920929e-07,1.1920929e-07,0.0,13.152,25.715,20.0,31.43,353.98,2320.0,0.025728600723081942,0.3242757
1998-08-26,-3.804057188986764e-25,1317.6993704481868,3.8994431673725205,1.1920928955078125e-07,1.1920929e-07,7.95,7.95,13.152,26.63,21.67,31.59,241.47,2587.37,0.02301830723990842,0.35207078
1998-08-27,2.2234541419013355e-25,1314.0103430683778,3.5635249073330155,1.1920928955078125e-07,1.1920929e-07,1.1920929e-07,0.0,13.056,25.2,19.98,30.42,333.37,2318.77,0.02061755627093892,0.35207078
1998-08-28,6.859725539424819e-25,1310.3854684657588,3.6681418868821036,1.1920928955078125e-07,1.1920929e-07,1.1920929e-07,0.0,13.056,25.765,21.04,30.49,306.34,2486.86,0.01850260483567872,0.30574566
1998-08-29,8.451511533255919e-25,1306.8498322008456,3.4261265178537887,1.1920928955078125e-07,1.1920929e-07,1.1920929e-07,0.0,12.96,24.73,18.82,30.64,368.26,2170.91,0.01664890695195136,0.29648066
1998-08-30,4.591296333115596e-25,1303.4026320446415,3.3748891512435693,1.1920928955078125e-07,1.1920929e-07,1.1920929e-07,0.0,12.96,24.51,17.49,31.53,408.72,1997.96,0.015020532988823287,0.29648066
1998-08-31,-1.1646281468268088e-24,1299.837750566641,3.3275310140217886,1.1920928955078125e-07,1.1920929e-07,1.1920929e-07,0.0,12.864003,24.44,18.02,30.86,386.5,2074.08,0.013503892397403525,0.28721562
1998-09-01,-3.8340595427812585e-24,1296.1575930530569,2.897310733285354,1.1920928955078125e-07,1.1920929e-07,1.1920929e-07,0.0,12.864003,22.065,14.8,29.33,424.83,1687.89,0.012098674469736474,0.2779506
1998-09-02,-7.146910120483252e-24,1292.4272924247618,2.994030086435184,1.1920928955078125e-07,1.1920929e-07,7.16,7.16,12.861222,22.69,16.32,29.06,346.84,1847.25,0.01082346708987186,0.39839587
1998-09-03,-1.0700925445864252e-23,1288.7119816026288,2.758552985560674,1.1920928955078125e-07,1.1920929e-07,1.1920929e-07,0.0,12.768005,21.445,13.58,29.31,443.0,1557.54,0.009687001911427675,0.4169259
1998-09-04,-1.4093851084855724e-23,1285.0767935075303,2.8684064412124277,1.1920928955078125e-07,1.1920929e-07,1.1920929e-07,0.0,12.768005,22.17,15.65,28.69,396.98,1771.89,0.008690631469004074,0.3150107
1998-09-05,-1.6923432603389128e-23,1281.5868610603395,2.6325152754262375,1.1920928955078125e-07,1.1920929e-07,1.1920929e-07,0.0,12.672003,20.865,13.22,28.51,436.96,1515.19,0.007830632361741956,0.28721562
1998-09-06,-1.878741556739592e-23,1278.307317181929,2.844096788285577,1.1920928955078125e-07,1.1920929e-07,1.1920929e-07,0.0,12.672003,22.245,12.51,31.98,471.11,1440.97,0.007100198285831723,0.26868558
1998-09-07,-1.9283545542807573e-23,1275.3032947931717,3.4099212508319963,1.1920928955078125e-07,1.1920929e-07,1.1920929e-07,0.0,12.576006,25.615,18.36,32.87,396.79,2109.28,0.006491078330814274,0.25942057
1998-09-08,-1.8009568095555554e-23,1272.6399268149403,2.5613015963908525,1.1920928955078125e-07,1.1920929e-07,8.22,8.22,12.576006,20.645,13.03,28.26,318.71,1493.78,0.005994880653710685,0.30574566
1998-09-09,-1.4563228791571302e-23,1270.382346168108,1.8085955261247704,1.1920928955078125e-07,1.1920929e-07,1.1920929e-07,0.0,12.479998,14.97,8.73,21.21,392.05,1138.5,0.005604103413945667,0.29648066
1998-09-10,-6.215021181671891e-24,1268.471283386296,1.9242914760812662,1.1920928955078125e-07,1.1920929e-07,1.1920929e-07,0.0,12.479998,16.015,8.97,23.06,414.77,1157.76,0.00529328272736352,0.26868558
1998-09-11,1.8472447052024268e-23,1266.256946460619,2.195814497571807,1.1920928955078125e-07,1.1920929e-07,1.1920929e-07,0.0,12.383997,18.375,10.15,26.6,436.97,1251.76,0.004954632404350805,0.26868558
1998-09-12,5.59543378157668e-23,1263.6993605667335,2.820470101701139,1.1920928955078125e-07,1.1920929e-07,1.1920929e-07,0.0,12.383997,22.7,14.32,31.08,421.94,1626.12,0.004590360809343527,0.25942057
1998-09-13,1.0027234597225127e-22,1260.8743527527085,3.2020299248776793,1.1920928955078125e-07,1.1920929e-07,1.1920929e-07,0.0,12.287997,25.11,17.97,32.25,372.59,2074.7,0.0042190483818730605,0.25015554
1998-09-14,1.454681663841732e-22,1257.8577500666133,3.0593899329531897,1.1920928955078125e-07,1.1920929e-07,1.1920929e-07,0.0,12.287997,24.345,16.62,32.07,389.01,1889.61,0.0038556512791896856,0.24089052
1998-09-15,1.8558349391422813e-22,1254.7253795565168,3.2188272771756843,1.1920928955078125e-07,1.1920929e-07,1.1920929e-07,0.0,12.287997,25.29,18.5,32.08,351.44,2120.0,0.003511396000728962,0.24089052
1998-09-16,2.146600234251117e-22,1251.5530682704887,3.4524887885050255,1.1920928955078125e-07,1.1920929e-07,1.1920929e-07,0.0,12.191998,26.73,21.0,32.46,301.28,2479.75,0.0031940665041286518,0.24089052
1998-09-17,2.267394497795193e-22,1248.4166432565976,3.0815896131583536,1.1920928955078125e-07,1.1920929e-07,1.1920929e-07,0.0,12.191998,24.745,19.03,30.46,306.58,2204.36,0.0029085292891564956,0.23162551
1998-09-18,2.1586346784014663e-22,1245.3919315629128,2.567508057752969,1.1920928955078125e-07,1.1920929e-07,1.1920929e-07,0.0,12.096,21.73,15.94,27.52,321.27,1804.02,0.0026573669708953025,0.25015554
1998-09-19,1.7607377246968904e-22,1242.5547602375036,2.5929126333283055,1.1920928955078125e-07,1.1920929e-07,1.1920929e-07,0.0,12.096,21.94,16.71,27.17,296.26,1895.18,0.0024415267628874883,0.23162551
1998-09-20,7.53713258512823e-23,1239.962623260318,2.578096496394455,1.1920928955078125e-07,1.1920929e-07,1.1920929e-07,0.0,12.000003,22.015,16.44,27.59,312.41,1870.57,0.0022596898989440143,0.24089052
1998-09-21,-1.9910462129776622e-22,1237.5578875525407,2.776281677326617,1.1920928955078125e-07,1.1920929e-07,1.1920929e-07,0.0,12.000003,23.34,17.44,29.24,320.0,1990.2,0.002103130689991362,0.25015554
1998-09-22,-6.019981180423578e-22,1235.3097876109161,2.685399205230965,1.1920928955078125e-07,1.1920929e-07,14.47,14.47,11.903997,22.93,18.2,27.66,202.57,2092.95,0.001966594399019961,0.25015554
1998-09-23,-1.065779685838616e-21,1233.197853606052,1.8558385031897617,1.1920928955078125e-07,1.1920929e-07,0.75,0.75,11.903997,16.665,11.0,22.33,322.3,1320.29,0.0018464137258478652,0.37986583
1998-09-24,-1.5229198461426644e-21,1231.201615708556,1.447822061820109,1.1920928955078125e-07,1.1920929e-07,1.1920929e-07,0.0,11.808,12.765,4.05,21.48,426.01,805.07,0.0017395763369973567,0.26868558
1998-09-25,-1.9058891204106267e-21,1229.3006040890361,1.7665901956372698,1.1920928955078125e-07,1.1920929e-07,2.95,2.95,11.808,16.035,10.65,21.42,237.01,1291.98,0.0016435873005416432,0.25942057
1998-09-26,-2.147158030098627e-21,1227.4743489181008,2.1609706635168515,1.1920928955078125e-07,1.1920929e-07,0.48,0.48,11.711997,19.575,12.27,26.88,355.64,1421.7,0.0015563649473509021,0.30574566
1998-09-27,-2.1791970966627893e-21,1225.7023803663574,2.858370228719111,1.1920928955078125e-07,1.1920929e-07,1.1920929e-07,0.0,11.711997,24.45,16.88,32.02,351.92,1911.24,0.0014761620910546513,0.2779506
1998-09-28,-1.934476841559236e-21,1223.9642286044138,2.7887833179508195,1.1920928955078125e-07,1.1920929e-07,1.22,1.22,11.711997,24.04,17.51,30.57,318.3,2001.68,0.0014015066501935505,0.25015554
1998-09-29,-1.348739940518265e-21,1222.2359806141983,1.7621477721965189,1.1920928955078125e-07,1.1920929e-07,1.1920929e-07,0.0,11.616,16.36,7.73,24.99,396.23,1058.71,0.0013310203679221771,0.24089052
1998-09-30,-6.089997910307495e-22,1220.3418429801002,2.070169227796297,1.1920928955078125e-07,1.1920929e-07,1.1920929e-07,0.0,11.616,19.085,10.96,27.21,373.38,1316.68,0.0012578334006974428,0.23162551
1998-10-01,2.4887860780166892e-23,1218.371395082185,2.28310660850559,1.1920928955078125e-07,1.1920929e-07,1.1920929e-07,0.0,11.520008,20.925,14.67,27.18,310.55,1667.13,0.0011859653957587743,0.23162551
1998-10-02,3.847239344048777e-22,1216.5743326012298,1.351246554979536,1.1920928955078125e-07,1.1920929e-07,1.1920929e-07,0.0,11.520008,12.245,3.24,21.25,401.38,778.83,0.0011240075477346122,0.21309547
1998-10-03,3.2948481630981256e-22,1215.8228634825682,1.2550268540315532,1.1920928955078125e-07,1.1920929e-07,1.1920929e-07,0.0,11.423997,11.21,4.06,18.36,356.37,804.71,0.001099068624652557,0.21309547
1998-10-04,1.9557569544330516e-22,1224.0088282886513,1.2867291771209468,1.1920928955078125e-07,1.1920929e-07,15.15,15.15,11.423997,11.5,8.04,14.96,149.94,1083.44,0.0014033742188360751,0.30574566
1998-10-05,1.1702207510238703e-22,1230.8537759927544,1.3045615943260287,1.1920928955078125e-07,1.1920929e-07,0.98,0.98,11.328,11.765,8.63,14.9,185.07,1130.04,0.0017216029554506119,0.35207078
1998-10-06,6.989373100673252e-23,1229.3708754964991,1.507594161759279,1.1920928955078125e-07,1.1920929e-07,1.1920929e-07,0.0,11.328,14.115,10.66,17.57,202.44,1292.66,0.001647039433766919,0.29648066
1998-10-07,4.142516355580464e-23,1226.5833072622045,1.6899350193407896,1.1920928955078125e-07,1.1920929e-07,1.1920929e-07,0.0,11.232,16.165,13.43,18.9,161.92,1546.22,0.0015155042713308907,0.2779506
1998-10-08,2.5010176949346032e-23,1245.8944088886096,1.8105176667519522,1.1920928955078125e-07,1.1920929e-07,38.36,38.36,11.232,17.05,14.14,19.96,129.24,1615.35,0.002697535909340572,1.6584386
1998-10-09,1.5137947484601247e-23,1271.9625928488451,1.7400140238451183,1.1920928955078125e-07,1.1920929e-07,17.52,17.52,11.138781,16.185,12.76,19.61,151.81,1461.42,0.005874858980057262,1.1859226
1998-10-10,8.592369094839494e-24,1283.231909716717,1.5883315239557432,1.1920928955078125e-07,1.1920929e-07,10.66,10.66,11.136,14.545,11.82,17.27,126.23,1385.27,0.0082248585481239,0.6485514
1998-10-11,4.563115771473555e-24,1286.463909342937,1.626786466447079,1.1920928955078125e-07,1.1920929e-07,1.1920929e-07,0.0,11.136,14.895,9.06,20.73,315.64,1164.45,0.009058124413590118,0.52810615
1998-10-12,2.5190621994135107e-24,1284.9683690090199,1.6652862931149817,1.1920928955078125e-07,1.1920929e-07,1.1920929e-07,0.0,11.04,15.44,9.76,21.12,308.54,1220.65,0.008662542461395613,0.4076609
1998-10-13,8.734379224518056e-25,1283.3229740588595,1.61818303581563,1.1920928955078125e-07,1.1920929e-07,1.1920929e-07,0.0,11.04,14.99,10.0,19.98,283.11,1240.24,0.008247252347218298,0.37986583
1998-10-14,-1.0727490221592886e-25,1281.7824238813678,1.431233639117545,1.1920928955078125e-07,1.1920929e-07,1.1920929e-07,0.0,10.944003,13.155,7.82,18.49,300.51,1065.77,0.007876490046125811,0.35207078
1998-10-15,-1.6162669306709864e-25,1280.415268660256,1.2404903674483032,1.1920928955078125e-07,1.1920929e-07,1.1920929e-07,0.0,10.944003,10.885,4.5,17.27,336.72,840.0,0.007561441791732717,0.33354074
1998-10-16,2.0050204980771087e-25,1279.0604101938175,1.1889329992957443,1.1920928955078125e-07,1.1920929e-07,1.1920929e-07,0.0,10.848002,10.37,2.53,18.21,365.35,722.41,0.007261660688425482,0.3150107
1998-10-17,7.4013107991940345e-25,1277.685735902186,1.3226379224673728,1.1920928955078125e-07,1.1920929e-07,1.1920929e-07,0.0,10.848002,12.08,3.5,20.66,368.86,800.0,0.0069696398330807855,0.30574566
1998-10-18,1.3576341475384639e-24,1276.3084539484285,1.6464511196233094,1.1920928955078125e-07,1.1920929e-07,1.1920929e-07,0.0,10.803894,15.72,7.0,24.44,358.64,1000.0,0.006688841511506681,0.3150107
1998-10-19,1.9533850029353776e-24,1274.9457724956117,1.8996708947212453,1.1920928955078125e-07,1.1920929e-07,1.1920929e-07,0.0,10.752,18.2,13.11,23.29,260.07,1498.24,0.006422155286834917,0.30574566
1998-10-20,2.4277573963806295e-24,1273.6148997068021,1.4947806903776502,1.1920928955078125e-07,1.1920929e-07,1.1920929e-07,0.0,10.752,14.25,7.82,20.68,309.44,1065.22,0.006171960916892153,0.29648066
1998-10-21,2.6811250781447055e-24,1272.333043745067,1.330623034210178,1.1920928955078125e-07,1.1920929e-07,1.1920929e-07,0.0,10.655997,12.53,7.02,18.04,281.82,1001.48,0.00594020100455481,0.2779506
1998-10-22,2.61386179849809e-24,1271.1174127734728,1.076578064994869,1.1920928955078125e-07,1.1920929e-07,6.85,6.85,10.655997,9.19,3.83,14.55,210.57,805.45,0.005728459727963733,0.28721562
1998-10-23,2.1263413077112678e-24,1269.9852149550863,0.963660069916651,1.1920928955078125e-07,1.1920929e-07,1.1920929e-07,0.0,10.559998,7.625,0.59,14.66,325.6,640.0,0.005538044975216685,0.2779506
1998-10-24,-5.2150882379599e-25,1268.9340993240203,1.2819045697491347,1.1920928955078125e-07,1.1920929e-07,1.1920929e-07,0.0,10.559998,12.12,4.15,20.09,334.28,812.02,0.005366937006786218,0.28721562
1998-10-25,-1.033401596720861e-23,1267.9058029122593,1.3093483495579987,1.1920928955078125e-07,1.1920929e-07,1.1920929e-07,0.0,10.558345,12.475,3.39,21.56,344.3,791.0,0.00520466064400257,0.28721562
1998-10-26,-2.6275923214783095e-23,1266.894378615675,1.4079930518578625,1.1920928955078125e-07,1.1920929e-07,1.1920929e-07,0.0,10.464,13.805,6.07,21.54,318.71,925.5,0.0050498342199814085,0.28721562
1998-10-27,-4.6802448936833955e-23,1265.8991894676817,1.4344276001793763,1.1920928955078125e-07,1.1920929e-07,1.1920929e-07,0.0,10.464,14.12,9.5,18.74,229.52,1200.0,0.004901989175531091,0.2779506
1998-10-28,-7.036881150367574e-23,1264.919598501694,1.3894708603331847,1.1920928955078125e-07,1.1920929e-07,0.76,0.76,10.367997,13.765,8.52,19.01,252.26,1121.7,0.004760689301743697,0.28721562
1998-10-29,-9.543022928562296e-23,1263.9549687511262,1.3507749531692061,1.1920928955078125e-07,1.1920929e-07,1.1920929e-07,0.0,10.367997,13.32,7.42,19.22,273.44,1033.95,0.004625528213869368,0.2779506
1998-10-30,-1.2044192065299018e-22,1263.004663249393,1.018913185746781,1.1920928955078125e-07,1.1920929e-07,1.1920929e-07,0.0,10.323892,8.925,0.51,17.34,328.62,640.0,0.004496127046141516,0.2779506
1998-10-31,-1.4385910397609188e-22,1262.0680450299087,1.0247999133937533,1.1920928955078125e-07,1.1920929e-07,1.1920929e-07,0.0,10.272,9.105,0.61,17.6,324.96,640.03,0.004372132346883268,0.2779506
1998-11-01,-1.6413699762524262e-22,1261.1444771260878,1.0355885434936811,1.1920928955078125e-07,1.1920929e-07,1.1920929e-07,0.0,10.272,9.28,1.67,16.89,309.35,693.63,0.004253214155305076,0.26868558
1998-11-02,-1.7973081997075696e-22,1260.233322571345,1.0079153594772858,1.1920928955078125e-07,1.1920929e-07,1.1920929e-07,0.0,10.176,9.015,2.61,15.42,282.73,728.54,0.004139064243258421,0.2779506
1998-11-03,-1.8909578938294928e-22,1259.3339443990944,0.8963271408685098,1.1920928955078125e-07,1.1920929e-07,1.1920929e-07,0.0,10.176,7.21,2.0,12.42,246.67,709.36,0.004029394506867374,0.2779506
1998-11-04,-1.906871242321343e-22,1258.4457056427507,0.7991005842011643,1.1920928955078125e-07,1.1920929e-07,1.1920929e-07,0.0,10.176,5.47,0.71,10.23,229.29,640.0,0.003923935494441538,0.26868558
1998-11-05,-1.829600428886265e-22,1257.5679693357283,0.6037209202938102,1.1920928955078125e-07,1.1920929e-07,1.1920929e-07,0.0,10.079997,1.45,-5.02,7.92,279.27,438.69,0.0038224350583970983,0.25942057
1998-11-06,-1.643697637227403e-22,1256.7000985114416,0.6700609211695511,1.1920928955078125e-07,1.1920929e-07,1.1920929e-07,0.0,10.079997,2.995,-2.94,8.93,259.34,484.41,0.0037246571200993403,0.25942057
1998-11-07,-1.333715051047902e-22,1255.8414562033054,0.8568758901298762,1.1920928955078125e-07,1.1920929e-07,1.1920929e-07,0.0,10.035892,6.775,2.74,10.81,188.43,743.7,0.0036303805376009706,0.26868558
1998-11-08,-8.571760682981918e-23,1254.990594935728,0.8380509512502938,1.1920928955078125e-07,1.1920929e-07,1.1920929e-07,0.0,9.983997,6.525,2.88,10.17,170.5,750.54,0.003539312414231602,0.25942057
1998-11-09,5.673491930112058e-23,1254.1217328619268,0.8085767365806654,1.1920928955078125e-07,1.1920929e-07,1.1920929e-07,0.0,9.983997,5.99,0.02,11.96,247.09,601.33,0.003448674685908103,0.26868558
1998-11-10,2.964843666336325e-22,1253.2258698166104,0.8639175555871824,1.1920928955078125e-07,1.1920929e-07,1.1920929e-07,0.0,9.888,7.16,1.79,12.53,226.88,703.37,0.0033576500753711184,0.26868558
1998-11-11,5.888528881337592e-22,1252.3071927840454,1.2641784066506134,1.1920928955078125e-07,1.1920929e-07,6.95,6.95,9.888,13.165,7.81,18.52,162.67,1064.5,0.0032668019392150882,0.33354074
1998-11-12,8.891626367675437e-22,1251.3698887484986,0.8865176859045393,1.1920928955078125e-07,1.1920929e-07,1.1920929e-07,0.0,9.888,7.58,0.36,14.8,265.76,621.22,0.0031766446574565074,0.4076609
1998-11-13,1.152735765501029e-21,1250.4181446942368,0.8681749265929681,1.1920928955078125e-07,1.1920929e-07,1.1920929e-07,0.0,9.792,7.42,1.0,13.84,246.18,640.0,0.003087644014508936,0.30574566
1998-11-14,1.3348944273002572e-21,1249.4561476055267,0.9347873414394883,1.1920928955078125e-07,1.1920929e-07,1.1920929e-07,0.0,9.792,8.575,0.65,16.5,270.78,640.0,0.0030002183069540284,0.29648066
1998-11-15,1.3909607751312724e-21,1248.488084466635,1.0558745566226795,1.1920928955078125e-07,1.1920929e-07,1.1920929e-07,0.0,9.792,10.495,4.39,16.6,230.7,831.4,0.002914740066345079,0.29648066
1998-11-16,1.2762569619601167e-21,1247.5181422618286,0.807145614680988,1.1920928955078125e-07,1.1920929e-07,1.1920929e-07,0.0,9.698783,6.485,-1.4,14.37,268.98,560.0,0.0028315382901588273,0.2779506
1998-11-17,9.461051407528321e-22,1246.550507975374,0.9655886263090664,1.1920928955078125e-07,1.1920929e-07,1.1920929e-07,0.0,9.696003,9.27,3.61,14.93,219.28,795.13,0.002750901081005294,0.2779506
1998-11-18,4.335424286135976e-22,1245.5756594701568,0.8709104994127849,1.1920928955078125e-07,1.1920929e-07,1.1920929e-07,0.0,9.696003,7.68,2.58,12.78,203.63,736.93,0.0026719846642995143,0.2779506
1998-11-19,-9.506795040349956e-23,1244.6759083325692,0.7648476176110833,1.1920928955078125e-07,1.1920929e-07,1.1920929e-07,0.0,9.696003,5.705,-1.63,13.04,255.56,549.29,0.0026011580882152156,0.26868558
1998-11-20,-4.969993309096746e-22,1244.0027499682988,1.0278647890405395,1.1920928955078125e-07,1.1920929e-07,1.1920929e-07,0.0,9.6,10.44,4.96,15.92,207.53,876.46,0.0025493989235859716,0.2779506
1998-11-21,-6.296164230024768e-22,1243.7077474029586,0.8048700474410193,1.1920928955078125e-07,1.1920929e-07,1.9,1.9,9.6,6.645,1.02,12.27,202.93,656.61,0.002527041963505745,0.29648066
1998-11-22,-4.215630073462604e-22,1243.756712923462,0.6250052313405928,1.1920928955078125e-07,1.1920929e-07,1.1920929e-07,0.0,9.6,2.84,-3.32,9.0,228.91,480.0,0.0025307392301142707,0.28721562
1998-11-23,-2.2233050520085388e-22,1243.2429964203634,0.7814363092665539,1.1920928955078125e-07,1.1920929e-07,1.1920929e-07,0.0,9.555897,6.27,-3.03,15.57,271.86,480.0,0.0024922175801930634,0.26868558
1998-11-24,-1.1472967905874187e-22,1242.3065475509009,1.036330548509128,1.1920928955078125e-07,1.1920929e-07,1.1920929e-07,0.0,9.504003,10.75,3.85,17.65,233.46,801.59,0.002423499176683958,0.26868558
1998-11-25,-6.478465452904207e-23,1245.0260754541455,0.7376399805748312,1.1920928955078125e-07,1.1920929e-07,1.1920929e-07,0.0,9.504003,5.455,-2.4,13.31,253.27,520.0,0.0026284965992064914,0.26868558
1998-11-26,-3.242287431249009e-23,1251.7246068831582,0.9016545699288767,1.1920928955078125e-07,1.1920929e-07,12.85,12.85,9.504003,8.45,2.9,14.0,151.77,752.35,0.0032104678291619386,0.33354074
1998-11-27,-1.8323038053892468e-23,1257.0515374071292,0.9981485679453639,1.1920928955078125e-07,1.1920929e-07,1.1920929e-07,0.0,9.459894,10.045,6.5,13.59,139.3,959.8,0.003763946676699063,0.42619094
1998-11-28,-9.894075296799066e-24,1257.3288098657597,0.9480359923612958,1.1920928955078125e-07,1.1920929e-07,1.1920929e-07,0.0,9.408,9.32,0.7,17.94,252.47,642.49,0.0037952369662766715,0.3150107
1998-11-29,-5.481418714857828e-24,1255.9864240275751,1.1618597646445599,1.1920928955078125e-07,1.1920929e-07,1.1920929e-07,0.0,9.408,12.56,3.5,21.62,251.36,800.0,0.0036461285029061492,0.29648066
1998-11-30,-3.01831679718258e-24,1254.8192570733493,1.15573067058192,1.1920928955078125e-07,1.1920929e-07,1.1920929e-07,0.0,9.408,12.49,4.48,20.5,237.9,838.64,0.003521252226360045,0.29648066
1998-12-01,-1.5174563989568976e-24,1253.6758278038865,1.127623167108878,1.1920928955078125e-07,1.1920929e-07,1.1920929e-07,0.0,9.408,12.11,6.5,17.72,193.83,960.08,0.003403063936903732,0.28721562
1998-12-02,-7.017825811177518e-25,1252.5536978190435,0.9153439841544033,1.1920928955078125e-07,1.1920929e-07,1.1920929e-07,0.0,9.363897,8.905,0.06,17.75,249.17,604.8,0.003290934768621269,0.2779506
1998-12-03,3.646689576976256e-25,1251.3025747348622,1.163307149712597,1.1920928955078125e-07,1.1920929e-07,1.1920929e-07,0.0,9.311997,12.805,4.62,20.99,234.16,850.0,0.003170266456627881,0.26868558
1998-12-04,1.4490643745833607e-24,1249.939790208133,1.4229959511854038,1.1920928955078125e-07,1.1920929e-07,1.1920929e-07,0.0,9.311997,16.11,9.94,22.28,193.33,1235.26,0.0030438575635030733,0.2779506
1998-12-05,2.2577564955612942e-24,1248.4923312431001,1.5163862120953508,1.1920928955078125e-07,1.1920929e-07,1.1920929e-07,0.0,9.311997,17.185,11.96,22.41,169.4,1397.06,0.002915109679309722,0.2779506
1998-12-06,2.497098146653268e-24,1246.9871848440082,1.4351602480307468,1.1920928955078125e-07,1.1920929e-07,1.1920929e-07,0.0,9.311997,16.29,8.88,23.7,213.73,1150.61,0.0027870029673776196,0.2779506
1998-12-07,1.876240957440014e-24,1245.4585497766316,1.5401182433024727,1.1920928955078125e-07,1.1920929e-07,1.1920929e-07,0.0,9.311997,17.485,10.88,24.09,195.14,1310.13,0.0026626579608995376,0.2779506
1998-12-08,4.663472937403224e-25,1244.4048411802855,1.2385080399604673,1.1920928955078125e-07,1.1920929e-07,5.98,5.98,9.310348,13.91,7.85,19.97,140.59,1068.21,0.0025801905342150025,0.28721562
1998-12-09,-1.2458578704773356e-24,1243.9369080012702,0.755032100841158,1.1920928955078125e-07,1.1920929e-07,6.02,6.02,9.2187805,6.285,2.72,9.85,96.18,741.55,0.0025443919626586724,0.39839587
1998-12-10,-2.8068452619523553e-24,1243.8011273358998,0.6287871232153405,1.1920928955078125e-07,1.1920929e-07,1.1920929e-07,0.0,9.216,3.535,-2.98,10.05,207.33,481.41,0.002534097532078672,0.36133578
1998-12-11,-3.763085607424135e-24,1243.7438762804877,0.6673383695221421,1.1920928955078125e-07,1.1920929e-07,1.1920929e-07,0.0,9.216,4.425,-0.52,9.37,169.41,598.52,0.0025297694437714227,0.30574566
1998-12-12,-3.661049633632063e-24,1243.5115319313477,0.6017129921262656,1.1920928955078125e-07,1.1920929e-07,1.1920929e-07,0.0,9.216,2.885,-2.53,8.3,183.33,517.49,0.0025122803247216267,0.29648066
1998-12-13,-2.0752339036184464e-24,1242.9295780982754,0.6664570023748203,1.1920928955078125e-07,1.1920929e-07,1.1920929e-07,0.0,9.216,4.415,1.16,7.67,119.7,653.04,0.0024690040987935006,0.2779506
1998-12-14,8.003316282199254e-25,1242.278108847229,0.6173411151307587,1.1920928955078125e-07,1.1920929e-07,1.1920929e-07,0.0,9.216,3.28,-1.01,7.57,155.83,560.0,0.002421442203027059,0.2779506
1998-12-15,4.1665890009559566e-24,1241.6203627158498,0.5577733398400715,1.1920928955078125e-07,1.1920929e-07,1.1920929e-07,0.0,9.216,1.79,-6.29,9.87,234.21,376.95,0.0023743514896578553,0.2779506
1998-12-16,7.19934805754782e-24,1240.9639203475786,0.66252526186789,1.1920928955078125e-07,1.1920929e-07,1.1920929e-07,0.0,9.216,4.35,-2.63,11.33,216.53,509.04,0.002328267199816947,0.26868558
1998-12-17,9.074418640953674e-24,1240.3163623858566,0.6764451638710345,1.1920928955078125e-07,1.1920929e-07,1.1920929e-07,0.0,9.216,4.67,-0.21,9.55,170.76,600.0,0.0022836830829630708,0.26868558
1998-12-18,8.967610594131691e-24,1239.6852694741249,0.5789175432947302,1.1920928955078125e-07,1.1920929e-07,1.1920929e-07,0.0,9.216,2.36,-1.58,6.3,145.45,545.11,0.00224105417072827,0.26868558
1998-12-19,6.25748888873514e-24,1239.0739330516856,0.6245066077290858,1.1920928955078125e-07,1.1920929e-07,1.1920929e-07,0.0,9.216,3.49,-2.59,9.57,201.79,512.83,0.002200518679898115,0.26868558
1998-12-20,3.787608569138385e-24,1238.3517602124755,0.8123817236545879,1.1920928955078125e-07,1.1920929e-07,1.1920929e-07,0.0,9.216,7.48,4.1,10.86,125.51,808.3,0.0021535776311187734,0.25942057
1998-12-21,2.286263483979988e-24,1237.4495582274897,0.8352806160769299,1.1920928955078125e-07,1.1920929e-07,1.1920929e-07,0.0,9.216,7.92,3.72,12.12,152.19,800.0,0.002096339114151718,0.25942057
1998-12-22,1.3808988200678511e-24,1237.486230676532,0.81975685816819,1.1920928955078125e-07,1.1920929e-07,1.79,1.79,9.216,7.63,-1.21,16.47,235.16,563.79,0.002098635789826718,0.26868558
1998-12-23,0.08685547849355098,1237.8039109558858,0.35259034859557137,1.1920928955078125e-07,1.1920929e-07,1.1920929e-07,0.0,9.216,-4.705,-10.13,0.72,194.77,280.0,0.0021186366693004242,0.26868558
1998-12-24,2.2794067028917686,1237.4487726723576,0.3535079028364821,1.1920928955078125e-07,4.26,1.1920929e-07,4.26,9.216,-4.665,-7.81,-1.52,106.35,335.04,0.0020962899449062833,0.25942057
1998-12-25,4.348798588089051,1237.0939121066465,0.35200687795848756,1.1920928955078125e-07,1.1920929e-07,1.1920929e-07,0.0,9.216,-4.72,-10.39,0.95,227.98,280.0,0.00207419612620645,0.25942057
1998-12-26,4.347933482659481,1236.7426214173877,0.34673429331741173,1.1920928955078125e-07,1.1920929e-07,1.1920929e-07,0.0,9.216,-4.925,-11.4,1.55,246.19,247.94,0.0020525539336313844,0.25942057
1998-12-27,4.34793339997198,1236.373642490486,0.40090286081734106,1.1920928955078125e-07,1.1920929e-07,1.1920929e-07,0.0,9.216,-2.895,-9.29,3.5,241.97,296.46,0.0020300651242868904,0.28721562
1998-12-28,3.8488970901319637,1236.4153875494355,0.5142329081855063,3.8416940076398527,1.1920929e-07,1.1920929e-07,0.0,9.216,0.665,-3.47,4.8,179.74,470.74,0.002032597022039375,0.28721562
1998-12-29,1.4096616690833277,1239.3175831489477,0.5497551437990635,1.4096604368179433,1.1920929e-07,2.09,2.09,9.216,1.605,-0.5,3.71,96.75,599.91,0.002216585604647955,0.28721562
1998-12-30,1.2476547957593245,1240.9418777431383,0.4321689998743208,1.1920928955078125e-07,1.5694995,0.0005005557,1.57,9.216,-1.885,-6.0,2.23,186.03,388.24,0.0023267353603703563,0.35207078
1998-12-31,1.9571660020510626,1240.5694929586502,0.3182904807325599,1.1920928955078125e-07,1.1920929e-07,1.1920929e-07,0.0,9.216,-6.145,-8.95,-3.34,138.0,311.18,0.0023010084758148396,0.2779506
1999-01-01,1.9333976410705755,1240.2574213048229,0.3082337604807451,1.1920928955078125e-07,1.1920929e-07,1.1920929e-07,0.0,9.216,-6.58,-10.47,-2.69,170.22,280.0,0.0022796676510386,0.25942057
1999-01-02,2.0117026586270152,1239.9637210194992,0.27626188319308903,1.1920928955078125e-07,0.21,1.1920929e-07,0.21,9.267895,-8.135,-11.69,-4.58,162.29,244.72,0.002259763965724734,0.22236049
1999-01-03,18.68683698505136,1243.837722764267,0.47539389340368904,1.1920928955078125e-07,0.95583206,40.62417,41.58,9.311997,-0.705,-9.42,8.01,223.24,293.86,0.002536867966540913,3.9098384
1999-01-04,20.007921378904904,1262.8212099605976,0.43738047903362587,1.1920928955078125e-07,1.1920929e-07,1.1920929e-07,0.0,9.311997,-2.11,-8.3,4.08,265.04,320.0,0.00447156663603004,1.2322477
1999-01-05,20.01026909175239,1262.4616986609458,0.2841936597467209,1.1920928955078125e-07,1.1920929e-07,1.1920929e-07,0.0,9.311997,-8.06,-12.21,-3.91,209.14,240.0,0.00442382428007141,0.46325102
1999-01-06,20.01026909175239,1262.1898184236688,0.26917508598335205,1.1920928955078125e-07,1.1920929e-07,1.1920929e-07,0.0,9.311997,-8.785,-15.38,-2.19,279.33,200.0,0.004388057950606268,0.51884115
1999-01-07,19.986131967846344,1261.8541966963787,0.3976948626067184,1.1920928955078125e-07,1.1920929e-07,1.1920929e-07,0.0,9.311997,-3.44,-7.81,0.93,217.2,337.12,0.00434430486976535,0.5559012
1999-01-08,22.64479665428314,1261.4838854684635,0.33365902608392073,1.1920928955078125e-07,6.61,1.1920929e-07,6.61,9.311997,-5.87,-9.08,-2.66,128.9,313.41,0.004296535570064786,0.74120164
1999-01-09,35.062449293629776,1261.7170932584288,0.469497330606761,1.1920928955078125e-07,15.37764,3.26236,18.64,9.408,-1.235,-6.71,4.24,194.03,361.8,0.004326557236273959,0.907972
1999-01-10,46.913995088575085,1261.477435559698,0.37014166343309235,1.1920928955078125e-07,4.01,1.1920929e-07,4.01,9.408,-4.58,-9.97,0.81,205.51,280.0,0.00429570821754454,2.1031597
1999-01-11,48.497840614736845,1261.1345754878234,0.33602394514371375,1.1920928955078125e-07,1.1920929e-07,1.1920929e-07,0.0,9.408,-5.91,-9.1,-2.72,177.39,309.37,0.004251956908504081,0.72267157
1999-01-12,48.27219889573604,1260.9198489288792,0.5272951310866818,4.008856108923396,1.1920929e-07,1.1920929e-07,0.0,9.408,0.445,-6.92,7.81,303.39,360.0,0.004224783532688241,0.6948765
1999-01-13,23.172457647312374,1285.351358567719,0.7972281228813484,23.172457647312374,1.1920929e-07,1.1920929e-07,0.0,9.408,6.305,1.5,11.11,237.78,680.0,0.00876216973564226,1.8715341
1999-01-14,10.00961133872921,1299.7802458786566,0.51305428725728,1.1920928955078125e-07,0.021185413,4.9288144,4.95,9.504003,-0.535,-6.95,5.88,218.11,359.91,0.013480726460659174,1.352693
1999-01-15,22.452798227762013,1299.9700675442066,0.3985778059097184,1.1920928955078125e-07,20.71,1.1920929e-07,20.71,9.504003,-4.11,-8.18,-0.04,169.11,320.03,0.013557347988902931,1.1395975
1999-01-16,33.531674432453826,1299.5588649012136,0.4687010568501027,1.1920928955078125e-07,1.1920929e-07,1.1920929e-07,0.0,9.504003,-1.825,-7.65,4.0,286.79,348.02,0.01339191286035988,1.7325587
1999-01-17,20.52913647268594,1310.861865290332,0.735301489001357,20.52913647268594,1.1920929e-07,1.1920929e-07,0.0,9.504003,4.63,-1.51,10.77,290.79,558.54,0.018767671173428483,1.7881489
1999-01-18,7.520400746006848,1330.5559014513624,0.823777820839027,7.520400746006848,1.1920929e-07,13.73,13.73,9.6,5.97,0.52,11.42,203.9,640.0,0.03378983160699165,9.357671
1999-01-19,2.7493830725936377,1346.744341538221,0.733120108158221,2.7493830725904838,1.1920929e-07,9.69,9.69,9.6,4.03,-1.5,9.56,224.22,560.0,0.05479034784914732,3.761598
1999-01-20,1.003689859018451,1352.922566122281,0.7549065165195097,1.0036459442233454,1.1920929e-07,1.91,1.91,9.6,4.4,0.19,8.61,225.49,614.86,0.0658897804562622,1.5287284
1999-01-21,0.3668060672432932,1354.9703207818818,0.6407550299192983,0.3576760550496929,1.1920929e-07,2.46,2.46,9.602783,1.94,-2.42,6.3,214.6,520.0,0.0700441089509458,1.1766576
1999-01-22,0.1432782238583754,1357.1350318780453,0.7327956042115671,0.11567344614761124,1.1920929e-07,2.94,2.94,9.696003,3.76,1.68,5.84,96.87,694.26,0.07472084277693793,1.1118025
1999-01-23,0.06596146628614885,1359.11347950952,1.0605522897000148,0.043480071869345584,1.1920929e-07,4.73,4.73,9.696003,9.385,4.26,14.51,198.67,821.15,0.07926776277693164,1.3434279
1999-01-24,0.03446354809053026,1375.3048521126286,1.1601386401384735,0.020172069401393523,1.1920929e-07,29.42,29.42,9.696003,10.61,4.72,16.5,215.76,857.27,0.1285442508626362,5.559012
1999-01-25,0.01941304784994715,1392.0477222054496,0.7439561383478023,0.010645742177865068,1.1920929e-07,4.65,4.65,9.792,3.46,-1.1,8.02,191.71,560.1,0.21191420452190077,2.1587498
1999-01-26,0.01124427285353512,1392.9326470739804,0.7270965287530373,0.005937887996608173,1.1920929e-07,1.1920929e-07,0.0,9.792,3.11,-1.66,7.88,265.38,543.53,0.21758804353989647,1.2415127
1999-01-27,0.006551337068939777,1391.946801007032,0.7429027589809818,0.0033829302167471646,1.1920929e-07,1.1920929e-07,0.0,9.792,3.44,-4.27,11.15,342.08,440.0,0.21127660390291397,0.94503206
1999-01-28,0.0033787509630007068,1390.7622365071024,1.0345869632101587,0.0017179126618998273,1.1920929e-07,1.1920929e-07,0.0,9.888,8.335,0.15,16.52,344.75,613.4,0.2039346277537612,0.8153218
1999-01-29,0.001583850256047967,1389.5062806227345,1.0383277636470785,0.0007981964510074426,1.1920929e-07,1.1920929e-07,0.0,9.888,8.405,1.32,15.49,329.81,665.2,0.19642863488580323,0.6948765
1999-01-30,0.0011666753872730448,1388.4604378339397,0.6249284959097978,0.0005864254517851287,1.1920929e-07,1.1920929e-07,0.0,9.888,0.79,-5.26,6.84,317.57,419.0,0.19038958697278188,0.6114913
1999-01-31,0.0013402914223812061,1387.6898548162985,0.5154952432026909,1.1920928955078125e-07,1.1920929e-07,1.1920929e-07,0.0,9.983997,-2.105,-7.55,3.34,303.8,356.03,0.18605910237458004,0.5559012
1999-02-01,0.0017140777003337377,1387.344856862861,0.4930842796526389,1.1920928955078125e-07,1.1920929e-07,1.1920929e-07,0.0,9.983997,-2.73,-9.5,4.04,340.99,280.04,0.18415235583000222,0.52810615
1999-02-02,0.004798167861760414,1397.6517682541771,0.7316676942777928,0.002456628928171222,1.1920929e-07,19.18,19.18,9.983997,2.865,-1.88,7.61,209.2,535.18,0.25051204276783345,2.0383043
1999-02-03,0.002905286317170008,1406.4048099980603,0.9245492688128116,0.0014737433958966189,1.1920929e-07,2.18,2.18,10.079997,6.14,1.58,10.7,242.09,686.15,0.3253349097490019,1.5101982
1999-02-04,0.0017327260507610403,1406.084130583304,0.9216094205702526,0.000873868686511063,1.1920929e-07,1.1920929e-07,0.0,10.079997,6.095,0.1,12.09,323.25,607.7,0.3222347456157419,0.98209214
1999-02-05,0.0010263167949311734,1404.7356772127923,0.834045933997977,0.0005157916897602246,1.1920929e-07,1.1920929e-07,0.0,10.079997,4.6,-0.54,9.74,300.54,587.51,0.30951860681159044,0.8338518
1999-02-06,0.0004891196656831383,1403.475979704709,0.8903106306448826,0.0002451579267675744,1.1920929e-07,1.23,1.23,10.176,5.455,-0.64,11.55,306.62,587.75,0.2980931989392421,0.71340656
1999-02-07,9.80576527330702e-05,1403.7418750221377,0.8173386313499313,4.905286462275777e-05,1.1920929e-07,2.35,2.35,10.176,4.165,-1.98,10.31,297.37,521.75,0.30046920902222407,0.75046664
1999-02-08,-4.9742714479065944e-05,1407.2890562661878,0.7105492309463995,1.1920928955078125e-07,1.1920929e-07,7.11,7.11,10.270348,1.915,-0.47,4.3,122.74,600.0,0.3340387322358171,1.2044526
1999-02-09,-2.6558034160193136e-05,1411.067910804567,0.7099070770412526,1.1920928955078125e-07,1.1920929e-07,1.1920929e-07,0.0,10.272,1.86,-4.0,7.72,336.38,440.0,0.3739364696870992,0.88944197
1999-02-10,-7.3553184264144814e-06,1411.1211352705725,0.9341987558937066,1.1920928955078125e-07,1.1920929e-07,1.1920929e-07,0.0,10.272,5.96,0.08,11.84,332.04,606.78,0.37453119263441864,0.74120164
1999-02-11,3.0773322292231814e-06,1409.4865503466624,0.983194713191428,1.5386897895457115e-06,1.1920929e-07,1.1920929e-07,0.0,10.367997,6.615,-2.34,15.57,395.02,520.0,0.35669093775522587,0.6485514
1999-02-12,2.8550303920800183e-06,1407.859372733756,1.2666975747297498,1.427535574036357e-06,1.1920929e-07,0.19,0.19,10.367997,10.57,1.08,20.06,391.62,653.79,0.3397756167296319,0.6392864
1999-02-13,0.00530356976158942,1408.3916992384934,0.6301517672131749,1.1920928955078125e-07,0.00011886119,3.359881,3.36,10.419894,-0.055,-3.87,3.76,189.56,455.59,0.3452192226853109,0.70414156
1999-02-14,0.2419140244005121,1408.8939969729827,0.5919418182553433,1.1920928955078125e-07,1.1920929e-07,1.1920929e-07,0.0,10.464,-1.02,-5.24,3.2,277.18,419.65,0.35043570062791674,0.5929613
1999-02-15,0.21634743140598886,1407.950003288351,0.6738503258509098,0.19399485212839757,1.1920929e-07,1.1920929e-07,0.0,10.464,0.86,-6.86,8.58,394.6,360.0,0.3406963101057769,0.54663616
1999-02-16,0.09283553205758074,1406.923528255734,0.9673425262521419,0.06653907818460104,1.1920929e-07,1.1920929e-07,0.0,10.559998,6.115,-3.62,15.85,417.64,470.0,0.33041287964156013,0.53737116
1999-02-17,0.04706707451441982,1407.935930733586,1.0638399945587544,0.028971784736867637,1.1920929e-07,5.42,5.42,10.559998,7.56,0.5,14.62,279.61,640.0,0.3405531870602701,0.57443124
1999-02-18,0.025027110759173434,1417.4485925480185,0.9718673723541617,0.014071323555242083,1.1920929e-07,15.17,15.17,10.655997,5.935,2.28,9.59,181.3,719.97,0.4524151294784477,1.7140287
1999-02-19,0.014427366005980637,1423.9797084311995,0.7206994410213815,0.007733146181571186,1.1920929e-07,1.1920929e-07,0.0,10.655997,1.41,-4.23,7.05,341.85,440.03,0.549828337861099,1.2971028
1999-02-20,0.008500991854015497,1422.7572782396048,0.6651161957299859,0.0039806883951754145,1.1920929e-07,1.1920929e-07,0.0,10.655997,0.255,-3.94,4.45,280.66,448.22,0.5301218150250161,0.917237
1999-02-21,0.012642025987469172,1421.6109977706365,0.5755736142535143,1.1920928955078125e-07,1.1920929e-07,1.1920929e-07,0.0,10.752,-1.935,-6.11,2.24,281.2,385.86,0.5122850457029572,0.75973165
1999-02-22,0.012641481262108642,1420.5860442741148,0.468026440392183,1.1920928955078125e-07,1.1920929e-07,1.1920929e-07,0.0,10.752,-4.825,-9.35,-0.3,305.13,298.1,0.49684502601291786,0.6392864
1999-02-23,0.012641407859157176,1419.6631150690225,0.41211054670241126,1.1920928955078125e-07,1.1920929e-07,1.1920929e-07,0.0,10.848002,-6.685,-11.66,-1.71,332.46,240.62,0.4833404914102444,0.57443124
1999-02-24,0.7776823771879557,1418.7306289442738,0.5124043208674656,1.1920928955078125e-07,1.61,1.1920929e-07,1.61,10.848002,-3.67,-9.04,1.7,344.99,312.26,0.4700688644130285,0.53737116
1999-02-25,1.6230135621373003,1417.737743791144,0.5507725493592772,1.1920928955078125e-07,1.1920929e-07,1.1920929e-07,0.0,10.944003,-2.77,-7.68,2.14,331.75,345.41,0.456337952325979,0.5003111
1999-02-26,1.3913615027474018,1417.5215251897177,0.7049324687471172,1.3904012211569845,1.1920929e-07,1.41,1.41,10.944003,0.765,-4.29,5.82,322.82,440.01,0.4534013918037234,0.5095761
1999-02-27,0.5064746314479587,1417.840700881539,0.777170945946279,0.5032960587198642,1.1920929e-07,1.1920929e-07,0.0,10.946783,2.185,-5.02,9.39,421.42,438.12,0.4577429350376077,0.51884115
1999-02-28,0.1914385490759489,1423.5048067402784,0.9186228287755352,0.16684080780749927,1.1920929e-07,12.64,12.64,11.04,4.485,0.95,8.02,196.89,645.34,0.5420870032406754,0.94503206
1999-03-01,0.08369993725667016,1432.609170876186,0.897441099019208,0.05840856769287443,1.1920929e-07,7.72,7.72,11.04,4.04,1.13,6.95,183.23,650.79,0.7114210418946799,1.1581275
1999-03-02,0.041894712362609464,1434.7717149026269,0.9751608762237888,0.025272200895254816,1.1920929e-07,1.1920929e-07,0.0,11.136,5.135,-0.45,10.72,379.38,592.85,0.7588723902091089,0.75046664
1999-03-03,0.02242259344655644,1431.4411865411405,1.2077796164881238,0.012462988550721803,1.1920929e-07,1.1920929e-07,0.0,11.136,8.445,0.93,15.96,435.78,641.37,0.6870388108248311,0.71340656
1999-03-04,0.012804425220412946,1439.565094082388,1.0565826415095156,0.006811536775612743,1.1920929e-07,18.22,18.22,11.232,6.17,-2.12,14.46,341.17,520.68,0.8756393069627675,2.36258
1999-03-05,0.020007514329677213,1446.8144549229742,0.6941784798048036,1.1920928955078125e-07,1.1920929e-07,1.1920929e-07,0.0,11.232,-0.13,-5.41,5.15,373.91,410.88,1.087248563353786,1.4360781
1999-03-06,0.03030378839588513,1447.5106272083585,0.8832839968601983,0.017430284053233172,1.1920929e-07,4.73,4.73,11.328,3.265,-1.32,7.85,272.46,556.78,1.1100849562984103,1.4916682
1999-03-07,0.017490891647945473,1449.554965727392,0.7193834401187166,0.008353928180598007,5.8695673e-06,3.0299942,3.03,11.328,0.235,-7.41,7.88,366.77,351.09,1.1799550789532132,1.6028485
1999-03-08,0.787192712090085,1448.4871224744622,0.5313479238738789,1.1920928955078125e-07,1.1920929e-07,1.1920929e-07,0.0,11.423997,-4.175,-10.04,1.69,411.31,280.0,1.1429272404465252,1.0469472
1999-03-09,0.5279820477057589,1446.8322476024402,0.5652295883771778,1.1920928955078125e-07,0.04,1.1920929e-07,0.04,11.423997,-3.295,-6.57,-0.02,269.02,360.0,1.0878263213857287,0.9635621
1999-03-10,2.560739508013402,1445.1720364537825,0.6336015757325977,1.1920928955078125e-07,3.8289778,0.011021919,3.84,11.423997,-1.665,-5.12,1.79,211.74,430.33,1.035216882057139,0.9635621
1999-03-11,3.8851208127810257,1444.081102158645,0.7067019235780756,1.1920928955078125e-07,1.1920929e-07,1.1920929e-07,0.0,11.520008,-0.21,-5.29,4.87,384.1,418.75,1.002039935669019,0.9635621
1999-03-12,1.9570303111505365,1444.2667427891422,0.7832355190709459,1.9570224895290769,1.1920929e-07,1.1920929e-07,0.0,11.520008,1.28,-3.43,5.99,366.92,473.99,1.0076095184787237,0.8431168
1999-03-13,0.7137276282734979,1443.6895008703007,0.8448659041507057,0.7131607266334676,1.1920929e-07,1.1920929e-07,0.0,11.616,2.275,-3.08,7.63,406.27,479.98,0.9903918899234352,0.75046664
1999-03-14,0.26228640425680827,1444.1880235153462,0.84831894706366,0.2445345071423996,1.1920929e-07,4.83,4.83,11.616,2.33,-1.26,5.92,285.39,558.5,1.0052440155684377,0.76899666
1999-03-15,0.10768032552489658,1453.1577380552865,0.849607068554654,0.08031752214072786,1.1920929e-07,15.92,15.92,11.711997,2.14,-0.73,5.01,192.49,581.3,1.3139631488897499,1.0654774
1999-03-16,0.05214881284161629,1458.13538255054,0.8900162161806588,0.03272315449444353,1.1920929e-07,1.1920929e-07,0.0,11.711997,2.775,-3.16,8.71,438.68,481.79,1.524505791742809,1.7510889
1999-03-17,0.02787573086697948,1455.593118973883,1.4081992808538215,0.015868023836614228,1.1920929e-07,1.1920929e-07,0.0,11.808,9.665,1.73,17.6,482.03,698.01,1.4130682873596352,2.0383043
1999-03-18,0.015357945239419387,1452.6964047603085,1.6955872753804482,0.008267482531107047,1.1920929e-07,1.1920929e-07,0.0,11.808,12.645,6.25,19.04,425.65,944.26,1.2959880720165449,1.862269
1999-03-19,0.0070721421962495375,1450.0758508849044,1.2427681202005025,0.003661056997292031,1.1920929e-07,1.1920929e-07,0.0,11.903997,7.655,2.55,12.76,379.41,734.68,1.1984498714004839,1.2229826
1999-03-20,0.0031201059027172644,1447.825597937009,0.9630116274515658,0.001584388629256883,1.1920929e-07,1.1920929e-07,0.0,11.903997,3.81,-3.46,11.08,455.66,479.82,1.120573871610905,1.0376823
1999-03-21,0.0017565179682518018,1449.6165899988396,1.0655673017897496,0.0008859721742427946,1.1920929e-07,5.17,5.17,12.000003,5.19,0.02,10.36,352.4,601.58,1.1821281669239825,2.0938945
1999-03-22,0.0009140588739013516,1456.4928693607606,0.9746282181957681,0.00045911818147014377,1.1920929e-07,13.23,13.23,12.000003,3.78,0.8,6.76,189.73,641.21,1.4515444970100055,3.150107
1999-03-23,0.0005276952543923192,1462.1939183213751,0.9860104536290031,0.00026454378128449197,1.1920929e-07,1.1920929e-07,0.0,12.000003,3.895,-2.75,10.54,441.66,500.21,1.7209044026344593,1.6121135
1999-03-24,0.00028032505345731745,1460.2496533719566,1.2928566672327941,0.00014035898193899944,1.1920929e-07,1.1920929e-07,0.0,12.096,7.91,3.62,12.2,335.99,800.0,1.6238471913756103,1.380488
1999-03-25,0.000159386683288662,1457.1681151426576,1.136729548533759,7.975685191791021e-05,1.1920929e-07,1.1920929e-07,0.0,12.096,5.97,0.71,11.23,391.7,639.13,1.4811067838606606,1.2415127
1999-03-26,8.932907271206079e-05,1454.7164020204602,0.9666987576406157,4.468448556278282e-05,1.1920929e-07,1.1920929e-07,0.0,12.191998,3.44,-3.34,10.22,452.26,480.0,1.376558347263171,1.0562123
1999-03-27,5.079817075104763e-05,1452.4075898277204,1.0251196790659876,2.5405536510764223e-05,1.1920929e-07,1.1920929e-07,0.0,12.191998,4.34,-2.2,10.88,444.81,520.0,1.284860257742779,0.95429707
1999-03-28,2.0348090330946772e-05,1450.0554481265365,1.3050532848027165,1.0175080277420106e-05,1.1920929e-07,0.96,0.96,12.287997,7.92,2.71,13.13,388.72,738.6,1.197720015855202,0.907972
1999-03-29,-5.215245964188846e-06,1447.633955863956,1.444006807866663,1.1920928955078125e-07,1.1920929e-07,1.1920929e-07,0.0,12.287997,9.52,1.51,17.53,477.06,681.07,1.1141802070594482,0.8431168
1999-03-30,-1.8746106904999867e-05,1445.1541222780802,1.5228647935048556,1.1920928955078125e-07,1.1920929e-07,1.1920929e-07,0.0,12.383997,10.26,2.0,18.52,479.2,720.0,1.0346633121651885,0.75046664
1999-03-31,-1.4779326889702957e-05,1443.2416728582107,1.5668012050498321,1.1920928955078125e-07,1.1920929e-07,1.1920929e-07,0.0,12.383997,10.73,0.46,21.0,504.46,636.62,0.9772372650695218,0.6948765
1999-04-01,-8.36151977682364e-06,1447.3614697582245,1.951216024075506,1.1920928955078125e-07,1.1920929e-07,10.06,10.06,12.479998,14.08,8.56,19.6,285.58,1124.83,1.105152140691611,1.0376823
1999-04-02,-4.818988680000265e-06,1453.6578805256622,2.0170494727470767,1.1920928955078125e-07,1.1920929e-07,8.62,8.62,12.479998,14.55,10.46,18.64,235.96,1276.72,1.333732121383525,1.2600428
1999-04-03,-2.7421307061974876e-06,1453.2723581044934,2.0848853919099435,1.1920928955078125e-07,1.1920929e-07,1.1920929e-07,0.0,12.576006,14.97,8.8,21.14,417.85,1144.32,1.318467658986157,0.907972
1999-04-04,-1.571060606799465e-06,1449.502454020267,2.326087730640683,1.1920928955078125e-07,1.1920929e-07,1.1920929e-07,0.0,12.576006,16.82,10.64,23.0,413.8,1291.53,1.1781064846057032,1.0840074
1999-04-05,-9.325593105590023e-07,1453.2553228643042,1.7185658391868563,1.1920928955078125e-07,1.1920929e-07,9.97,9.97,12.576006,11.845,3.98,19.71,357.49,811.08,1.3177972069302002,2.32552
1999-04-06,-5.581308537643757e-07,1455.6939897928103,1.3954063634285476,1.1920928955078125e-07,1.1920929e-07,1.1920929e-07,0.0,12.672003,8.42,1.02,15.82,475.2,641.67,1.4173305802870568,1.2693077
1999-04-07,-3.322045073572062e-07,1452.6747133719914,1.8939301541088835,1.1920928955078125e-07,1.1920929e-07,1.1920929e-07,0.0,12.672003,13.29,6.03,20.55,461.18,922.75,1.2951489827761844,1.0562123
1999-04-08,-1.9255904539200254e-07,1448.541434818422,2.2775903965353383,1.1920928955078125e-07,1.1920929e-07,1.1920929e-07,0.0,12.768005,16.23,6.29,26.17,504.02,943.2,1.1447821799261109,0.93576705
1999-04-09,-1.1120616613555205e-07,1448.107864821533,2.3543680238689,1.1920928955078125e-07,1.1920929e-07,6.91,6.91,12.768005,16.785,8.04,25.53,360.83,1082.81,1.1300578866769742,1.0654774
1999-04-10,-6.568335344058228e-08,1459.0068385446014,1.467106341560219,1.1920928955078125e-07,1.1920929e-07,17.17,17.17,12.864003,8.93,3.73,14.13,282.95,798.92,1.5646938823920515,1.6954987
1999-04-11,-3.919197720611782e-08,1469.4282793434506,1.3666629868747409,1.1920928955078125e-07,1.1920929e-07,7.93,7.93,12.864003,7.72,2.14,13.3,299.39,720.0,2.135825830719787,2.0475695
1999-04-12,-2.3261163132679073e-08,1475.9021645654047,1.4501981336465635,1.1920928955078125e-07,1.1920929e-07,11.45,11.45,12.96,8.455,4.54,12.37,228.26,843.4,2.591276252767055,2.2050748
1999-04-13,-1.3504861132405938e-08,1477.7694879635694,1.487960270061458,1.1920928955078125e-07,1.1920929e-07,1.1920929e-07,0.0,12.96,8.835,2.17,15.5,445.82,716.02,2.739855060809085,1.4638731
1999-04-14,-7.425899981770409e-09,1473.4210534169094,1.7095917214217136,1.1920928955078125e-07,1.1920929e-07,1.1920929e-07,0.0,13.05322,10.95,3.13,18.77,476.75,770.06,2.4062500695190745,1.1488625
1999-04-15,-4.356667685532509e-09,1469.8750378243085,1.7748288401438503,1.1920928955078125e-07,1.1920929e-07,0.7,0.7,13.056,11.58,4.3,18.86,432.15,823.97,2.1645071340329762,1.0191522
1999-04-16,-2.446061509081111e-09,1467.8164969076988,1.7579323669810607,1.1920928955078125e-07,1.1920929e-07,2.68,2.68,13.056,11.45,6.0,16.9,320.76,920.0,2.035474191007506,1.0284172
1999-04-17,-1.2446972273508502e-09,1466.6600069130093,1.6042473890522422,1.1920928955078125e-07,1.1920929e-07,1.8,1.8,13.152,9.9,3.84,15.96,418.62,804.8,1.9663879931985677,0.92650205
1999-04-18,9.613341281353476e-11,1465.4632406979288,1.488318393187425,1.1920928955078125e-07,1.1920929e-07,1.1920929e-07,0.0,13.152,8.74,3.5,13.98,383.25,789.7,1.8973635771741588,0.8338518
1999-04-19,1.2705408872091667e-09,1464.191679895415,1.4133898874904356,1.1920928955078125e-07,1.1920929e-07,1.1920929e-07,0.0,13.248009,7.84,1.7,13.98,432.51,696.4,1.8266781414257367,0.7782617
1999-04-20,1.9149267706906375e-09,1462.8567819455627,1.485491393821662,1.1920928955078125e-07,1.1920929e-07,3.77,3.77,13.248009,8.625,3.9,13.35,268.71,801.55,1.7553034311730256,0.80605674
1999-04-21,1.665692638112539e-09,1461.4700042884663,1.312936528673385,1.1920928955078125e-07,1.1920929e-07,1.58,1.58,13.343997,6.625,0.54,12.71,413.51,640.0,1.684106838503316,0.76899666
1999-04-22,7.051078612772e-10,1460.5884732800723,2.0089554137701815,1.1920928955078125e-07,1.1920929e-07,11.94,11.94,13.343997,13.32,4.87,21.77,373.86,869.06,1.6403581817791655,0.8153218
1999-04-23,-3.361521041176705e-10,1460.3093558368514,2.3401598737685365,1.1920928955078125e-07,1.1920929e-07,1.68,1.68,13.343997,15.815,9.0,22.63,406.44,1160.21,1.6267444348434095,0.8153218
1999-04-24,-1.1739544970871081e-09,1459.9165073777813,1.4264484266966608,1.1920928955078125e-07,1.1920929e-07,5.36,5.36,13.439995,7.805,1.04,14.57,340.79,644.06,1.60777474463456,0.79679173
1999-04-25,-1.5242056632522944e-09,1458.6937242351112,1.4720701717782823,1.1920928955078125e-07,1.1920929e-07,1.1920929e-07,0.0,13.439995,8.305,0.28,16.33,497.32,622.56,1.5501337873612586,0.6670815
1999-04-26,-1.1265417918272124e-09,1455.9957122006265,1.8683827658245917,1.1920928955078125e-07,1.1920929e-07,1.1920929e-07,0.0,13.535997,11.975,2.39,21.56,526.17,720.0,1.4301567464131526,0.6392864
1999-04-27,-3.5215093482214045e-10,1452.8580442281789,2.0605480160406957,1.1920928955078125e-07,1.1920929e-07,1.1920929e-07,0.0,13.535997,13.585,4.69,22.48,505.67,855.09,1.3022579237204945,0.6022263
1999-04-28,4.1509294153523887e-10,1449.841646624728,1.808948403378752,1.1920928955078125e-07,1.1920929e-07,1.1920929e-07,0.0,13.580106,11.475,4.89,18.06,436.87,870.91,1.1900985058085978,0.57443124
1999-04-29,9.60000671352791e-10,1446.9288198725587,1.7505299156523835,1.1920928955078125e-07,1.1920929e-07,1.1920929e-07,0.0,13.632,10.925,2.85,19.0,493.35,748.22,1.0909675440086901,0.5559012
1999-04-30,1.067383088738382e-09,1444.101864453957,1.792262197575086,1.1920928955078125e-07,1.1920929e-07,1.1920929e-07,0.0,13.632,11.33,3.33,19.33,493.68,786.64,1.002661313055505,0.52810615
1999-05-01,6.185175241613057e-10,1441.3827650632272,1.7986542973747854,1.1920928955078125e-07,1.1920929e-07,1.1920929e-07,0.0,13.727997,11.305,2.56,20.05,512.31,725.14,0.9244752143261401,0.5095761
1999-05-02,-2.606584520974601e-11,1438.8587777300193,1.9235483777699611,1.1920928955078125e-07,1.1920929e-07,1.1920929e-07,0.0,13.727997,12.405,3.81,21.0,502.91,800.0,0.8573661523339007,0.49104607
1999-05-03,-6.518855545769439e-10,1436.3851889877715,1.9566811477661,1.1920928955078125e-07,1.1920929e-07,0.04,0.04,13.72965,12.705,6.06,19.35,434.39,924.89,0.7963260496236343,0.47251603
1999-05-04,-1.0795429419626598e-09,1433.7941565705366,2.3126303999655122,1.1920928955078125e-07,1.1920929e-07,0.51,0.51,13.824,15.34,9.47,21.21,393.33,1197.38,0.7370426180307653,0.52810615
1999-05-05,-1.1296393453892639e-09,1430.9178382123682,2.5623244232313067,1.1920928955078125e-07,1.1920929e-07,1.1920929e-07,0.0,13.824,17.07,9.37,24.77,465.77,1186.88,0.676386500979807,0.48178104
1999-05-06,-7.383350617620903e-10,1427.3775864262147,2.5993258714028906,1.1920928955078125e-07,1.1920929e-07,1.1920929e-07,0.0,13.920003,17.235,11.68,22.79,375.64,1374.03,0.6085383237688013,0.47251603
1999-05-07,-4.2492593536932806e-10,1424.7615843491155,2.418082642859583,1.1920928955078125e-07,1.1920929e-07,2.08,2.08,13.920003,16.065,12.19,19.94,274.03,1415.09,0.5628152110771986,0.49104607
1999-05-08,-2.516003007638902e-10,1428.663359643611,2.7805932588998594,1.1920928955078125e-07,1.1920929e-07,15.68,15.68,13.920003,18.35,13.57,23.13,255.74,1565.41,0.6323547074749277,0.8709119
1999-05-09,-1.4477211681526147e-10,1433.1198657351679,2.6825916253582083,1.1920928955078125e-07,1.1920929e-07,1.57,1.57,14.015994,17.58,11.63,23.53,391.84,1370.01,0.7223521441897975,0.71340656
1999-05-10,-8.583428119415749e-11,1430.986304352202,2.256052326275912,1.1920928955078125e-07,1.1920929e-07,1.1920929e-07,0.0,14.015994,14.74,6.05,23.43,515.64,923.92,0.6777706255700564,0.5003111
1999-05-11,-4.9991710739522285e-11,1427.9892427874277,2.470699003711419,1.1920928955078125e-07,1.1920929e-07,1.1920929e-07,0.0,14.015994,16.27,8.17,24.37,493.18,1092.76,0.6197540555987215,0.46325102
1999-05-12,-1.966383003148782e-11,1425.3366251768252,2.838370630516553,1.1920928955078125e-07,1.1920929e-07,1.1920929e-07,0.0,14.111998,18.505,10.37,26.64,483.65,1256.92,0.5725619333769358,0.44472098
1999-05-13,1.6569652943183795e-11,1423.3974720767296,2.8734044296456034,1.1920928955078125e-07,1.1920929e-07,8.14,8.14,14.111998,18.735,12.37,25.1,312.25,1429.93,0.5403525056682065,0.48178104
1999-05-14,4.888497604788106e-11,1421.7999676426464,2.1694083004849793,1.1920928955078125e-07,1.1920929e-07,1.1920929e-07,0.0,14.111998,14.095,9.69,18.5,326.6,1215.55,0.5151836601549664,0.453986
1999-05-15,6.743845593848231e-11,1420.17168947637,2.0082305968974796,1.1920928955078125e-07,1.1920929e-07,1.1920929e-07,0.0,14.208003,12.755,4.81,20.7,499.09,864.5,0.4907360275600007,0.4169259
1999-05-16,6.238640927086583e-11,1418.140215179696,2.044323947010581,1.1920928955078125e-07,1.1920929e-07,1.1920929e-07,0.0,14.208003,13.065,5.0,21.13,500.1,880.0,0.46185483944632055,0.38913086
1999-05-17,2.8787887346131882e-11,1415.572820340658,2.282462892591447,1.1920928955078125e-07,1.1920929e-07,1.1920929e-07,0.0,14.208003,14.885,7.7,22.07,463.94,1055.73,0.4277733146262122,0.38913086
1999-05-18,-1.976628707179776e-11,1412.8551508277521,2.571843875528948,1.1920928955078125e-07,1.1920929e-07,1.1920929e-07,0.0,14.304006,16.775,9.5,24.05,460.02,1200.04,0.39443300111406976,0.38913086
1999-05-19,-6.974928847887786e-11,1410.0162622785024,2.989182904267154,1.1920928955078125e-07,1.1920929e-07,1.1920929e-07,0.0,14.304006,19.335,14.65,24.02,326.32,1670.44,0.3623772566971722,0.37986583
1999-05-20,-1.0789001060329497e-10,1407.0657205771813,2.5283681941258664,1.1920928955078125e-07,1.1920929e-07,1.1920929e-07,0.0,14.304006,16.56,9.71,23.41,443.93,1215.89,0.3318186545347142,0.37060082
1999-05-21,-1.2091734717323562e-10,1404.0130916080607,2.459345818072033,1.1920928955078125e-07,1.1920929e-07,1.1920929e-07,0.0,14.397217,16.03,6.98,25.08,517.38,968.03,0.30291228114386237,0.35207078
1999-05-22,-9.547584041535802e-11,1400.8679446224348,2.917389165391562,1.1920928955078125e-07,1.1920929e-07,1.1920929e-07,0.0,14.399997,18.92,10.0,27.84,505.44,1176.9,0.2757612693551234,0.34280574
1999-05-23,3.127676817950034e-10,1397.653594254628,3.257673848648743,1.1920928955078125e-07,1.1920929e-07,12.42,12.42,14.399997,20.84,15.2,26.48,278.26,1733.68,0.250525701228513,0.49104607
1999-05-24,1.3481474727514034e-09,1394.391433198277,2.8208366561670193,1.1920928955078125e-07,1.1920929e-07,13.23,13.23,14.399997,18.43,13.54,23.32,254.8,1562.67,0.2272748263686465,0.54663616
1999-05-25,2.905713449183277e-09,1391.0894132468347,2.3435303006542076,1.1920928955078125e-07,1.1920929e-07,5.39,5.39,14.495997,15.275,9.12,21.43,345.86,1169.98,0.2059365943490326,0.6114913
1999-05-26,4.88051552782006e-09,1387.7554861937556,2.566997750390374,1.1920928955078125e-07,1.1920929e-07,1.1920929e-07,0.0,14.495997,16.82,10.82,22.82,412.33,1305.51,0.18642406506138326,0.39839587
1999-05-27,7.167603625391185e-09,1384.3976038324925,2.637987104608552,1.1920928955078125e-07,1.1920929e-07,1.1920929e-07,0.0,14.495997,17.315,11.46,23.17,407.43,1357.13,0.16863968754156117,0.36133578
1999-05-28,9.662027658626088e-09,1381.023717956499,2.6688164596445305,1.1920928955078125e-07,1.1920929e-07,1.1920929e-07,0.0,14.495997,17.55,8.07,27.03,531.6,1059.8,0.15247901714999254,0.33354074
1999-05-29,1.22588375442542e-08,1377.6417803592292,3.2105352400718448,1.1920928955078125e-07,1.1920929e-07,1.1920929e-07,0.0,14.592003,20.61,11.25,29.97,517.87,1304.22,0.13783387664219715,0.3242757
1999-05-30,1.4853083199004962e-08,1374.259742834136,3.660998467024068,1.1920928955078125e-07,1.1920929e-07,1.1920929e-07,0.0,14.592003,22.925,14.2,31.65,492.91,1565.42,0.12459498507806695,0.30574566
1999-05-31,1.733981453960781e-08,1370.885557174673,3.6010968396484544,1.1920928955078125e-07,1.1920929e-07,1.1920929e-07,0.0,14.592003,22.68,14.03,31.33,493.16,1526.98,0.11265409165188575,0.28721562
1999-06-01,1.9614081482792176e-08,1367.5271751742944,3.6253732776699574,1.1920928955078125e-07,1.1920929e-07,1.1920929e-07,0.0,14.592003,22.84,15.5,30.18,449.72,1732.8,0.1019056600702149,0.2779506
1999-06-02,2.1570933945287486e-08,1364.192548626453,3.9034961110626316,1.1920928955078125e-07,1.1920929e-07,0.01,0.01,14.592003,24.18,18.5,29.86,370.76,2120.5,0.09224815381378408,0.28721562
1999-06-03,2.3105421843823185e-08,1360.8896293246025,3.637757021134689,1.1920928955078125e-07,1.1920929e-07,12.54,12.54,14.688,22.87,17.27,28.47,278.8,1962.78,0.0835849742451139,0.5003111
1999-06-04,2.4112595095128707e-08,1357.6263690621968,2.7339414773303443,1.1920928955078125e-07,1.1920929e-07,1.1920929e-07,0.0,14.688,18.02,11.27,24.77,447.09,1328.69,0.07582510277628661,0.33354074
1999-06-05,2.448750361593349e-08,1354.410719632689,2.6457212279015674,1.1920928955078125e-07,1.1920929e-07,1.1920929e-07,0.0,14.688,17.51,9.37,25.65,498.41,1131.02,0.06888349583130401,0.28721562
1999-06-06,2.4125197322966952e-08,1351.250632829533,3.0775813708093276,1.1920928955078125e-07,1.1920929e-07,1.1920929e-07,0.0,14.688,20.105,11.83,28.38,490.21,1310.88,0.06268127767866792,0.26868558
1999-06-07,2.2920726132958546e-08,1348.154060446182,3.9350007897965646,1.1920928955078125e-07,1.1920929e-07,1.1920929e-07,0.0,14.688,24.415,16.19,32.64,468.31,1738.5,0.05714577183411995,0.25942057
1999-06-08,2.0769139962637715e-08,1345.1289542760899,4.590860474294136,1.1920928955078125e-07,1.1920929e-07,1.1920929e-07,0.0,14.688,27.21,20.18,34.24,408.24,2309.66,0.05221040701190078,0.25015554
1999-06-09,1.756548872873386e-08,1342.18326611271,4.161793887212762,1.1920928955078125e-07,1.1920929e-07,1.1920929e-07,0.0,14.732102,25.435,17.37,33.5,458.29,1866.65,0.047814528821920166,0.23162551
1999-06-10,1.3204822347976427e-08,1339.3249477494958,3.8717733768755673,1.1920928955078125e-07,1.1920929e-07,1.1920929e-07,0.0,14.783998,24.13,17.21,31.05,421.08,1914.1,0.04390314378130323,0.21309547
1999-06-11,7.945091379295417e-09,1336.2770003444357,2.843601606678712,1.1920928955078125e-07,1.1920929e-07,2.1,2.1,14.783998,18.84,12.82,24.86,390.71,1473.3,0.04008412521128945,0.23162551
1999-06-12,3.6029724050099786e-09,1332.632471222461,2.6971313501293603,1.1920928955078125e-07,1.1920929e-07,1.1920929e-07,0.0,14.783998,17.995,10.0,25.99,486.51,1176.27,0.03595118682226022,0.25942057
1999-06-13,1.0367618798800408e-09,1330.1865942203644,3.3614228107355317,1.1920928955078125e-07,1.1920929e-07,1.31,1.31,14.783998,21.78,17.27,26.29,283.19,1963.03,0.033419285687192976,0.21309547
1999-06-14,4.741714844832792e-10,1330.4678494392729,3.4964691636885776,1.1920928955078125e-07,1.1920929e-07,7.85,7.85,14.783998,22.46,16.45,28.47,291.47,1871.4,0.03370111294694884,0.33354074
1999-06-15,2.1582328654713953e-10,1331.9639688110688,3.2822380031582674,1.1920928955078125e-07,1.1920929e-07,8.28,8.28,14.783998,21.345,14.99,27.7,328.31,1707.91,0.03524071057885381,0.36133578
1999-06-16,6.236361174287289e-11,1333.1773090395468,2.950509995396479,1.1920928955078125e-07,1.1920929e-07,1.1920929e-07,0.0,14.783998,19.505,13.62,25.39,397.21,1564.2,0.03654081494909231,0.26868558
1999-06-17,2.778410459312983e-11,1333.4377988864153,2.643011982555317,1.1920928955078125e-07,1.1920929e-07,7.09,7.09,14.783998,17.645,13.76,21.53,216.02,1577.34,0.036826126568738106,0.25942057
1999-06-18,9.608428273702533e-12,1334.5167308127702,2.3859246925601365,1.1920928955078125e-07,1.1920929e-07,9.3,9.3,14.783998,15.93,10.45,21.41,292.63,1276.34,0.03803178595992188,0.38913086
1999-06-19,-3.4306929726326074e-12,1335.389055839737,2.549659364487235,1.1920928955078125e-07,1.1920929e-07,1.1920929e-07,0.0,14.783998,17.02,9.17,24.87,490.73,1142.94,0.0390353695347059,0.28721562
1999-06-20,-7.29242015883901e-12,1334.6230119111287,2.6651736953288085,1.1920928955078125e-07,1.1920929e-07,1.1920929e-07,0.0,14.783998,17.77,12.0,23.54,403.28,1400.0,0.038152665402063565,0.24089052
1999-06-21,-3.901865060774893e-12,1332.163754890308,2.5146354528109853,1.1920928955078125e-07,1.1920929e-07,4.01,4.01,14.783998,16.83,13.2,20.46,209.88,1511.52,0.03545155702349672,0.2779506
1999-06-22,-9.302571064258622e-13,1329.4939359257778,2.666039544008171,1.1920928955078125e-07,1.1920929e-07,1.1920929e-07,0.0,14.783998,17.84,10.47,25.21,479.61,1218.86,0.03273522683592868,0.2779506
1999-06-23,8.532183160777921e-13,1326.6447325132833,3.0725877746345445,1.1920928955078125e-07,1.1920929e-07,1.1920929e-07,0.0,14.783998,20.28,12.53,28.03,482.15,1371.44,0.030065559428973924,0.23162551
1999-06-24,8.632404166486794e-13,1323.6040201698506,3.029878328926791,1.1920928955078125e-07,1.1920929e-07,1.1920929e-07,0.0,14.783998,20.08,12.0,28.16,491.95,1319.66,0.02745616634883107,0.21309547
1999-06-25,2.91619963083326e-13,1320.05352030318,3.3833195255593402,1.1920928955078125e-07,1.1920929e-07,1.1920929e-07,0.0,14.783998,22.025,15.32,28.73,430.53,1699.94,0.02469448715303978,0.18530041
1999-06-26,-2.2634891824754323e-13,1316.099111825352,3.9160339659482353,1.1920928955078125e-07,1.1920929e-07,1.1920929e-07,0.0,14.783998,24.64,17.55,31.73,434.5,1935.47,0.02194434281204695,0.18530041
1999-06-27,-5.428323850398782e-13,1312.0023198225479,4.2102430957863275,1.1920928955078125e-07,1.1920929e-07,1.1920929e-07,0.0,14.783998,25.985,19.77,32.2,392.36,2282.68,0.01941774697155965,0.17603539
1999-06-28,-5.099983193540128e-13,1308.024663737698,4.273116221637744,1.1920928955078125e-07,1.1920929e-07,0.46,0.46,14.783998,26.305,22.15,30.46,284.27,2664.21,0.01724328276584812,0.16677037
1999-06-29,-2.3209022791823237e-13,1303.8038074110132,4.3395027666407495,1.1920928955078125e-07,1.1920929e-07,3.78,3.78,14.783998,26.64,22.04,31.24,238.17,2645.8,0.015201535115813191,0.18530041
1999-06-30,4.148642692080589e-14,1299.3022004754157,3.626006534611313,1.1920928955078125e-07,1.1920929e-07,1.1920929e-07,0.0,14.783998,23.51,17.72,29.3,397.89,2021.08,0.013289676429100238,0.17603539
1999-07-01,2.3718667225519553e-13,1295.2566525578936,3.735894303254169,1.1920928955078125e-07,1.1920929e-07,1.1920929e-07,0.0,14.783998,24.09,19.59,28.59,326.73,2286.13,0.011777555394332458,0.15750535
1999-07-02,2.814655351770301e-13,1292.4039732854349,3.9990405755953398,1.1920928955078125e-07,1.1920929e-07,0.29,0.29,14.783998,25.335,21.34,29.33,285.44,2534.58,0.010815933739539983,0.16677037
1999-07-03,1.5746479423364225e-13,1290.3992906033652,4.270265117411799,1.1920928955078125e-07,1.1920929e-07,11.1,11.1,14.781217,26.54,20.69,32.39,292.87,2429.79,0.010187531971464518,0.25942057
1999-07-04,1.064367693415284e-14,1286.802704140134,4.783258993632776,1.1920928955078125e-07,1.1920929e-07,1.1920929e-07,0.0,14.689652,28.76,22.89,34.63,381.1,2747.36,0.009150218956528303,0.20383045
1999-07-05,-1.1131610188572703e-13,1282.0900417871653,5.048375223506471,1.1920928955078125e-07,1.1920929e-07,1.1920929e-07,0.0,14.688,29.82,23.47,36.17,400.6,2756.88,0.007949167676672218,0.16677037
1999-07-06,-1.695632300710789e-13,1276.9371338586702,4.972447434731947,1.1920928955078125e-07,1.1920929e-07,1.1920929e-07,0.0,14.688,29.615,22.92,36.31,418.98,2625.66,0.006815584338083076,0.1389753
1999-07-07,-1.287387415224391e-13,1272.003749989738,4.677535455806215,1.1920928955078125e-07,1.1920929e-07,1.1920929e-07,0.0,14.688,28.565,22.0,35.13,421.62,2488.73,0.00588208285045128,0.12971029
1999-07-08,-4.193751280926522e-14,1267.4597054214787,3.5554317495397707,1.1920928955078125e-07,1.1920929e-07,1.1920929e-07,0.0,14.688,23.715,15.07,32.36,515.22,1512.67,0.00513579644037655,0.111180246
1999-07-09,4.228069471770238e-14,1263.290261275814,3.687299783985689,1.1920928955078125e-07,1.1920929e-07,1.1920929e-07,0.0,14.688,24.415,15.03,33.8,528.81,1458.18,0.0045346311675721965,0.111180246
1999-07-10,1.0022113071776052e-13,1259.5653708563173,4.180415861923249,1.1920928955078125e-07,1.1920929e-07,0.53,0.53,14.636108,26.77,21.09,32.45,390.34,2331.15,0.0040573337451397205,0.111180246
1999-07-11,1.0818904485020592e-13,1256.3549874665632,2.7274736840477813,1.1920928955078125e-07,1.1920929e-07,1.1920929e-07,0.0,14.592003,19.4,11.41,27.39,514.72,1132.71,0.003686474128351499,0.111180246
1999-07-12,3.5077498671596425e-14,1253.4975674735751,2.6751435442766502,1.1920928955078125e-07,1.1920929e-07,1.1920929e-07,0.0,14.592003,19.11,12.5,25.72,468.59,1239.13,0.003384999268569521,0.12044526
1999-07-13,-1.3408986827434112e-13,1250.368033877676,2.834173908714057,1.1920928955078125e-07,1.1920929e-07,2.0,2.0,14.592003,20.135,13.75,26.52,453.02,1359.05,0.003083027711849022,0.12044526
1999-07-14,-3.615084281999269e-13,1246.967477622524,3.015345973343859,1.1920928955078125e-07,1.1920929e-07,1.1920929e-07,0.0,14.592003,21.245,15.6,26.89,411.73,1601.55,0.0027853635275156816,0.12971029
1999-07-15,-6.069476673119025e-13,1243.3413457502581,3.0537193969046768,1.1920928955078125e-07,1.1920929e-07,1.1920929e-07,0.0,14.540109,21.575,13.0,30.15,521.95,1189.32,0.0024995467637886795,0.111180246
1999-07-16,-8.301770718170099e-13,1239.5350853030175,3.907841718651809,1.1920928955078125e-07,1.1920929e-07,1.1920929e-07,0.0,14.495997,26.02,18.04,34.0,485.84,1653.4,0.002231027342424112,0.111180246
1999-07-17,-9.909661279219912e-13,1235.5941433229405,4.197734678396298,1.1920928955078125e-07,1.1920929e-07,1.1920929e-07,0.0,14.495997,27.365,19.24,35.49,479.74,1772.82,0.001983362432416806,0.111180246
1999-07-18,-1.0490843218335876e-12,1231.5639668521665,4.239870260946429,1.1920928955078125e-07,1.1920929e-07,1.1920929e-07,0.0,14.495997,27.605,19.56,35.65,473.03,1821.53,0.0017584991198943245,0.101915225
1999-07-19,-9.643011397585412e-13,1227.4900029328344,4.306902113560858,1.1920928955078125e-07,1.1920929e-07,1.1920929e-07,0.0,14.4441,28.015,20.73,35.3,443.62,2026.86,0.0015570925580996047,0.092650205
1999-07-20,-6.95942313539145e-13,1223.4178566297512,4.036168318903614,1.1920928955078125e-07,1.1920929e-07,1.1920929e-07,0.0,14.399997,26.955,21.01,32.9,388.32,2187.87,0.0013788285652884486,0.083385184
1999-07-21,-1.166478684898216e-13,1219.4274322705776,3.4200002818791186,1.1920928955078125e-07,1.1920929e-07,1.1920929e-07,0.0,14.399997,24.06,18.67,29.45,369.21,1955.75,0.001223956030403427,0.078752674
1999-07-22,7.10068283244927e-13,1215.5428298998763,3.8174695001721024,1.1920928955078125e-07,1.1920929e-07,20.48,20.48,14.399997,26.07,20.71,31.43,266.65,2389.5,0.0010899173624028943,2.1124246
1999-07-23,1.5793542530947448e-12,1211.7405057063427,3.9648505475764373,1.1920928955078125e-07,1.1920929e-07,1.1920929e-07,0.0,14.305658,26.925,20.15,33.7,427.26,2020.64,0.000972944885530739,0.47251603
1999-07-24,2.2863581524892778e-12,1207.9969158786714,4.125215943041173,1.1920928955078125e-07,1.1920929e-07,0.01,0.01,14.304006,27.7,21.51,33.89,399.12,2226.96,0.0008700506296563351,0.24089052
1999-07-25,2.626228092858169e-12,1204.288516605558,3.952049017973037,1.1920928955078125e-07,1.1920929e-07,0.52,0.52,14.304006,26.98,20.06,33.9,435.35,1959.0,0.0007788559343246687,0.20383045
1999-07-26,2.394112185631065e-12,1200.5917640756975,3.7761317491738184,1.1920928955078125e-07,1.1920929e-07,1.1920929e-07,0.0,14.301225,26.22,19.0,33.44,450.09,1814.44,0.0006974623456038146,0.19456543
1999-07-27,1.483915350817551e-12,1197.175471947724,3.6591998451568575,1.1920928955078125e-07,1.1920929e-07,1.1920929e-07,0.0,14.208003,25.825,18.55,33.1,452.21,1763.84,0.0006298268522947553,0.18530041
1999-07-28,4.5286435028561565e-13,1195.3257371577524,3.6098223352437846,1.1920928955078125e-07,1.1920929e-07,1.1920929e-07,0.0,14.208003,25.61,17.94,33.28,463.17,1678.59,0.0005959850595290687,0.16677037
1999-07-29,-3.6964372912171716e-13,1194.1833307152415,3.4633452318452727,1.1920928955078125e-07,1.1920929e-07,4.27,4.27,14.208003,24.89,17.14,32.64,341.98,1831.62,0.0005759988416431021,0.17603539
1999-07-30,-7.336855458896464e-13,1192.5488583693423,3.699141636597441,1.1920928955078125e-07,1.1920929e-07,1.1920929e-07,0.0,14.111998,26.21,18.73,33.69,445.96,1824.18,0.0005485638088763271,0.15750535
1999-07-31,-5.140264063663737e-13,1190.5339131722956,3.910379040256969,1.1920928955078125e-07,1.1920929e-07,2.0,2.0,14.111998,27.24,18.94,35.54,398.9,1929.52,0.0005165341539506868,0.17603539
1999-08-01,-2.9699721909126497e-13,1192.993798491267,4.116691292782369,1.1920928955078125e-07,1.1920929e-07,8.84,8.84,14.111998,28.135,21.49,34.78,288.4,2522.45,0.000555900109984134,0.4076609
1999-08-02,-1.760846568612496e-13,1194.7021286277488,3.2474530671405426,1.1920928955078125e-07,1.1920929e-07,1.36,1.36,14.015994,23.985,17.1,30.87,405.2,1794.67,0.0005849906753720536,0.38913086
1999-08-03,-1.0176892789826281e-13,1192.1398663077407,3.0802834311853244,1.1920928955078125e-07,1.1920929e-07,1.1920929e-07,0.0,14.015994,23.095,16.0,30.19,428.93,1645.6,0.0005419056611626927,0.21309547
1999-08-04,-5.934460675942589e-14,1189.032378224885,3.0046740559050202,1.1920928955078125e-07,1.1920929e-07,1.1920929e-07,0.0,14.013214,22.71,14.5,30.92,468.59,1436.97,0.0004938879210934714,0.15750535
1999-08-05,-3.187679296938189e-14,1185.8988974614308,3.2105448345072247,1.1920928955078125e-07,1.1920929e-07,1.1920929e-07,0.0,13.920003,24.035,17.05,31.02,416.61,1778.6,0.00044977578534048917,0.14824033
1999-08-06,-1.6454834103417727e-14,1182.910909680284,2.9881032734911175,1.1920928955078125e-07,1.1920929e-07,1.1920929e-07,0.0,13.920003,22.82,14.42,31.22,470.75,1421.07,0.00041138681316252106,0.12971029
1999-08-07,3.4536660571907873e-15,1180.546817097447,3.2120312431396885,1.1920928955078125e-07,1.1920929e-07,1.1920929e-07,0.0,13.824,24.245,17.5,30.99,406.56,1762.48,0.0003833494184928792,0.12044526
1999-08-08,2.4978437331515528e-14,1178.5823735604463,3.301426472784197,1.1920928955078125e-07,1.1920929e-07,2.07,2.07,13.824,24.76,20.09,29.43,295.72,2295.14,0.0003615110385120136,0.12044526
1999-08-09,4.244535301234997e-14,1176.704917696648,2.7263272954997513,1.1920928955078125e-07,1.1920929e-07,0.05,0.05,13.824,21.44,15.37,27.51,388.82,1601.84,0.00034180333780885354,0.12044526
1999-08-10,5.0180286392487614e-14,1174.6017881334187,2.385617731669544,1.1920928955078125e-07,1.1920929e-07,1.1920929e-07,0.0,13.727997,19.305,11.0,27.61,483.07,1101.29,0.00032099974691574104,0.111180246
1999-08-11,4.250911076472197e-14,1171.960323498125,3.098104872962469,1.1920928955078125e-07,1.1920929e-07,1.1920929e-07,0.0,13.727997,23.86,16.22,31.5,443.6,1574.03,0.00029665550072707493,0.101915225
1999-08-12,2.3428634460835546e-14,1169.2284319572923,3.299141120048112,1.1920928955078125e-07,1.1920929e-07,1.1920929e-07,0.0,13.6761,25.08,17.01,33.15,452.8,1584.54,0.00027341827656217083,0.092650205
1999-08-13,8.058193437934323e-15,1168.233337335897,3.643502058501546,1.1920928955078125e-07,1.1920929e-07,1.1920929e-07,0.0,13.632,26.93,20.15,33.71,392.15,2059.92,0.00026541410203339503,0.088017695
1999-08-14,-2.594710781362349e-16,1170.23451317777,3.6315622622544117,1.1920928955078125e-07,1.1920929e-07,13.61,13.61,13.632,26.84,20.34,33.34,280.14,2348.12,0.00028175624694059084,0.08431169
1999-08-15,-6.481633908276201e-16,1174.2423036589014,2.975665585674787,1.1920928955078125e-07,1.1920929e-07,1.1920929e-07,0.0,13.535997,23.365,18.5,28.23,312.43,2104.46,0.00031757272724935304,0.08431169
1999-08-16,-3.0490170788827623e-16,1173.4902288011635,2.73399522589721,1.1920928955078125e-07,1.1920929e-07,1.1920929e-07,0.0,13.535997,21.9,14.44,29.36,440.38,1460.3,0.00031052096459846187,0.08060568
1999-08-17,-1.1314512821775186e-16,1170.108596881843,3.381669040992558,1.1920928955078125e-07,1.1920929e-07,1.1920929e-07,0.0,13.44165,25.815,18.57,33.06,416.32,1908.16,0.0002806989431484645,0.08431169
1999-08-18,-6.217810309225656e-17,1166.582254908637,3.4761901267646604,1.1920928955078125e-07,1.1920929e-07,1.1920929e-07,0.0,13.439995,26.365,18.97,33.76,417.98,1952.24,0.0002526470028268708,0.08060568
1999-08-19,-3.018314855330412e-17,1163.3368467784287,2.853619480963088,1.1920928955078125e-07,1.1920929e-07,1.1920929e-07,0.0,13.439995,22.92,15.5,30.34,430.52,1575.76,0.0002293139295863299,0.074120164
1999-08-20,-1.463873531292052e-17,1161.168047961951,2.921544748249892,1.1920928955078125e-07,1.1920929e-07,1.42,1.42,13.343997,23.49,18.18,28.8,311.37,2049.57,0.0002149350702612267,0.08153218
1999-08-21,-8.848702095997801e-18,1183.2846718973562,2.5026917542961753,1.1920928955078125e-07,1.1920929e-07,45.93,45.93,13.343997,20.48,15.74,25.22,232.24,1785.0,0.0004160035143141927,0.38913086
1999-08-22,-5.348523328069053e-18,1203.0677771602075,2.49761470020744,1.1920928955078125e-07,1.1920929e-07,1.1920929e-07,0.0,13.248009,20.285,14.83,25.74,349.59,1688.36,0.0007509786913288105,0.18530041
1999-08-23,-3.2294376192896985e-18,1199.7645459047903,2.480581316230321,1.1920928955078125e-07,1.1920929e-07,1.1920929e-07,0.0,13.248009,20.215,12.4,28.03,445.83,1361.02,0.0006804466790627771,0.12971029
1999-08-24,-1.9240053258356055e-18,1202.0718855028815,2.779490093099582,1.1920928955078125e-07,1.1920929e-07,9.11,9.11,13.196108,22.21,16.98,27.44,246.6,1918.54,0.0007289768415108722,0.1389753
1999-08-25,-1.1508989653129152e-18,1211.5012322718312,2.61606525140161,1.1920928955078125e-07,1.1920929e-07,14.83,14.83,13.152,21.085,17.3,24.87,190.24,1967.65,0.0009660187222214327,0.15750535
1999-08-26,-6.82256233068506e-19,1228.3612859152806,2.919143402154239,1.1920928955078125e-07,1.1920929e-07,23.97,23.97,13.152,22.745,18.75,26.74,197.7,2165.94,0.0015981314255698975,0.39839587
1999-08-27,-4.0462683394471446e-19,1240.4553449997884,2.928044606283273,1.1920928955078125e-07,1.1920929e-07,7.6,7.6,13.056,22.755,18.07,27.44,229.89,2082.3,0.0022931794645072966,1.6954987
1999-08-28,-2.397210615995662e-19,1241.0039540185346,2.956313947032816,1.1920928955078125e-07,1.1920929e-07,1.1920929e-07,0.0,13.056,22.915,17.0,28.83,367.52,1920.0,0.0023310518987691175,0.35207078
1999-08-29,-1.2959621756098065e-19,1238.342592089559,3.1018835685732062,1.1920928955078125e-07,1.1920929e-07,1.1920929e-07,0.0,12.96,23.925,18.0,29.85,364.24,2079.97,0.002152988187939252,0.22236049
1999-08-30,-7.035464029797189e-20,1235.487850116861,2.3885113305214665,1.1920928955078125e-07,1.1920929e-07,1.1920929e-07,0.0,12.96,19.445,11.69,27.2,447.09,1375.15,0.0019770778121677153,0.17603539
1999-08-31,-3.6513635875311895e-20,1233.1469480455216,2.09148526656209,1.1920928955078125e-07,1.1920929e-07,1.1920929e-07,0.0,12.864003,17.365,11.73,23.0,373.3,1378.3,0.0018436094246057795,0.15750535
1999-09-01,-1.1909607916088207e-20,1230.8762880040877,2.334305579699466,1.1920928955078125e-07,1.1920929e-07,1.1920929e-07,0.0,12.864003,19.245,12.44,26.05,414.35,1434.97,0.0017227605425913163,0.14824033
1999-09-02,-1.7495668463202366e-21,1228.5312861520554,2.4293506957508986,1.1920928955078125e-07,1.1920929e-07,1.1920929e-07,0.0,12.861222,19.96,12.07,27.85,444.05,1405.28,0.001606263945245735,0.1389753
1999-09-03,-8.64386289780903e-22,1227.921471170272,2.696937787063303,1.1920928955078125e-07,1.1920929e-07,1.1920929e-07,0.0,12.768005,21.89,14.51,29.27,420.52,1641.71,0.001577281992373246,0.12971029
1999-09-04,-7.876362787903811e-23,1230.4727222659433,2.8168880274943358,1.1920928955078125e-07,1.1920929e-07,1.1920929e-07,0.0,12.768005,22.61,17.46,27.76,327.98,1992.92,0.0017021264340348426,0.12971029
1999-09-05,4.110012878104746e-22,1235.2474715321723,2.95731080714861,1.1920928955078125e-07,1.1920929e-07,14.15,14.15,12.672003,23.525,21.09,25.96,125.9,2494.08,0.0019629386920589193,0.16677037
1999-09-06,4.1358107803109735e-22,1241.4753967108409,3.1095020665968716,1.1920928955078125e-07,1.1920929e-07,9.23,9.23,12.672003,24.32,21.56,27.08,142.54,2569.71,0.0023640965749918506,0.25942057
1999-09-07,2.487557510814014e-22,1257.0471321168943,3.117583505662576,1.1920928955078125e-07,1.1920929e-07,25.11,25.11,12.576006,24.28,20.25,28.31,201.64,2360.4,0.003763451625797487,0.5095761
1999-09-08,1.497281070453074e-22,1265.9234238540998,2.882430570884603,1.1920928955078125e-07,1.1920929e-07,1.28,1.28,12.576006,22.78,16.88,28.68,367.14,1910.63,0.00490553748867713,0.33354074
1999-09-09,9.007768777201866e-23,1263.0561469517938,2.8851715368954505,1.1920928955078125e-07,1.1920929e-07,1.1920929e-07,0.0,12.479998,22.97,16.97,28.97,371.69,1917.39,0.004503043804697191,0.21309547
1999-09-10,5.397018810105126e-23,1262.4540899186998,2.8216689719856225,1.1920928955078125e-07,1.1920929e-07,5.34,5.34,12.479998,22.59,17.39,27.79,254.28,1983.07,0.004422819382404275,0.20383045
1999-09-11,3.1229604457721973e-23,1261.7503689090415,2.2213428383073706,1.1920928955078125e-07,1.1920929e-07,1.1920929e-07,0.0,12.383997,18.63,10.84,26.42,442.96,1306.85,0.0043308579962069455,0.18530041
1999-09-12,1.8514089454177367e-23,1259.6565391449217,2.2400909755487466,1.1920928955078125e-07,1.1920929e-07,1.1920929e-07,0.0,12.383997,18.8,10.6,27.0,448.29,1288.08,0.004068393263019817,0.15750535
1999-09-13,1.0683369661286468e-23,1257.40397667297,2.264444388522558,1.1920928955078125e-07,1.1920929e-07,1.1920929e-07,0.0,12.287997,19.145,11.5,26.79,430.73,1360.15,0.003803764292364564,0.14824033
1999-09-14,6.3848146879899635e-24,1254.1350124687356,2.4727318036418096,1.1920928955078125e-07,1.1920929e-07,1.1920929e-07,0.0,12.287997,20.69,15.0,26.38,357.17,1720.08,0.003450042364272109,0.1389753
1999-09-15,3.824383518991109e-24,1258.3015925216166,2.387092050267148,1.1920928955078125e-07,1.1920929e-07,15.5,15.5,12.287997,20.03,16.37,23.69,191.34,1858.99,0.003907087361578523,0.15750535
1999-09-16,2.3069673945564127e-24,1301.5452376337828,1.9523703458530492,1.1920928955078125e-07,1.1920929e-07,68.84,68.84,12.191998,16.215,13.93,18.5,131.58,1593.6,0.014210200972384466,6.967295
1999-09-17,1.3913332970926813e-24,1348.7474058512278,2.009767281278202,1.1920928955078125e-07,1.1920929e-07,29.65,29.65,12.191998,16.105,11.7,20.51,237.49,1375.89,0.05816719286560942,4.567655
1999-09-18,8.372532341726486e-25,1357.9853524355813,1.8875946937847239,1.1920928955078125e-07,1.1920929e-07,1.1920929e-07,0.0,12.096,15.09,7.5,22.68,438.37,1040.0,0.07664220679507758,0.75973165
1999-09-19,5.038893810086066e-25,1356.0174895856192,1.962050783242976,1.1920928955078125e-07,1.1920929e-07,1.1920929e-07,0.0,12.096,15.75,8.0,23.5,435.55,1079.8,0.07226872891295541,0.52810615
1999-09-20,2.9813514267383313e-25,1355.008070054695,2.146381067984406,1.1920928955078125e-07,1.1920929e-07,1.1920929e-07,0.0,12.000003,17.385,10.56,24.21,402.44,1285.16,0.07012310136877449,0.4169259
1999-09-21,1.657572165236297e-25,1358.9554927457432,2.0307589044758076,1.1920928955078125e-07,1.1920929e-07,11.18,11.18,12.000003,16.415,10.98,21.85,264.09,1318.75,0.07889472413957747,0.46325102
1999-09-22,9.705806516215383e-26,1366.7645826523647,1.5265674103933577,1.1920928955078125e-07,1.1920929e-07,10.04,10.04,11.903997,11.81,6.89,16.73,255.59,990.95,0.09961153901461775,0.57443124
1999-09-23,5.410375103798799e-26,1368.461588920413,1.65794068549081,1.1920928955078125e-07,1.1920929e-07,1.1920929e-07,0.0,11.903997,13.115,5.53,20.7,426.03,920.0,0.10478883095601126,0.44472098
1999-09-24,3.1367867834889135e-26,1366.7569306106327,1.9820215598721123,1.1920928955078125e-07,1.1920929e-07,1.1920929e-07,0.0,11.808,16.185,7.87,24.5,427.15,1069.9,0.09958878291652641,0.35207078
1999-09-25,1.631371676081706e-26,1364.5451720528526,2.2229235678989157,1.1920928955078125e-07,1.1920929e-07,1.1920929e-07,0.0,11.808,18.125,10.52,25.73,401.11,1281.32,0.0932245308143898,0.29648066
1999-09-26,8.06815045438042e-27,1362.2421285392961,2.1776676772156707,1.1920928955078125e-07,1.1920929e-07,1.1920929e-07,0.0,11.711997,17.945,10.91,24.98,381.7,1313.01,0.08702945852644013,0.26868558
1999-09-27,4.64456376503128e-27,1361.0475609597236,2.401062030849416,1.1920928955078125e-07,1.1920929e-07,1.1920929e-07,0.0,11.711997,19.61,15.73,23.49,244.31,1778.46,0.08398005160061653,0.25942057
1999-09-28,2.466360215562054e-27,1363.3845400719242,2.492046919516,1.1920928955078125e-07,1.1920929e-07,10.33,10.33,11.711997,20.215,18.24,22.19,98.77,2099.35,0.09004925210556551,0.39839587
1999-09-29,1.4585943593663846e-27,1366.4908166102164,2.422708960326877,1.1920928955078125e-07,1.1920929e-07,3.57,3.57,11.616,19.835,17.96,21.71,97.35,2068.26,0.0988006229914113,0.57443124
1999-09-30,8.827355081038671e-28,1387.76430884442,1.9453266930733222,1.1920928955078125e-07,1.1920929e-07,40.83,40.83,11.616,15.895,11.31,20.48,223.05,1344.7,0.18647318057497445,5.864758
1999-10-01,5.344498619609738e-28,1405.1457008132252,1.6332301329007628,1.1920928955078125e-07,1.1920929e-07,1.1920929e-07,0.0,11.520008,12.975,5.03,20.92,411.16,882.63,0.31333117111925995,1.2322477
1999-10-02,3.1897247319158087e-28,1403.2802952757559,1.8948041854826616,1.1920928955078125e-07,1.1920929e-07,1.1920929e-07,0.0,11.520008,15.415,7.52,23.31,401.44,1041.46,0.29635659553427185,0.7782617
1999-10-03,1.8895444154946657e-28,1402.3995463860017,2.0846316434594523,1.1920928955078125e-07,1.1920929e-07,1.1920929e-07,0.0,11.423997,17.145,9.78,24.51,382.77,1222.33,0.28866477327447654,0.6022263
1999-10-04,1.0481065716918015e-28,1407.551404711154,2.0822735584933927,1.1920928955078125e-07,1.1920929e-07,12.77,12.77,11.423997,17.065,12.09,22.04,226.37,1407.05,0.33666559761580694,0.8338518
1999-10-05,6.111830594773338e-29,1416.5723461056944,1.4948277319030194,1.1920928955078125e-07,1.1920929e-07,11.25,11.25,11.328,11.695,6.48,16.91,238.98,958.41,0.44073211296105164,2.0938945
1999-10-06,3.407724117092865e-29,1418.4151008404174,1.311839624794902,1.1920928955078125e-07,1.1920929e-07,1.1920929e-07,0.0,11.328,9.61,2.18,17.04,385.8,720.0,0.46566112594796183,0.917237
1999-10-07,1.9718879209833755e-29,1416.8395687429647,1.307173549299413,1.1920928955078125e-07,1.1920929e-07,1.1920929e-07,0.0,11.232,9.705,2.08,17.33,383.94,714.23,0.4442626606412796,0.6948765
1999-10-08,1.0894521364457393e-29,1415.205382644819,1.236159561589793,1.1920928955078125e-07,1.1920929e-07,1.1920929e-07,0.0,11.232,8.85,1.41,16.29,376.9,672.78,0.4231058859106311,0.5929613
1999-10-09,6.0324429401971815e-30,1413.3662500214668,1.6597462081619465,1.1920928955078125e-07,1.1920929e-07,1.1920929e-07,0.0,11.138781,13.685,7.61,19.76,326.57,1048.51,0.4004983646261568,0.54663616
1999-10-10,1.4321176863752247e-30,1411.2555269356515,2.132957278432508,1.1920928955078125e-07,1.1920929e-07,30.96,30.96,11.136,17.85,15.0,20.7,127.12,1720.0,0.3760370796456884,5.2347364
1999-10-11,-4.1833574106369376e-30,1409.078860509558,2.0731853317222577,1.1920928955078125e-07,1.1920929e-07,1.27,1.27,11.136,17.4,13.29,21.51,226.71,1524.55,0.35237533181288205,2.0753646
1999-10-12,-9.331766947075162e-30,1406.9830250559708,1.5244670885443066,1.1920928955078125e-07,1.1920929e-07,1.1920929e-07,0.0,11.04,12.53,4.5,20.56,374.3,840.03,0.3310003646868443,1.1395975
1999-10-13,-1.2530895519175307e-29,1405.1147948876733,1.6263659177031613,1.1920928955078125e-07,1.1920929e-07,1.1920929e-07,0.0,11.04,13.595,6.19,21.0,356.77,935.34,0.3130421660773957,0.898707
1999-10-14,-1.2298527723173228e-29,1403.62094431745,1.6035640490786833,1.1920928955078125e-07,1.1920929e-07,1.37,1.37,10.944003,13.525,7.43,19.62,319.28,1034.48,0.2993862471706156,0.76899666
1999-10-15,-7.821923040849608e-30,1402.4201324566616,1.1565385280851403,1.1920928955078125e-07,1.1920929e-07,1.1920929e-07,0.0,10.944003,8.36,0.44,16.28,366.69,635.0,0.28884225807015246,0.6856115
1999-10-16,-2.854487876861989e-30,1400.4966235694687,1.43353721346341,1.1920928955078125e-07,1.1920929e-07,1.1920929e-07,0.0,10.848002,11.9,3.85,19.95,356.27,800.0,0.27272081836734363,0.6300214
1999-10-17,8.51613066260574e-31,1398.513176831006,1.648919102766243,1.1920928955078125e-07,1.1920929e-07,1.1920929e-07,0.0,10.848002,14.18,8.63,19.73,281.29,1130.6,0.25703876618568394,0.6114913
1999-10-18,2.1903873553572483e-30,1397.427869216975,1.5247098331374072,1.1920928955078125e-07,1.1920929e-07,1.89,1.89,10.803894,12.99,8.0,17.98,261.97,1080.14,0.24884291183714738,0.6022263
1999-10-19,1.2517245328456793e-30,1398.1366513140392,1.1128469707387927,1.1920928955078125e-07,1.1920929e-07,1.1920929e-07,0.0,10.752,8.085,1.55,14.62,320.42,684.37,0.2541652441972938,0.52810615
1999-10-20,3.1709430988540435e-31,1400.1129971189043,1.1858311841530123,1.1920928955078125e-07,1.1920929e-07,6.97,6.97,10.752,9.05,5.84,12.26,138.95,919.14,0.2696148118261126,0.56516623
1999-10-21,-3.038826588278004e-31,1401.7684366134135,1.1332218412529829,1.1920928955078125e-07,1.1920929e-07,1.1920929e-07,0.0,10.655997,8.465,2.08,14.85,312.56,720.0,0.28327620116775354,0.6207563
1999-10-22,-3.93524536825423e-31,1401.505807576591,1.2220327664953108,1.1920928955078125e-07,1.1920929e-07,1.1920929e-07,0.0,10.655997,9.645,2.92,16.37,315.47,753.97,0.2810635569028923,0.52810615
1999-10-23,-1.9637949005480724e-31,1400.0947566085197,1.1387639108151315,1.1920928955078125e-07,1.1920929e-07,0.76,0.76,10.559998,8.7,3.53,13.87,268.16,799.67,0.2694680128914397,0.5095761
1999-10-24,-3.7374560517753843e-32,1398.824125502019,1.0742283443909286,1.1920928955078125e-07,1.1920929e-07,1.1920929e-07,0.0,10.559998,7.81,3.18,12.44,249.09,772.81,0.25943630353563035,0.47251603
1999-10-25,4.5110057716699646e-32,1397.560261567836,1.0717002348186244,1.1920928955078125e-07,1.1920929e-07,1.1920929e-07,0.0,10.558345,7.79,1.04,14.54,315.79,642.84,0.24982852672800995,0.44472098
1999-10-26,3.254208326800811e-32,1396.2177526098715,1.2208815313065635,1.1920928955078125e-07,1.1920929e-07,1.1920929e-07,0.0,10.464,9.975,2.11,17.84,331.02,720.0,0.24001230269678714,0.43545595
1999-10-27,1.868136177849963e-33,1394.9199270425333,1.2178081642108578,1.1920928955078125e-07,1.1920929e-07,1.1920929e-07,0.0,10.464,9.95,2.51,17.39,317.94,720.44,0.23088961355025855,0.4169259
1999-10-28,-2.7181243457737773e-32,1393.6183767885939,1.0228541268541256,1.1920928955078125e-07,1.1920929e-07,1.1920929e-07,0.0,10.367997,7.395,-0.49,15.28,322.89,600.0,0.22208897078674703,0.39839587
1999-10-29,-4.6142176676807165e-32,1392.2353941075098,1.2895756208553317,1.1920928955078125e-07,1.1920929e-07,1.1920929e-07,0.0,10.367997,11.03,1.26,20.8,336.51,660.72,0.21310499980686123,0.38913086
1999-10-30,-4.6550784517410334e-32,1390.693271258737,1.4853991010936516,1.1920928955078125e-07,1.1920929e-07,1.1920929e-07,0.0,10.323892,13.38,4.28,22.48,319.39,822.33,0.20351512516703651,0.38913086
1999-10-31,-2.783704237498429e-32,1388.6628810054062,1.6015657840971724,1.1920928955078125e-07,1.1920929e-07,1.1920929e-07,0.0,10.272,14.71,5.92,23.5,309.25,923.53,0.1915438903602801,0.38913086
1999-11-01,-1.1308642620079841e-32,1386.481164727022,1.689205274731304,1.1920928955078125e-07,1.1920929e-07,1.1920929e-07,0.0,10.272,15.61,8.05,23.17,283.61,1084.0,0.17946412602226147,0.38913086
1999-11-02,-1.5459615573444047e-33,1386.4968698420128,1.6466976248479055,1.1920928955078125e-07,1.1920929e-07,4.18,4.18,10.176,15.345,10.5,20.19,193.38,1280.1,0.17954830061563254,0.39839587
1999-11-03,-1.1916220336819988e-34,1389.8091466067397,1.2280779075197865,1.1920928955078125e-07,1.1920929e-07,7.95,7.95,10.176,10.58,3.39,17.77,209.59,780.98,0.19821298823845768,0.57443124
1999-11-04,-5.512480303415299e-35,1390.5800549465223,0.8938545731143775,1.1920928955078125e-07,1.1920929e-07,1.1920929e-07,0.0,10.176,5.655,-0.64,11.95,260.45,582.74,0.20282832200694081,0.453986
1999-11-05,-1.544846515154955e-35,1389.319181287893,1.078635982335211,1.1920928955078125e-07,1.1920929e-07,1.1920929e-07,0.0,10.079997,8.7,-0.0,17.4,301.93,600.0,0.1953343637028932,0.39839587
1999-11-06,-5.996025642489602e-36,1387.7700073774101,1.497675274863188,1.1920928955078125e-07,1.1920929e-07,1.1920929e-07,0.0,10.079997,13.935,6.5,21.37,270.03,960.0,0.18650491106809988,0.38913086
1999-11-07,-2.5637568084478255e-36,1386.504540898414,1.2290902938759671,1.1920928955078125e-07,1.1920929e-07,1.1920929e-07,0.0,10.035892,10.85,3.28,18.42,274.5,782.05,0.17958942947265744,0.37986583
1999-11-08,-2.0945568792776903e-37,1385.3420096170428,0.8823677974851152,1.1920928955078125e-07,1.1920929e-07,1.1920929e-07,0.0,9.983997,5.805,-1.39,13.0,270.1,559.82,0.17346267767115536,0.37060082
1999-11-09,4.205017078311974e-37,1384.1108401099093,1.1639900225590105,1.1920928955078125e-07,1.1920929e-07,1.1920929e-07,0.0,9.983997,10.1,0.77,19.43,293.67,640.0,0.16720192720412314,0.37060082
1999-11-10,-5.5055540411756905e-39,1382.7509789995588,1.5062594931782771,1.1920928955078125e-07,1.1920929e-07,1.1920929e-07,0.0,9.888,14.4,7.0,21.8,252.48,999.6,0.1605490527555057,0.37060082
1999-11-11,-6.586999311513337e-37,1381.3275348702043,1.3712668208852496,1.1920928955078125e-07,1.1920929e-07,1.1920929e-07,0.0,9.888,12.895,6.73,19.06,225.33,980.31,0.1538685018539339,0.37060082
1999-11-12,-1.3896796823648339e-36,1379.8897271980607,0.8744664763136852,1.1920928955078125e-07,1.1920929e-07,1.1920929e-07,0.0,9.888,5.875,1.73,10.02,170.79,690.49,0.1474027034155793,0.36133578
1999-11-13,-2.049043066547236e-36,1378.4867754593415,1.0578317607538068,1.1920928955078125e-07,1.1920929e-07,1.1920929e-07,0.0,9.792,8.97,3.5,14.44,210.07,800.0,0.1413556443004065,0.35207078
1999-11-14,-2.487388342564099e-36,1377.1678991302613,1.2708421257377642,1.1920928955078125e-07,1.1920929e-07,1.1920929e-07,0.0,9.792,11.88,4.52,19.24,250.21,841.33,0.13589737850849315,0.35207078
1999-11-15,-2.5553137692809784e-36,1375.9823176870343,1.1046100262856677,1.1920928955078125e-07,1.1920929e-07,1.1920929e-07,0.0,9.792,9.675,3.84,15.51,217.27,805.68,0.13117088825636905,0.35207078
1999-11-16,-2.1034176055634356e-36,1374.9792506058748,0.7524071718279751,1.1920928955078125e-07,1.1920929e-07,1.1920929e-07,0.0,9.698783,3.955,0.07,7.84,160.45,613.33,0.12730062386944987,0.34280574
1999-11-17,-1.0308027486454424e-36,1374.1093472394978,0.6439279702541909,1.1920928955078125e-07,1.1920929e-07,1.1920929e-07,0.0,9.696003,1.665,-3.54,6.87,204.0,467.12,0.12403674454121744,0.33354074
1999-11-18,4.130403681746816e-37,1373.1563788656738,0.6931725019044098,1.1920928955078125e-07,1.1920929e-07,1.1920929e-07,0.0,9.696003,2.76,-5.47,10.99,266.67,402.55,0.12055717691471496,0.3242757
1999-11-19,1.830346315727148e-36,1372.1263518366502,0.923295946913618,1.1920928955078125e-07,1.1920929e-07,1.1920929e-07,0.0,9.696003,7.09,-1.0,15.18,255.97,560.0,0.1169059319218564,0.3242757
1999-11-20,2.8231772715199372e-36,1371.0371418878249,1.1552699416082286,1.1920928955078125e-07,1.1920929e-07,1.1920929e-07,0.0,9.6,10.75,3.57,17.93,233.58,792.72,0.11316512117077869,0.3242757
1999-11-21,2.993595413061023e-36,1369.9066247545957,1.3471957068036056,1.1920928955078125e-07,1.1920929e-07,1.0,1.0,9.6,13.22,6.6,19.84,217.4,967.95,0.10940898790869266,0.34280574
1999-11-22,2.0422206473772365e-36,1368.6303169469463,1.372839983332694,1.1920928955078125e-07,1.1920929e-07,1.1920929e-07,0.0,9.6,13.54,7.58,19.5,199.1,1046.77,0.10531807633136149,0.35207078
1999-11-23,8.948244459912805e-37,1366.4110291120887,1.4349432204742063,1.1920928955078125e-07,1.1920929e-07,1.0,1.0,9.555897,14.36,11.48,17.24,104.96,1358.15,0.09856553104406615,0.35207078
1999-11-24,5.630218418666682e-38,1364.660793881367,1.4854098079951286,1.1920928955078125e-07,1.1920929e-07,0.13,0.13,9.504003,15.035,12.43,17.64,96.39,1434.28,0.0935469198976273,0.35207078
1999-11-25,-2.469309183633454e-37,1365.3239238667911,1.3120744923371754,1.1920928955078125e-07,1.1920929e-07,3.71,3.71,9.504003,13.01,9.36,16.66,103.0,1189.0,0.09541758109020244,0.35207078
1999-11-26,-1.4728282052848196e-37,1372.2568435986047,1.3081401921749758,1.1920928955078125e-07,1.1920929e-07,11.73,11.73,9.504003,12.88,8.79,16.97,112.7,1143.25,0.11736231170802773,0.37986583
1999-11-27,-8.270043116034946e-38,1385.285615455318,1.1960855529902095,1.1920928955078125e-07,1.1920929e-07,16.3,16.3,9.459894,11.37,6.22,16.52,138.31,938.44,0.17317084424368562,0.7782617
1999-11-28,-4.894568040239951e-38,1392.9270571411653,0.8926970792401739,1.1920928955078125e-07,1.1920929e-07,1.1920929e-07,0.0,9.408,6.805,1.79,11.82,187.12,703.46,0.21755173023283733,0.54663616
1999-11-29,-5.788593253701723e-07,1391.6422663895903,0.6977006333492609,1.1920928955078125e-07,1.1920929e-07,1.1920929e-07,0.0,9.408,3.105,-2.46,8.67,206.25,520.0,0.20936421803458102,0.4169259
1999-11-30,-0.00015926606880603935,1390.794695365347,0.5878538498645304,1.1920928955078125e-07,1.1920929e-07,1.1920929e-07,0.0,9.408,0.6,-3.69,4.89,173.25,464.97,0.20413236801754261,0.37986583
1999-12-01,0.0002547322100936116,1390.0428296045561,0.5017086420892843,1.1920928955078125e-07,1.1920929e-07,1.1920929e-07,0.0,9.408,-1.67,-6.27,2.93,185.47,380.89,0.19960081620902212,0.36133578
1999-12-02,0.0007668397982414405,1389.260797107401,0.6086321095592857,0.00038488621480388364,1.1920929e-07,1.1920929e-07,0.0,9.363897,1.19,-5.78,8.16,236.2,399.56,0.19499414687871347,0.35207078
1999-12-03,0.0009785129889409191,1388.327382000663,0.8732187781882924,0.0004916501945448194,1.1920929e-07,1.1920929e-07,0.0,9.311997,6.675,-1.69,15.04,248.89,542.81,0.1896347117905892,0.34280574
1999-12-04,0.0007503143102554748,1387.1582050109464,1.1370165332392086,0.00037656457743535617,1.1920929e-07,1.1920929e-07,0.0,9.311997,10.795,3.97,17.62,221.37,800.0,0.18312892050894727,0.35207078
1999-12-05,0.00041580754502550354,1387.6434688590948,1.1734703620509241,0.00020833601167623243,1.1920929e-07,1.1920929e-07,0.0,9.311997,11.29,4.0,18.58,228.01,800.08,0.18580159055891876,0.35207078
1999-12-06,0.00021276806992570336,1394.011613971848,1.2395036171820208,0.00010649721054910573,1.1920929e-07,16.96,16.96,9.311997,12.09,7.64,16.54,123.43,1050.89,0.22471194532931046,0.52810615
1999-12-07,0.00012394573124287558,1402.4874573265818,0.9188277015822794,6.20112719772543e-05,1.1920929e-07,0.64,0.64,9.311997,7.3,2.52,12.08,174.18,732.58,0.2894234683171712,0.7319366
1999-12-08,6.930549707310441e-05,1402.002083982525,0.7078845068949559,3.466475666588293e-05,1.1920929e-07,1.1920929e-07,0.0,9.310348,3.365,-3.65,10.38,231.59,463.07,0.2852593128159039,0.46325102
1999-12-09,4.0892192626669594e-05,1400.724687086954,0.7795417769122434,2.0450276741821085e-05,1.1920929e-07,1.1920929e-07,0.0,9.2187805,4.97,-2.82,12.76,240.78,496.87,0.27458425249594526,0.4076609
1999-12-10,2.3561158145988066e-05,1401.7758240553599,0.8680333961558433,1.1781966893420563e-05,1.1920929e-07,5.04,5.04,9.216,6.595,0.88,12.31,190.53,640.0,0.2833386914516345,0.907972
1999-12-11,1.3644201756883383e-05,1406.8830513671928,0.82852161190121,6.822566289044926e-06,1.1920929e-07,13.02,13.02,9.216,5.83,0.65,11.01,145.15,634.44,0.3300137976699754,1.361958
1999-12-12,7.066148231940389e-06,1410.7622456660358,0.7389778187157146,3.5331989420972314e-06,1.1920929e-07,1.1920929e-07,0.0,9.216,4.065,-2.48,10.61,221.22,510.42,0.37053924817370953,0.6856115
1999-12-13,3.99626462242598e-06,1412.5673619827292,0.7038573294524013,1.9981722365403154e-06,1.1920929e-07,2.63,2.63,9.216,3.32,-1.64,8.28,172.66,544.78,0.39105823978623866,0.6022263
1999-12-14,2.3609058745591273e-06,1427.3800794290607,0.7419526755481773,1.1804668719709343e-06,1.1920929e-07,23.76,23.76,9.216,3.95,2.16,5.74,58.68,717.84,0.6085836226317336,5.8276978
1999-12-15,1.408867330103385e-06,1442.2494534171474,0.7567350672842335,7.044386273195771e-07,1.1920929e-07,9.17,9.17,9.216,4.09,1.99,6.19,69.74,716.52,0.948710604773489,3.5855627
1999-12-16,8.37392578502907e-07,1444.2989764102513,0.7621270451779465,4.1869804231727975e-07,1.1920929e-07,1.1920929e-07,0.0,9.216,4.175,0.9,7.45,139.07,642.82,1.008579739752293,1.4360781
1999-12-17,4.686740801279715e-07,1442.9118985641267,0.6731363971400388,2.343375892024692e-07,1.1920929e-07,1.1920929e-07,0.0,9.216,2.345,-3.07,7.76,204.7,487.19,0.9676622187215526,1.0654774
1999-12-18,2.5508446397999083e-07,1441.2338858398896,0.738689110424452,1.2754239466020484e-07,1.1920929e-07,1.1920929e-07,0.0,9.216,3.74,-0.78,8.26,182.97,577.75,0.9203748269962426,0.907972
1999-12-19,3.087252849074129e-08,1440.1320637722147,0.681011207173034,1.1920928955078125e-07,1.1920929e-07,1.1920929e-07,0.0,9.216,2.545,-1.16,6.25,160.48,564.84,0.8905888079981963,0.79679173
1999-12-20,-3.0277057434001593e-07,1439.8953765942522,0.7414739188892882,1.1920928955078125e-07,1.1920929e-07,4.66,4.66,9.216,3.81,0.85,6.77,100.85,640.0,0.8843172027128701,0.8523819
1999-12-21,-5.926552745766117e-07,1440.0401640023883,0.7008200715924896,1.1920928955078125e-07,1.1920929e-07,3.12,3.12,9.216,2.97,0.44,5.5,90.11,626.15,0.8881484340365975,1.0376823
1999-12-22,-6.854096487325845e-07,1440.082283501058,0.5808339837282487,1.1920928955078125e-07,1.1920929e-07,1.1920929e-07,0.0,9.216,0.22,-2.72,3.16,141.13,499.23,0.8892660749466146,0.79679173
1999-12-23,-4.2766177332147323e-07,1439.5375925946964,0.5352930612919843,1.1920928955078125e-07,1.1920929e-07,1.1920929e-07,0.0,9.216,-0.95,-6.89,4.99,227.93,363.26,0.8749205806095969,0.6948765
1999-12-24,-7.470067785230916e-08,1438.2484737903983,0.46108947149491913,1.1920928955078125e-07,1.1920929e-07,1.1920929e-07,0.0,9.216,-3.055,-8.7,2.59,222.02,314.68,0.841884333112865,0.6485514
1999-12-25,-8.675908157081965e-08,1437.009026846185,0.37947027425101637,1.1920928955078125e-07,1.1920929e-07,1.1920929e-07,0.0,9.216,-5.75,-10.42,-1.08,199.45,277.3,0.8112978510445481,0.58369625
1999-12-26,-0.00012191689981698162,1435.790556716232,0.48577709609557024,1.1920928955078125e-07,1.1920929e-07,1.1920929e-07,0.0,9.216,-2.295,-7.8,3.21,217.63,337.95,0.7823124344809718,0.6670815
1999-12-27,0.00018293756721152196,1434.50308523466,0.5483104092288873,1.1920928955078125e-07,1.1920929e-07,1.1920929e-07,0.0,9.216,-0.555,-3.38,2.27,133.16,476.9,0.7528100174119537,0.56516623
1999-12-28,0.0002595933607168855,1433.2753591754806,0.43977961139470767,1.1920928955078125e-07,1.1920929e-07,1.1920929e-07,0.0,9.216,-3.67,-7.82,0.48,184.93,338.02,0.7257136201639701,0.58369625
1999-12-29,0.22082247208644232,1432.105712124599,0.4954180720448069,1.1920928955078125e-07,0.43994573,5.4261684e-05,0.44,9.216,-1.98,-6.1,2.14,194.02,385.86,0.700806752981365,0.54663616
1999-12-30,0.20092354933141493,1431.0796782104721,0.6705667434684958,0.17716702003689727,1.1920929e-07,1.1920929e-07,0.0,9.216,2.41,-3.8,8.62,239.41,456.22,0.6796628559612087,0.5929613
1999-12-31,0.08888154764902004,1429.7669408585646,0.836468067004809,0.06298552370883304,1.1920929e-07,1.1920929e-07,0.0,9.216,5.73,0.5,10.96,209.62,640.0,0.6535383327893496,0.49104607
2000-01-01,0.04478293164116951,1428.414711685896,0.7209043754907304,0.027323097080975054,1.1920929e-07,1.1920929e-07,0.0,9.216,3.51,-4.04,11.06,272.81,440.03,0.6276774104476711,0.49104607
2000-01-02,0.02379199694272712,1426.8095876148916,1.0100149684628577,0.013304508361992323,1.1920929e-07,1.1920929e-07,0.0,9.267895,8.57,0.37,16.77,255.83,629.64,0.5983049619521434,0.48178104
2000-01-03,0.01302544409018964,1426.02558183892,1.3460582019445846,0.006936278852253439,1.1920929e-07,2.02,2.02,9.311997,13.05,7.98,18.12,174.84,1078.19,0.5844619992439848,0.5003111
2000-01-04,0.005850975213077671,1427.9862625168062,1.403627569621585,0.003011047976407511,1.1920929e-07,3.79,3.79,9.311997,13.705,9.0,18.41,142.01,1160.0,0.619698909323328,0.5003111
2000-01-05,0.0012177499583867057,1430.559443700497,0.8515207445779641,0.000612582220783643,1.1920929e-07,4.06,4.06,9.311997,5.835,-0.64,12.31,173.92,588.76,0.66918712086108,0.5003111
2000-01-06,0.00016950763804711143,1431.0201277662652,0.558665279159642,1.1920928955078125e-07,1.1920929e-07,1.1920929e-07,0.0,9.311997,-0.4,-6.92,6.12,238.9,360.0,0.6784554510790847,0.43545595
2000-01-07,8.828751748865505e-05,1430.0999856541623,0.6704583073848795,4.4163245457422526e-05,1.1920929e-07,1.1920929e-07,0.0,9.311997,2.265,-3.89,8.42,231.72,454.47,0.6600695669939921,0.42619094
2000-01-08,3.882931644271694e-05,1428.8033903712499,0.591200084333431,1.9079022027740334e-05,1.1920929e-07,1.1920929e-07,0.0,9.311997,0.44,-5.63,6.51,232.34,400.0,0.635004139288201,0.42619094
2000-01-09,2.1487987375411693e-05,1429.4560164004981,0.7006327071706024,1.0745148021705019e-05,1.1920929e-07,1.1920929e-07,0.0,9.408,2.77,-1.0,6.54,168.45,566.65,0.6474992353438023,0.4169259
2000-01-10,1.108493315577377e-05,1437.0575675500831,0.826522956521381,5.54277376724424e-06,1.1920929e-07,12.6,12.6,9.408,5.16,2.14,8.18,103.82,718.59,0.8124745397362286,0.75973165
2000-01-11,5.787755583941087e-06,1447.1678144851596,0.8931866405279907,2.8939615372572683e-06,1.1920929e-07,11.26,11.26,9.408,6.23,2.43,10.03,126.49,720.63,1.0987804182246232,1.2229826
2000-01-12,3.246414025871638e-06,1451.0691190829357,0.7785242803095358,1.6232333609458852e-06,1.1920929e-07,1.56,1.56,9.408,4.115,-1.21,9.44,217.6,561.87,1.2345245674179108,0.72267157
2000-01-13,1.673894644410622e-06,1449.510572072548,0.7928890822200766,8.369543270135122e-07,1.1920929e-07,1.1920929e-07,0.0,9.408,4.405,-1.9,10.71,241.39,528.3,1.1783920788523994,0.6300214
2000-01-14,1.1761793104623618e-06,1447.6798558863368,0.4871926849434105,1.1920928955078125e-07,1.1920929e-07,1.1920929e-07,0.0,9.504003,-2.805,-8.48,2.87,234.89,319.2,1.1157082177602866,0.54663616
2000-01-15,1.201487240473769e-06,1446.1632857710972,0.42789021058997273,1.1920928955078125e-07,1.1920929e-07,1.1920929e-07,0.0,9.504003,-4.605,-9.81,0.6,225.83,282.53,1.06631380154053,0.5095761
2000-01-16,-0.00015614907066884774,1444.5505422278713,0.7101942657517436,1.1920928955078125e-07,1.1920929e-07,1.1920929e-07,0.0,9.504003,2.665,-5.01,10.34,268.67,435.99,1.0161839543715638,0.51884115
2000-01-17,0.00031446291293034476,1442.9535411409656,0.4939341609345968,1.1920928955078125e-07,1.1920929e-07,1.1920929e-07,0.0,9.504003,-2.565,-10.96,5.83,281.63,269.6,0.9688661226465637,0.48178104
2000-01-18,0.00039072879239494704,1441.6317360952007,0.2953335639072302,1.1920928955078125e-07,1.1920929e-07,1.1920929e-07,0.0,9.6,-9.725,-13.35,-6.1,178.9,217.48,0.9313731595826541,0.42619094
2000-01-19,0.00015085201015103682,1440.3782787693535,0.4020165843632102,1.1920928955078125e-07,1.1920929e-07,1.1920929e-07,0.0,9.6,-5.55,-11.09,-0.01,241.78,273.09,0.8971600807947889,0.4076609
2000-01-20,3.9520206814051226,1439.0362669314773,0.4968645078374895,1.1920928955078125e-07,7.349998,1.9714237e-06,7.35,9.6,-2.585,-6.26,1.09,150.05,381.13,0.8619217983576257,0.38913086
2000-01-21,9.54203019870393,1437.761130080622,0.3574219588326001,1.1920928955078125e-07,3.77,1.1920929e-07,3.77,9.602783,-7.135,-12.45,-1.82,214.82,239.22,0.8297226881187886,0.37060082
2000-01-22,11.412158194455719,1436.642183039747,0.2703487938719458,1.1920928955078125e-07,1.1920929e-07,1.1920929e-07,0.0,9.696003,-10.975,-15.68,-6.27,252.38,186.49,0.8024600207862553,0.34280574
2000-01-23,13.699981546279494,1435.5442051890136,0.3663570537137301,1.1920928955078125e-07,5.49,1.1920929e-07,5.49,9.696003,-6.91,-10.74,-3.08,169.35,280.0,0.7765792005733309,0.36133578
2000-01-24,16.443356251430384,1434.339942651481,0.5139983375422543,1.1920928955078125e-07,1.1920929e-07,1.1920929e-07,0.0,9.696003,-2.2,-5.88,1.48,210.18,394.54,0.7491519152118787,0.4169259
2000-01-25,23.7106664068527,1433.0878178355877,0.4940826952890898,1.1920928955078125e-07,14.19,4.2289494e-07,14.19,9.792,-2.885,-6.31,0.54,151.15,375.54,0.7216612664533485,0.42619094
2000-01-26,36.44688396372535,1431.9147601017366,0.4335322059511667,1.1920928955078125e-07,9.96,1.1920929e-07,9.96,9.792,-4.7,-7.87,-1.53,145.0,335.22,0.6968225128440456,0.42619094
2000-01-27,40.77268346778824,1430.8303032111176,0.36633408434212134,1.1920928955078125e-07,1.1920929e-07,1.1920929e-07,0.0,9.792,-7.0,-11.78,-2.22,270.61,244.01,0.6746209929940502,0.38913086
2000-01-28,40.77854282060284,1429.8112131568882,0.3529871761904231,1.1920928955078125e-07,1.1920929e-07,1.1920929e-07,0.0,9.888,-7.625,-12.31,-2.94,269.33,239.98,0.6544028042048298,0.37060082
2000-01-29,40.76303058418204,1428.797272426104,0.38675081046953425,1.1920928955078125e-07,1.1920929e-07,1.1920929e-07,0.0,9.888,-6.375,-13.55,0.8,340.94,207.55,0.6348881540020488,0.34280574
2000-01-30,46.34674737745274,1427.7917701961842,0.3759916674273367,1.1920928955078125e-07,12.2,1.1920929e-07,12.2,9.888,-6.75,-12.93,-0.57,262.46,232.82,0.6161106549489236,0.3242757
2000-01-31,59.84261750291168,1426.7750544020378,0.4461992985358553,1.1920928955078125e-07,12.72,1.1920929e-07,12.72,9.983997,-4.52,-9.71,0.67,226.53,280.84,0.5976883724313033,0.35207078
2000-02-01,65.66895915408513,1425.722258780779,0.47612421509862396,1.1920928955078125e-07,1.1920929e-07,1.1920929e-07,0.0,9.983997,-3.605,-8.46,1.25,295.21,317.07,0.5791926498086815,0.38913086
2000-02-02,65.65591274060021,1424.6845424917797,0.4582187996347463,1.1920928955078125e-07,1.1920929e-07,1.1920929e-07,0.0,9.983997,-4.13,-8.55,0.29,280.94,320.01,0.5615220471290663,0.4169259
2000-02-03,65.65649183592313,1423.703067091972,0.4059908093943557,1.1920928955078125e-07,1.1920929e-07,1.1920929e-07,0.0,10.079997,-5.925,-11.8,-0.05,336.83,240.0,0.5453054873313207,0.4076609
2000-02-04,66.8192850365196,1422.7021747906072,0.5248039333908019,1.1920928955078125e-07,1.9999933,6.735325e-06,2.0,10.079997,-2.34,-6.65,1.97,281.53,360.12,0.5292503345341805,0.4076609
2000-02-05,68.28306940894954,1421.642691681339,0.5608699561709704,1.1920928955078125e-07,0.89751434,0.042485636,0.94,10.079997,-1.385,-5.07,2.3,254.38,433.28,0.5127700587745119,0.4076609
2000-02-06,68.90779319833341,1420.467443824265,0.5685250409576713,1.1920928955078125e-07,1.1920929e-07,1.1920929e-07,0.0,10.176,-1.315,-5.66,3.03,293.18,404.95,0.4950887248729968,0.4169259
2000-02-07,69.12435459734283,1419.2004630004456,0.6203397965541441,1.1920928955078125e-07,1.1920929e-07,1.1920929e-07,0.0,10.176,-0.05,-5.72,5.62,346.46,400.0,0.47670959980340527,0.39839587
2000-02-08,69.14815628276654,1418.1158337938814,0.5106243105895063,1.1920928955078125e-07,1.1920929e-07,1.1920929e-07,0.0,10.270348,-2.945,-10.35,4.46,389.33,280.0,0.461518741200837,0.4169259
2000-02-09,69.14815595370135,1417.1424570369263,0.5541617691682351,1.1920928955078125e-07,1.1920929e-07,1.1920929e-07,0.0,10.272,-1.78,-10.62,7.06,407.18,280.0,0.4482986313996731,0.44472098
2000-02-10,59.690033117982296,1425.474404150986,0.7792432746697666,30.460796356201172,1.1920929e-07,1.1920929e-07,0.0,10.272,3.085,-5.04,11.21,395.58,432.64,0.5749221912414818,0.51884115
2000-02-11,24.08579804116726,1459.6319625313267,0.9724608686722593,24.08579804116726,1.1920929e-07,1.0,1.0,10.367997,5.915,0.23,11.6,338.02,618.05,1.5941730571262502,0.76899666
2000-02-12,8.838346506493748,1472.5822501552573,0.6942482451026334,7.370106641865277,1.1920929e-07,1.1920929e-07,0.0,10.367997,0.775,-4.92,6.47,347.94,432.69,2.3467340054266885,1.5565234
2000-02-13,8.290043790339164,1470.1750074611268,0.46619153868599644,1.1920928955078125e-07,1.1920929e-07,1.1920929e-07,0.0,10.419894,-4.92,-9.46,-0.38,309.47,289.54,2.183980591927217,0.99135715
2000-02-14,6.466316440632817,1472.9310902186883,0.8285682999883915,6.466316440632817,1.1920929e-07,7.35,7.35,10.464,3.235,-2.03,8.5,251.95,523.59,2.3713045253868206,2.4367003
2000-02-15,2.3671065080340594,1477.2421650852868,0.8576594538730565,2.367106507909893,1.1920929e-07,1.1920929e-07,0.0,10.464,3.705,-1.52,8.93,340.14,547.5,2.6970544291239125,3.5577679
2000-02-16,0.8640132406631966,1475.2318066409753,0.9265050827673099,0.8638604552944251,1.1920929e-07,1.1920929e-07,0.0,10.559998,4.745,-2.9,12.39,409.45,488.23,2.5399260901731946,2.668326
2000-02-17,0.3161044945056317,1472.4502242345425,0.8308440793482761,0.3032522308079049,1.1920929e-07,1.1920929e-07,0.0,10.559998,3.145,-4.24,10.53,407.33,444.09,2.337501325476133,2.32552
2000-02-18,0.21203571632142204,1473.9612970434594,0.6430844629021206,1.1920928955078125e-07,0.35088637,10.509113,10.86,10.655997,-0.74,-3.21,1.73,145.03,479.82,2.4453790255010537,1.6677036
2000-02-19,0.16638003383510142,1489.0419094837202,0.8070194912020185,0.13988359647620413,1.1920929e-07,25.58,25.58,10.655997,2.415,-1.11,5.94,198.25,564.81,3.8361787827533096,9.26502
2000-02-20,0.07610235492514017,1497.0606147229548,0.8160541042610655,0.0518695322791031,1.1920929e-07,1.1920929e-07,0.0,10.655997,2.5,-0.6,5.6,241.1,587.43,4.873922754028877,4.4008846
2000-02-21,0.03965414464560924,1491.6975498947354,0.8435296809796357,0.023707485057986394,1.1920929e-07,1.1920929e-07,0.0,10.752,2.91,-0.85,6.67,286.77,575.71,4.152741929101903,2.4181702
2000-02-22,0.02138228931975563,1486.978610227075,0.9047761328733664,0.01182981534640483,1.1920929e-07,1.1920929e-07,0.0,10.752,4.0,-2.8,10.8,412.05,495.96,3.606979843312761,1.9178592
2000-02-23,0.011689720523390977,1482.637310663926,1.0485794395441725,0.006186095684349955,1.1920929e-07,1.1920929e-07,0.0,10.848002,6.135,-0.78,13.05,412.03,577.45,3.1684685894450126,1.7140287
2000-02-24,0.0059005191875903164,1478.2954956317992,1.3585252214650971,0.0030372746659030085,1.1920929e-07,1.1920929e-07,0.0,10.848002,10.19,2.5,17.88,421.19,720.05,2.7832256147084307,1.6121135
2000-02-25,0.0021839651109387733,1474.0058382968678,1.8318045509660776,0.001103906340546643,1.1920929e-07,1.1920929e-07,0.0,10.944003,14.895,6.27,23.52,425.64,941.22,2.448633327586544,1.4916682
2000-02-26,0.0010314806370731004,1470.2262577709319,1.4974456243037615,0.0005184001757152241,1.1920929e-07,1.1920929e-07,0.0,10.944003,11.68,4.63,18.73,401.24,850.7,2.1873251444948005,1.3434279
2000-02-27,0.000521509904518302,1469.4176654037785,1.2365351922941008,0.0002614348821694093,1.1920929e-07,1.1920929e-07,0.0,10.946783,8.67,5.22,12.12,249.84,894.97,2.135149071682746,1.2785728
2000-02-28,0.00022360171176194227,1474.2639650542637,1.2641091618458926,0.00011192585014264974,1.1920929e-07,18.25,18.25,11.04,8.83,3.74,13.92,257.82,800.0,2.4675782081122515,5.2903266
2000-02-29,0.00012794441065669263,1480.0184117532904,1.0942846423990744,6.401312975330935e-05,1.1920929e-07,1.1920929e-07,0.0,11.04,6.545,-1.38,14.47,439.47,559.91,2.9301492021261697,1.9271241
2000-03-01,7.44608042896991e-05,1476.111467734713,1.1777189677928495,3.7244263172647796e-05,1.1920929e-07,1.1920929e-07,0.0,11.136,7.58,0.33,14.83,423.47,626.14,2.6075208028956314,1.5565234
2000-03-02,4.4208356203407584e-05,1472.4199856966463,1.2048373613880252,2.2109064048519738e-05,1.1920929e-07,1.1920929e-07,0.0,11.136,7.97,3.17,12.77,333.41,773.64,2.335391837551473,1.371223
2000-03-03,2.5398108791355444e-05,1469.088584517519,0.9902021885148311,1.2700667055494497e-05,1.1920929e-07,1.1920929e-07,0.0,11.232,4.88,-0.63,10.39,372.4,584.84,2.1142724887782403,1.1859226
2000-03-04,-2.0104592238206755e-06,1465.9739533553313,0.9996428713703103,1.1920928955078125e-07,1.1920929e-07,1.1920929e-07,0.0,11.232,5.055,-2.34,12.45,436.12,520.0,1.9265179070070984,1.0840074
2000-03-05,-3.870831097673919e-05,1462.9387478249332,1.2702731448141362,1.1920928955078125e-07,1.1920929e-07,1.1920929e-07,0.0,11.328,8.625,1.2,16.05,428.3,656.16,1.7596045087294554,1.0191522
2000-03-06,-7.596501131179789e-05,1459.9384341282914,1.141021179382847,1.1920928955078125e-07,1.1920929e-07,1.1920929e-07,0.0,11.328,7.0,-1.12,15.12,440.66,560.0,1.6088276808851385,0.92650205
2000-03-07,-0.0001050501250733946,1456.9284784673725,1.3292506705134608,1.1920928955078125e-07,1.1920929e-07,1.1920929e-07,0.0,11.423997,9.265,-0.55,19.08,462.22,595.87,1.4705471877136294,0.8616469
2000-03-08,-0.000117233217105927,1453.8643470441434,1.998840078849874,1.1920928955078125e-07,1.1920929e-07,1.1920929e-07,0.0,11.423997,15.85,5.95,25.75,440.6,930.58,1.341979539335271,0.8431168
2000-03-09,-0.00010378385225379299,1450.7015060605706,2.144176667403142,1.1920928955078125e-07,1.1920929e-07,1.1920929e-07,0.0,11.423997,17.05,7.85,26.25,409.34,1067.89,1.2210482948708616,0.8153218
2000-03-10,-6.485483591291132e-05,1448.0256655898318,1.9767277573374495,1.1920928955078125e-07,1.1920929e-07,1.1920929e-07,0.0,11.520008,15.595,8.66,22.53,361.58,1133.13,1.1272877828860894,0.7782617
2000-03-11,-3.490471195944001e-05,1450.4565947860503,1.497496037312471,1.1920928955078125e-07,1.1920929e-07,9.95,9.95,11.520008,11.08,6.67,15.49,222.64,973.93,1.2121518782049183,1.2693077
2000-03-12,-1.95302271910058e-05,1461.6333994564648,1.0774411869685145,1.1920928955078125e-07,1.1920929e-07,20.45,20.45,11.616,5.725,2.9,8.55,146.07,755.45,1.6923430804038297,2.1865447
2000-03-13,-1.1298323911550613e-05,1465.3700080736733,0.8584273338447228,1.1920928955078125e-07,1.1920929e-07,1.1920929e-07,0.0,11.616,2.29,-3.36,7.94,353.76,479.32,1.8920891590373579,1.2137177
2000-03-14,-6.6428672556652485e-06,1462.8593444140308,1.104578182991842,1.1920928955078125e-07,1.1920929e-07,1.1920929e-07,0.0,11.711997,5.965,-1.0,12.93,395.91,560.57,1.755437734810328,1.0191522
2000-03-15,-3.833133408329523e-06,1459.9125512848645,1.4429775134366107,1.1920928955078125e-07,1.1920929e-07,1.1920929e-07,0.0,11.711997,10.13,1.62,18.64,427.44,689.33,1.6075848439784814,0.93576705
2000-03-16,-2.175672489447781e-06,1456.9899886803785,1.8538664899639665,1.1920928955078125e-07,1.1920929e-07,1.1920929e-07,0.0,11.808,14.04,8.01,20.07,350.35,1081.18,1.473250433234591,0.907972
2000-03-17,-6.033173563012588e-07,1455.4546829747635,1.3853279954668023,1.1920928955078125e-07,1.1920929e-07,11.85,11.85,11.808,9.41,1.5,17.32,315.07,678.21,1.407239538187742,2.5571456
2000-03-18,7.256448084360312e-07,1454.7309567890482,0.7379430481022691,1.1920928955078125e-07,1.1920929e-07,1.1920929e-07,0.0,11.903997,-0.165,-6.48,6.15,388.66,369.76,1.3771566964819548,1.371223
2000-03-19,1.4129404131276246e-06,1453.875858795834,0.8459229696831708,7.064751975653399e-07,1.1920929e-07,1.1920929e-07,0.0,11.903997,1.83,-3.12,6.78,325.99,479.91,1.3424408806787034,1.1673925
2000-03-20,1.1173148622293433e-06,1452.3913130087471,1.0191047549688474,5.58660552095925e-07,1.1920929e-07,1.1920929e-07,0.0,12.000003,4.49,0.54,8.44,269.74,640.0,1.2842359764362945,1.0932723
2000-03-21,6.655011620842718e-07,1462.057683028864,1.0542445417130315,3.327516882716278e-07,1.1920929e-07,25.16,25.16,12.000003,4.9,2.6,7.2,124.67,733.08,1.7139184793790736,9.820921
2000-03-22,4.0183835047999007e-07,1492.568123072478,1.0913405349663583,2.009195789251448e-07,1.1920929e-07,39.81,39.81,12.000003,5.11,3.06,7.16,114.17,764.55,4.2621016290147224,11.673925
2000-03-23,2.4283030775745007e-07,1504.0664579882261,1.2812229797095733,1.2141530129512096e-07,1.1920929e-07,1.1920929e-07,0.0,12.096,7.315,1.48,13.15,373.11,678.32,6.0079250390102334,3.687478
2000-03-24,1.467922621463864e-07,1497.2311741021228,1.5996950377947774,1.1920928955078125e-07,1.1920929e-07,1.1920929e-07,0.0,12.096,10.85,3.43,18.27,424.9,792.27,4.898806799231707,2.6220007
2000-03-25,8.204753547130201e-08,1490.9493995617092,1.9264747336034278,1.1920928955078125e-07,1.1920929e-07,1.1920929e-07,0.0,12.191998,13.77,6.0,21.54,430.75,920.0,4.061005340962925,2.1402197
2000-03-26,3.4788213672300796e-08,1485.241606961722,1.9043619623914063,1.1920928955078125e-07,1.1920929e-07,1.1920929e-07,0.0,12.191998,13.645,7.5,19.79,382.59,1039.84,3.4246778339508634,1.862269
2000-03-27,1.2740414717987014e-08,1480.4101750860439,1.4970941852665396,1.1920928955078125e-07,1.1920929e-07,0.17,0.17,12.287997,9.735,1.02,18.45,463.94,643.39,2.964625168908238,1.6399086
2000-03-28,6.982789718444142e-09,1478.1112516408436,1.560786844923727,1.1920928955078125e-07,1.1920929e-07,9.43,9.43,12.287997,10.415,4.95,15.88,268.77,875.75,2.7679567002765255,2.742446
2000-03-29,2.869341474721283e-09,1477.5966515166583,1.3730991351748405,1.1920928955078125e-07,1.1920929e-07,2.14,2.14,12.383997,8.295,3.7,12.89,308.71,795.9,2.725752329520352,1.7603538
2000-03-30,1.1048015596367497e-09,1475.4026666401464,1.266366497014133,1.1920928955078125e-07,1.1920929e-07,1.1920929e-07,0.0,12.383997,7.07,-0.43,14.57,448.33,600.0,2.552916718669166,1.4638731
2000-03-31,6.021278072166612e-10,1471.755430120797,1.2639302143289497,1.1920928955078125e-07,1.1920929e-07,1.1920929e-07,0.0,12.479998,6.96,-1.48,15.4,473.45,559.91,2.2895090368385866,1.3248979
2000-04-01,2.631050306928801e-10,1468.241739263769,1.4662103462239076,1.1920928955078125e-07,1.1920929e-07,1.1920929e-07,0.0,12.479998,9.295,0.03,18.56,485.61,602.07,2.061483125082921,1.2229826
2000-04-02,1.2992170054091163e-10,1464.8947687523673,1.8918777864580014,1.1920928955078125e-07,1.1920929e-07,1.1920929e-07,0.0,12.576006,13.26,7.02,19.5,391.9,1001.49,1.865430592972233,1.1673925
2000-04-03,6.476940067787581e-11,1464.7367736730002,2.3703924365775744,1.1920928955078125e-07,1.1920929e-07,0.24,0.24,12.576006,16.96,11.77,22.15,338.64,1381.58,1.856651308643913,1.1488625
2000-04-04,2.198944235462044e-11,1466.460520677383,2.1933754881347665,1.1920928955078125e-07,1.1920929e-07,9.1,9.1,12.576006,15.655,9.5,21.81,292.38,1199.65,1.9547104942965599,1.6028485
2000-04-05,8.83053283449826e-12,1467.1754711532076,1.2823059371414343,1.1920928955078125e-07,1.1920929e-07,1.71,1.71,12.672003,6.995,0.52,13.47,380.98,629.11,1.9968862153517084,1.2693077
2000-04-06,4.398508014611054e-12,1464.7136791386447,1.7447917014245744,1.1920928955078125e-07,1.1920929e-07,1.1920929e-07,0.0,12.672003,11.84,3.38,20.3,479.86,790.6,1.8553714846131844,1.0932723
2000-04-07,1.527872450397095e-12,1460.9047860300677,2.09557660108584,1.1920928955078125e-07,1.1920929e-07,1.1920929e-07,0.0,12.768005,14.72,6.45,22.99,471.84,955.87,1.6559238678878458,1.0098872
2000-04-08,6.67241057781759e-13,1458.5151947945062,2.034623375892391,1.1920928955078125e-07,1.1920929e-07,2.59,2.59,12.768005,14.265,5.5,23.03,451.23,918.04,1.5418927390499453,1.4546082
2000-04-09,4.0131311590765597e-13,1469.1358647829338,1.277351440290766,1.1920928955078125e-07,1.1920929e-07,25.37,25.37,12.864003,6.685,-1.19,14.56,361.57,563.62,2.1172593006908844,4.641775
2000-04-10,2.4108538521902876e-13,1476.115609719993,1.346847270362261,1.1920928955078125e-07,1.1920929e-07,0.15,0.15,12.864003,7.425,0.93,13.92,434.78,640.0,2.6078432983645197,1.862269
2000-04-11,1.3979035139262647e-13,1472.4582212838664,1.5490924746078607,1.1920928955078125e-07,1.1920929e-07,1.1920929e-07,0.0,12.96,9.52,4.62,14.42,352.69,849.38,2.3380595307300918,1.5194633
2000-04-12,7.509763787198412e-14,1469.0930439778917,1.4397917171888086,1.1920928955078125e-07,1.1920929e-07,0.57,0.57,12.96,8.415,4.77,12.06,279.79,861.55,2.1145540239188483,1.399018
2000-04-13,4.3093208173927155e-14,1466.0976024055483,1.12050285967585,1.1920928955078125e-07,1.1920929e-07,1.1920929e-07,0.0,13.05322,4.51,-1.55,10.57,426.8,555.9,1.9336435850962623,1.2322477
2000-04-14,2.1060256464727715e-14,1463.0859523016168,1.3114780699941735,1.1920928955078125e-07,1.1920929e-07,1.1920929e-07,0.0,13.056,6.925,-0.36,14.21,473.75,600.0,1.7673553933841046,1.1673925
2000-04-15,9.526374059476623e-15,1459.895293488881,1.7255067705032423,1.1920928955078125e-07,1.1920929e-07,1.1920929e-07,0.0,13.056,11.24,5.4,17.08,409.75,904.34,1.6067566963260753,1.1303325
2000-04-16,5.341842595885199e-15,1459.9313259538349,2.571223915756476,1.1920928955078125e-07,1.1920929e-07,2.86,2.86,13.152,17.625,11.51,23.74,341.42,1360.9,1.6084862663933026,1.1488625
2000-04-17,2.463116552635927e-15,1467.7280915717902,2.4053111484861796,1.1920928955078125e-07,1.1920929e-07,18.21,18.21,13.152,16.425,8.43,24.42,358.53,1114.79,2.030108428448109,2.353315
2000-04-18,1.206013776970411e-15,1483.1820424055563,1.3420171032278814,1.1920928955078125e-07,1.1920929e-07,20.87,20.87,13.248009,6.845,3.96,9.73,178.07,807.47,3.2204238007107957,5.7628427
2000-04-19,2.3724220161088817e-16,1497.1452698059004,1.6914743581844816,1.1920928955078125e-07,1.1920929e-07,9.75,9.75,13.248009,10.295,5.23,15.36,283.46,898.53,4.886257809127078,3.6040928
2000-04-20,-8.659982781637722e-16,1506.0487165961829,2.0946643914727345,1.1920928955078125e-07,1.1920929e-07,1.1920929e-07,0.0,13.343997,13.5,7.5,19.5,415.75,1040.0,6.374245150189362,2.279195
2000-04-21,-1.807949770136079e-15,1510.3824937818372,2.1851863609526534,1.1920928955078125e-07,1.1920929e-07,11.46,11.46,13.343997,14.14,10.0,18.28,231.64,1240.0,7.254801391486805,3.4373224
2000-04-22,-2.292854382088538e-15,1510.636712368297,1.7163581974135205,1.1920928955078125e-07,1.1920929e-07,12.08,12.08,13.343997,10.27,7.02,13.52,193.62,1001.85,7.310078147080386,5.6979876
2000-04-23,-2.024954221803661e-15,1507.3014833609957,1.570372386234726,1.1920928955078125e-07,1.1920929e-07,3.39,3.39,13.439995,8.8,5.53,12.07,200.7,907.04,6.617189690417317,3.224227
2000-04-24,-9.252348468047784e-16,1501.9736096452682,1.7712797079908429,1.1920928955078125e-07,1.1920929e-07,1.1920929e-07,0.0,13.439995,10.745,4.66,16.83,438.95,852.52,5.643989720536459,2.3996403
2000-04-25,5.05057369718088e-16,1496.9430071398779,1.9732100933582,1.1920928955078125e-07,1.1920929e-07,1.1920929e-07,0.0,13.535997,12.405,7.88,16.93,353.8,1070.39,4.856837867415048,2.0290394
2000-04-26,1.8681366911453087e-15,1492.1504331103051,1.5451914865469587,1.1920928955078125e-07,1.1920929e-07,1.1920929e-07,0.0,13.535997,8.595,3.33,13.86,411.29,785.64,4.209277425484761,1.8066789
2000-04-27,2.772988502151785e-15,1487.4797739673156,1.5418970511798376,1.1920928955078125e-07,1.1920929e-07,1.0,1.0,13.580106,8.56,5.41,11.71,272.08,912.27,3.661359588982342,1.6769687
2000-04-28,2.828598187412417e-15,1482.8149161216757,1.7276728340808718,1.1920928955078125e-07,1.1920929e-07,1.1920929e-07,0.0,13.632,10.33,6.53,14.13,320.85,962.36,3.1853154185373254,1.5750535
2000-04-29,1.4767228257914856e-15,1478.0990101433547,1.8959051013754034,1.1920928955078125e-07,1.1920929e-07,1.1920929e-07,0.0,13.632,11.855,4.25,19.46,507.71,819.84,2.766945179278904,1.4360781
2000-04-30,-2.254386261810319e-15,1473.6133536515347,2.221806490762162,1.1920928955078125e-07,1.1920929e-07,1.1920929e-07,0.0,13.727997,14.35,8.06,20.64,458.52,1085.05,2.4201057669982484,1.3063679
2000-05-01,-7.631031747920831e-15,1469.3441236662545,2.058662610578904,1.1920928955078125e-07,1.1920929e-07,1.1920929e-07,0.0,13.727997,13.16,3.72,22.6,547.91,800.0,2.130465838406516,1.2137177
2000-05-02,-1.3661937113358397e-14,1465.2098003320286,2.435713218675249,1.1920928955078125e-07,1.1920929e-07,3.96,3.96,13.72965,15.95,9.62,22.28,341.98,1209.64,1.8830600017313814,1.2322477
2000-05-03,-1.9355825838941367e-14,1461.1288637933706,2.0877941466919685,1.1920928955078125e-07,1.1920929e-07,1.1920929e-07,0.0,13.824,13.365,4.97,21.76,527.13,877.91,1.6670399869896393,1.1118025
2000-05-04,-2.3721421405488088e-14,1457.019794194795,2.5287495487778737,1.1920928955078125e-07,1.1920929e-07,1.1920929e-07,0.0,13.824,16.55,9.0,24.1,495.08,1160.0,1.4745621101907365,1.0376823
2000-05-05,-2.5767447293816898e-14,1452.8010716808153,3.2714359200073027,1.1920928955078125e-07,1.1920929e-07,1.1920929e-07,0.0,13.920003,20.83,13.54,28.12,471.48,1560.99,1.3000445551333033,1.0098872
2000-05-06,-2.4502626984746156e-14,1448.3911763959459,3.634683257811205,1.1920928955078125e-07,1.1920929e-07,7.74,7.74,13.920003,22.705,15.08,30.33,356.12,1720.61,1.1396577180525382,1.0469472
2000-05-07,-1.8935683959094233e-14,1443.7085884847008,3.9062872264120383,1.1920928955078125e-07,1.1920929e-07,1.1920929e-07,0.0,13.920003,24.025,16.43,31.62,469.69,1866.9,0.9909564925824325,0.94503206
2000-05-08,-6.962843657420051e-15,1439.1724140185213,4.0312096769303,1.1920928955078125e-07,1.1920929e-07,1.1920929e-07,0.0,14.015994,24.515,17.19,31.84,460.98,1951.4,0.8654327081112373,0.8801769
2000-05-09,1.1052395945920778e-14,1435.5561592921626,4.063323507194113,1.1920928955078125e-07,1.1920929e-07,1.1920929e-07,0.0,14.015994,24.7,17.96,31.44,441.68,2070.37,0.7768564308701558,0.8338518
2000-05-10,3.042827869949225e-14,1432.7783440196545,3.823307904071529,1.1920928955078125e-07,1.1920929e-07,3.1,3.1,14.015994,23.66,16.68,30.64,421.05,1894.49,0.7150236403900772,1.4824033
2000-05-11,4.642854541041045e-14,1430.7423192285737,2.719124427246751,1.1920928955078125e-07,1.1920929e-07,10.2,10.2,14.111998,17.72,9.47,25.97,413.81,1197.79,0.672851073264482,1.7232938
2000-05-12,5.431693688579149e-14,1429.351435946497,3.3127344846211426,1.1920928955078125e-07,1.1920929e-07,1.1920929e-07,0.0,14.111998,21.09,13.67,28.51,475.97,1570.49,0.6454805327897495,0.94503206
2000-05-13,4.935719393275152e-14,1428.5090452010018,3.789146395918979,1.1920928955078125e-07,1.1920929e-07,1.1920929e-07,0.0,14.111998,23.435,16.05,30.82,463.69,1813.93,0.6294478239284035,0.88944197
2000-05-14,2.992012472454701e-14,1427.7905421399992,3.04931994099481,1.1920928955078125e-07,1.1920929e-07,8.42,8.42,14.208003,19.575,11.3,27.85,378.98,1344.19,0.616088064262725,1.0654774
2000-05-15,9.540225816644517e-15,1425.9290110999493,2.112295028907822,1.1920928955078125e-07,1.1920929e-07,1.1920929e-07,0.0,14.208003,13.505,5.58,21.43,514.17,919.91,0.5827791845738087,0.7875267
2000-05-16,-5.552450074891665e-15,1423.4648475797808,1.9775016303362607,1.1920928955078125e-07,1.1920929e-07,1.1920929e-07,0.0,14.208003,12.47,4.03,20.91,529.16,802.36,0.5414406250019367,0.7319366
2000-05-17,-1.0642438747706615e-14,1421.1561570009123,2.4620556926146118,1.1920928955078125e-07,1.1920929e-07,1.44,1.44,14.304006,15.955,8.98,22.93,470.62,1158.54,0.5053749217957879,0.71340656
2000-05-18,-6.3492125459023086e-15,1420.6805630488673,3.230380456953443,1.1920928955078125e-07,1.1920929e-07,1.1920929e-07,0.0,14.304006,20.53,14.26,26.8,426.22,1620.79,0.4982491725151901,0.6948765
2000-05-19,-2.8090113525839352e-15,1423.3528778755729,3.308910310839297,1.1920928955078125e-07,1.1920929e-07,8.12,8.12,14.304006,20.91,15.41,26.41,290.25,1752.65,0.5396335089812961,0.74120164
2000-05-20,-9.984822779139196e-16,1427.1190003544798,2.4104718341950075,1.1920928955078125e-07,1.1920929e-07,6.84,6.84,14.397217,15.43,9.63,21.23,315.51,1210.16,0.6038579772602272,0.8245868
2000-05-21,-5.509321954237586e-16,1430.1296697101473,2.1852378541365858,1.1920928955078125e-07,1.1920929e-07,3.0,3.0,14.399997,13.79,10.55,17.03,197.37,1283.96,0.6606548499183178,0.7782617
2000-05-22,-2.360310531247114e-16,1432.140887231642,2.44083539198076,1.1920928955078125e-07,1.1920929e-07,5.27,5.27,14.399997,15.575,12.69,18.46,175.01,1455.17,0.7015431672846406,0.79679173
2000-05-23,-8.671864844204478e-17,1433.4184494889896,2.445239641329537,1.1920928955078125e-07,1.1920929e-07,4.12,4.12,14.399997,15.59,12.89,18.29,165.2,1477.01,0.728820782941393,0.8338518
2000-05-24,-5.0824620274716804e-17,1438.8159485670756,3.019962228369137,1.1920928955078125e-07,1.1920929e-07,13.06,13.06,14.495997,18.94,13.24,24.64,306.83,1518.22,0.8562704598236467,1.371223
2000-05-25,-2.9371047980064416e-17,1444.7340479993047,3.174055488421321,1.1920928955078125e-07,1.1920929e-07,6.09,6.09,14.495997,19.715,14.18,25.25,297.08,1614.11,1.0217670209512717,1.0284172
2000-05-26,-1.7323008881191073e-17,1443.1452971803776,2.7326875985262777,1.1920928955078125e-07,1.1920929e-07,1.1920929e-07,0.0,14.495997,17.21,10.0,24.42,478.23,1240.0,0.9744292257503455,0.7782617
2000-05-27,-1.0242541619890629e-17,1439.7596556518558,2.717303159019122,1.1920928955078125e-07,1.1920929e-07,1.8,1.8,14.495997,17.155,11.71,22.6,365.33,1376.48,0.8807408881699602,0.72267157
2000-05-28,-5.7676070755375174e-18,1441.8811432447055,2.1533241775329146,1.1920928955078125e-07,1.1920929e-07,8.3,8.3,14.592003,13.205,10.99,15.42,138.36,1318.91,0.9383347921897418,0.98209214
2000-05-29,-3.267132693085909e-18,1449.4472769319636,2.2360004430578853,1.1920928955078125e-07,1.1920929e-07,13.42,13.42,14.592003,13.73,10.62,16.84,192.94,1289.55,1.1761671798676987,2.26993
2000-05-30,-1.851482547938822e-18,1451.2097834023496,2.1056196267661647,1.1920928955078125e-07,1.1920929e-07,1.1920929e-07,0.0,14.592003,12.74,6.98,18.5,433.79,998.73,1.2397204154741395,1.0932723
2000-05-31,-1.0100655196469653e-18,1447.4869327763151,2.2364204758527557,1.1920928955078125e-07,1.1920929e-07,1.1920929e-07,0.0,14.592003,13.755,6.48,21.03,499.61,958.72,1.1092998845781876,0.88944197
2000-06-01,-5.907229927420261e-19,1443.667833715116,3.2096347590041407,1.1920928955078125e-07,1.1920929e-07,1.1920929e-07,0.0,14.592003,19.805,11.89,27.72,499.29,1390.82,0.9897513754836413,0.80605674
2000-06-02,-3.330183019217065e-19,1438.9856608959915,4.257484306535031,1.1920928955078125e-07,1.1920929e-07,1.1920929e-07,0.0,14.688,24.655,17.72,31.59,445.76,2035.76,0.8606204231102851,0.75046664
2000-06-03,-1.8410466569171291e-19,1433.979169588263,3.612677981591985,1.1920928955078125e-07,1.1920929e-07,1.1920929e-07,0.0,14.688,21.84,14.26,29.42,482.25,1623.07,0.7411253927332494,0.6670815
2000-06-04,-7.048779143111297e-20,1429.7358014745976,2.5876315802985506,1.1920928955078125e-07,1.1920929e-07,1.1920929e-07,0.0,14.688,16.24,10.32,22.16,437.62,1265.74,0.6529309819550656,0.6207563
2000-06-05,-1.2401187736154906e-20,1426.9904675994758,2.7378874185301574,1.1920928955078125e-07,1.1920929e-07,1.1920929e-07,0.0,14.688,17.21,13.35,21.07,315.3,1536.31,0.6015449754771283,0.6485514
2000-06-06,-5.8161416479307766e-21,1425.9578220099622,2.463887172515988,1.1920928955078125e-07,1.1920929e-07,14.6,14.6,14.688,15.475,12.55,18.4,190.51,1444.04,0.5832807276594043,0.7319366
2000-06-07,-2.3494206222944322e-21,1425.13031672921,2.575403817682363,1.1920928955078125e-07,1.1920929e-07,1.71,1.71,14.688,16.215,11.01,21.42,399.82,1321.16,0.5690458191091872,0.70414156
2000-06-08,-4.465218260836704e-22,1423.1923594918073,3.112909437837558,1.1920928955078125e-07,1.1920929e-07,1.1920929e-07,0.0,14.732102,19.365,12.72,26.01,473.2,1457.85,0.5370533658485149,0.58369625
2000-06-09,-1.777686357705939e-22,1419.3728546407008,3.623220272798282,1.1920928955078125e-07,1.1920929e-07,1.1920929e-07,0.0,14.783998,21.955,14.98,28.93,474.87,1716.38,0.47916967692711687,0.54663616
2000-06-10,-4.945962110675367e-23,1414.8312366125597,4.091209687995615,1.1920928955078125e-07,1.1920929e-07,1.1920929e-07,0.0,14.783998,24.135,16.93,31.34,473.6,1916.12,0.4184055695132973,0.51884115
2000-06-11,4.2359655915091373e-23,1410.0052997852692,4.538661520903694,1.1920928955078125e-07,1.1920929e-07,1.1920929e-07,0.0,14.783998,26.04,19.19,32.89,451.7,2230.09,0.3622586635413919,0.48178104
2000-06-12,6.750531335282196e-23,1405.2298016943187,4.621464975258999,1.1920928955078125e-07,1.1920929e-07,1.1920929e-07,0.0,14.783998,26.425,20.52,32.33,412.29,2403.96,0.31411896021521246,0.47251603
2000-06-13,3.7950685409480367e-23,1401.2302049777381,3.4419304413655483,1.1920928955078125e-07,1.1920929e-07,4.7,4.7,14.783998,21.29,15.48,27.1,327.43,1757.76,0.2787601927174063,0.57443124
2000-06-14,1.4095718620085722e-23,1399.1121369386226,2.7476163769512985,1.1920928955078125e-07,1.1920929e-07,2.0,2.0,14.783998,17.49,15.55,19.43,182.71,1764.15,0.26167693067991643,0.5559012
2000-06-15,1.5655827586472542e-24,1399.4236854818275,3.2926644880444544,1.1920928955078125e-07,1.1920929e-07,4.23,4.23,14.783998,20.55,16.67,24.43,257.21,1893.1,0.2641224613058878,0.54663616
2000-06-16,4.704615085753384e-25,1400.7926294220897,3.8090088329413274,1.1920928955078125e-07,1.1920929e-07,12.35,12.35,14.783998,23.055,18.5,27.61,284.11,2124.21,0.2751418452335871,0.6948765
2000-06-17,1.910806611133052e-25,1399.2923834291787,4.388486621139664,1.1920928955078125e-07,1.1920929e-07,1.29,1.29,14.783998,25.575,21.35,29.8,348.69,2535.89,0.2630890189646377,0.5559012
2000-06-18,2.892524454581577e-26,1397.2372848285722,4.222462387949822,1.1920928955078125e-07,1.1920929e-07,3.86,3.86,14.783998,24.915,20.47,29.36,275.79,2394.62,0.24743090128108047,0.49104607
2000-06-19,5.907302092758215e-27,1396.5366537870095,3.481458928703625,1.1920928955078125e-07,1.1920929e-07,3.52,3.52,14.783998,21.545,16.3,26.79,331.97,1845.18,0.24230855347288202,0.47251603
2000-06-20,3.319118884963826e-27,1394.6550025866886,2.9164330327519603,1.1920928955078125e-07,1.1920929e-07,1.1920929e-07,0.0,14.783998,18.545,11.12,25.97,523.1,1329.51,0.22907045584395325,0.44472098
2000-06-21,1.9528745447266674e-27,1390.8699037531214,3.6815407088470202,1.1920928955078125e-07,1.1920929e-07,1.1920929e-07,0.0,14.783998,22.585,16.89,28.28,438.49,1911.32,0.20459127671852045,0.5559012
2000-06-22,1.1737818833881408e-27,1399.4681800338603,4.051375764103099,1.1920928955078125e-07,1.1920929e-07,26.49,26.49,14.783998,24.155,19.75,28.56,267.56,2299.49,0.264473585794041,2.3440502
2000-06-23,7.060589673691092e-28,1406.9802998497248,3.7263225776790976,1.1920928955078125e-07,1.1920929e-07,1.1920929e-07,0.0,14.783998,22.595,16.48,28.71,454.39,1877.52,0.330973432562693,0.72267157
2000-06-24,4.162092365477507e-28,1402.959470785645,3.786629705060017,1.1920928955078125e-07,1.1920929e-07,1.1920929e-07,0.0,14.783998,22.925,16.33,29.52,470.67,1853.08,0.2935312985331955,0.56516623
2000-06-25,2.4282535011206863e-28,1398.636763167681,4.41973613618681,1.1920928955078125e-07,1.1920929e-07,1.1920929e-07,0.0,14.783998,25.71,19.92,31.5,424.27,2320.16,0.25798900123210405,0.52810615
2000-06-26,8.034551721707156e-29,1395.721724596884,4.401887035825448,1.1920928955078125e-07,1.1920929e-07,15.94,15.94,14.783998,25.675,19.94,31.41,315.88,2315.1,0.23648381937359952,1.2137177
2000-06-27,-8.404180612357968e-29,1394.7802254237802,4.244818018742195,1.1920928955078125e-07,1.1920929e-07,1.1920929e-07,0.0,14.783998,25.04,20.19,29.89,375.4,2350.29,0.22992853073335948,0.6948765
2000-06-28,-2.0458022804209285e-28,1395.2591495162903,3.5156911283147583,1.1920928955078125e-07,1.1920929e-07,8.57,8.57,14.783998,21.73,18.49,24.97,208.92,2120.26,0.2332400616953802,1.7418238
2000-06-29,-2.355133566706761e-28,1396.605380742335,3.4896990854900003,1.1920928955078125e-07,1.1920929e-07,5.6,5.6,14.783998,21.585,17.43,25.74,262.84,1989.0,0.2428062927941709,1.815944
2000-06-30,-1.5300034410479557e-28,1397.7904354913703,3.096239247216976,1.1920928955078125e-07,1.1920929e-07,4.63,4.63,14.783998,19.52,12.83,26.21,366.73,1468.16,0.251551393843967,1.6028485
2000-07-01,-6.405527210478636e-29,1396.2041919661574,3.3333061288941934,1.1920928955078125e-07,1.1920929e-07,1.1920929e-07,0.0,14.783998,20.8,14.25,27.35,480.48,1619.74,0.23991514296223135,0.8245868
2000-07-02,-4.3099195085566646e-30,1392.722350408447,3.3632757695164557,1.1920928955078125e-07,1.1920929e-07,1.1920929e-07,0.0,14.781217,21.0,13.46,28.54,510.56,1553.47,0.21622608125545428,0.6485514
2000-07-03,9.94302223479582e-30,1388.756362697371,3.731844261287206,1.1920928955078125e-07,1.1920929e-07,1.1920929e-07,0.0,14.689652,22.96,16.6,29.32,463.54,1887.7,0.19207926960894425,0.5929613
2000-07-04,4.896014995195845e-30,1385.2174648055998,4.10303313402479,1.1920928955078125e-07,1.1920929e-07,4.19,4.19,14.688,24.675,20.09,29.26,275.74,2338.36,0.17281882742110913,0.5929613
2000-07-05,1.0877941498062559e-30,1381.960297246622,3.9220631424476533,1.1920928955078125e-07,1.1920929e-07,1.1920929e-07,0.0,14.688,23.92,18.95,28.89,392.56,2192.24,0.1568031755942556,0.5559012
2000-07-06,-5.738002141480135e-31,1378.7096148794965,3.423603931892454,1.1920928955078125e-07,1.1920929e-07,1.1920929e-07,0.0,14.688,21.59,15.05,28.13,472.43,1723.92,0.14229929485810056,0.48178104
2000-07-07,-2.4288991415721494e-31,1375.5513799486523,3.3008608491705225,1.1920928955078125e-07,1.1920929e-07,0.7,0.7,14.688,21.0,15.73,26.27,416.9,1778.38,0.12949393331392273,0.44472098
2000-07-08,3.4008262692078787e-31,1372.936722828231,2.7647729432972845,1.1920928955078125e-07,1.1920929e-07,1.1920929e-07,0.0,14.688,18.02,10.5,25.54,517.74,1279.88,0.11976909154632928,0.4076609
2000-07-09,9.737770869461318e-31,1370.6526504711371,3.266071286802223,1.1920928955078125e-07,1.1920929e-07,1.1920929e-07,0.0,14.636108,20.94,13.62,28.26,499.65,1569.88,0.11187339881621007,0.38913086
2000-07-10,1.5039172663677744e-30,1368.4684023249006,3.9974659598722604,1.1920928955078125e-07,1.1920929e-07,6.67,6.67,14.592003,24.545,18.55,30.54,325.81,2137.71,0.10481015078772926,0.48178104
2000-07-11,1.7762269656346728e-30,1366.1532178370503,3.82568499893775,1.1920928955078125e-07,1.1920929e-07,1.02,1.02,14.592003,23.8,19.12,28.48,373.18,2217.74,0.09780971355938058,0.48178104
2000-07-12,1.6364299851957838e-30,1363.476336455116,3.2476672125032726,1.1920928955078125e-07,1.1920929e-07,1.1920929e-07,0.0,14.592003,20.985,14.63,27.34,468.85,1660.17,0.09029640256049284,0.4169259
2000-07-13,1.0548563072792037e-30,1360.3050826255362,3.126946129644308,1.1920928955078125e-07,1.1920929e-07,0.37,0.37,14.592003,20.375,14.26,26.49,456.41,1620.49,0.08213879071131212,0.42619094
2000-07-14,6.208874835963189e-31,1360.4555958085975,3.3211106584952264,1.1920928955078125e-07,1.1920929e-07,7.86,7.86,14.540109,21.47,16.0,26.94,315.37,1800.59,0.08250875474279948,0.8338518
2000-07-15,3.738474026831699e-31,1376.5161684236468,3.3491523076904786,1.1920928955078125e-07,1.1920929e-07,27.2,27.2,14.495997,21.465,16.53,26.4,292.15,1880.75,0.13327846595874437,1.0654774
2000-07-16,2.2543482440593434e-31,1392.0429771086228,3.251995264952595,1.1920928955078125e-07,1.1920929e-07,9.95,9.95,14.495997,20.765,15.56,25.97,305.1,1765.11,0.21188418285436478,0.8245868
2000-07-17,1.3547396039183885e-31,1394.452516852114,3.4332818143240407,1.1920928955078125e-07,1.1920929e-07,2.73,2.73,14.495997,21.67,15.9,27.44,373.33,1795.71,0.22768971627733883,0.58369625
2000-07-18,8.061961025713278e-32,1391.5546758559728,3.7822996026668623,1.1920928955078125e-07,1.1920929e-07,0.1,0.1,14.4441,23.455,17.98,28.93,402.36,2077.08,0.20881738809570313,0.5003111
2000-07-19,4.765429717628414e-32,1397.0962328091632,3.443774174245047,1.1920928955078125e-07,1.1920929e-07,14.65,14.65,14.399997,21.805,15.78,27.83,328.23,1785.85,0.24639103026523113,1.361958
2000-07-20,2.8360199143680904e-32,1405.6670221982858,2.931712233140286,1.1920928955078125e-07,1.1920929e-07,8.91,8.91,14.399997,18.945,14.96,22.93,251.81,1711.23,0.3182465158682798,1.4916682
2000-07-21,1.683160969999758e-32,1405.8826550695449,3.0790734078885613,1.1920928955078125e-07,1.1920929e-07,1.1920929e-07,0.0,14.399997,19.775,13.69,25.86,451.68,1575.4,0.3203021123943013,0.75973165
2000-07-22,9.751059634574358e-33,1402.3151788160324,3.1565677021226044,1.1920928955078125e-07,1.1920929e-07,0.3,0.3,14.305658,20.355,14.16,26.55,450.86,1613.17,0.2879385287533787,0.6114913
2000-07-23,5.109211737398881e-33,1398.9232036096605,3.0273644370641297,1.1920928955078125e-07,1.1920929e-07,1.1920929e-07,0.0,14.304006,19.685,13.4,25.97,457.33,1544.21,0.2602049230718336,0.54663616
2000-07-24,2.886960506527972e-33,1396.529091541594,3.113001845451939,1.1920928955078125e-07,1.1920929e-07,2.1,2.1,14.304006,20.19,16.44,23.94,280.04,1871.02,0.2422538479829746,0.53737116
2000-07-25,1.3651383089153322e-33,1395.6646202399038,3.017951817152734,1.1920928955078125e-07,1.1920929e-07,2.67,2.67,14.301225,19.675,15.33,24.02,298.58,1746.33,0.236080953094499,0.57443124
2000-07-26,4.425840570872974e-34,1396.7624370885678,3.041423578075967,1.1920928955078125e-07,1.1920929e-07,6.25,6.25,14.208003,19.905,15.96,23.85,249.42,1797.14,0.24394757893062285,0.52810615
2000-07-27,2.094058792199494e-34,1399.6827868210491,3.0846136740925654,1.1920928955078125e-07,1.1920929e-07,6.3,6.3,14.208003,20.11,17.18,23.04,193.01,1949.35,0.26617370098596543,0.8338518
2000-07-28,9.782227002181399e-35,1402.3804949369724,3.3163095994836835,1.1920928955078125e-07,1.1920929e-07,1.1920929e-07,0.0,14.208003,21.32,15.72,26.92,424.78,1777.88,0.2885006165359112,0.6670815
2000-07-29,3.1360808493044596e-35,1406.0878399592102,3.462892236169142,1.1920928955078125e-07,1.1920929e-07,16.24,16.24,14.111998,22.14,17.05,27.23,294.61,1932.95,0.3222704365316578,1.1766576
2000-07-30,1.4977009471342681e-35,1411.8413098544418,3.844270943176294,1.1920928955078125e-07,1.1920929e-07,1.25,1.25,14.111998,23.895,19.59,28.2,337.99,2287.49,0.3826719326988078,0.76899666
2000-07-31,5.725429673742645e-36,1417.1241037307952,4.155175080286762,1.1920928955078125e-07,1.1920929e-07,5.44,5.44,14.111998,25.205,20.63,29.78,265.57,2420.76,0.44805303434123145,1.815944
2000-08-01,-4.867734335956169e-37,1420.3351777611397,4.1654173157186705,1.1920928955078125e-07,1.1920929e-07,8.35,8.35,14.015994,25.33,21.0,29.66,256.96,2479.26,0.49313737737169927,1.2322477
2000-08-02,-1.8145948857589427e-36,1420.1684100995012,4.0402359674047394,1.1920928955078125e-07,1.1920929e-07,2.15,2.15,14.015994,24.79,20.0,29.58,344.41,2320.0,0.4906879792143609,0.7782617
2000-08-03,-8.437440090191337e-37,1417.9586980558795,4.013851704279001,1.1920928955078125e-07,1.1920929e-07,0.03,0.03,14.013214,24.705,20.75,28.66,323.3,2439.8,0.4593584796480324,0.6763465
2000-08-04,-2.9206270597156567e-38,1415.4129378360767,3.65608225890198,1.1920928955078125e-07,1.1920929e-07,3.58,3.58,13.920003,23.21,18.36,28.06,288.75,2108.59,0.4257360902578411,0.6763465
2000-08-05,4.1722798565470076e-37,1413.0587270997285,3.2548923582074294,1.1920928955078125e-07,1.1920929e-07,1.1920929e-07,0.0,13.920003,21.22,15.54,26.9,436.79,1762.85,0.39683781461319145,0.58369625
2000-08-06,3.290558207603039e-37,1411.267027711456,2.9498566701957527,1.1920928955078125e-07,1.1920929e-07,3.34,3.34,13.824,19.675,14.15,25.2,401.98,1612.19,0.37616622916849246,0.58369625
2000-08-07,4.79457095428219e-38,1408.8799944149475,3.9755704163829044,1.1920928955078125e-07,1.1920929e-07,8.2,8.2,13.824,24.89,19.95,29.83,288.13,2324.7,0.3502892182538072,0.74120164
2000-08-08,-2.4378402040832063e-37,1405.736490801771,4.288143694434281,1.1920928955078125e-07,1.1920929e-07,1.1920929e-07,0.0,13.824,26.28,21.27,31.29,382.53,2523.64,0.3189073053752767,0.56516623
2000-08-09,-4.652428393344012e-37,1402.0722889233891,4.208347489592988,1.1920928955078125e-07,1.1920929e-07,2.19,2.19,13.727997,26.115,21.75,30.48,328.59,2599.3,0.2858578941875736,0.57443124
2000-08-10,-5.355402174766975e-37,1398.1231608312642,3.9388458259892203,1.1920928955078125e-07,1.1920929e-07,1.1920929e-07,0.0,13.727997,24.985,19.88,30.09,395.01,2310.24,0.25406288741622174,0.51884115
2000-08-11,-3.7411082075114537e-37,1394.1215965279396,3.6839970184662185,1.1920928955078125e-07,1.1920929e-07,1.1920929e-07,0.0,13.6761,23.92,18.41,29.43,419.95,2116.0,0.2254510801676634,0.46325102
2000-08-12,3.695362221574154e-38,1390.1926810088569,3.227171420907248,1.1920928955078125e-07,1.1920929e-07,1.1920929e-07,0.0,13.632,21.715,16.13,27.3,433.67,1822.53,0.20049588310380398,0.43545595
2000-08-13,5.840079559507971e-37,1386.3840044207827,2.997291047284416,1.1920928955078125e-07,1.1920929e-07,4.08,4.08,13.632,20.49,15.89,25.09,290.7,1791.56,0.17894425314745824,0.44472098
2000-08-14,1.1371086853461643e-36,1382.750749772565,2.964919269552145,1.1920928955078125e-07,1.1920929e-07,0.5,0.5,13.535997,20.47,15.83,25.11,389.97,1786.75,0.16054795392059457,0.44472098
2000-08-15,1.5663123152939872e-36,1379.348100073052,3.2321966123663373,1.1920928955078125e-07,1.1920929e-07,0.14,0.14,13.535997,22.0,15.9,28.1,450.2,1792.36,0.14503809443695673,0.42619094
2000-08-16,1.7416753506864078e-36,1376.2312383310912,3.6388218156785235,1.1920928955078125e-07,1.1920929e-07,1.1920929e-07,0.0,13.44165,24.235,19.08,29.39,398.52,2213.36,0.13214941725476909,0.38913086
2000-08-17,1.5332542964155693e-36,1373.4553475555308,2.8398148730868695,1.1920928955078125e-07,1.1920929e-07,1.1920929e-07,0.0,13.439995,19.97,13.14,26.8,479.94,1502.81,0.12163816034126619,0.36133578
2000-08-18,8.919820566124527e-37,1371.0553766689222,2.6265952073202916,1.1920928955078125e-07,1.1920929e-07,1.47,1.47,13.439995,18.675,15.4,21.95,300.08,1752.22,0.11322675111969496,0.36133578
2000-08-19,1.543978111679312e-37,1368.9067238152998,2.5051594664595447,1.1920928955078125e-07,1.1920929e-07,2.0,2.0,13.343997,18.025,12.96,23.09,417.12,1477.08,0.10619085779769735,0.39839587
2000-08-20,-4.612286064105436e-37,1366.8340677434942,2.4872523289662016,1.1920928955078125e-07,1.1920929e-07,1.1920929e-07,0.0,13.343997,17.93,11.72,24.14,465.3,1377.84,0.09981841605775268,0.36133578
2000-08-21,-7.631870047712192e-37,1364.6648677340822,2.24459666532765,1.1920928955078125e-07,1.1920929e-07,1.1920929e-07,0.0,13.248009,16.365,8.65,24.08,509.0,1132.19,0.09355829935775602,0.34280574
2000-08-22,-5.809737387521473e-37,1362.2554085095485,2.51064014559323,1.1920928955078125e-07,1.1920929e-07,1.1920929e-07,0.0,13.248009,18.265,10.79,25.74,494.9,1303.41,0.08706397368851751,0.3242757
2000-08-23,-2.0298662732697197e-37,1359.9675890131236,2.8370410410516893,1.1920928955078125e-07,1.1920929e-07,1.1920929e-07,0.0,13.196108,20.435,15.15,25.72,407.14,1730.74,0.08131524452122206,0.3150107
2000-08-24,1.450269035273363e-37,1357.7965006176669,3.0656761084616337,1.1920928955078125e-07,1.1920929e-07,1.88,1.88,13.152,21.855,17.39,26.32,356.39,1982.96,0.0762112579317245,0.33354074
2000-08-25,3.6456892793251277e-37,1355.5254542540426,2.9398424251232025,1.1920928955078125e-07,1.1920929e-07,1.1920929e-07,0.0,13.152,21.16,14.9,27.42,439.68,1703.61,0.07121477677174295,0.34280574
2000-08-26,3.5714152001029265e-37,1352.9377608531156,2.7899643719589164,1.1920928955078125e-07,1.1920929e-07,1.1920929e-07,0.0,13.056,20.42,12.71,28.13,478.06,1456.66,0.06591968037586238,0.3150107
2000-08-27,1.551609121248254e-37,1351.065438455742,2.981322208096213,1.1920928955078125e-07,1.1920929e-07,1.1920929e-07,0.0,13.056,21.585,16.02,27.15,400.9,1804.5,0.06233563617239989,0.30574566
2000-08-28,-7.380439446568583e-38,1351.0175631659974,3.048619245269091,1.1920928955078125e-07,1.1920929e-07,17.41,17.41,12.96,22.1,17.78,26.42,249.79,2045.49,0.06224659356391093,0.80605674
2000-08-29,-2.6689576393504204e-37,1352.1843755241348,2.9876546549182588,1.1920928955078125e-07,1.1920929e-07,0.7,0.7,12.96,21.735,18.0,25.47,282.35,2079.98,0.06445339938486425,0.43545595
2000-08-30,-3.6169944955435037e-37,1353.9506927219772,3.1237632052184727,1.1920928955078125e-07,1.1920929e-07,2.01,2.01,12.864003,22.615,19.26,25.97,255.63,2241.97,0.06794381657518331,0.4076609
2000-08-31,-2.9611018367688846e-37,1355.701232768813,3.3430363126574605,1.1920928955078125e-07,1.1920929e-07,5.23,5.23,12.864003,23.78,20.49,27.07,194.44,2399.01,0.07158952234290598,0.39839587
2000-09-01,-1.1484435616827399e-37,1356.8880096014027,3.669987740320157,1.1920928955078125e-07,1.1920929e-07,21.63,21.63,12.861222,25.42,21.93,28.91,200.66,2628.04,0.074171760145034,0.6485514
2000-09-02,7.897775212104818e-38,1357.3029279201796,3.6088543550527676,1.1920928955078125e-07,1.1920929e-07,9.51,9.51,12.768005,25.245,21.45,29.04,215.05,2552.61,0.07509636156521492,0.5929613
2000-09-03,2.322171512264636e-37,1356.8327458843175,3.51536011701636,1.1920928955078125e-07,1.1920929e-07,0.86,0.86,12.768005,24.785,21.04,28.53,274.77,2485.85,0.07404947298777159,0.71340656
2000-09-04,2.917348511833583e-37,1355.3642216529906,3.4236938078556505,1.1920928955078125e-07,1.1920929e-07,1.1920929e-07,0.0,12.672003,24.47,19.75,29.19,343.66,2300.04,0.07087276704181929,1.2137177
2000-09-05,2.104444114437501e-37,1352.8542633207937,2.5184118442940284,1.1920928955078125e-07,1.1920929e-07,1.1920929e-07,0.0,12.672003,19.185,11.46,26.91,467.43,1357.03,0.06575554283892289,0.47251603
2000-09-06,6.560130952832756e-38,1350.3816297341014,1.8181886898856636,1.1920928955078125e-07,1.1920929e-07,1.1920929e-07,0.0,12.576006,13.935,7.07,20.8,459.03,1005.32,0.06107582493841677,0.37986583
2000-09-07,-7.323472475103379e-38,1348.1936838778745,1.912404001320973,1.1920928955078125e-07,1.1920929e-07,1.1920929e-07,0.0,12.576006,14.785,7.57,22.0,461.75,1045.59,0.057213419613467036,0.36133578
2000-09-08,-1.6676034730616694e-37,1346.0882123346892,2.172160428295646,1.1920928955078125e-07,1.1920929e-07,1.1920929e-07,0.0,12.479998,17.04,9.99,24.09,445.74,1239.19,0.05372741278278326,0.33354074
2000-09-09,-1.7567221404890477e-37,1343.8630016871207,2.8675676004897372,1.1920928955078125e-07,1.1920929e-07,0.63,0.63,12.479998,21.785,15.68,27.89,395.44,1774.51,0.05027374916309686,0.33354074
2000-09-10,-1.0432386600432394e-37,1341.0090581245806,3.0145412631343937,1.1920928955078125e-07,1.1920929e-07,1.1920929e-07,0.0,12.383997,22.825,16.4,29.25,398.97,1864.55,0.046167221939051505,0.33354074
2000-09-11,-4.720977400126624e-38,1337.6422207489354,3.0061109745642187,1.1920928955078125e-07,1.1920929e-07,1.1920929e-07,0.0,12.383997,22.82,18.02,27.62,329.91,2081.96,0.04175182237382653,0.3150107
2000-09-12,-1.7708627579158877e-38,1335.6495058012583,3.1282702612203823,1.1920928955078125e-07,1.1920929e-07,2.46,2.46,12.287997,23.68,20.36,27.0,199.34,2377.36,0.03934011185048398,0.34280574
2000-09-13,-1.0359548847669431e-38,1338.734060242791,2.990378304885991,1.1920928955078125e-07,1.1920929e-07,8.62,8.62,12.287997,22.85,18.5,27.2,228.25,2120.0,0.04313536620540151,0.6578164
2000-09-14,-6.095298032053304e-39,1341.0941607400507,2.2925337849973237,1.1920928955078125e-07,1.1920929e-07,1.1920929e-07,0.0,12.287997,18.265,10.66,25.87,440.45,1292.95,0.04628468166002243,0.453986
2000-09-15,-3.670347996268504e-39,1351.3889765350996,2.3401873561952224,1.1920928955078125e-07,1.1920929e-07,21.98,21.98,12.191998,18.615,13.43,23.8,266.72,1549.13,0.06294072843702114,3.2612872
2000-09-16,-2.210996351936874e-39,1358.565284118422,1.779365230645537,1.1920928955078125e-07,1.1920929e-07,1.1920929e-07,0.0,12.191998,13.99,8.17,19.81,395.21,1093.89,0.07798086814232125,0.72267157
2000-09-17,-1.3295236597288306e-39,1356.8389968208012,1.6964284707469812,1.1920928955078125e-07,1.1920929e-07,1.1920929e-07,0.0,12.096,13.365,6.34,20.39,429.99,947.15,0.07406329489634439,0.53737116
2000-09-18,-7.975480416789913e-40,1355.451025097278,2.012351862345726,1.1920928955078125e-07,1.1920929e-07,1.1920929e-07,0.0,12.096,16.175,8.85,23.5,425.71,1147.75,0.07105669158848361,0.453986
2000-09-19,-4.703898222193794e-40,1363.688338373601,2.109583968080118,1.1920928955078125e-07,1.1920929e-07,22.28,22.28,12.000003,16.99,12.43,21.55,237.29,1434.08,0.09086978702809077,2.807301
2000-09-20,-2.828567888417871e-40,1387.6312581884067,2.3289094731358775,1.1920928955078125e-07,1.1920929e-07,25.37,25.37,12.000003,18.355,11.55,25.16,301.56,1363.62,0.18573386225363167,4.456475
2000-09-21,-1.7033685282267858e-40,1397.4291738867635,2.6007076119608823,1.1920928955078125e-07,1.1920929e-07,1.1920929e-07,0.0,11.903997,20.245,14.29,26.2,366.62,1630.26,0.24885260565306105,0.97282714
2000-09-22,-1.0258090665366257e-40,1393.898361277689,1.982440656865489,1.1920928955078125e-07,1.1920929e-07,1.1920929e-07,0.0,11.903997,15.73,8.73,22.73,409.85,1138.19,0.22395336591197976,0.70414156
2000-09-23,-6.166650263374474e-41,1395.5093768974757,2.0224948622940686,1.1920928955078125e-07,1.1920929e-07,7.53,7.53,11.808,16.175,11.16,21.19,250.72,1332.82,0.23498919047696354,0.6300214
2000-09-24,-3.5510610339505983e-41,1397.8112574531483,2.6499003928057023,1.1920928955078125e-07,1.1920929e-07,5.04,5.04,11.808,20.7,17.0,24.4,199.8,1920.0,0.25170783240397687,0.6114913
2000-09-25,-2.061490025276114e-41,1402.6405409113709,1.9249190007466215,1.1920928955078125e-07,1.1920929e-07,10.05,10.05,11.711997,15.41,10.09,20.73,262.21,1247.56,0.2907493833774399,0.8709119
2000-09-26,-1.241496015715979e-41,1423.524827301528,1.3782216089647557,1.1920928955078125e-07,1.1920929e-07,32.98,32.98,11.711997,9.805,7.04,12.57,162.24,1002.95,0.5424111453719987,4.4008846
2000-09-27,-7.474708731306043e-42,1440.3759018477906,1.5523561253623004,1.1920928955078125e-07,1.1920929e-07,6.92,6.92,11.711997,11.5,5.0,18.0,316.58,879.99,0.8970964115336756,1.6677036
2000-09-28,-4.392513723648613e-42,1441.2982354998344,1.7639726558251536,1.1920928955078125e-07,1.1920929e-07,1.1920929e-07,0.0,11.616,13.675,6.86,20.49,394.98,988.47,0.9221448898974415,1.1118025
2000-09-29,-2.4899529266152197e-42,1438.7144978692793,1.459478545192757,1.1920928955078125e-07,1.1920929e-07,1.1920929e-07,0.0,11.616,10.67,3.16,18.18,411.59,773.17,0.8536806442888112,0.917237
2000-09-30,-1.504209883241411e-42,1436.393562983001,1.5174350969255943,1.1920928955078125e-07,1.1920929e-07,1.1920929e-07,0.0,11.520008,11.445,3.91,18.98,404.0,804.04,0.7965251803854857,0.80605674
