date,s_snow,s_water,et_bucket,m_bucket,ps_bucket,pr_bucket,prcp(mm/day),dayl(s),tmean(c),tmin(c),tmax(c),srad(w/m2),vp(pa),q_bucket,obs_runoff(mm/day)
1980-10-01,4.078938157544373e-37,868.1586025914455,1.6478672524577176,1.1920928955078125e-07,1.1920929e-07,23.06,23.06,11.520002,16.25,13.21,19.29,149.79,1523.39,0.026354957204134753,0.6820666
1980-10-02,2.470468864962903e-37,875.1857281658386,1.7758687014720032,1.1920928955078125e-07,1.1920929e-07,1.1920929e-07,0.0,11.520002,17.36,11.49,23.23,343.32,1359.16,0.030584681920677034,0.42731884
1980-10-03,1.4897869904377568e-37,875.4305881249148,1.6718613347091682,1.1920928955078125e-07,1.1920929e-07,3.58,3.58,11.424,16.49,10.32,22.66,287.01,1265.47,0.03074371917625389,0.34514216
1980-10-04,8.780745944381749e-38,875.2070088718064,1.1809568278990215,1.1920928955078125e-07,1.1920929e-07,1.1920929e-07,0.0,11.424,10.86,4.44,17.28,374.32,846.29,0.03059847109650542,0.29583612
1980-10-05,5.233979852540361e-38,874.7842470800357,1.087233634034744,1.1920928955078125e-07,1.1920929e-07,2.11,2.11,11.340561,9.68,5.39,13.97,263.19,897.78,0.03032569716191327,0.31227148
1980-10-06,3.149743933119805e-38,882.9224600302654,1.0215520050277331,1.1920928955078125e-07,1.1920929e-07,16.52,16.52,11.328006,8.58,3.94,13.22,225.82,811.64,0.036030741593635104,0.5423662
1980-10-07,1.8932573714063614e-38,889.1227453563171,1.1322996943451724,1.1920928955078125e-07,1.1920929e-07,1.1920929e-07,0.0,11.328006,10.08,1.65,18.51,421.83,693.09,0.04108741828825931,0.4437542
1980-10-08,1.1049037590700086e-38,887.8611201585501,1.3206139526960075,1.1920928955078125e-07,1.1920929e-07,1.1920929e-07,0.0,11.232,12.685,3.37,22.0,426.93,790.17,0.040003990949167734,0.36157748
1980-10-09,6.255533252177825e-39,886.3302008272445,1.6707608980338786,1.1920928955078125e-07,1.1920929e-07,1.1920929e-07,0.0,11.232,16.555,7.87,25.24,404.67,1069.92,0.03872760000724927,0.3287068
1980-10-10,1.05535883210956e-39,884.7279099554273,1.7255458679166082,1.1920928955078125e-07,1.1920929e-07,1.1920929e-07,0.0,11.136005,17.265,9.75,24.78,375.31,1220.23,0.03743529932011585,0.32048914
1980-10-11,-7.830229118268737e-39,883.3530269743447,1.7161666734231749,1.1920928955078125e-07,1.1920929e-07,1.1920929e-07,0.0,11.136005,17.2,11.71,22.69,310.58,1376.64,0.036360842094737465,0.32048914
1980-10-12,-1.8327800281680594e-38,882.1390967988297,1.3315383019447666,1.1920928955078125e-07,1.1920929e-07,1.1920929e-07,0.0,11.136005,13.06,5.39,20.73,387.13,893.28,0.03543783161047026,0.31227148
1980-10-13,-2.834319943112395e-38,881.0181113482616,1.0238788428354202,1.1920928955078125e-07,1.1920929e-07,1.1920929e-07,0.0,11.039997,9.05,2.22,15.88,372.51,714.15,0.034606313252223485,0.29583612
1980-10-14,-3.5782271339596727e-38,879.9220625420202,1.0037479264694917,1.1920928955078125e-07,1.1920929e-07,1.1920929e-07,0.0,11.039997,8.76,-0.67,18.19,419.54,588.87,0.033812160217691706,0.28761846
1980-10-15,-3.8550860780096886e-38,878.7829422994845,1.170476621992401,1.1920928955078125e-07,1.1920929e-07,1.1920929e-07,0.0,10.944003,11.335,1.15,21.52,418.57,652.49,0.03300610621943305,0.29583612
1980-10-16,-3.4554812525622367e-38,877.5327425400342,1.3459692620793695,1.1920928955078125e-07,1.1920929e-07,1.1920929e-07,0.0,10.944003,13.6,3.47,23.73,408.88,784.59,0.032143551602408026,0.29583612
1980-10-17,-2.28875598577382e-38,876.0830338220818,1.4647577716303568,1.1920928955078125e-07,1.1920929e-07,1.1920929e-07,0.0,10.944003,15.005,6.04,23.97,384.05,923.45,0.031171533717634498,0.29583612
1980-10-18,-1.3620208015201233e-38,874.4996920187318,1.642174377298964,1.1920928955078125e-07,1.1920929e-07,1.1920929e-07,0.0,10.848,17.07,10.88,23.26,307.27,1310.32,0.030143467361489554,0.30405378
1980-10-19,-8.230468307715332e-39,882.325777917322,1.7011159153516806,1.1920928955078125e-07,1.1920929e-07,17.71,17.71,10.848,17.51,13.05,21.97,178.72,1508.19,0.03557823476730541,0.46018952
1980-10-20,-4.974651353405843e-39,889.0007430854673,1.2358033768123424,1.1920928955078125e-07,1.1920929e-07,1.1920929e-07,0.0,10.752,12.3,4.77,19.83,350.76,862.61,0.04098137915389079,0.46018952
1980-10-21,-2.981853107225106e-39,887.7865493881521,1.155163607676939,1.1920928955078125e-07,1.1920929e-07,1.1920929e-07,0.0,10.752,11.245,3.58,18.91,350.97,788.82,0.03994085460386836,0.35335982
1980-10-22,-1.779827071703722e-39,886.5534608528137,1.2205331129661268,1.1920928955078125e-07,1.1920929e-07,1.1920929e-07,0.0,10.752,12.145,3.26,21.03,368.66,774.91,0.03891117319797422,0.33692446
1980-10-23,-1.0287412553961793e-39,885.2861840509878,1.2181304251302165,1.1920928955078125e-07,1.1920929e-07,1.1920929e-07,0.0,10.655997,12.28,4.2,20.36,348.14,827.09,0.037880596034660284,0.3287068
1980-10-24,-6.186741402261943e-40,883.3891759153945,0.854700126885056,1.1920928955078125e-07,1.1920929e-07,1.1920929e-07,0.0,10.655997,6.765,2.76,10.77,216.7,751.78,0.036388693442409685,0.3287068
1980-10-25,-3.740672860593831e-40,894.3363888519121,0.8815503215158575,1.1920928955078125e-07,1.1920929e-07,21.82,21.82,10.649202,7.06,3.44,10.68,147.03,782.07,0.04588476486487256,0.59167224
1980-10-26,-2.2638745807312904e-40,906.0868533123798,0.8698993023718913,1.1920928955078125e-07,1.1920929e-07,3.74,3.74,10.56,6.785,1.84,11.73,189.54,698.96,0.05885177548279943,0.6820666
1980-10-27,-1.3600704997050604e-40,906.4836659860456,0.81716262926427,1.1920928955078125e-07,1.1920929e-07,1.1920929e-07,0.0,10.56,5.825,-1.68,13.33,334.29,541.84,0.0593485072379584,0.46018952
1980-10-28,-8.10864227669159e-41,906.0023047295011,1.0570194407362032,1.1920928955078125e-07,1.1920929e-07,1.4,1.4,10.463997,9.95,3.41,16.49,299.84,786.01,0.058746475691264094,0.41088352
1980-10-29,-4.701110935247356e-41,905.486534937947,1.1596900055771808,1.1920928955078125e-07,1.1920929e-07,1.1920929e-07,0.0,10.463997,11.425,6.83,16.02,227.57,996.84,0.05810818566935579,0.40266582
1980-10-30,-2.5181763036017385e-41,904.491348336855,0.8846567762846627,1.1920928955078125e-07,1.1920929e-07,2.86,2.86,10.463997,7.21,3.46,10.96,151.65,777.18,0.05689612878004425,0.39444816
1980-10-31,-6.729165211475837e-42,903.5554437386052,0.7957710540465789,1.1920928955078125e-07,1.1920929e-07,1.1920929e-07,0.0,10.367997,5.75,-0.37,11.87,284.17,591.21,0.05577934987426537,0.3862305
1980-11-01,4.3137093387668364e-42,902.6214952451954,1.0174768499604825,1.1920928955078125e-07,1.1920929e-07,1.1920929e-07,0.0,10.367997,9.555,1.96,17.15,314.31,709.46,0.054686757300109495,0.36979514
1980-11-02,4.182819685113165e-42,901.6251393214463,0.9362026998678633,1.1920928955078125e-07,1.1920929e-07,1.1920929e-07,0.0,10.367997,8.275,-1.23,17.78,346.36,558.85,0.05354474051039264,0.35335982
1980-11-03,-3.6632706389144e-42,900.5811287472476,0.8677712381573994,1.1920928955078125e-07,1.1920929e-07,1.1920929e-07,0.0,10.272,7.265,-1.6,16.13,333.91,553.0,0.05237368055670335,0.35335982
1980-11-04,-1.5657545301023048e-41,899.5082030923218,0.9760805539842422,1.1920928955078125e-07,1.1920929e-07,5.05,5.05,10.272,9.105,2.61,15.6,204.12,735.94,0.0511968670537636,0.42731884
1980-11-05,-2.9518880013668976e-41,898.4115840162054,0.9680406982304212,1.1920928955078125e-07,1.1920929e-07,7.34,7.34,10.272,8.995,3.24,14.75,185.57,781.91,0.050021386251297345,0.6409783
1980-11-06,-4.2966150489308385e-41,897.2964931784352,0.7501795366861266,1.1920928955078125e-07,1.1920929e-07,1.1920929e-07,0.0,10.176,5.245,-2.9,13.39,313.6,498.25,0.048853776531786006,0.4437542
1980-11-07,-5.371823244039747e-41,896.1681522385476,0.9605937058466341,1.1920928955078125e-07,1.1920929e-07,1.1920929e-07,0.0,10.176,9.06,-0.26,18.38,326.22,597.17,0.04770003236913801,0.3862305
1980-11-08,-5.949400157939242e-41,895.0317828560792,1.2986995699097839,1.1920928955078125e-07,1.1920929e-07,1.1920929e-07,0.0,10.176,13.88,5.55,22.21,299.82,909.58,0.04656561609526436,0.37801284
1980-11-09,-5.80123336187494e-41,893.8926066905666,1.333052874709621,1.1920928955078125e-07,1.1920929e-07,1.1920929e-07,0.0,10.08,14.48,5.58,23.38,306.07,903.19,0.04545547639011797,0.36979514
1980-11-10,-4.699210427092468e-41,892.7558454015463,1.243802780435472,1.1920928955078125e-07,1.1920929e-07,0.04,0.04,10.08,13.375,6.35,20.4,264.1,950.45,0.04437407245735719,0.36157748
1980-11-11,-2.649122026979657e-41,891.6467320403076,0.8168581502085691,1.1920928955078125e-07,1.1920929e-07,1.1920929e-07,0.0,10.08,6.78,-0.91,14.47,288.17,570.5,0.043343770935510166,0.34514216
1980-11-12,-5.164471667271934e-42,890.6312408921144,0.7066733560289367,1.1920928955078125e-07,1.1920929e-07,1.1920929e-07,0.0,9.996555,4.725,-2.07,11.52,267.69,529.16,0.0424214311440836,0.33692446
1980-11-13,1.1227192447095943e-41,889.7145462156732,0.844170105932557,1.1920928955078125e-07,1.1920929e-07,1.1920929e-07,0.0,9.984,7.465,-2.49,17.42,319.32,507.58,0.04160569257953207,0.3287068
1980-11-14,1.7326339937921595e-41,888.8971442485022,0.9569168901365742,1.1920928955078125e-07,1.1920929e-07,1.1920929e-07,0.0,9.984,9.425,-0.57,19.42,314.97,592.36,0.04089155038092439,0.3287068
1980-11-15,-1.743366474373318e-13,888.2904489066979,1.1026515961001997,1.1920928955078125e-07,1.1920929e-07,1.41,1.41,9.984,11.675,5.87,17.48,224.45,922.8,0.04036943414885195,0.34514216
1980-11-16,-7.651550997577016e-13,889.0723022950451,0.8921419518334928,1.1920928955078125e-07,1.1920929e-07,4.07,4.07,9.888002,8.48,5.07,11.89,112.11,880.64,0.0410435421166527,0.36157748
1980-11-17,-6.677945018484013e-13,892.9136354219386,0.6428865040883741,1.1920928955078125e-07,1.1920929e-07,4.76,4.76,9.888002,3.435,0.33,6.54,105.61,620.46,0.044522626746336384,0.3862305
1980-11-18,5.019964836587123e-12,902.2083558978528,0.610059618459767,1.1920928955078125e-07,1.1920929e-07,13.49,13.49,9.888002,2.505,-0.33,5.34,97.68,597.1,0.05421029303350598,0.5505839
1980-11-19,8.667561581059627e-12,908.7503077404708,0.6190717582156275,1.1920928955078125e-07,1.1920929e-07,1.1920929e-07,0.0,9.881208,2.625,-3.33,8.58,245.28,473.63,0.06226734595542124,0.50127786
1980-11-20,0.008984000995677838,908.133237458249,0.5333415701539137,1.1920928955078125e-07,1.1920929e-07,1.1920929e-07,0.0,9.792,0.585,-7.26,8.43,288.48,349.05,0.06145878953769898,0.41088352
1980-11-21,0.04612594134736785,907.5008581539678,0.5521757534678551,0.02760194782344793,1.1920929e-07,1.1920929e-07,0.0,9.792,1.1,-7.38,9.58,296.46,347.82,0.06064106555493564,0.37801284
1980-11-22,0.02555465658622126,906.8506813691251,0.6668475631046865,0.014401102493425032,1.1920929e-07,1.1920929e-07,0.0,9.792,3.895,-4.67,12.46,293.22,440.0,0.059811670018500816,0.36157748
1980-11-23,0.014006288141314984,906.6682438566966,0.7274812849854468,0.007492784136979967,1.1920929e-07,1.1920929e-07,0.0,9.792,5.205,-0.83,11.24,236.95,582.68,0.05958098910750348,0.36157748
1980-11-24,0.006971992328877859,910.1020445886401,0.7695757025825158,0.003607468655867089,1.1920929e-07,8.65,8.65,9.695997,6.15,2.76,9.54,108.0,746.13,0.06407591460432338,0.45197186
1980-11-25,0.003967631917435331,917.2326094679612,0.7602013065208525,0.0020231660543232324,1.1920929e-07,9.74,9.74,9.695997,5.845,1.76,9.93,127.91,693.4,0.07452259890206248,0.71493727
1980-11-26,0.002190826794977084,919.8796269069313,0.5731219690187771,0.0011072068091705204,1.1920929e-07,1.1920929e-07,0.0,9.695997,1.59,-5.95,9.13,270.92,393.9,0.07882020785442806,0.50949556
1980-11-27,0.001279025435058138,921.6976192602248,0.5851291165827371,0.0006435947929577522,1.1920929e-07,3.67,3.67,9.695997,1.865,-2.89,6.62,159.32,500.47,0.08191455211668802,0.46018952
1980-11-28,0.0007165935357340374,926.4925581204822,0.5968320269309556,0.0003595800780261089,1.1920929e-07,6.36,6.36,9.6892,2.09,-0.31,4.49,80.03,597.23,0.0906711463121012,0.5670192
1980-11-29,0.0004201095649488284,929.532672748862,0.5720333801008741,0.00021044060642115095,1.1920929e-07,1.1920929e-07,0.0,9.600003,1.555,-1.89,5.0,148.9,535.05,0.09670184098331856,0.5259309
1980-11-30,0.00023550797845969405,929.1662672079257,0.6866362602428397,0.00011789264918555383,1.1920929e-07,1.1920929e-07,0.0,9.600003,4.265,-1.14,9.67,215.29,564.53,0.0959542517600171,0.45197186
1980-12-01,0.00013720069560812663,928.1892439833385,0.882367795269164,6.864740787386953e-05,1.1920929e-07,1.1920929e-07,0.0,9.600003,8.1,-0.13,16.33,271.71,606.76,0.0939889306013759,0.4437542
1980-12-02,7.299424056357569e-05,927.137350112194,0.9701706758192612,3.6510440679085035e-05,1.1920929e-07,1.1920929e-07,0.0,9.600003,9.595,0.12,19.07,284.24,611.93,0.09191797912825382,0.41910118
1980-12-03,3.9333378492163424e-05,926.163638655459,0.7660306961292987,1.9670557032690867e-05,1.1920929e-07,1.1920929e-07,0.0,9.600003,5.965,-2.75,14.68,278.12,503.86,0.09004164427138255,0.41088352
1980-12-04,9.12420726539906e-06,925.263955980604,0.5366029759662431,1.1920928955078125e-07,1.1920929e-07,1.1920929e-07,0.0,9.593208,0.7,-7.45,8.85,272.54,343.92,0.0883420246411782,0.40266582
1980-12-05,-2.7070443511869683e-05,924.3325600735321,0.6632414616016574,1.1920928955078125e-07,1.1920929e-07,1.1920929e-07,0.0,9.516553,3.955,-3.95,11.86,264.05,450.72,0.08661628511705677,0.40266582
1980-12-06,-5.965228083855725e-05,923.3443678917678,0.9084866395640918,1.1920928955078125e-07,1.1920929e-07,1.1920929e-07,0.0,9.503997,8.79,1.35,16.23,250.56,674.04,0.08482215393865966,0.39444816
1980-12-07,-7.902301171357823e-05,922.2742963928354,1.1056142505135564,1.1920928955078125e-07,1.1920929e-07,1.1920929e-07,0.0,9.503997,11.905,3.19,20.62,265.57,774.88,0.0829212503555002,0.40266582
1980-12-08,-7.558434313584709e-05,921.0972625342595,1.2159561523746443,1.1920928955078125e-07,1.1920929e-07,1.1920929e-07,0.0,9.503997,13.455,4.56,22.35,264.39,846.66,0.08087949934817319,0.39444816
1980-12-09,-3.748319085400332e-05,919.8302784666774,1.1842184440807961,1.1920928955078125e-07,1.1920929e-07,0.01,0.01,9.503997,13.05,6.44,19.66,226.52,964.89,0.0787378633769396,0.41088352
1980-12-10,4.6954696007697004e-05,918.6426332248014,1.010901043203608,2.3482859862440175e-05,1.1920929e-07,7.33,7.33,9.503997,10.545,5.89,15.2,133.46,930.84,0.0767818593860249,0.46840718
1980-12-11,0.00017009227066723152,917.550520905677,0.6135228433255661,8.51184637675296e-05,1.1920929e-07,1.1920929e-07,0.0,9.503997,2.925,-2.15,8.0,199.32,528.01,0.07502610832967019,0.46840718
1980-12-12,0.0003225513822903537,916.5486311170026,0.5882608983391515,0.00016153577014864983,1.1920929e-07,1.1920929e-07,0.0,9.503997,2.32,-3.49,8.13,222.13,467.75,0.0734507374384096,0.42731884
1980-12-13,0.0004949538800428172,915.6316534664765,0.72639282046597,0.00024808938712952527,1.1920929e-07,1.1920929e-07,0.0,9.503997,5.485,-1.12,12.09,240.22,568.9,0.07203789223021428,0.41910118
1980-12-14,0.0006779216130903754,914.794277561797,0.7000071847641531,0.00034010974642870233,1.1920929e-07,1.1920929e-07,0.0,9.503997,4.94,-2.17,12.05,251.7,527.68,0.0707714478575014,0.41088352
1980-12-15,0.0008620764305987816,914.0311930106626,0.6051880739330233,0.0004328961432234981,1.1920929e-07,1.1920929e-07,0.0,9.497203,2.79,-3.16,8.74,227.06,477.49,0.06963676070823752,0.40266582
1980-12-16,0.0010380401817337897,913.3370894207716,0.5829385366472198,0.0005217138230323875,1.1920929e-07,1.1920929e-07,0.0,9.467175,2.295,-2.01,6.6,178.56,521.93,0.06862045420745842,0.39444816
1980-12-17,0.0011964347156611537,912.7066563998224,0.5383216079057551,0.0005968461333223889,1.1920929e-07,1.1920929e-07,0.0,9.420558,1.21,-3.76,6.18,199.17,464.82,0.0677102338230808,0.39444816
1980-12-18,0.0013278818815466262,912.1345835555131,0.5618422761542423,0.0006683393714094283,1.1920929e-07,1.1920929e-07,0.0,9.420558,1.845,-5.76,9.45,257.76,404.17,0.06689472715426675,0.39444816
1980-12-19,0.0014230035285559613,911.6155604955424,0.6661658490762197,0.0007165640264608729,1.1920929e-07,1.1920929e-07,0.0,9.420558,4.38,-2.64,11.4,243.82,504.57,0.06616334570569345,0.39444816
1980-12-20,0.001472421505854912,911.1442768276085,0.4371335729345033,1.1920928955078125e-07,1.1920929e-07,1.1920929e-07,0.0,9.420558,-1.765,-8.31,4.78,238.59,329.82,0.06550616555389772,0.3862305
1980-12-21,0.0014772946309641543,910.7346636093214,0.2867929870136826,1.1920928955078125e-07,1.1920929e-07,1.1920929e-07,0.0,9.420558,-7.6,-14.71,-0.49,254.85,191.24,0.06494028608126785,0.36979514
1980-12-22,0.0014772946309641543,910.391513750103,0.30210882545807083,1.1920928955078125e-07,1.1920929e-07,1.1920929e-07,0.0,9.420558,-6.89,-13.86,0.08,253.34,200.0,0.06446999027165654,0.41088352
1980-12-23,0.001398607519398923,909.8876213530193,0.4414747132516924,1.1920928955078125e-07,1.1920929e-07,1.1920929e-07,0.0,9.467175,-1.675,-7.86,4.51,233.35,336.96,0.06378555831801302,0.47662488
1980-12-24,0.0010155643404385097,909.1817215150727,0.621283729552358,0.000510360575382451,1.1920929e-07,1.1920929e-07,0.0,9.467175,3.305,-2.81,9.42,226.89,502.51,0.06283894377231065,0.46018952
1980-12-25,0.372384901133141,908.8068240609308,0.36891128393324546,1.1920928955078125e-07,1.02,1.1920929e-07,1.02,9.497203,-4.23,-13.23,4.77,307.32,221.92,0.06234192977666023,0.42731884
1980-12-26,0.9108856278989662,908.4549131258933,0.23816089686407768,1.1920928955078125e-07,1.1920929e-07,1.1920929e-07,0.0,9.503997,-10.165,-17.33,-3.0,280.2,155.18,0.06187896724564903,0.37801284
1980-12-27,0.8090896182501937,908.1278285107719,0.31794348820267504,1.1920928955078125e-07,1.1920929e-07,1.1920929e-07,0.0,9.503997,-6.28,-12.68,0.12,260.31,237.73,0.0614517487327082,0.4355365
1980-12-28,1.3156172435470792,907.6749692767473,0.4734895371450157,1.1920928955078125e-07,1.0119448,0.008055263,1.02,9.503997,-0.695,-5.43,4.04,205.04,406.96,0.06086511549210527,0.47662488
1980-12-29,0.6923773014498773,909.145764398627,0.6609167656534198,0.6916965960053291,1.1920929e-07,1.88,1.88,9.503997,4.17,0.49,7.85,147.14,638.99,0.06279110293322783,0.4930602
1980-12-30,0.2560823034432469,910.8324711317479,0.6988279316409275,0.23772050047293947,1.1920929e-07,2.05,2.05,9.503997,4.98,1.16,8.8,148.27,670.26,0.06507496103024943,0.45197186
1980-12-31,0.10595231224776538,912.3075706370919,0.6811447406046967,0.07868012380492737,1.1920929e-07,1.97,1.97,9.503997,4.57,0.82,8.32,147.71,654.62,0.0671402839015035,0.4437542
1981-01-01,0.05283089522600006,912.6321554069007,0.5276119928288989,0.021400042097028657,1.1920929e-07,1.1920929e-07,0.0,9.503997,0.79,-1.23,2.81,102.8,560.81,0.06760346998354418,0.41088352
1981-01-02,0.038735432142076705,912.05189190213,0.5285469595533202,0.016602245161647464,1.1920929e-07,1.1920929e-07,0.0,9.503997,0.825,-2.03,3.68,142.15,530.14,0.06677766305989352,0.3862305
1981-01-03,0.06272564858049241,911.4404807503164,0.5029538710955554,1.1920928955078125e-07,1.1920929e-07,1.1920929e-07,0.0,9.503997,0.115,-5.3,5.53,238.49,416.59,0.06591844007416386,0.36979514
1981-01-04,0.06307869536276768,910.9317509870509,0.3770085287787866,1.1920928955078125e-07,1.1920929e-07,1.1920929e-07,0.0,9.503997,-3.97,-12.37,4.43,300.92,236.65,0.06521194892480646,0.35335982
1981-01-05,0.0630786953343756,910.5632818762278,0.26136289563937015,1.1920928955078125e-07,1.1920929e-07,1.1920929e-07,0.0,9.563178,-9.045,-15.15,-2.94,265.51,188.85,0.06470497567497849,0.32048914
1981-01-06,0.06302100409041024,910.1992047025503,0.3557418865986671,1.1920928955078125e-07,1.1920929e-07,1.1920929e-07,0.0,9.600003,-4.905,-12.51,2.7,293.32,240.0,0.06420791651418005,0.29583612
1981-01-07,1.103811314947031,909.7397316088686,0.4239466532462295,1.1920928955078125e-07,2.08,1.1920929e-07,2.08,9.600003,-2.445,-8.03,3.14,256.11,326.86,0.06358606386991485,0.28761846
1981-01-08,2.143391646604106,909.2919143660349,0.34199852987115803,1.1920928955078125e-07,1.1920929e-07,1.1920929e-07,0.0,9.600003,-5.435,-11.74,0.87,295.28,250.91,0.06298578217340083,0.28761846
1981-01-09,2.1428425596101115,908.8858437345962,0.33083254736974205,1.1920928955078125e-07,1.1920929e-07,1.1920929e-07,0.0,9.600003,-5.885,-10.36,-1.41,237.82,274.14,0.06244636076716884,0.29583612
1981-01-10,2.1428425596101115,908.473838385473,0.3450553914388507,1.1920928955078125e-07,1.1920929e-07,1.1920929e-07,0.0,9.600003,-5.3,-9.45,-1.15,224.89,296.95,0.06190377699503392,0.30405378
1981-01-11,2.1428425596101115,908.101318426228,0.27300931827586666,1.1920928955078125e-07,1.1920929e-07,1.1920929e-07,0.0,9.6125555,-8.495,-13.41,-3.58,256.9,224.02,0.06141725232594682,0.32048914
1981-01-12,2.1428425596101115,907.791521746907,0.2393213914199829,1.1920928955078125e-07,1.1920929e-07,1.1920929e-07,0.0,9.695997,-10.355,-15.61,-5.1,272.16,189.3,0.06101556007195434,0.33692446
1981-01-13,2.1428425596101115,907.4806138646613,0.2774585396831736,1.1920928955078125e-07,1.1920929e-07,1.1920929e-07,0.0,9.695997,-8.385,-14.37,-2.4,296.08,196.52,0.06061506834884565,0.36979514
1981-01-14,2.1428659664600516,907.0685155954857,0.44727240367303517,1.1920928955078125e-07,1.1920929e-07,1.1920929e-07,0.0,9.695997,-1.785,-7.32,3.75,280.58,354.65,0.060088278042050886,0.3862305
1981-01-15,2.143356779546642,906.564716832209,0.5712227452507308,2.143280381589585,1.1920929e-07,1.1920929e-07,0.0,9.695997,1.755,-3.46,6.97,261.88,471.12,0.059450481511884465,0.39444816
1981-01-16,2.1441542197603494,906.0369877072628,0.47745252415039646,1.1920928955078125e-07,1.1920929e-07,1.1920929e-07,0.0,9.708552,-0.855,-5.74,4.03,253.25,394.75,0.05878964828628686,0.40266582
1981-01-17,2.144819398756797,905.5240371476706,0.39805034357714786,1.1920928955078125e-07,1.1920929e-07,1.1920929e-07,0.0,9.792,-3.545,-8.48,1.39,259.7,320.3,0.058154361753549856,0.41088352
1981-01-18,2.144973017617712,905.0552664027157,0.41921645451942613,1.1920928955078125e-07,1.1920929e-07,1.1920929e-07,0.0,9.792,-2.81,-8.28,2.66,280.72,327.23,0.05757979707613786,0.41910118
1981-01-19,1.5550912519193467,905.0794259221266,0.6087334508541,1.55509097771123,1.1920929e-07,1.1920929e-07,0.0,9.792,2.57,-5.03,10.17,323.02,425.72,0.05760926977949156,0.50127786
1981-01-20,0.5676332237400691,905.3375522892006,0.7109268090851293,0.5656950948964115,1.1920929e-07,1.1920929e-07,0.0,9.792,4.88,-2.26,12.02,302.01,518.01,0.05792510673425178,0.47662488
1981-01-21,0.212030819711691,906.8415348219298,0.6886320083558807,0.1893141377519554,1.1920929e-07,4.26,4.26,9.888002,4.23,0.01,8.45,161.26,608.85,0.059800083539815474,0.5259309
1981-01-22,0.09073761092953816,911.2223866601549,0.6105407004142791,0.06464717676526864,1.1920929e-07,4.79,4.79,9.888002,2.37,-1.59,6.33,154.9,550.44,0.06561463255254611,0.5670192
1981-01-23,0.04515052153599247,912.9719500648148,0.6725027453472265,0.02758683558773267,1.1920929e-07,1.1920929e-07,0.0,9.888002,3.775,-0.77,8.32,232.33,576.41,0.06809178464476313,0.50127786
1981-01-24,0.024263286126555213,912.2402618133043,0.6107543980674643,0.013596230998292153,1.1920929e-07,1.1920929e-07,0.0,9.900558,2.34,-3.22,7.9,270.68,481.49,0.06704463146087217,0.46840718
1981-01-25,0.012883988118254586,911.5589384394336,0.6577981459473754,0.006856413821417038,1.1920929e-07,1.1920929e-07,0.0,9.984,3.325,-5.53,12.18,335.16,408.59,0.06608404206646319,0.41088352
1981-01-26,0.007407019008574894,910.7767023735627,0.7927616576178237,0.003840606655763333,1.1920929e-07,1.1920929e-07,0.0,9.984,6.145,-2.4,14.69,329.48,516.83,0.06499813669020696,0.36157748
1981-01-27,0.004391270757414925,909.8494156080662,0.9194823315326565,0.0022438357806118065,1.1920929e-07,1.1920929e-07,0.0,9.984,8.44,2.59,14.29,275.45,735.98,0.06373396116401621,0.37801284
1981-01-28,0.002619817775592662,908.9431131868906,0.7547429404207715,0.0013270665194136347,1.1920929e-07,1.1920929e-07,0.0,10.08,5.285,-0.31,10.88,274.35,598.07,0.06252215637226466,0.37801284
1981-01-29,0.0015747956180841968,908.1891092046698,0.6330613850221115,0.0007935976340107242,1.1920929e-07,1.1920929e-07,0.0,10.08,2.67,-3.53,8.87,295.74,470.77,0.061531564783334596,0.36979514
1981-01-30,0.007383326274004481,907.658864812438,0.5470424874423744,1.1920928955078125e-07,0.00016852349,0.3098315,0.31,10.08,0.54,-5.83,6.91,304.24,398.2,0.06084435722521725,0.36157748
1981-01-31,0.5129736129018688,907.2067383712283,0.3614455342553434,1.1920928955078125e-07,0.84,1.1920929e-07,0.84,10.169206,-5.435,-13.67,2.8,335.72,208.81,0.06026445767377925,0.3287068
1981-02-01,0.9867566328930459,906.7739028573719,0.40485806345940273,1.1920928955078125e-07,1.1920929e-07,1.1920929e-07,0.0,10.176,-3.865,-11.83,4.1,348.39,240.25,0.059714479711217384,0.46018952
1981-02-02,5.914091555662895,912.1408701519937,0.5567029427138259,1.1920928955078125e-07,0.007495447,21.612507,21.62,10.176,0.585,-6.5,7.67,267.72,369.3,0.06690363528975797,0.93681437
1981-02-03,11.73645028838713,916.6559687405728,0.36624683301209765,1.1920928955078125e-07,0.18,1.1920929e-07,0.18,10.235178,-5.485,-12.39,1.42,358.63,235.23,0.07361792052905917,0.9614674
1981-02-04,11.803670446437263,916.2479108012255,0.31800039439189837,1.1920928955078125e-07,1.1920929e-07,1.1920929e-07,0.0,10.272,-7.455,-12.91,-2.0,320.54,230.62,0.07298437136863158,0.5259309
1981-02-05,11.803118901760051,915.8460107610213,0.35140437646989525,1.1920928955078125e-07,1.1920929e-07,1.1920929e-07,0.0,10.272,-6.09,-12.75,0.57,364.44,230.97,0.07236571263892805,0.47662488
1981-02-06,11.803118901760048,915.3774460090602,0.4462340366602141,1.1920928955078125e-07,1.1920929e-07,1.1920929e-07,0.0,10.331169,-2.845,-9.62,3.93,367.47,294.05,0.07165105254217703,0.41088352
1981-02-07,11.815301450477403,914.7906651788069,0.5641684900654207,1.1920928955078125e-07,1.1920929e-07,1.1920929e-07,0.0,10.367997,0.465,-7.48,8.41,394.25,348.97,0.0707660330168406,0.3862305
1981-02-08,7.73133195733209,918.385625886791,0.6289778824779609,6.624071735082566,1.1920929e-07,0.38,0.38,10.367997,1.995,-4.49,8.48,355.14,439.26,0.07636501589691394,0.36157748
1981-02-09,5.625188468761254,920.0520503446469,0.5269797706717873,1.1920928955078125e-07,1.1920929e-07,1.1920929e-07,0.0,10.457203,-0.725,-8.48,7.03,392.23,319.73,0.07910859612638732,0.34514216
1981-02-10,5.580419928861625,919.2921328209505,0.544202579185671,1.1920928955078125e-07,1.1920929e-07,1.1920929e-07,0.0,10.463997,-0.26,-6.36,5.84,347.03,384.07,0.07784546028350049,0.33692446
1981-02-11,2.9029341166417657,934.3796776814536,0.7617225771290365,2.9029341166410485,1.1920929e-07,25.8,25.8,10.463997,4.445,-2.37,11.26,273.47,518.71,0.10715729369834612,1.1504738
1981-02-12,4.447407265211806,946.4989922726722,0.43323033923892945,1.1920928955078125e-07,2.63,1.1920929e-07,2.63,10.56,-4.035,-15.21,7.14,412.46,189.11,0.13851786917672582,1.1751268
1981-02-13,5.45459579856091,945.9774829800843,0.373824294947471,1.1920928955078125e-07,1.1920929e-07,1.1920929e-07,0.0,10.56,-6.065,-13.23,1.1,386.51,226.5,0.1369961944096158,0.7642433
1981-02-14,5.45479478597519,945.383843216427,0.5492937284787541,1.1920928955078125e-07,1.1920929e-07,1.1920929e-07,0.0,10.56,-0.66,-9.2,7.88,417.04,302.63,0.13528438911392043,0.6574136
1981-02-15,3.2744754114713817,946.7983184062572,0.7074236853847907,3.274475411471362,1.1920929e-07,1.1920929e-07,0.0,10.655997,2.875,-6.49,12.24,428.89,361.03,0.13939887407779264,0.5752369
1981-02-16,1.1964648442780914,947.976266136375,0.8130557080068342,1.1964572284631716,1.1920929e-07,1.1920929e-07,0.0,10.655997,4.935,-4.43,14.3,425.93,440.0,0.14292067558270177,0.5423662
1981-02-17,0.4360728892434298,947.6806133041911,0.987348504473892,0.43057484589353096,1.1920929e-07,0.01,0.01,10.668552,7.885,0.74,15.03,369.69,639.79,0.14202846287619564,0.5259309
1981-02-18,0.1670415656427776,948.1037552068921,1.2422134544298842,0.14058739853326868,1.1920929e-07,3.1,3.1,10.752,11.355,5.3,17.41,296.01,903.69,0.14330713594110786,0.5259309
1981-02-19,0.07478369602473091,950.0675597067178,1.3132944946722673,0.05075623301588525,1.1920929e-07,3.43,3.43,10.752,12.21,7.4,17.02,240.36,1031.64,0.1493938121526903,0.5259309
1981-02-20,0.0377490496359025,956.0864077259187,1.1055179713896675,0.022395291812015744,1.1920929e-07,9.93,9.93,10.848,9.245,6.23,12.26,134.75,947.86,0.16970679932944896,0.72315496
1981-02-21,0.02041414855435269,959.7641371307793,1.13886099624941,0.01124531481762515,1.1920929e-07,1.1920929e-07,0.0,10.848,9.65,6.3,13.0,191.7,953.88,0.1834552807655138,0.6820666
1981-02-22,0.011308118497661819,957.92981192307,1.1337876191719451,0.0059734028845396595,1.1920929e-07,1.1920929e-07,0.0,10.848,9.61,4.55,14.67,277.42,852.66,0.17646414991926201,0.59167224
1981-02-23,0.00647079935285128,958.97862980484,1.1888900990387046,0.0033400412773519563,1.1920929e-07,4.26,4.26,10.944003,10.2,6.11,14.29,174.13,939.56,0.18042820701884918,0.59167224
1981-02-24,0.003632008767548725,961.9610012412127,0.891922216536441,0.0018489794781516714,1.1920929e-07,5.22,5.22,10.944003,5.71,0.38,11.04,222.87,622.38,0.19219358897853747,0.6491959
1981-02-25,0.001310798616444714,962.3887185854841,0.8971824151909533,0.0006596947292516965,1.1920929e-07,1.1920929e-07,0.0,11.039997,5.66,-0.76,12.08,345.16,582.62,0.19394269014699253,0.5752369
1981-02-26,-0.0001718000884217358,961.2294335926682,0.9701572745454374,1.1920928955078125e-07,1.1920929e-07,1.1920929e-07,0.0,11.039997,6.87,-0.92,14.66,381.26,566.73,0.18923841291278048,0.5259309
1981-02-27,-0.0003803409485329827,959.9251723166423,0.9342839342523155,1.1920928955078125e-07,1.1920929e-07,1.1920929e-07,0.0,11.039997,6.315,-3.87,16.5,428.31,463.4,0.18408209998630112,0.50949556
1981-02-28,-0.00018833969507569984,958.5360037595043,1.1791936599716673,1.1920928955078125e-07,1.1920929e-07,1.1920929e-07,0.0,11.136005,9.805,-0.54,20.15,426.21,597.2,0.17874453464668208,0.4930602
1981-03-01,-5.564898322705055e-05,957.0363756386251,1.3405148873815353,1.1920928955078125e-07,1.1920929e-07,1.1920929e-07,0.0,11.136005,11.86,4.23,19.49,368.99,819.47,0.1731561333409322,0.47662488
1981-03-02,-1.1128977094123867e-05,955.7294658248177,0.9753118173464851,1.1920928955078125e-07,1.1920929e-07,1.1920929e-07,0.0,11.232,6.775,1.54,12.01,297.44,688.91,0.16842857669251413,0.46840718
1981-03-03,-5.3085683236997185e-06,955.2068648143294,0.8089437575893237,1.1920928955078125e-07,1.1920929e-07,1.1920929e-07,0.0,11.232,3.955,-1.55,9.46,318.29,546.01,0.1665744688227077,0.45197186
1981-03-04,-6.763014159944789e-07,956.4468400147407,0.6993145596430466,1.1920928955078125e-07,1.1920929e-07,1.1920929e-07,0.0,11.232,1.78,-4.9,8.46,369.29,431.14,0.17100736474177752,0.4437542
1981-03-05,1.601463383043998e-06,960.427770239291,0.8162088801670342,8.00738103234417e-07,1.1920929e-07,12.82,12.82,11.328006,3.88,-0.88,8.64,216.45,571.39,0.18605223683945427,0.6327606
1981-03-06,1.1590623998998015e-06,965.7372292107026,0.8328905373947312,5.795345585140178e-07,1.1920929e-07,1.1920929e-07,0.0,11.328006,4.1,-1.05,9.25,312.89,567.72,0.20819770960581307,0.60810757
1981-03-07,6.417494748558411e-07,965.6098223258072,0.7299180601064292,3.2087496375507507e-07,1.1920929e-07,1.1920929e-07,0.0,11.424,2.02,-2.29,6.33,275.52,521.74,0.207636618475291,0.5259309
1981-03-08,3.7291839637494065e-07,964.4685876720072,0.6931426581152276,1.8569480149553284e-07,1.1920929e-07,1.1920929e-07,0.0,11.424,1.28,-4.96,7.52,370.48,423.83,0.20267765555483164,0.47662488
1981-03-09,2.1216431166996837e-07,963.5521391790917,0.7260301318895773,1.1920928955078125e-07,1.1920929e-07,1.1920929e-07,0.0,11.520002,1.85,-5.5,9.2,410.96,413.26,0.1987813228742848,0.46840718
1981-03-10,1.2100070443898025e-07,962.6195077683154,0.7400370148374932,1.1920928955078125e-07,1.1920929e-07,1.1920929e-07,0.0,11.520002,2.145,-5.47,9.76,419.43,416.79,0.19489307876110548,0.45197186
1981-03-11,4.1791590493289426e-08,961.6087905118081,0.8316199513843544,1.1920928955078125e-07,1.1920929e-07,1.1920929e-07,0.0,11.520002,3.89,-2.59,10.37,384.63,505.25,0.19076511300080393,0.4437542
1981-03-12,-2.080738335822365e-08,960.5084805658685,0.9471306565471083,1.1920928955078125e-07,1.1920929e-07,1.1920929e-07,0.0,11.615997,5.74,-0.97,12.45,392.92,575.52,0.18637057280096403,0.42731884
1981-03-13,-4.820395623327234e-08,959.3203484941317,1.0977823002490865,1.1920928955078125e-07,1.1920929e-07,1.1920929e-07,0.0,11.615997,8.02,0.53,15.51,416.08,635.27,0.18173888575648942,0.41088352
1981-03-14,-3.1631720790618626e-08,958.0684660235488,1.0171514787563016,1.1920928955078125e-07,1.1920929e-07,1.1920929e-07,0.0,11.712,6.74,-1.74,15.22,449.06,544.5,0.17698316206366713,0.39444816
1981-03-15,-9.578489892187038e-09,956.8632014576838,0.866994485997047,1.1920928955078125e-07,1.1920929e-07,1.1920929e-07,0.0,11.712,4.34,-4.65,13.33,463.75,428.32,0.1725221538801511,0.3862305
1981-03-16,7.241485622729257e-09,955.7226244915944,1.0357393760691063,1.1920928955078125e-07,1.1920929e-07,1.1920929e-07,0.0,11.712,7.055,-0.97,15.08,442.66,562.66,0.16840417187952425,0.37801284
1981-03-17,1.359342899138362e-08,954.6506630347312,0.8397479360706521,1.1920928955078125e-07,1.1920929e-07,0.03,0.03,11.808002,3.775,-4.01,11.56,445.99,439.12,0.16462356646193024,0.37801284
1981-03-18,0.0004390397893155718,953.6627422490205,0.9368735572323578,0.00022000178372523366,1.1920929e-07,1.1920929e-07,0.0,11.808002,5.435,-1.76,12.63,430.56,520.82,0.16121455391550488,0.36979514
1981-03-19,0.0020574788142394018,952.7807981283818,0.715225462799423,0.0010363145474655653,1.1920929e-07,0.009999997,0.01,11.903997,1.315,-4.63,7.26,391.35,432.09,0.15823091948592996,0.3862305
1981-03-20,0.003461980358548745,951.9693287461255,0.5885810153953505,1.1920928955078125e-07,1.1920929e-07,1.1920929e-07,0.0,11.903997,-1.485,-6.28,3.31,340.63,385.45,0.15553450308657416,0.3862305
1981-03-21,0.003573098746590499,952.0325783324503,0.7346045401130312,0.0018181583415150461,1.1920929e-07,1.1920929e-07,0.0,12.000009,1.6,-3.51,6.71,356.93,474.89,0.1557430125676758,0.37801284
1981-03-22,0.0032554520857129943,955.9623589135813,0.7663220617585201,0.001654217637883177,1.1920929e-07,1.1920929e-07,0.0,12.000009,2.16,-3.81,8.13,395.76,461.71,0.1692614796881668,0.37801284
1981-03-23,0.0025723870534730053,963.540318403854,0.7885531070480314,0.0013027355524497385,1.1920929e-07,18.73,18.73,12.000009,2.465,-1.84,6.77,230.96,541.45,0.19873155860913427,0.4930602
1981-03-24,0.0015968500222793218,971.1159728208154,0.8544590908964745,0.0008047997006659367,1.1920929e-07,0.25,0.25,12.096003,3.42,-2.93,9.77,412.24,494.43,0.23332127447187603,0.6491959
1981-03-25,0.0009389527673781398,970.2750114953767,0.9256843088643595,0.0004716804482443905,1.1920929e-07,1.1920929e-07,0.0,12.096003,4.63,-3.56,12.82,471.48,445.04,0.22920202036832543,0.6738489
1981-03-26,0.0005592875763823829,969.0845630090412,1.0280321802591688,0.00028042579263548985,1.1920929e-07,1.1920929e-07,0.0,12.191998,6.115,-3.53,15.76,500.99,410.13,0.22349491899011625,0.59167224
1981-03-27,0.00033017865111100765,967.6980335566162,1.313766479841092,0.0001653618701620255,1.1920929e-07,1.1920929e-07,0.0,12.191998,9.93,2.44,17.42,441.98,656.02,0.21702668783435947,0.5423662
1981-03-28,0.00016813740273515393,966.1483229228652,1.163896483237333,8.413937681642321e-05,1.1920929e-07,1.1920929e-07,0.0,12.288,7.945,-2.75,18.64,518.5,413.56,0.21001849759797692,0.50127786
1981-03-29,7.56501394855612e-05,964.8104566509307,1.3748845722679865,3.783937710110872e-05,1.1920929e-07,1.1920929e-07,0.0,12.288,10.57,1.57,19.57,486.95,579.25,0.2041506101099803,0.47662488
1981-03-30,4.4482344291880486e-05,967.1227609023559,1.7989935982308698,2.224611884324293e-05,1.1920929e-07,8.87,8.87,12.288,14.855,9.44,20.27,262.39,1194.93,0.21439827211601198,0.5752369
1981-03-31,2.6643053999104747e-05,976.6167055700022,1.9269183574189606,1.3323301630357873e-05,1.1920929e-07,14.63,14.63,12.383997,15.695,7.9,23.49,335.41,1035.25,0.2621530382730323,1.0929501
1981-04-01,1.587047868060317e-05,980.933560406504,2.054764496957872,7.935869020534142e-06,1.1920929e-07,1.1920929e-07,0.0,12.383997,16.685,8.62,24.75,453.05,1007.79,0.28725335208678815,0.7560257
1981-04-02,9.259706792924352e-06,978.728996655676,1.976369028200236,4.630067751886751e-06,1.1920929e-07,1.1920929e-07,0.0,12.479998,15.95,8.93,22.97,422.0,1066.0,0.2741483257910734,0.6491959
1981-04-03,5.113332167733991e-06,976.631290815047,1.7113739968150465,2.556731449281625e-06,1.1920929e-07,1.1920929e-07,0.0,12.479998,13.63,2.03,25.23,530.27,592.91,0.26223403848179055,0.5752369
1981-04-04,2.111300812058722e-06,974.8752085556408,1.9425136117348483,1.055661550007158e-06,1.1920929e-07,1.1920929e-07,0.0,12.479998,15.73,6.57,24.89,482.04,850.72,0.25265917941015537,0.5423662
1981-04-05,-2.4771804887240007e-06,973.8928047169317,2.051777858618037,1.1920928955078125e-07,1.1920929e-07,3.57,3.57,12.576003,16.525,11.78,21.27,227.25,1382.75,0.24745604686728617,0.5505839
1981-04-06,-7.5827123286287586e-06,973.5993810860011,1.301340407113551,1.1920928955078125e-07,1.1920929e-07,7.71,7.71,12.576003,9.2,2.92,15.48,297.29,757.47,0.24592286137899674,0.60810757
1981-04-07,-1.1978294026479128e-05,973.8878230893552,1.0062333634051794,1.1920928955078125e-07,1.1920929e-07,1.1920929e-07,0.0,12.672003,5.13,-4.29,14.55,507.27,426.89,0.2474299374702689,0.5423662
1981-04-08,-1.4436924901098704e-05,974.6510161534997,1.3185851715789285,1.1920928955078125e-07,1.1920929e-07,1.1920929e-07,0.0,12.672003,9.27,-0.95,19.49,519.1,519.21,0.25146223040606613,0.50127786
1981-04-09,-1.3731604271311043e-05,975.7818457049406,1.7852855381796648,1.1920928955078125e-07,1.1920929e-07,0.23,0.23,12.767997,13.96,7.21,20.71,404.97,971.71,0.25755804713286096,0.50127786
1981-04-10,-8.944885292024233e-06,977.016691302733,1.6783363085317442,1.1920928955078125e-07,1.1920929e-07,4.96,4.96,12.767997,12.94,6.55,19.33,295.08,974.56,0.2643834797437753,0.5177132
1981-04-11,-2.769737595766659e-06,977.0281955308412,2.145220881005994,1.1920928955078125e-07,1.1920929e-07,1.1920929e-07,0.0,12.767997,16.96,9.55,24.37,429.68,1124.18,0.26444791078353647,0.47662488
1981-04-12,2.628753427153014e-06,976.2156436447594,2.593927586802182,1.3143939894379577e-06,1.1920929e-07,1.1920929e-07,0.0,12.863992,20.05,13.45,26.65,389.84,1482.2,0.2599354883628662,0.46018952
1981-04-13,5.675149788758246e-06,975.4238517250436,2.119226007425039,2.8376554126919133e-06,1.1920929e-07,4.13,4.13,12.863992,16.66,9.02,24.3,330.63,1162.3,0.2556124373400829,0.46018952
1981-04-14,4.8582358415351455e-06,975.6006039855357,1.5383152463205212,2.4291769269062913e-06,1.1920929e-07,2.32,2.32,12.959997,11.33,6.04,16.62,323.48,933.68,0.25657119887031454,0.47662488
1981-04-15,2.8995025563663666e-06,981.2091705003728,1.5830327161647317,1.4497722959708675e-06,1.1920929e-07,9.88,9.88,12.959997,11.695,4.42,18.97,334.61,846.97,0.28893516978968536,0.59167224
1981-04-16,1.7394084001206554e-06,984.4248800972443,1.3782821150296534,8.697117639142835e-07,1.1920929e-07,1.1920929e-07,0.0,12.959997,9.455,-0.82,19.73,535.35,533.85,0.30930099730098637,0.5423662
1981-04-17,1.0419802633466025e-06,982.2979629212828,1.7046984888271277,5.209928459804742e-07,1.1920929e-07,1.1920929e-07,0.0,13.0560055,12.745,5.56,19.93,439.75,875.32,0.2956759998965691,0.50949556
1981-04-18,6.162450557898817e-07,983.8777709556309,2.206337353218024,3.081234772898628e-07,1.1920929e-07,6.5,6.5,13.0560055,16.94,12.41,21.47,226.19,1433.5,0.30573737429091885,0.5588016
1981-04-19,3.616414332750155e-07,988.4950247803009,2.071308091271497,1.8082104359882341e-07,1.1920929e-07,1.1920929e-07,0.0,13.152002,15.695,5.79,25.6,518.04,843.17,0.3371491540438905,0.4930602
1981-04-20,1.9441162296141052e-07,995.737543270702,2.063803254544883,1.1920928955078125e-07,1.1920929e-07,12.97,12.97,13.152002,15.515,8.44,22.59,319.77,1115.31,0.39304755568285277,0.6491959
1981-04-21,1.1161292776810568e-07,1000.9535441905771,1.3411336044639297,1.1920928955078125e-07,1.1920929e-07,3.18,3.18,13.152002,8.54,-0.37,17.45,417.62,596.24,0.43896151144476936,0.772461
1981-04-22,6.180349638710086e-08,1000.7869624213549,1.4824883154863273,1.1920928955078125e-07,1.1920929e-07,1.1920929e-07,0.0,13.248,9.995,1.06,18.93,500.04,651.7,0.43741540858761957,0.60810757
1981-04-23,3.515224087621455e-08,998.5862762748261,2.0001933933527267,1.1920928955078125e-07,1.1920929e-07,1.1920929e-07,0.0,13.248,14.835,7.51,22.16,432.76,1019.21,0.4174940013953788,0.5670192
1981-04-24,2.0429375673257353e-08,999.9347689922163,1.9806736453448102,1.1920928955078125e-07,1.1920929e-07,4.84,4.84,13.331445,14.55,8.37,20.73,290.36,1113.18,0.4295906856057927,0.5505839
1981-04-25,1.2068073520316118e-08,1000.2219270576994,1.5685299197315679,1.1920928955078125e-07,1.1920929e-07,1.1920929e-07,0.0,13.343997,10.78,4.75,16.81,393.42,863.26,0.4322115692311858,0.50127786
1981-04-26,6.995396466450517e-09,998.5774944957707,1.4659402304747036,1.1920928955078125e-07,1.1920929e-07,1.1920929e-07,0.0,13.343997,9.74,1.07,18.41,501.01,645.45,0.41741635115891423,0.46840718
1981-04-27,4.0545367791539585e-09,996.2570349792709,2.1378189402951,1.1920928955078125e-07,1.1920929e-07,1.1920929e-07,0.0,13.439992,15.73,6.46,25.0,507.95,904.19,0.39739631836091177,0.45197186
1981-04-28,1.8746555138677314e-09,993.1182387134577,2.7312625319081274,1.1920928955078125e-07,1.1920929e-07,1.1920929e-07,0.0,13.439992,19.89,10.42,29.36,502.11,1164.31,0.3718351514516746,0.41910118
1981-04-29,6.103882829290873e-10,990.0499395894763,2.7557324168207593,1.1920928955078125e-07,1.1920929e-07,1.1920929e-07,0.0,13.439992,20.095,12.33,27.86,445.53,1371.26,0.3484380238234475,0.40266582
1981-04-30,3.1613349711295877e-10,988.9069627944937,2.3754829614954347,1.1920928955078125e-07,1.1920929e-07,3.23,3.23,13.536,17.485,11.73,23.24,295.04,1378.31,0.34010376588039926,0.40266582
1981-05-01,1.7639565704776554e-10,990.8194074839189,1.873292937059484,1.1920928955078125e-07,1.1920929e-07,4.51,4.51,13.536,13.545,6.9,20.19,316.27,1002.61,0.3541634840138861,0.41910118
1981-05-02,1.0318493452521373e-10,991.2308989812605,1.6021741069053912,1.1920928955078125e-07,1.1920929e-07,1.1920929e-07,0.0,13.542794,11.025,4.16,17.89,437.99,822.09,0.3572638222633717,0.3862305
1981-05-03,5.781765083678918e-11,989.7105368047997,1.4316627492279648,1.1920928955078125e-07,1.1920929e-07,1.1920929e-07,0.0,13.632003,9.175,-1.32,19.67,556.0,530.84,0.34594210047650736,0.35335982
1981-05-04,3.3207310431014264e-11,987.5243298414433,1.8190639267174533,1.1920928955078125e-07,1.1920929e-07,1.1920929e-07,0.0,13.632003,13.01,1.71,24.31,564.59,603.79,0.33028798269712184,0.33692446
1981-05-05,1.4868523859614245e-11,984.2413206164657,2.1854097350176604,1.1920928955078125e-07,1.1920929e-07,1.1920929e-07,0.0,13.668831,16.015,5.13,26.9,548.37,764.15,0.3081007670432864,0.3287068
1981-05-06,2.7525565449673307e-12,981.325654976502,2.491871477222934,1.1920928955078125e-07,1.1920929e-07,1.1920929e-07,0.0,13.728,18.18,10.06,26.3,466.67,1134.01,0.28964893398642777,0.3287068
1981-05-07,-2.632801048326726e-13,980.5030529632788,2.0283011211226323,1.1920928955078125e-07,1.1920929e-07,3.05,3.05,13.728,14.78,7.18,22.38,352.5,1017.62,0.2846458923591622,0.3287068
1981-05-08,-1.3441790284326278e-13,979.6044635582404,1.4976812088982414,1.1920928955078125e-07,1.1920929e-07,1.1920929e-07,0.0,13.764828,9.89,0.99,18.79,515.13,616.06,0.27927940400700224,0.32048914
1981-05-09,-4.809869462493769e-14,977.7921705344895,1.6975165560485266,1.1920928955078125e-07,1.1920929e-07,1.1920929e-07,0.0,13.8239975,11.835,4.26,19.41,465.23,797.5,0.26876199193635003,0.29583612
1981-05-10,-1.9111174145844472e-14,975.6594891246039,1.9765392846853058,1.1920928955078125e-07,1.1920929e-07,1.1920929e-07,0.0,13.8239975,14.325,10.39,18.26,270.26,1271.38,0.25689140887893935,0.30405378
1981-05-11,-6.5003551119461876e-15,973.6812140290016,2.188903384091137,1.1920928955078125e-07,1.1920929e-07,10.92,10.92,13.830791,16.025,12.12,19.93,201.56,1411.7,0.24634949388334587,0.36979514
1981-05-12,5.122249033334192e-15,971.8124501298604,2.0471787341185133,1.1920928955078125e-07,1.1920929e-07,1.1920929e-07,0.0,13.919997,14.85,8.73,20.97,400.85,1124.28,0.23678879532093727,0.46018952
1981-05-13,1.2456921747752881e-14,969.9150021066291,1.6555939906808828,1.1920928955078125e-07,1.1920929e-07,1.1920929e-07,0.0,13.919997,11.455,1.35,21.56,550.95,582.06,0.22746090356454104,0.33692446
1981-05-14,1.2203946489066066e-14,967.8506746387562,2.106427473290429,1.1920928955078125e-07,1.1920929e-07,1.1920929e-07,0.0,13.919997,15.385,5.77,25.0,528.91,777.96,0.21772949674333986,0.30405378
1981-05-15,6.565263405252372e-15,965.9820613991022,2.3691370471590125,1.1920928955078125e-07,1.1920929e-07,9.62,9.62,14.016,17.25,10.02,24.48,328.49,1227.93,0.20928019355654157,0.32048914
1981-05-16,2.062727593923978e-15,964.5808534470307,1.9100356926143125,1.1920928955078125e-07,1.1920929e-07,1.1920929e-07,0.0,14.016,13.73,7.2,20.26,422.43,970.14,0.20316018091066324,0.37801284
1981-05-17,-3.131042016742235e-16,963.1206742750129,1.9159818748935036,1.1920928955078125e-07,1.1920929e-07,1.1920929e-07,0.0,14.016,13.805,6.07,21.54,475.4,870.86,0.19697294787491137,0.30405378
1981-05-18,-3.3208311307668966e-16,962.4891929629094,2.075736191671851,1.1920928955078125e-07,1.1920929e-07,1.23,1.23,14.099442,15.025,8.9,21.15,382.21,1111.76,0.1943558721282642,0.29583612
1981-05-19,-1.9402733845767838e-16,970.2898942344626,1.7368930077311169,1.1920928955078125e-07,1.1920929e-07,17.88,17.88,14.111998,11.995,7.52,16.47,236.94,1043.24,0.22927428406772712,0.41910118
1981-05-20,-1.1508148634423894e-16,984.4718804197934,1.4415069980698705,1.1920928955078125e-07,1.1920929e-07,13.71,13.71,14.111998,8.825,6.37,11.28,140.81,957.95,0.3096090668542148,0.6902843
1981-05-21,-6.777759561779754e-17,992.282157626116,1.7377414368781605,1.1920928955078125e-07,1.1920929e-07,5.62,5.62,14.111998,11.645,5.55,17.74,312.41,904.12,0.36530821413004955,0.60810757
1981-05-22,-3.8265142753622747e-17,992.6221059153328,2.2585738948579577,1.1920928955078125e-07,1.1920929e-07,1.1920929e-07,0.0,14.207997,15.78,6.59,24.97,529.89,886.66,0.3679481126578922,0.46018952
1981-05-23,-2.0532470053034216e-17,989.6753720975055,2.5005789075149316,1.1920928955078125e-07,1.1920929e-07,1.1920929e-07,0.0,14.207997,17.52,7.98,27.06,533.26,958.47,0.3456845281955111,0.3862305
1981-05-24,-1.193772801045996e-17,986.7073235021103,2.680748321628482,1.1920928955078125e-07,1.1920929e-07,1.1920929e-07,0.0,14.207997,18.74,9.33,28.15,523.32,1052.12,0.32462146466490494,0.34514216
1981-05-25,-6.4796434886907346e-18,983.5775410870139,2.9145571024972936,1.1920928955078125e-07,1.1920929e-07,1.1920929e-07,0.0,14.207997,20.215,10.98,29.45,512.5,1161.84,0.30379928983697974,0.30405378
1981-05-26,-3.800252915423396e-18,979.708594074864,2.9518936586646967,1.1920928955078125e-07,1.1920929e-07,1.1920929e-07,0.0,14.291445,20.4,12.42,28.38,471.99,1311.72,0.2798960648737113,0.29583612
1981-05-27,-2.1925854130355308e-18,976.3556288941975,2.9850326277794985,1.1920928955078125e-07,1.1920929e-07,1.1920929e-07,0.0,14.304,20.635,15.61,25.66,332.78,1764.79,0.2607073550395258,0.29583612
1981-05-28,-1.3230794281268382e-18,992.3746816469347,2.54554588907552,1.1920928955078125e-07,1.1920929e-07,35.13,35.13,14.304,17.66,14.78,20.54,157.42,1686.36,0.36602483588851337,1.1586915
1981-05-29,-8.007614585030222e-19,1011.2248554493626,2.697888292253636,1.1920928955078125e-07,1.1920929e-07,8.29,8.29,14.304,18.32,14.04,22.6,229.27,1597.1,0.5456459744067734,1.1504738
1981-05-30,-4.789931105768273e-19,1011.1072093791689,2.813431431503181,1.1920928955078125e-07,1.1920929e-07,1.1920929e-07,0.0,14.304,19.03,11.2,26.86,481.04,1298.17,0.5442879805232783,0.7642433
1981-05-31,-2.8655917108014873e-19,1007.9654883037399,3.2321469205659956,1.1920928955078125e-07,1.1920929e-07,1.18,1.18,14.387447,21.355,14.75,27.96,421.1,1660.46,0.5092469576078421,0.60810757
1981-06-01,-1.704257600310523e-19,1006.9781735286691,3.0330787927566525,1.1920928955078125e-07,1.1920929e-07,4.15,4.15,14.4000025,20.265,15.38,25.15,252.94,1741.36,0.4987079109470812,0.5505839
1981-06-02,-9.117582761923801e-20,1007.8067463787155,2.698786237377851,1.1920928955078125e-07,1.1920929e-07,4.28,4.28,14.4000025,18.27,13.96,22.58,236.45,1592.34,0.5075375698328698,0.50949556
1981-06-03,-4.516112486981399e-20,1007.8167931414616,3.1906871226330487,1.1920928955078125e-07,1.1920929e-07,2.28,2.28,14.4000025,21.12,15.75,26.49,330.35,1779.45,0.5076455865514379,0.47662488
1981-06-04,-2.558485476436917e-20,1006.7779276977792,3.4777101659069505,1.1920928955078125e-07,1.1920929e-07,1.1920929e-07,0.0,14.4000025,22.63,17.85,27.41,346.15,2045.36,0.49659714793774967,0.4437542
1981-06-05,-1.205267422462732e-20,1006.2507683570317,3.5503651917775825,1.1920928955078125e-07,1.1920929e-07,4.06,4.06,14.4000025,23.0,17.41,28.59,294.34,1985.76,0.49108305383089396,0.39444816
1981-06-06,-5.820675163096473e-21,1003.8361343618337,3.676708806543913,1.1920928955078125e-07,1.1920929e-07,1.1920929e-07,0.0,14.4368305,23.61,18.22,29.0,381.75,2092.28,0.466598169299601,0.39444816
1981-06-07,-3.511020173866069e-21,1010.5354681755655,3.2619996169317544,1.1920928955078125e-07,1.1920929e-07,19.38,19.38,14.496003,21.34,16.36,26.32,280.21,1857.89,0.5377363163473247,0.81354934
1981-06-08,-2.117550563232464e-21,1015.2099484732734,3.2505839109997576,1.1920928955078125e-07,1.1920929e-07,1.1920929e-07,0.0,14.496003,21.2,14.18,28.22,475.53,1613.12,0.5937031181025807,0.59988993
1981-06-09,-1.2549373096081153e-21,1011.1020131951144,3.8310936577983723,1.1920928955078125e-07,1.1920929e-07,1.1920929e-07,0.0,14.496003,24.135,18.21,30.06,411.66,2093.72,0.5442280787336574,0.46018952
1981-06-10,-7.153389804051989e-22,1006.5155625523223,4.240558614842741,1.1920928955078125e-07,1.1920929e-07,1.1920929e-07,0.0,14.496003,26.02,20.98,31.06,354.37,2483.04,0.49384510874630866,0.3862305
1981-06-11,1.6190883443700374e-22,1001.8422774088019,3.693895470562256,1.1920928955078125e-07,1.1920929e-07,0.52,0.52,14.496003,23.655,17.34,29.97,428.46,1971.84,0.44730297714138745,0.34514216
1981-06-12,1.4094934339587566e-21,997.2215480340404,3.5066537779195177,1.1920928955078125e-07,1.1920929e-07,1.1920929e-07,0.0,14.496003,22.825,17.02,28.63,416.04,1943.72,0.4055984388879304,0.31227148
1981-06-13,2.748473181946224e-21,992.669568146637,3.717750814217843,1.1920928955078125e-07,1.1920929e-07,1.1920929e-07,0.0,14.496003,23.93,18.51,29.35,396.7,2134.98,0.3683181993562923,0.29583612
1981-06-14,3.8999064421855684e-21,988.2025314651905,4.145990442084368,1.1920928955078125e-07,1.1920929e-07,1.1920929e-07,0.0,14.496003,25.945,20.52,31.37,388.72,2406.38,0.335066851470108,0.28761846
1981-06-15,4.584851578462953e-21,983.8366317083002,4.199733816262207,1.1920928955078125e-07,1.1920929e-07,1.1920929e-07,0.0,14.496003,26.255,19.88,32.63,433.37,2309.12,0.3054710773996158,0.25474778
1981-06-16,4.524366954564544e-21,979.588062594565,3.987020182075345,1.1920928955078125e-07,1.1920929e-07,1.1920929e-07,0.0,14.502797,25.395,18.09,32.7,476.41,2026.16,0.27918240143050427,0.23009476
1981-06-17,3.439510934276503e-21,975.4730178425841,3.788207199676557,1.1920928955078125e-07,1.1920929e-07,1.1920929e-07,0.0,14.532827,24.525,18.3,30.75,436.69,2101.24,0.2558787700326454,0.2218771
1981-06-18,1.1292417833344961e-21,971.5208262105679,3.203749707231134,1.1920928955078125e-07,1.1920929e-07,1.1920929e-07,0.0,14.532827,21.665,15.93,27.4,424.73,1810.67,0.23533067251771278,0.20544176
1981-06-19,-1.8927407667108228e-21,967.7050716063687,3.230208591603557,1.1920928955078125e-07,1.1920929e-07,1.1920929e-07,0.0,14.57945,21.82,16.66,26.98,389.09,1893.24,0.21705904334613385,0.20544176
1981-06-20,-4.824990905371207e-21,963.9560478927228,3.5241109260375123,1.1920928955078125e-07,1.1920929e-07,1.1920929e-07,0.0,14.57945,23.405,17.38,29.43,428.0,1988.25,0.20048924593846618,0.21365942
1981-06-21,-6.866043786359006e-21,960.2040436346421,3.547598945424121,1.1920928955078125e-07,1.1920929e-07,1.1920929e-07,0.0,14.57945,23.59,16.15,31.03,487.71,1793.64,0.1851726588677866,0.20544176
1981-06-22,-7.214434563386575e-21,956.3793473971386,3.898874657658551,1.1920928955078125e-07,1.1920929e-07,1.1920929e-07,0.0,14.57945,25.33,18.32,32.34,467.47,2018.28,0.1707630716857919,0.18900642
1981-06-23,-5.1767766336440814e-21,952.4295582110136,3.8124460735030503,1.1920928955078125e-07,1.1920929e-07,1.1920929e-07,0.0,14.57945,25.005,18.33,31.68,459.06,2035.45,0.15705810008746768,0.17257108
1981-06-24,-2.89686150586261e-21,948.6528663382566,3.505920139980102,1.1920928955078125e-07,1.1920929e-07,1.1920929e-07,0.0,14.57945,23.595,16.11,31.08,498.5,1731.4,0.14498364745945846,0.1643534
1981-06-25,-1.5687808396234147e-21,944.9292603974834,3.7396507238883614,1.1920928955078125e-07,1.1920929e-07,1.1920929e-07,0.0,14.532827,24.86,17.8,31.92,478.4,1945.25,0.13398803998058875,0.17257108
1981-06-26,-9.377631347284696e-22,945.5014011111381,3.450252366635878,1.1920928955078125e-07,1.1920929e-07,6.8,6.8,14.502797,23.465,16.28,30.65,361.53,1848.49,0.13562166921881033,0.23009476
1981-06-27,-5.624881053796765e-22,946.0952990853683,2.459410063146076,1.1920928955078125e-07,1.1920929e-07,1.1920929e-07,0.0,14.496003,17.66,8.83,26.49,551.13,1078.69,0.13733849337986245,0.21365942
1981-06-28,-3.3638139073861866e-22,943.5973325233119,2.426672852599709,1.1920928955078125e-07,1.1920929e-07,1.1920929e-07,0.0,14.496003,17.48,8.8,26.16,544.1,1082.33,0.13026081634010833,0.1643534
1981-06-29,-1.9332843593901152e-22,940.9216974111805,2.6290895269535484,1.1920928955078125e-07,1.1920929e-07,1.1920929e-07,0.0,14.496003,18.875,9.79,27.96,548.91,1129.04,0.12308381857830764,0.14791806
1981-06-30,-1.0841831964054203e-22,938.0676411874348,2.8285905819940824,1.1920928955078125e-07,1.1920929e-07,1.1920929e-07,0.0,14.496003,20.17,12.13,28.21,516.31,1304.85,0.11586355608011804,0.1643534
1981-07-01,-6.514265430622487e-23,943.1796182215375,2.788719596307504,1.1920928955078125e-07,1.1920929e-07,13.66,13.66,14.496003,19.835,13.89,25.78,321.04,1583.06,0.12911339285878248,0.17257108
1981-07-02,-3.920328372165897e-23,950.2156041440076,2.751523037182559,1.1920928955078125e-07,1.1920929e-07,6.49,6.49,14.496003,19.48,15.0,23.96,259.18,1709.16,0.14986301023590212,0.2218771
1981-07-03,-2.3575579011203444e-23,955.1493615816241,2.7350354760682354,1.1920928955078125e-07,1.1920929e-07,9.33,9.33,14.496003,19.29,16.1,22.48,192.88,1830.53,0.1663717067748489,0.2465301
1981-07-04,-1.4097479167755928e-23,961.1322732126152,2.9545742988178807,1.1920928955078125e-07,1.1920929e-07,8.53,8.53,14.496003,20.5,15.88,25.12,265.41,1807.64,0.1888493658663459,0.36979514
1981-07-05,-7.904149619675178e-24,965.8086994079993,3.2063519998897716,1.1920928955078125e-07,1.1920929e-07,6.24,6.24,14.496003,21.825,15.75,27.9,321.68,1790.59,0.20851312299115493,0.4437542
1981-07-06,-3.934844925267201e-24,969.8287574933609,3.3588699738058536,1.1920928955078125e-07,1.1920929e-07,8.64,8.64,14.483447,22.575,17.62,27.53,274.88,2022.56,0.22704576550612957,0.81354934
1981-07-07,-2.2234085708569e-24,973.0043558278368,3.4920771962545887,1.1920928955078125e-07,1.1920929e-07,6.14,6.14,14.406797,23.29,18.16,28.42,280.29,2083.0,0.2428428606125542,0.40266582
1981-07-08,-1.1556571172744756e-24,971.2988916712966,3.6074691528970892,1.1920928955078125e-07,1.1920929e-07,1.1920929e-07,0.0,14.4000025,23.9,16.79,31.01,464.21,1917.04,0.2342270171376623,0.2711831
1981-07-09,-5.960990106579507e-25,967.2530438925165,3.94415820981116,1.1920928955078125e-07,1.1920929e-07,1.1920929e-07,0.0,14.4000025,25.555,19.09,32.02,428.37,2215.27,0.21499073178545994,0.23009476
1981-07-10,-3.3614661160660633e-25,962.9649177637036,4.245504097799973,1.1920928955078125e-07,1.1920929e-07,1.1920929e-07,0.0,14.4000025,26.955,20.72,33.19,409.08,2436.81,0.1963241834498926,0.19722408
1981-07-11,-1.7168296179341622e-25,958.6506893179516,3.9697572577337583,1.1920928955078125e-07,1.1920929e-07,1.1920929e-07,0.0,14.4000025,25.83,19.39,32.27,424.78,2247.44,0.1791792645635527,0.18078874
1981-07-12,-9.745710562705667e-26,954.5613557509879,3.808086476283138,1.1920928955078125e-07,1.1920929e-07,1.1920929e-07,0.0,14.4000025,25.165,19.6,30.73,386.39,2273.33,0.16431245313483156,0.1643534
1981-07-13,-4.6992432074836424e-26,950.5774711276196,3.759172448131456,1.1920928955078125e-07,1.1920929e-07,1.1920929e-07,0.0,14.310795,25.12,19.44,30.8,391.32,2261.05,0.15101608983107004,0.1643534
1981-07-14,-1.992119110587842e-26,946.7060433364676,3.9710583163944384,1.1920928955078125e-07,1.1920929e-07,0.27,0.27,14.304,26.18,20.95,31.41,362.14,2474.69,0.1391266856036104,0.17257108
1981-07-15,-1.1163647117603406e-26,943.9127307927135,3.2527818698572815,1.1920928955078125e-07,1.1920929e-07,0.39,0.39,14.304,22.705,15.37,30.04,462.94,1728.45,0.13113393846005642,0.15613574
1981-07-16,-5.0950386176789595e-27,944.9962507155581,3.190797856843041,1.1920928955078125e-07,1.1920929e-07,7.68,7.68,14.304,22.35,16.62,28.08,305.33,1881.77,0.13417829523302222,0.2218771
1981-07-17,-2.3327996814393812e-27,952.0034720412258,3.3108842764980997,1.1920928955078125e-07,1.1920929e-07,14.07,14.07,14.304,22.865,18.28,27.45,256.63,2106.63,0.1556470256595131,0.45197186
1981-07-18,-1.3793873796031101e-27,953.666867144092,3.4278149296115377,1.1920928955078125e-07,1.1920929e-07,1.1920929e-07,0.0,14.207997,23.56,17.82,29.3,405.06,2042.44,0.16122863987874836,0.2465301
1981-07-19,-8.22994056857291e-28,950.1460347658415,3.394788249908009,1.1920928955078125e-07,1.1920929e-07,1.1920929e-07,0.0,14.207997,23.455,17.66,29.25,406.89,2026.38,0.1496423403554801,0.18900642
1981-07-20,-4.871625174635448e-28,946.3981151963184,3.79380720863835,1.1920928955078125e-07,1.1920929e-07,1.1920929e-07,0.0,14.207997,25.49,19.93,31.05,385.6,2318.68,0.1382222144538673,0.17257108
1981-07-21,-2.5277228312679653e-28,942.4311541457611,3.7053928570041106,1.1920928955078125e-07,1.1920929e-07,1.1920929e-07,0.0,14.207997,25.145,19.02,31.27,416.72,2207.85,0.12708265102703487,0.1643534
1981-07-22,-4.5844460463683733e-29,938.601593698822,3.383157260670697,1.1920928955078125e-07,1.1920929e-07,1.1920929e-07,0.0,14.118794,23.72,17.46,29.98,430.38,2000.81,0.11718138219700946,0.1397004
1981-07-23,8.410131184099115e-29,935.2669025467316,3.0384512592638986,1.1920928955078125e-07,1.1920929e-07,1.1920929e-07,0.0,14.111998,21.915,14.91,28.92,469.07,1686.21,0.10919008594101408,0.12326505
1981-07-24,8.908836227904904e-29,932.784961277041,2.997317481092406,1.1920928955078125e-07,1.1920929e-07,1.25,1.25,14.111998,21.725,17.28,26.17,314.03,1980.04,0.10359818318997807,0.11504738
1981-07-25,4.056971252883882e-29,931.2606163467204,2.9657152850402007,1.1920928955078125e-07,1.1920929e-07,4.29,4.29,14.111998,21.57,17.2,25.94,255.84,1960.36,0.10030668552344549,0.13148272
1981-07-26,4.191803451816459e-31,929.8782489874035,3.2971442313291814,1.1920928955078125e-07,1.1920929e-07,2.0,2.0,14.016,23.56,18.01,29.11,367.7,2061.78,0.09741226799923645,0.18900642
1981-07-27,-2.0803091419524563e-29,927.6342669747605,3.8137803515091484,1.1920928955078125e-07,1.1920929e-07,1.1920929e-07,0.0,14.016,26.185,20.17,32.2,416.93,2356.65,0.09289055204578606,0.17257108
1981-07-28,-1.5988672648761293e-29,923.9164836583079,3.7762995771969488,1.1920928955078125e-07,1.1920929e-07,1.1920929e-07,0.0,14.016,26.08,19.3,32.86,452.05,2218.36,0.08585629006056227,0.15613574
1981-07-29,-6.411363848658383e-30,920.9641973760752,3.495241641986734,1.1920928955078125e-07,1.1920929e-07,2.7,2.7,14.003442,24.775,19.09,30.46,351.86,2217.82,0.08065186313373267,0.14791806
1981-07-30,6.323463389632e-31,918.7832390267339,2.55629227624168,1.1920928955078125e-07,1.1920929e-07,1.1920929e-07,0.0,13.919997,19.49,11.2,27.78,532.17,1303.53,0.07701087187239461,0.13148272
1981-07-31,3.121431243391283e-30,916.7235983725787,2.425000108625526,1.1920928955078125e-07,1.1920929e-07,1.1920929e-07,0.0,13.919997,18.635,11.64,25.63,495.63,1359.03,0.073723452024557,0.11504738
1981-08-01,1.6405724263646752e-30,914.3102590362219,2.584539143622496,1.1920928955078125e-07,1.1920929e-07,2.01,2.01,13.919997,19.76,12.53,26.99,464.14,1436.0,0.07004959915382267,0.10682971
1981-08-02,1.065678948916474e-31,911.5765029026683,2.810219452273304,1.1920928955078125e-07,1.1920929e-07,1.1920929e-07,0.0,13.8239975,21.365,14.56,28.17,468.54,1649.28,0.06610863230250762,0.09861204
1981-08-03,-1.0095980246633212e-30,908.5377814178001,3.1323768251768147,1.1920928955078125e-07,1.1920929e-07,1.1920929e-07,0.0,13.8239975,23.31,17.37,29.25,420.51,1983.73,0.06198767563828308,0.09861204
1981-08-04,-1.311705198822445e-30,905.2064581092955,3.4250396142638557,1.1920928955078125e-07,1.1920929e-07,1.1920929e-07,0.0,13.8239975,24.95,18.47,31.43,435.03,2127.49,0.05776448738544986,0.09861204
1981-08-05,6.122660555833547e-31,901.7117444430908,3.613845879934759,1.1920928955078125e-07,1.1920929e-07,1.1920929e-07,0.0,13.728,26.1,19.3,32.9,438.73,2233.3,0.05364305311839474,0.09039437
1981-08-06,7.261796828196664e-30,898.3750674210547,3.5366391358121505,1.1920928955078125e-07,1.1920929e-07,1.1920929e-07,0.0,13.728,25.78,19.47,32.09,418.11,2262.85,0.0499827114151916,0.0821767
1981-08-07,1.781387239200711e-29,895.2035052902373,3.2131541986377323,1.1920928955078125e-07,1.1920929e-07,1.57,1.57,13.728,24.14,18.07,30.21,390.71,2072.19,0.04673529696531745,0.0821767
1981-08-08,3.126650370163385e-29,892.1853905838734,3.2143441065410263,1.1920928955078125e-07,1.1920929e-07,27.1,27.1,13.632003,24.33,18.73,29.93,294.46,2166.5,0.04384113059164257,0.1643534
1981-08-09,4.661770171169603e-29,889.309055835198,2.913946768169983,1.1920928955078125e-07,1.1920929e-07,1.83,1.83,13.632003,22.665,16.6,28.73,407.23,1893.31,0.04124988102612939,0.37801284
1981-08-10,6.286547737681282e-29,886.5628335774461,3.032271823284228,1.1920928955078125e-07,1.1920929e-07,1.1920929e-07,0.0,13.632003,23.415,16.67,30.16,447.53,1901.69,0.0389188988246875,0.18900642
1981-08-11,7.900784165160338e-29,883.9350563438526,3.1559322998742645,1.1920928955078125e-07,1.1920929e-07,1.1920929e-07,0.0,13.536,24.295,17.93,30.66,426.17,2056.35,0.03681187582100161,0.1397004
1981-08-12,9.404280549068682e-29,881.4140566676523,3.07459204596055,1.1920928955078125e-07,1.1920929e-07,1.83,1.83,13.536,23.885,18.06,29.71,387.64,2070.39,0.034897762791867154,0.12326505
1981-08-13,1.0696837984868243e-28,878.9881670820803,2.45687208236153,1.1920928955078125e-07,1.1920929e-07,1.1920929e-07,0.0,13.536,20.045,11.94,28.15,499.8,1400.91,0.03314989294206108,0.11504738
1981-08-14,1.167825756802092e-28,876.6457201203714,2.490532140949764,1.1920928955078125e-07,1.1920929e-07,1.1920929e-07,0.0,13.439992,20.445,12.25,28.64,499.73,1424.55,0.03154527024781598,0.10682971
1981-08-15,1.2248340393988636e-28,874.3750483157608,2.747005897452279,1.1920928955078125e-07,1.1920929e-07,1.1920929e-07,0.0,13.439992,22.18,14.41,29.95,476.77,1645.24,0.030063990481066952,0.09861204
1981-08-16,1.230688755823331e-28,872.164484201483,3.0427190221404046,1.1920928955078125e-07,1.1920929e-07,1.1920929e-07,0.0,13.350795,24.13,17.65,30.61,418.51,2023.99,0.028688769508813234,0.09039437
1981-08-17,1.1753700156216857e-28,870.0023603107734,2.7872583646180384,1.1920928955078125e-07,1.1920929e-07,1.1920929e-07,0.0,13.343997,22.645,16.21,29.08,421.23,1839.36,0.027404558699316534,0.0821767
1981-08-18,1.048857928340118e-28,867.8770091768666,2.0404790375118074,1.1920928955078125e-07,1.1920929e-07,1.1920929e-07,0.0,13.343997,17.365,9.85,24.88,479.7,1227.24,0.0261982313270997,0.07888963
1981-08-19,8.411326035248216e-29,865.7767633329978,2.0747332373975103,1.1920928955078125e-07,1.1920929e-07,1.1920929e-07,0.0,13.248,17.805,12.04,23.57,402.92,1403.22,0.02505832702200619,0.07560256
1981-08-20,5.395001266636559e-29,863.6931840997366,2.050069457910868,1.1920928955078125e-07,1.1920929e-07,1.1920929e-07,0.0,13.248,17.645,13.04,22.25,340.87,1507.66,0.023976483444526495,0.0821767
1981-08-21,1.2462240066264533e-29,861.654765250326,1.9589024216966513,1.1920928955078125e-07,1.1920929e-07,1.1920929e-07,0.0,13.248,16.925,9.3,24.55,481.67,1161.3,0.02296330138085902,0.0821767
1981-08-22,-3.1042016612030555e-29,859.6210450435793,2.0099439809052972,1.1920928955078125e-07,1.1920929e-07,1.1920929e-07,0.0,13.152002,17.515,10.67,24.36,450.3,1288.84,0.021995122589945123,0.0821767
1981-08-23,-6.452308983191384e-29,857.5274033449699,2.100456196715912,1.1920928955078125e-07,1.1920929e-07,1.1920929e-07,0.0,13.152002,18.295,10.32,26.27,481.86,1241.66,0.021041041728453044,0.07888963
1981-08-24,-7.594131205677953e-29,855.3092200199711,2.352921072237709,1.1920928955078125e-07,1.1920929e-07,1.1920929e-07,0.0,13.0560055,20.39,11.74,29.04,488.27,1338.48,0.020075318561995938,0.07560256
1981-08-25,-5.426623166510963e-29,852.9074521747893,2.4333400127178795,1.1920928955078125e-07,1.1920929e-07,1.1920929e-07,0.0,13.0560055,21.015,13.25,28.78,456.35,1506.44,0.019079583161633364,0.06902843
1981-08-26,-1.317990886449401e-29,850.4042202089121,2.219840122549603,1.1920928955078125e-07,1.1920929e-07,1.1920929e-07,0.0,13.0560055,19.495,11.61,27.38,462.72,1355.81,0.01809430736069073,0.06574136
1981-08-27,3.012550602654277e-29,847.9120154011276,2.2328575287409347,1.1920928955078125e-07,1.1920929e-07,1.1920929e-07,0.0,12.959997,19.77,11.72,27.82,466.87,1287.64,0.017163919999135763,0.062454294
1981-08-28,6.368462879061606e-29,845.5159604745265,2.413367199753992,1.1920928955078125e-07,1.1920929e-07,1.1920929e-07,0.0,12.959997,21.15,12.75,29.55,469.73,1342.35,0.01631456395719974,0.06081076
1981-08-29,7.553207521034121e-29,843.3011781521991,2.2107435539430775,1.1920928955078125e-07,1.1920929e-07,1.1920929e-07,0.0,12.863992,19.82,11.8,27.84,460.84,1279.91,0.015566893853346466,0.06081076
1981-08-30,5.552574782430774e-29,841.6610731551473,2.306094006908688,1.1920928955078125e-07,1.1920929e-07,0.65,0.65,12.863992,20.575,14.87,26.28,350.63,1681.6,0.015035395014387765,0.062454294
1981-08-31,3.342879362156526e-29,852.5063343095845,2.549525186491768,1.1920928955078125e-07,1.1920929e-07,25.28,25.28,12.863992,22.085,16.05,28.12,277.85,1827.28,0.018918166744172654,0.06902843
1981-09-01,2.0116245208782377e-29,860.708413239818,2.592630520821846,1.1920928955078125e-07,1.1920929e-07,1.1920929e-07,0.0,12.767997,22.34,17.05,27.63,335.6,1954.73,0.02250758772217145,0.12326505
1981-09-02,1.2058677339955956e-29,862.1348372949282,2.6587910219824136,1.1920928955078125e-07,1.1920929e-07,6.5,6.5,12.767997,22.75,17.98,27.52,229.35,2072.55,0.023197994902821643,0.09861204
1981-09-03,7.263514235935027e-30,861.9636362391727,2.6816863649674034,1.1920928955078125e-07,1.1920929e-07,1.1920929e-07,0.0,12.672003,23.035,19.12,26.95,257.9,2223.0,0.023114025681927143,0.10682971
1981-09-04,4.398596304219503e-30,878.787448967715,2.4963605114932297,1.1920928955078125e-07,1.1920929e-07,34.8,34.8,12.672003,21.455,17.56,25.35,197.23,2013.59,0.03300925702087765,0.6902843
1981-09-05,2.6631674887239524e-30,901.301715460604,2.3143305208110703,1.1920928955078125e-07,1.1920929e-07,14.88,14.88,12.65945,19.74,17.15,22.33,138.64,1957.88,0.05317918563222898,0.7888963
1981-09-06,1.600399829653271e-30,905.623271176197,2.4613931340402098,1.1920928955078125e-07,1.1920929e-07,1.1920929e-07,0.0,12.576003,20.825,17.29,24.36,247.57,1981.6,0.05827672467683286,0.33692446
1981-09-07,9.622403931008003e-31,908.0173995780247,2.4592925627229008,1.1920928955078125e-07,1.1920929e-07,8.11,8.11,12.576003,20.765,16.18,25.35,233.47,1836.82,0.061308180043232886,0.25474778
1981-09-08,5.779685215156289e-31,909.984557489378,2.4881401820533164,1.1920928955078125e-07,1.1920929e-07,1.37,1.37,12.479998,21.06,16.87,25.25,287.79,1922.52,0.06391665884038213,0.23831244
1981-09-09,3.463847289368844e-31,908.6405403811242,1.9054239046632546,1.1920928955078125e-07,1.1920929e-07,0.74,0.74,12.479998,16.575,10.18,22.97,412.41,1254.15,0.062122742314397426,0.20544176
1981-09-10,2.029562797285998e-31,907.0227621409123,1.8037705787542435,1.1920928955078125e-07,1.1920929e-07,1.1920929e-07,0.0,12.383997,15.825,7.47,24.18,474.46,1043.88,0.06003007393201406,0.18078874
1981-09-11,1.1764798361840602e-31,905.0043001871746,2.1159923056322447,1.1920928955078125e-07,1.1920929e-07,1.1920929e-07,0.0,12.383997,18.525,9.8,27.25,469.79,1224.16,0.05751767176900896,0.1643534
1981-09-12,5.628055780444553e-32,902.7024664851651,2.345179630866995,1.1920928955078125e-07,1.1920929e-07,1.1920929e-07,0.0,12.383997,20.315,11.87,28.76,455.04,1389.83,0.05478062925554563,0.14791806
1981-09-13,2.4199300841501323e-32,900.3023846918284,2.322170429221787,1.1920928955078125e-07,1.1920929e-07,1.1920929e-07,0.0,12.288,20.325,11.74,28.91,455.9,1378.91,0.05206537049287028,0.1397004
1981-09-14,1.4447623162347026e-32,897.9001561265768,2.3782750783511224,1.1920928955078125e-07,1.1920929e-07,1.1920929e-07,0.0,12.288,20.78,12.62,28.94,441.33,1459.21,0.049482446272832284,0.13148272
1981-09-15,8.701622856536713e-33,894.6003852345133,2.418238311949098,1.1920928955078125e-07,1.1920929e-07,1.1920929e-07,0.0,12.191998,21.265,15.18,27.35,367.65,1723.08,0.04614206008267615,0.14791806
1981-09-16,5.260670740005359e-33,905.2826965203095,2.281797095259443,1.1920928955078125e-07,1.1920929e-07,25.25,25.25,12.191998,20.065,15.57,24.56,220.33,1763.67,0.05785784202098235,0.50127786
1981-09-17,3.18566176667408e-33,916.8663640559687,1.8657614008487065,1.1920928955078125e-07,1.1920929e-07,2.45,2.45,12.096003,16.595,12.22,20.97,254.25,1419.96,0.0739467252906351,0.5670192
1981-09-18,1.9242738431147485e-33,915.9948921799765,1.5663235365513135,1.1920928955078125e-07,1.1920929e-07,1.1920929e-07,0.0,12.096003,13.74,8.63,18.85,345.7,1134.09,0.07259427710867508,0.29583612
1981-09-19,1.1135855860695473e-33,914.4056170093097,1.4443464623117261,1.1920928955078125e-07,1.1920929e-07,1.1920929e-07,0.0,12.096003,12.46,6.91,18.01,366.23,1001.34,0.07019122801387423,0.20544176
1981-09-20,6.024177305257103e-34,912.7970339710434,1.6389938003720717,1.1920928955078125e-07,1.1920929e-07,1.1920929e-07,0.0,12.000009,14.665,8.14,21.19,402.17,1091.18,0.06783997599353986,0.17257108
1981-09-21,2.5439783249576495e-34,911.1138615874997,1.7151647251904458,1.1920928955078125e-07,1.1920929e-07,1.1920929e-07,0.0,12.000009,15.44,7.06,23.82,450.48,1012.16,0.06546397803649631,0.15613574
1981-09-22,-2.9929709167979825e-34,909.5328268015639,1.8066993283778099,1.1920928955078125e-07,1.1920929e-07,1.1920929e-07,0.0,11.903997,16.46,7.58,25.34,455.0,1046.27,0.06330800826608392,0.14791806
1981-09-23,-9.390331739334211e-34,908.0155287482487,1.7457745199976809,1.1920928955078125e-07,1.1920929e-07,1.1920929e-07,0.0,11.903997,15.92,7.38,24.46,446.96,1036.69,0.061305750668445826,0.1397004
1981-09-24,-1.516599724460864e-33,906.508256953085,1.3986411377546641,1.1920928955078125e-07,1.1920929e-07,1.1920929e-07,0.0,11.903997,12.34,3.53,21.15,458.13,783.63,0.059379427911399496,0.13148272
1981-09-25,-1.8837860534578876e-33,904.9573009416042,1.4751141702216815,1.1920928955078125e-07,1.1920929e-07,1.1920929e-07,0.0,11.808002,13.355,3.89,22.82,463.44,806.46,0.05746044141138925,0.12326505
1981-09-26,-1.8923814711202533e-33,903.3089502393372,1.6545333844042982,1.1920928955078125e-07,1.1920929e-07,1.1920929e-07,0.0,11.808002,15.255,5.42,25.09,461.1,903.45,0.05548888333718173,0.11504738
1981-09-27,-1.3965286893507406e-33,901.511297607535,1.8387254964577764,1.1920928955078125e-07,1.1920929e-07,1.1920929e-07,0.0,11.712,17.17,7.89,26.45,443.32,1072.14,0.05341578343711023,0.11504738
1981-09-28,-5.938524788866275e-34,899.723607007459,1.9352846155905234,1.1920928955078125e-07,1.1920929e-07,1.1920929e-07,0.0,11.712,18.06,10.93,25.19,385.39,1314.12,0.051430987055595616,0.11504738
1981-09-29,1.6831095409550671e-34,898.0490095338911,1.4404955943873545,1.1920928955078125e-07,1.1920929e-07,1.1920929e-07,0.0,11.615997,13.36,3.2,23.52,458.83,773.17,0.04963870532691352,0.10682971
1981-09-30,6.822107121901e-34,896.4489663566025,1.6015488753051332,1.1920928955078125e-07,1.1920929e-07,1.1920929e-07,0.0,11.615997,15.115,5.9,24.33,434.89,921.18,0.04798459657191839,0.09861204
1981-10-01,7.400958979915909e-34,894.8849386453645,1.9273549415157654,1.1920928955078125e-07,1.1920929e-07,1.1920929e-07,0.0,11.615997,18.22,9.25,27.19,416.11,1179.96,0.04642100640898977,0.09861204
1981-10-02,3.800562924091555e-34,893.4633970628312,1.8124137762507695,1.1920928955078125e-07,1.1920929e-07,6.64,6.64,11.520002,17.355,8.11,26.6,312.42,1094.63,0.045044105583204784,0.10682971
1981-10-03,6.36914348860463e-36,892.2970466299323,1.081380074275327,1.1920928955078125e-07,1.1920929e-07,1.1920929e-07,0.0,11.520002,9.04,2.42,15.66,359.27,730.75,0.04394493793418862,0.10682971
1981-10-04,-2.7561842238688906e-34,891.1625997723245,1.141245282860543,1.1920928955078125e-07,1.1920929e-07,1.1920929e-07,0.0,11.424,10.035,0.17,19.9,433.8,615.82,0.04290157340180095,0.10682971
1981-10-05,-3.6795518546115067e-34,889.8308609873516,1.4674512553211425,1.1920928955078125e-07,1.1920929e-07,1.1920929e-07,0.0,11.424,14.08,4.72,23.44,408.02,857.9,0.04170832230040699,0.11504738
1981-10-06,-2.0947316470585706e-34,888.2114778948235,1.9634967194710793,1.1920928955078125e-07,1.1920929e-07,1.1920929e-07,0.0,11.340561,19.065,11.26,26.87,353.0,1340.7,0.04030196462888805,0.11504738
1981-10-07,6.376274286781485e-35,886.7550797159365,1.766709503532434,1.1920928955078125e-07,1.1920929e-07,1.1920929e-07,0.0,11.328006,17.335,9.67,25.0,348.93,1213.82,0.03907769978347961,0.11504738
1981-10-08,3.606833832372641e-34,885.4728603600546,1.2533884059446088,1.1920928955078125e-07,1.1920929e-07,1.1920929e-07,0.0,11.328006,11.755,4.6,18.91,340.12,855.43,0.038030673444380436,0.10682971
1981-10-09,6.039487106439039e-34,884.3100761865053,1.0733737957097136,1.1920928955078125e-07,1.1920929e-07,1.1920929e-07,0.0,11.232,9.46,0.54,18.38,388.13,633.81,0.0371054505339033,0.10682971
1981-10-10,7.162186793291484e-34,883.2119835546157,1.0233773643347077,1.1920928955078125e-07,1.1920929e-07,1.1920929e-07,0.0,11.232,8.735,2.24,15.23,316.99,715.82,0.03625237734211657,0.10682971
1981-10-11,6.201532435344109e-34,882.1238388237132,1.1191705240701662,1.1920928955078125e-07,1.1920929e-07,0.06,0.06,11.136005,10.29,5.43,15.15,249.43,897.81,0.0354263805873034,0.11504738
1981-10-12,8.067379756590938e-35,880.9732607780064,1.1352014023112709,1.1920928955078125e-07,1.1920929e-07,1.1920929e-07,0.0,11.136005,10.535,7.14,13.93,180.62,1016.19,0.03457345325972914,0.1397004
1981-10-13,-1.12248929484495e-33,879.7171012131238,1.01941812167869,1.1920928955078125e-07,1.1920929e-07,1.1920929e-07,0.0,11.136005,8.87,2.71,15.03,306.78,746.18,0.03366568879239463,0.15613574
1981-10-14,-2.741651696248475e-33,878.3876722030062,0.9882373757914444,1.1920928955078125e-07,1.1920929e-07,1.1920929e-07,0.0,11.039997,8.545,-0.19,17.28,379.99,606.32,0.03273092301221461,0.15613574
1981-10-15,-4.517065178233521e-33,877.0189741157401,1.1566854955182106,1.1920928955078125e-07,1.1920929e-07,1.1920929e-07,0.0,11.039997,11.04,1.5,20.58,386.88,685.6,0.03179565451355791,0.15613574
1981-10-16,-6.18898151238894e-33,875.6450073194122,1.3949067725595388,1.1920928955078125e-07,1.1920929e-07,1.1920929e-07,0.0,10.944003,14.215,7.08,21.35,316.93,1006.78,0.030883664075143983,0.15613574
1981-10-17,-7.497652470303593e-33,874.2997721821093,1.1423524042650492,1.1920928955078125e-07,1.1920929e-07,1.1920929e-07,0.0,10.944003,11.03,0.94,21.12,385.55,654.84,0.03001609349622128,0.15613574
1981-10-18,-8.18332982356633e-33,873.0172690719178,1.1964885655580384,1.1920928955078125e-07,1.1920929e-07,1.1920929e-07,0.0,10.944003,11.79,4.25,19.33,323.5,834.66,0.029211683268884667,0.15613574
1981-10-19,-7.986265343766007e-33,871.8314983569245,1.0517993620430095,1.1920928955078125e-07,1.1920929e-07,0.09,0.09,10.848,9.91,3.56,16.26,285.96,788.69,0.028487138430536584,0.15613574
1981-10-20,-6.646710802491475e-33,870.7764604052159,0.7853785750365477,1.1920928955078125e-07,1.1920929e-07,1.1920929e-07,0.0,10.848,5.425,-4.58,15.43,378.7,434.02,0.02785759776236272,0.15613574
1981-10-21,-4.1772202548929465e-33,869.78568597046,0.9601103399285369,1.1920928955078125e-07,1.1920929e-07,1.1920929e-07,0.0,10.752,8.66,-2.8,20.12,391.0,497.94,0.027279075805965947,0.14791806
1981-10-22,-2.1366574558524397e-33,868.5127512042678,1.1497928974020095,1.1920928955078125e-07,1.1920929e-07,1.1920929e-07,0.0,10.752,11.52,0.66,22.38,375.36,632.08,0.02655339673431127,0.15613574
1981-10-23,-9.967990444359326e-34,867.4651379060102,1.2160609094069699,1.1920928955078125e-07,1.1920929e-07,0.14,0.14,10.752,12.435,4.92,19.95,301.3,873.94,0.025970673959923533,0.18078874
1981-10-24,-5.959643303165265e-34,872.1357416700329,0.7757515590523301,1.1920928955078125e-07,1.1920929e-07,10.29,10.29,10.655997,5.485,-1.25,12.22,214.93,561.57,0.028671309069329236,0.2218771
1981-10-25,-3.59379638629272e-34,876.1139741924704,0.7419978290407713,1.1920928955078125e-07,1.1920929e-07,1.1920929e-07,0.0,10.655997,4.745,0.6,8.89,193.2,636.72,0.0311919688014186,0.2465301
1981-10-26,-2.168729517398872e-34,880.7283521024804,0.9332646880274261,1.1920928955078125e-07,1.1920929e-07,15.66,15.66,10.649202,8.175,4.48,11.87,129.77,838.14,0.03439456929937192,0.29583612
1981-10-27,-1.3117938444954138e-34,917.6249404963212,1.4222268722848677,1.1920928955078125e-07,1.1920929e-07,57.74,57.74,10.56,14.35,9.56,19.14,158.84,1204.42,0.07514446492314983,3.3528094
1981-10-28,-7.946983383347884e-35,947.6537789395561,1.487341513720751,1.1920928955078125e-07,1.1920929e-07,2.6,2.6,10.56,14.555,9.15,19.96,207.36,1172.33,0.14194775912649849,1.0682971
1981-10-29,-4.80011813731074e-35,947.4348725763512,1.318593273671278,1.1920928955078125e-07,1.1920929e-07,1.1920929e-07,0.0,10.463997,12.755,7.65,17.86,227.96,1053.52,0.14129111374096845,0.5423662
1981-10-30,-2.883189452386766e-35,946.4653794765102,1.1561929970367193,1.1920928955078125e-07,1.1920929e-07,0.6,0.6,10.463997,10.675,7.37,13.98,158.12,1034.13,0.138419285211963,0.41088352
1981-10-31,-1.0029393828315721e-35,945.5872408236414,0.9877495717574055,1.1920928955078125e-07,1.1920929e-07,1.1920929e-07,0.0,10.463997,8.225,4.6,11.85,176.7,852.11,0.1358684791557271,0.35335982
1981-11-01,1.0167288137008417e-35,944.4554745039044,1.1241344528909982,1.1920928955078125e-07,1.1920929e-07,1.1920929e-07,0.0,10.367997,10.41,5.83,14.99,218.1,917.54,0.1326501473521556,0.31227148
1981-11-02,2.6208960144385486e-35,943.1303867930467,1.2622551507724562,1.1920928955078125e-07,1.1920929e-07,1.1920929e-07,0.0,10.367997,12.275,5.1,19.45,298.36,882.55,0.1289788261158177,0.29583612
1981-11-03,3.2546430966096254e-35,941.6722839668158,1.3925846039068397,1.1920928955078125e-07,1.1920929e-07,1.1920929e-07,0.0,10.367997,13.885,6.08,21.69,308.86,936.76,0.12505628227851823,0.2794008
1981-11-04,2.3072056849466108e-35,940.1453755051123,1.4221808781226366,1.1920928955078125e-07,1.1920929e-07,1.1920929e-07,0.0,10.272,14.405,6.88,21.93,300.72,994.11,0.1210764483527304,0.2711831
1981-11-05,-1.7138009267270158e-35,938.6896091852838,1.4061059526486146,1.1920928955078125e-07,1.1920929e-07,1.1920929e-07,0.0,10.272,14.245,6.92,21.57,294.03,998.89,0.11740004404880297,0.26296544
1981-11-06,-8.353763000893418e-35,937.344953687663,1.281012507384416,1.1920928955078125e-07,1.1920929e-07,2.61,2.61,10.272,12.76,6.73,18.79,221.21,984.7,0.11410349350869564,0.25474778
1981-11-07,-1.6381780899280774e-34,936.1025713505966,0.9626538267969674,1.1920928955078125e-07,1.1920929e-07,1.1920929e-07,0.0,10.176,8.415,2.62,14.21,258.54,743.09,0.11114000731978309,0.23831244
1981-11-08,-2.456695498361727e-34,934.9536245124314,0.8898620114231977,1.1920928955078125e-07,1.1920929e-07,1.1920929e-07,0.0,10.176,7.22,-1.04,15.48,319.25,569.34,0.10846794249521625,0.23009476
1981-11-09,-3.1678385615631057e-34,933.8892755115141,0.9606872938897629,1.1920928955078125e-07,1.1920929e-07,1.1920929e-07,0.0,10.176,8.42,-0.6,17.44,325.69,589.53,0.10604997935565358,0.2218771
1981-11-10,-3.6485173157050345e-34,932.9006866861918,0.9177358770506742,1.1920928955078125e-07,1.1920929e-07,1.1920929e-07,0.0,10.08,7.875,0.66,15.09,288.61,632.94,0.10385243477658065,0.2218771
1981-11-11,-3.77564179696033e-34,931.979020374811,0.8182102249911899,1.1920928955078125e-07,1.1920929e-07,1.1920929e-07,0.0,10.08,6.13,-0.79,13.05,278.94,582.6,0.10184468968444187,0.2218771
1981-11-12,-3.42612204150181e-34,931.1154389157185,0.8137001687019709,1.1920928955078125e-07,1.1920929e-07,1.1920929e-07,0.0,10.08,6.06,-2.4,14.52,307.24,518.12,0.09999871308567405,0.2218771
1981-11-13,-2.4773871686280745e-34,930.3009707594963,0.6941846943041595,1.1920928955078125e-07,1.1920929e-07,1.1920929e-07,0.0,9.996555,3.805,-4.79,12.4,309.52,426.24,0.09828838968816733,0.2218771
1981-11-14,-1.254940924354814e-34,929.43613111844,0.7389890911720138,1.1920928955078125e-07,1.1920929e-07,1.1920929e-07,0.0,9.984,4.775,-4.57,14.12,317.51,433.73,0.09650430062523968,0.21365942
1981-11-15,-2.6900943246329323e-35,928.4667427960948,0.9200146318120778,1.1920928955078125e-07,1.1920929e-07,1.1920929e-07,0.0,9.984,8.135,-1.5,17.77,313.12,557.79,0.0945430013571037,0.21365942
1981-11-16,2.466679043253391e-35,927.4314616627505,0.9744104200079564,1.1920928955078125e-07,1.1920929e-07,1.1920929e-07,0.0,9.984,9.045,0.96,17.13,287.51,649.35,0.09249238176574516,0.21365942
1981-11-17,1.910521005971131e-35,926.2033615689645,0.9684069122221176,1.1920928955078125e-07,1.1920929e-07,1.1920929e-07,0.0,9.888002,9.12,3.75,14.49,217.4,791.66,0.09011743527442789,0.2218771
1981-11-18,7.304947072841673e-36,924.45215446854,1.0191758192023905,1.1920928955078125e-07,1.1920929e-07,1.1920929e-07,0.0,9.888002,9.95,5.39,14.51,188.66,905.82,0.08683597547157246,0.21365942
1981-11-19,-7.54438149250734e-37,923.1352056705495,0.9679849750702045,1.1920928955078125e-07,1.1920929e-07,1.1920929e-07,0.0,9.888002,9.165,0.46,17.87,294.75,636.66,0.08444719708576541,0.21365942
1981-11-20,-2.6561642694334088e-36,923.336862311984,1.0034146107789073,1.1920928955078125e-07,1.1920929e-07,2.28,2.28,9.881208,9.735,1.5,17.97,266.85,688.15,0.08480867022726046,0.21365942
1981-11-21,-1.604182362561345e-36,923.4682728892516,0.6628691611803651,1.1920928955078125e-07,1.1920929e-07,1.1920929e-07,0.0,9.792,3.535,-1.5,8.57,215.71,551.13,0.08504505829939496,0.21365942
1981-11-22,0.007956583749625892,922.8003056739884,0.5142206171495711,1.1920928955078125e-07,1.1920929e-07,1.1920929e-07,0.0,9.792,-0.175,-4.13,3.78,180.36,451.28,0.08385028363086518,0.20544176
1981-11-23,0.007809820630274861,922.2182298539335,0.5022528052339058,1.1920928955078125e-07,1.1920929e-07,1.1920929e-07,0.0,9.792,-0.505,-8.28,7.27,287.62,320.0,0.08282283515825999,0.20544176
1981-11-24,0.11166669003990419,925.9183443991872,0.5643487838235792,0.08252506441484059,1.3189018e-05,8.349987,8.35,9.792,1.125,-4.69,6.94,176.98,440.0,0.08957503485794041,0.2465301
1981-11-25,0.05437658713643032,931.2979989441319,0.6131215519111294,0.03440341318391935,1.1920929e-07,3.45,3.45,9.695997,2.4,-1.26,6.06,131.35,559.71,0.10038614061475193,0.29583612
1981-11-26,0.028298919462168337,932.0847421315877,0.6560699422121581,0.016138277000612784,1.1920929e-07,1.1920929e-07,0.0,9.695997,3.39,-5.15,11.93,288.09,423.85,0.1020730073623656,0.2794008
1981-11-27,0.014003640887968134,931.3571947770397,0.8607018160294967,0.007491275741065282,1.1920929e-07,1.1920929e-07,0.0,9.695997,7.51,-0.26,15.28,268.98,598.79,0.10051208755366002,0.25474778
1981-11-28,0.007504989905790448,930.3352625936703,0.9154197748912166,0.003893241080245904,1.1920929e-07,1.1920929e-07,0.0,9.695997,8.48,2.3,14.66,230.98,726.87,0.0983598066045662,0.2465301
1981-11-29,0.004472062850921436,929.4361022269758,0.6980906763371487,0.002286021459694902,1.1920929e-07,1.1920929e-07,0.0,9.6892,4.37,-1.23,9.97,216.78,561.68,0.09650424156890146,0.2465301
1981-11-30,0.0026939963361382554,928.7257067209564,0.5442074471149903,0.0010222396874492309,1.1920929e-07,1.1920929e-07,0.0,9.600003,0.84,-6.21,7.89,252.29,383.32,0.09506301018184267,0.23009476
1981-12-01,0.6674998112041317,929.4688410983028,0.5184418894306201,1.1920928955078125e-07,0.15642418,4.5335755,4.69,9.600003,0.125,-3.23,3.48,103.62,477.5,0.0965711854860651,0.2465301
1981-12-02,0.3195270837664784,935.4390172792369,0.6669674278441157,0.3069555852888244,1.1920929e-07,7.13,7.13,9.600003,3.73,-0.53,7.99,128.23,585.63,0.10958887529191355,0.30405378
1981-12-03,0.12764095913110018,938.4577802126362,0.7716149354778635,0.09979455088646119,1.1920929e-07,0.45,0.45,9.600003,5.875,0.14,11.61,217.03,617.99,0.11682497426219257,0.31227148
1981-12-04,0.060742613411670594,938.5209114214343,0.6720868634261158,0.0393219400592765,1.1920929e-07,1.15,1.15,9.600003,3.795,-0.57,8.16,176.78,585.8,0.1169812964506896,0.28761846
1981-12-05,0.03155544869243669,938.9542382753536,0.6170220425658053,0.01824663736142328,1.1920929e-07,1.03,1.03,9.593208,2.53,-0.1,5.16,105.09,605.79,0.11805993775146527,0.2794008
1981-12-06,0.017028108261629545,938.863603045561,0.5412555384242068,1.1920928955078125e-07,1.1920929e-07,1.1920929e-07,0.0,9.516553,0.73,-3.99,5.45,193.84,455.67,0.1178335081444956,0.2711831
1981-12-07,0.008005914916902196,938.2449190362162,0.6201953112479316,0.004163108611430143,1.1920929e-07,1.1920929e-07,0.0,9.503997,2.755,-3.62,9.13,237.92,467.18,0.11629943652688965,0.25474778
1981-12-08,0.004468678283471359,937.425526816359,0.7875078554839408,0.0022842535498059707,1.1920929e-07,1.1920929e-07,0.0,9.503997,6.355,0.43,12.28,224.06,627.6,0.11429839279110748,0.2465301
1981-12-09,0.003304047736165058,936.751548546548,0.5562521659481466,0.0016607217936301301,1.1920929e-07,1.1920929e-07,0.0,9.503997,1.18,-3.75,6.11,202.2,466.09,0.11267829879813537,0.23831244
1981-12-10,0.003182740527092687,936.1953669056336,0.38997144657811833,1.1920928955078125e-07,1.1920929e-07,1.1920929e-07,0.0,9.503997,-3.88,-7.36,-0.4,155.16,352.53,0.11135867011683619,0.2218771
1981-12-11,0.0033430248507146966,935.6772689958333,0.4160485332816009,1.1920928955078125e-07,1.1920929e-07,1.1920929e-07,0.0,9.503997,-2.965,-6.65,0.72,165.37,372.67,0.11014330848126731,0.23009476
1981-12-12,0.003345233726300672,935.1290238552928,0.4598248694442083,1.1920928955078125e-07,1.1920929e-07,1.1920929e-07,0.0,9.503997,-1.54,-6.58,3.5,214.23,375.3,0.1088716685513446,0.26296544
1981-12-13,0.0032820723170404833,934.5679591488221,0.4447650941742187,1.1920928955078125e-07,1.1920929e-07,1.1920929e-07,0.0,9.503997,-2.005,-9.72,5.71,273.03,294.49,0.10758549305931943,0.28761846
1981-12-14,1.9961249004602521,934.0001011241787,0.4726519930435456,1.1920928955078125e-07,5.2494607,0.0005393252,5.25,9.503997,-1.13,-6.9,4.64,196.28,360.0,0.10629921548121452,0.32048914
1981-12-15,5.871769455755693,941.9625252147088,0.5310481549125557,1.1920928955078125e-07,0.034211963,19.915789,19.95,9.503997,0.425,-1.03,1.88,63.16,571.19,0.1258274533039057,0.4930602
1981-12-16,9.44781817583902,958.7638754871606,0.5131669688586801,1.1920928955078125e-07,14.079945,5.010055,19.09,9.497203,-0.315,-2.85,2.22,106.63,498.5,0.17960934752248514,0.95324975
1981-12-17,17.56023295064191,958.7566027780733,0.4849926143912302,1.1920928955078125e-07,1.1920929e-07,1.1920929e-07,0.0,9.467175,-1.08,-6.11,3.95,250.78,394.89,0.17958168179286857,0.5752369
1981-12-18,17.561165906408,958.0847674179712,0.4999022897051791,1.1920928955078125e-07,1.1920929e-07,1.1920929e-07,0.0,9.420558,-0.565,-5.63,4.5,246.57,407.79,0.17704428189008667,0.45197186
1981-12-19,17.561172236255693,957.499790424058,0.3401472264771001,1.1920928955078125e-07,1.1920929e-07,1.1920929e-07,0.0,9.420558,-5.96,-10.27,-1.65,226.36,278.68,0.17486414717217963,0.3862305
1981-12-20,17.561171770588867,957.0062174168136,0.3054041214120009,1.1920928955078125e-07,1.1920929e-07,1.1920929e-07,0.0,9.420558,-7.42,-11.96,-2.88,239.7,244.67,0.17304555875190297,0.36979514
1981-12-21,17.546481838354783,956.5360283121278,0.2996583082483966,1.1920928955078125e-07,1.1920929e-07,1.1920929e-07,0.0,9.420558,-7.67,-14.74,-0.6,302.16,192.98,0.17133072258197793,0.41910118
1981-12-22,23.383099174414408,956.0067452259856,0.44938725775100913,1.1920928955078125e-07,11.64,3.4689904e-07,11.64,9.420558,-2.055,-8.57,4.46,221.11,320.0,0.16942068655435327,0.4930602
1981-12-23,16.043648612514737,968.6220940264768,0.8158735610461499,16.043648612514737,1.1920929e-07,1.1920929e-07,0.0,9.420558,6.53,0.95,12.11,266.87,640.42,0.22131632986935118,0.60810757
1981-12-24,5.872084083265131,977.1603231442456,0.7625623722215007,5.872084083265131,1.1920929e-07,1.1920929e-07,0.0,9.467175,5.295,0.17,10.42,255.39,615.69,0.26518903672032873,0.5505839
1981-12-25,2.1461835003647476,984.5176596890079,0.6125503126235637,2.1461689161737256,1.1920929e-07,8.45,8.45,9.467175,1.92,-1.65,5.49,147.44,542.14,0.30990942784556147,0.5177132
1981-12-26,2.129863027979217,988.3956037804751,0.5089812022215822,1.1920928955078125e-07,0.9187292,0.0012708306,0.92,9.497203,-0.87,-3.76,2.02,163.01,465.69,0.3364399137073509,0.5177132
1981-12-27,2.3128693521683523,987.6952038403998,0.5793061659392634,1.3211912046149556,1.1920929e-07,1.1920929e-07,0.0,9.503997,1.0,-1.82,3.82,166.29,537.29,0.3314855649298332,0.46840718
1981-12-28,0.8976694914723631,988.1889527088284,0.5959065722414787,0.8964983398893829,1.1920929e-07,1.1920929e-07,0.0,9.503997,1.405,-4.11,6.92,268.48,451.44,0.33497049532107726,0.45197186
1981-12-29,0.32798043748548367,987.8018187406182,0.6448299298478697,0.31608440537200416,1.1920929e-07,1.1920929e-07,0.0,9.503997,2.57,-2.11,7.25,238.31,520.43,0.33223498171116705,0.41910118
1981-12-30,0.2246875390092726,987.0209529211654,0.4571351050175319,1.1920928955078125e-07,1.1920929e-07,1.1920929e-07,0.0,9.503997,-2.39,-9.69,4.91,300.64,295.13,0.32678511846152375,0.37801284
1981-12-31,0.22430215140605786,986.253694788832,0.45036051227435436,1.1920928955078125e-07,1.1920929e-07,1.1920929e-07,0.0,9.503997,-2.59,-8.2,3.02,269.99,330.12,0.321517309443232,0.39444816
1982-01-01,3.1656252233617335,991.7278739089645,0.5729446964928364,0.160097225619684,0.0009879366,20.029013,20.03,9.503997,0.78,-3.46,5.02,144.83,470.18,0.36104443120293933,0.93681437
1982-01-02,2.041681533899898,1001.8960070879741,0.5931030936618945,2.0064543683154463,1.1920929e-07,1.1920929e-07,0.0,9.503997,1.135,-6.08,8.35,270.84,387.84,0.44781232397758086,1.1176032
1982-01-03,0.7528808551885905,1016.668056706574,0.6139197025675299,0.7517502618634232,2.5203824e-06,28.189997,28.19,9.503997,1.425,-2.87,5.72,146.63,490.29,0.612325415476845,3.9444816
1982-01-04,0.27743390915370014,1040.984915605159,0.7352918316217898,0.26114113176886194,1.1920929e-07,19.96,19.96,9.503997,3.74,-0.08,7.56,132.9,600.0,1.0248729766591054,4.5690246
1982-01-05,0.11335629080832141,1048.2833792600932,0.7596680613779866,0.08575356035546461,1.1920929e-07,1.1920929e-07,0.0,9.563178,4.03,-2.26,10.32,254.28,521.73,1.1962107476205557,2.1694648
1982-01-06,0.05484327274752587,1046.1368926781943,0.724169556143652,0.03475812492033697,1.1920929e-07,1.1920929e-07,0.0,9.600003,3.29,-2.22,8.8,236.89,524.35,1.1430426552827608,1.3312626
1982-01-07,0.029121485814111347,1044.7068284627078,0.9346865329692511,0.016666037748558224,1.1920929e-07,1.03,1.03,9.600003,7.165,1.65,12.68,234.03,694.14,1.108938482855342,1.0272088
1982-01-08,0.015530428090311212,1043.2510138734463,0.7614740182699199,0.00836699048123741,1.1920929e-07,1.1920929e-07,0.0,9.600003,4.08,-4.65,12.81,294.85,432.33,1.075265217965451,0.8546377
1982-01-09,0.010709537902862078,1041.5872207325435,0.4903896229723988,1.1920928955078125e-07,1.1920929e-07,1.1920929e-07,0.0,9.600003,-2.3,-7.36,2.76,230.94,347.47,1.038031593449689,0.7395903
1982-01-10,0.010460224404864769,1040.1969322977084,0.2669102300088421,1.1920928955078125e-07,1.1920929e-07,1.1920929e-07,0.0,9.600003,-10.58,-18.48,-2.68,296.56,148.32,1.0079093679070874,0.42731884
1982-01-11,0.01064594044407092,1038.9964847842261,0.17417190910131147,1.1920928955078125e-07,1.1920929e-07,1.1920929e-07,0.0,9.6125555,-16.055,-20.02,-12.09,198.0,122.1,0.9826044227252352,0.36979514
1982-01-12,0.00931774226579063,1037.8139719346948,0.25949689318550817,1.1920928955078125e-07,1.1920929e-07,1.1920929e-07,0.0,9.695997,-11.05,-16.81,-5.29,258.4,156.75,0.9582987599361539,0.34514216
1982-01-13,1.6589522482388162,1036.5632302508754,0.35118045911287066,1.1920928955078125e-07,3.73,1.1920929e-07,3.73,9.695997,-7.0,-11.14,-2.86,170.14,269.28,0.9332446505766804,0.3287068
1982-01-14,6.580106722916039,1035.2602754531476,0.4011943742561789,1.1920928955078125e-07,6.04,1.1920929e-07,6.04,9.695997,-5.16,-7.58,-2.74,106.91,347.28,0.9078409954208337,0.31227148
1982-01-15,13.481402234994762,1033.9688408422453,0.38866280323334357,1.1920928955078125e-07,7.47,1.1920929e-07,7.47,9.695997,-5.58,-10.44,-0.72,196.09,272.84,0.883344367503499,0.30405378
1982-01-16,17.259494750777076,1032.6895592236792,0.42362574777572043,1.1920928955078125e-07,1.1920929e-07,1.1920929e-07,0.0,9.708552,-4.39,-10.98,2.2,317.71,265.7,0.8597300204787149,0.29583612
1982-01-17,17.254239344318986,1031.4706263180815,0.3107377323744578,1.1920928955078125e-07,1.1920929e-07,1.1920929e-07,0.0,9.792,-8.715,-20.79,3.36,377.82,113.71,0.8378172153542986,0.29583612
1982-01-18,17.24704266581616,1030.3553150616074,0.2862033203454492,1.1920928955078125e-07,1.1920929e-07,1.1920929e-07,0.0,9.792,-9.795,-16.27,-3.32,321.47,162.89,0.8182568894543654,0.35335982
1982-01-19,19.893122784904037,1029.1752805170975,0.4723280993915615,1.1920928955078125e-07,5.64,1.1920929e-07,5.64,9.792,-2.94,-8.17,2.29,211.09,328.37,0.7980584122689424,0.45197186
1982-01-20,23.904547515071414,1028.4812399113243,0.5922630217381808,1.1920928955078125e-07,0.019906558,3.3200934,3.34,9.792,0.3,-3.21,3.81,154.17,478.66,0.7864122804592137,0.4930602
1982-01-21,18.86292811792661,1038.2083217936015,0.7091878739485343,10.082243919372559,1.1920929e-07,9.07,9.07,9.888002,2.655,-1.25,6.56,168.42,554.89,0.9663367616253072,0.82176703
1982-01-22,14.459855666700301,1045.5383753090648,0.5854773622799035,1.1920928955078125e-07,0.052430686,0.037569318,0.09,9.888002,-0.245,-3.28,2.79,181.81,485.23,1.128643411397711,0.94503206
1982-01-23,18.369462720265897,1043.8795005955778,0.540823210489757,1.1920928955078125e-07,7.2799253,7.4851516e-05,7.28,9.888002,-1.36,-4.62,1.9,147.6,428.91,1.0896749539578385,0.8628554
1982-01-24,22.083471937738903,1042.888974011992,0.5912589164131703,1.1920928955078125e-07,0.356114,1.263886,1.62,9.900558,-0.085,-4.78,4.61,251.15,426.45,1.0670511498653203,0.7395903
1982-01-25,22.596564937866752,1041.4327014818534,0.47584730049086926,1.1920928955078125e-07,1.1920929e-07,1.1920929e-07,0.0,9.984,-3.275,-8.43,1.88,292.2,314.11,1.0346397712015578,0.6574136
1982-01-26,22.599298141067923,1039.9627701989,0.42995144639658567,1.1920928955078125e-07,1.1920929e-07,1.1920929e-07,0.0,9.984,-4.67,-10.67,1.33,324.53,267.86,1.0029226828323432,0.5752369
1982-01-27,22.599298141067923,1038.6099444600145,0.31252145884881377,1.1920928955078125e-07,1.1920929e-07,1.1920929e-07,0.0,9.984,-8.99,-16.46,-1.52,365.17,173.04,0.9745923055325049,0.47662488
1982-01-28,22.599298141067923,1037.2825717204098,0.43500106631992314,1.1920928955078125e-07,1.1920929e-07,1.1920929e-07,0.0,10.08,-4.605,-13.59,4.38,388.46,222.16,0.9475729220461652,0.50949556
1982-01-29,22.384635624314782,1036.0218931418497,0.6531560054856561,2.4091814722028744,1.1920929e-07,1.1920929e-07,0.0,10.08,1.195,-5.62,8.01,350.01,405.9,0.9226050268739857,0.5423662
1982-01-30,16.06844093761854,1040.687130283958,0.7144491997230809,8.981922567968184,1.1920929e-07,1.1920929e-07,0.0,10.08,2.445,-4.57,9.46,354.73,440.0,1.0184289870698189,0.5752369
1982-01-31,6.270994232112457,1048.5363129527082,0.9232085835135927,6.270994232112457,1.1920929e-07,1.1920929e-07,0.0,10.169206,6.04,-0.19,12.27,331.09,601.45,1.202636569511036,0.7395903
1982-02-01,2.2924726724393096,1053.0247621825388,0.9606047179631385,2.292472672185667,1.1920929e-07,6.07,6.07,10.176,6.57,-1.02,14.16,272.73,570.44,1.3225834717234293,1.0682971
1982-02-02,0.8389619692600028,1055.3885761747813,0.6675708154134677,0.8193532588591851,1.1920929e-07,1.1920929e-07,0.0,10.176,1.105,-3.25,5.46,266.98,485.47,1.3904888846270924,0.9614674
1982-02-03,0.33018393763140363,1068.0835155977782,0.7099351603276796,0.318447191670326,7.879734e-07,26.44,26.44,10.235178,1.745,-1.4,4.89,152.19,550.82,1.8194774943243337,4.8155546
1982-02-04,0.13229258135699914,1084.6549370771263,0.9303246359212092,0.10446722789782625,1.1920929e-07,12.37,12.37,10.272,5.49,0.88,10.1,209.85,639.48,2.5845511414792552,4.4211063
1982-02-05,0.06248285838262983,1086.0256897173967,0.8972956907155653,0.04069608142049438,1.1920929e-07,1.1920929e-07,0.0,10.272,4.925,0.24,9.61,284.81,617.98,2.6606914432678805,2.0872881
1982-02-06,0.03289867762476266,1082.6303484489017,0.7922370460718837,0.019131002914707845,1.1920929e-07,1.1920929e-07,0.0,10.331169,3.025,-0.86,6.91,239.99,573.47,2.476060155088226,1.6106633
1982-02-07,0.022620571847648263,1079.5927682504537,0.5374185487688424,1.1920928955078125e-07,1.1920929e-07,1.1920929e-07,0.0,10.367997,-2.6,-10.98,5.78,385.08,266.38,2.3217682589338637,1.2655212
1982-02-08,0.023157157849517062,1076.689110605586,0.642571551316281,1.1920928955078125e-07,1.1920929e-07,1.1920929e-07,0.0,10.367997,-0.01,-8.91,8.89,390.98,315.3,2.1832752151336994,1.1093855
1982-02-09,0.017109772294489237,1076.0683461124486,0.8708344437898005,0.009284966727767534,1.1920929e-07,5.24,5.24,10.457203,4.345,-2.15,10.84,256.19,525.49,2.154756251434027,1.0765148
1982-02-10,0.009907928361023955,1079.3737204850277,0.7052007680444231,0.005135642139239537,6.6167117e-06,6.5299935,6.53,10.463997,1.17,-5.41,7.75,258.36,410.97,2.311020918228378,1.2326505
1982-02-11,0.03213937808045635,1079.6243239372934,0.6775709439938524,1.1920928955078125e-07,1.1920929e-07,1.1920929e-07,0.0,10.463997,0.585,-5.86,7.03,345.67,398.2,2.32332061763626,1.0107734
1982-02-12,0.09496286986981664,1076.2834977552673,0.6716397946191327,1.1920928955078125e-07,1.1920929e-07,1.1920929e-07,0.0,10.56,0.37,-6.86,7.6,365.49,356.15,2.164598247686995,0.93681437
1982-02-13,0.14425299761206148,1075.8207969674907,0.6621391808660985,1.1920928955078125e-07,0.09471785,4.305282,4.4,10.56,0.17,-4.4,4.74,204.39,440.0,2.1434876007184465,0.91216135
1982-02-14,0.18065906324538245,1075.3053278734874,0.7104476092852359,0.15376762153968285,1.1920929e-07,1.1920929e-07,0.0,10.56,1.2,-7.65,10.05,396.58,343.24,2.1202117628592854,0.871073
1982-02-15,0.08307537777431827,1072.0177439190106,0.9283283443250362,0.05786318764816365,1.1920929e-07,1.1920929e-07,0.0,10.655997,5.08,-3.98,14.14,395.55,441.61,1.9775941300475341,0.83820236
1982-02-16,0.04243109128591347,1072.126292342025,1.20418017317438,0.025650203647850332,1.1920929e-07,6.23,6.23,10.655997,9.07,3.64,14.5,229.52,798.8,1.9821462161400751,0.8875084
1982-02-17,0.022482061130341926,1077.4329420017202,1.1534141976556487,0.01249934266348104,1.1920929e-07,10.85,10.85,10.668552,8.305,4.27,12.34,187.23,836.39,2.2179456361166174,1.7832344
1982-02-18,0.011901780224183282,1084.6361129735376,0.7835562363935052,0.0063046021024645,1.1920929e-07,12.68,12.68,10.752,2.245,-1.77,6.26,191.85,537.97,2.5835208424660707,2.859749
1982-02-19,0.004485379319253302,1088.2067806874086,0.745188571775765,0.002291417822274903,2.3901464e-07,4.0099998,4.01,10.752,1.46,-1.46,4.38,146.93,546.64,2.786493902786006,1.9147171
1982-02-20,0.0015438363564990482,1086.8206907854642,1.0044626747020653,0.0007778766366426762,1.1920929e-07,1.1920929e-07,0.0,10.848,5.795,-0.02,11.61,334.51,600.16,2.705874368136509,1.6106633
1982-02-21,0.0008074455075884591,1083.2852553116877,1.1361484962104444,0.0004053526655581285,1.1920929e-07,1.1920929e-07,0.0,10.848,7.73,1.41,14.05,349.04,686.51,2.5106466733889654,1.3970039
1982-02-22,0.0002938466439877539,1079.8921361916896,0.919977852461703,0.00014713918646400912,1.1920929e-07,1.1920929e-07,0.0,10.848,4.565,0.09,9.04,279.24,612.98,2.3365372979966352,1.2162151
1982-02-23,0.00010152628534523723,1076.6457769958638,1.010498056121703,5.078891163694516e-05,1.1920929e-07,1.1920929e-07,0.0,10.944003,5.895,-3.03,14.82,413.1,490.65,2.1812721988300137,1.0929501
1982-02-24,6.016926454906959e-05,1073.2807977432522,1.4507984263663198,3.0093683125252673e-05,1.1920929e-07,1.1920929e-07,0.0,10.944003,11.57,1.12,22.02,421.98,649.56,2.0312147385608994,1.0107734
1982-02-25,3.4481004001673535e-05,1069.9020422238004,1.3594263770318429,1.724347434989973e-05,1.1920929e-07,1.1920929e-07,0.0,11.039997,10.45,-1.42,22.32,437.48,555.77,1.8909284146277692,0.93681437
1982-02-26,2.1611909474690688e-05,1067.1367095446774,0.6016732952685931,1.1920928955078125e-07,1.1920929e-07,1.1920929e-07,0.0,11.039997,-1.725,-7.35,3.9,331.54,345.44,1.7833522624702487,0.871073
1982-02-27,2.6005137109756246e-05,1064.7073485453845,0.5619670265964881,1.1920928955078125e-07,13.9,1.1920929e-07,13.9,11.039997,-2.66,-5.71,0.39,156.87,398.4,1.6939077220239336,0.82176703
1982-02-28,3.603417096484612e-05,1062.2310929142875,0.6722278278912669,1.1920928955078125e-07,9.053841,10.696159,19.75,11.136005,-0.195,-3.74,3.35,183.09,469.24,1.6073519473845714,0.8628554
1982-03-01,4.7693284151451574e-05,1059.7444596302614,0.7822104035138867,2.3852281782584755e-05,1.1920929e-07,1.1920929e-07,0.0,11.136005,2.045,-4.28,8.37,380.71,441.84,1.524883800947327,0.93681437
1982-03-02,5.697674978106383e-05,1057.2839656721815,1.0164297722147946,2.8496490765351395e-05,1.1920929e-07,1.1920929e-07,0.0,11.232,5.865,-1.21,12.94,400.07,560.0,1.4474480096862077,1.0518618
1982-03-03,5.987884096517414e-05,1054.8861280189221,1.0600804266020438,2.994838417130757e-05,1.1920929e-07,1.1920929e-07,0.0,11.232,6.54,-0.12,13.2,391.45,598.11,1.3757691399935148,1.6764047
1982-03-04,5.239383081527381e-05,1052.5874636493586,0.7756640804361159,2.6203548596815703e-05,1.1920929e-07,1.1920929e-07,0.0,11.232,1.895,-1.63,5.42,249.91,550.34,1.3103895960191443,1.5284866
1982-03-05,3.3782342356488464e-05,1050.375476667798,1.025144586559347,1.6894024294854825e-05,1.1920929e-07,1.1920929e-07,0.0,11.328006,5.965,-1.01,12.94,403.31,560.32,1.2504105911959336,1.3312626
1982-03-06,2.03538629451871e-05,1048.249958565683,1.216746010871281,1.0177967171931952e-05,1.1920929e-07,0.03,0.03,11.328006,8.63,1.2,16.06,413.58,670.13,1.1953642614072135,1.544922
1982-03-07,7.84018831599733e-06,1055.24707080209,0.7667325183574839,3.916991006899155e-06,1.5494227e-06,17.329998,17.33,11.424,1.44,-1.26,4.14,146.75,560.61,1.386327477606689,2.465301
1982-03-08,6.221630389098268,1060.9463411115496,0.6823553862844791,1.1920928955078125e-07,7.709002,2.3609974,10.07,11.424,-0.33,-5.86,5.2,273.2,403.57,1.5642015392531154,2.6296544
1982-03-09,4.115737768800858,1064.9298171278551,0.8610761333096412,4.115737768800858,1.1920929e-07,1.1920929e-07,0.0,11.520002,2.89,-4.75,10.53,441.55,429.08,1.7019085050824196,1.8818464
1982-03-10,1.504617542755672,1064.87733301906,1.0437731920749889,1.5046171032595652,1.1920929e-07,1.1920929e-07,0.0,11.520002,5.775,-1.7,13.25,436.42,548.22,1.7000175853768258,1.594228
1982-03-11,0.5484083093475265,1063.0446726897687,1.1843701655426946,0.5461405477545289,1.1920929e-07,1.1920929e-07,0.0,11.520002,7.735,-0.56,16.03,455.06,594.88,1.6352908236984722,1.4134393
1982-03-12,0.205878768884489,1060.970763505104,1.5477246610985846,0.1825799953987152,1.1920929e-07,1.05,1.05,11.615997,11.835,3.26,20.41,455.18,780.59,1.5650109029030284,1.2983918
1982-03-13,0.08876354290322297,1058.4040752553622,1.87480991018191,0.06288026840918827,1.1920929e-07,1.1920929e-07,0.0,11.615997,14.975,8.79,21.16,369.57,1143.14,1.4821997031978622,1.2079976
1982-03-14,0.044051459424326374,1055.1770116270347,1.5553998553313073,0.026800099191535368,1.1920929e-07,1.1920929e-07,0.0,11.712,11.87,5.53,18.21,385.61,903.47,1.3842717806898557,1.1176032
1982-03-15,0.022976467327129914,1056.54027158756,1.1517326274078155,0.012802253082484179,1.1920929e-07,6.19,6.19,11.712,7.145,2.38,11.91,241.48,732.83,1.4248259760854614,1.0929501
1982-03-16,0.012799002129046395,1059.1765106084438,0.8872996943197679,0.006808479051423979,1.1920929e-07,4.0,4.0,11.712,3.17,0.83,5.51,135.21,649.59,1.5066495928693415,1.1504738
1982-03-17,0.007077222660450249,1059.5182773465544,1.613462806565191,0.0036637767929446068,1.1920929e-07,2.17,2.17,11.808002,12.26,2.56,21.96,450.42,725.19,1.5175958428552887,1.0929501
1982-03-18,0.00411851300207335,1057.2719737782315,1.7583395910437636,0.002101655881371536,1.1920929e-07,1.1920929e-07,0.0,11.808002,13.68,4.08,23.28,473.08,812.46,1.4470804007798377,1.0107734
1982-03-19,0.0023557378134913976,1053.9313387979562,1.6342299216361937,0.001191742016792806,1.1920929e-07,1.1920929e-07,0.0,11.903997,12.42,5.79,19.05,403.71,915.78,1.348225622272947,1.0025557
1982-03-20,0.0014108963614058265,1061.734789220012,1.4839106658531365,0.0007104246695069188,1.1920929e-07,18.11,18.11,11.903997,10.765,6.07,15.46,239.43,935.28,1.5905434768377886,4.256753
1982-03-21,0.0008488098407379882,1069.5777177051452,1.418337080646118,0.000426206104919057,1.1920929e-07,4.11,4.11,12.000009,9.81,5.68,13.94,216.45,907.31,1.8779830454344266,2.1530297
1982-03-22,0.0005093313435399692,1068.12654147509,1.2999086892957752,0.0002553142164117289,1.1920929e-07,1.1920929e-07,0.0,12.000009,8.47,1.51,15.43,426.43,685.73,1.8211364117131437,1.742146
1982-03-23,0.0003039581768072648,1065.1219640319152,1.1124839079747835,0.00015221006465891885,1.1920929e-07,1.1920929e-07,0.0,12.000009,6.12,-1.92,14.16,463.66,533.85,1.70884921820831,1.4463099
1982-03-24,0.00016765260131420748,1062.1453633784565,1.2421340028021801,8.389656912746343e-05,1.1920929e-07,1.1920929e-07,0.0,12.096003,7.73,-0.91,16.37,473.12,567.6,1.6044358794853457,1.2819566
1982-03-25,8.74023035159147e-05,1059.3505374409565,1.4007514153394676,4.372024966339131e-05,1.1920929e-07,1.1920929e-07,0.0,12.096003,9.64,0.21,19.07,489.31,624.04,1.5122134961600115,1.1669091
1982-03-26,4.287514646951401e-05,1056.9819558419094,1.332823158211471,2.1442168930148562e-05,1.1920929e-07,8.8,8.8,12.191998,8.775,-0.94,18.49,371.44,573.21,1.4382183402942181,1.4298745
1982-03-27,-3.873820058547647e-06,1054.8587862411082,0.7689658258262659,1.1920928955078125e-07,1.1920929e-07,1.1920929e-07,0.0,12.191998,0.54,-4.27,5.35,351.6,446.97,1.3749726194349305,1.1176032
1982-03-28,-4.357730878533299e-05,1052.8328596628733,0.7160495206107398,1.1920928955078125e-07,1.1920929e-07,1.1920929e-07,0.0,12.288,-0.575,-8.88,7.73,490.37,308.54,1.3172184454835392,1.0107734
1982-03-29,-6.627172695268036e-05,1050.7582529466808,0.8778867014900096,1.1920928955078125e-07,1.1920929e-07,1.1920929e-07,0.0,12.288,2.42,-7.47,12.31,516.53,350.44,1.2605897017675223,0.9614674
1982-03-30,-6.199348180242799e-05,1048.4890429320074,1.2054298007248543,1.1920928955078125e-07,1.1920929e-07,1.1920929e-07,0.0,12.288,7.225,-3.5,17.95,519.67,474.38,1.2014330497436314,0.91216135
1982-03-31,-3.615296171314571e-05,1046.5893568315098,1.7308335231976752,1.1920928955078125e-07,1.1920929e-07,1.1920929e-07,0.0,12.383997,12.82,5.29,20.35,438.2,899.5,1.154049929474553,0.8875084
1982-04-01,-1.6966711898838368e-05,1045.5110595198769,1.6346864219019728,1.1920928955078125e-07,1.1920929e-07,2.0,2.0,12.383997,11.92,3.53,20.31,434.55,784.23,1.1279905886202473,0.8875084
1982-04-02,-7.854020237521678e-06,1043.6258407484593,1.654708513678866,1.1920928955078125e-07,1.1920929e-07,1.1920929e-07,0.0,12.479998,12.02,1.96,22.08,503.68,714.22,1.083836028217355,0.80533165
1982-04-03,-4.582436079925948e-06,1045.4123566083297,1.8938367896346417,1.1920928955078125e-07,1.1920929e-07,7.46,7.46,12.479998,14.17,6.22,22.12,332.81,944.35,1.1256348236040457,0.82176703
1982-04-04,-2.668246879890304e-06,1048.2487936435639,1.7324178172310678,1.1920928955078125e-07,1.1920929e-07,3.78,3.78,12.479998,12.685,5.46,19.91,319.0,903.49,1.1953347668264165,0.81354934
1982-04-05,-1.5653091563861554e-06,1046.5380333735707,1.3455546737389206,1.1920928955078125e-07,1.1920929e-07,1.1920929e-07,0.0,12.576003,8.595,1.48,15.71,431.98,685.02,1.152796052585728,0.72315496
1982-04-06,-9.329237173401185e-07,1046.196741890713,0.9830909227235898,1.1920928955078125e-07,1.1920929e-07,3.85,3.85,12.576003,3.82,-2.2,9.84,294.81,526.05,1.1444925838502036,0.7642433
1982-04-07,0.06754349690874623,1046.1277079941972,0.7063531548622146,1.1920928955078125e-07,1.1920929e-07,1.1920929e-07,0.0,12.672003,-1.12,-7.92,5.68,434.61,336.57,1.1428203064573494,0.71493727
1982-04-08,-0.11001833133957553,1044.1378712748685,0.8401020915016284,1.1920928955078125e-07,1.1920929e-07,1.1920929e-07,0.0,12.672003,1.415,-3.91,6.74,364.8,459.25,1.0956546557284226,0.70671964
1982-04-09,-0.08348820632405457,1045.798101205779,0.935948527311161,1.1920928955078125e-07,1.1920929e-07,8.51,8.51,12.767997,2.87,-1.35,7.09,226.55,555.73,1.1348695326300735,0.7888963
1982-04-10,-0.06007087715890121,1047.2462404999444,1.0755039722205744,1.1920928955078125e-07,1.1920929e-07,1.1920929e-07,0.0,12.767997,4.925,-1.86,11.71,440.8,534.78,1.170219120389912,0.80533165
1982-04-11,-0.041057678864072855,1045.0209297166402,1.1693793681331717,1.1920928955078125e-07,1.1920929e-07,1.1920929e-07,0.0,12.767997,6.225,-0.91,13.36,453.49,576.01,1.1163408912580313,0.7395903
1982-04-12,-0.026789009281065587,1042.6394878464932,1.4168877452215298,1.1920928955078125e-07,1.1920929e-07,1.1920929e-07,0.0,12.863992,9.105,-0.28,18.49,512.7,593.23,1.0614272815553596,0.70671964
1982-04-13,-0.016652809103288105,1039.939291635189,1.991950997001538,1.1920928955078125e-07,1.1920929e-07,1.1920929e-07,0.0,12.863992,14.585,7.51,21.66,428.49,1040.8,1.002424049366664,0.6738489
1982-04-14,-0.009324687307580994,1037.0118899065126,1.957475265202188,1.1920928955078125e-07,1.1920929e-07,1.1920929e-07,0.0,12.959997,14.225,6.85,21.6,440.9,987.85,0.9421556860243622,0.6574136
1982-04-15,-0.005267560205312473,1034.2114526156552,1.947996985099421,1.1920928955078125e-07,1.1920929e-07,0.19,0.19,12.959997,14.19,8.12,20.26,378.03,1089.27,0.8878953870334737,0.6574136
1982-04-16,-0.0030394300375971143,1031.3124949955663,1.9479130607447255,1.1920928955078125e-07,1.1920929e-07,1.1920929e-07,0.0,12.959997,14.235,8.05,20.42,393.77,1083.69,0.8350157161854556,0.6409783
1982-04-17,-0.0016781076625654937,1028.4363433587246,2.2855619091998713,1.1920928955078125e-07,1.1920929e-07,1.1920929e-07,0.0,13.0560055,16.79,11.09,22.49,367.93,1327.51,0.7856647872938965,0.6491959
1982-04-18,-0.001008068755670606,1030.6778853799524,1.8279433637817737,1.1920928955078125e-07,1.1920929e-07,8.39,8.39,13.0560055,13.095,5.49,20.7,344.48,899.42,0.8238667102404924,0.7642433
1982-04-19,-0.0006072616405746315,1032.666504229187,1.576548485665813,1.1920928955078125e-07,1.1920929e-07,1.1920929e-07,0.0,13.152002,10.585,1.96,19.21,497.13,702.92,0.8593102890340798,0.6491959
1982-04-20,-0.0003652319227153012,1030.203458819497,1.6651403666237918,1.1920928955078125e-07,1.1920929e-07,1.1920929e-07,0.0,13.152002,11.49,5.87,17.11,372.16,920.0,0.815629197326338,0.60810757
1982-04-21,-0.00021298134003329365,1027.7731066591768,1.7601990828817862,1.1920928955078125e-07,1.1920929e-07,0.15,0.15,13.152002,12.415,8.59,16.24,269.45,1127.8,0.7747048184208759,0.60810757
1982-04-22,-0.00012425692920269062,1025.4494408863716,1.5069871313093433,1.1920928955078125e-07,1.1920929e-07,1.1920929e-07,0.0,13.248,9.87,2.77,16.97,451.95,749.58,0.7374985064475477,0.5752369
1982-04-23,-5.64752153678275e-05,1023.3197962745726,1.2833444385680643,1.1920928955078125e-07,1.1920929e-07,1.1920929e-07,0.0,13.248,7.405,-1.67,16.48,521.99,540.5,0.7049702818480351,0.5588016
1982-04-24,-9.862557144746457e-06,1021.2448703832,1.492088213447315,1.1920928955078125e-07,1.1920929e-07,1.1920929e-07,0.0,13.331445,9.68,-1.18,20.54,555.28,560.45,0.6746582334142626,0.5423662
1982-04-25,3.749916420162241e-06,1019.2279740354968,1.676179381324729,1.874993364764012e-06,1.1920929e-07,1.1920929e-07,0.0,13.343997,11.535,1.51,21.56,535.99,680.41,0.646443609444179,0.5423662
1982-04-26,2.2587509038541317e-06,1030.9757102264762,2.039079586753277,1.1293882068161793e-06,1.1920929e-07,24.75,24.75,13.343997,14.51,8.09,20.93,307.83,1087.56,0.8290803240153403,1.3148272
1982-04-27,1.3609043142014852e-06,1046.35252713044,2.233765480772911,6.804567872521235e-07,1.1920929e-07,13.02,13.02,13.439992,15.645,11.1,20.19,234.54,1328.02,1.1482753233844687,1.3312626
1982-04-28,8.048017854924382e-07,1052.4795720941372,1.9605560929874732,4.024025120110039e-07,1.1920929e-07,6.83,6.83,13.439992,13.42,6.96,19.88,318.93,1007.02,1.30739841861984,1.3312626
1982-04-29,4.6241339471561367e-07,1052.400348567684,1.5314454472178551,2.312072319231759e-07,1.1920929e-07,1.1920929e-07,0.0,13.439992,9.49,0.59,18.39,526.01,628.73,1.3052063799071632,1.0765148
1982-04-30,2.569926125574162e-07,1049.5881395270503,1.593130058038784,1.284964713917154e-07,1.1920929e-07,1.1920929e-07,0.0,13.536,10.04,1.5,18.58,514.59,685.06,1.229730734075746,0.95324975
1982-05-01,1.077823630106025e-07,1046.6865958037622,1.813538151160186,1.1920928955078125e-07,1.1920929e-07,1.1920929e-07,0.0,13.536,12.14,2.43,21.85,539.88,719.69,1.1564293034503164,0.8628554
1982-05-02,3.946062478382477e-08,1043.6135150730724,2.1070489757400415,1.1920928955078125e-07,1.1920929e-07,1.1920929e-07,0.0,13.542794,14.605,5.51,23.7,520.43,906.25,1.083553105352936,0.80533165
1982-05-03,-2.762235770044919e-10,1040.356732338901,2.116252074873483,1.1920928955078125e-07,1.1920929e-07,1.1920929e-07,0.0,13.632003,14.62,6.36,22.88,497.52,960.62,1.0113266748848087,0.7642433
1982-05-04,-6.957849750026763e-08,1037.0003165233866,1.997180499547779,1.1920928955078125e-07,1.1920929e-07,1.1920929e-07,0.0,13.632003,13.73,3.67,23.79,544.41,792.1,0.9419247561066297,0.70671964
1982-05-05,-1.5325755001036442e-07,1033.5933699624356,2.0812249418118025,1.1920928955078125e-07,1.1920929e-07,1.1920929e-07,0.0,13.668831,14.41,3.52,25.3,556.24,774.1,0.8763470606233827,0.6738489
1982-05-06,-2.3612473413169493e-07,1030.1849949919556,2.3351301167940623,1.1920928955078125e-07,1.1920929e-07,1.1920929e-07,0.0,13.728,16.285,5.9,26.67,540.71,904.0,0.8153102786113132,0.6409783
1982-05-07,-3.0299140288865884e-07,1026.824293947854,2.703481885134714,1.1920928955078125e-07,1.1920929e-07,1.1920929e-07,0.0,13.728,18.79,9.74,27.84,499.68,1191.27,0.7592909913548147,0.60810757
1982-05-08,-3.3866890930565604e-07,1023.5603691660374,2.721363506363745,1.1920928955078125e-07,1.1920929e-07,1.1920929e-07,0.0,13.764828,18.91,11.86,25.96,426.53,1389.09,0.7085717111570075,0.59167224
1982-05-09,-3.279686064070865e-07,1020.4423229824134,2.078706392952847,1.1920928955078125e-07,1.1920929e-07,1.84,1.84,13.8239975,14.415,5.96,22.87,471.1,927.38,0.6632867032810387,0.5670192
1982-05-10,-2.5570184721735016e-07,1017.5192577328892,2.1293305640945164,1.1920928955078125e-07,1.1920929e-07,1.1920929e-07,0.0,13.8239975,14.855,4.99,24.72,526.93,857.42,0.6234654305832364,0.5423662
1982-05-11,-1.2530444848162265e-07,1014.6510460819062,2.3094554059810957,1.1920928955078125e-07,1.1920929e-07,1.1920929e-07,0.0,13.830791,16.23,6.33,26.13,522.92,929.79,0.5867161682863811,0.50949556
1982-05-12,1.601301608583099e-08,1011.5617571950775,2.5123152329200362,1.1920928955078125e-07,1.1920929e-07,1.1920929e-07,0.0,13.919997,17.575,6.99,28.16,535.51,950.74,0.5495536196020347,0.4930602
1982-05-13,1.2991515792327417e-07,1008.2943208628787,2.8135989529186127,1.1920928955078125e-07,1.1920929e-07,1.1920929e-07,0.0,13.919997,19.54,8.87,30.21,529.84,1077.31,0.5128062773645546,0.46840718
1982-05-14,1.7842492093209256e-07,1004.8972368077684,3.0451603902922315,1.1920928955078125e-07,1.1920929e-07,1.1920929e-07,0.0,13.919997,20.95,10.91,30.99,508.69,1247.04,0.4772038949518891,0.45197186
1982-05-15,1.2882008963272473e-07,1001.3989248992311,3.0245274045181767,1.1920928955078125e-07,1.1920929e-07,1.1920929e-07,0.0,14.016,20.775,10.92,30.63,502.43,1245.31,0.44312213461029754,0.42731884
1982-05-16,3.8408357079427186e-08,997.6406897251724,2.9704482501075344,1.1920928955078125e-07,1.1920929e-07,0.86,0.86,14.016,20.53,11.54,29.52,455.8,1332.14,0.40921534141923643,0.41910118
1982-05-17,-4.760184976369749e-08,993.8572579932003,2.9445377154448735,1.1920928955078125e-07,1.1920929e-07,1.1920929e-07,0.0,14.016,20.445,11.14,29.75,483.06,1282.11,0.3777013957627335,0.41088352
1982-05-18,-1.0473845737068013e-07,990.4058362963705,3.0135174863085115,1.1920928955078125e-07,1.1920929e-07,1.1920929e-07,0.0,14.099442,20.8,12.31,29.29,454.96,1397.43,0.35107458523536145,0.39444816
1982-05-19,-1.0852939221555146e-07,987.6436312277384,2.9686072470159575,1.1920928955078125e-07,1.1920929e-07,1.1920929e-07,0.0,14.111998,20.575,13.33,27.82,408.76,1508.52,0.33112365791759796,0.42731884
1982-05-20,-6.496645241218841e-08,987.6110863716779,2.890620353364857,1.1920928955078125e-07,1.1920929e-07,9.03,9.03,14.111998,20.12,13.48,26.76,286.28,1546.91,0.3308954801568778,0.60810757
1982-05-21,-3.349055712730483e-08,992.0415086189008,2.931752488258648,1.1920928955078125e-07,1.1920929e-07,8.0,8.0,14.111998,20.285,14.52,26.05,252.96,1658.85,0.36345089060714253,1.0518618
1982-05-22,-1.8539120068811213e-08,996.5882942899194,2.9834764075219,1.1920928955078125e-07,1.1920929e-07,7.74,7.74,14.207997,20.39,14.57,26.21,256.07,1664.96,0.4001944417232778,0.7395903
1982-05-23,-1.0879263687510343e-08,998.1177538556116,3.028436187675207,1.1920928955078125e-07,1.1920929e-07,4.0,4.0,14.207997,20.62,15.38,25.86,235.53,1743.31,0.4133713379127432,0.6902843
1982-05-24,-6.483333758142649e-09,1003.0077257929973,2.9280814499576646,1.1920928955078125e-07,1.1920929e-07,13.19,13.19,14.207997,19.96,15.56,24.36,205.62,1760.62,0.4584823307713723,0.7888963
1982-05-25,-3.809916016328513e-09,1012.6707844545138,3.1212942633028256,1.1920928955078125e-07,1.1920929e-07,11.87,11.87,14.207997,20.89,16.45,25.33,209.42,1864.21,0.5626157377532579,3.607557
1982-05-26,-2.2894580656121253e-09,1013.0960190087202,3.200825463906202,1.1920928955078125e-07,1.1920929e-07,1.1920929e-07,0.0,14.291445,21.215,16.9,25.53,272.86,1919.97,0.5677060937838251,2.2762947
1982-05-27,-1.3789253254087206e-09,1013.5851294628561,2.9511266852081794,1.1920928955078125e-07,1.1920929e-07,8.56,8.56,14.304,19.8,16.75,22.85,150.15,1906.39,0.5736180676243845,3.5335982
1982-05-28,-8.181389020099237e-10,1021.3018834409605,3.1297367871749135,1.1920928955078125e-07,1.1920929e-07,15.22,15.22,14.304,20.675,17.06,24.29,176.76,1953.33,0.6754734459329368,3.467857
1982-05-29,-4.193289293960009e-10,1028.1694315562488,3.316002357124441,1.1920928955078125e-07,1.1920929e-07,9.48,9.48,14.304,21.555,15.62,27.49,276.39,1769.3,0.7812355553004312,2.5228248
1982-05-30,-1.9534068946006751e-10,1032.5514069266105,3.5206581618893185,1.1920928955078125e-07,1.1920929e-07,7.66,7.66,14.304,22.52,16.22,28.82,289.08,1841.48,0.8572179295145496,2.6050014
1982-05-31,-1.1655912925519245e-10,1030.8733250592866,3.7864506666056954,1.1920928955078125e-07,1.1920929e-07,1.1920929e-07,0.0,14.387447,23.72,16.88,30.56,409.08,1920.15,0.827284295406584,1.7257107
1982-06-01,-7.033527203181155e-11,1034.6226540110008,3.266053200943202,1.1920928955078125e-07,1.1920929e-07,15.2,15.2,14.4000025,21.07,14.71,27.43,299.25,1679.51,0.8956624973651396,1.9147171
1982-06-02,-4.2476747626270056e-11,1040.9610588788478,2.9384027526851524,1.1920928955078125e-07,1.1920929e-07,5.06,5.06,14.4000025,19.16,12.78,25.54,307.3,1478.95,1.0243552248864978,1.3641332
1982-06-03,-2.5481605190118347e-11,1039.0769386198785,3.0897219678582806,1.1920928955078125e-07,1.1920929e-07,1.1920929e-07,0.0,14.4000025,20.045,13.9,26.19,400.64,1584.04,0.9842803145815058,1.1093855
1982-06-04,-1.4973615499775195e-11,1038.6525877043887,2.9570597835835266,1.1920928955078125e-07,1.1920929e-07,8.45,8.45,14.4000025,19.305,14.87,23.74,235.52,1699.09,0.9754729888996698,1.4463099
1982-06-05,-9.038081858100594e-12,1050.806149905051,2.678072404435049,1.1920928955078125e-07,1.1920929e-07,22.37,22.37,14.4000025,17.44,14.22,20.66,183.61,1618.32,1.2618692375474563,7.5766916
1982-06-06,-5.457390713174775e-12,1057.202282168794,2.696420217998287,1.1920928955078125e-07,1.1920929e-07,1.1920929e-07,0.0,14.4368305,17.41,12.3,22.52,374.02,1424.05,1.4449458667651518,2.2352064
1982-06-07,-3.292342289319753e-12,1053.1214920846726,2.8070391481573775,1.1920928955078125e-07,1.1920929e-07,1.1920929e-07,0.0,14.496003,18.08,12.34,23.82,410.48,1427.2,1.3252960310509116,1.5777926
1982-06-08,-1.9110428316644422e-12,1049.7090148697068,3.1661530155568016,1.1920928955078125e-07,1.1920929e-07,1.1920929e-07,0.0,14.496003,20.175,12.49,27.86,488.66,1439.13,1.2328832279387087,1.3312626
1982-06-09,-9.376109914256322e-13,1048.6319863284346,3.32557561511074,1.1920928955078125e-07,1.1920929e-07,5.05,5.05,14.496003,21.035,14.03,28.04,346.51,1600.12,1.2050761550399778,1.2162151
1982-06-10,-4.646391513750288e-13,1049.381703336914,3.3746508832733424,1.1920928955078125e-07,1.1920929e-07,6.05,6.05,14.496003,21.275,16.2,26.35,279.53,1838.79,1.2243653953479887,1.6435341
1982-06-11,-2.7346197104604906e-13,1056.119509829039,3.3874633818773603,1.1920928955078125e-07,1.1920929e-07,14.13,14.13,14.496003,21.23,16.15,26.31,285.48,1834.06,1.4121840082061243,3.5993395
1982-06-12,-1.6253419312029676e-13,1064.817542427114,3.2694896093151122,1.1920928955078125e-07,1.1920929e-07,10.97,10.97,14.496003,20.48,16.04,24.92,292.85,1823.49,1.6978659844637565,1.6599693
1982-06-13,-9.716757430231865e-14,1082.6702777664673,3.0810533917140215,1.1920928955078125e-07,1.1920929e-07,32.24,32.24,14.496003,19.185,15.6,22.77,228.48,1764.5,2.4781551702562514,11.915622
1982-06-14,-5.817293389110528e-14,1095.3481957583945,3.0596776131675525,1.1920928955078125e-07,1.1920929e-07,7.51,7.51,14.496003,18.87,12.44,25.3,360.02,1435.76,3.24153775888242,4.3060594
1982-06-15,-3.493037067648313e-14,1092.419099073281,3.0317019695858987,1.1920928955078125e-07,1.1920929e-07,1.1920929e-07,0.0,14.496003,18.76,10.93,26.59,530.69,1314.78,3.046538629468114,2.5803485
1982-06-16,-2.0906284362695376e-14,1086.0358593562908,3.6123909261189575,1.1920928955078125e-07,1.1920929e-07,1.1920929e-07,0.0,14.502797,21.85,15.44,28.26,472.51,1755.33,2.661264631476385,1.9886762
1982-06-17,-1.1904140374941451e-14,1082.1153706915143,3.685630438217704,1.1920928955078125e-07,1.1920929e-07,3.48,3.48,14.532827,22.225,16.21,28.24,359.75,1840.22,2.449198446386757,1.7585814
1982-06-18,-6.741407015495579e-15,1079.8644960963884,3.3955936241842513,1.1920928955078125e-07,1.1920929e-07,3.41,3.41,14.532827,20.845,15.77,25.92,369.66,1790.9,2.3351697721023403,1.5777926
1982-06-19,-3.6714455652813584e-15,1076.0410732996745,3.371769971261563,1.1920928955078125e-07,1.1920929e-07,1.1920929e-07,0.0,14.57945,20.73,15.14,26.32,447.86,1720.2,2.1535118712863133,1.4134393
1982-06-20,-1.6177388613341574e-15,1070.6766517816568,3.4780461798363884,1.1920928955078125e-07,1.1920929e-07,1.1920929e-07,0.0,14.57945,21.35,14.98,27.72,479.96,1702.32,1.9222090817063706,1.2490859
1982-06-21,-8.140259441407769e-16,1065.5046130562232,3.2942753037507573,1.1920928955078125e-07,1.1920929e-07,1.1920929e-07,0.0,14.57945,20.5,13.9,27.1,491.49,1597.57,1.7227556573793448,1.1176032
1982-06-22,-3.851134487815596e-16,1062.0039575304368,3.41701078404892,1.1920928955078125e-07,1.1920929e-07,1.1920929e-07,0.0,14.57945,21.185,15.58,26.79,443.92,1765.56,1.5996375514161942,1.0518618
1982-06-23,-9.272080357199502e-17,1059.1637199359645,3.069262036864197,1.1920928955078125e-07,1.1920929e-07,2.7,2.7,14.57945,19.395,13.65,25.14,410.26,1564.38,1.5062414640757111,1.0518618
1982-06-24,-4.967551353742568e-18,1055.535828135964,2.934020748309733,1.1920928955078125e-07,1.1920929e-07,1.1920929e-07,0.0,14.57945,18.69,11.81,25.57,504.68,1384.48,1.3948325512781545,0.95324975
1982-06-25,-2.447219306036428e-18,1050.5607836493282,3.0462306361695157,1.1920928955078125e-07,1.1920929e-07,1.1920929e-07,0.0,14.532827,19.46,13.07,25.85,479.84,1511.17,1.255328125964531,0.91216135
1982-06-26,-5.6551028899956195e-19,1045.6324064038977,3.4639671692623732,1.1920928955078125e-07,1.1920929e-07,1.1920929e-07,0.0,14.502797,21.78,15.59,27.97,456.97,1763.52,1.1308935601662549,1.0107734
1982-06-27,2.312342768203808e-19,1042.4019630566625,3.5967863449811626,1.1920928955078125e-07,1.1920929e-07,2.94,2.94,14.496003,22.495,16.01,28.98,414.6,1818.17,1.0561005894654036,1.0682971
1982-06-28,1.3690648192582179e-19,1040.2672592815227,3.600775711532458,1.1920928955078125e-07,1.1920929e-07,4.92,4.92,14.496003,22.55,16.27,28.83,339.42,1845.98,1.00941187802522,0.97790277
1982-06-29,5.0748447369899604e-20,1036.6164429299374,3.6839951598682297,1.1920928955078125e-07,1.1920929e-07,1.1920929e-07,0.0,14.496003,23.01,17.72,28.3,403.06,2031.13,0.934297111142056,0.8628554
1982-06-30,5.334991032962372e-21,1032.2338375969948,3.7053047816880467,1.1920928955078125e-07,1.1920929e-07,1.1920929e-07,0.0,14.496003,23.185,17.51,28.86,423.79,2003.1,0.8514712046647563,0.83820236
1982-07-01,1.4469796313258695e-21,1027.777773209581,3.0228418976408302,1.1920928955078125e-07,1.1920929e-07,1.1920929e-07,0.0,14.496003,19.745,12.3,27.19,510.74,1434.91,0.7747813964366292,0.7642433
1982-07-02,6.2278157352484805e-22,1023.518086568755,2.7143627888726733,1.1920928955078125e-07,1.1920929e-07,1.1920929e-07,0.0,14.496003,17.995,9.44,26.55,545.13,1195.14,0.7079374013415535,0.70671964
1982-07-03,1.605063535166358e-22,1020.2035225031068,3.2922535837557683,1.1920928955078125e-07,1.1920929e-07,1.1920929e-07,0.0,14.496003,21.335,13.77,28.9,503.35,1576.51,0.6599402171657528,0.6820666
1982-07-04,7.586436383787875e-23,1018.2044562257814,3.7563625148935116,1.1920928955078125e-07,1.1920929e-07,7.68,7.68,14.496003,23.665,17.82,29.51,315.7,2049.28,0.6325799661410763,0.71493727
1982-07-05,3.312738340890058e-23,1016.2581113031428,3.2804722586923614,1.1920928955078125e-07,1.1920929e-07,2.12,2.12,14.496003,21.34,16.58,26.1,337.58,1886.51,0.6070315295349035,0.72315496
1982-07-06,8.66682483532399e-24,1013.6147044826702,3.19219227347983,1.1920928955078125e-07,1.1920929e-07,1.1920929e-07,0.0,14.483447,20.93,16.09,25.77,376.85,1828.31,0.5739775141821943,0.71493727
1982-07-07,3.794679764860971e-24,1010.1484554493176,3.314674190941654,1.1920928955078125e-07,1.1920929e-07,1.1920929e-07,0.0,14.406797,21.73,14.7,28.76,478.69,1681.31,0.5333462992041416,0.6738489
1982-07-08,7.141391682200468e-25,1007.4553997989535,3.702611066499343,1.1920928955078125e-07,1.1920929e-07,1.1920929e-07,0.0,14.4000025,23.715,16.89,30.54,462.24,1924.7,0.5037745252941295,0.6327606
1982-07-09,-1.781603338818199e-24,1005.5373013233576,3.707140634349343,1.1920928955078125e-07,1.1920929e-07,2.98,2.98,14.4000025,23.77,17.55,29.99,370.57,2012.04,0.4837175599797819,0.6820666
1982-07-10,-2.9034847342004264e-24,1004.2085535745689,3.670778968879619,1.1920928955078125e-07,1.1920929e-07,3.88,3.88,14.4000025,23.62,17.51,29.73,325.0,2005.23,0.47029338317698133,0.80533165
1982-07-11,-2.1116280149810358e-24,1003.7252828471136,3.726844382023657,1.1920928955078125e-07,1.1920929e-07,2.92,2.92,14.4000025,23.895,18.04,29.75,322.87,2068.78,0.46550389717912233,1.1997799
1982-07-12,-1.2466427116597743e-24,1008.2518594180116,3.6354948960913593,1.1920928955078125e-07,1.1920929e-07,13.41,13.41,14.4000025,23.38,18.01,28.75,294.29,2064.63,0.51234527490348,1.9147171
1982-07-13,-7.500768352608612e-25,1012.3734020929562,3.544765046033875,1.1920928955078125e-07,1.1920929e-07,4.82,4.82,14.310795,22.975,18.11,27.84,311.47,2078.8,0.5590830078410793,1.1751268
1982-07-14,-4.528761432133295e-25,1020.7875312073131,3.6012490155424115,1.1920928955078125e-07,1.1920929e-07,18.67,18.67,14.304,23.115,18.79,27.44,248.66,2174.81,0.6681543783941651,3.4925098
1982-07-15,-2.738143779574189e-25,1025.3114639679802,3.6891507911550496,1.1920928955078125e-07,1.1920929e-07,1.1920929e-07,0.0,14.304,23.46,18.38,28.54,380.04,2116.1,0.7353463018659466,0.9614674
1982-07-16,-1.653488281737645e-25,1020.7963614448322,3.802550882492964,1.1920928955078125e-07,1.1920929e-07,1.1920929e-07,0.0,14.304,24.07,18.5,29.64,405.52,2132.21,0.6682793583152289,0.81354934
1982-07-17,-9.858949987926216e-26,1016.1267274544124,3.9048567993832357,1.1920928955078125e-07,1.1920929e-07,1.1920929e-07,0.0,14.304,24.62,18.36,30.88,435.5,2113.59,0.6053445900468772,0.6820666
1982-07-18,-5.66415403682193e-26,1011.6225819454864,3.878939404960052,1.1920928955078125e-07,1.1920929e-07,1.1920929e-07,0.0,14.207997,24.7,18.36,31.04,436.61,2114.11,0.5502620882317917,0.60810757
1982-07-19,-3.395739394211071e-26,1012.5642885189151,3.7946559432270806,1.1920928955078125e-07,1.1920929e-07,9.21,9.21,14.207997,24.295,17.62,30.97,337.5,2019.62,0.5613480695202809,0.60810757
1982-07-20,-2.0442154928630212e-26,1013.0962071427891,3.9065711998816655,1.1920928955078125e-07,1.1920929e-07,1.1920929e-07,0.0,14.207997,24.8,19.14,30.46,402.87,2221.09,0.56770835604268,0.5588016
1982-07-21,-1.2298937121634261e-26,1008.7664349998633,3.63930886955954,1.1920928955078125e-07,1.1920929e-07,1.1920929e-07,0.0,14.207997,23.625,17.32,29.93,439.64,1985.37,0.5179600355090571,0.50949556
1982-07-22,-7.239039715182713e-27,1004.6303837889018,3.6325003186787233,1.1920928955078125e-07,1.1920929e-07,1.1920929e-07,0.0,14.118794,23.775,17.67,29.88,428.86,2027.13,0.47451422041619057,0.47662488
1982-07-23,-3.2568940875748244e-27,1000.5158550416903,3.6561686189533558,1.1920928955078125e-07,1.1920929e-07,1.1920929e-07,0.0,14.111998,23.97,18.64,29.3,389.55,2153.87,0.43491080211092525,0.46840718
1982-07-24,3.3537882418932065e-27,996.3624614513353,3.446150809183206,1.1920928955078125e-07,1.1920929e-07,20.68,20.68,14.111998,23.005,17.74,28.27,293.57,2033.43,0.3982847191443351,0.95324975
1982-07-25,1.1201238976816335e-26,992.2034096717881,3.4033992555815216,1.1920928955078125e-07,1.1920929e-07,1.1920929e-07,0.0,14.111998,22.86,16.65,29.07,440.02,1890.92,0.3646993968094099,0.61632526
1982-07-26,1.8495072183869433e-26,988.0767031241384,3.643550445898932,1.1920928955078125e-07,1.1920929e-07,1.1920929e-07,0.0,14.016,24.25,17.44,31.06,456.84,2000.49,0.33417502213924,0.5177132
1982-07-27,2.3444901929727396e-26,984.0203452294754,3.729475255694788,1.1920928955078125e-07,1.1920929e-07,1.1920929e-07,0.0,14.016,24.735,17.68,31.79,462.55,2026.42,0.30666206406177043,0.46840718
1982-07-28,2.4260342281065116e-26,980.0723394088889,3.8876788025854006,1.1920928955078125e-07,1.1920929e-07,1.1920929e-07,0.0,14.016,25.545,19.25,31.84,427.99,2231.57,0.28206086970733957,0.45197186
1982-07-29,1.9151007304557488e-26,976.270689083468,3.465441810002112,1.1920928955078125e-07,1.1920929e-07,1.1920929e-07,0.0,14.003442,23.595,17.91,29.28,408.06,2054.33,0.2602387311948158,0.42731884
1982-07-30,1.1254477783057235e-26,972.3090060336937,3.2114577644467994,1.1920928955078125e-07,1.1920929e-07,1.1920929e-07,0.0,13.919997,22.44,18.65,26.23,299.86,2154.54,0.23929239913566203,0.41910118
1982-07-31,6.414291020492048e-27,970.6618709711818,3.2023338860326644,1.1920928955078125e-07,1.1920929e-07,4.5,4.5,13.919997,22.42,19.16,25.68,199.15,2226.52,0.23108785088246847,1.3312626
1982-08-01,3.8659620416088185e-27,979.7195966709288,3.159547050558791,1.1920928955078125e-07,1.1920929e-07,18.43,18.43,13.919997,22.025,16.72,27.33,304.25,1902.6,0.2799613017256434,1.0682971
1982-08-02,2.3316785150683866e-27,984.9668001123123,3.040870297770861,1.1920928955078125e-07,1.1920929e-07,1.1920929e-07,0.0,13.8239975,21.39,14.19,28.59,490.82,1621.74,0.3128717670786118,0.5505839
1982-08-03,1.4065812348840697e-27,981.4923217896569,3.2416991058730855,1.1920928955078125e-07,1.1920929e-07,1.1920929e-07,0.0,13.8239975,22.56,15.91,29.21,464.77,1803.67,0.29067326021200923,0.46840718
1982-08-04,8.188303237726443e-28,978.6183511480143,3.3175988138684653,1.1920928955078125e-07,1.1920929e-07,1.1920929e-07,0.0,13.8239975,23.015,15.3,30.73,493.88,1732.22,0.2735065829936447,0.42731884
1982-08-05,3.6072019912883826e-28,978.8456059895781,3.4776712219176544,1.1920928955078125e-07,1.1920929e-07,1.1920929e-07,0.0,13.728,23.96,16.88,31.04,465.87,1926.73,0.2748262884704563,0.41088352
1982-08-06,8.55265379378093e-29,981.5351165780443,3.730861585870656,1.1920928955078125e-07,1.1920929e-07,14.34,14.34,13.728,25.155,19.49,30.82,300.5,2265.28,0.2909368588966671,0.60810757
1982-08-07,3.151712878955564e-29,985.2166715444694,3.576534485039405,1.1920928955078125e-07,1.1920929e-07,3.29,3.29,13.728,24.34,18.45,30.23,356.76,2133.08,0.3145320541385346,0.5423662
1982-08-08,1.8485191933008217e-29,991.4297900665796,3.535659584143162,1.1920928955078125e-07,1.1920929e-07,15.88,15.88,13.632003,24.15,18.79,29.51,293.67,2174.93,0.35877206031439135,0.6738489
1982-08-09,1.1152264757510018e-29,1009.4432919877894,3.391013298396611,1.1920928955078125e-07,1.1920929e-07,26.91,26.91,13.632003,23.1,18.65,27.55,258.44,2154.01,0.5254393273023217,2.613219
1982-08-10,6.73822294062914e-30,1018.7970489776056,3.4253710381808036,1.1920928955078125e-07,1.1920929e-07,0.21,0.21,13.632003,23.115,17.75,28.48,398.93,2034.43,0.6405700371741686,0.91216135
1982-08-11,4.069772929605604e-30,1014.2948946762481,3.204735311883096,1.1920928955078125e-07,1.1920929e-07,1.1920929e-07,0.0,13.536,22.155,15.78,28.53,448.5,1793.91,0.582306802989706,0.871073
1982-08-12,2.423210677661197e-30,1013.8393566193358,2.9883751883713106,1.1920928955078125e-07,1.1920929e-07,6.19,6.19,13.536,20.955,16.19,25.72,277.53,1838.74,0.5767152374237405,0.8875084
1982-08-13,1.4251311936177573e-30,1013.7007932515082,2.724070779863623,1.1920928955078125e-07,1.1920929e-07,1.1920929e-07,0.0,13.536,19.375,13.49,25.26,434.9,1549.56,0.5750250956891675,0.6327606
1982-08-14,8.448750895860472e-31,1010.408660309368,2.825600246970815,1.1920928955078125e-07,1.1920929e-07,1.1920929e-07,0.0,13.439992,20.175,13.88,26.47,447.99,1586.19,0.5362939257745822,0.5505839
1982-08-15,3.479173521280982e-31,1007.0102083858222,3.0059639693309395,1.1920928955078125e-07,1.1920929e-07,1.1920929e-07,0.0,13.439992,21.295,14.19,28.4,470.92,1622.02,0.49904641730249116,0.50949556
1982-08-16,-1.0927656004891964e-30,1003.7420199239405,3.1270992163405027,1.1920928955078125e-07,1.1920929e-07,1.1920929e-07,0.0,13.350795,22.15,15.14,29.16,462.5,1717.98,0.4656689528086506,0.47662488
1982-08-17,-3.360564220244801e-30,1000.6152269784667,3.286581248984928,1.1920928955078125e-07,1.1920929e-07,1.1920929e-07,0.0,13.343997,23.08,16.75,29.41,430.93,1903.39,0.43582717347897665,0.5670192
1982-08-18,-6.111610394806248e-30,997.5921282627921,3.0548399957584333,1.1920928955078125e-07,1.1920929e-07,14.87,14.87,13.343997,21.86,15.84,27.88,315.12,1787.47,0.4087946431218678,2.843314
1982-08-19,-9.002036011841074e-30,994.6350224903083,2.841144763903924,1.1920928955078125e-07,1.1920929e-07,1.1920929e-07,0.0,13.248,20.785,14.29,27.28,445.69,1632.14,0.38397517629144495,0.772461
1982-08-20,-1.1687972959016812e-29,991.7062083744063,3.0054086659392065,1.1920928955078125e-07,1.1920929e-07,1.1920929e-07,0.0,13.248,21.805,14.58,29.03,465.4,1666.46,0.36087878524556644,0.59167224
1982-08-21,-1.382555312400099e-29,988.7679846284776,3.077036719156669,1.1920928955078125e-07,1.1920929e-07,1.1920929e-07,0.0,13.248,22.265,16.21,28.32,417.0,1844.12,0.3391040665998247,0.50949556
1982-08-22,-1.5070908394461148e-29,985.7826499659136,2.4718502610131523,1.1920928955078125e-07,1.1920929e-07,1.1920929e-07,0.0,13.152002,18.69,10.4,26.98,503.18,1271.97,0.31832538736344246,0.45197186
1982-08-23,-1.508017065806481e-29,982.7125031001054,2.616170256481002,1.1920928955078125e-07,1.1920929e-07,1.1920929e-07,0.0,13.152002,19.705,12.37,27.04,468.48,1445.97,0.2982836011339655,0.41910118
1982-08-24,-1.3509471802479523e-29,979.5198427444445,3.103136675827387,1.1920928955078125e-07,1.1920929e-07,0.01,0.01,13.0560055,22.83,16.65,29.01,410.25,1890.21,0.2787792803667254,0.41088352
1982-08-25,-1.0014943715372817e-29,976.1669676123223,3.2463044940988364,1.1920928955078125e-07,1.1920929e-07,1.1920929e-07,0.0,13.0560055,23.68,18.27,29.09,370.82,2099.87,0.259667628703341,0.40266582
1982-08-26,2.2771949801055637e-30,972.8049268740367,2.4772603636978134,1.1920928955078125e-07,1.1920929e-07,0.16,0.16,13.0560055,19.075,10.73,27.42,496.2,1298.53,0.2418192211033143,0.37801284
1982-08-27,2.9723896223769547e-29,969.6737733731885,2.3775757959444417,1.1920928955078125e-07,1.1920929e-07,1.1920929e-07,0.0,12.959997,18.56,11.55,25.57,455.41,1363.87,0.22630165336441485,0.36157748
1982-08-28,6.72785135485607e-29,966.7514785739413,2.5405786849880228,1.1920928955078125e-07,1.1920929e-07,1.1920929e-07,0.0,12.959997,19.735,12.97,26.5,439.96,1496.3,0.2127188130767302,0.36157748
1982-08-29,1.0981533310511227e-28,964.0139835045976,2.1300000044874707,1.1920928955078125e-07,1.1920929e-07,1.1920929e-07,0.0,12.863992,16.94,8.86,25.02,485.82,1150.96,0.20073542641385136,0.34514216
1982-08-30,1.522086410440574e-28,961.4372291934592,1.9939283571344348,1.1920928955078125e-07,1.1920929e-07,1.1920929e-07,0.0,12.863992,15.89,7.91,23.87,480.48,1073.16,0.1900731547224864,0.32048914
1982-08-31,1.8933272351602935e-28,958.9971566688283,2.299608152117248,1.1920928955078125e-07,1.1920929e-07,3.25,3.25,12.863992,18.31,12.12,24.5,317.45,1409.34,0.18049902474687718,0.33692446
1982-09-01,2.1606186667166137e-28,956.669706959007,2.6738224310485026,1.1920928955078125e-07,1.1920929e-07,1.96,1.96,12.767997,21.045,17.86,24.23,228.61,2045.8,0.17181652839387604,0.37801284
1982-09-02,2.2727035666158644e-28,954.4308210922974,2.9961384630277883,1.1920928955078125e-07,1.1920929e-07,0.09,0.09,12.767997,23.06,17.84,28.28,344.89,2044.58,0.1638587764122541,0.36979514
1982-09-03,2.178324796364382e-28,952.2564400970016,2.837016982678993,1.1920928955078125e-07,1.1920929e-07,1.1920929e-07,0.0,12.672003,22.28,15.93,28.63,400.22,1805.16,0.15648324646018938,0.35335982
1982-09-04,1.8262252174684949e-28,950.1225050014217,2.196770667577279,1.1920928955078125e-07,1.1920929e-07,1.1920929e-07,0.0,12.672003,17.95,9.63,26.27,478.45,1210.83,0.1495677789168934,0.29583612
1982-09-05,9.399159150632145e-29,948.0003224868822,1.9336288640421833,1.1920928955078125e-07,1.1920929e-07,1.1920929e-07,0.0,12.65945,15.88,7.01,24.75,493.47,1008.52,0.1429935182568276,0.2794008
1982-09-06,-3.0728474237707344e-28,945.8177283410487,2.009504329390651,1.1920928955078125e-07,1.1920929e-07,1.1920929e-07,0.0,12.576003,16.665,7.39,25.94,494.6,1037.32,0.13653341094387053,0.2711831
1982-09-07,-1.0194563185744703e-27,943.5650425492587,2.183205513957334,1.1920928955078125e-07,1.1920929e-07,1.1920929e-07,0.0,12.576003,18.09,8.96,27.22,482.57,1159.49,0.1301717561923382,0.2711831
1982-09-08,-1.947818625789392e-27,941.2527297174003,2.2729672328723503,1.1920928955078125e-07,1.1920929e-07,1.1920929e-07,0.0,12.479998,18.94,11.13,26.75,441.61,1330.09,0.12394987307359033,0.2711831
1982-09-09,-2.9976671527253634e-27,938.8912544513615,2.2955553347149027,1.1920928955078125e-07,1.1920929e-07,1.1920929e-07,0.0,12.479998,19.15,13.31,24.99,361.75,1532.81,0.11790254223978341,0.2711831
1982-09-10,-4.074297388085904e-27,936.4910813570308,2.171498467822157,1.1920928955078125e-07,1.1920929e-07,1.1920929e-07,0.0,12.383997,18.385,11.53,25.24,405.94,1362.51,0.11205836362059543,0.2711831
1982-09-11,-5.08300482057454e-27,934.0626750402962,2.1358324812891967,1.1920928955078125e-07,1.1920929e-07,1.1920929e-07,0.0,12.383997,18.15,9.99,26.31,443.93,1239.44,0.10644019682916954,0.2711831
1982-09-12,-5.9290849388947944e-27,931.6165001070459,2.306662310544557,1.1920928955078125e-07,1.1920929e-07,1.1920929e-07,0.0,12.383997,19.495,11.36,27.63,435.25,1349.09,0.1010656586018773,0.26296544
1982-09-13,-6.517833231750193e-27,929.1630211631682,2.422646333336598,1.1920928955078125e-07,1.1920929e-07,1.1920929e-07,0.0,12.288,20.51,12.94,28.08,410.87,1489.71,0.09594765464244422,0.2465301
1982-09-14,-6.754545187844253e-27,926.712702814551,2.5712680900955442,1.1920928955078125e-07,1.1920929e-07,1.1920929e-07,0.0,12.288,21.58,16.61,26.55,298.98,1882.56,0.09109492654099073,0.23831244
1982-09-15,-6.544516295880502e-27,924.2760096670827,2.7453324405108925,1.1920928955078125e-07,1.1920929e-07,2.27,2.27,12.191998,22.9,17.19,28.61,307.46,1964.16,0.08651259780002503,0.2711831
1982-09-16,-5.793042044562453e-27,921.8634063266513,2.7783986598042034,1.1920928955078125e-07,1.1920929e-07,1.1920929e-07,0.0,12.191998,23.155,16.14,30.17,378.52,1834.69,0.08220270627110662,0.26296544
1982-09-17,-4.405417922593647e-27,919.4853573991453,2.2906087113510196,1.1920928955078125e-07,1.1920929e-07,1.1920929e-07,0.0,12.096003,20.0,10.94,29.06,444.23,1315.07,0.07816471337639772,0.2465301
1982-09-18,-1.3064896496498859e-27,917.4807159219708,2.228644126108049,1.1920928955078125e-07,1.1920929e-07,1.1920929e-07,0.0,12.096003,19.57,11.05,28.09,429.25,1324.31,0.07491526022984114,0.2465301
1982-09-19,5.417707011371224e-27,916.6967007948676,2.211074986434276,1.1920928955078125e-07,1.1920929e-07,1.1920929e-07,0.0,12.096003,19.45,13.11,25.79,355.69,1514.02,0.07368146205569974,0.2465301
1982-09-20,1.4346220684297308e-26,917.0911569496442,1.9182242640074856,1.1920928955078125e-07,1.1920929e-07,0.65,0.65,12.000009,17.185,13.68,20.69,209.24,1565.14,0.07429965342649598,0.2465301
1982-09-21,2.3888387698082627e-26,918.57109515403,1.6989438347953525,1.1920928955078125e-07,1.1920929e-07,2.16,2.16,12.000009,15.15,9.92,20.38,295.62,1233.76,0.07666560287567825,0.2711831
1982-09-22,3.2453544381681464e-26,921.0435261757544,1.5590582414956833,1.1920928955078125e-07,1.1920929e-07,19.68,19.68,11.903997,13.835,8.69,18.98,238.81,1135.36,0.08078749465518878,0.50127786
1982-09-23,3.8451027064048097e-26,924.415460782547,1.3845533779015957,1.1920928955078125e-07,1.1920929e-07,1.1920929e-07,0.0,11.903997,11.865,4.73,19.0,403.62,865.22,0.08676851137715717,0.45197186
1982-09-24,4.02901720741368e-26,928.593909742137,1.4030506638388223,1.1920928955078125e-07,1.1920929e-07,1.1920929e-07,0.0,11.903997,12.005,3.66,20.35,433.93,791.2,0.094798000711999,0.30405378
1982-09-25,3.638031574090183e-26,933.4858838222541,1.5462579544643118,1.1920928955078125e-07,1.1920929e-07,1.1920929e-07,0.0,11.808002,13.615,5.57,21.66,419.81,904.42,0.10514771477700695,0.28761846
1982-09-26,2.5264787748429468e-26,938.9879569492701,1.6469009631879852,1.1920928955078125e-07,1.1920929e-07,9.61,9.61,11.808002,14.545,9.24,19.85,235.6,1179.08,0.11814428648370481,0.41088352
1982-09-27,1.1776587161214816e-26,944.3405829280912,1.54769368484643,1.1920928955078125e-07,1.1920929e-07,28.67,28.67,11.712,13.575,8.88,18.27,215.33,1150.22,0.1323277302870071,0.83820236
1982-09-28,1.0146436855321824e-27,948.2928204035226,1.698821892570455,1.1920928955078125e-07,1.1920929e-07,1.1920929e-07,0.0,11.712,15.025,8.22,21.83,375.64,1097.89,0.1438821781425761,0.46018952
1982-09-29,-4.253262211962961e-27,949.6946872417844,1.7332144779560217,1.1920928955078125e-07,1.1920929e-07,1.1920929e-07,0.0,11.615997,15.465,8.74,22.19,370.48,1140.0,0.1482185642757006,0.36157748
1982-09-30,-2.9671995660933023e-27,948.1479969678783,1.7761395768944486,1.1920928955078125e-07,1.1920929e-07,1.1920929e-07,0.0,11.615997,15.895,9.94,21.85,338.28,1235.49,0.14344149103966608,0.33692446
1982-10-01,-1.1318029048039383e-27,946.2294890543567,1.777383217747857,1.1920928955078125e-07,1.1920929e-07,1.1920929e-07,0.0,11.615997,15.94,8.36,23.52,387.72,1109.13,0.13772940637054354,0.33692446
1982-10-02,9.606117442885299e-29,944.2032992063239,2.007795016487798,1.1920928955078125e-07,1.1920929e-07,1.1920929e-07,0.0,11.520002,18.145,9.65,26.64,400.75,1211.63,0.13194350224295393,0.31227148
1982-10-03,3.529861294412436e-28,941.9960252434361,2.2069344636683352,1.1920928955078125e-07,1.1920929e-07,1.1920929e-07,0.0,11.520002,19.785,12.51,27.06,359.11,1440.82,0.12591676844809133,0.30405378
1982-10-04,1.9696113782164489e-28,940.7438917866331,2.286371829808375,1.1920928955078125e-07,1.1920929e-07,1.1920929e-07,0.0,11.424,20.555,14.33,26.78,320.52,1631.74,0.12262114006205446,0.31227148
1982-10-05,1.0068550200843423e-28,941.8955925741318,2.30995153981405,1.1920928955078125e-07,1.1920929e-07,7.6,7.6,11.424,20.71,15.26,26.16,216.91,1737.77,0.1256491924524979,0.31227148
1982-10-06,5.791739867395909e-29,943.9688731818281,2.226792649944893,1.1920928955078125e-07,1.1920929e-07,0.04,0.04,11.340561,20.17,14.31,26.03,309.73,1630.43,0.1312899708177703,0.3862305
1982-10-07,3.016820620292591e-29,942.3507274875973,2.0851755142087325,1.1920928955078125e-07,1.1920929e-07,1.1920929e-07,0.0,11.328006,19.1,12.69,25.51,333.48,1463.4,0.12686634588103415,0.33692446
1982-10-08,1.6629350743406633e-29,940.0606016562595,2.031494139254276,1.1920928955078125e-07,1.1920929e-07,1.1920929e-07,0.0,11.328006,18.7,13.95,23.45,266.72,1591.24,0.12085923718646105,0.32048914
1982-10-09,9.129636967174547e-30,940.4045319449517,2.0144175095908308,1.1920928955078125e-07,1.1920929e-07,4.01,4.01,11.232,18.695,14.86,22.53,165.76,1695.38,0.1217428938288972,0.34514216
1982-10-10,4.773330119712138e-30,945.0081025227395,1.880829273872714,1.1920928955078125e-07,1.1920929e-07,9.64,9.64,11.232,17.46,12.79,22.13,199.75,1482.96,0.13421198296606493,0.46018952
1982-10-11,2.810438477262446e-30,948.4235647993422,1.4183299405606749,1.1920928955078125e-07,1.1920929e-07,1.0,1.0,11.136005,12.91,11.17,14.65,115.31,1333.47,0.1442811865096016,0.50127786
1982-10-12,1.6301768492585252e-30,946.7770338504608,1.5163962227973697,1.1920928955078125e-07,1.1920929e-07,0.43,0.43,11.136005,14.02,10.71,17.33,210.15,1296.46,0.1393360427278497,0.42731884
1982-10-13,9.621599221048705e-31,952.0297082589053,1.6870626485328057,1.1920928955078125e-07,1.1920929e-07,12.0,12.0,11.136005,15.675,12.3,19.05,159.37,1423.93,0.15573354499117464,0.62454295
1982-10-14,5.693952636012767e-31,963.5524765499415,1.442334769426256,1.1920928955078125e-07,1.1920929e-07,13.92,13.92,11.039997,13.065,8.76,17.37,199.58,1141.06,0.19878274335424226,0.91216135
1982-10-15,3.318373301245774e-31,966.5780617746523,1.478100836075014,1.1920928955078125e-07,1.1920929e-07,1.1920929e-07,0.0,11.039997,13.41,7.26,19.56,341.57,1025.75,0.2119388929664478,0.5505839
1982-10-16,1.9701875857283286e-31,965.0948888581783,1.3448035473278626,1.1920928955078125e-07,1.1920929e-07,1.1920929e-07,0.0,10.944003,12.055,6.05,18.06,337.52,937.77,0.20538425102773689,0.45197186
1982-10-17,1.1552535956468434e-31,963.7723965569343,0.949880620557176,1.1920928955078125e-07,1.1920929e-07,1.1920929e-07,0.0,10.944003,6.64,-0.74,14.02,384.06,577.98,0.1997108668104674,0.3862305
1982-10-18,5.71784944927881e-32,962.6144899316333,0.9440946208170945,1.1920928955078125e-07,1.1920929e-07,1.1920929e-07,0.0,10.944003,6.565,-1.88,15.01,401.73,539.05,0.19487236589077572,0.36979514
1982-10-19,-6.888389443195438e-33,961.4001486498954,1.0849114468458765,1.1920928955078125e-07,1.1920929e-07,1.1920929e-07,0.0,10.848,8.865,0.23,17.5,396.95,624.2,0.18992392794406002,0.36979514
1982-10-20,-6.055506250433975e-32,960.1452425044536,1.3495620772776724,1.1920928955078125e-07,1.1920929e-07,1.1920929e-07,0.0,10.848,12.335,4.59,20.08,367.28,847.03,0.18494217393550377,0.36979514
1982-10-21,-8.65372075718099e-32,958.872067578162,1.402224870673722,1.1920928955078125e-07,1.1920929e-07,0.62,0.62,10.752,13.115,6.71,19.52,318.59,983.29,0.18002141903753557,0.36979514
1982-10-22,-6.84951337617507e-32,957.576342151705,1.0859066044879084,1.1920928955078125e-07,1.1920929e-07,1.1920929e-07,0.0,10.752,9.08,2.68,15.48,331.87,744.8,0.17514791185347625,0.36157748
1982-10-23,-3.8115002567309476e-32,955.6588944193466,0.8503642442393938,1.1920928955078125e-07,1.1920929e-07,1.1920929e-07,0.0,10.752,5.355,-1.21,11.92,340.38,562.88,0.16817699998785784,0.34514216
1982-10-24,-1.9552728262023152e-32,954.9343155911324,0.8020562293175665,1.1920928955078125e-07,1.1920929e-07,1.1920929e-07,0.0,10.655997,4.62,-0.23,9.47,280.18,601.85,0.1656156184474415,0.35335982
1982-10-25,-1.1605753735752329e-32,964.5578062847784,0.8610816083719809,1.1920928955078125e-07,1.1920929e-07,21.24,21.24,10.655997,5.54,2.61,8.47,136.87,741.21,0.2030610291392594,0.5588016
1982-10-26,-6.99459721252183e-33,986.0337990129026,1.066637434987255,1.1920928955078125e-07,1.1920929e-07,20.5,20.5,10.649202,8.495,3.4,13.59,213.85,777.48,0.3200232747979995,1.1751268
1982-10-27,-4.2166368862123666e-33,994.5502133677364,1.130254361014589,1.1920928955078125e-07,1.1920929e-07,1.1920929e-07,0.0,10.56,9.395,-0.3,19.09,382.36,596.3,0.3832860384000995,0.6820666
1982-10-28,-2.538964803946831e-33,993.1334234932921,1.1990130495575408,1.1920928955078125e-07,1.1920929e-07,1.1920929e-07,0.0,10.56,10.345,-0.05,20.74,382.93,607.8,0.37195476468033006,0.5505839
1982-10-29,-1.5069379013528033e-33,991.5546845903025,1.2309441285795488,1.1920928955078125e-07,1.1920929e-07,1.1920929e-07,0.0,10.463997,10.93,0.44,21.42,378.15,633.97,0.3597224178202392,0.4930602
1982-10-30,-8.76971373002782e-34,989.93579197665,1.2935681915604629,1.1920928955078125e-07,1.1920929e-07,1.1920929e-07,0.0,10.463997,11.745,1.76,21.73,367.86,701.41,0.34759659401458864,0.46018952
1982-10-31,-4.302284959346528e-34,988.2205948910613,1.4434578576723205,1.1920928955078125e-07,1.1920929e-07,1.1920929e-07,0.0,10.463997,13.535,3.24,23.83,363.65,779.7,0.33519507422312067,0.4437542
1982-11-01,-2.0381162260687068e-34,986.370254082223,1.607720320628666,1.1920928955078125e-07,1.1920929e-07,1.1920929e-07,0.0,10.367997,15.475,5.67,25.28,350.77,921.52,0.32231207293549036,0.41910118
1982-11-02,-1.2108860518859912e-34,984.3805647132896,1.7257938197154166,1.1920928955078125e-07,1.1920929e-07,1.1920929e-07,0.0,10.367997,16.68,7.81,25.55,332.44,1065.0,0.30901080729334884,0.41088352
1982-11-03,-7.22833204845454e-35,983.2106819496581,1.7561676730210336,1.1920928955078125e-07,1.1920929e-07,1.1920929e-07,0.0,10.367997,16.99,9.77,24.21,296.74,1221.92,0.3014477612173749,0.41088352
1982-11-04,-4.26979034122457e-35,992.3535793068492,1.4887748648341645,1.1920928955078125e-07,1.1920929e-07,21.11,21.11,10.272,14.27,7.27,21.27,218.76,1034.54,0.3658612693194146,2.0133293
1982-11-05,2.4256185419841065e-11,1009.3004086702626,0.8506531400847771,1.1920928955078125e-07,1.1920929e-07,17.89,17.89,10.272,5.225,-1.19,11.64,214.65,564.17,0.523851521040749,1.6517516
1982-11-06,5.150454592934276e-11,1016.2141669508042,0.6925903049624396,1.1920928955078125e-07,1.1920929e-07,1.1920929e-07,0.0,10.272,2.06,-4.62,8.74,296.12,430.48,0.606466771210952,0.9039437
1982-11-07,3.040307708948099e-11,1014.9932411132602,0.7855617200541583,1.1920928955078125e-07,1.1920929e-07,1.1920929e-07,0.0,10.176,4.085,-4.62,12.79,331.39,429.45,0.5909841941066369,0.71493727
1982-11-08,1.5711976190802896e-11,1013.5508396958771,0.9352389669669391,1.1920928955078125e-07,1.1920929e-07,1.1920929e-07,0.0,10.176,6.745,-3.4,16.89,341.71,470.83,0.5732016011188151,0.6491959
1982-11-09,8.871299867452228e-12,1011.9741768091873,1.0990598384529848,1.1920928955078125e-07,1.1920929e-07,1.1920929e-07,0.0,10.176,9.265,-0.86,19.39,332.59,573.72,0.5543752963407546,0.59988993
1982-11-10,4.697089566032172e-12,1010.3074585175482,1.1488886364388529,1.1920928955078125e-07,1.1920929e-07,1.1920929e-07,0.0,10.08,10.135,1.81,18.46,298.84,699.3,0.5351455708984472,0.5588016
1982-11-11,2.4034384329249586e-12,1008.647238605516,1.1057640270673157,1.1920928955078125e-07,1.1920929e-07,1.1920929e-07,0.0,10.08,9.56,2.44,16.68,268.28,720.0,0.5166539798770102,0.5423662
1982-11-12,1.4378788166035883e-12,1005.6521390492533,1.3299273061150747,1.1920928955078125e-07,1.1920929e-07,1.1920929e-07,0.0,10.08,12.535,6.69,18.38,224.47,975.5,0.4848955867513837,0.5423662
1982-11-13,8.674907769773511e-13,1012.706414587873,1.0701328996219674,1.1920928955078125e-07,1.1920929e-07,16.67,16.67,9.996555,9.115,1.07,17.16,210.33,664.16,0.5630404977806074,0.7888963
1982-11-14,0.012790030013061091,1019.5261900708883,0.5694907421126094,1.1920928955078125e-07,1.1920929e-07,1.1920929e-07,0.0,9.984,-0.42,-6.73,5.89,245.92,367.89,0.650539840197925,0.6327606
1982-11-15,0.012021124460465214,1018.2797002244612,0.6557317843188111,0.006370714333650812,1.1920929e-07,1.1920929e-07,0.0,9.984,1.645,-3.33,6.62,199.65,480.0,0.6335889491523836,0.5588016
1982-11-16,0.006698141302506055,1017.2353244385987,0.6246172692146398,0.0031135377647607035,1.1920929e-07,1.1920929e-07,0.0,9.984,0.95,-7.22,9.12,285.86,352.54,0.619727133194238,0.5259309
1982-11-17,0.0022965931662305454,1017.0245180494467,0.6989600281040755,0.001161481854018276,1.1920929e-07,1.1920929e-07,0.0,9.888002,2.745,-4.57,10.06,264.95,440.0,0.6169661391016036,0.50949556
1982-11-18,-0.0004256584567238885,1017.195640831023,0.8668480704279934,1.1920928955078125e-07,1.1920929e-07,3.0,3.0,9.888002,5.97,0.97,10.97,146.54,650.22,0.619206442789087,0.5259309
1982-11-19,-0.000683002228335646,1017.316078240999,1.0284143328963677,1.1920928955078125e-07,1.1920929e-07,1.0,1.0,9.888002,8.595,5.44,11.75,129.07,905.95,0.6207880599300436,0.5259309
1982-11-20,-0.0002971321308926875,1018.063383765273,1.099324319438643,1.1920928955078125e-07,1.1920929e-07,4.29,4.29,9.881208,9.635,7.88,11.39,57.81,1070.54,0.6306925858769936,0.5505839
1982-11-21,-8.145019063090066e-06,1018.9038383815089,1.2028454185595805,1.1920928955078125e-07,1.1920929e-07,2.15,2.15,9.792,11.185,8.18,14.19,119.25,1094.82,0.6420205997671407,0.6574136
1982-11-22,0.00010607951250870499,1018.8738145093349,1.3228350085557705,5.3067888409149644e-05,1.1920929e-07,0.68,0.68,9.792,12.705,8.12,17.29,170.63,1089.97,0.6416124420550625,0.6491959
1982-11-23,6.020111976502231e-05,1017.9440833655464,1.3742920212573038,3.0109620319289925e-05,1.1920929e-07,2.99,2.99,9.792,13.335,7.79,18.88,173.08,1065.02,0.6291008850119,0.61632526
1982-11-24,1.3932686311390004e-05,1017.3574562680408,1.213555181813439,6.966828455063846e-06,1.1920929e-07,2.15,2.15,9.792,11.35,4.59,18.11,221.88,856.14,0.6213323794274551,0.59988993
1982-11-25,-1.6662629653692396e-05,1016.7453591962843,0.6870550452103559,1.1920928955078125e-07,1.1920929e-07,1.1920929e-07,0.0,9.695997,2.785,-5.96,11.53,283.42,395.47,0.6133288332541051,0.5588016
1982-11-26,-2.06593249148758e-05,1015.6813213186323,0.7762241459129846,1.1920928955078125e-07,1.1920929e-07,1.1920929e-07,0.0,9.695997,4.62,-3.77,13.01,275.27,466.39,0.5996604825741079,0.5423662
1982-11-27,-1.2098526265847713e-05,1013.6503099148946,0.9576337974193002,1.1920928955078125e-07,1.1920929e-07,1.1920929e-07,0.0,9.695997,7.85,1.8,13.9,221.72,703.65,0.5744105515193632,0.5259309
1982-11-28,-7.100071560548511e-06,1014.4214266155407,0.8083636290620441,1.1920928955078125e-07,1.1920929e-07,5.1,5.1,9.695997,5.25,1.45,9.05,116.39,686.4,0.5838695351903624,0.5588016
1982-11-29,-4.283711637169236e-06,1027.1661419228035,0.9158176478567036,1.1920928955078125e-07,1.1920929e-07,23.13,23.13,9.6892,6.97,2.03,11.91,147.01,720.0,0.7648087784991242,1.544922
1982-11-30,-2.5840627728757232e-06,1036.1934439387055,1.0867124240138213,1.1920928955078125e-07,1.1920929e-07,1.1920929e-07,0.0,9.600003,9.63,1.84,17.42,264.3,699.17,0.9259635493530803,1.2490859
1982-12-01,-1.5382349644780994e-06,1039.656991846552,1.1461487668750212,1.1920928955078125e-07,1.1920929e-07,7.92,7.92,9.600003,10.415,4.83,16.0,160.39,865.82,0.9964479930143648,1.1504738
1982-12-02,-9.213012677823114e-07,1042.2352997323835,1.265207223282614,1.1920928955078125e-07,1.1920929e-07,1.7,1.7,9.600003,11.945,7.14,16.75,184.78,1011.82,1.0523789918048514,1.1340384
1982-12-03,-5.501958096217034e-07,1041.5360366863042,1.469776809491999,1.1920928955078125e-07,1.1920929e-07,1.62,1.62,9.600003,14.375,9.61,19.14,185.51,1208.76,1.0369068325319508,0.9861204
1982-12-04,-3.1390887269774913e-07,1039.7790007455976,1.661148241264836,1.1920928955078125e-07,1.1920929e-07,1.1920929e-07,0.0,9.600003,16.415,12.13,20.7,168.87,1410.64,0.9990264379741273,0.91216135
1982-12-05,-1.6993125138742247e-07,1038.5960217329912,1.6776874806284041,1.1920928955078125e-07,1.1920929e-07,3.37,3.37,9.593208,16.61,12.31,20.91,137.31,1439.43,0.9743049406603143,0.83820236
1982-12-06,-9.742632367054968e-08,1038.7058835914975,1.352371438201895,1.1920928955078125e-07,1.1920929e-07,2.7,2.7,9.516553,13.21,8.04,18.38,187.35,1086.33,0.9765747933566197,0.871073
1982-12-07,-4.830602401137159e-08,1037.5472713059169,0.9088720694435266,1.1920928955078125e-07,1.1920929e-07,1.1920929e-07,0.0,9.503997,6.995,0.5,13.49,246.38,628.86,0.952900555878227,0.80533165
1982-12-08,-2.578247618334221e-08,1035.8811745640066,0.7336513402671939,1.1920928955078125e-07,1.1920929e-07,1.1920929e-07,0.0,9.503997,3.78,-4.34,11.9,277.49,445.32,0.9198592160330622,0.72315496
1982-12-09,-1.540162714724065e-08,1034.2599560330182,0.6955396864701995,1.1920928955078125e-07,1.1920929e-07,1.1920929e-07,0.0,9.503997,3.01,-4.15,10.17,264.6,452.09,0.8888080442089471,0.70671964
1982-12-10,0.00104961934008221,1032.7695595694565,0.5462972324583665,1.1920928955078125e-07,1.1920929e-07,1.1920929e-07,0.0,9.503997,-0.495,-7.38,6.39,262.53,349.21,0.8611880703927883,0.6738489
1982-12-11,0.0037314868366458117,1032.368385352269,0.6345724686786972,0.0019004129737885266,1.1920929e-07,2.72,2.72,9.503997,1.685,-3.04,6.41,189.05,480.0,0.853901258192545,0.6738489
1982-12-12,0.33736915485266994,1042.9069258609006,0.5644472698250553,1.1920928955078125e-07,8.370858,13.349141,21.72,9.503997,-0.165,-4.48,4.15,149.4,438.32,1.0674569642344984,0.95324975
1982-12-13,10.801793423269425,1041.918619408125,0.3634522980610188,1.1920928955078125e-07,1.1920929e-07,1.1920929e-07,0.0,9.503997,-6.33,-13.33,0.67,275.65,225.29,1.0453436056363414,0.8875084
1982-12-14,10.800261340224637,1040.508919497588,0.41171611739597974,1.1920928955078125e-07,1.1920929e-07,1.1920929e-07,0.0,9.503997,-4.595,-12.9,3.71,291.41,228.6,1.014591952129084,0.7888963
1982-12-15,10.792722844331536,1039.0476581964458,0.5217804106430871,1.1920928955078125e-07,1.1920929e-07,1.1920929e-07,0.0,9.503997,-1.24,-8.9,6.42,279.46,320.0,0.983670058785625,0.7888963
1982-12-16,6.126990206236282,1054.414580535611,0.8364470036146023,6.126990206236282,1.1920929e-07,24.9,24.9,9.497203,5.495,-0.53,11.52,181.85,586.56,1.3620964371915893,7.519168
1982-12-17,2.2391921510670505,1068.2537042710962,0.7103234962475131,2.239192150644962,1.1920929e-07,1.1920929e-07,0.0,9.467175,2.9,-1.71,7.51,205.54,542.03,1.8260481812567881,3.0076673
1982-12-18,1.5615669528401541,1066.5599735182197,0.49223892464184504,1.1920928955078125e-07,1.1920929e-07,1.1920929e-07,0.0,9.420558,-2.315,-9.13,4.5,266.84,306.08,1.761699431580183,1.742146
1982-12-19,1.5615681884449104,1064.3622143709342,0.4856988098216428,1.1920928955078125e-07,1.1920929e-07,1.1920929e-07,0.0,9.420558,-2.475,-7.35,2.4,216.46,351.84,1.6815698096028804,1.4134393
1982-12-20,2.60792325858637,1062.2071926246342,0.5590696011025081,1.1920928955078125e-07,1.9147929,0.195207,2.11,9.420558,-0.44,-4.98,4.1,194.73,439.75,1.6065384528325286,1.2079976
1982-12-21,2.612575725234519,1061.0773951595122,0.6224094409174329,2.0539099446295785,1.1920929e-07,1.1920929e-07,0.0,9.420558,1.13,-2.4,4.66,162.46,516.88,1.5685496088824928,1.0929501
1982-12-22,2.1670863964668388,1059.4012016295762,0.5381303670746765,1.1920928955078125e-07,1.1920929e-07,1.1920929e-07,0.0,9.420558,-0.95,-8.34,6.44,271.0,320.62,1.5138371658228773,0.9861204
1982-12-23,1.508752397111261,1057.9767566721596,0.6680627249825271,1.5087514346864799,1.1920929e-07,1.1920929e-07,0.0,9.420558,2.21,-5.5,9.92,272.27,402.26,1.4688446695658308,0.92037904
1982-12-24,0.5506364520006019,1056.728088078947,0.8540202340450591,0.5484094469549858,1.1920929e-07,1.1920929e-07,0.0,9.467175,5.825,-1.51,13.16,262.69,553.42,1.4305054761793787,0.871073
1982-12-25,0.20644651993757226,1054.6588030307491,1.19657120738393,0.18320087027450982,1.1920929e-07,1.1920929e-07,0.0,9.467175,11.09,4.63,17.55,238.3,848.8,1.3691607141618176,0.82176703
1982-12-26,0.08900166237104963,1052.0477317988373,1.5631270059816966,0.06309270912050283,1.1920929e-07,1.1920929e-07,0.0,9.497203,15.395,11.31,19.48,168.17,1344.82,1.2954943111777624,0.80533165
1982-12-27,0.04412468556066907,1049.3920790303962,1.3080621544102016,0.026852346176479285,1.1920929e-07,1.1920929e-07,0.0,9.503997,12.53,8.13,16.93,184.04,1090.2,1.2246345031754522,0.772461
1982-12-28,0.023056027519030877,1047.590108040395,1.2220471142030105,0.012851108862829816,1.1920929e-07,0.9,0.9,9.503997,11.47,7.82,15.12,157.59,1065.9,1.1787735558979253,0.772461
1982-12-29,0.012853816380931353,1045.7607527605926,1.2214468828937934,0.006839391912293854,1.1920929e-07,1.1920929e-07,0.0,9.503997,11.49,5.82,17.16,222.33,922.93,1.1339721097862927,0.7642433
1982-12-30,0.007586399596377283,1043.9237300848422,0.6966101123088058,0.003937014476625666,1.1920929e-07,1.1920929e-07,0.0,9.503997,2.895,-3.14,8.93,241.45,487.6,1.0906962761458041,0.70671964
1982-12-31,0.004699149048349626,1042.2202228119654,0.5979866619803729,1.1920928955078125e-07,1.1920929e-07,1.1920929e-07,0.0,9.503997,0.68,-2.31,3.67,143.24,517.7,1.052042971210342,0.6820666
1983-01-01,0.0028579555967363896,1040.549955504343,0.655484091861114,0.0014493933331786587,1.1920929e-07,1.1920929e-07,0.0,9.503997,2.045,-1.69,5.78,195.61,547.48,1.0154742102996304,0.6738489
1983-01-02,0.0017201732963135921,1039.5954328920498,0.7387530839571702,0.0008674839561760208,1.1920929e-07,1.77,1.77,9.503997,3.83,0.35,7.31,183.0,628.87,0.9951495790031959,0.6574136
1983-01-03,0.0013595574452682528,1039.1979136084851,0.6781513192523541,0.0006843996425743732,1.1920929e-07,4.33,4.33,9.503997,2.565,-1.46,6.59,155.65,551.76,0.9868056632704761,0.70671964
1983-01-04,0.001619618473100273,1038.1243549596454,0.5180417047078457,1.1920928955078125e-07,1.1920929e-07,1.1920929e-07,0.0,9.503997,-1.33,-7.7,5.04,280.62,341.49,0.9646196419541075,0.6574136
1983-01-05,0.0019160940860919037,1036.6445586160899,0.5598710795567685,1.1920928955078125e-07,1.1920929e-07,1.1920929e-07,0.0,9.563178,-0.285,-6.08,5.51,268.22,388.81,0.9348536730031384,0.6327606
1983-01-06,0.001664721990525398,1035.0283262483772,0.6760402414454831,0.0008392890335038724,1.1920929e-07,1.1920929e-07,0.0,9.600003,2.43,-3.26,8.12,264.35,476.94,0.9033917464761028,0.6327606
1983-01-07,0.0008901303492178601,1033.1587800426216,0.7505857628841727,0.0004470459916265708,1.1920929e-07,1.1920929e-07,0.0,9.600003,4.01,-3.15,11.17,292.87,486.9,0.8683171839692239,0.60810757
1983-01-08,0.00026909836973553684,1031.1391371719833,0.7670932804552548,0.00013473021959000892,1.1920929e-07,1.1920929e-07,0.0,9.600003,4.365,-2.51,11.24,289.37,514.2,0.8319552229908421,0.59167224
1983-01-09,-5.860426078196533e-05,1029.8077500058755,0.7085591307770025,1.1920928955078125e-07,1.1920929e-07,1.1920929e-07,0.0,9.600003,3.2,-1.39,7.79,232.61,550.3,0.8088215014255781,0.5752369
1983-01-10,-5.6483425262525045e-05,1030.6033714423222,0.691624894808943,1.1920928955078125e-07,1.1920929e-07,4.79,4.79,9.600003,2.83,-0.16,5.82,124.18,603.63,0.8225674318401182,0.6738489
1983-01-11,-3.292790971185643e-05,1033.6468854014931,0.8233761244934056,1.1920928955078125e-07,1.1920929e-07,3.96,3.96,9.6125555,5.375,2.07,8.68,134.86,704.97,0.8773409815129714,0.772461
1983-01-12,-3.2417271196840665e-05,1033.9832580044279,0.6886127895622888,1.1920928955078125e-07,1.1920929e-07,1.1920929e-07,0.0,9.695997,2.57,-2.13,7.27,240.13,526.62,0.8836141579505272,0.6820666
1983-01-13,-7.701301612597343e-06,1032.4208999866355,0.5542462697098989,1.1920928955078125e-07,1.1920929e-07,1.1920929e-07,0.0,9.695997,-0.57,-5.15,4.01,240.29,417.0,0.8548516003316987,0.6409783
1983-01-14,4.150945658867035e-06,1031.0272506980452,0.5637875927121139,1.1920928955078125e-07,1.1920929e-07,1.1920929e-07,0.0,9.695997,-0.305,-7.85,7.24,310.0,341.39,0.8299859158584673,0.6327606
1983-01-15,3.5390819860277e-05,1029.6069530058303,0.6263116273064661,1.759046935654268e-05,1.1920929e-07,1.1920929e-07,0.0,9.695997,1.24,-5.05,7.53,290.14,423.1,0.8053887914743855,0.6409783
1983-01-16,2.2853489253660703e-05,1028.2407151023033,0.47473555677914864,1.1920928955078125e-07,1.1920929e-07,1.1920929e-07,0.0,9.708552,-2.735,-7.81,2.34,262.16,339.37,0.782416010824722,0.59988993
1983-01-17,1.6518949536440615e-05,1026.998467045096,0.44392640177397946,1.1920928955078125e-07,1.1920929e-07,1.1920929e-07,0.0,9.792,-3.78,-8.5,0.94,253.2,325.98,0.7620973365703115,0.5505839
1983-01-18,1.4296553330188709e-05,1025.847854386496,0.4014829826097808,1.1920928955078125e-07,1.1920929e-07,1.1920929e-07,0.0,9.792,-5.16,-10.36,0.04,272.16,276.02,0.7437484973456593,0.4930602
1983-01-19,1.4478419811669409e-05,1024.7551173002187,0.330977634442323,1.1920928955078125e-07,1.1920929e-07,1.1920929e-07,0.0,9.792,-7.78,-13.21,-2.35,282.14,224.43,0.7267317743631032,0.45197186
1983-01-20,1.535666815764711e-05,1023.6864959599801,0.34627359572861466,1.1920928955078125e-07,1.1920929e-07,1.1920929e-07,0.0,9.792,-7.155,-13.38,-0.93,303.26,222.03,0.710467202628038,0.5505839
1983-01-21,-0.00017068266452400127,1022.6049993372251,0.4121113927135788,1.1920928955078125e-07,1.1920929e-07,1.1920929e-07,0.0,9.888002,-4.89,-9.15,-0.63,242.54,308.15,0.6943772469337762,0.6574136
1983-01-22,4.972598409211889,1021.4616933127905,0.5057597308289078,1.1920928955078125e-07,10.74,3.2007694e-07,10.74,9.888002,-2.005,-4.8,0.79,129.0,428.4,0.6777637732548946,0.6902843
1983-01-23,11.26449725152925,1025.7900697549735,0.6320002795907202,2.108993767583172,1.5167892e-05,11.309985,11.31,9.888002,1.14,-1.14,3.42,106.56,558.32,0.742838745119696,1.1504738
1983-01-24,6.569148774424876,1036.7555197745473,0.6640862552540027,5.025665117543468,1.269579e-07,4.26,4.26,9.900558,1.69,-0.74,4.12,113.28,577.53,0.9370534340475829,1.3312626
1983-01-25,2.5303433341464356,1040.8291195621082,0.6593498562961817,2.5273613168178457,1.1920929e-07,1.1920929e-07,0.0,9.984,1.405,-0.77,3.58,137.0,581.19,1.0214965251647916,0.91216135
1983-01-26,1.8397965546605666,1039.8789560010218,0.5963775161214093,1.1920928955078125e-07,1.1920929e-07,1.1920929e-07,0.0,9.984,-0.04,-6.34,6.26,314.6,381.35,1.00114378898629,0.81354934
1983-01-27,1.1430356939020618,1038.950041116818,0.6891696300424611,1.1430216447258315,1.1920929e-07,1.1920929e-07,0.0,9.984,2.08,-3.76,7.92,302.48,465.67,0.9816382783035066,0.772461
1983-01-28,0.4170958707340996,1037.9831782806573,0.7438533014452398,0.4107548618484299,1.1920929e-07,1.1920929e-07,0.0,10.08,3.08,-1.66,7.82,268.36,547.2,0.9617394573942368,0.7560257
1983-01-29,0.16089241810902016,1036.5899931195215,0.6657046453759349,0.1339787756868367,1.1920929e-07,1.1920929e-07,0.0,10.08,1.465,-6.85,9.78,351.23,358.5,0.9337738284769983,0.72315496
1983-01-30,0.07255333668615467,1035.0083942313815,0.8560152791571444,0.04888820394688464,1.1920929e-07,1.1920929e-07,0.0,10.08,5.225,-1.87,12.32,331.89,533.93,0.9030104295165633,0.71493727
1983-01-31,0.03709710870996367,1033.1640264124433,0.9412415305721503,0.02195012204165695,1.1920929e-07,1.1920929e-07,0.0,10.169206,6.56,-0.98,14.1,337.96,569.93,0.8684136805343547,0.70671964
1983-02-01,0.019334626764164926,1031.3000267712023,0.8429969954521541,0.010598982304586887,1.1920929e-07,1.1920929e-07,0.0,10.176,4.905,-2.67,12.48,340.58,506.66,0.8347952244377637,0.6902843
1983-02-02,0.011097460821732272,1036.574521048811,0.8839810616570424,0.005856298915861889,1.1920929e-07,15.34,15.34,10.176,5.545,0.45,10.64,210.07,633.3,0.9334678651285169,3.607557
1983-02-03,0.006534589609273119,1056.5235406273232,0.9486584614827462,0.0033740089875134156,1.1920929e-07,25.67,25.67,10.235178,6.24,0.6,11.88,224.4,639.77,1.4243211332845807,3.5582511
1983-02-04,0.018763639659399287,1067.528653472165,0.6173529825570712,1.1920928955078125e-07,1.1920929e-07,1.1920929e-07,0.0,10.272,-0.33,-4.72,4.06,264.33,430.63,1.798218993121567,1.9886762
1983-02-05,-0.970203750131063,1065.2380718138677,0.49121133935258904,1.1920928955078125e-07,1.1920929e-07,1.1920929e-07,0.0,10.272,-3.545,-8.92,1.83,308.83,307.84,1.7130569654089147,1.5777926
1983-02-06,4.641172187839431,1063.0451859339669,0.5487779239820114,1.1920928955078125e-07,9.82,2.926588e-07,9.82,10.331169,-2.035,-5.64,1.57,179.79,404.48,1.635308601245498,1.5284866
1983-02-07,12.705972888663336,1060.8802323560699,0.5838248993395941,1.1920928955078125e-07,5.7496233,0.00037665665,5.75,10.367997,-1.175,-4.25,1.9,161.08,440.93,1.5620127795225338,1.3805686
1983-02-08,15.150185437896031,1058.7593508086486,0.6046140553488291,1.1920928955078125e-07,1.1920929e-07,1.1920929e-07,0.0,10.367997,-0.645,-5.23,3.94,296.35,417.11,1.4933955659522078,1.2490859
1983-02-09,15.1462833925716,1056.709920801607,0.5669264444387222,1.1920928955078125e-07,1.1920929e-07,1.1920929e-07,0.0,10.457203,-1.66,-8.32,5.0,364.06,327.21,1.429955116965945,1.1915622
1983-02-10,15.155358996817807,1054.672442122494,0.6514952395143927,1.1920928955078125e-07,1.1920929e-07,1.1920929e-07,0.0,10.463997,0.355,-3.9,4.61,279.82,461.02,1.3695563112084834,1.2079976
1983-02-11,29.27563300466977,1053.1761092647107,0.5183511682057614,1.1920928955078125e-07,28.32,1.1920929e-07,28.32,10.463997,-2.89,-5.96,0.18,168.93,389.5,1.3268300962931,1.0107734
1983-02-12,47.272572131636444,1051.3787591729752,0.48731005744581257,1.1920928955078125e-07,7.02,1.1920929e-07,7.02,10.56,-3.86,-8.1,0.38,235.43,320.0,1.277267066666403,1.1093855
1983-02-13,50.05383451489246,1049.6188492191118,0.5314202892082199,1.1920928955078125e-07,1.1920929e-07,1.1920929e-07,0.0,10.56,-2.62,-8.91,3.67,404.52,306.44,1.230530894690614,1.1915622
1983-02-14,50.04596334515523,1047.8449835874999,0.606287030621745,1.1920928955078125e-07,1.1920929e-07,1.1920929e-07,0.0,10.56,-0.72,-4.78,3.34,313.62,433.27,1.1851544537773127,1.2079976
1983-02-15,48.419047085942395,1047.6968727468955,0.7387270587289515,6.755066650300648,1.1920929e-07,0.11,0.11,10.655997,2.02,-4.18,8.22,404.76,449.11,1.1814422553854371,1.3148272
1983-02-16,35.53723881580079,1058.5257017145698,0.8584715030646333,17.627300262451172,1.1920929e-07,1.1920929e-07,0.0,10.655997,4.095,-3.43,11.62,434.3,475.33,1.4860230592707535,1.3970039
1983-02-17,16.66652844282714,1074.7399769351953,0.9061538763233407,16.66652844282714,1.1920929e-07,1.1920929e-07,0.0,10.668552,4.66,-2.05,11.37,416.94,525.54,2.094974044915761,1.6764047
1983-02-18,6.106818825869312,1082.0540626628228,0.9685785899410435,6.106818825869312,1.1920929e-07,1.1920929e-07,0.0,10.752,5.445,-1.52,12.41,419.72,545.55,2.446020037236315,2.3995597
1983-02-19,2.2325923347941323,1082.5189608825347,0.9016530679260397,2.232592334344576,1.1920929e-07,1.1920929e-07,0.0,10.752,4.36,-3.72,12.44,427.92,464.82,2.470225218850716,2.2352064
1983-02-20,0.8147263054141751,1080.5879783823357,0.9507176900701682,0.814490488674797,1.1920929e-07,1.1920929e-07,0.0,10.848,5.05,-3.4,13.5,429.01,470.95,2.371230015232057,2.194118
1983-02-21,0.2983510536221814,1077.81710361382,1.0193443208078987,0.28397757511696764,1.1920929e-07,1.1920929e-07,0.0,10.848,6.145,-3.44,15.73,440.4,474.03,2.236066688456729,2.1694648
1983-02-22,0.1209035324372245,1074.7918975767896,1.1287028490685662,0.09311122178069184,1.1920929e-07,1.1920929e-07,0.0,10.848,7.75,-2.09,17.59,440.81,522.87,2.0972792414180894,2.2352064
1983-02-23,0.057289628528385775,1074.7395347099086,1.2294487368873646,0.03663277642818439,1.1920929e-07,6.24,6.24,10.944003,8.94,2.28,15.6,279.29,716.71,2.094954421680439,2.9501436
1983-02-24,0.029639551655285756,1075.1408575015107,0.9194319859844804,0.01700009489806684,1.1920929e-07,1.72,1.72,10.944003,4.49,-2.4,11.38,378.22,510.75,2.112838476693399,2.5474777
1983-02-25,0.01689002107066505,1074.1993328279318,0.7612590738883143,0.009154528454247956,1.1920929e-07,1.99,1.99,11.039997,1.575,-2.41,5.56,262.6,516.99,2.0711203169750045,2.0708528
1983-02-26,0.050634817531466175,1072.2845514120725,0.6561237853791674,1.1920928955078125e-07,1.1920929e-07,1.1920929e-07,0.0,11.039997,-0.555,-5.78,4.67,341.06,405.2,1.9888017489739878,1.7585814
1983-02-27,0.04867912017378011,1069.4912689722896,0.6719185487529424,1.1920928955078125e-07,1.1920929e-07,1.1920929e-07,0.0,11.039997,-0.175,-8.04,7.69,429.27,336.35,1.8745474408693477,1.594228
1983-02-28,0.0398511264668363,1066.622412506076,0.8166771949346541,0.02384412142872594,1.1920929e-07,1.1920929e-07,0.0,11.136005,2.585,-4.09,9.26,395.8,440.23,1.7640308773153832,1.495616
1983-03-01,0.025199851105320255,1064.9839366539065,1.0586523101974306,0.014179158422203636,1.1920929e-07,2.0,2.0,11.136005,6.505,1.92,11.09,308.85,707.08,1.7038605489063676,1.4627453
1983-03-02,0.011924277822166776,1062.857862561054,1.273702937913876,0.006317189314287127,1.1920929e-07,1.1920929e-07,0.0,11.232,9.26,4.02,14.5,342.71,814.0,1.628832989236821,1.3970039
1983-03-03,0.0045091451056541165,1059.9118885529308,1.3740662277080729,0.0023053949159110828,1.1920929e-07,1.1920929e-07,0.0,11.232,10.495,1.41,19.58,452.53,675.15,1.530301164320683,1.2819566
1983-03-04,0.002536163582182882,1056.8494669809365,1.595585791369542,0.001284161243514162,1.1920929e-07,1.1920929e-07,0.0,11.232,12.925,2.27,23.58,466.67,713.96,1.4341879659619967,1.2326505
1983-03-05,0.001443669190138241,1053.842314671996,1.6777638881572101,0.0007270449564013652,1.1920929e-07,1.1920929e-07,0.0,11.328006,13.645,4.63,22.66,435.65,850.76,1.3456857532264939,1.1915622
1983-03-06,0.0008483328034754089,1055.6647248383174,1.6620878768453662,0.0004259655623113546,1.1920929e-07,10.33,10.33,11.328006,13.465,8.4,18.53,235.56,1111.86,1.3986459067840349,1.3970039
1983-03-07,0.0004885962688946643,1063.01914280561,1.6769287664295065,0.0002448949490449826,1.1920929e-07,10.07,10.07,11.424,13.36,9.42,17.3,192.51,1193.89,1.6344067736481993,1.9886762
1983-03-08,0.0002885387078154884,1068.6823870383516,1.6889933214367643,0.00014447749022811128,1.1920929e-07,8.46,8.46,11.424,13.39,9.29,17.49,198.41,1183.46,1.8427042259163071,2.0215468
1983-03-09,0.0001699411533870318,1073.704498619955,1.2288019041870548,8.504277666517608e-05,1.1920929e-07,8.48,8.48,11.520002,8.15,5.04,11.26,160.27,887.14,2.04952589917665,2.0872881
1983-03-10,8.920280172175664e-05,1077.9981089287137,0.9962258012921327,4.4621293709146765e-05,1.1920929e-07,5.2,5.2,11.520002,4.885,2.58,7.19,125.87,741.88,2.244656018581172,2.111941
1983-03-11,3.76305599531003e-05,1080.1751872165007,0.8966746328016736,1.8818820124114333e-05,1.1920929e-07,5.22,5.22,11.520002,3.28,0.92,5.64,135.75,656.7,2.3505877534608013,2.1283765
1983-03-12,1.9255743805045087e-05,1079.4801707675308,0.9041730203502353,9.628798861693393e-06,1.1920929e-07,1.1920929e-07,0.0,11.615997,3.29,0.01,6.57,241.49,611.18,2.316237557726482,1.8078874
1983-03-13,6.97989983096165e-06,1077.2245168650272,1.081272868721929,3.4900717129849013e-06,1.1920929e-07,1.1920929e-07,0.0,11.615997,6.01,0.17,11.85,378.57,617.67,2.208175668296248,1.6435341
1983-03-14,-2.2169851266401415e-06,1074.1251624187753,1.2056638428388267,1.1920928955078125e-07,1.1920929e-07,1.1920929e-07,0.0,11.712,7.595,-1.55,16.74,466.24,545.18,2.067869104645188,1.544922
1983-03-15,-5.5873791911144135e-06,1070.6455258069275,1.526095394982438,1.1920928955078125e-07,1.1920929e-07,1.1920929e-07,0.0,11.712,11.335,1.52,21.15,470.4,688.34,1.920942215188613,1.4627453
1983-03-16,-3.516666105818249e-06,1067.0399843583612,1.6798158881758345,1.1920928955078125e-07,1.1920929e-07,1.1920929e-07,0.0,11.712,12.925,3.98,21.87,451.08,811.06,1.7797023509753473,1.3641332
1983-03-17,-2.067714926218326e-06,1064.6015900069588,1.132092416330917,1.1920928955078125e-07,1.1920929e-07,1.87,1.87,11.808002,6.64,1.76,11.52,290.13,693.06,1.6901174596333057,1.3312626
1983-03-18,-1.2489415014551075e-06,1084.687098341264,1.1020378827467832,1.1920928955078125e-07,1.1920929e-07,41.1,41.1,11.808002,5.945,3.86,8.03,116.98,800.55,2.586312373611466,7.2562027
1983-03-19,-7.543811407112287e-07,1116.142693949822,1.3834744428272354,1.1920928955078125e-07,1.1920929e-07,28.16,28.16,11.903997,8.88,6.21,11.55,147.83,946.92,5.035436035921245,7.872528
1983-03-20,-4.5488943307884323e-07,1121.4541060040883,1.5079600864456135,1.1920928955078125e-07,1.1920929e-07,1.1920929e-07,0.0,11.903997,10.155,3.22,17.09,424.25,769.81,5.635028300241409,2.218771
1983-03-21,-2.743716488546783e-07,1119.354604976521,1.5895598061538052,1.1920928955078125e-07,1.1920929e-07,8.58,8.58,12.000009,10.89,4.13,17.65,315.2,824.84,5.389929107596204,3.2952857
1983-03-22,-1.6498100276888044e-07,1116.5854827557857,1.0001720439841926,1.1920928955078125e-07,1.1920929e-07,1.1920929e-07,0.0,12.000009,3.805,-2.06,9.67,403.36,530.59,5.082884517065771,2.4981718
1983-03-23,-9.894357661712649e-08,1110.8024333674653,0.8515691273149224,1.1920928955078125e-07,1.1920929e-07,1.1920929e-07,0.0,12.000009,1.505,-4.12,7.13,403.33,452.06,4.496894425388456,2.111941
1983-03-24,-5.823914999544557e-08,1105.672546429613,0.8858616104588037,1.1920928955078125e-07,1.1920929e-07,1.1920929e-07,0.0,12.096003,2.035,-4.16,8.23,433.87,451.27,4.03388488583938,1.8982818
1983-03-25,-3.375572813205158e-08,1100.523884349516,0.9134174363916118,1.1920928955078125e-07,1.1920929e-07,1.1920929e-07,0.0,12.096003,2.555,-2.95,8.06,407.32,495.52,3.617109027260399,1.7585814
1983-03-26,-1.7770742738025264e-08,1095.901613490587,0.9463938207601647,1.1920928955078125e-07,1.1920929e-07,1.1920929e-07,0.0,12.191998,3.025,-5.97,12.02,510.72,390.0,3.279758797033057,1.6106633
1983-03-27,-1.0304371075781017e-08,1094.417764703122,1.046818959043818,1.1920928955078125e-07,1.1920929e-07,6.37,6.37,12.191998,4.55,-2.21,11.31,339.26,517.92,3.1782800762728343,2.366689
1983-03-28,-6.196230807498268e-09,1103.2209978898857,1.1256213352183144,1.1920928955078125e-07,1.1920929e-07,20.95,20.95,12.288,5.405,0.97,9.84,257.45,656.72,3.829763987479792,3.4185507
1983-03-29,-3.719304964930277e-09,1107.8793513272115,1.1367411406948962,1.1920928955078125e-07,1.1920929e-07,1.1920929e-07,0.0,12.288,5.49,1.41,9.57,326.42,681.71,4.226916065449676,2.1283765
1983-03-30,-2.2153825781185162e-09,1102.1086358958332,0.975217187452505,1.1920928955078125e-07,1.1920929e-07,1.1920929e-07,0.0,12.288,3.27,-4.34,10.88,492.2,443.82,3.740585031111331,1.8489758
1983-03-31,-1.3219015701324696e-09,1100.7435880107678,1.0662499280376303,1.1920928955078125e-07,1.1920929e-07,6.43,6.43,12.383997,4.505,-0.05,9.06,269.58,600.0,3.6339807809305986,1.8489758
1983-04-01,-7.675876212602453e-10,1100.752311262632,1.1744580828146867,1.1920928955078125e-07,1.1920929e-07,3.59,3.59,12.383997,5.965,1.13,10.8,326.96,661.53,3.6346522895440994,1.7750168
1983-04-02,-4.607319551246424e-10,1096.9084038210246,1.3968508630964502,1.1920928955078125e-07,1.1920929e-07,1.1920929e-07,0.0,12.479998,8.565,3.65,13.48,386.41,788.72,3.3504507967313537,6.2125587
1983-04-03,-2.789572338024831e-10,1112.9371411089699,1.3024806779123046,1.1920928955078125e-07,1.1920929e-07,40.49,40.49,12.479998,7.26,2.2,12.32,304.7,715.44,4.704891388534782,14.134393
1983-04-04,-1.6883731621889402e-10,1125.6114922295485,1.5415023591845938,1.1920928955078125e-07,1.1920929e-07,1.1920929e-07,0.0,12.479998,9.7,3.79,15.61,449.71,801.3,6.153743351336019,4.5443716
1983-04-05,-1.0047196956904984e-10,1118.681164960315,1.5800874132757947,1.1920928955078125e-07,1.1920929e-07,1.1920929e-07,0.0,12.576003,10.065,3.49,16.64,474.93,781.54,5.313591484126298,3.1802382
1983-04-06,-5.978225500965895e-11,1113.4082880171914,1.7403618061616413,1.1920928955078125e-07,1.1920929e-07,2.68,2.68,12.576003,11.67,6.75,16.59,364.89,979.72,4.752078695009498,2.6296544
1983-04-07,-3.4714860303691823e-11,1113.092917452672,2.091908068819262,1.1920928955078125e-07,1.1920929e-07,10.05,10.05,12.672003,14.52,9.93,19.11,277.88,1234.03,4.72044095252889,2.8350961
1983-04-08,-2.0900384193977966e-11,1116.9788227577983,2.1017846143129884,1.1920928955078125e-07,1.1920929e-07,10.98,10.98,12.672003,14.54,12.04,17.04,165.55,1403.11,5.12540901396886,2.720049
1983-04-09,-1.2641243907821936e-11,1117.6398320054275,2.0924963651636617,1.1920928955078125e-07,1.1920929e-07,5.03,5.03,12.767997,14.335,10.85,17.82,240.61,1308.21,5.197674396989625,4.749813
1983-04-10,-7.65315972956508e-12,1143.3112613728235,1.9229334566873681,1.1920928955078125e-07,1.1920929e-07,60.75,60.75,12.767997,12.6,7.67,17.53,295.78,1053.33,8.952768429753775,29.830143
1983-04-11,-4.624618665622444e-12,1156.3442039751199,1.638821282965233,1.1920928955078125e-07,1.1920929e-07,1.1920929e-07,0.0,12.767997,9.88,4.42,15.34,429.16,847.57,11.798413723185906,7.404121
1983-04-12,-2.7930888313419104e-12,1144.526158314088,1.5414487867562645,1.1920928955078125e-07,1.1920929e-07,1.1920929e-07,0.0,12.863992,8.965,2.76,15.17,466.38,751.41,9.186139513150728,4.6018953
1983-04-13,-1.5717650882722402e-12,1134.2897107803562,1.7196691114670997,1.1920928955078125e-07,1.1920929e-07,1.1920929e-07,0.0,12.863992,10.825,2.9,18.75,519.75,753.4,7.395528773081599,3.6404278
1983-04-14,-8.155651524593238e-13,1125.7310042370234,1.9015961842554707,1.1920928955078125e-07,1.1920929e-07,1.1920929e-07,0.0,12.959997,12.43,6.84,18.02,438.65,987.55,6.16934071334272,3.065191
1983-04-15,-4.813294659726511e-13,1121.4573313348749,1.8703064953950397,1.1920928955078125e-07,1.1920929e-07,7.83,7.83,12.959997,12.225,7.95,16.5,280.08,1078.34,5.63541327798737,4.2896237
1983-04-16,-2.876588324469156e-13,1125.0083790311737,1.410538058283316,1.1920928955078125e-07,1.1920929e-07,14.89,14.89,12.959997,7.74,1.5,13.98,364.03,684.37,6.07563137779469,3.7801282
1983-04-17,-1.7103160145698219e-13,1123.5333329683851,1.2015849872658146,1.1920928955078125e-07,1.1920929e-07,1.1920929e-07,0.0,13.0560055,5.2,-2.91,13.31,543.1,498.37,5.888743682941265,3.0076673
1983-04-18,-1.0361311413411815e-13,1116.7284016912345,1.1078025866274692,1.1920928955078125e-07,1.1920929e-07,1.1920929e-07,0.0,13.0560055,4.07,-2.43,10.57,493.04,516.9,5.09829470570091,2.6953957
1983-04-19,0.7460719591903775,1112.0100583769024,0.8165423547260422,1.1920928955078125e-07,2.9572113,0.27278873,3.23,13.152002,-0.45,-4.46,3.56,282.18,439.56,4.61340395605671,2.4981718
1983-04-20,0.5828412614234295,1108.4403357359893,1.0139352658659497,0.5811311409282811,1.1920929e-07,1.1920929e-07,0.0,13.152002,2.755,-1.97,7.48,425.21,532.49,4.277441215284799,2.218771
1983-04-21,0.21761740436831248,1103.6028541594435,1.2666560974321912,0.19543989176979343,1.1920929e-07,1.1920929e-07,0.0,13.152002,6.16,-0.62,12.94,520.85,583.18,3.8608653826592154,2.0461998
1983-04-22,0.09319988370463793,1098.7099357216646,1.4251504125241263,0.06686911129333878,1.1920929e-07,1.1920929e-07,0.0,13.248,7.925,-1.16,17.01,570.21,565.43,3.4807698782374845,1.9147171
1983-04-23,0.04605016925518453,1093.9090689491486,1.6753282520115789,0.02823488693635946,1.1920929e-07,1.1920929e-07,0.0,13.248,10.52,4.61,16.43,463.72,851.23,3.144218629447213,2.218771
1983-04-24,0.02550596111639278,1113.919528679962,1.6525633616502051,0.01437060557890059,1.1920929e-07,49.35,49.35,13.331445,9.92,7.19,12.65,190.51,1020.6,4.803817093534343,12.079975
1983-04-25,0.014700633986688704,1130.3935387369522,1.4830953821772563,0.007889617712469817,1.1920929e-07,0.14,0.14,13.343997,7.99,1.93,14.05,486.62,706.13,6.809713330550214,4.5197186
1983-04-26,0.008608274530572385,1122.4955654529172,1.9041638388071136,0.00448927892672405,1.1920929e-07,1.1920929e-07,0.0,13.343997,12.03,4.63,19.43,525.99,853.34,5.760714566968994,3.3199387
1983-04-27,0.004021516721118799,1115.0014553786639,2.4071786427926485,0.0020511844042676555,1.1920929e-07,1.1920929e-07,0.0,13.439992,15.83,6.16,25.5,557.73,942.78,4.915174853404549,2.8104432
1983-04-28,0.0007613664885835897,1107.8933560453909,2.664630004418116,0.0003821324346161044,1.1920929e-07,1.1920929e-07,0.0,13.439992,17.625,7.65,27.6,554.38,1053.78,4.22817010963947,2.4735186
1983-04-29,-0.0003071563222961289,1101.1954939247605,2.815033399915998,1.1920928955078125e-07,1.1920929e-07,1.1920929e-07,0.0,13.439992,18.65,9.8,27.5,532.39,1223.71,3.668931913158616,2.2352064
1983-04-30,-0.0001462674635714996,1094.8839684464806,2.825579557446245,1.1920928955078125e-07,1.1920929e-07,1.1920929e-07,0.0,13.536,18.69,11.95,25.43,468.84,1396.31,3.2098202723161475,2.0872881
1983-05-01,-5.116487552343926e-06,1088.9093648603987,2.9098423421776793,1.1920928955078125e-07,1.1920929e-07,1.1920929e-07,0.0,13.536,19.28,14.01,24.55,399.66,1597.82,2.8282713968373185,1.9722408
1983-05-02,7.987217570660094e-05,1083.2465376501202,3.0766581836273454,3.9952036763582846e-05,1.1920929e-07,1.1920929e-07,0.0,13.542794,20.31,15.37,25.25,376.75,1742.35,2.5085885705238313,1.8818464
1983-05-03,7.274851106213577e-05,1077.8771729583673,2.924811441144197,3.638748639513876e-05,1.1920929e-07,1.1920929e-07,0.0,13.632003,19.42,14.5,24.34,379.52,1656.28,2.2389135371564026,1.8489758
1983-05-04,-3.0089012697227035e-05,1072.9944124375759,2.0741600153168993,1.1920928955078125e-07,1.1920929e-07,8.43,8.43,13.632003,13.79,8.34,19.24,320.3,1108.28,2.01893072035665,1.8982818
1983-05-05,-0.00019492526136647293,1068.6314542106425,1.7693553492012988,1.1920928955078125e-07,1.1920929e-07,1.1920929e-07,0.0,13.668831,11.26,4.23,18.29,506.94,829.09,1.8407173552145286,1.7257107
1983-05-06,-0.0003884988151859906,1064.7001362624321,1.8075789450470492,1.1920928955078125e-07,1.1920929e-07,1.1920929e-07,0.0,13.728,11.59,1.77,21.41,571.44,694.98,1.69364897238079,1.594228
1983-05-07,-0.0005775482543961685,1061.1122965778104,2.0554731440859304,1.1920928955078125e-07,1.1920929e-07,1.1920929e-07,0.0,13.728,13.71,4.14,23.28,559.5,819.93,1.5697095936826189,1.544922
1983-05-08,-0.000728812159237395,1057.7797731416422,2.2987363796953186,1.1920928955078125e-07,1.1920929e-07,1.1920929e-07,0.0,13.764828,15.545,7.97,23.12,497.92,1077.31,1.4627289083967023,1.5284866
1983-05-09,-0.0008090291099500589,1054.6144039387927,1.6536188101858742,1.1920928955078125e-07,1.1920929e-07,1.1920929e-07,0.0,13.8239975,10.22,1.87,18.57,532.35,699.23,1.3678737254149589,1.495616
1983-05-10,-0.0007849376867745482,1051.5280269541274,1.6347024017658973,1.1920928955078125e-07,1.1920929e-07,1.1920929e-07,0.0,13.8239975,10.085,-0.95,21.12,582.14,571.68,1.2813117539284835,1.3970039
1983-05-11,-0.0006232764699512521,1048.4324801725115,1.914302005568342,1.1920928955078125e-07,1.1920929e-07,1.1920929e-07,0.0,13.830791,12.635,0.68,24.59,585.29,633.19,1.1999945146546622,1.3641332
1983-05-12,-0.00035581792096753544,1045.2090790522936,2.180359714427335,1.1920928955078125e-07,1.1920929e-07,1.1920929e-07,0.0,13.919997,14.69,3.43,25.95,569.54,778.17,1.1207986403262657,1.3312626
1983-05-13,-0.0001359570214640503,1041.772842713967,2.511032818397338,1.1920928955078125e-07,1.1920929e-07,1.1920929e-07,0.0,13.919997,17.075,8.98,25.17,490.74,1158.28,1.0421208507684079,1.2983918
1983-05-14,-1.0949925274778786e-05,1038.1696267344587,2.670701425938974,1.1920928955078125e-07,1.1920929e-07,1.1920929e-07,0.0,13.919997,18.165,10.68,25.65,463.8,1294.29,0.9655450692180088,1.2655212
1983-05-15,2.3113097052824145e-06,1035.0053678724578,2.9389823577075855,1.155668208022591e-06,1.1920929e-07,1.1920929e-07,0.0,14.016,19.72,12.18,27.26,457.34,1414.54,0.9029525466930699,1.2162151
1983-05-16,1.270098829124993e-06,1035.0409174563197,2.5507016208998805,6.350534474400858e-07,1.1920929e-07,5.97,5.97,14.016,17.33,11.4,23.26,294.94,1351.95,0.9036327103050633,1.2819566
1983-05-17,7.26969694041133e-07,1038.0885077910907,1.6830684401796832,3.6348616823290664e-07,1.1920929e-07,6.61,6.61,14.016,10.53,2.19,18.87,382.91,713.1,0.9638874979340524,1.2983918
1983-05-18,4.0574678436421514e-07,1037.4041396547566,1.7650839469986044,2.0287380375824012e-07,1.1920929e-07,1.1920929e-07,0.0,14.099442,11.2,2.85,19.55,509.66,755.47,0.9500160227582287,1.1751268
1983-05-19,2.276802143548994e-07,1034.3677834949367,2.0231592939356213,1.1920928955078125e-07,1.1920929e-07,1.1920929e-07,0.0,14.111998,13.42,7.27,19.57,412.07,1021.29,0.890840325534321,1.1669091
1983-05-20,1.347196101361165e-07,1037.61589943615,2.517311150342795,1.1920928955078125e-07,1.1920929e-07,9.71,9.71,14.111998,16.955,12.61,21.3,225.45,1448.93,0.9542867238600097,1.3476979
1983-05-21,8.046498087056792e-08,1042.1911844906303,2.9700448270185804,1.1920928955078125e-07,1.1920929e-07,5.7,5.7,14.111998,19.665,14.07,25.26,275.11,1611.92,1.0513960939869034,1.6270987
1983-05-22,4.7648042762172995e-08,1046.9844476408568,2.950582037404228,1.1920928955078125e-07,1.1920929e-07,10.77,10.77,14.207997,19.36,15.31,23.41,212.03,1734.13,1.1637481133919316,1.5284866
1983-05-23,2.7259522878012668e-08,1050.090459623148,2.9864593825460135,1.1920928955078125e-07,1.1920929e-07,5.88,5.88,14.207997,19.515,14.07,24.96,274.65,1612.64,1.24288460106399,1.5284866
1983-05-24,1.3996833940500623e-08,1048.0918959894127,2.890786591957277,1.1920928955078125e-07,1.1920929e-07,1.1920929e-07,0.0,14.207997,18.995,12.87,25.12,399.85,1495.24,1.1913689286643294,1.3476979
1983-05-25,7.957251600629971e-09,1044.4877869004688,2.149525609292248,1.1920928955078125e-07,1.1920929e-07,1.1920929e-07,0.0,14.207997,14.135,5.08,23.19,524.57,880.57,1.1038054111438111,1.2162151
1983-05-26,4.214274724387346e-09,1041.069106502485,2.302291968918159,1.1920928955078125e-07,1.1920929e-07,1.1920929e-07,0.0,14.291445,15.215,7.16,23.27,489.89,1015.35,1.026702225951726,1.1669091
1983-05-27,2.2425470361040487e-09,1037.9120277544096,2.0723861226865203,1.1920928955078125e-07,1.1920929e-07,1.1920929e-07,0.0,14.304,13.535,4.43,22.64,527.73,845.49,0.9602911566075392,1.1176032
1983-05-28,1.2409736285464573e-09,1035.3878902068132,2.0577893848551443,1.1920928955078125e-07,1.1920929e-07,1.1920929e-07,0.0,14.304,13.46,5.56,21.36,491.91,903.31,0.9102982389052727,1.0682971
1983-05-29,5.963540406421119e-10,1034.8219326251854,2.3561678739763723,1.1920928955078125e-07,1.1920929e-07,5.18,5.18,14.304,15.68,9.5,21.86,310.14,1200.0,0.8994510419583266,1.1340384
1983-05-30,3.312763874143978e-10,1036.3051958732815,2.657438768044406,1.1920928955078125e-07,1.1920929e-07,5.78,5.78,14.304,17.655,12.83,22.48,253.23,1487.78,0.928157937584995,1.1751268
1983-05-31,1.709681299133936e-10,1034.4242084412024,2.5112983450667588,1.1920928955078125e-07,1.1920929e-07,1.1920929e-07,0.0,14.387447,16.645,9.39,23.9,462.01,1191.07,0.8919056477852514,1.0929501
1983-06-01,8.402577944796911e-11,1030.9798289300952,2.4101819965509717,1.1920928955078125e-07,1.1920929e-07,1.1920929e-07,0.0,14.4000025,16.005,9.91,22.1,409.56,1233.0,0.8291526553569838,1.0272088
1983-06-02,4.9286837665265845e-11,1029.2401583805622,2.0739802800172775,1.1920928955078125e-07,1.1920929e-07,2.2,2.2,14.4000025,13.575,5.16,21.99,481.36,883.59,0.7991558504915469,1.0272088
1983-06-03,2.8429871475927056e-11,1027.502166989817,2.51703560820823,1.1920928955078125e-07,1.1920929e-07,1.1920929e-07,0.0,14.4000025,16.78,9.76,23.8,444.87,1220.66,0.7702716553531735,0.97790277
1983-06-04,1.7071278927257456e-11,1032.4618509699017,2.9144113692397533,1.1920928955078125e-07,1.1920929e-07,13.55,13.55,14.4000025,19.16,13.39,24.93,283.89,1540.45,0.8555934123329629,1.2737389
1983-06-05,1.0270505368122066e-11,1035.3017566738715,2.869399335083548,1.1920928955078125e-07,1.1920929e-07,1.1920929e-07,0.0,14.4000025,18.85,11.56,26.14,454.27,1364.51,0.9086389947937873,1.0929501
1983-06-06,6.176823760465032e-12,1031.0066800360603,3.1545930840234466,1.1920928955078125e-07,1.1920929e-07,1.1920929e-07,0.0,14.4368305,20.49,13.32,27.66,446.26,1532.75,0.8296243604955181,1.0272088
1983-06-07,3.699510040902127e-12,1030.2569849674762,3.0821132946151133,1.1920928955078125e-07,1.1920929e-07,5.97,5.97,14.496003,20.035,14.8,25.27,265.33,1689.79,0.8165544394459793,1.4791806
1983-06-08,2.110682775577758e-12,1029.04074713002,2.700694371451866,1.1920928955078125e-07,1.1920929e-07,0.15,0.15,14.496003,17.82,11.16,24.48,437.2,1333.07,0.7957875198932235,1.0765148
1983-06-09,1.1641446220328233e-12,1025.513486651042,2.657117220321998,1.1920928955078125e-07,1.1920929e-07,1.1920929e-07,0.0,14.496003,17.605,10.42,24.79,466.08,1273.46,0.7384996505543447,0.9614674
1983-06-10,6.666685632327752e-13,1022.0962962810396,2.7610346243111503,1.1920928955078125e-07,1.1920929e-07,1.1920929e-07,0.0,14.496003,18.305,11.27,25.34,463.48,1341.58,0.6869355392202472,0.92037904
1983-06-11,3.4133416527406004e-13,1018.6395656181552,2.837841436570879,1.1920928955078125e-07,1.1920929e-07,1.1920929e-07,0.0,14.496003,18.825,10.58,27.07,508.31,1286.66,0.6384368567740287,0.871073
1983-06-12,1.864563484419804e-13,1015.4754402880604,2.960452032945234,1.1920928955078125e-07,1.1920929e-07,1.1920929e-07,0.0,14.496003,19.595,10.75,28.44,521.93,1300.06,0.5970511730610626,0.83820236
1983-06-13,5.2466013207876746e-14,1014.3863748947592,3.1019375552194584,1.1920928955078125e-07,1.1920929e-07,1.1920929e-07,0.0,14.496003,20.41,11.73,29.09,513.32,1378.38,0.5834362095596823,0.80533165
1983-06-14,-5.732358677860733e-14,1015.0000920721193,3.2376716488401818,1.1920928955078125e-07,1.1920929e-07,1.1920929e-07,0.0,14.496003,21.135,12.6,29.67,505.1,1455.36,0.5910699589232538,0.7888963
1983-06-15,-1.0957376064453873e-13,1016.5719291225987,3.3062979307734244,1.1920928955078125e-07,1.1920929e-07,13.77,13.77,14.496003,21.47,13.23,29.71,368.62,1524.46,0.6110799299586166,1.1504738
1983-06-16,-8.105854696225383e-14,1017.8380980314398,3.328305070254517,1.1920928955078125e-07,1.1920929e-07,1.37,1.37,14.502797,21.555,13.86,29.25,430.75,1582.01,0.6276902030450698,0.8628554
1983-06-17,-4.742551326109442e-14,1014.873243995604,3.377798308971652,1.1920928955078125e-07,1.1920929e-07,1.1920929e-07,0.0,14.532827,21.825,14.51,29.14,460.59,1657.29,0.589484007427394,0.80533165
1983-06-18,-2.8235789774450227e-14,1011.5886998658967,3.3717305824018564,1.1920928955078125e-07,1.1920929e-07,1.1920929e-07,0.0,14.532827,21.85,15.19,28.51,432.37,1726.42,0.5498673272248229,0.7888963
1983-06-19,-1.655779433456637e-14,1018.0377407926192,3.5106754730925362,1.1920928955078125e-07,1.1920929e-07,20.85,20.85,14.57945,22.385,16.36,28.41,298.48,1855.8,0.6303501189916204,1.3476979
1983-06-20,-9.857909182701277e-15,1031.9182697752067,3.47450387694184,1.1920928955078125e-07,1.1920929e-07,14.48,14.48,14.57945,21.97,16.21,27.73,289.47,1840.08,0.8457988617396691,1.0025557
1983-06-21,-5.88114785445683e-15,1037.5913022868576,3.4915902310074793,1.1920928955078125e-07,1.1920929e-07,4.03,4.03,14.57945,21.96,16.06,27.86,304.66,1823.52,0.9537896728531023,0.9861204
1983-06-22,-3.459618115753182e-15,1042.2337831925015,3.3807468014235,1.1920928955078125e-07,1.1920929e-07,11.18,11.18,14.57945,21.325,16.59,26.06,246.92,1880.82,1.0523451876986392,1.0929501
1983-06-23,-2.0634062489994396e-15,1043.56463409832,3.142655794742993,1.1920928955078125e-07,1.1920929e-07,0.06,0.06,14.57945,20.05,14.34,25.76,390.28,1641.82,1.0824318212103952,1.0518618
1983-06-24,-1.220430644772792e-15,1039.3238116896187,3.16951662649724,1.1920928955078125e-07,1.1920929e-07,1.1920929e-07,0.0,14.57945,20.265,11.37,29.16,515.09,1349.51,0.9894406616971886,0.8875084
1983-06-25,-7.193258497751978e-16,1034.8891720961867,3.682981983230434,1.1920928955078125e-07,1.1920929e-07,1.1920929e-07,0.0,14.532827,22.99,15.27,30.71,467.77,1731.67,0.9007329637927957,0.80533165
1983-06-26,-4.158071511089105e-16,1030.4441684255164,3.6428678991743806,1.1920928955078125e-07,1.1920929e-07,1.1920929e-07,0.0,14.502797,22.91,15.38,30.44,462.9,1745.72,0.8197983155663537,0.7395903
1983-06-27,-1.202872391228375e-16,1027.110874301957,3.8620593409976895,1.1920928955078125e-07,1.1920929e-07,1.1920929e-07,0.0,14.496003,24.0,16.98,31.02,438.8,1931.27,0.7639139910463452,0.6902843
1983-06-28,1.5082381163573647e-16,1025.4689471800073,4.144945919797371,1.1920928955078125e-07,1.1920929e-07,1.1920929e-07,0.0,14.496003,25.28,19.38,31.18,381.64,2255.95,0.7378032791393265,0.70671964
1983-06-29,3.192703098188175e-16,1025.9217290722215,3.7355682004367927,1.1920928955078125e-07,1.1920929e-07,8.92,8.92,14.496003,23.435,18.01,28.86,273.15,2064.34,0.7449131917823328,0.70671964
1983-06-30,3.0679656407841207e-16,1028.8725619911545,3.3774358138498988,1.1920928955078125e-07,1.1920929e-07,9.05,9.05,14.496003,21.63,16.69,26.57,259.16,1888.35,0.7929576801498004,0.7888963
1983-07-01,1.743793528004411e-16,1030.5224493653786,3.3439131378079576,1.1920928955078125e-07,1.1920929e-07,3.43,3.43,14.496003,21.43,17.31,25.55,248.99,1972.17,0.8211587373518795,0.8546377
1983-07-02,8.358437549073003e-17,1027.401858102888,3.9050110159928852,1.1920928955078125e-07,1.1920929e-07,1.1920929e-07,0.0,14.496003,24.19,17.55,30.83,428.03,2012.36,0.7686368258281949,0.7888963
1983-07-03,4.394576211085036e-17,1022.6049153071109,4.133369501751385,1.1920928955078125e-07,1.1920929e-07,1.1920929e-07,0.0,14.496003,25.28,17.76,32.8,457.05,2035.72,0.6943760110419048,0.83820236
1983-07-04,2.362580870435851e-17,1018.6556637885931,4.072502395599361,1.1920928955078125e-07,1.1920929e-07,0.44,0.44,14.496003,25.085,17.81,32.36,439.97,2039.87,0.6386545871104331,0.6902843
1983-07-05,1.1562693933678335e-17,1017.3188033617021,3.7852526983668913,1.1920928955078125e-07,1.1920929e-07,6.65,6.65,14.496003,23.815,17.46,30.17,310.98,2003.26,0.6208238936635463,0.6491959
1983-07-06,6.4332036790730375e-18,1017.6481334407115,3.179814089962032,1.1920928955078125e-07,1.1920929e-07,1.1920929e-07,0.0,14.483447,20.795,14.65,26.94,419.72,1672.1,0.6251696549061253,0.6409783
1983-07-07,2.6067887938353715e-18,1015.363104831076,2.6682058357655998,1.1920928955078125e-07,1.1920929e-07,1.1920929e-07,0.0,14.406797,17.945,9.69,26.2,509.52,1215.42,0.5956322388433013,0.5752369
1983-07-08,5.301443921326796e-19,1011.9045173733317,2.6318460288888326,1.1920928955078125e-07,1.1920929e-07,1.1920929e-07,0.0,14.4000025,17.78,9.08,26.48,520.76,1167.12,0.5535579353731612,0.5588016
1983-07-09,2.3450972479490756e-19,1008.5121211885313,2.940484126108293,1.1920928955078125e-07,1.1920929e-07,1.1920929e-07,0.0,14.4000025,19.71,10.8,28.62,518.25,1303.63,0.5151774568491204,0.5505839
1983-07-10,9.773960540834868e-20,1004.8755315115413,3.366946546123171,1.1920928955078125e-07,1.1920929e-07,1.1920929e-07,0.0,14.4000025,22.1,14.94,29.26,450.52,1700.32,0.4769845537111567,0.5259309
1983-07-11,1.8748887071015688e-20,1001.1312958542934,3.171362436050054,1.1920928955078125e-07,1.1920929e-07,1.1920929e-07,0.0,14.4000025,21.13,13.09,29.17,485.58,1512.49,0.4406173132744336,0.5259309
1983-07-12,5.433111885076885e-21,997.3880598864864,3.415730152644119,1.1920928955078125e-07,1.1920929e-07,1.1920929e-07,0.0,14.4000025,22.48,13.75,31.21,502.78,1548.34,0.407031477658081,0.50949556
1983-07-13,-2.7825373254001442e-21,993.381738563663,3.8757091225325166,1.1920928955078125e-07,1.1920929e-07,1.1920929e-07,0.0,14.310795,24.88,16.64,33.12,477.15,1872.27,0.3739162553271312,0.4930602
1983-07-14,-1.2338516903455879e-20,989.1562529170158,4.087019720067413,1.1920928955078125e-07,1.1920929e-07,1.1920929e-07,0.0,14.304,25.91,18.25,33.57,452.4,2086.97,0.34190435257995877,0.46018952
1983-07-15,-2.0915788321841116e-20,984.8044655536432,3.877372956162702,1.1920928955078125e-07,1.1920929e-07,1.1920929e-07,0.0,14.304,25.05,16.87,33.23,475.17,1888.44,0.3117978237784044,0.46018952
1983-07-16,-2.6195313053306677e-20,980.4192390806437,4.120509767625585,1.1920928955078125e-07,1.1920929e-07,1.1920929e-07,0.0,14.304,26.215,18.77,33.66,444.04,2128.14,0.2841410150320547,0.4437542
1983-07-17,-2.5858052570603378e-20,976.0934361051155,4.20641961784183,1.1920928955078125e-07,1.1920929e-07,1.1920929e-07,0.0,14.304,26.665,19.78,33.55,418.55,2303.33,0.2592635150280517,0.40266582
1983-07-18,-1.7882864899356246e-20,971.8615205889695,3.8437320855097226,1.1920928955078125e-07,1.1920929e-07,1.1920929e-07,0.0,14.207997,25.25,18.18,32.32,433.51,2066.84,0.23703503464620587,0.3862305
1983-07-19,-7.060470573463994e-21,966.923089511518,4.025270821160598,1.1920928955078125e-07,1.1920929e-07,1.1920929e-07,0.0,14.207997,26.165,19.89,32.44,393.15,2313.96,0.2134934368922247,0.36979514
1983-07-20,2.218693680523697e-21,961.757720619517,4.259635849269687,1.1920928955078125e-07,1.1920929e-07,1.1920929e-07,0.0,14.207997,27.28,20.25,34.31,419.01,2359.86,0.19136783502250582,0.36979514
1983-07-21,7.357663481728909e-21,957.363715407453,4.514913494058018,1.1920928955078125e-07,1.1920929e-07,1.1920929e-07,0.0,14.207997,28.42,21.39,35.45,410.64,2528.16,0.17436087388560695,0.33692446
1983-07-22,6.094085117730396e-21,954.9161631042873,4.39354672633703,1.1920928955078125e-07,1.1920929e-07,3.76,3.76,14.118794,28.085,20.93,35.24,332.13,2468.78,0.16555195291728522,0.32048914
1983-07-23,3.3721495550857716e-21,957.4340186808613,3.923625909304295,1.1920928955078125e-07,1.1920929e-07,8.27,8.27,14.111998,26.005,19.61,32.4,293.72,2276.51,0.17462070933790164,0.36979514
1983-07-24,1.7822814671566957e-21,961.9203997160602,3.7606945665593705,1.1920928955078125e-07,1.1920929e-07,7.83,7.83,14.111998,25.165,19.2,31.13,283.44,2227.66,0.19202837570336337,0.42731884
1983-07-25,1.038388463831371e-21,962.99423066812,3.2843340032035844,1.1920928955078125e-07,1.1920929e-07,1.79,1.79,14.111998,22.76,16.54,28.98,399.61,1841.86,0.19644611550917904,0.42731884
1983-07-26,5.754256841847504e-22,960.3372245841147,3.0094966403274976,1.1920928955078125e-07,1.1920929e-07,1.1920929e-07,0.0,14.016,21.41,13.88,28.94,467.53,1500.21,0.1856957557094365,0.37801284
1983-07-27,3.3442956318665054e-22,957.1006140366823,3.084669562118574,1.1920928955078125e-07,1.1920929e-07,1.1920929e-07,0.0,14.016,21.895,14.16,29.63,472.15,1519.88,0.17339189788994236,0.36157748
1983-07-28,1.7694220537080064e-22,953.837969396545,3.100868688865586,1.1920928955078125e-07,1.1920929e-07,1.1920929e-07,0.0,14.016,22.045,13.71,30.38,489.32,1452.81,0.16181401674580617,0.32048914
1983-07-29,8.22617639489118e-23,950.5815097997094,3.0653327298560575,1.1920928955078125e-07,1.1920929e-07,1.1920929e-07,0.0,14.003442,21.92,13.3,30.54,494.83,1407.75,0.15102900888815,0.29583612
1983-07-30,-1.2451440054900146e-22,947.2587730701302,3.1018481207590014,1.1920928955078125e-07,1.1920929e-07,1.1920929e-07,0.0,13.919997,22.29,13.23,31.35,501.86,1390.49,0.14076507987261105,0.29583612
1983-07-31,-4.328000565839788e-22,943.9072319999931,3.3429437645388687,1.1920928955078125e-07,1.1920929e-07,1.1920929e-07,0.0,13.919997,23.66,14.69,32.63,489.0,1536.51,0.1311186660495138,0.29583612
1983-08-01,-7.873237942735475e-22,940.5935963626757,3.540468538648051,1.1920928955078125e-07,1.1920929e-07,1.1920929e-07,0.0,13.919997,24.735,18.14,31.33,392.53,2036.34,0.12223140413390311,0.28761846
1983-08-02,-1.1328142037352344e-21,937.3845759315562,3.35651345932942,1.1920928955078125e-07,1.1920929e-07,1.73,1.73,13.8239975,23.975,18.3,29.65,348.48,2103.34,0.11419929465115211,0.29583612
1983-08-03,-1.4139998750865671e-21,934.3468804800126,3.502566921541325,1.1920928955078125e-07,1.1920929e-07,1.1920929e-07,0.0,13.8239975,24.785,17.93,31.64,407.0,1997.4,0.10708287910527915,0.3287068
1983-08-04,-1.5756093984450714e-21,931.5472197814228,3.4460420048841622,1.1920928955078125e-07,1.1920929e-07,1.1920929e-07,0.0,13.8239975,24.55,16.89,32.21,439.39,1825.86,0.10091745957696972,0.30405378
1983-08-05,-1.562371363928275e-21,929.0523036091647,3.4245372897855475,1.1920928955078125e-07,1.1920929e-07,1.1920929e-07,0.0,13.728,24.61,17.26,31.96,424.68,1893.95,0.09572290855806338,0.32048914
1983-08-06,-1.3190143616537048e-21,926.9288417366163,3.5055045245679413,1.1920928955078125e-07,1.1920929e-07,1.1920929e-07,0.0,13.728,25.065,18.18,31.95,404.03,2029.45,0.09151292251131869,0.29583612
1983-08-07,-6.700475153587072e-22,925.1461144435053,3.381348253052749,1.1920928955078125e-07,1.1920929e-07,3.37,3.37,13.728,24.46,17.4,31.52,385.94,1954.7,0.08812179575517504,0.33692446
1983-08-08,1.087533641386637e-21,923.0992863401201,3.3521695868309664,1.1920928955078125e-07,1.1920929e-07,1.1920929e-07,0.0,13.632003,24.47,16.6,32.34,447.01,1803.61,0.0843829728861641,0.28761846
1983-08-09,3.673815322657397e-21,920.7363078276168,3.5274227585607223,1.1920928955078125e-07,1.1920929e-07,1.1920929e-07,0.0,13.632003,25.42,17.28,33.56,450.64,1869.58,0.08026349686975688,0.26296544
1983-08-10,6.624632718106567e-21,918.1348764828863,3.5214075661117064,1.1920928955078125e-07,1.1920929e-07,1.1920929e-07,0.0,13.632003,25.44,17.67,33.21,436.32,1936.27,0.07596050335915465,0.2465301
1983-08-11,9.475821017387137e-21,915.3726898828194,3.40570546663657,1.1920928955078125e-07,1.1920929e-07,1.1920929e-07,0.0,13.536,25.025,17.78,32.27,418.8,1979.01,0.07164383474789743,0.2465301
1983-08-12,1.1763215410152105e-20,912.5274456043068,3.299757058464297,1.1920928955078125e-07,1.1920929e-07,10.8,10.8,13.536,24.52,16.99,32.05,321.37,1936.98,0.06745369984247034,0.32048914
1983-08-13,1.3022651086054457e-20,909.6768412242393,2.3275289855716697,1.1920928955078125e-07,1.1920929e-07,1.1920929e-07,0.0,13.536,18.545,11.18,25.91,446.54,1330.46,0.06350141768447232,0.2794008
1983-08-14,1.2789963234747188e-20,906.8985743195077,2.1482052676495975,1.1920928955078125e-07,1.1920929e-07,1.1920929e-07,0.0,13.439992,17.37,10.21,24.53,443.05,1254.43,0.05987237554735735,0.25474778
1983-08-15,1.0600987045883292e-20,904.2703424670027,2.2207718162624523,1.1920928955078125e-07,1.1920929e-07,1.1920929e-07,0.0,13.439992,17.975,9.75,26.2,478.35,1174.8,0.056630410858096704,0.2465301
1983-08-16,6.285376379098322e-21,901.7607677316956,2.5545556669935205,1.1920928955078125e-07,1.1920929e-07,1.1920929e-07,0.0,13.350795,20.51,12.25,28.77,469.15,1358.38,0.05369878347930073,0.2465301
1983-08-17,1.4766210389466186e-21,898.9199683988705,2.942443227972014,1.1920928955078125e-07,1.1920929e-07,1.1920929e-07,0.0,13.343997,23.02,15.01,31.03,449.01,1636.62,0.05056293646507643,0.23831244
1983-08-18,-2.473536771912904e-21,895.7531719642094,3.2376427649383266,1.1920928955078125e-07,1.1920929e-07,1.1920929e-07,0.0,13.343997,24.765,17.76,31.77,400.92,1999.48,0.047282596968750916,0.23009476
1983-08-19,-4.344883142421139e-21,892.3348358961977,3.539854075534886,1.1920928955078125e-07,1.1920929e-07,1.1920929e-07,0.0,13.248,26.555,20.29,32.82,361.05,2366.09,0.04398012649971037,0.23009476
1983-08-20,-3.163626989070514e-21,888.8421052628568,3.587258920634056,1.1920928955078125e-07,1.1920929e-07,1.1920929e-07,0.0,13.248,26.865,17.83,35.9,461.24,1856.8,0.040843907139463134,0.2218771
1983-08-21,-1.0493243066370865e-21,886.4897295974791,4.0161806301353185,1.1920928955078125e-07,1.1920929e-07,1.1920929e-07,0.0,13.248,28.965,20.39,37.54,435.9,2160.33,0.03885868228453588,0.19722408
1983-08-22,7.951013612274953e-22,885.6004749857461,3.824922678115523,1.1920928955078125e-07,1.1920929e-07,1.1920929e-07,0.0,13.152002,28.225,19.29,37.16,448.4,1971.72,0.038133610556893516,0.19722408
1983-08-23,1.8359550484936286e-21,886.1621461409179,3.6907805492411216,1.1920928955078125e-07,1.1920929e-07,8.45,8.45,13.152002,27.565,19.88,35.25,299.1,2314.83,0.0385899903506871,0.18900642
1983-08-24,1.562154724382345e-21,888.1118020752052,3.279763872403684,1.1920928955078125e-07,1.1920929e-07,5.67,5.67,13.0560055,25.535,19.76,31.31,247.27,2299.16,0.04021696675001782,0.20544176
1983-08-25,7.159051013728978e-22,889.0654512389128,2.576576383281301,1.1920928955078125e-07,1.1920929e-07,9.35,9.35,13.0560055,21.285,17.4,25.17,184.41,1991.51,0.04103758657486599,0.28761846
1983-08-26,1.54880156489188e-23,888.1337603527065,2.613699425466998,1.1920928955078125e-07,1.1920929e-07,1.1920929e-07,0.0,13.0560055,21.55,15.07,28.03,382.19,1711.4,0.04023567611330829,0.36979514
1983-08-27,-3.556266495453472e-22,885.8847909308898,2.869108419180095,1.1920928955078125e-07,1.1920929e-07,1.1920929e-07,0.0,12.959997,23.345,16.41,30.28,393.97,1845.53,0.03836394979206927,0.2794008
1983-08-28,-2.7345861151755445e-22,882.9244979449379,3.1187268449440824,1.1920928955078125e-07,1.1920929e-07,1.1920929e-07,0.0,12.959997,24.875,18.65,31.1,358.91,2151.92,0.03603229691091621,0.25474778
1983-08-29,-1.0359029242701867e-22,879.9309415022302,3.1174455171017965,1.1920928955078125e-07,1.1920929e-07,1.1920929e-07,0.0,12.863992,25.06,19.07,31.05,349.09,2205.27,0.03381851976633998,0.23009476
1983-08-30,2.594503824120332e-23,877.0075736956793,2.7801422901069386,1.1920928955078125e-07,1.1920929e-07,1.1920929e-07,0.0,12.863992,23.1,15.07,31.13,439.71,1624.04,0.031787977600615976,0.20544176
1983-08-31,7.735717117459748e-23,874.1628103557866,2.7647938935764977,1.1920928955078125e-07,1.1920929e-07,1.1920929e-07,0.0,12.863992,23.06,14.57,31.55,450.42,1556.61,0.029929142544504444,0.20544176
1983-09-01,2.8903348740134546e-23,871.3478740904956,2.6756710075680905,1.1920928955078125e-07,1.1920929e-07,1.1920929e-07,0.0,12.767997,22.675,14.78,30.57,429.4,1604.17,0.028196813162154562,0.23009476
1983-09-02,-8.015049724373292e-23,868.423009242683,2.5269303274107164,1.1920928955078125e-07,1.1920929e-07,1.1920929e-07,0.0,12.767997,21.74,15.99,27.49,343.17,1815.9,0.02650297086750869,0.19722408
1983-09-03,-2.2097014525108917e-22,865.4163128270181,2.362491347743453,1.1920928955078125e-07,1.1920929e-07,1.1920929e-07,0.0,12.672003,20.77,14.57,26.97,369.66,1634.29,0.02486774087757052,0.19722408
1983-09-04,-3.665853988482961e-22,862.3663014712541,2.6638160749178974,1.1920928955078125e-07,1.1920929e-07,1.1920929e-07,0.0,12.672003,22.91,16.08,29.74,387.56,1754.6,0.023312006676125024,0.20544176
1983-09-05,-4.900260616017154e-22,859.3114918031439,2.881550892843323,1.1920928955078125e-07,1.1920929e-07,1.1920929e-07,0.0,12.65945,24.37,17.5,31.24,382.37,1927.78,0.021851378772083915,0.18900642
1983-09-06,-5.643219370777092e-22,856.2904004504403,3.143825132266273,1.1920928955078125e-07,1.1920929e-07,1.1920929e-07,0.0,12.576003,26.1,19.13,33.07,377.8,2105.96,0.020496900935198584,0.18078874
1983-09-07,-5.625028288426392e-22,853.3415440408965,3.0645572414993913,1.1920928955078125e-07,1.1920929e-07,1.1920929e-07,0.0,12.576003,25.705,18.29,33.12,395.54,1972.33,0.01925582096287304,0.1643534
1983-09-08,-4.575985404628671e-22,850.5034392022652,2.7925482083969633,1.1920928955078125e-07,1.1920929e-07,1.1920929e-07,0.0,12.479998,24.25,16.27,32.23,420.07,1702.91,0.01813237392121911,0.15613574
1983-09-09,-2.555094340164526e-22,847.7515860075312,2.5481457918865247,1.1920928955078125e-07,1.1920929e-07,1.1920929e-07,0.0,12.479998,22.7,13.54,31.86,456.33,1387.2,0.01710569450612054,0.14791806
1983-09-10,-5.575969296947729e-23,844.9582474103414,2.6630561656258656,1.1920928955078125e-07,1.1920929e-07,1.1920929e-07,0.0,12.383997,23.665,14.38,32.95,452.38,1467.55,0.016122973411544225,0.14791806
1983-09-11,8.880718866029832e-23,842.1616411536628,2.7948077471320496,1.1920928955078125e-07,1.1920929e-07,1.1920929e-07,0.0,12.383997,24.575,14.54,34.61,461.47,1465.47,0.015195657810888191,0.1397004
1983-09-12,1.293513161867717e-22,839.4096901626284,2.909984103939869,1.1920928955078125e-07,1.1920929e-07,1.1920929e-07,0.0,12.383997,25.35,16.87,33.83,416.33,1778.58,0.014335229519739763,0.1397004
1983-09-13,7.973663390005824e-23,837.9215300381379,2.6159362463938476,1.1920928955078125e-07,1.1920929e-07,3.29,3.29,12.288,23.635,17.33,29.94,281.8,1982.02,0.013890415957236904,0.1397004
1983-09-14,4.7365079560698207e-23,842.0395556250352,2.0282803621076457,1.1920928955078125e-07,1.1920929e-07,9.91,9.91,12.288,19.16,13.07,25.25,261.08,1512.5,0.015156413860639538,0.18078874
1983-09-15,2.7993569109828687e-23,843.9101483438488,1.6288507902994365,1.1920928955078125e-07,1.1920929e-07,0.26,0.26,12.191998,15.59,8.96,22.22,379.54,1140.33,0.015768987358871306,0.2465301
1983-09-16,1.6639307776230865e-23,842.5072331781215,1.627131003578294,1.1920928955078125e-07,1.1920929e-07,1.1920929e-07,0.0,12.191998,15.6,8.75,22.45,389.75,1122.23,0.015307298919938189,0.2218771
1983-09-17,9.483120351102558e-24,840.6790095439869,1.9548785869161671,1.1920928955078125e-07,1.1920929e-07,1.1920929e-07,0.0,12.096003,18.83,11.59,26.07,392.57,1329.93,0.014725869981663437,0.21365942
1983-09-18,5.4845223658966225e-24,838.6179538465349,2.0328906031701064,1.1920928955078125e-07,1.1920929e-07,1.1920929e-07,0.0,12.096003,19.535,9.75,29.32,459.59,1030.92,0.014096833395242765,0.19722408
1983-09-19,2.605228532126654e-24,836.3527299745599,2.181276123355947,1.1920928955078125e-07,1.1920929e-07,1.1920929e-07,0.0,12.096003,20.785,11.22,30.35,450.79,1077.46,0.013436434976511384,0.18900642
1983-09-20,1.0163626341511818e-24,834.2107073262699,2.248618681336304,1.1920928955078125e-07,1.1920929e-07,1.1920929e-07,0.0,12.000009,21.49,13.18,29.8,414.98,1258.23,0.012840438503735247,0.18078874
1983-09-21,5.814953207602454e-25,834.307584893969,2.015260065954614,1.1920928955078125e-07,1.1920929e-07,4.41,4.41,12.000009,19.61,12.88,26.34,271.06,1436.93,0.012866813910571604,0.17257108
1983-09-22,3.3081489797645305e-25,837.9902434701132,1.2921192469210803,1.1920928955078125e-07,1.1920929e-07,5.53,5.53,11.903997,12.33,5.16,19.5,294.24,865.67,0.013910647239071877,0.20544176
1983-09-23,1.948759634268549e-25,839.8914829480389,1.075629379742378,1.1920928955078125e-07,1.1920929e-07,1.1920929e-07,0.0,11.903997,9.39,1.25,17.53,427.61,602.82,0.01448226875340838,0.23831244
1983-09-24,1.1094822683564088e-25,838.8103760137609,1.0507807276608137,1.1920928955078125e-07,1.1920929e-07,1.1920929e-07,0.0,11.903997,9.045,-0.21,18.3,449.92,530.0,0.014154405542848966,0.21365942
1983-09-25,6.479362215409566e-26,837.7080755742337,1.0754573218665966,1.1920928955078125e-07,1.1920929e-07,1.1920929e-07,0.0,11.808002,9.555,-0.13,19.24,452.97,528.26,0.013827756082970873,0.20544176
1983-09-26,3.551630876117733e-26,836.5339068393761,1.2432134102480012,1.1920928955078125e-07,1.1920929e-07,1.1920929e-07,0.0,11.808002,11.87,2.72,21.02,433.51,648.0,0.013488096927151328,0.20544176
1983-09-27,2.0331518634272373e-26,835.217620042805,1.3441151536990021,1.1920928955078125e-07,1.1920929e-07,1.1920929e-07,0.0,11.712,13.28,3.99,22.57,429.32,705.86,0.013117235626468219,0.20544176
1983-09-28,9.435476941375314e-27,833.760370752504,1.491820562695823,1.1920928955078125e-07,1.1920929e-07,1.1920929e-07,0.0,11.712,15.005,5.68,24.33,423.48,758.51,0.01271854014646022,0.18900642
1983-09-29,3.573069406289067e-27,832.1958542937499,1.6179533465059015,1.1920928955078125e-07,1.1920929e-07,1.1920929e-07,0.0,11.615997,16.51,9.53,23.49,349.83,1036.32,0.012303975938400573,0.18900642
1983-09-30,2.0541160448483344e-27,831.2068023209232,1.4332786458887825,1.1920928955078125e-07,1.1920929e-07,1.1920929e-07,0.0,11.615997,14.535,9.11,19.96,289.38,1100.1,0.012048897427815957,0.18078874
1983-10-01,1.171843712258164e-27,833.558853191264,1.3002840971302994,1.1920928955078125e-07,1.1920929e-07,7.52,7.52,11.615997,12.91,10.28,15.54,114.15,1262.35,0.012664368248324362,0.20544176
1983-10-02,6.898166341554786e-28,836.8164904070115,1.5127475875885614,1.1920928955078125e-07,1.1920929e-07,1.72,1.72,11.520002,15.445,10.7,20.19,256.18,1288.16,0.013569071447260384,0.26296544
1983-10-03,3.9410704817734e-28,835.911667607386,1.59145698532113,1.1920928955078125e-07,1.1920929e-07,1.1920929e-07,0.0,11.520002,16.3,6.19,26.41,427.29,765.77,0.013311493272067333,0.25474778
1983-10-04,2.2987935786605572e-28,834.2381819467167,1.712630103773908,1.1920928955078125e-07,1.1920929e-07,1.1920929e-07,0.0,11.424,17.695,7.71,27.68,418.58,816.3,0.01284791311063993,0.21365942
1983-10-05,1.2721811559784896e-28,832.4504717447356,1.8336166132962812,1.1920928955078125e-07,1.1920929e-07,1.1920929e-07,0.0,11.424,18.88,10.93,26.83,361.21,1100.71,0.012370511785379307,0.19722408
1983-10-06,6.325915471305132e-29,830.7021610678183,1.6944314957123556,1.1920928955078125e-07,1.1920929e-07,1.1920929e-07,0.0,11.340561,17.71,10.19,25.23,347.7,1079.36,0.011920793783199966,0.18900642
1983-10-07,-8.546850848167511e-30,829.2288776595686,1.3526880632442382,1.1920928955078125e-07,1.1920929e-07,1.1920929e-07,0.0,11.328006,14.04,4.2,23.88,409.87,676.14,0.01155453904952614,0.18900642
1983-10-08,-7.114534871335821e-29,827.9338959111041,1.1904299470690436,1.1920928955078125e-07,1.1920929e-07,1.1920929e-07,0.0,11.328006,12.005,1.69,22.32,416.92,572.24,0.011241913746502448,0.18900642
1983-10-09,-1.0503779895460893e-28,826.7083296349574,1.2594061458957257,1.1920928955078125e-07,1.1920929e-07,1.1920929e-07,0.0,11.232,13.07,3.23,22.91,403.33,642.24,0.010953840613374876,0.18900642
1983-10-10,-9.072566164400812e-29,825.4432926436616,1.3110665055523796,1.1920928955078125e-07,1.1920929e-07,1.1920929e-07,0.0,11.232,13.745,5.73,21.76,356.97,813.45,0.010664229913864108,0.18900642
1983-10-11,-5.489881449355374e-29,825.1457827335362,1.279498147292461,1.1920928955078125e-07,1.1920929e-07,2.34,2.34,11.136005,13.495,9.01,17.98,216.54,1160.43,0.010597239339139364,0.25474778
1983-10-12,-3.321915395422186e-29,851.1680917668402,1.4582611424965592,1.1920928955078125e-07,1.1920929e-07,51.55,51.55,11.136005,15.12,11.6,18.64,134.93,1368.12,0.018389449245776967,1.0272088
1983-10-13,-2.0128650709209852e-29,879.3589069512516,1.868660940508059,1.1920928955078125e-07,1.1920929e-07,7.55,7.55,11.136005,18.705,14.8,22.61,144.17,1686.47,0.03341123431023205,0.6409783
1983-10-14,-1.2178577493595383e-29,889.6693864504871,1.3350459336553235,1.1920928955078125e-07,1.1920929e-07,16.27,16.27,11.039997,13.105,4.13,22.08,279.48,821.84,0.041565914192870375,1.0518618
1983-10-15,-7.197524904700538e-30,893.7364208097075,1.1500579876841455,1.1920928955078125e-07,1.1920929e-07,1.1920929e-07,0.0,11.039997,10.65,1.78,19.52,371.02,698.88,0.04530534889348645,0.50127786
1983-10-16,-4.3007840121143296e-30,892.6528851899501,1.2028542767120003,1.1920928955078125e-07,1.1920929e-07,1.1920929e-07,0.0,10.944003,11.52,1.67,21.37,384.78,692.3,0.04427740602986379,0.3862305
1983-10-17,-2.5509447307525994e-30,891.3449335996521,1.3230566009430003,1.1920928955078125e-07,1.1920929e-07,1.1920929e-07,0.0,10.944003,13.07,3.62,22.52,370.67,791.21,0.043067581700329524,0.34514216
1983-10-18,-1.4315909901038643e-30,889.585958676141,1.472874006506973,1.1920928955078125e-07,1.1920929e-07,1.1920929e-07,0.0,10.944003,14.845,6.25,23.44,346.78,941.69,0.04149252793252944,0.32048914
1983-10-19,-7.25382581328815e-31,888.0255386767834,1.5371357170485638,1.1920928955078125e-07,1.1920929e-07,1.1920929e-07,0.0,10.848,15.72,9.15,22.29,289.09,1172.39,0.04014355093913525,0.32048914
1983-10-20,-4.239008526293256e-31,888.302888900129,1.2976850459633762,1.1920928955078125e-07,1.1920929e-07,5.88,5.88,10.848,12.955,8.44,17.47,160.86,1115.56,0.04038007265033196,0.36157748
1983-10-21,-2.5560438549518228e-31,905.5988577107374,0.9954713905111113,1.1920928955078125e-07,1.1920929e-07,30.38,30.38,10.752,8.595,7.01,10.18,66.33,1006.62,0.058246597203538045,1.1751268
1983-10-22,-1.5464435341743027e-31,926.6026640490146,0.9425014140904451,1.1920928955078125e-07,1.1920929e-07,13.16,13.16,10.752,7.395,5.71,9.08,70.66,913.23,0.09088285406421141,1.4380922
1983-10-23,-9.351190150192841e-32,941.1252392419206,1.0580519584070631,1.1920928955078125e-07,1.1920929e-07,18.54,18.54,10.752,8.945,6.88,11.01,84.29,995.52,0.12361561030827385,1.8900641
1983-10-24,-5.3741312257332e-32,957.680508254806,1.2811870536212056,1.1920928955078125e-07,1.1920929e-07,25.25,25.25,10.655997,11.83,8.49,15.17,130.1,1119.21,0.17553477824435376,2.4242127
1983-10-25,-2.4485029137240007e-32,967.1097685055919,1.4389861432205517,1.1920928955078125e-07,1.1920929e-07,6.05,6.05,10.655997,13.54,9.27,17.81,170.42,1181.37,0.21433927901492275,1.5120513
1983-10-26,-9.570061206992982e-33,969.5856084774018,1.1670639958856694,1.1920928955078125e-07,1.1920929e-07,1.1920929e-07,0.0,10.649202,10.165,5.88,14.45,225.77,927.97,0.22587944347006397,0.8875084
1983-10-27,-4.644536955941658e-33,968.1653587594941,1.0608120072711071,1.1920928955078125e-07,1.1920929e-07,1.1920929e-07,0.0,10.56,8.825,3.47,14.18,273.25,781.96,0.21918559505500188,0.6902843
1983-10-28,1.7927733794128115e-34,966.6228333960275,1.111572952148608,1.1920928955078125e-07,1.1920929e-07,1.1920929e-07,0.0,10.56,9.58,1.39,17.77,348.98,671.55,0.21213997341785024,0.59167224
1983-10-29,3.715796750160268e-33,965.1018132243964,1.4245572566735234,1.1920928955078125e-07,1.1920929e-07,1.1920929e-07,0.0,10.463997,13.705,5.57,21.84,336.84,915.51,0.20541437619335284,0.5259309
1983-10-30,4.691897666329148e-33,963.7196479101054,1.064963479661015,1.1920928955078125e-07,1.1920929e-07,1.1920929e-07,0.0,10.463997,9.1,0.5,17.7,349.75,629.2,0.1994878585986956,0.4930602
1983-10-31,2.0684645409883044e-33,962.5155162196908,0.9061444576693138,1.1920928955078125e-07,1.1920929e-07,1.1920929e-07,0.0,10.463997,6.625,-0.54,13.79,316.7,586.6,0.19446426701397185,0.46840718
1983-11-01,-3.408155635747692e-33,961.2998870975666,1.0209293280289662,1.1920928955078125e-07,1.1920929e-07,1.1920929e-07,0.0,10.367997,8.625,0.5,16.75,331.0,628.84,0.18952102218982722,0.46018952
1983-11-02,-1.0299299320869068e-32,960.0697592015524,1.1394643152273898,1.1920928955078125e-07,1.1920929e-07,1.1920929e-07,0.0,10.367997,10.365,1.9,18.83,333.01,701.03,0.18464671975043756,0.45197186
1983-11-03,-1.7176430275501523e-32,958.840975186447,1.3288142198519635,1.1920928955078125e-07,1.1920929e-07,1.1920929e-07,0.0,10.367997,12.835,5.56,20.11,302.98,916.87,0.17990290064879105,0.4437542
1983-11-04,-2.2611012260770766e-32,957.6293777070491,1.2357264404564243,1.1920928955078125e-07,1.1920929e-07,1.1920929e-07,0.0,10.272,11.84,4.99,18.69,293.41,875.47,0.17534477592746855,0.4355365
1983-11-05,-2.51745090378025e-32,956.4508094181573,0.768474854218913,1.1920928955078125e-07,1.1920929e-07,1.1920929e-07,0.0,10.272,4.505,0.3,8.71,210.44,620.1,0.17102174308140758,0.41910118
1983-11-06,-2.3438384367722436e-32,955.3211129745704,0.8736698227312959,1.1920928955078125e-07,1.1920929e-07,1.1920929e-07,0.0,10.272,6.465,2.04,10.89,222.1,707.84,0.16697805256459594,0.41088352
1983-11-07,-1.614193347197355e-32,954.4117040593965,0.889920620911468,1.1920928955078125e-07,1.1920929e-07,1.1920929e-07,0.0,10.176,6.905,-1.07,14.88,325.35,569.43,0.16379243989030903,0.41088352
1983-11-08,-6.877929537668885e-33,957.4876279967511,0.9496634363422792,1.1920928955078125e-07,1.1920929e-07,1.1920929e-07,0.0,10.176,7.855,-1.07,16.78,336.4,568.84,0.17481910539481177,0.40266582
1983-11-09,8.233034095915162e-34,965.9483363921831,1.0307537040040133,1.1920928955078125e-07,1.1920929e-07,1.1920929e-07,0.0,10.176,8.99,0.09,17.89,330.84,611.28,0.20913075058450592,0.40266582
1983-11-10,4.8610370886145156e-33,979.5210887646527,1.2567565154449176,1.1920928955078125e-07,1.1920929e-07,30.96,30.96,10.08,12.05,7.16,16.94,168.66,1012.43,0.27878663806097354,1.5284866
1983-11-11,3.801192297821274e-33,996.1017998868982,1.0209199291180324,1.1920928955078125e-07,1.1920929e-07,13.17,13.17,10.08,8.51,3.0,14.02,187.01,764.03,0.39609179947079715,1.470963
1983-11-12,2.2926643144973506e-33,1000.3124589833917,0.7251155550878939,1.1920928955078125e-07,1.1920929e-07,1.1920929e-07,0.0,10.08,3.25,-1.44,7.94,223.96,553.52,0.4330411621483693,0.84642
1983-11-13,0.01496756837206048,999.2340746874203,0.5896762951760784,1.1920928955078125e-07,1.1920929e-07,1.1920929e-07,0.0,9.996555,0.355,-4.54,5.25,235.75,436.98,0.42326197762142886,0.69850194
1983-11-14,0.02692541465922352,998.1901087297982,0.6467547796120292,0.015263616996962286,1.1920929e-07,1.1920929e-07,0.0,9.984,1.735,-4.74,8.21,283.97,428.06,0.41400534106102893,0.61632526
1983-11-15,0.015406859735744108,1001.1315246947054,0.7901930801617707,0.00829568710766208,1.1920929e-07,9.29,9.29,9.984,4.665,-0.4,9.73,179.27,599.23,0.4406194490015342,0.772461
1983-11-16,0.008920516017947768,1010.5611889402496,0.7564138788142934,0.004659065206494606,1.1920929e-07,10.82,10.82,9.984,3.87,0.97,6.77,115.3,649.96,0.5380293530220064,1.3805686
1983-11-17,0.005131202873980672,1013.1263777684037,0.79302602200812,0.002631410105855202,1.1920929e-07,1.1920929e-07,0.0,9.888002,4.685,2.14,7.23,138.2,712.35,0.5680712659335001,0.92859674
1983-11-18,0.003015790707676975,1011.7666062991069,0.8328860972105093,0.0015306311146658922,1.1920929e-07,1.1920929e-07,0.0,9.888002,5.445,-1.82,12.71,300.98,537.33,0.5519432850262421,0.772461
1983-11-19,0.0017485091347493624,1010.2619724434759,1.0986333857013924,0.0008818975831375009,1.1920929e-07,1.1920929e-07,0.0,9.888002,9.735,1.15,18.32,309.88,657.06,0.5346302335446164,0.69850194
1983-11-20,0.001011981711148158,1009.7414043091827,1.1840806074816501,0.0005085511011836505,1.1920929e-07,1.1920929e-07,0.0,9.881208,10.935,3.92,17.95,277.62,799.93,0.528767645190158,0.6738489
1983-11-21,0.0005283504388594283,1011.1202284274585,1.1230064030378204,0.00026487310327184566,1.1920929e-07,4.44,4.44,9.792,10.22,4.18,16.26,188.02,823.75,0.5444380935184833,0.6738489
1983-11-22,0.00030179006329851587,1011.347155297804,1.126471052154168,0.00015112272458220856,1.1920929e-07,1.1920929e-07,0.0,9.792,10.265,1.46,19.07,297.51,680.59,0.5470612790560556,0.60810757
1983-11-23,0.00017834003438255944,1008.9174287149186,1.1910561734288545,8.924953008986431e-05,1.1920929e-07,1.1920929e-07,0.0,9.792,11.185,2.64,19.73,288.37,739.76,0.5196192411706112,0.5752369
1983-11-24,0.00010631711750155633,1014.302995531858,1.2061126929691306,5.3186817071800994e-05,1.1920929e-07,14.14,14.14,9.792,11.3,5.99,16.61,159.75,922.22,0.5824067271350116,0.772461
1983-11-25,6.33518426328261e-05,1030.1919158123753,0.8748491662084771,3.168595495598991e-05,1.1920929e-07,21.34,21.34,9.695997,6.215,-0.89,13.32,196.59,575.3,0.8154298047135188,1.7010577
1983-11-26,3.7125264778344406e-05,1036.2668042141706,0.8481684091928371,1.8566078102344783e-05,1.1920929e-07,1.1920929e-07,0.0,9.695997,5.655,-0.82,12.13,248.04,580.04,0.9274034838327876,1.2490859
1983-11-27,2.2106579215572225e-05,1034.5564260895808,0.8736648983444659,1.1054511359892672e-05,1.1920929e-07,1.1920929e-07,0.0,9.695997,6.13,-2.91,15.17,291.07,490.89,0.8944069550147968,0.9696851
1983-11-28,1.2953343664330893e-05,1036.3083799674341,1.0429078309535935,6.477091304945076e-06,1.1920929e-07,6.89,6.89,9.695997,8.83,2.8,14.86,172.36,743.59,0.9282205373721366,1.0518618
1983-11-29,7.273187305590366e-06,1040.0111164778157,0.9936721120239784,3.63672590092908e-06,1.1920929e-07,7.99,7.99,9.6892,8.035,1.35,14.72,185.01,679.26,1.0039502336725201,1.3476979
1983-11-30,3.2029473320931665e-06,1040.565650124451,0.7547036096666723,1.6014993132256112e-06,1.1920929e-07,1.1920929e-07,0.0,9.600003,3.985,-2.75,10.72,251.96,501.1,1.015811841304771,1.0272088
1983-12-01,1.352755539124565e-06,1039.2449708015095,0.7790727943822946,6.76382344431154e-07,1.1920929e-07,1.1920929e-07,0.0,9.600003,4.48,-1.51,10.47,233.85,547.42,0.9877897299632716,0.9039437
1983-12-02,8.013935659963361e-07,1037.1668768516158,0.6514705462767054,4.006931342105622e-07,1.1920929e-07,1.1920929e-07,0.0,9.600003,1.855,-4.59,8.3,247.36,435.86,0.9452536849760841,0.82176703
1983-12-03,4.778915728261297e-07,1038.8779940384118,0.7477014453364602,2.3894635736395325e-07,1.1920929e-07,5.31,5.31,9.600003,3.87,-0.72,8.46,144.88,583.71,0.9801413984179512,0.82176703
1983-12-04,2.8156201038024143e-07,1054.3218180318295,0.9067536733693243,1.4078120338303493e-07,1.1920929e-07,26.64,26.64,9.600003,6.56,0.92,12.2,166.93,640.62,1.359422789614511,3.2952857
1983-12-05,1.6992524608839183e-07,1063.9297117627987,1.0709748325367165,1.1920928955078125e-07,1.1920929e-07,1.1920929e-07,0.0,9.593208,9.0,2.24,15.76,245.6,719.41,1.6662354264988837,1.9064995
1983-12-06,1.027264032337101e-07,1064.585223178394,1.0528882686386947,1.1920928955078125e-07,1.1920929e-07,5.91,5.91,9.516553,8.85,3.29,14.41,160.34,783.85,1.689531649914338,1.5202689
1983-12-07,3.5324438537191743e-09,1067.1533832427717,0.7817624200039341,1.1920928955078125e-07,1.1920929e-07,4.17,4.17,9.503997,4.285,-1.9,10.47,176.23,535.81,1.7839821981238897,1.4052216
1983-12-08,1.046951245990098e-07,1066.6241578020606,0.5920574374379853,1.1920928955078125e-07,1.1920929e-07,1.1920929e-07,0.0,9.503997,0.2,-4.85,5.25,210.41,423.25,1.764096090247375,1.1504738
1983-12-09,2.1107172106069927e-07,1064.5025672423178,0.6228570004608723,1.1920928955078125e-07,1.1920929e-07,1.1920929e-07,0.0,9.503997,0.965,-6.19,8.12,261.62,384.42,1.6865762878650505,1.0354264
1983-12-10,1.8666749887055515e-07,1062.1415959623587,0.780951552973292,1.1920928955078125e-07,1.1920929e-07,1.1920929e-07,0.0,9.503997,4.34,-3.07,11.75,261.23,479.66,1.6043078532268231,0.95324975
1983-12-11,1.1382620013803252e-07,1059.2682792057758,0.8951300132997055,1.1920928955078125e-07,1.1920929e-07,1.1920929e-07,0.0,9.503997,6.445,0.02,12.87,237.81,609.75,1.5095810188430505,0.895726
1983-12-12,6.888269174909631e-08,1074.0263074910454,0.9073038253234014,1.1920928955078125e-07,1.1920929e-07,32.2,32.2,9.503997,6.44,3.31,9.57,100.16,784.13,2.0635437950679694,3.5500336
1983-12-13,4.1669070441004266e-08,1089.5023366504188,1.0343379472523586,1.1920928955078125e-07,1.1920929e-07,5.91,5.91,9.503997,8.235,5.16,11.31,98.74,884.9,2.8640180784862523,3.0405378
1983-12-14,2.3583743047805867e-08,1088.9815701294226,0.890810352104997,1.1920928955078125e-07,1.1920929e-07,1.1920929e-07,0.0,9.503997,5.95,0.14,11.76,225.52,618.07,2.8326002469131475,1.9311525
1983-12-15,1.2656977908204014e-08,1085.1790292563626,0.8783969994575666,1.1920928955078125e-07,1.1920929e-07,1.1920929e-07,0.0,9.503997,5.79,1.76,9.82,170.62,695.35,2.6134018176037697,1.5284866
1983-12-16,7.3646901201115886e-09,1081.797078970264,0.7607616519757804,1.1920928955078125e-07,1.1920929e-07,1.1920929e-07,0.0,9.497203,3.685,-1.24,8.61,200.38,562.18,2.4327419793329157,1.2737389
1983-12-17,4.004560236659375e-09,1078.6881114058724,0.7351328808464582,1.1920928955078125e-07,1.1920929e-07,1.1920929e-07,0.0,9.467175,3.265,-1.1,7.63,180.22,567.95,2.2777027387324758,1.1176032
1983-12-18,1.1098989425531244e-07,1075.8069388259441,0.5904814971013735,1.1920928955078125e-07,1.1920929e-07,1.1920929e-07,0.0,9.420558,0.165,-7.23,7.56,260.16,348.77,2.142858510898421,1.0272088
1983-12-19,5.654854902760067e-07,1073.1258510421794,0.5552692038779783,1.1920928955078125e-07,1.1920929e-07,1.1920929e-07,0.0,9.420558,-0.685,-6.56,5.19,229.8,377.25,2.024559308444148,0.9614674
1983-12-20,1.04725122077147e-06,1070.6247001170616,0.5020250201633932,1.1920928955078125e-07,1.1920929e-07,1.1920929e-07,0.0,9.420558,-2.09,-5.75,1.57,162.24,405.83,1.9200950495318996,0.9039437
1983-12-21,1.2222445866737921e-06,1068.2840519108147,0.44108619462948767,1.1920928955078125e-07,1.1920929e-07,1.1920929e-07,0.0,9.420558,-3.88,-5.94,-1.82,98.88,391.08,1.827222340952318,0.8628554
1983-12-22,16.48980210865902,1067.8188107128726,0.5764413160943747,1.1920928955078125e-07,7.3643413,28.88566,36.25,9.420558,-0.075,-4.19,4.04,138.54,440.0,1.8093046559097714,2.859749
1983-12-23,15.583300598813471,1086.0628372500496,0.6253660007122983,0.5312269208111431,8.536577e-05,3.8499146,3.85,9.420558,0.86,-3.81,5.53,188.45,463.91,2.6627857764906793,3.089844
1983-12-24,16.270681689498545,1083.7238086239809,0.39558762944794634,1.1920928955078125e-07,1.1920929e-07,1.1920929e-07,0.0,9.467175,-5.655,-13.62,2.31,284.98,216.49,2.5340769319264256,1.8571935
1983-12-25,16.271313324954946,1080.9765813896495,0.19556649135130036,1.1920928955078125e-07,1.1920929e-07,1.1920929e-07,0.0,9.467175,-14.905,-20.87,-8.94,254.11,114.29,2.39082833544446,1.0682971
1983-12-26,16.271313324954946,1078.4518384325036,0.2222003085447055,1.1920928955078125e-07,1.1920929e-07,1.1920929e-07,0.0,9.497203,-13.29,-18.6,-7.98,237.86,149.39,2.266332351689655,0.94503206
1983-12-27,16.24930904399306,1075.9662911725547,0.3461523756224426,1.1920928955078125e-07,1.1920929e-07,1.1920929e-07,0.0,9.503997,-7.43,-13.74,-1.12,261.84,218.75,2.1501034630896334,1.1504738
1983-12-28,18.773503335112903,1073.4616317343598,0.575567693486175,1.1920928955078125e-07,4.337015,1.792985,6.13,9.503997,-0.3,-3.88,3.28,131.74,449.31,2.039009778305546,1.3970039
1983-12-29,19.668105936305505,1078.9911508332991,0.5713424093180849,1.1920928955078125e-07,11.457059,0.7829406,12.24,9.503997,-0.48,-4.52,3.56,147.31,438.96,2.2923697344208604,1.8818464
1983-12-30,26.281359896407693,1076.3374111934809,0.34131133088885096,1.1920928955078125e-07,1.1920929e-07,1.1920929e-07,0.0,9.503997,-7.625,-13.76,-1.49,268.39,217.83,2.1670715246571555,1.2573035
1983-12-31,26.280137980087947,1073.9049504977274,0.3223204990006819,1.1920928955078125e-07,1.1920929e-07,1.1920929e-07,0.0,9.503997,-8.365,-15.53,-1.2,287.81,189.81,2.0582462962171846,1.2326505
1984-01-01,26.28013797899548,1071.5153607147352,0.4452210572270321,1.1920928955078125e-07,1.1920929e-07,1.1920929e-07,0.0,9.503997,-3.915,-13.39,5.56,298.74,208.98,1.9566619687941118,1.2079976
1984-01-02,26.280137964985165,1069.1167151201375,0.5310831219482577,1.1920928955078125e-07,1.1920929e-07,1.1920929e-07,0.0,9.503997,-1.395,-8.65,5.86,273.43,318.33,1.8597345599059305,1.1915622
1984-01-03,26.27328379249264,1066.7541078166635,0.5841951032053643,1.1920928955078125e-07,1.1920929e-07,1.1920929e-07,0.0,9.503997,0.005,-5.07,5.08,223.84,425.82,1.7689584471257696,1.1586915
1984-01-04,22.854554966160666,1067.779436558133,0.6878865964437281,8.615148470979989,1.1920929e-07,1.1920929e-07,0.0,9.503997,2.375,-4.55,9.3,267.11,440.0,1.8077963400933026,1.0847324
1984-01-05,11.066979072254401,1076.8574443587281,0.7705131874450136,11.066979072254401,1.1920929e-07,1.1920929e-07,0.0,9.563178,3.84,-2.62,10.3,256.57,508.79,2.1910735986374856,0.92859674
1984-01-06,4.053659140143523,1080.748141903714,0.8481861873312418,4.053659140143523,1.1920929e-07,1.1920929e-07,0.0,9.600003,5.17,0.64,9.7,204.47,636.08,2.3792879656324897,0.8792907
1984-01-07,1.4813165085661484,1080.1202374834334,0.7831297073741833,1.481315962340805,1.1920929e-07,1.1920929e-07,0.0,9.600003,3.98,-0.64,8.6,210.4,586.46,2.3478534937077598,0.83820236
1984-01-08,0.5395813276094577,1078.0438569142846,0.6627474568940603,0.5369808459647468,1.1920929e-07,1.1920929e-07,0.0,9.600003,1.54,-5.43,8.51,273.89,411.94,2.24683213753511,0.797114
1984-01-09,0.20277259785373541,1075.4664451400438,0.8102637396255756,0.1791855887482914,1.1920929e-07,1.1920929e-07,0.0,9.600003,4.555,-2.65,11.76,276.6,507.75,2.1274596765238516,0.7642433
1984-01-10,0.08750737479487868,1072.3750350101748,0.783778883178702,0.06176273501856011,1.1920929e-07,1.1920929e-07,0.0,9.600003,4.1,-1.4,9.6,241.01,547.98,1.9926170430876156,0.797114
1984-01-11,0.1294446544987354,1076.6252625751881,0.5930403621492264,1.1920928955078125e-07,2.8482225,11.171779,14.02,9.6125555,-0.075,-4.16,4.01,151.46,452.97,2.1803245985140185,1.1422561
1984-01-12,6.795702476964042,1074.4814389031374,0.4331227927962816,1.1920928955078125e-07,1.1920929e-07,1.1920929e-07,0.0,9.695997,-4.615,-10.36,1.13,263.09,272.87,2.0835330201521964,0.91216135
1984-01-13,6.401597506652023,1072.0312769144687,0.4380906808221938,1.1920928955078125e-07,1.1920929e-07,1.1920929e-07,0.0,9.695997,-4.425,-8.29,-0.56,199.02,326.22,1.9781610787596575,0.83820236
1984-01-14,8.834729834336674,1069.6071463983412,0.5483613097961861,1.1920928955078125e-07,4.529829,0.00017118573,4.53,9.695997,-1.23,-4.65,2.19,132.31,437.24,1.879154022620758,0.83820236
1984-01-15,11.150859051328311,1067.2205281883212,0.5571735623165635,1.1920928955078125e-07,1.1920929e-07,1.1920929e-07,0.0,9.695997,-0.97,-4.63,2.69,189.66,427.83,1.7865212006617799,0.82998466
1984-01-16,12.131898483752126,1064.925595819578,0.54954429641348,1.1920928955078125e-07,1.99984,0.00015997887,2.0,9.708552,-1.155,-3.58,1.27,131.67,470.07,1.7017563402508897,0.7888963
1984-01-17,13.100982158514107,1062.8356279208917,0.6205515382221715,1.1920928955078125e-07,0.00028377026,0.34971625,0.35,9.792,0.5,-2.83,3.83,175.82,502.11,1.6280660608264446,0.78067863
1984-01-18,10.843183582982043,1066.5785991356584,0.662668226644472,3.5285520048547596,8.714199e-07,7.309999,7.31,9.792,1.405,-2.35,5.16,146.44,516.04,1.7623945816807907,0.83820236
1984-01-19,13.622853029473996,1068.447251654717,0.49507427693706346,1.1920928955078125e-07,5.92,1.1920929e-07,5.92,9.792,-2.805,-5.99,0.38,132.85,395.98,1.8335495493631797,0.9696851
1984-01-20,16.239120233936916,1066.2506192638712,0.3302129132815076,1.1920928955078125e-07,1.1920929e-07,1.1920929e-07,0.0,9.792,-8.345,-13.47,-3.22,262.79,223.07,1.7501936465507286,0.797114
1984-01-21,16.235738924038067,1064.115866166634,0.29289039643551135,1.1920928955078125e-07,1.1920929e-07,1.1920929e-07,0.0,9.888002,-10.045,-15.14,-4.95,266.13,189.6,1.6728183164162655,0.7395903
1984-01-22,16.224739864528505,1061.7849834819795,0.3069423550309896,1.1920928955078125e-07,1.1920929e-07,1.1920929e-07,0.0,9.888002,-9.395,-17.35,-1.44,336.38,160.0,1.592235401148507,0.6574136
1984-01-23,16.221997114012208,1059.735078430096,0.45143125030177716,1.1920928955078125e-07,1.1920929e-07,1.1920929e-07,0.0,9.888002,-4.12,-13.33,5.09,350.33,213.58,1.5245808289898044,0.82176703
1984-01-24,16.245304781159575,1058.4972824991883,0.6438578529838754,0.9472118765197592,1.631856e-05,1.5599836,1.56,9.900558,0.935,-5.58,7.45,290.57,405.78,1.4851288125561695,0.94503206
1984-01-25,7.593199208909732,1067.5940481292096,0.8576207944042861,7.593199208909732,1.1920929e-07,4.0,4.0,9.984,4.93,1.0,8.86,160.78,640.36,1.8007114984039125,1.0436441
1984-01-26,2.778302596014208,1071.7368868439225,0.8261500912749784,2.7783025960118213,1.1920929e-07,1.1920929e-07,0.0,9.984,4.31,-3.71,12.33,336.31,465.97,1.965864567490088,0.9943381
1984-01-27,1.0144462164558623,1070.6995666174575,0.8791349153857022,1.0144063573068498,1.1920929e-07,1.1920929e-07,0.0,9.984,5.26,-3.29,13.81,341.92,475.25,1.9231422784207883,0.8792907
1984-01-28,0.3698707453912687,1068.5880089347677,0.8498484962597368,0.3609356028375264,1.1920929e-07,1.1920929e-07,0.0,10.08,4.635,-2.17,11.44,311.35,518.19,1.8390242642776937,0.8628554
1984-01-29,0.14527109620817963,1066.2410334937342,0.7089899718119811,0.11772945632550144,1.1920929e-07,1.1920929e-07,0.0,10.08,1.975,-3.11,7.06,266.36,483.0,1.7498383267153967,0.84642
1984-01-30,0.0709049877542093,1063.9266443397405,0.6503402002673284,0.025447723286007196,1.1920929e-07,1.1920929e-07,0.0,10.08,0.745,-4.89,6.38,290.02,428.88,1.66612717189866,0.80533165
1984-01-31,0.9555801909175073,1061.8182596969496,0.5594500796583749,1.1920928955078125e-07,2.0199957,4.214048e-06,2.02,10.169206,-1.52,-5.48,2.44,214.46,413.01,1.5933580519346104,0.81354934
1984-02-01,1.9639717725533083,1059.7437283639492,0.49212073827722924,1.1920928955078125e-07,1.1920929e-07,1.1920929e-07,0.0,10.176,-3.315,-9.73,3.1,329.03,292.11,1.5248601820628809,0.7395903
1984-02-02,1.964835350401851,1057.6961845632898,0.6369175447921231,1.1920928955078125e-07,1.1920929e-07,1.1920929e-07,0.0,10.176,0.39,-8.76,9.54,370.47,316.35,1.460141429556915,0.72315496
1984-02-03,0.8586980111778665,1056.64507651423,0.7946572063908672,0.8585378779780608,1.1920929e-07,1.1920929e-07,0.0,10.235178,3.57,-3.54,10.68,338.39,467.16,1.4279924512243325,0.747808
1984-02-04,0.31406960456646954,1056.7117418289567,0.902174704256162,0.3010484517429261,1.1920929e-07,3.53,3.53,10.272,5.42,0.12,10.72,216.52,615.16,1.4300102735900913,0.7888963
1984-02-05,0.1259232439716812,1056.298061678739,0.7927152115926932,0.09808085267398346,1.1920929e-07,1.1920929e-07,0.0,10.272,3.485,-2.41,9.38,312.39,517.37,1.417534917225021,0.7560257
1984-02-06,0.09267865073252492,1054.2894476798629,0.5694986582423114,1.1920928955078125e-07,0.02999977,2.2888183e-07,0.03,10.331169,-1.39,-5.4,2.62,244.25,411.69,1.3584910307827547,0.72315496
1984-02-07,0.10437740922958928,1052.4569022821142,0.448764791350832,1.1920928955078125e-07,1.1920929e-07,1.1920929e-07,0.0,10.367997,-4.765,-8.93,-0.6,258.08,309.82,1.306770791014546,0.6574136
1984-02-08,0.10438940100910395,1050.7123666404443,0.5113036459873395,1.1920928955078125e-07,1.1920929e-07,1.1920929e-07,0.0,10.367997,-2.92,-10.4,4.56,367.34,272.26,1.2593650961508054,0.60810757
1984-02-09,0.06946848102541948,1048.85263882857,0.8132417337631772,0.04633605166385831,1.1920929e-07,1.1920929e-07,0.0,10.457203,3.705,-6.17,13.58,391.68,386.78,1.210721481291755,0.6491959
1984-02-10,0.036324870376847174,1046.8199265200353,0.9421980937577247,0.02142537571687197,1.1920929e-07,1.1920929e-07,0.0,10.463997,5.94,-3.6,15.48,386.5,473.68,1.1596997956518535,0.6574136
1984-02-11,0.019825401704502053,1044.7064544911505,1.0514334411279729,0.010892111384160255,1.1920929e-07,1.1920929e-07,0.0,10.463997,7.65,1.22,14.08,328.09,660.99,1.1089296988066464,0.6491959
1984-02-12,0.009817324405624345,1042.509810159125,1.2003706180682898,0.005149418512920234,1.1920929e-07,1.1920929e-07,0.0,10.56,9.6,1.47,17.73,364.88,686.67,1.0585158296392354,0.6574136
1984-02-13,0.005362259353285549,1039.4325982686591,1.3784597230306959,0.0027529970203889562,1.1920929e-07,1.1920929e-07,0.0,10.56,11.835,5.64,18.03,310.11,917.8,0.9917231888582468,0.72315496
1984-02-14,0.0032136905494765796,1066.610654151186,1.4065481555359043,0.0016326625701789963,1.1920929e-07,57.73,57.73,10.56,11.745,7.43,16.06,179.02,1039.2,1.7635915895651204,9.1216135
1984-02-15,0.001933845680758812,1093.1958946462553,1.35607590453626,0.000976271946811979,1.1920929e-07,2.63,2.63,10.655997,10.63,4.9,16.36,273.69,871.35,3.0970793675290134,4.1252704
1984-02-16,0.00116288766260041,1090.3194954349844,1.1901173485056824,0.0005848245624916208,1.1920929e-07,1.1920929e-07,0.0,10.655997,8.625,0.5,16.75,363.61,629.03,2.9140211322168144,2.3831244
1984-02-17,0.0006975131946360047,1086.2914029102285,1.3190942428588275,0.0003499729040283746,1.1920929e-07,1.1920929e-07,0.0,10.668552,10.275,2.88,17.67,345.24,759.33,2.67570835964639,1.8489758
1984-02-18,0.00038047565724189,1082.3707638697035,1.3547438365979811,0.0001905997324987473,1.1920929e-07,1.1920929e-07,0.0,10.752,10.63,2.67,18.59,356.84,742.59,2.4624833647355695,1.594228
1984-02-19,0.0001589955212138414,1078.6224586156802,1.3815405900798847,7.956095953302216e-05,1.1920929e-07,1.1920929e-07,0.0,10.752,10.995,2.85,19.14,360.86,748.96,2.2745375564349026,1.4298745
1984-02-20,6.873870199719955e-05,1075.0866339430224,1.3061194487360914,3.4381163521015306e-05,1.1920929e-07,1.1920929e-07,0.0,10.848,10.02,3.27,16.77,328.28,777.05,2.1104132331028684,1.2983918
1984-02-21,3.983355769969753e-05,1071.9748494816013,0.9331804785140004,1.9920745630593854e-05,1.1920929e-07,1.1920929e-07,0.0,10.848,4.89,-1.45,11.23,325.69,547.03,1.9757981922442964,1.1833445
1984-02-22,2.325552612009961e-05,1069.4578686733728,0.931298461941107,1.1629115108781519e-05,1.1920929e-07,1.1920929e-07,0.0,10.848,4.895,-4.35,14.14,398.77,438.48,1.8732217459158835,1.1093855
1984-02-23,1.3430253802181306e-05,1075.7735404476566,1.015342819957174,6.715577830382952e-06,1.1920929e-07,17.13,17.13,10.944003,5.98,-0.81,12.77,256.96,581.59,2.141343151321208,4.191012
1984-02-24,7.880285780828963e-06,1095.931896410114,1.1558318708376234,3.94029813767437e-06,1.1920929e-07,34.36,34.36,10.944003,7.68,1.95,13.41,228.69,699.01,3.281863202236498,4.758031
1984-02-25,4.688627941082899e-06,1105.840157030131,1.2769413252987043,2.344368928621364e-06,1.1920929e-07,1.1920929e-07,0.0,11.039997,8.95,2.09,15.81,347.18,708.55,4.048231405320775,2.7940078
1984-02-26,2.8064270357433297e-06,1101.213140606609,0.8792976088241965,1.403233207953431e-06,1.1920929e-07,1.1920929e-07,0.0,11.039997,3.335,-2.77,9.44,334.31,502.86,3.6703035347173487,2.1448119
1984-02-27,1.6817075067449911e-06,1096.7064369363472,0.8590475827448484,8.40860823722841e-07,1.1920929e-07,1.1920929e-07,0.0,11.039997,3.05,-2.38,8.48,311.23,511.65,3.3361485180806207,1.8900641
1984-02-28,0.008241587425063633,1097.1828531737638,0.7205347082215929,1.1920928955078125e-07,0.036547557,9.093452,9.13,11.136005,0.34,-1.94,2.62,111.85,534.1,3.369984240047579,1.9640231
1984-02-29,2.642731157783818,1095.1020305462148,0.6104423671725052,1.1920928955078125e-07,1.1920929e-07,1.1920929e-07,0.0,11.136005,-2.01,-5.81,1.79,243.53,402.56,3.224680131069425,1.9393702
1984-03-01,2.6427790949961953,1091.416998635728,0.5823556692774632,1.1920928955078125e-07,1.1920929e-07,1.1920929e-07,0.0,11.232,-2.75,-8.1,2.6,323.79,335.74,2.982555213579026,1.6517516
1984-03-02,2.64256283397434,1087.9066812866067,0.6908070493265226,1.1920928955078125e-07,1.1920929e-07,1.1920929e-07,0.0,11.232,-0.27,-5.42,4.88,315.41,420.35,2.7688378306273163,1.5531397
1984-03-03,1.9256277867836924,1085.2107441209698,0.7779066189561312,1.924657229536222,1.1920929e-07,1.1920929e-07,0.0,11.232,1.49,-4.99,7.97,374.41,420.37,2.615157982760569,1.4791806
1984-03-04,0.655646361690956,1083.1423314838298,0.7908553730598951,0.6546386506629194,1.1920929e-07,1.1920929e-07,0.0,11.328006,1.635,-5.78,9.05,405.43,405.84,2.503057692467826,1.421657
1984-03-05,0.24018959343498106,1083.1134200919728,0.9552428187600052,0.22024707513156153,1.1920929e-07,6.45,6.45,11.328006,4.435,-0.46,9.33,231.06,595.63,2.501525344779776,1.4463099
1984-03-06,0.10051971092816918,1087.2476084521538,1.0648539195633917,0.07358838598997036,1.1920929e-07,7.61,7.61,11.424,5.89,1.64,10.14,207.93,689.17,2.730453539859722,1.5367043
1984-03-07,0.049300743104674985,1087.7395892686598,0.8724847140433322,0.030606623569953587,1.1920929e-07,1.16,1.16,11.424,2.895,-2.07,7.86,312.92,529.2,2.7590556574180143,1.4052216
1984-03-08,0.029607650550359525,1084.7383952349567,0.7837100365727354,0.01687052337268575,1.1920929e-07,1.1920929e-07,0.0,11.520002,1.235,-5.82,8.29,405.17,403.7,2.5891240053031743,1.3230449
1984-03-09,0.02692087371730201,1081.5168475782436,0.6521173002840225,1.1920928955078125e-07,1.1920929e-07,1.1920929e-07,0.0,11.520002,-1.375,-9.33,6.58,434.73,301.03,2.4183448803258982,1.2737389
1984-03-10,0.026920890868261625,1078.5723657675378,0.5784323689575439,1.1920928955078125e-07,1.1920929e-07,1.1920929e-07,0.0,11.520002,-3.035,-9.24,3.17,388.02,307.03,2.2721254921075023,1.2244328
1984-03-11,0.026519095233597214,1075.7189500074387,0.7235140651165364,1.1920928955078125e-07,1.1920929e-07,1.1920929e-07,0.0,11.615997,0.075,-5.98,6.13,386.02,390.37,2.1388685671468215,1.2244328
1984-03-12,0.06500737194593152,1072.8607205888768,0.7567731435393472,0.024975658340889946,1.1920929e-07,1.1920929e-07,0.0,11.615997,0.765,-6.03,7.56,414.5,389.7,2.013221694499801,1.1669091
1984-03-13,0.036027633448162386,1076.7925364042917,0.8364722144150548,0.021224104822138393,1.1920929e-07,14.16,14.16,11.712,2.055,-2.69,6.8,246.93,505.72,2.1880633192166923,2.317383
1984-03-14,0.01882808192552276,1087.0199341597,1.0954288692092502,0.010297673802076586,1.1920929e-07,11.35,11.35,11.712,5.945,0.43,11.46,273.99,634.36,2.7173178628566608,2.4570835
1984-03-15,0.01060577052328102,1088.698428167701,1.2553184046853176,0.005583827889542761,1.1920929e-07,1.1920929e-07,0.0,11.712,8.01,-2.47,18.49,487.31,510.97,2.815663175859694,1.7832344
1984-03-16,0.006098738833239184,1084.7306459002355,1.5143098656486933,0.0031423271440714053,1.1920929e-07,1.1920929e-07,0.0,11.808002,10.875,1.11,20.64,472.95,652.07,2.588699060956101,1.6353164
1984-03-17,0.003505143767042599,1080.7788411904244,1.436975511304468,0.0017832838212558186,1.1920929e-07,1.1920929e-07,0.0,11.808002,10.105,0.86,19.35,468.87,646.11,2.38083559487449,1.5202689
1984-03-18,0.0019804781194144626,1077.0495965884502,1.4658206995320247,0.0010000444731654394,1.1920929e-07,1.1920929e-07,0.0,11.903997,10.345,3.24,17.45,418.87,781.19,2.2000094701031734,1.4463099
1984-03-19,0.0011718194054189002,1078.5797387259447,1.6281420706511023,0.0005893425652245644,1.1920929e-07,7.78,7.78,11.903997,11.99,6.17,17.81,277.61,942.43,2.272480353242411,1.4298745
1984-03-20,0.0006986969920490899,1080.022124981404,1.644497111157686,0.0003505689347763724,1.1920929e-07,1.1920929e-07,0.0,12.000009,12.0,6.98,17.02,338.27,1002.34,2.3429793920002457,1.3641332
1984-03-21,0.0004161058648965909,1091.3244933404126,1.4120614952612363,0.00020848579205073994,1.1920929e-07,27.9,27.9,12.000009,9.425,4.16,14.69,268.59,829.84,2.9767169982315678,3.0241027
1984-03-22,0.00024900842156706056,1103.626185306837,1.1736926460852513,0.00012465922368846188,1.1920929e-07,8.09,8.09,12.000009,6.395,2.41,10.38,222.58,732.97,3.8627738226049053,2.366689
1984-03-23,0.00014898239565710992,1102.1993100158234,1.2502248632424646,7.454668720383072e-05,1.1920929e-07,1.1920929e-07,0.0,12.096003,7.26,2.13,12.39,368.55,711.18,3.747776049920521,1.9311525
1984-03-24,8.816444158364411e-05,1096.8579625545178,1.1769825990651461,4.410165321246272e-05,1.1920929e-07,1.1920929e-07,0.0,12.096003,6.41,-3.91,16.73,516.02,461.91,3.346873065820156,1.7339284
1984-03-25,5.1644924373605135e-05,1096.3052728312707,1.4110866105698348,2.5829130182188247e-05,1.1920929e-07,7.02,7.02,12.191998,9.095,2.14,16.05,329.76,716.9,3.3079209120595174,1.7503637
1984-03-26,3.0192716279476942e-05,1099.2731124467377,1.393739245636823,1.509863714001199e-05,1.1920929e-07,8.21,8.21,12.191998,8.86,5.58,12.14,190.69,901.33,3.522539765997384,1.8736287
1984-03-27,1.799040648668347e-05,1095.9570745203266,1.36446923756863,8.996012380153445e-06,1.1920929e-07,1.1920929e-07,0.0,12.288,8.455,2.62,14.29,407.45,743.6,3.2836138946187887,1.6435341
1984-03-28,1.0798295064941082e-05,1098.3117770035137,1.422519772770799,5.399439040411031e-06,1.1920929e-07,14.34,14.34,12.288,9.07,4.56,13.58,254.27,850.45,3.451538321168266,3.3199387
1984-03-29,6.474322269996346e-06,1112.096262799765,1.1384325448471055,3.2372659271202754e-06,1.1920929e-07,26.38,26.38,12.288,5.455,2.98,7.93,152.19,762.17,4.621835323404323,6.7138367
1984-03-30,3.812397605181883e-06,1115.8118442117031,1.0913296636457996,1.9062351385296872e-06,1.1920929e-07,1.1920929e-07,0.0,12.383997,4.65,1.73,7.57,240.28,693.03,5.000272100665875,3.237762
1984-03-31,2.27483024417499e-06,1110.4374891032346,1.0846289145911134,1.1374280592190941e-06,1.1920929e-07,1.1920929e-07,0.0,12.383997,4.63,-0.05,9.31,363.33,608.18,4.462267637721076,2.3831244
1984-04-01,1.3460240157540013e-06,1105.0823703342762,1.1948793459522165,6.730165373286279e-07,1.1920929e-07,1.1920929e-07,0.0,12.479998,6.05,-0.02,12.12,433.83,609.73,3.9837726370703677,2.0215468
1984-04-02,7.611037702813339e-07,1099.7599616796947,1.231997893376261,3.8055333333803976e-07,1.1920929e-07,1.1920929e-07,0.0,12.479998,6.59,-2.86,16.04,526.61,498.23,3.5590523003595194,1.7996697
1984-04-03,3.9771853500490434e-07,1095.0534350953333,1.4576280626700768,1.9885966295253488e-07,1.1920929e-07,1.1920929e-07,0.0,12.479998,9.255,1.98,16.53,474.09,711.58,3.221362644356249,1.668187
1984-04-04,2.3453516241086856e-07,1094.0433325619765,1.3757058018318824,1.1920928955078125e-07,1.1920929e-07,7.64,7.64,12.576003,8.25,5.72,10.78,157.69,909.38,3.153173084818523,1.7832344
1984-04-05,1.395586806236441e-07,1099.299264399282,1.3163747892460422,1.1920928955078125e-07,1.1920929e-07,11.55,11.55,12.576003,7.495,4.33,10.66,196.76,834.85,3.524491545446822,2.5310423
1984-04-06,8.273330342777582e-08,1098.4702609065023,1.4766150047781268,1.1920928955078125e-07,1.1920929e-07,1.1920929e-07,0.0,12.672003,9.17,5.19,13.15,320.92,884.49,3.4631441837870405,1.8818464
1984-04-07,4.935963010960095e-08,1093.7783322429518,1.4656068773291022,1.1920928955078125e-07,1.1920929e-07,1.1920929e-07,0.0,12.672003,9.12,3.81,14.43,407.08,807.52,3.1355238308604583,1.6846224
1984-04-08,2.8835600480043164e-08,1089.335091449018,1.4371290987249266,1.1920928955078125e-07,1.1920929e-07,1.1920929e-07,0.0,12.767997,8.76,1.17,16.35,500.61,660.8,2.853890378187536,1.569575
1984-04-09,1.7376177708197586e-08,1084.5021430219115,1.4721777416439645,1.1920928955078125e-07,1.1920929e-07,1.1920929e-07,0.0,12.767997,9.205,4.55,13.86,374.69,854.5,2.5762001231408056,1.5038337
1984-04-10,1.0512860289357335e-08,1095.7489916738664,1.157452203764138,1.1920928955078125e-07,1.1920929e-07,28.88,28.88,12.767997,5.35,1.1,9.6,268.09,667.04,3.2691733996575416,2.9090552
1984-04-11,6.3631169434047125e-09,1104.6352806778766,1.2544025584202134,1.1920928955078125e-07,1.1920929e-07,1.1920929e-07,0.0,12.863992,6.335,-2.45,15.12,539.53,509.7,3.946224805980813,2.3256006
1984-04-12,3.733124940681532e-09,1099.7492828791744,1.5848831049354244,1.1920928955078125e-07,1.1920929e-07,1.1920929e-07,0.0,12.863992,10.025,0.09,19.96,549.4,617.73,3.558247370282591,1.9804585
1984-04-13,2.203398586582975e-09,1094.9132780336477,1.959476374358021,1.1920928955078125e-07,1.1920929e-07,1.1920929e-07,0.0,12.959997,13.36,5.0,21.72,512.08,879.76,3.2118135860479113,1.8161051
1984-04-14,1.2658545963388545e-09,1095.037886261924,2.114437679324815,1.1920928955078125e-07,1.1920929e-07,8.92,8.92,12.959997,14.595,8.65,20.54,323.73,1131.66,3.2203018862926087,2.440648
1984-04-15,7.415105870448081e-10,1099.8116418340103,1.9792250952124315,1.1920928955078125e-07,1.1920929e-07,12.11,12.11,12.959997,13.45,7.81,19.09,320.0,1072.05,3.5629503406183614,3.114497
1984-04-16,4.2516822663883333e-10,1098.830857721813,1.8386683156533137,1.1920928955078125e-07,1.1920929e-07,0.74,0.74,13.0560055,12.16,6.72,17.6,412.17,985.33,3.4896965045185486,2.342036
1984-04-17,2.4926739902920507e-10,1094.2938339895484,1.480034695538908,1.1920928955078125e-07,1.1920929e-07,1.1920929e-07,0.0,13.0560055,8.8,2.59,15.01,474.33,737.02,3.1699480303318106,2.0790706
1984-04-18,1.407185729817053e-10,1089.8470519315877,1.3911969723536286,1.1920928955078125e-07,1.1920929e-07,1.1920929e-07,0.0,13.152002,7.79,1.87,13.71,465.08,697.37,2.8850061811209624,1.8900641
1984-04-19,8.119149293820573e-11,1085.649181424155,1.3328725762798872,1.1920928955078125e-07,1.1920929e-07,1.1920929e-07,0.0,13.152002,7.19,0.48,13.9,497.65,627.61,2.6395570925013696,1.742146
1984-04-20,4.2602231736842e-11,1081.1731974858908,1.4868169561104174,1.1920928955078125e-07,1.1920929e-07,1.1920929e-07,0.0,13.152002,8.945,0.49,17.4,542.89,628.77,2.400805853624132,1.6435341
1984-04-21,1.9004305187187738e-11,1078.2098791514377,1.734612427789208,1.1920928955078125e-07,1.1920929e-07,2.33,2.33,13.248,11.3,4.73,17.87,447.93,858.58,2.254747141716475,1.5777926
1984-04-22,1.0718939245410898e-11,1079.312825494402,1.3252350933029875,1.1920928955078125e-07,1.1920929e-07,7.32,7.32,13.248,7.08,2.38,11.78,293.95,729.95,2.308042018952225,1.618881
1984-04-23,6.169276039988231e-12,1083.0630418833236,1.1753197677709255,1.1920928955078125e-07,1.1920929e-07,6.41,6.41,13.331445,5.105,1.31,8.9,256.14,676.58,2.498857464330906,1.6846224
1984-04-24,3.651452227029927e-12,1082.7818289066504,1.3334657387216535,1.1920928955078125e-07,1.1920929e-07,1.1920929e-07,0.0,13.343997,7.015,3.09,10.94,356.36,767.13,2.484017444219469,1.5531397
1984-04-25,2.1061819112919626e-12,1078.82905398461,1.8375411607150773,1.1920928955078125e-07,1.1920929e-07,1.1920929e-07,0.0,13.343997,12.095,4.27,19.92,529.71,828.18,2.284512597455862,1.4380922
1984-04-26,1.2217000695087445e-12,1074.4278824232154,2.5026918211231264,1.1920928955078125e-07,1.1920929e-07,1.1920929e-07,0.0,13.439992,17.09,6.35,27.83,563.67,949.56,2.081170820871684,1.3641332
1984-04-27,6.539773968473379e-13,1069.6558728674597,2.991284632915428,1.1920928955078125e-07,1.1920929e-07,1.1920929e-07,0.0,13.439992,20.175,10.49,29.86,536.97,1279.39,1.8810944700476984,1.3148272
1984-04-28,3.523978825561209e-13,1065.1386017048023,2.9431048535064286,1.1920928955078125e-07,1.1920929e-07,1.1920929e-07,0.0,13.439992,19.97,11.95,27.99,497.69,1395.97,1.7094515326532171,1.2819566
1984-04-29,5.170595254727682e-14,1061.9564889412218,2.51080733923183,1.1920928955078125e-07,1.1920929e-07,4.46,4.46,13.536,17.22,12.42,22.02,271.97,1433.89,1.5980300179179026,1.3148272
1984-04-30,-2.0284691300322866e-13,1059.556299983379,2.762874313927674,1.1920928955078125e-07,1.1920929e-07,1.1920929e-07,0.0,13.536,18.865,14.71,23.02,319.81,1679.38,1.5188185534662724,1.2655212
1984-05-01,-3.3227378335970145e-13,1057.236607911555,2.391376542071426,1.1920928955078125e-07,1.1920929e-07,2.29,2.29,13.542794,16.475,9.45,23.5,415.75,1196.14,1.4459968113973325,1.2737389
1984-05-02,-2.6261769345511645e-13,1054.3868090217068,1.9903227639474492,1.1920928955078125e-07,1.1920929e-07,1.1920929e-07,0.0,13.632003,13.405,5.73,21.08,511.84,918.07,1.3612954416256977,1.1422561
1984-05-03,-1.0256313930250369e-13,1053.2127775936453,1.825766570233439,1.1920928955078125e-07,1.1920929e-07,5.54,5.54,13.632003,12.035,7.41,16.66,279.5,1032.65,1.3278610176203458,1.2901742
1984-05-04,4.407937106963006e-14,1054.5342007688894,2.042723372877853,1.1920928955078125e-07,1.1920929e-07,20.27,20.27,13.668831,13.78,9.77,17.79,244.84,1221.64,1.3655519557599487,2.1530297
1984-05-05,1.365167012364645e-13,1057.823380423663,2.21852724214192,1.1920928955078125e-07,1.1920929e-07,1.1920929e-07,0.0,13.728,15.005,7.92,22.09,486.24,1073.71,1.4640805883555252,1.4627453
1984-05-06,1.3395571477317938e-13,1062.5526184341907,2.3254102922302584,1.1920928955078125e-07,1.1920929e-07,9.01,9.01,13.728,15.705,10.15,21.26,308.61,1251.66,1.6183358464357431,2.1283765
1984-05-07,5.84498757480728e-14,1067.2672739623772,2.6132965751916193,1.1920928955078125e-07,1.1920929e-07,23.57,23.57,13.764828,17.525,12.9,22.15,264.8,1477.7,1.7882909671982212,2.711831
1984-05-08,-2.1916378118106164e-14,1070.5230645961067,2.859303845216428,1.1920928955078125e-07,1.1920929e-07,4.07,4.07,13.8239975,18.915,12.01,25.82,350.13,1400.9,1.915965988615101,2.3749065
1984-05-09,-8.524945414037536e-14,1071.922216222675,1.8068463115181088,1.1920928955078125e-07,1.1920929e-07,8.21,8.21,13.8239975,11.365,3.09,19.64,397.9,770.4,1.9735967301539488,2.1612473
1984-05-10,-1.0967704434085844e-13,1071.0673367434713,1.83430530855183,1.1920928955078125e-07,1.1920929e-07,1.1920929e-07,0.0,13.830791,11.61,4.75,18.47,480.58,862.06,1.9381816927802114,1.791452
1984-05-11,-7.638835588683154e-14,1067.7232024901775,2.2205212606871165,1.1920928955078125e-07,1.1920929e-07,1.1920929e-07,0.0,13.919997,14.64,6.0,23.28,533.18,920.0,1.8056443473038608,1.6106633
1984-05-12,-1.3390044253713658e-14,1063.663026651896,2.586959736410106,1.1920928955078125e-07,1.1920929e-07,1.1920929e-07,0.0,13.919997,17.225,10.06,24.39,480.27,1244.76,1.6568498806320187,1.4873983
1984-05-13,5.2684648099629805e-14,1059.6025194842625,2.4229298674969986,1.1920928955078125e-07,1.1920929e-07,1.1920929e-07,0.0,13.919997,16.2,7.82,24.58,525.29,1068.27,1.5203061808809168,1.3805686
1984-05-14,1.0358018586198888e-13,1055.7006090997543,2.5277656613980075,1.1920928955078125e-07,1.1920929e-07,1.1920929e-07,0.0,14.016,16.85,10.09,23.61,466.27,1246.87,1.3997093817611994,1.2819566
1984-05-15,1.2104103372215376e-13,1052.1162236108476,1.9815401914723663,1.1920928955078125e-07,1.1920929e-07,1.1920929e-07,0.0,14.016,12.92,4.25,21.59,537.27,819.89,1.2973750983549346,1.1915622
1984-05-16,8.854525698038201e-14,1048.9963311125432,1.678269736194908,1.1920928955078125e-07,1.1920929e-07,1.1920929e-07,0.0,14.016,10.32,1.84,18.8,537.51,697.93,1.214412015151785,1.1340384
1984-05-17,3.805856879375661e-14,1046.102683233604,1.699688147227252,1.1920928955078125e-07,1.1920929e-07,1.1920929e-07,0.0,14.099442,10.47,1.26,19.68,553.8,666.52,1.1422147101584523,1.0929501
1984-05-18,-3.5986975563424175e-15,1043.103210717855,2.018901411383839,1.1920928955078125e-07,1.1920929e-07,1.1920929e-07,0.0,14.111998,13.25,3.78,22.72,550.58,796.58,1.0719042057023322,1.0682971
1984-05-19,-2.510831099977512e-14,1039.7533314594834,2.677186745753246,1.1920928955078125e-07,1.1920929e-07,1.1920929e-07,0.0,14.111998,17.95,8.37,27.53,536.69,1109.94,0.9984834088279109,1.0354264
1984-05-20,-1.9040170676060796e-14,1035.66352828349,3.1835306824990948,1.1920928955078125e-07,1.1920929e-07,1.1920929e-07,0.0,14.111998,20.96,12.56,29.36,495.17,1445.0,0.9156284172121527,0.9943381
1984-05-21,-9.401665254977887e-15,1030.4652561137507,3.2451546520564647,1.1920928955078125e-07,1.1920929e-07,1.1920929e-07,0.0,14.207997,21.26,13.29,29.23,480.01,1531.11,0.8201645704430541,0.94503206
1984-05-22,-3.5219251613320746e-15,1026.5199430407488,3.352754778061189,1.1920928955078125e-07,1.1920929e-07,1.1920929e-07,0.0,14.207997,21.89,14.52,29.26,452.57,1643.4,0.7544119535445474,0.92859674
1984-05-23,-1.838392238406697e-15,1026.7430360934575,3.223130631505986,1.1920928955078125e-07,1.1920929e-07,8.78,8.78,14.207997,21.205,15.77,26.64,272.14,1793.68,0.7579852705078215,0.9943381
1984-05-24,-1.0507251057464215e-15,1030.0974483424823,2.3774483787985576,1.1920928955078125e-07,1.1920929e-07,5.26,5.26,14.207997,16.015,7.51,24.52,379.56,1044.62,0.8137998149860435,0.9696851
1984-05-25,-6.217555717414272e-16,1029.2679976908294,2.544801740723003,1.1920928955078125e-07,1.1920929e-07,1.1920929e-07,0.0,14.291445,17.06,7.82,26.3,524.16,1065.91,0.7996272275402254,0.8792907
1984-05-26,-3.5935767502561403e-16,1025.0101836263032,3.0081200807655373,1.1920928955078125e-07,1.1920929e-07,1.1920929e-07,0.0,14.304,19.935,11.29,28.58,499.54,1342.91,0.7306686472500693,0.8546377
1984-05-27,-2.128398317904061e-16,1026.3817138705044,3.139807901251097,1.1920928955078125e-07,1.1920929e-07,11.36,11.36,14.304,20.645,14.73,26.56,292.82,1685.42,0.7522063722600787,0.9039437
1984-05-28,-1.2345741072775762e-16,1034.1389040013519,2.819401427152941,1.1920928955078125e-07,1.1920929e-07,11.09,11.09,14.304,18.685,15.73,21.64,164.81,1788.75,0.8865320359477654,1.2983918
1984-05-29,-7.429416299718453e-17,1046.891462652469,2.9519334026466835,1.1920928955078125e-07,1.1920929e-07,19.84,19.84,14.304,19.255,15.55,22.96,202.87,1764.04,1.161458328689114,1.9393702
1984-05-30,-4.4754032582430394e-17,1053.8509049021302,2.1028001942956123,1.1920928955078125e-07,1.1920929e-07,1.97,1.97,14.387447,13.43,7.46,19.4,381.68,1043.15,1.3459306248108913,1.2162151
1984-05-31,-2.695735156975481e-17,1051.3325124371147,1.7160700131629445,1.1920928955078125e-07,1.1920929e-07,1.1920929e-07,0.0,14.4000025,10.21,3.11,17.31,482.71,766.95,1.2760165181796164,1.0189911
1984-06-01,-1.5966650508810128e-17,1048.2286554381312,2.0371372055730546,1.1920928955078125e-07,1.1920929e-07,1.1920929e-07,0.0,14.4000025,12.99,5.04,20.94,506.48,883.05,1.1948250040446153,0.94503206
1984-06-02,-6.165520488210773e-18,1044.5130347372508,2.633502206431559,1.1920928955078125e-07,1.1920929e-07,1.1920929e-07,0.0,14.4000025,17.26,8.54,25.98,515.51,1126.82,1.1043958613122389,0.8875084
1984-06-03,2.0177045602977325e-18,1040.3484329421271,3.4279691684960216,1.1920928955078125e-07,1.1920929e-07,1.1920929e-07,0.0,14.4000025,21.81,14.64,28.98,440.83,1662.33,1.0111489082524703,0.84642
1984-06-04,6.2666667920216324e-18,1036.0805340354639,3.1861031138478415,1.1920928955078125e-07,1.1920929e-07,1.1920929e-07,0.0,14.4000025,20.62,12.85,28.39,469.38,1490.33,0.9237516918999885,0.7888963
1984-06-05,4.673956495970251e-18,1031.9946765973627,3.1613035344770077,1.1920928955078125e-07,1.1920929e-07,1.1920929e-07,0.0,14.4368305,20.51,12.69,28.33,468.82,1455.03,0.8471688004461801,0.7560257
1984-06-06,5.282409070602608e-19,1027.705998583835,3.5664981602914114,1.1920928955078125e-07,1.1920929e-07,1.1920929e-07,0.0,14.496003,22.595,14.61,30.58,463.37,1660.03,0.7736044126867725,0.747808
1984-06-07,-3.9469908645644606e-18,1023.1805390800944,4.001654766416026,1.1920928955078125e-07,1.1920929e-07,1.1920929e-07,0.0,14.496003,24.695,17.39,32.0,428.39,1981.63,0.7028939415601468,0.71493727
1984-06-08,-7.535884532554089e-18,1018.5539903173266,3.948835480950546,1.1920928955078125e-07,1.1920929e-07,1.1920929e-07,0.0,14.496003,24.54,17.2,31.88,431.4,1956.96,0.6372806825749908,0.6820666
1984-06-09,-9.022585810558814e-18,1013.9620445267171,3.8868107541109036,1.1920928955078125e-07,1.1920929e-07,1.1920929e-07,0.0,14.496003,24.34,17.28,31.4,420.46,1971.17,0.5782158826455247,0.6656313
1984-06-10,-7.189438780261532e-18,1009.5399814939224,3.7766410807329707,1.1920928955078125e-07,1.1920929e-07,1.1920929e-07,0.0,14.496003,23.91,16.14,31.68,451.24,1827.66,0.5265165292683222,0.6574136
1984-06-11,-5.891859651144505e-19,1005.2042893088678,3.8173936848820116,1.1920928955078125e-07,1.1920929e-07,1.1920929e-07,0.0,14.496003,24.175,16.33,32.02,452.41,1854.99,0.480317618709564,0.6327606
1984-06-12,9.664690666395542e-18,1000.85164777222,3.8463395851543014,1.1920928955078125e-07,1.1920929e-07,1.1920929e-07,0.0,14.496003,24.385,17.03,31.74,434.13,1933.9,0.43801512784295915,0.62454295
1984-06-13,2.1165443218839437e-17,996.5370141919185,3.875503881703294,1.1920928955078125e-07,1.1920929e-07,1.1920929e-07,0.0,14.496003,24.595,17.75,31.44,411.51,2037.77,0.39975999703898474,0.61632526
1984-06-14,3.150632379678823e-17,992.315345875903,4.005307271356693,1.1920928955078125e-07,1.1920929e-07,1.1920929e-07,0.0,14.496003,25.255,18.82,31.69,392.23,2176.43,0.3655651039361946,0.6574136
1984-06-15,3.8280584504812925e-17,988.2416001321127,3.7419831754810158,1.1920928955078125e-07,1.1920929e-07,1.1920929e-07,0.0,14.502797,24.115,17.11,31.12,423.98,1938.03,0.33534424108065464,0.59167224
1984-06-16,3.9081477447484535e-17,984.3707342684874,3.4415315320865174,1.1920928955078125e-07,1.1920929e-07,0.47,0.47,14.532827,22.68,16.96,28.4,369.99,1937.46,0.3089464715903416,0.5752369
1984-06-17,3.150225472937401e-17,980.7577055929664,3.1073672557218956,1.1920928955078125e-07,1.1920929e-07,1.1920929e-07,0.0,14.532827,20.975,17.0,24.95,282.31,1936.44,0.286185376781531,0.6409783
1984-06-18,1.5156163521476705e-17,977.3505932190055,3.8012227577987363,1.1920928955078125e-07,1.1920929e-07,1.1920929e-07,0.0,14.57945,24.495,18.05,30.94,410.21,2083.9,0.2662599440989958,0.59988993
1984-06-19,-4.234563700392927e-18,973.9630193930618,3.988434228912129,1.1920928955078125e-07,1.1920929e-07,1.1920929e-07,0.0,14.57945,25.41,18.63,32.19,423.19,2148.61,0.2478243448862468,0.5423662
1984-06-20,-2.1327469358496407e-17,970.5796164748516,3.766359477608958,1.1920928955078125e-07,1.1920929e-07,1.1920929e-07,0.0,14.57945,24.455,17.61,31.3,432.25,2018.91,0.2306855889657758,0.50127786
1984-06-21,-3.083491312990147e-17,967.1897381464797,3.56020274249153,1.1920928955078125e-07,1.1920929e-07,1.0,1.0,14.57945,23.525,18.52,28.53,336.58,2134.14,0.21470264578259649,0.50127786
1984-06-22,-2.746925469167584e-17,963.7827380900512,3.2152575043802973,1.1920928955078125e-07,1.1920929e-07,1.1920929e-07,0.0,14.57945,21.81,16.52,27.1,370.89,1878.41,0.19975461747126377,0.50127786
1984-06-23,-1.604376523225592e-17,961.9145874113888,2.9757368707749112,1.1920928955078125e-07,1.1920929e-07,0.9,0.9,14.57945,20.51,16.16,24.86,300.69,1837.14,0.1920047362476121,0.5259309
1984-06-24,-8.782126616095414e-18,963.7396792564916,3.025156176555889,1.1920928955078125e-07,1.1920929e-07,8.44,8.44,14.532827,20.815,17.01,24.62,221.81,1941.07,0.19957251682643634,0.61632526
1984-06-25,-5.129935446200019e-18,966.6769960882743,2.957430319399708,1.1920928955078125e-07,1.1920929e-07,5.01,5.01,14.502797,20.41,15.03,25.79,345.49,1712.22,0.21238348651392944,0.6574136
1984-06-26,-2.8118221499656127e-18,965.4856542120854,2.661249969099118,1.1920928955078125e-07,1.1920929e-07,1.1920929e-07,0.0,14.496003,18.645,10.39,26.9,520.77,1269.14,0.20709124566809214,0.5259309
1984-06-27,-1.6251944552673111e-18,962.515184362923,2.8019332169292914,1.1920928955078125e-07,1.1920929e-07,1.1920929e-07,0.0,14.496003,19.57,10.46,28.68,535.06,1245.41,0.19446290010564038,0.47662488
1984-06-28,-8.42024730213881e-19,959.1113002886218,3.115800993221984,1.1920928955078125e-07,1.1920929e-07,1.1920929e-07,0.0,14.496003,21.45,13.56,29.34,490.15,1508.35,0.18093594485258843,0.46018952
1984-06-29,-4.2515866797288166e-19,956.5416251918633,3.0133095582433644,1.1920928955078125e-07,1.1920929e-07,1.47,1.47,14.496003,20.92,15.51,26.33,350.31,1757.02,0.1713510348019594,0.61632526
1984-06-30,-2.3829016252684263e-19,956.738276936775,2.9043598287732886,1.1920928955078125e-07,1.1920929e-07,1.1920929e-07,0.0,14.496003,20.285,15.86,24.71,328.38,1801.59,0.17206625498963138,0.5670192
1984-07-01,-1.1449166971128145e-19,958.5299185046857,2.8835321995801317,1.1920928955078125e-07,1.1920929e-07,7.55,7.55,14.496003,20.13,14.45,25.81,303.71,1650.88,0.17872149721931027,0.7560257
1984-07-02,-6.268342652021394e-20,959.5678739683916,2.9774225574511917,1.1920928955078125e-07,1.1920929e-07,1.1920929e-07,0.0,14.496003,20.66,15.01,26.31,406.38,1707.25,0.1826942240028931,0.71493727
1984-07-03,-3.647083331375787e-20,963.1623456267909,2.9703325924468005,1.1920928955078125e-07,1.1920929e-07,9.48,9.48,14.496003,20.555,13.19,27.92,361.21,1521.06,0.1971468825936577,1.0518618
1984-07-04,-2.1825058622603588e-20,963.9534315154289,3.173491615248449,1.1920928955078125e-07,1.1920929e-07,1.1920929e-07,0.0,14.496003,21.68,14.38,28.98,476.39,1631.65,0.20047813553456936,0.58345455
1984-07-05,-1.312801391603645e-20,965.8330212379531,3.562093289013839,1.1920928955078125e-07,1.1920929e-07,11.64,11.64,14.483447,23.675,16.92,30.43,334.18,1918.29,0.20862056940855223,0.5752369
1984-07-06,-7.903536070871056e-21,977.5070073303897,3.480297349291053,1.1920928955078125e-07,1.1920929e-07,18.66,18.66,14.406797,23.15,17.62,28.68,295.14,2020.78,0.267143536171642,0.71493727
1984-07-07,-4.69864181231656e-21,980.5992376809396,3.3074411218967397,1.1920928955078125e-07,1.1920929e-07,1.1920929e-07,0.0,14.4000025,22.215,17.54,26.89,351.64,2012.31,0.2852263945903353,0.59167224
1984-07-08,-2.8142830664075327e-21,977.5148491879759,2.672601478602591,1.1920928955078125e-07,1.1920929e-07,1.1920929e-07,0.0,14.4000025,18.62,10.54,26.7,517.24,1283.34,0.26718791237234013,0.5259309
1984-07-09,-1.6743531246919532e-21,974.6515504532963,2.6505945131920687,1.1920928955078125e-07,1.1920929e-07,1.1920929e-07,0.0,14.4000025,18.53,10.37,26.69,519.35,1268.45,0.2514650762472285,0.46840718
1984-07-10,-7.95558891378754e-22,971.0297989234982,3.25541875410357,1.1920928955078125e-07,1.1920929e-07,1.1920929e-07,0.0,14.4000025,22.11,14.85,29.37,477.98,1660.2,0.23289578951436568,0.47662488
1984-07-11,-1.0366448158400817e-22,966.848201978761,3.976899577997814,1.1920928955078125e-07,1.1920929e-07,1.1920929e-07,0.0,14.4000025,25.71,19.2,32.22,431.02,2218.47,0.213155060478455,0.6409783
1984-07-12,2.2692754578251376e-22,962.9086499042236,3.9163629848589188,1.1920928955078125e-07,1.1920929e-07,0.22,0.22,14.310795,25.62,19.68,31.56,401.32,2285.86,0.19609033965716322,0.48484254
1984-07-13,1.5736405578164037e-22,959.8276754136801,3.614155898173179,1.1920928955078125e-07,1.1920929e-07,2.18,2.18,14.304,24.26,18.85,29.67,363.61,2183.7,0.1837023441529511,0.45197186
1984-07-14,7.801514218935012e-23,957.0565581355075,3.3590801550332157,1.1920928955078125e-07,1.1920929e-07,0.62,0.62,14.304,23.025,16.99,29.06,426.59,1936.08,0.1732301715716306,0.47662488
1984-07-15,3.680529794377873e-23,953.8317634603658,3.563193071352114,1.1920928955078125e-07,1.1920929e-07,1.1920929e-07,0.0,14.304,24.12,17.56,30.68,446.7,1966.56,0.16179274783121791,0.5259309
1984-07-16,2.1880573002010515e-23,953.5429132820134,3.611900282556631,1.1920928955078125e-07,1.1920929e-07,6.04,6.04,14.304,24.365,19.39,29.34,273.35,2250.93,0.16080589078349428,0.6820666
1984-07-17,1.3052797549624927e-23,957.4263731406583,3.250986779964322,1.1920928955078125e-07,1.1920929e-07,5.7,5.7,14.207997,22.565,17.56,27.57,279.54,2014.34,0.1745924332588772,0.5752369
1984-07-18,7.706166380914027e-24,973.6253345617813,3.2141083759530575,1.1920928955078125e-07,1.1920929e-07,28.56,28.56,14.207997,22.075,17.58,26.57,259.55,2017.43,0.24605808863500506,2.3009477
1984-07-19,4.648336750015662e-24,983.5009002453372,2.7570146427539997,1.1920928955078125e-07,1.1920929e-07,1.1920929e-07,0.0,14.207997,19.27,11.6,26.94,507.23,1365.1,0.3033065190088407,0.8875084
1984-07-20,2.809477629935427e-24,979.6795332181896,2.9055543209201424,1.1920928955078125e-07,1.1920929e-07,1.1920929e-07,0.0,14.207997,20.23,13.37,27.09,474.41,1538.88,0.27972382964918807,0.59167224
1984-07-21,1.673704105153044e-24,979.25237164368,2.9993406021925644,1.1920928955078125e-07,1.1920929e-07,5.53,5.53,14.118794,20.89,15.95,25.83,282.44,1809.35,0.2772043616333372,0.62454295
1984-07-22,9.877382633318924e-25,985.4810812162624,2.798545390147794,1.1920928955078125e-07,1.1920929e-07,12.61,12.61,14.111998,19.605,15.09,24.12,266.54,1714.4,0.3162985367987744,0.6820666
1984-07-23,5.4684265106187625e-25,990.3621901244624,3.239790123077165,1.1920928955078125e-07,1.1920929e-07,5.59,5.59,14.111998,22.035,17.46,26.61,262.34,1997.12,0.35075017447939655,0.59988993
1984-07-24,2.6847892982263677e-25,989.3371651638364,3.5249647268535678,1.1920928955078125e-07,1.1920929e-07,1.1920929e-07,0.0,14.111998,23.525,17.27,29.78,431.07,1978.03,0.34321702204913285,0.5670192
1984-07-25,1.5370057085909913e-25,986.1930881239582,3.520796302237271,1.1920928955078125e-07,1.1920929e-07,1.1920929e-07,0.0,14.016,23.68,17.95,29.41,404.16,2059.65,0.32110483556980524,0.5177132
1984-07-26,8.794685400084123e-26,992.2646550098117,3.4018116427823886,1.1920928955078125e-07,1.1920929e-07,18.34,18.34,14.016,22.97,18.06,27.88,274.4,2072.27,0.3651728098671998,1.0682971
1984-07-27,5.198894156260989e-26,1005.7877588682624,3.3038364448381685,1.1920928955078125e-07,1.1920929e-07,18.81,18.81,14.016,22.225,17.94,26.51,251.9,2055.0,0.486290495323565,0.6574136
1984-07-28,2.975376740100389e-26,1010.0433243418098,2.943856113913006,1.1920928955078125e-07,1.1920929e-07,1.1920929e-07,0.0,14.003442,20.18,15.59,24.77,368.85,1768.66,0.5321599637811354,0.5670192
1984-07-29,9.972479729353183e-27,1006.9023958577532,2.650164532495017,1.1920928955078125e-07,1.1920929e-07,1.1920929e-07,0.0,13.919997,18.55,15.13,21.97,293.59,1716.89,0.4979080961230978,0.5505839
1984-07-30,-2.563892423429885e-26,1003.438066263795,2.626207668026295,1.1920928955078125e-07,1.1920929e-07,0.13,0.13,13.919997,18.455,14.59,22.32,327.87,1668.5,0.46268055904027255,0.5341486
1984-07-31,-6.914975865134292e-26,999.9284202275367,2.878413336605739,1.1920928955078125e-07,1.1920929e-07,1.1920929e-07,0.0,13.919997,20.07,15.5,24.64,371.65,1753.38,0.42953292053458275,0.5177132
1984-08-01,-1.1162812544333911e-25,996.3668887872019,3.273861470642327,1.1920928955078125e-07,1.1920929e-07,0.7,0.7,13.8239975,22.47,17.47,27.47,386.67,2007.08,0.3983220705460399,0.5259309
1984-08-02,-1.4414212653184745e-25,992.7469029810144,3.7099591727984547,1.1920928955078125e-07,1.1920929e-07,1.1920929e-07,0.0,13.8239975,24.73,19.14,30.32,411.29,2219.22,0.3689220152089965,0.50949556
1984-08-03,-1.577598638384279e-25,989.0618938471979,3.7719410864278533,1.1920928955078125e-07,1.1920929e-07,1.1920929e-07,0.0,13.8239975,25.09,19.23,30.95,423.96,2228.69,0.3412216920693445,0.5177132
1984-08-04,-1.4354943928464054e-25,985.3052924239762,3.6134642397686516,1.1920928955078125e-07,1.1920929e-07,1.1920929e-07,0.0,13.728,24.52,18.0,31.04,454.4,2062.97,0.3151230154694221,0.46018952
1984-08-05,-9.4722263361089e-26,981.5914309218689,3.5162412188283376,1.1920928955078125e-07,1.1920929e-07,1.1920929e-07,0.0,13.728,24.105,17.78,30.43,447.69,2038.92,0.29128409689244067,0.42731884
1984-08-06,-3.5986700731549917e-26,979.1965357758552,3.4210655149893405,1.1920928955078125e-07,1.1920929e-07,4.03,4.03,13.728,23.665,17.16,30.17,339.39,1963.01,0.2768767140503126,0.41910118
1984-08-07,1.2433263820901461e-26,977.8539501529023,3.481318202269611,1.1920928955078125e-07,1.1920929e-07,4.19,4.19,13.632003,24.12,17.78,30.46,357.46,2036.04,0.2691139149615565,0.42731884
1984-08-08,3.672478870659703e-26,976.786365769772,3.5823837382498187,1.1920928955078125e-07,1.1920929e-07,1.1920929e-07,0.0,13.632003,24.645,18.49,30.8,437.6,2125.58,0.26309680762888354,0.39444816
1984-08-09,2.765142274324879e-26,976.2324357497691,3.635304979467972,1.1920928955078125e-07,1.1920929e-07,6.06,6.06,13.632003,24.915,19.03,30.8,327.19,2206.28,0.2600279578357044,0.39444816
1984-08-10,1.5967357880658832e-26,984.6399376297595,3.476845259753323,1.1920928955078125e-07,1.1920929e-07,17.94,17.94,13.536,24.1,19.1,29.1,289.14,2214.36,0.3107131313513356,0.6327606
1984-08-11,9.489131183760468e-27,1004.2089051997907,3.3401099449275407,1.1920928955078125e-07,1.1920929e-07,28.06,28.06,13.536,23.05,19.27,26.83,235.95,2235.52,0.4702968858607664,1.2819566
1984-08-12,5.6425426731252764e-27,1029.3134647485465,3.479805421681328,1.1920928955078125e-07,1.1920929e-07,27.77,27.77,13.536,23.335,19.45,27.22,242.43,2255.55,0.8003976767093741,1.6024457
1984-08-13,3.3600587895522656e-27,1044.3095216286429,3.596474820914438,1.1920928955078125e-07,1.1920929e-07,14.32,14.32,13.439992,23.785,19.82,27.75,246.42,2308.37,1.0996454427641387,1.3887862
1984-08-14,2.013083834905389e-27,1054.7595713696958,3.6500555924151334,1.1920928955078125e-07,1.1920929e-07,17.3,17.3,13.439992,23.87,19.47,28.27,268.56,2257.68,1.3720861630598284,1.2901742
1984-08-15,1.2049955494816243e-27,1057.8091296818848,3.4258424104563137,1.1920928955078125e-07,1.1920929e-07,1.1920929e-07,0.0,13.350795,22.825,16.38,29.27,463.47,1859.82,1.4636387256609784,0.772461
1984-08-16,7.202902447600278e-28,1053.1578492626577,3.3249866394749845,1.1920928955078125e-07,1.1920929e-07,1.1920929e-07,0.0,13.343997,22.39,15.29,29.49,483.37,1737.43,1.326317019253737,0.60810757
1984-08-17,4.031753212013127e-28,1049.1697397478617,3.27261173163752,1.1920928955078125e-07,1.1920929e-07,1.1920929e-07,0.0,13.343997,22.18,15.0,29.36,483.1,1706.36,1.2188807545545675,0.5341486
1984-08-18,1.3652092499734909e-28,1046.7944298859634,3.072946185197395,1.1920928955078125e-07,1.1920929e-07,1.1920929e-07,0.0,13.248,21.255,15.55,26.96,433.06,1769.67,1.1590736698602255,0.50949556
1984-08-19,-3.0692954401829295e-29,1044.7638057377314,3.117155257624802,1.1920928955078125e-07,1.1920929e-07,3.79,3.79,13.248,21.535,16.65,26.42,293.23,1889.34,1.1102776094855562,0.5423662
1984-08-20,-4.963767030218123e-29,1041.791016597556,3.0133036697308513,1.1920928955078125e-07,1.1920929e-07,1.1920929e-07,0.0,13.248,21.0,14.89,27.11,451.19,1694.95,1.0425220867263099,0.48484254
1984-08-21,-2.3122800202112438e-29,1038.2282480837177,2.710834088211424,1.1920928955078125e-07,1.1920929e-07,1.1920929e-07,0.0,13.152002,19.375,12.31,26.44,487.04,1424.83,0.9667447023194309,0.4355365
1984-08-22,-3.685401872189679e-30,1034.5283757065997,2.839353399255883,1.1920928955078125e-07,1.1920929e-07,1.1920929e-07,0.0,13.152002,20.225,13.48,26.97,469.37,1557.53,0.8938757093728836,0.4355365
1984-08-23,3.736012794622402e-30,1030.7815235431376,2.972583922325117,1.1920928955078125e-07,1.1920929e-07,1.1920929e-07,0.0,13.0560055,21.2,14.86,27.54,448.58,1699.27,0.8256772324371429,0.4355365
1984-08-24,2.1217137012522783e-30,1027.3730418769085,2.616991283207138,1.1920928955078125e-07,1.1920929e-07,2.38,2.38,13.0560055,19.08,12.02,26.14,434.23,1404.66,0.7681678222192989,0.46018952
1984-08-25,8.832740677554446e-31,1024.4281043159092,2.622612584907013,1.1920928955078125e-07,1.1920929e-07,1.1920929e-07,0.0,13.0560055,19.165,12.46,25.87,465.45,1450.1,0.7217154412856567,0.41910118
1984-08-26,3.0764939136544974e-31,1021.40847907961,2.575812340536962,1.1920928955078125e-07,1.1920929e-07,1.1920929e-07,0.0,12.959997,19.035,11.66,26.41,481.95,1373.16,0.67700026830897,0.40266582
1984-08-27,1.7652754497550858e-31,1019.286444744581,2.71423320841647,1.1920928955078125e-07,1.1920929e-07,1.1920929e-07,0.0,12.959997,19.96,12.87,27.05,466.23,1485.22,0.6472447125109966,0.37801284
1984-08-28,9.35557593224014e-32,1019.3987045003785,2.8705665591372083,1.1920928955078125e-07,1.1920929e-07,6.57,6.57,12.863992,21.045,14.55,27.54,380.12,1662.17,0.6487855593279197,0.3862305
1984-08-29,5.533381690101532e-32,1019.636651734747,3.1464321991883284,1.1920928955078125e-07,1.1920929e-07,1.61,1.61,12.863992,22.63,17.46,27.8,354.19,2004.94,0.6520636966806306,0.46840718
1984-08-30,3.341388395612951e-32,1015.4482799795974,3.1102079731896857,1.1920928955078125e-07,1.1920929e-07,1.1920929e-07,0.0,12.863992,22.5,16.52,28.48,401.84,1872.67,0.5967077956160468,0.747808
1984-08-31,2.0231156400819336e-32,1031.173161959137,2.9352287901097536,1.1920928955078125e-07,1.1920929e-07,37.29,37.29,12.767997,21.36,14.69,28.03,322.14,1677.72,0.8325550172449672,2.2516415
1984-09-01,1.224337179525988e-32,1045.9232558634026,2.494514952127616,1.1920928955078125e-07,1.1920929e-07,1.1920929e-07,0.0,12.767997,18.345,9.2,27.49,504.41,1176.31,1.1378819777835243,0.73137265
1984-09-02,7.142207177366571e-33,1043.098731537462,2.8483734176481303,1.1920928955078125e-07,1.1920929e-07,1.1920929e-07,0.0,12.672003,20.775,11.49,30.06,494.39,1359.18,1.0718025142724843,0.5505839
1984-09-03,4.214407863646147e-33,1039.5562416990294,3.282606087523532,1.1920928955078125e-07,1.1920929e-07,1.1920929e-07,0.0,12.672003,23.295,15.62,30.97,442.34,1769.54,0.9943238319552986,0.47662488
1984-09-04,2.4108561238500184e-33,1040.6969962671976,2.877247851586022,1.1920928955078125e-07,1.1920929e-07,6.52,6.52,12.65945,21.005,15.78,26.23,264.67,1793.07,1.0186418337746688,0.4437542
1984-09-05,1.4145460861752617e-33,1040.3727346257033,2.1479682134427627,1.1920928955078125e-07,1.1920929e-07,1.1920929e-07,0.0,12.576003,16.19,9.51,22.87,433.08,1201.02,1.0116695196659062,0.4355365
1984-09-06,8.227786120725776e-34,1037.5621984764898,2.033304578925577,1.1920928955078125e-07,1.1920929e-07,1.1920929e-07,0.0,12.576003,15.33,8.24,22.42,447.91,1101.72,0.9532018871199879,0.40266582
1984-09-07,4.775248473172329e-34,1034.648546301003,1.888200710759749,1.1920928955078125e-07,1.1920929e-07,1.1920929e-07,0.0,12.479998,14.29,6.36,22.22,472.76,959.3,0.8961538399148395,0.3862305
1984-09-08,2.251586900981101e-34,1031.9221417186575,1.8803372298892562,1.1920928955078125e-07,1.1920929e-07,1.1920929e-07,0.0,12.479998,14.265,6.42,22.11,466.47,962.67,0.8458682305646474,0.3862305
1984-09-09,8.392323116796229e-35,1029.1516154840685,2.0379768376684813,1.1920928955078125e-07,1.1920929e-07,1.1920929e-07,0.0,12.383997,15.755,8.64,22.87,435.25,1131.31,0.7976584828238866,0.39444816
1984-09-10,3.3822753571781263e-35,1026.1097143559796,2.530180161831606,1.1920928955078125e-07,1.1920929e-07,1.1920929e-07,0.0,12.383997,19.425,13.46,25.39,374.56,1546.41,0.7478851647725138,0.37801284
1984-09-11,-3.6881954278061175e-35,1022.721830156743,2.6624248258618355,1.1920928955078125e-07,1.1920929e-07,1.1920929e-07,0.0,12.383997,20.35,13.63,27.07,397.84,1560.73,0.6960976919544043,0.37801284
1984-09-12,-1.1554670973748061e-34,1019.1546907358213,2.7152022781335523,1.1920928955078125e-07,1.1920929e-07,1.1920929e-07,0.0,12.288,20.88,14.06,27.7,394.34,1603.63,0.6454409601072298,0.36979514
1984-09-13,-1.8317979619716996e-34,1015.582061859001,2.819476734277467,1.1920928955078125e-07,1.1920929e-07,1.1920929e-07,0.0,12.288,21.59,16.37,26.81,319.44,1858.24,0.5984010604859797,0.35335982
1984-09-14,-2.2078949704782206e-34,1012.1777092920686,2.8360109365796022,1.1920928955078125e-07,1.1920929e-07,1.1920929e-07,0.0,12.191998,21.885,15.48,28.29,369.85,1757.07,0.556770401014551,0.3862305
1984-09-15,-2.093840956801297e-34,1009.1153988008102,2.722255739606471,1.1920928955078125e-07,1.1920929e-07,1.1920929e-07,0.0,12.191998,21.23,14.29,28.17,391.2,1635.69,0.5218027054536973,0.37801284
1984-09-16,-1.2778394902534283e-34,1006.5354316636224,1.6543787425524474,1.1920928955078125e-07,1.1920929e-07,1.1920929e-07,0.0,12.096003,13.1,4.88,21.32,450.77,871.98,0.49405298793645214,0.33692446
1984-09-17,3.9822382901541035e-35,1004.2246019387931,1.5442104549190143,1.1920928955078125e-07,1.1920929e-07,1.1920929e-07,0.0,12.096003,12.03,5.03,19.03,412.65,878.57,0.470453274127136,0.3287068
1984-09-18,2.5224974093585433e-34,1002.034834407088,1.4621885790455984,1.1920928955078125e-07,1.1920929e-07,1.1920929e-07,0.0,12.096003,11.195,4.17,18.22,410.3,826.77,0.449131066741416,0.3287068
1984-09-19,4.596565008044636e-34,999.8732355648563,1.5334436784614636,1.1920928955078125e-07,1.1920929e-07,1.1920929e-07,0.0,12.000009,12.115,2.56,21.67,470.16,740.47,0.4290311426912929,0.3287068
1984-09-20,6.122010382342359e-34,997.6469119084463,1.9411976577373844,1.1920928955078125e-07,1.1920929e-07,1.1920929e-07,0.0,12.000009,15.985,5.72,26.25,468.78,913.87,0.40926927680036324,0.33692446
1984-09-21,6.6004172895203796e-34,995.262969934207,2.318334277783267,1.1920928955078125e-07,1.1920929e-07,1.1920929e-07,0.0,11.903997,19.13,9.11,29.15,451.02,1171.78,0.38911642103958005,0.32048914
1984-09-22,5.533369486847364e-34,992.6285161384872,2.523383782085615,1.1920928955078125e-07,1.1920929e-07,1.1920929e-07,0.0,11.903997,20.62,12.94,28.3,386.52,1486.81,0.36799807463763684,0.30405378
1984-09-23,3.1567913684882506e-34,989.745513183623,2.4094896937129207,1.1920928955078125e-07,1.1920929e-07,1.1920929e-07,0.0,11.903997,19.88,12.88,26.88,365.28,1490.76,0.34619848368060496,0.31227148
1984-09-24,1.1498232719429004e-34,986.8079200881624,2.589475212333182,1.1920928955078125e-07,1.1920929e-07,1.1920929e-07,0.0,11.808002,21.305,14.83,27.78,339.3,1692.06,0.32531389115162923,0.30405378
1984-09-25,-2.2871261131951666e-36,983.8578893264458,2.6930424728536613,1.1920928955078125e-07,1.1920929e-07,1.1920929e-07,0.0,11.808002,22.035,15.07,29.0,352.93,1711.24,0.305608650302712,0.29583612
1984-09-26,-1.2935821994939218e-35,981.1524245078648,2.3770579216381327,1.1920928955078125e-07,1.1920929e-07,1.1920929e-07,0.0,11.712,20.075,12.55,27.6,374.75,1461.3,0.28858809341041514,0.2794008
1984-09-27,-5.607466943823903e-36,979.9842115891048,1.6165520926667227,1.1920928955078125e-07,1.1920929e-07,1.1920929e-07,0.0,11.712,13.68,7.63,19.73,335.94,1055.37,0.28153485120734084,0.2794008
1984-09-28,-6.987048326976439e-37,980.0757541315633,1.1171897019303336,1.1920928955078125e-07,1.1920929e-07,2.94,2.94,11.615997,7.96,5.58,10.34,121.37,904.42,0.28208127131596394,0.30405378
1984-09-29,5.182534248139167e-37,980.8557317875395,1.1989944047543146,1.1920928955078125e-07,1.1920929e-07,2.29,2.29,11.615997,9.045,6.88,11.21,131.03,996.14,0.28678020416393524,0.37801284
1984-09-30,3.1108809329561746e-37,984.2990603037422,1.310916317581529,1.1920928955078125e-07,1.1920929e-07,8.85,8.85,11.615997,10.39,8.52,12.26,102.0,1122.89,0.30847780340079306,0.40266582
1984-10-01,1.8825806096684604e-37,1006.3751891183634,1.3406588351963566,1.1920928955078125e-07,1.1920929e-07,36.99,36.99,11.520002,10.525,8.68,12.37,93.86,1137.21,0.49237895123709535,1.1176032
1984-10-02,1.139052393939848e-37,1022.678524137244,1.3379843237423585,1.1920928955078125e-07,1.1920929e-07,1.1920929e-07,0.0,11.520002,10.24,5.71,14.77,286.05,909.89,0.6954594729681157,0.62454295
1984-10-03,6.873419570772291e-38,1020.9839933280657,1.3054212043379265,1.1920928955078125e-07,1.1920929e-07,1.1920929e-07,0.0,11.424,10.01,0.72,19.3,439.91,634.87,0.670940563730353,0.4437542
1984-10-04,4.0517391155422457e-38,1018.8177769465121,1.673979778491336,1.1920928955078125e-07,1.1920929e-07,1.1920929e-07,0.0,11.424,14.02,4.96,23.08,421.62,876.72,0.6408513367884199,0.39444816
1984-10-05,1.9138108808076816e-38,1016.434534702027,1.8617267817415388,1.1920928955078125e-07,1.1920929e-07,1.1920929e-07,0.0,11.340561,15.92,7.37,24.47,403.71,1032.84,0.6093041638611124,0.37801284
1984-10-06,-3.3232705466655227e-38,1014.0678001976828,1.8716917089409597,1.1920928955078125e-07,1.1920929e-07,1.1920929e-07,0.0,11.328006,16.065,10.48,21.65,310.25,1278.79,0.5795125560887878,0.36979514
1984-10-07,-1.1221142845715374e-37,1011.7531312716136,1.7605831817047295,1.1920928955078125e-07,1.1920929e-07,1.1920929e-07,0.0,11.328006,15.095,11.51,18.68,216.51,1361.1,0.5517857734182953,0.37801284
1984-10-08,-2.0406460729854577e-37,1009.4823272625209,1.8755606828552038,1.1920928955078125e-07,1.1920929e-07,1.1920929e-07,0.0,11.232,16.315,12.47,20.16,230.62,1438.76,0.525873947390044,0.36979514
1984-10-09,-2.950587891259585e-37,1007.2471875091062,2.004702384281938,1.1920928955078125e-07,1.1920929e-07,0.52,0.52,11.232,17.46,12.74,22.18,273.5,1473.38,0.5015576784884258,0.3862305
1984-10-10,-3.714605210745187e-37,1005.0395113500708,1.9974914978838434,1.1920928955078125e-07,1.1920929e-07,1.1920929e-07,0.0,11.136005,17.58,11.89,23.27,312.78,1391.51,0.4786441392056723,0.3862305
1984-10-11,-4.195363502793539e-37,1002.8510981241162,1.8986669789002115,1.1920928955078125e-07,1.1920929e-07,1.1920929e-07,0.0,11.136005,16.77,11.05,22.49,314.66,1324.29,0.45696380798009545,0.37801284
1984-10-12,-4.255528238755908e-37,1000.6737471699439,1.7954435808501508,1.1920928955078125e-07,1.1920929e-07,1.1920929e-07,0.0,11.136005,15.88,8.32,23.44,371.23,1107.8,0.43636772819163494,0.37801284
1984-10-13,-3.7577648899835623e-37,998.4992578262551,1.7499013557804577,1.1920928955078125e-07,1.1920929e-07,1.1920929e-07,0.0,11.039997,15.635,7.03,24.24,388.78,1009.89,0.41672520413231745,0.37801284
1984-10-14,-2.575459595321211e-37,996.3180662093727,1.78676269801458,1.1920928955078125e-07,1.1920929e-07,1.1920929e-07,0.0,11.039997,16.015,6.76,25.27,393.85,990.68,0.39791037045103506,0.3862305
1984-10-15,-1.0672539192574934e-37,994.0834401203477,1.7629803789761687,1.1920928955078125e-07,1.1920929e-07,1.1920929e-07,0.0,10.944003,15.975,7.04,24.91,384.45,1007.19,0.3795152318025871,0.36157748
1984-10-16,2.678886935759903e-38,991.7984348468216,1.9112946774820596,1.1920928955078125e-07,1.1920929e-07,1.1920929e-07,0.0,10.944003,17.355,9.53,25.18,355.94,1202.1,0.3615844389662865,0.36979514
1984-10-17,1.0629327262710328e-37,989.4940928395248,1.999492305076993,1.1920928955078125e-07,1.1920929e-07,1.1920929e-07,0.0,10.944003,18.15,12.37,23.93,291.59,1429.54,0.34435974451889917,0.36979514
1984-10-18,9.62692929138852e-38,987.1975172298135,1.959195428542501,1.1920928955078125e-07,1.1920929e-07,1.1920929e-07,0.0,10.848,17.995,12.54,23.45,279.39,1442.8,0.32800953155685264,0.37801284
1984-10-19,4.771828410878655e-38,984.7201403661618,2.1852373599332897,1.1920928955078125e-07,1.1920929e-07,1.1920929e-07,0.0,10.848,19.885,12.84,26.93,325.53,1482.06,0.3112414162065636,0.3862305
1984-10-20,1.0680162409831445e-38,982.0970347713576,2.3101440482972446,1.1920928955078125e-07,1.1920929e-07,1.1920929e-07,0.0,10.752,21.035,14.88,27.19,296.87,1695.23,0.294420306940958,0.37801284
1984-10-21,-6.05677440215946e-39,979.5418229050862,2.389147654295721,1.1920928955078125e-07,1.1920929e-07,1.1920929e-07,0.0,10.752,21.66,16.26,27.06,270.12,1846.32,0.2789091007485598,0.3862305
1984-10-22,-4.042017417302246e-39,978.5892156565602,2.3518512326087593,1.1920928955078125e-07,1.1920929e-07,3.72,3.72,10.752,21.405,17.6,25.21,153.22,2018.97,0.27333784745626505,0.37801284
1984-10-23,-2.2358425788336623e-39,982.4280310650794,2.0770992451135553,1.1920928955078125e-07,1.1920929e-07,8.91,8.91,10.655997,19.365,14.25,24.48,199.57,1632.9,0.296491709962077,0.4355365
1984-10-24,-1.3085473412879319e-39,989.7128178485756,1.9982539982790415,1.1920928955078125e-07,1.1920929e-07,12.48,12.48,10.655997,18.585,14.49,22.68,168.93,1657.01,0.34595881515227717,0.46018952
1984-10-25,-7.256896065270831e-40,993.7141517551385,1.7420302980740774,1.1920928955078125e-07,1.1920929e-07,1.97,1.97,10.649202,16.235,13.82,18.65,134.19,1577.06,0.37655825545081517,0.42731884
1984-10-26,-4.175048702642853e-40,992.7045744690099,1.8911417461458078,1.1920928955078125e-07,1.1920929e-07,1.1920929e-07,0.0,10.56,17.76,13.38,22.14,244.26,1539.55,0.3685913996192671,0.42731884
1984-10-27,-1.98911595859099e-40,990.0854606478015,1.9963128993004777,1.1920928955078125e-07,1.1920929e-07,1.1920929e-07,0.0,10.56,18.715,11.25,26.18,334.12,1339.89,0.3487002797147551,0.41088352
1984-10-28,-6.879412154614855e-41,987.8370418987053,2.0298583705004756,1.1920928955078125e-07,1.1920929e-07,1.1920929e-07,0.0,10.463997,19.19,12.54,25.84,307.04,1443.47,0.3324829442612752,0.40266582
1984-10-29,-3.450277243078889e-41,986.7531077517399,2.1762405557966633,1.1920928955078125e-07,1.1920929e-07,4.84,4.84,10.463997,20.395,15.33,25.46,187.45,1739.04,0.3249364239090955,0.41088352
1984-10-30,-1.4433787560126535e-41,985.0589895405062,1.8314085226741195,1.1920928955078125e-07,1.1920929e-07,1.1920929e-07,0.0,10.463997,17.505,11.03,23.98,297.52,1322.55,0.3134833030556002,0.41088352
1984-10-31,-1.944345684327208e-42,982.9990357992568,1.631180676572417,1.1920928955078125e-07,1.1920929e-07,1.1920929e-07,0.0,10.367997,15.77,10.55,20.99,256.37,1283.95,0.3000994201144086,0.39444816
1984-11-01,3.074541148337791e-43,981.0554249570413,1.5369475602300209,1.1920928955078125e-07,1.1920929e-07,1.1920929e-07,0.0,10.367997,14.825,11.22,18.43,188.99,1337.27,0.2879957787361238,0.39444816
1984-11-02,1.7082095446484652e-43,979.2185624490102,1.4655901994877423,1.1920928955078125e-07,1.1920929e-07,1.1920929e-07,0.0,10.367997,14.08,10.53,17.63,190.84,1282.57,0.27700592135914637,0.39444816
1984-11-03,9.600605858451911e-44,977.6842918797619,0.9813813239502366,1.1920928955078125e-07,1.1920929e-07,1.1920929e-07,0.0,10.272,7.895,1.38,14.41,311.29,678.97,0.2681485722442658,0.3862305
1984-11-04,5.730220199460184e-44,976.0893065458304,0.9166228872324074,1.1920928955078125e-07,1.1920929e-07,1.1920929e-07,0.0,10.272,6.87,4.28,9.46,153.22,832.08,0.25924083850093244,0.41910118
1984-11-05,3.457547369184641e-44,983.9130039404457,1.142360280856156,1.1920928955078125e-07,1.1920929e-07,16.39,16.39,10.272,10.165,6.48,13.85,154.72,964.74,0.3059656241179924,0.97790277
1984-11-06,2.0892735582300008e-44,990.1923870458226,1.0428112429887604,1.1920928955078125e-07,1.1920929e-07,1.1920929e-07,0.0,10.176,8.785,3.9,13.67,256.8,810.66,0.3494909211197796,0.6491959
1984-11-07,1.260813056253698e-44,988.9370174270468,0.745665552066882,1.1920928955078125e-07,1.1920929e-07,1.1920929e-07,0.0,10.176,3.695,-3.24,10.63,318.28,480.86,0.34032034248076753,0.48484254
1984-11-08,6.63120976766321e-45,988.1372162608341,0.7558748512245366,1.1920928955078125e-07,1.1920929e-07,1.1920929e-07,0.0,10.176,3.91,-4.47,12.29,338.02,434.98,0.3346036224028616,0.4437542
1984-11-09,-3.66105792041069e-46,988.2282179812041,0.8976773296884649,1.1920928955078125e-07,1.1920929e-07,1.1920929e-07,0.0,10.08,6.65,-1.61,14.91,329.34,549.13,0.3352492012500177,0.42731884
1984-11-10,-6.809268643713165e-45,988.7362111333783,1.0739438604049678,1.1920928955078125e-07,1.1920929e-07,1.1920929e-07,0.0,10.08,9.415,0.75,18.08,326.79,633.71,0.33887592615550255,0.41910118
1984-11-11,-1.0780281635372511e-44,989.1102722445683,1.1276451023384364,1.1920928955078125e-07,1.1920929e-07,2.97,2.97,10.08,10.175,3.92,16.43,223.53,804.13,0.34157152530676343,0.4355365
1984-11-12,-1.0361147615038552e-44,988.7994778419853,0.8291899328721181,1.1920928955078125e-07,1.1920929e-07,1.1920929e-07,0.0,9.996555,5.56,1.58,9.54,207.03,686.49,0.3393303461264919,0.42731884
1984-11-13,-5.445463753295005e-45,987.6731297678797,0.7365631022992836,1.1920928955078125e-07,1.1920929e-07,1.1920929e-07,0.0,9.984,3.815,-0.84,8.47,238.81,578.78,0.33133061335703545,0.39444816
1984-11-14,2.998528317035109e-47,986.4433366435211,0.8180291221231434,1.1920928955078125e-07,1.1920929e-07,1.1920929e-07,0.0,9.984,5.41,-1.88,12.7,308.35,541.28,0.3228113906131387,0.3862305
1984-11-15,4.482931131456384e-45,985.1913543111546,0.9199848835272081,1.1920928955078125e-07,1.1920929e-07,1.1920929e-07,0.0,9.984,7.22,-2.14,16.58,328.87,519.02,0.3143634317866556,0.3862305
1984-11-16,6.457228866724649e-45,983.967635532677,0.9700104374744979,1.1920928955078125e-07,1.1920929e-07,1.1920929e-07,0.0,9.888002,8.205,0.76,15.65,299.86,636.99,0.30631988093760126,0.3862305
1984-11-17,-2.2061940807248854e-12,982.8222727135781,0.7644581457734256,1.1920928955078125e-07,1.1920929e-07,1.1920929e-07,0.0,9.888002,4.59,-2.55,11.73,297.13,513.79,0.29897793270980616,0.3862305
1984-11-18,-3.566707733946606e-11,981.7793086313939,0.6957785639755223,1.1920928955078125e-07,1.1920929e-07,1.1920929e-07,0.0,9.888002,3.2,-3.19,9.59,280.81,488.66,0.2924455638969143,0.3862305
1984-11-19,-9.977283474590602e-11,980.8196356167698,0.7810958836075468,1.1920928955078125e-07,1.1920929e-07,10.98,10.98,9.881208,4.955,0.87,9.04,153.05,642.23,0.28656102729538474,0.45197186
1984-11-20,-1.8208806807170964e-10,979.9200900963112,0.63729601627886,1.1920928955078125e-07,1.1920929e-07,1.1920929e-07,0.0,9.792,2.075,-1.04,5.19,164.88,567.68,0.28115273863607565,0.5341486
1984-11-21,-2.701773790885417e-10,979.0575084966239,0.4882361839179259,1.1920928955078125e-07,1.1920929e-07,1.1920929e-07,0.0,9.792,-1.765,-8.33,4.8,283.9,328.43,0.2760625768629199,0.4355365
1984-11-22,-3.5160536956806685e-10,978.2087272443134,0.5027590310588456,1.1920928955078125e-07,1.1920929e-07,1.1920929e-07,0.0,9.792,-1.335,-8.8,6.13,297.19,309.96,0.2711438163805362,0.41910118
1984-11-23,-4.139366412819503e-10,977.3505827659855,0.5825497930313247,1.1920928955078125e-07,1.1920929e-07,1.1920929e-07,0.0,9.792,0.8,-8.96,10.56,317.52,309.47,0.26625988514706944,0.40266582
1984-11-24,-4.4473579600185664e-10,976.4599114882457,0.7186474143207319,1.1920928955078125e-07,1.1920929e-07,1.1920929e-07,0.0,9.695997,4.055,-6.63,14.74,316.15,360.0,0.2612838496692375,0.40266582
1984-11-25,-4.3156743549945056e-10,975.5135498376995,0.7817432865649592,1.1920928955078125e-07,1.1920929e-07,1.1920929e-07,0.0,9.695997,5.335,-4.98,15.65,309.22,429.79,0.2560985403831818,0.40266582
1984-11-26,-3.6199616154639694e-10,974.488334240953,0.8475834275046833,1.1920928955078125e-07,1.1920929e-07,1.1920929e-07,0.0,9.695997,6.58,-3.66,16.82,304.9,469.3,0.25059723374835363,0.40266582
1984-11-27,-2.3397023485395364e-10,974.2032544361255,0.9206646812043322,1.1920928955078125e-07,1.1920929e-07,1.1920929e-07,0.0,9.695997,7.855,-1.4,17.11,290.31,560.58,0.24908860421443144,0.39444816
1984-11-28,-1.315765796923367e-10,982.5444682705073,1.0533650767094922,1.1920928955078125e-07,1.1920929e-07,16.27,16.27,9.6892,9.83,4.36,15.3,159.17,841.37,0.29722384368451094,0.71493727
1984-11-29,-7.604476924154958e-11,1001.1095942188966,0.8059443544565469,1.1920928955078125e-07,1.1920929e-07,24.8,24.8,9.600003,5.555,-0.61,11.72,175.6,584.12,0.44041482278211996,1.3066095
1984-11-30,-4.5124747165615435e-11,1009.6055312037332,0.7145556602744638,1.1920928955078125e-07,1.1920929e-07,1.1920929e-07,0.0,9.600003,3.62,-5.12,12.36,283.0,420.36,0.5272480636406409,0.6902843
1984-12-01,-2.6995042539485678e-11,1008.5882595018444,0.8100907211928902,1.1920928955078125e-07,1.1920929e-07,1.1920929e-07,0.0,9.600003,5.52,-1.83,12.87,254.08,533.52,0.5160089540089584,0.5752369
1984-12-02,-1.6133248647255476e-11,1007.3061826858835,0.7345006856424269,1.1920928955078125e-07,1.1920929e-07,1.1920929e-07,0.0,9.600003,4.065,-4.72,12.85,275.92,426.29,0.5021848108186413,0.5259309
1984-12-03,-9.712017300559723e-12,1006.1898394374,0.854373788800474,1.1920928955078125e-07,1.1920929e-07,0.36,0.36,9.600003,6.365,-0.09,12.82,227.74,601.01,0.4904496967304057,0.50949556
1984-12-04,-5.843364807428194e-12,1005.1160517516568,0.7161398788999166,1.1920928955078125e-07,1.1920929e-07,1.1920929e-07,0.0,9.593208,3.73,-2.79,10.25,229.61,501.87,0.4794207546079464,0.47662488
1984-12-05,-2.7624796026333468e-12,1003.966337146956,0.6120506905593367,1.1920928955078125e-07,1.1920929e-07,1.1920929e-07,0.0,9.516553,1.545,-1.68,4.77,127.22,540.8,0.4678867532830855,0.48484254
1984-12-06,6.908814010703172e-13,1002.9379836597129,0.5184643053419309,1.1920928955078125e-07,14.917637,0.03236214,14.95,9.503997,-0.825,-3.82,2.17,92.57,461.24,0.45780555076102203,0.6820666
1984-12-07,3.919067120134706e-12,1001.9807107476116,0.37309134732589716,1.1920928955078125e-07,1.1920929e-07,1.1920929e-07,0.0,9.503997,-5.435,-11.59,0.72,228.94,258.14,0.44861647624416456,0.60810757
1984-12-08,6.309978061150909e-12,1001.0415706964391,0.5037513293062391,1.1920928955078125e-07,1.1920929e-07,1.1920929e-07,0.0,9.503997,-1.21,-8.45,6.03,251.87,317.54,0.4397807214884461,0.5588016
1984-12-09,7.251514730710012e-12,1000.0676157919822,0.6869718714267112,1.1920928955078125e-07,1.1920929e-07,1.1920929e-07,0.0,9.503997,3.325,-5.26,11.91,270.76,425.4,0.4308011932719786,0.5177132
1984-12-10,6.131577635403112e-12,999.005898320028,0.7110993232942727,1.1920928955078125e-07,1.1920929e-07,1.1920929e-07,0.0,9.503997,3.855,-2.68,10.39,231.4,507.73,0.4212212676557885,0.50127786
1984-12-11,2.310473472056296e-13,997.795955898206,0.8357533642490098,1.1920928955078125e-07,1.1920929e-07,1.1920929e-07,0.0,9.503997,6.31,0.78,11.84,203.24,642.33,0.41056335266583993,0.50127786
1984-12-12,-1.320392307795659e-11,996.4211378469457,0.8742704820529718,1.1920928955078125e-07,1.1920929e-07,1.1920929e-07,0.0,9.503997,7.02,-1.01,15.05,256.14,573.07,0.39878002949737923,0.48484254
1984-12-13,-3.152341386208242e-11,994.9190121208437,1.0485778407010233,1.1920928955078125e-07,1.1920929e-07,1.1920929e-07,0.0,9.503997,9.865,1.67,18.06,252.89,691.29,0.3862918395213519,0.46840718
1984-12-14,-5.1962907696737925e-11,993.3279679253892,1.1704468482284491,1.1920928955078125e-07,1.1920929e-07,1.1920929e-07,0.0,9.503997,11.63,3.45,19.81,248.67,780.84,0.3734906346941522,0.46018952
1984-12-15,-7.175788727348909e-11,991.6863944660713,1.2476099231161841,1.1920928955078125e-07,1.1920929e-07,1.1920929e-07,0.0,9.497203,12.69,4.73,20.65,241.38,860.3,0.3607273626106516,0.45197186
1984-12-16,-8.814383528390204e-11,990.0326809483794,1.238891486274803,1.1920928955078125e-07,1.1920929e-07,1.1920929e-07,0.0,9.467175,12.655,6.05,19.26,214.21,933.36,0.3483106725802673,0.45197186
1984-12-17,-9.835623441954277e-11,988.4052165778027,1.1796451792218476,1.1920928955078125e-07,1.1920929e-07,1.1920929e-07,0.0,9.420558,11.975,7.62,16.33,156.97,1052.41,0.3365084233875246,0.4437542
1984-12-18,-9.96305673719773e-11,986.8423905598304,1.349889660022223,1.1920928955078125e-07,1.1920929e-07,1.1920929e-07,0.0,9.420558,14.175,8.37,19.98,194.89,1109.56,0.32555149792451543,0.4437542
1984-12-19,-8.920231683277182e-11,985.3825920999517,1.349549817558484,1.1920928955078125e-07,1.1920929e-07,0.35,0.35,9.420558,14.195,8.42,19.97,193.09,1113.39,0.3156393888045119,0.4437542
1984-12-20,-6.426172168210554e-11,984.0641648684768,1.2337692615177556,1.1920928955078125e-07,1.1920929e-07,0.31,0.31,9.420558,12.765,8.52,17.01,147.42,1121.34,0.3069468252773752,0.45197186
1984-12-21,3.792480121749176e-11,982.8488111780761,1.0283979241011716,1.1920928955078125e-07,1.1920929e-07,7.55,7.55,9.420558,9.89,7.04,12.74,80.55,1006.14,0.29914604033792547,0.4930602
1984-12-22,2.474876231087139e-10,981.6690944179813,1.087493664267444,1.1920928955078125e-07,1.1920929e-07,3.74,3.74,9.420558,10.79,6.64,14.94,115.02,975.76,0.29176365517439895,0.5588016
1984-12-23,5.282398822293994e-10,980.5096447590571,0.7730586428951612,1.1920928955078125e-07,1.1920929e-07,1.1920929e-07,0.0,9.467175,5.45,-2.23,13.13,250.6,523.54,0.284685637991507,0.5177132
1984-12-24,8.439947168173882e-10,979.3550923721683,0.6017033112891824,1.1920928955078125e-07,1.1920929e-07,1.1920929e-07,0.0,9.467175,1.735,-6.06,9.53,257.64,395.43,0.2778081449661972,0.46840718
1984-12-25,1.1585652651105177e-09,978.1900674281795,0.7182318654543692,1.1920928955078125e-07,1.1920929e-07,1.1920929e-07,0.0,9.497203,4.33,-3.1,11.76,251.02,481.06,0.2710366714395958,0.46840718
1984-12-26,1.4357646653466282e-09,976.9992000979557,0.5773740017995056,1.1920928955078125e-07,1.1920929e-07,1.1920929e-07,0.0,9.503997,1.11,-7.48,9.7,272.73,347.04,0.26428554788029807,0.4437542
1984-12-27,1.6394060557635575e-09,975.7671205523615,0.7815454058069246,1.1920928955078125e-07,1.1920929e-07,1.1920929e-07,0.0,9.503997,5.63,-2.85,14.11,268.4,498.36,0.25747772825571047,0.4355365
1984-12-28,1.7333025745991452e-09,974.4784589622616,1.2318062588969785,1.1920928955078125e-07,1.1920929e-07,1.1920929e-07,0.0,9.503997,12.755,4.51,21.0,255.64,840.66,0.25054482175943493,0.4437542
1984-12-29,1.6812673600912303e-09,973.1178454985208,1.3653422146805068,1.1920928955078125e-07,1.1920929e-07,1.1920929e-07,0.0,9.503997,14.445,6.26,22.63,251.48,944.84,0.24342731980839447,0.4437542
1984-12-30,1.4471135504776514e-09,971.6699103320037,1.3624753353061476,1.1920928955078125e-07,1.1920929e-07,1.1920929e-07,0.0,9.503997,14.435,8.47,20.4,208.76,1117.4,0.23607496946350534,0.4437542
1984-12-31,-1.1360282763565668e-07,970.1221146839631,1.3603050165876962,1.1920928955078125e-07,1.1920929e-07,1.1920929e-07,0.0,9.503997,14.435,7.36,21.51,230.12,1031.12,0.2284609418107829,0.5177132
1985-01-01,-6.722473239166453e-06,968.6294481916404,1.019246569044792,1.1920928955078125e-07,1.1920929e-07,0.16,0.16,9.503997,9.84,5.85,13.83,194.22,919.76,0.2213508069981567,0.5341486
1985-01-02,-2.186766129896061e-05,967.278388631568,1.1870630042672596,1.1920928955078125e-07,1.1920929e-07,6.3,6.3,9.503997,12.28,6.84,17.72,175.35,996.19,0.21510617663601392,0.50949556
1985-01-03,-4.327482600065965e-05,966.0559152765023,0.7714729538617787,1.1920928955078125e-07,1.1920929e-07,16.61,16.61,9.503997,5.585,0.65,10.52,170.71,636.13,0.20960782953537602,1.569575
1985-01-04,-6.866962633790503e-05,964.9490073992009,0.5726034803934063,1.1920928955078125e-07,2.6061534e-05,25.719973,25.72,9.503997,1.17,-0.43,2.77,67.3,588.92,0.20475060478526932,3.188456
1985-01-05,-9.577772130433828e-05,963.9446442724206,0.5460709726238144,1.1920928955078125e-07,0.011494754,5.4785047,5.49,9.563178,0.405,-2.07,2.88,100.9,528.83,0.2004408251553818,1.6599693
1985-01-06,-0.00012232476989360093,963.0298051689185,0.5408884694947576,1.1920928955078125e-07,1.1920929e-07,1.1920929e-07,0.0,9.600003,0.225,-5.84,6.29,266.83,403.44,0.19659419547998713,1.0847324
1985-01-07,-0.00014603643109933453,962.1914693614515,0.613287856272567,1.1920928955078125e-07,1.1920929e-07,1.1920929e-07,0.0,9.600003,2.07,-3.8,7.94,260.65,460.4,0.1931340929600195,0.895726
1985-01-08,-0.00016463836391518037,961.4166161227768,0.6082242124248673,1.1920928955078125e-07,1.1920929e-07,1.1920929e-07,0.0,9.600003,1.96,-2.14,6.06,208.36,526.71,0.189990185103186,0.78067863
1985-01-09,-0.00017585622733478018,960.6922247256513,0.4798523690034134,1.1920928955078125e-07,1.1920929e-07,1.1920929e-07,0.0,9.600003,-1.46,-6.42,3.5,242.96,381.22,0.18709732558661882,0.69850194
1985-01-10,-0.00017741568035177548,960.005274442832,0.454701316187354,1.1920928955078125e-07,1.1920929e-07,1.1920929e-07,0.0,9.600003,-2.215,-5.67,1.24,187.11,408.56,0.18439468957415997,0.6491959
1985-01-11,-0.0001670423819598075,959.3427445470762,0.4594977734620492,1.1920928955078125e-07,1.1920929e-07,1.1920929e-07,0.0,9.6125555,-2.075,-5.02,0.87,163.3,420.32,0.1818251186158499,0.62454295
1985-01-12,-0.00014246199115251808,958.6916143111407,0.4125451925056026,1.1920928955078125e-07,1.1920929e-07,1.1920929e-07,0.0,9.695997,-3.705,-8.14,0.73,229.79,332.67,0.17933465169096877,0.59167224
1985-01-13,-0.00010140016692354858,958.0388630077825,0.4372295420268879,1.1920928955078125e-07,1.1920929e-07,1.1920929e-07,0.0,9.695997,-2.88,-7.61,1.85,241.56,344.11,0.17687222359072927,0.5341486
1985-01-14,-4.158256826654032e-05,957.3714699097587,0.5468516667217407,1.1920928955078125e-07,1.1920929e-07,1.1920929e-07,0.0,9.695997,0.325,-4.93,5.58,257.89,424.78,0.17438951494384317,0.5259309
1985-01-15,3.553004277883507e-05,956.6849633333806,0.4831369418088608,1.1920928955078125e-07,1.1920929e-07,1.1920929e-07,0.0,9.695997,-1.445,-8.22,5.33,295.5,331.01,0.17187205957063192,0.50949556
1985-01-16,0.00010442995788828167,956.0316757707968,0.37570031503846635,1.1920928955078125e-07,1.1920929e-07,1.1920929e-07,0.0,9.708552,-4.985,-11.24,1.27,288.98,262.51,0.16951017424594167,0.50949556
1985-01-17,0.00016081737660192646,955.4184065849994,0.4936316680685167,1.1920928955078125e-07,5.689841,0.00015923113,5.69,9.792,-1.26,-6.52,4.0,218.66,371.14,0.16732251487579713,0.6409783
1985-01-18,0.00020584507423623168,954.8397269605761,0.5432450389366321,1.1920928955078125e-07,1.1920929e-07,1.1920929e-07,0.0,9.792,0.125,-3.25,3.5,211.7,484.49,0.16528413971174882,0.58345455
1985-01-19,0.00024066582610765978,954.290208082115,0.5438720109355097,1.1920928955078125e-07,1.1920929e-07,1.1920929e-07,0.0,9.792,0.15,-2.92,3.22,195.73,493.72,0.1633714734405556,0.5505839
1985-01-20,0.00026643240753267274,953.7644211342041,0.3168385222214115,1.1920928955078125e-07,1.1920929e-07,1.1920929e-07,0.0,9.792,-7.4,-16.43,1.63,371.37,173.32,0.16156213265068992,0.48484254
1985-01-21,0.00028429759382773317,953.2569373014314,0.1461454103448891,1.1920928955078125e-07,1.1920929e-07,1.1920929e-07,0.0,9.888002,-17.515,-25.37,-9.66,365.06,75.88,0.15983478335948928,0.34514216
1985-01-22,0.00029541416030930324,952.7623277683849,0.20742872862973225,1.1920928955078125e-07,1.1920929e-07,1.1920929e-07,0.0,9.888002,-13.1,-19.09,-7.11,332.35,142.03,0.15816902781774983,0.42731884
1985-01-23,0.000300934882293845,952.2751637196527,0.35352554997782426,1.1920928955078125e-07,1.1920929e-07,1.1920929e-07,0.0,9.888002,-6.02,-11.67,-0.37,321.37,257.16,0.15654531825104345,0.36979514
1985-01-24,0.00030201253509782114,951.7900163398227,0.4817596302916311,1.1920928955078125e-07,1.1920929e-07,1.1920929e-07,0.0,9.900558,-1.71,-7.94,4.52,336.78,337.71,0.1549448955359917,0.37801284
1985-01-25,0.00029979989403769355,951.3014568134829,0.5724018331852446,1.1920928955078125e-07,1.1920929e-07,1.1920929e-07,0.0,9.984,0.655,-4.61,5.92,307.02,432.62,0.15334975105650614,0.39444816
1985-01-26,0.00029544973442992484,950.8040563252214,0.4263020013603321,1.1920928955078125e-07,1.1920929e-07,1.1920929e-07,0.0,9.984,-3.54,-10.32,3.24,353.76,273.84,0.15174261014897006,0.41088352
1985-01-27,0.0002901148315909771,950.2923860596261,0.38780666993763424,1.1920928955078125e-07,1.1920929e-07,1.1920929e-07,0.0,9.984,-4.85,-10.87,1.17,340.98,270.39,0.15010693563455943,0.42731884
1985-01-28,0.0002849479608373125,949.761017201285,0.4861872340235576,1.1920928955078125e-07,1.1920929e-07,1.1920929e-07,0.0,10.08,-1.805,-6.26,2.65,283.67,385.15,0.14842694995861436,0.46018952
1985-01-29,0.00028110189748539353,949.2045209347862,0.48641526271482177,1.1920928955078125e-07,1.1920929e-07,1.1920929e-07,0.0,10.08,-1.79,-5.42,1.84,244.1,413.01,0.1466876744180293,0.47662488
1985-01-30,0.0002797536160443514,948.6176287108694,0.4571548709351411,1.1920928955078125e-07,1.1920929e-07,1.1920929e-07,0.0,10.08,-2.66,-8.64,3.32,344.35,314.98,0.1448754756625326,0.4930602
1985-01-31,0.0002871409595089298,948.0327731488421,0.6077414857477146,0.00014333928992164068,2.260208e-06,9.479998,9.48,10.169206,1.31,-3.17,5.79,203.93,477.75,0.1430918377435374,0.6327606
1985-02-01,0.00030607523830625694,947.4742956498627,0.677182777465668,0.00015327182409904908,1.1920929e-07,18.62,18.62,10.176,2.9,0.45,5.35,122.19,631.93,0.1414091450142005,1.4545276
1985-02-02,0.000334547846467764,946.9377859479707,0.6384747689344749,0.00016755338906951603,1.1920929e-07,25.25,25.25,10.176,2.04,-0.33,4.41,120.33,597.93,0.13981127959740355,3.1473677
1985-02-03,0.00037055017802488214,946.4188337772059,0.45287863834848757,1.1920928955078125e-07,1.1920929e-07,1.1920929e-07,0.0,10.235178,-2.975,-8.14,2.19,302.89,332.77,0.1382828857923486,1.7750168
1985-02-04,0.00041207362700904234,945.913028871608,0.42968775707802953,1.1920928955078125e-07,1.1920929e-07,1.1920929e-07,0.0,10.272,-3.755,-7.08,-0.43,220.27,358.24,0.13680929276757856,1.1340384
1985-02-05,0.0004571095874516757,945.415960965217,0.46084657401375295,1.1920928955078125e-07,1.1920929e-07,1.1920929e-07,0.0,10.272,-2.765,-5.69,0.16,201.06,408.06,0.1353764533472385,0.95324975
1985-02-06,0.0005036494533842133,944.9232197920725,0.570548205725427,1.1920928955078125e-07,0.055951983,3.7940478,3.85,10.331169,0.21,-4.0,4.42,203.09,440.0,0.1339708976784481,0.82176703
1985-02-07,0.0005496846188380864,944.430395086214,0.5522271043523754,1.1920928955078125e-07,1.1920929e-07,1.1920929e-07,0.0,10.367997,-0.305,-5.9,5.29,325.97,397.39,0.132579700715032,0.7395903
1985-02-08,0.0005932064778447257,943.9330765816818,0.3924321049693141,1.1920928955078125e-07,1.1920929e-07,1.1920929e-07,0.0,10.367997,-5.115,-10.98,0.75,340.11,265.61,0.13119046255928402,0.6738489
1985-02-09,0.0006322064244355625,943.4268540125152,0.38764546304781544,1.1920928955078125e-07,1.1920929e-07,1.1920929e-07,0.0,10.457203,-5.395,-11.05,0.26,334.89,264.89,0.1297913007729322,0.5752369
1985-02-10,0.0006646758526420279,942.9073171127541,0.5409865919993451,1.1920928955078125e-07,1.1920929e-07,1.1920929e-07,0.0,10.463997,-0.71,-8.51,7.09,378.06,313.85,0.12837085380461774,0.5752369
1985-02-11,0.0006886061564955531,942.3700556164383,0.6487248878256737,0.0003454864809811045,1.1920929e-07,1.1920929e-07,0.0,10.463997,1.935,-5.72,9.59,373.51,399.44,0.12691829468722013,0.7560257
1985-02-12,0.000701988730027569,941.8106592576075,0.6053950560996636,0.00023475191134111862,0.0012898057,31.93871,31.94,10.56,0.8,-4.61,6.21,240.19,429.21,0.12542335413750116,3.2295444
1985-02-13,0.0007028149672695065,941.2247177703015,0.4648519699541346,1.1920928955078125e-07,0.65,1.1920929e-07,0.65,10.56,-2.97,-6.49,0.55,234.42,378.36,0.12387635214594457,1.791452
1985-02-14,0.0006890762622527972,940.60782088856,0.5044303450716615,1.1920928955078125e-07,1.1920929e-07,1.1920929e-07,0.0,10.56,-1.805,-6.86,3.25,322.43,362.42,0.1222682370797213,1.1011678
1985-02-15,0.0006587640090088718,939.9555583464228,0.5120719646209961,1.1920928955078125e-07,1.1920929e-07,1.1920929e-07,0.0,10.655997,-1.71,-8.03,4.61,366.89,337.91,0.1205906312400339,0.95324975
1985-02-16,0.0006098696015691613,939.2635198779295,0.4310338458812148,1.1920928955078125e-07,1.1920929e-07,1.1920929e-07,0.0,10.655997,-4.125,-11.0,2.75,385.35,265.82,0.11883588172062105,0.82998466
1985-02-17,0.0005403844339650972,938.5272952171201,0.5594128478767812,1.1920928955078125e-07,1.1920929e-07,1.1920929e-07,0.0,10.668552,-0.44,-6.87,5.99,369.97,355.82,0.1169971153112662,0.81354934
1985-02-18,0.00044829990022811014,937.7424740980343,0.6364670744350652,0.0002240926255019402,1.1920929e-07,1.1920929e-07,0.0,10.752,1.33,-6.37,9.03,397.66,381.89,0.11506829608350228,0.7395903
1985-02-19,0.0003316073943896317,936.9046462547117,0.7552259849447043,0.00016607860560293494,1.1920929e-07,1.1920929e-07,0.0,10.752,3.87,-2.33,10.07,357.91,521.09,0.11304428419045376,0.72315496
1985-02-20,0.0001740241869875485,935.9982652479524,0.783693081170633,8.708780451880874e-05,1.1920929e-07,1.1920929e-07,0.0,10.848,4.305,-2.65,11.26,388.12,505.54,0.11089473366330904,0.747808
1985-02-21,-5.3323365635979804e-05,934.9712016764637,0.7573465084151718,1.1920928955078125e-07,1.1920929e-07,1.1920929e-07,0.0,10.848,3.81,-5.74,13.36,429.23,393.71,0.10850833320475767,0.72315496
1985-02-22,-0.0002936368259473826,933.8048995300077,1.0115646322311487,1.1920928955078125e-07,1.1920929e-07,1.1920929e-07,0.0,10.848,8.23,-0.85,17.31,419.48,575.65,0.10586061779296926,0.73137265
1985-02-23,-0.00048290395708815555,932.4849119493512,1.3255853950146042,1.1920928955078125e-07,1.1920929e-07,1.1920929e-07,0.0,10.944003,12.375,4.18,20.57,399.07,814.92,0.1029418627996561,0.7642433
1985-02-24,-0.0005571125221997938,930.9967920752606,1.5598978819256473,1.1920928955078125e-07,1.1920929e-07,1.1920929e-07,0.0,10.944003,15.04,7.53,22.55,379.93,1042.51,0.09974772366214801,0.78067863
1985-02-25,-0.00045225028442379324,929.3260930485025,1.7187535955045796,1.1920928955078125e-07,1.1920929e-07,1.1920929e-07,0.0,11.039997,16.525,10.7,22.35,331.97,1295.68,0.09627963633702805,0.797114
1985-02-26,-0.0001589242016254749,927.7451475372897,1.277832844438623,1.1920928955078125e-07,1.1920929e-07,17.53,17.53,11.039997,11.73,5.92,17.54,258.37,924.33,0.09310896956977038,2.2516415
1985-02-27,0.00021912477406593988,926.4981742893042,1.1042988746247804,0.00010968242615146225,1.1920929e-07,1.1920929e-07,0.0,11.039997,9.445,4.36,14.53,321.97,840.07,0.09068193293557247,1.6599693
1985-02-28,0.0005811073016900969,925.4762867878953,0.799978453231554,0.0002913978627095914,1.1920929e-07,1.1920929e-07,0.0,11.136005,4.39,-4.3,13.08,431.73,439.16,0.08874023060004274,1.2737389
1985-03-01,0.0008262577984971603,924.5703485259244,0.7944121236486973,0.0004148356444125492,1.1920929e-07,1.1920929e-07,0.0,11.136005,4.3,-3.71,12.31,420.95,463.24,0.08705364091975734,1.1011678
1985-03-02,0.000853810681737294,923.6712229962523,0.9678298535752131,0.0004287278114978843,1.1920929e-07,1.1920929e-07,0.0,11.232,7.18,0.5,13.86,381.44,635.49,0.08541143056121128,1.0107734
1985-03-03,0.0005685536608649434,922.6674091868443,0.9296418214646842,0.0002850849614187554,1.1920929e-07,1.1920929e-07,0.0,11.232,6.58,-2.21,15.37,431.47,524.74,0.08361458483778492,0.91216135
1985-03-04,2.234026316833362e-05,921.4920528003477,0.9431414306732375,1.1171379302557697e-05,1.1920929e-07,1.1920929e-07,0.0,11.232,6.82,0.7,12.94,356.4,638.74,0.08155865981176155,0.8546377
1985-03-05,-0.0006154550441385899,920.2581054387243,1.1805430243469008,1.1920928955078125e-07,1.1920929e-07,1.1920929e-07,0.0,11.328006,10.195,4.09,16.3,351.41,821.87,0.07945461958476671,0.82176703
1985-03-06,-0.0011785416086207553,919.1071950191729,0.9227210750640266,1.1920928955078125e-07,1.1920929e-07,1.1920929e-07,0.0,11.328006,6.395,-2.53,15.32,432.2,510.2,0.07754112025505622,0.7642433
1985-03-07,-0.001500628777843091,918.180949458892,0.7214459367869598,1.1920928955078125e-07,1.1920929e-07,1.1920929e-07,0.0,11.424,2.59,-5.53,10.71,418.48,413.81,0.07603466792414133,0.72315496
1985-03-08,-0.0014154258993705256,917.6209966750799,0.936981943880612,1.1920928955078125e-07,1.1920929e-07,1.1920929e-07,0.0,11.424,6.525,-1.35,14.4,407.02,556.45,0.07513818800441649,0.70671964
1985-03-09,-0.0007911179069366857,917.4655030487809,1.3314836484555086,1.1920928955078125e-07,1.1920929e-07,2.8,2.8,11.520002,11.885,6.43,17.34,285.27,964.19,0.07489112441331203,0.72315496
1985-03-10,0.00019900120555359896,917.3016496254719,1.117397437839446,9.959960644365653e-05,1.1920929e-07,1.1920929e-07,0.0,11.520002,9.12,0.9,17.34,415.22,648.28,0.07463165696441441,0.6820666
1985-03-11,0.001270541926810674,917.0096843671308,1.0098093046690797,0.0006393066010863073,1.1920929e-07,1.1920929e-07,0.0,11.520002,7.555,-0.3,15.41,409.02,599.88,0.07417154608355835,0.6656313
1985-03-12,0.0021446284537502787,916.5204134029296,1.136976119562498,0.0010838123641826766,1.1920929e-07,2.39,2.39,11.615997,9.275,4.12,14.43,282.24,817.25,0.07340685016130133,0.70671964
1985-03-13,0.0025423849832881505,915.7646428620405,1.149554862993876,0.0012873509247981558,1.1920929e-07,1.1920929e-07,0.0,11.615997,9.46,1.91,17.01,405.12,698.74,0.0722410999751999,0.6327606
1985-03-14,0.002184935712340034,914.6731788736354,1.32524421921051,0.0011044022415573724,1.1920929e-07,1.1920929e-07,0.0,11.712,11.595,4.97,18.22,371.34,881.69,0.07059015066477863,0.62454295
1985-03-15,0.0010624255219775325,913.3868229491881,0.9905045439855977,0.0005340346044202718,1.1920929e-07,1.1920929e-07,0.0,11.712,7.065,0.38,13.75,379.54,623.09,0.06869277814354875,0.59988993
1985-03-16,-0.00023387199704535304,912.2611221309203,0.8271328890299867,1.1920928955078125e-07,1.1920929e-07,1.1920929e-07,0.0,11.712,4.35,-4.95,13.65,456.9,426.66,0.06707426143694638,0.58345455
1985-03-17,-0.0013372142654972134,911.2720726722252,0.9614616653742639,1.1920928955078125e-07,1.1920929e-07,1.1920929e-07,0.0,11.808002,6.52,-1.07,14.11,411.32,560.0,0.06568372233360376,0.58345455
1985-03-18,-0.0018904698332534572,910.3856609208021,0.7704606254719613,1.1920928955078125e-07,1.1920929e-07,1.1920929e-07,0.0,11.808002,3.2,-3.86,10.26,400.21,462.78,0.06446199842816515,0.5670192
1985-03-19,-0.0015436983339162894,909.5660169819934,0.7442010253410213,1.1920928955078125e-07,1.1920929e-07,1.1920929e-07,0.0,11.903997,2.58,-6.33,11.49,454.82,382.19,0.06335252992681828,0.5505839
1985-03-20,-0.000891478733058244,908.5820214445117,1.0369029984002016,1.1920928955078125e-07,1.1920929e-07,1.1920929e-07,0.0,11.903997,7.6,-2.89,18.09,479.6,493.89,0.06204578882009239,0.5505839
1985-03-21,-0.0005017651000809207,907.3697037445061,1.244458650011459,1.1920928955078125e-07,1.1920929e-07,1.1920929e-07,0.0,12.000009,10.34,2.49,18.19,416.8,730.46,0.06047283803193307,0.5423662
1985-03-22,-0.0002917735035599003,910.7381466319326,0.7790811418059582,1.1920928955078125e-07,1.1920929e-07,8.0,8.0,12.000009,3.12,-1.4,7.64,214.83,551.39,0.06494507720005374,0.6327606
1985-03-23,-0.0001623240281182324,922.7113349558244,0.8588976712359594,1.1920928955078125e-07,1.1920929e-07,17.84,17.84,12.000009,4.38,0.05,8.71,211.34,616.46,0.08369241606663964,1.421657
1985-03-24,-9.728293944259814e-05,931.5364455932687,1.199896486714956,1.1920928955078125e-07,1.1920929e-07,2.0,2.0,12.096003,9.23,3.44,15.02,335.13,778.92,0.10089443181467957,1.1176032
1985-03-25,-5.8537528691567724e-05,930.9945827534838,1.1115460092492795,1.1920928955078125e-07,1.1920929e-07,1.1920929e-07,0.0,12.096003,8.05,2.19,13.91,367.11,715.51,0.09974305596970673,0.92859674
1985-03-26,-3.496972289666924e-05,929.8104998805652,1.0472468819833394,1.1920928955078125e-07,1.1920929e-07,1.1920929e-07,0.0,12.191998,7.03,-2.39,16.45,483.61,518.03,0.09727258096859574,0.82176703
1985-03-27,-1.7027006893548193e-05,928.5025203429385,1.3169676480213715,1.1920928955078125e-07,1.1920929e-07,1.1920929e-07,0.0,12.191998,10.62,0.26,20.98,494.88,621.9,0.09461467425071035,0.7642433
1985-03-28,-4.4403986353107265e-06,926.8709321948579,1.762939625299491,1.1920928955078125e-07,1.1920929e-07,1.1920929e-07,0.0,12.288,15.22,6.07,24.37,460.21,931.37,0.09140074219603074,0.7395903
1985-03-29,-1.4317072119465587e-07,924.7624097097395,2.3055750521752585,1.1920928955078125e-07,1.1920929e-07,1.1920929e-07,0.0,12.288,19.745,12.73,26.76,382.69,1459.66,0.08740850385549877,0.71493727
1985-03-30,-7.240641539327287e-08,922.1380488601932,2.596568104218845,1.1920928955078125e-07,1.1920929e-07,1.1920929e-07,0.0,12.288,21.835,15.19,28.48,365.47,1729.77,0.08268229410005297,0.6902843
1985-03-31,-1.776290388528386e-08,920.1414945614653,2.006519925255276,1.1920928955078125e-07,1.1920929e-07,1.1920929e-07,0.0,12.383997,17.355,7.56,27.15,475.12,1028.39,0.07925861221170565,0.6656313
1985-04-01,8.091690332153863e-09,920.3082378985777,1.2383427779309462,1.1920928955078125e-07,1.1920929e-07,4.93,4.93,12.383997,9.545,4.94,14.15,225.06,877.56,0.07953903450140828,0.71493727
1985-04-02,5.539722836090329e-09,922.16905539774,1.1355939490869267,1.1920928955078125e-07,1.1920929e-07,1.1920929e-07,0.0,12.479998,8.045,1.42,14.67,407.34,681.64,0.08273661398450753,0.6491959
1985-04-03,2.2757813926001537e-09,921.8791938759978,1.127918873152649,1.1920928955078125e-07,1.1920929e-07,1.1920929e-07,0.0,12.479998,7.945,-0.9,16.79,480.87,573.79,0.08223019938172961,0.61632526
1985-04-04,4.4935491107544735e-10,920.3155475548456,1.5505567753584428,1.1920928955078125e-07,1.1920929e-07,1.1920929e-07,0.0,12.479998,12.995,2.31,23.68,510.06,692.34,0.07955135026426118,0.60810757
1985-04-05,1.7600716788586225e-10,918.7915228710209,1.974522217746382,1.1920928955078125e-07,1.1920929e-07,1.1920929e-07,0.0,12.576003,16.855,8.04,25.67,463.78,987.04,0.07702438551707516,0.58345455
1985-04-06,6.544616885053125e-11,918.47616310622,1.7490812732260548,1.1920928955078125e-07,1.1920929e-07,5.33,5.33,12.576003,14.86,8.26,21.46,294.13,1101.27,0.0765116005531117,0.6409783
1985-04-07,-6.542518643101885e-12,919.2074441458153,1.2226453361534142,1.1920928955078125e-07,1.1920929e-07,1.1920929e-07,0.0,12.672003,9.005,2.04,15.97,422.93,706.22,0.0777059457039204,0.61632526
1985-04-08,-1.878545275009313e-11,920.6934540310915,1.0569015111457367,1.1920928955078125e-07,1.1920929e-07,3.05,3.05,12.672003,6.73,0.28,13.18,303.45,618.1,0.08019067518560478,0.60810757
1985-04-09,-3.411368426335068e-12,921.6066642684553,0.8340397851218749,1.1920928955078125e-07,1.1920929e-07,1.1920929e-07,0.0,12.767997,3.035,-2.72,8.79,381.14,504.7,0.08175689275921537,0.58345455
1985-04-10,1.489834712743464e-11,921.5355049328529,0.7059418618953343,1.1920928955078125e-07,1.1920929e-07,1.1920929e-07,0.0,12.767997,0.59,-8.17,9.35,498.87,332.71,0.08163375834827213,0.5588016
1985-04-11,3.132203093223778e-11,920.6736315593406,1.0817049212384258,1.1920928955078125e-07,1.1920929e-07,1.1920929e-07,0.0,12.767997,6.97,-0.67,14.61,456.4,579.42,0.0801570131065361,0.5588016
1985-04-12,4.103802000909612e-11,919.2146996829753,1.5815587717295323,1.1920928955078125e-07,1.1920929e-07,1.1920929e-07,0.0,12.863992,12.845,4.0,21.69,485.75,751.99,0.0777178885440818,0.5505839
1985-04-13,3.9224651379031435e-11,917.3523648388134,1.937935867791037,1.1920928955078125e-07,1.1920929e-07,1.1920929e-07,0.0,12.863992,16.195,8.13,24.26,454.41,1007.49,0.0747118700180873,0.5423662
1985-04-14,2.5054154262744448e-11,915.1443927383821,1.9982816772289345,1.1920928955078125e-07,1.1920929e-07,1.1920929e-07,0.0,12.959997,16.62,11.66,21.58,314.72,1372.78,0.07129822967027978,0.5423662
1985-04-15,1.4380463633746487e-11,914.6268547449977,1.8119998657309675,1.1920928955078125e-07,1.1920929e-07,3.78,3.78,12.959997,15.015,11.19,18.84,219.85,1335.59,0.07052092155495615,0.5670192
1985-04-16,8.617843231873352e-12,922.7899950561163,1.986034524449541,1.1920928955078125e-07,1.1920929e-07,14.74,14.74,12.959997,16.38,11.25,21.51,252.21,1339.81,0.08383197346694238,0.9039437
1985-04-17,5.204798434385182e-12,928.2511887811245,1.9914329167991178,1.1920928955078125e-07,1.1920929e-07,0.01,0.01,13.0560055,16.205,8.99,23.42,437.64,1126.43,0.09411233110077083,0.83820236
1985-04-18,3.1407521625371427e-12,926.1136567606286,1.9130270344305398,1.1920928955078125e-07,1.1920929e-07,1.1920929e-07,0.0,13.0560055,15.58,5.19,25.97,529.92,789.87,0.08994636976832236,0.6902843
1985-04-19,1.8441827495040736e-12,923.8775834216748,2.5684749037620307,1.1920928955078125e-07,1.1920929e-07,1.1920929e-07,0.0,13.152002,20.445,11.85,29.04,475.92,1263.41,0.08578557761107176,0.6491959
1985-04-20,7.813105627016291e-13,921.362988946683,2.671145468712134,1.1920928955078125e-07,1.1920929e-07,1.1920929e-07,0.0,13.152002,21.165,11.53,30.8,502.3,1197.52,0.08133600522290443,0.61632526
1985-04-21,5.46723160827615e-14,918.7122925815264,2.5384963716455573,1.1920928955078125e-07,1.1920929e-07,1.1920929e-07,0.0,13.152002,20.34,9.2,31.48,532.15,999.16,0.07689523220488817,0.59167224
1985-04-22,-1.3457536525143694e-13,916.0082418491555,2.643331331091816,1.1920928955078125e-07,1.1920929e-07,1.1920929e-07,0.0,13.248,20.96,10.34,31.58,517.91,1089.11,0.07261480690864437,0.5588016
1985-04-23,2.567928527797693e-14,913.3244063533525,2.7092584391480297,1.1920928955078125e-07,1.1920929e-07,1.1920929e-07,0.0,13.248,21.435,11.43,31.44,500.72,1182.31,0.06860202231266818,0.5341486
1985-04-24,2.8985030386863143e-13,910.6903918468365,2.493829133300292,1.1920928955078125e-07,1.1920929e-07,1.1920929e-07,0.0,13.331445,19.955,11.19,28.72,470.16,1210.26,0.06487941825013381,0.5259309
1985-04-25,6.022125531528926e-13,908.1246350261483,2.3420188710985452,1.1920928955078125e-07,1.1920929e-07,20.27,20.27,13.343997,18.92,12.62,25.22,282.12,1453.77,0.061447592165429686,0.72315496
1985-04-26,9.070408957631262e-13,905.6455725878288,2.01113029316912,1.1920928955078125e-07,1.1920929e-07,1.1920929e-07,0.0,13.343997,16.415,6.83,26.0,507.62,930.51,0.05830425938602461,0.5752369
1985-04-27,1.1486101943316982e-12,903.2716412284187,2.2784710898718634,1.1920928955078125e-07,1.1920929e-07,1.1920929e-07,0.0,13.439992,18.425,10.52,26.33,450.57,1229.41,0.05544505060329618,0.5341486
1985-04-28,1.2711953114909745e-12,901.0212776444589,2.3885670900870646,1.1920928955078125e-07,1.1920929e-07,1.1920929e-07,0.0,13.439992,19.265,13.24,25.29,369.45,1520.57,0.05286423718744824,0.5423662
1985-04-29,1.2190711098733209e-12,898.91291853249,2.1452723398563824,1.1920928955078125e-07,1.1920929e-07,1.1920929e-07,0.0,13.439992,17.495,8.77,26.22,482.87,1077.83,0.05055538673933074,0.50127786
1985-04-30,9.365124521111035e-13,896.965000589053,1.7896580912715105,1.1920928955078125e-07,1.1920929e-07,1.1920929e-07,0.0,13.536,14.42,3.66,25.18,542.07,728.88,0.04851195563815741,0.46840718
1985-05-01,2.079896315613616e-13,895.2661252935834,2.0319435490870834,1.1920928955078125e-07,1.1920929e-07,1.1920929e-07,0.0,13.536,16.54,6.43,26.65,520.79,891.79,0.04679732622084401,0.45197186
1985-05-02,-1.0432512383501257e-12,893.8522615994173,2.1864141141519506,1.1920928955078125e-07,1.1920929e-07,1.1920929e-07,0.0,13.542794,17.78,10.85,24.71,408.86,1273.18,0.0454166486789613,0.47662488
1985-05-03,-2.5186345638267326e-12,892.6000957470229,1.7505949578453377,1.1920928955078125e-07,1.1920929e-07,10.09,10.09,13.632003,14.025,9.65,18.4,217.23,1211.68,0.04422792520886166,0.59988993
1985-05-04,-3.916854347154354e-12,891.3851395468331,1.472371473248823,1.1920928955078125e-07,1.1920929e-07,1.1920929e-07,0.0,13.632003,11.265,2.41,20.12,506.77,633.51,0.04310427410283611,0.4930602
1985-05-05,-4.936604590618885e-12,890.0829048092808,1.7906072595823666,1.1920928955078125e-07,1.1920929e-07,1.1920929e-07,0.0,13.668831,14.395,4.95,23.84,520.24,722.95,0.041931581302925146,0.4437542
1985-05-06,-5.2765792965062174e-12,888.568903344799,2.186184396870669,1.1920928955078125e-07,1.1920929e-07,1.1920929e-07,0.0,13.728,17.65,8.55,26.75,501.4,919.87,0.04060823649904082,0.42731884
1985-05-07,-4.6354724671022435e-12,886.7186469638207,2.4640003704384785,1.1920928955078125e-07,1.1920929e-07,1.1920929e-07,0.0,13.728,19.705,12.68,26.73,418.98,1311.62,0.03904755557819892,0.40266582
1985-05-08,-2.882851963862378e-12,884.4887011484985,2.032823309743554,1.1920928955078125e-07,1.1920929e-07,1.1920929e-07,0.0,13.764828,16.47,9.73,23.21,415.23,1094.93,0.03724610454414607,0.40266582
1985-05-09,-1.035544200378607e-12,882.27907475685,1.8222026783609089,1.1920928955078125e-07,1.1920929e-07,1.1920929e-07,0.0,13.8239975,14.64,6.16,23.12,488.44,797.77,0.035543057159396894,0.3862305
1985-05-10,3.432293613192893e-13,880.1159346591966,2.1785767417492488,1.1920928955078125e-07,1.1920929e-07,1.1920929e-07,0.0,13.8239975,17.635,10.73,24.54,420.53,1147.34,0.03395129339601411,0.37801284
1985-05-11,8.39632235230274e-13,877.943000436821,2.500058964189321,1.1920928955078125e-07,1.1920929e-07,1.1920929e-07,0.0,13.830791,19.995,14.25,25.74,358.23,1527.51,0.03242408822197604,0.37801284
1985-05-12,5.245094671865806e-13,877.0655008901753,2.6779485640874365,1.1920928955078125e-07,1.1920929e-07,3.86,3.86,13.919997,21.08,15.6,26.56,259.6,1764.57,0.03182700434110864,0.5341486
1985-05-13,3.0469447928204044e-13,879.9360039062062,2.804378984159386,1.1920928955078125e-07,1.1920929e-07,7.3,7.3,13.919997,21.82,15.42,28.22,289.46,1750.77,0.03382214624482038,0.50949556
1985-05-14,1.7977471059416905e-13,880.3031410039121,2.897558498804404,1.1920928955078125e-07,1.1920929e-07,1.1920929e-07,0.0,13.919997,22.38,14.01,30.75,477.03,1172.8,0.034086186156632885,0.40266582
1985-05-15,1.0528643165328557e-13,876.8242203958897,2.8943365942646153,1.1920928955078125e-07,1.1920929e-07,0.14,0.14,14.016,22.31,15.44,29.18,410.37,1406.82,0.031664763898550205,0.39444816
1985-05-16,6.361639265501902e-14,888.9953428270596,2.553429125344984,1.1920928955078125e-07,1.1920929e-07,26.92,26.92,14.016,19.915,14.03,25.8,272.65,1552.87,0.040976691811257154,0.7395903
1985-05-17,3.8432696194825755e-14,903.8468447094751,2.253531579724269,1.1920928955078125e-07,1.1920929e-07,7.9,7.9,14.016,17.525,11.11,23.94,297.1,1328.81,0.05612469699503547,0.6491959
1985-05-18,2.301702459675778e-14,904.9602110956732,1.895812914339811,1.1920928955078125e-07,1.1920929e-07,0.4,0.4,14.099442,14.55,8.5,20.6,385.15,1074.42,0.057463983412981375,0.5505839
1985-05-19,1.3754887203268139e-14,904.1131686904628,1.9391090104513584,1.1920928955078125e-07,1.1920929e-07,1.74,1.74,14.111998,14.92,6.39,23.45,473.18,845.1,0.056442194434227294,0.4437542
1985-05-20,8.191446915921617e-15,902.8290804354084,2.2670890692998986,1.1920928955078125e-07,1.1920929e-07,1.1920929e-07,0.0,14.111998,17.53,8.46,26.6,511.75,927.69,0.0549277390150148,0.41088352
1985-05-21,4.826427884630842e-15,899.7056207598939,2.542223551091489,1.1920928955078125e-07,1.1920929e-07,1.1920929e-07,0.0,14.111998,19.52,12.07,26.97,452.3,1239.76,0.05141139711454328,0.4355365
1985-05-22,2.8792681273050984e-15,902.45514208629,2.540278881182656,1.1920928955078125e-07,1.1920929e-07,10.53,10.53,14.207997,19.34,13.75,24.93,273.83,1571.49,0.05449440439708174,0.46840718
1985-05-23,1.6960227715937623e-15,922.6251924244874,2.5454834905534516,1.1920928955078125e-07,1.1920929e-07,33.19,33.19,14.207997,19.0,14.35,23.65,238.83,1628.23,0.08353984997702744,3.2952857
1985-05-24,9.802364955787263e-16,948.5166051118085,2.1726545936087596,1.1920928955078125e-07,1.1920929e-07,24.51,24.51,14.207997,15.89,10.99,20.79,260.26,1319.11,0.14456580249980724,3.8540874
1985-05-25,5.254178518559962e-16,962.1239204810855,1.9426104314921069,1.1920928955078125e-07,1.1920929e-07,7.82,7.82,14.207997,13.825,8.41,19.24,287.35,1113.07,0.19285796087229534,2.2352064
1985-05-26,3.0512642943473565e-16,963.6675536151172,2.4675280812222216,1.1920928955078125e-07,1.1920929e-07,1.1920929e-07,0.0,14.291445,17.645,9.63,25.66,492.04,1189.23,0.1992678612342787,1.2326505
1985-05-27,1.6492847397042522e-16,961.2955764418364,2.7002084815049052,1.1920928955078125e-07,1.1920929e-07,1.1920929e-07,0.0,14.304,19.19,10.9,27.48,496.91,1282.79,0.1895037187945012,0.92037904
1985-05-28,9.39765753342203e-17,958.4918022427861,2.89388200137497,1.1920928955078125e-07,1.1920929e-07,1.1920929e-07,0.0,14.304,20.42,12.92,27.92,463.53,1446.7,0.17857726502132557,0.78067863
1985-05-29,4.942927600266566e-17,957.8123305188217,2.7944741205019903,1.1920928955078125e-07,1.1920929e-07,3.45,3.45,14.304,19.835,13.59,26.08,309.51,1556.88,0.17602558306269575,0.69850194
1985-05-30,2.3681142152882763e-17,956.9071766590433,2.556765340312976,1.1920928955078125e-07,1.1920929e-07,1.1920929e-07,0.0,14.304,18.345,13.69,23.0,337.75,1565.86,0.17268292402839347,0.6491959
1985-05-31,1.3546661077089852e-17,954.0943391010848,2.725970270420518,1.1920928955078125e-07,1.1920929e-07,1.1920929e-07,0.0,14.387447,19.38,14.57,24.19,350.13,1664.95,0.16269509190821344,0.6327606
1985-06-01,6.887361028489565e-18,950.8897101177807,3.2164785428333595,1.1920928955078125e-07,1.1920929e-07,1.1920929e-07,0.0,14.4000025,22.265,16.48,28.05,396.47,1875.2,0.1520181589929661,0.58345455
1985-06-02,3.792985866250986e-18,947.5707047590721,3.166716649293798,1.1920928955078125e-07,1.1920929e-07,1.1920929e-07,0.0,14.4000025,22.055,15.21,28.9,445.48,1695.63,0.141698206011546,0.5259309
1985-06-03,2.1920757337962862e-18,944.3084174546361,3.110617156910039,1.1920928955078125e-07,1.1920929e-07,1.1920929e-07,0.0,14.4000025,21.805,14.55,29.06,465.86,1609.42,0.13223760569656834,0.50127786
1985-06-04,1.2982420044862863e-18,941.7540384059972,3.2104080557638173,1.1920928955078125e-07,1.1920929e-07,1.1920929e-07,0.0,14.4000025,22.4,15.22,29.58,463.11,1676.97,0.1252730244215565,0.4930602
1985-06-05,7.701140566678117e-19,947.4123152130676,3.4710604702757477,1.1920928955078125e-07,1.1920929e-07,17.41,17.41,14.4000025,23.66,17.22,30.1,320.1,1965.28,0.14122362211945522,0.6491959
1985-06-06,4.59466745680658e-19,954.4564065163444,3.3092031785924236,1.1920928955078125e-07,1.1920929e-07,5.08,5.08,14.4368305,22.65,16.61,28.69,309.67,1887.96,0.16394760043493675,0.59167224
1985-06-07,2.74837714236183e-19,956.4309680962316,2.9642308659168033,1.1920928955078125e-07,1.1920929e-07,5.75,5.75,14.496003,20.64,16.51,24.77,235.67,1869.88,0.17094988409228892,0.59167224
1985-06-08,1.6418743038667302e-19,958.7876092659673,2.8936064717755916,1.1920928955078125e-07,1.1920929e-07,4.86,4.86,14.496003,20.185,15.01,25.36,289.69,1705.95,0.1796996615935632,0.69850194
1985-06-09,9.350613719257452e-20,957.8243533775808,3.4078748196908037,1.1920928955078125e-07,1.1920929e-07,1.1920929e-07,0.0,14.496003,23.03,16.34,29.72,450.32,1854.78,0.17607041518138153,0.5259309
1985-06-10,4.803636749283932e-20,953.8679336172153,3.8113407094158167,1.1920928955078125e-07,1.1920929e-07,1.1920929e-07,0.0,14.496003,25.075,18.38,31.77,439.56,2115.96,0.16191674913260584,0.45197186
1985-06-11,2.7854884257866744e-20,950.6067489749195,3.5440728826757533,1.1920928955078125e-07,1.1920929e-07,1.5,1.5,14.496003,23.85,16.81,30.89,440.65,1908.11,0.15110976995533915,0.5259309
1985-06-12,1.6635109750573647e-20,954.2156907106867,3.3190714839445916,1.1920928955078125e-07,1.1920929e-07,13.13,13.13,14.496003,22.635,17.21,28.06,291.44,1972.12,0.16311381671277048,0.4930602
1985-06-13,9.913449389213383e-21,956.1078229361535,2.2850099950462135,1.1920928955078125e-07,1.1920929e-07,1.1920929e-07,0.0,14.496003,16.26,9.0,23.52,498.59,1160.01,0.16978379574605756,0.4355365
1985-06-14,5.9276004294124134e-21,953.9611801014239,1.9482854663521534,1.1920928955078125e-07,1.1920929e-07,1.1920929e-07,0.0,14.496003,13.685,5.67,21.7,530.65,910.12,0.16223686236060345,0.37801284
1985-06-15,3.505154655264256e-21,951.6864428091532,2.3292686857745943,1.1920928955078125e-07,1.1920929e-07,1.1920929e-07,0.0,14.496003,16.655,8.62,24.69,520.02,1129.78,0.15460534830853356,0.36979514
1985-06-16,2.011758539041963e-21,949.5025616326791,2.915933467658609,1.1920928955078125e-07,1.1920929e-07,1.1920929e-07,0.0,14.502797,20.475,14.43,26.52,426.02,1634.22,0.1476166219020992,0.4930602
1985-06-17,1.0933931396676109e-21,949.6140160821277,3.1017534233182267,1.1920928955078125e-07,1.1920929e-07,7.1,7.1,14.532827,21.5,14.73,28.27,341.04,1681.13,0.14796551777260852,0.5505839
1985-06-18,6.368153356452014e-22,950.4085008173785,3.4802962312408536,1.1920928955078125e-07,1.1920929e-07,1.1920929e-07,0.0,14.532827,23.49,17.47,29.51,415.18,1998.61,0.1504765703721677,0.41088352
1985-06-19,3.454333431749996e-22,947.3088629179845,2.9374016334705826,1.1920928955078125e-07,1.1920929e-07,1.1920929e-07,0.0,14.57945,20.55,14.1,27.0,452.04,1605.99,0.14091450563357127,0.35335982
1985-06-20,2.0093551187526041e-22,944.3378379392334,2.5030848364641365,1.1920928955078125e-07,1.1920929e-07,1.1920929e-07,0.0,14.57945,17.89,10.71,25.07,492.65,1296.72,0.13232003669324174,0.32048914
1985-06-21,1.1151953652970423e-22,941.7800521778386,2.444695345349652,1.1920928955078125e-07,1.1920929e-07,1.1920929e-07,0.0,14.57945,17.54,9.14,25.94,530.18,1155.85,0.12534206922072247,0.30405378
1985-06-22,6.201529195771852e-23,939.0345678269797,2.7638990796464755,1.1920928955078125e-07,1.1920929e-07,1.1920929e-07,0.0,14.57945,19.66,11.16,28.16,523.05,1293.16,0.11826098486533977,0.29583612
1985-06-23,1.2061783145313854e-23,935.725772994413,3.209241761564124,1.1920928955078125e-07,1.1920929e-07,1.1920929e-07,0.0,14.57945,22.29,14.92,29.66,472.37,1677.38,0.11025652484377035,0.28761846
1985-06-24,-3.4916972420478495e-23,932.0782540490785,3.4446656294010225,1.1920928955078125e-07,1.1920929e-07,1.1920929e-07,0.0,14.57945,23.595,15.94,31.25,474.52,1786.4,0.10205898090937393,0.31227148
1985-06-25,-6.528732323751956e-23,928.3929854518825,3.628876835725085,1.1920928955078125e-07,1.1920929e-07,1.1920929e-07,0.0,14.532827,24.64,17.95,31.33,432.41,2057.36,0.09439541511156486,0.29583612
1985-06-26,-6.541561780367015e-23,924.9709416637313,3.1186441564617486,1.1920928955078125e-07,1.1920929e-07,1.1920929e-07,0.0,14.502797,22.085,14.8,29.37,469.9,1670.42,0.08779543724622099,0.2711831
1985-06-27,-3.945262906877617e-23,922.0889456198519,2.4879222237822582,1.1920928955078125e-07,1.1920929e-07,1.1920929e-07,0.0,14.496003,18.285,9.08,27.49,542.11,1109.38,0.08259634382522402,0.25474778
1985-06-28,-2.160422044842426e-23,919.5403215647673,2.5144059409165798,1.1920928955078125e-07,1.1920929e-07,1.1920929e-07,0.0,14.496003,18.51,10.77,26.25,497.03,1281.99,0.07825576624550784,0.23009476
1985-06-29,-1.2697745849765474e-23,916.6765650472355,2.813805784506719,1.1920928955078125e-07,1.1920929e-07,1.1920929e-07,0.0,14.496003,20.475,13.63,27.32,452.0,1560.96,0.07365004367400112,0.23831244
1985-06-30,-7.495903085938153e-24,916.6686647266756,2.8910629569367616,1.1920928955078125e-07,1.1920929e-07,7.38,7.38,14.496003,20.94,15.62,26.26,280.0,1770.08,0.07363772023803958,0.25474778
1985-07-01,-4.522097480146829e-24,929.3123304651951,2.4172252310346876,1.1920928955078125e-07,1.1920929e-07,21.36,21.36,14.496003,17.67,14.7,20.64,173.43,1678.66,0.0962515741489839,0.5259309
1985-07-02,-2.7286409054706794e-24,939.9768728786573,2.467683882221968,1.1920928955078125e-07,1.1920929e-07,4.76,4.76,14.496003,17.825,14.36,21.29,203.45,1641.11,0.12064508624979696,0.60810757
1985-07-03,-1.635396888257088e-24,938.7597950400477,2.8339921255949876,1.1920928955078125e-07,1.1920929e-07,1.1920929e-07,0.0,14.496003,20.19,15.04,25.34,378.15,1712.1,0.11757470311573932,0.71493727
1985-07-04,-9.789894202336266e-25,938.7262024371294,3.0416374735590064,1.1920928955078125e-07,1.1920929e-07,6.25,6.25,14.496003,21.405,15.08,27.73,325.88,1712.46,0.11749107477572453,0.41910118
1985-07-05,-5.830469055980619e-25,939.2457879727093,3.0222233767575917,1.1920928955078125e-07,1.1920929e-07,1.74,1.74,14.496003,21.285,14.82,27.75,406.06,1688.38,0.11879125737435166,0.34514216
1985-07-06,-3.3492595643126032e-25,937.0771910046545,3.1046843522966543,1.1920928955078125e-07,1.1920929e-07,1.1920929e-07,0.0,14.483447,21.805,16.82,26.79,364.52,1912.79,0.11345818343643604,0.31227148
1985-07-07,-1.6897019060837738e-25,933.9654343052459,3.098501443174665,1.1920928955078125e-07,1.1920929e-07,1.1920929e-07,0.0,14.406797,21.92,16.29,27.55,398.21,1847.23,0.10622119025429816,0.30405378
1985-07-08,-9.177793307286899e-26,930.8146453005543,3.2926675489295296,1.1920928955078125e-07,1.1920929e-07,1.1920929e-07,0.0,14.4000025,23.045,16.35,29.74,441.16,1862.47,0.09936362976860419,0.2711831
1985-07-09,-3.245309002993249e-26,929.2839616119065,3.7082876271502103,1.1920928955078125e-07,1.1920929e-07,1.1920929e-07,0.0,14.4000025,25.17,18.87,31.47,414.13,2187.77,0.09619375528225979,0.23831244
1985-07-10,1.6035472927731993e-26,929.3573899054835,3.681552206248297,1.1920928955078125e-07,1.1920929e-07,1.1920929e-07,0.0,14.4000025,25.04,18.65,31.43,419.49,2153.57,0.09634348172779578,0.23009476
1985-07-11,3.954222423130356e-26,930.6330619574705,3.2845017267360275,1.1920928955078125e-07,1.1920929e-07,12.79,12.79,14.4000025,23.005,15.08,30.93,364.08,1713.3,0.09898219614919279,0.33692446
1985-07-12,2.778232863107698e-26,932.7950389871035,3.3204879299642056,1.1920928955078125e-07,1.1920929e-07,1.1920929e-07,0.0,14.4000025,23.155,16.89,29.42,420.31,1928.4,0.10362029940371179,0.29583612
1985-07-13,4.4695710230356534e-27,936.0993235057232,3.3851564946877195,1.1920928955078125e-07,1.1920929e-07,1.1920929e-07,0.0,14.310795,23.54,17.38,29.7,415.06,1992.08,0.11113236190260846,0.2465301
1985-07-14,-1.834110499304769e-26,940.2157961594914,3.430502263112921,1.1920928955078125e-07,1.1920929e-07,7.98,7.98,14.304,23.705,16.24,31.17,350.22,1842.29,0.12125717995217343,0.36157748
1985-07-15,-3.4143297305753246e-26,944.6618119564076,3.635354733950554,1.1920928955078125e-07,1.1920929e-07,7.4,7.4,14.304,24.645,17.62,31.67,335.39,2021.88,0.13323116003149826,1.0189911
1985-07-16,-3.643060380366126e-26,948.9547259044716,3.6611659274325614,1.1920928955078125e-07,1.1920929e-07,12.35,12.35,14.304,24.69,18.18,31.2,318.42,2086.65,0.14591360584765561,0.62454295
1985-07-17,-2.3182465410305364e-26,951.7378639505135,3.335639462843867,1.1920928955078125e-07,1.1920929e-07,1.1920929e-07,0.0,14.304,23.0,16.93,29.07,414.03,1940.03,0.15477383018178292,0.5341486
1985-07-18,-1.1613465412092308e-26,950.0122840360298,3.127130152317168,1.1920928955078125e-07,1.1920929e-07,1.1920929e-07,0.0,14.207997,22.025,15.16,28.89,452.82,1719.28,0.14921900353236683,0.35335982
1985-07-19,-5.339540529559819e-27,946.284892203556,3.41000946065537,1.1920928955078125e-07,1.1920929e-07,1.1920929e-07,0.0,14.207997,23.605,16.3,30.91,461.6,1848.89,0.13789112736465994,0.28761846
1985-07-20,-3.048093325335489e-27,942.5915889013046,3.621395766590093,1.1920928955078125e-07,1.1920929e-07,1.1920929e-07,0.0,14.207997,24.735,17.0,32.47,470.33,1943.07,0.12751523783229077,0.26296544
1985-07-21,-1.5408359114670197e-27,938.6854952556847,3.90118109624469,1.1920928955078125e-07,1.1920929e-07,1.1920929e-07,0.0,14.207997,26.135,19.43,32.84,425.89,2252.16,0.11738981449665313,0.23831244
1985-07-22,-8.60913119302782e-28,934.9938572132811,3.7728836776263033,1.1920928955078125e-07,1.1920929e-07,1.1920929e-07,0.0,14.118794,25.72,19.56,31.88,406.58,2270.31,0.10856041573604575,0.2218771
1985-07-23,-4.814806591356469e-28,933.1238518181624,3.2851043653110596,1.1920928955078125e-07,1.1920929e-07,2.1,2.1,14.111998,23.315,17.47,29.16,379.37,2002.09,0.1043444972987537,0.23009476
1985-07-24,-2.767520451094056e-28,930.9511161243893,2.70015464920675,1.1920928955078125e-07,1.1920929e-07,1.1920929e-07,0.0,14.111998,19.965,14.86,25.07,381.57,1691.6,0.0996512672839113,0.21365942
1985-07-25,-1.6294985391555096e-28,932.711144098739,2.7928818889894487,1.1920928955078125e-07,1.1920929e-07,10.51,10.51,14.111998,20.51,17.08,23.94,204.22,1948.47,0.10343633027217658,0.46840718
1985-07-26,-9.803943141798171e-29,950.8330600500526,3.170370334602345,1.1920928955078125e-07,1.1920929e-07,29.75,29.75,14.016,22.485,18.58,26.39,227.77,2144.83,0.15183585935893731,1.0600795
1985-07-27,-5.930371178043297e-29,966.3836767289666,3.3197248687289016,1.1920928955078125e-07,1.1920929e-07,8.42,8.42,14.016,23.005,19.23,26.78,224.13,2233.56,0.2110680693781355,0.80533165
1985-07-28,-3.584372057368139e-29,971.6559740523669,2.920198995810815,1.1920928955078125e-07,1.1920929e-07,8.63,8.63,14.016,20.69,16.84,24.54,238.53,1913.51,0.23600529347741347,0.61632526
1985-07-29,-2.045282168955914e-29,974.9731106040662,2.9730556744145833,1.1920928955078125e-07,1.1920929e-07,7.47,7.47,14.003442,20.955,16.94,24.97,249.07,1931.46,0.2531836578732678,0.58345455
1985-07-30,-9.823121766803915e-30,974.6190201246287,3.2292756142201413,1.1920928955078125e-07,1.1920929e-07,1.02,1.02,13.919997,22.495,16.79,28.2,389.0,1912.32,0.25129186864731085,0.48484254
1985-07-31,-5.048350625786477e-30,973.5308525704811,3.5552367244138185,1.1920928955078125e-07,1.1920929e-07,3.3,3.3,13.919997,24.2,18.06,30.34,337.72,2069.44,0.24556615941547102,0.40266582
1985-08-01,-2.734079508373482e-30,975.433975736992,3.3221557677411035,1.1920928955078125e-07,1.1920929e-07,6.03,6.03,13.919997,22.975,17.73,28.22,292.55,2037.86,0.25566725640499105,0.41088352
1985-08-02,-1.31717201262189e-30,978.7596789813332,2.767059045394961,1.1920928955078125e-07,1.1920929e-07,6.97,6.97,13.8239975,19.88,14.72,25.04,299.47,1679.75,0.27432654948029833,0.5670192
1985-08-03,-7.4864764259796105e-31,980.0394944138839,2.509735774429623,1.1920928955078125e-07,1.1920929e-07,1.1920929e-07,0.0,13.8239975,18.205,10.97,25.44,497.57,1317.88,0.2818647092758547,0.41910118
1985-08-04,-3.8540091624606778e-31,977.9459770723212,2.47327582904534,1.1920928955078125e-07,1.1920929e-07,1.1920929e-07,0.0,13.8239975,17.995,10.5,25.49,505.27,1279.74,0.26963899415138454,0.33692446
1985-08-05,-2.0585995245100435e-31,975.0185956978614,2.4685045232376055,1.1920928955078125e-07,1.1920929e-07,1.1920929e-07,0.0,13.728,18.13,10.94,25.32,491.4,1315.44,0.2534276997827125,0.30405378
1985-08-06,-1.1162141781636264e-31,972.5787382739373,2.6545419715581264,1.1920928955078125e-07,1.1920929e-07,0.89,0.89,13.728,19.4,13.86,24.94,394.92,1583.48,0.2406634494658594,0.29583612
1985-08-07,-5.241756705210378e-32,971.5629913959158,2.9111458364417113,1.1920928955078125e-07,1.1920929e-07,3.26,3.26,13.728,20.995,16.56,25.43,258.99,1877.64,0.23554094233013023,0.30405378
1985-08-08,-2.864871649777153e-32,972.0426564444952,3.2245274772994477,1.1920928955078125e-07,1.1920929e-07,6.62,6.62,13.632003,22.88,17.83,27.93,282.66,2044.05,0.23794620752460752,0.5505839
1985-08-09,-1.1477598655314117e-32,970.0981076978463,3.288767443283838,1.1920928955078125e-07,1.1920929e-07,1.1920929e-07,0.0,13.632003,23.26,18.08,28.44,384.5,2072.43,0.2283447997260704,0.6656313
1985-08-10,-3.9180569364906045e-34,966.58209274338,3.2721729807434166,1.1920928955078125e-07,1.1920929e-07,1.1920929e-07,0.0,13.632003,23.235,16.94,29.53,439.72,1933.3,0.21195698923604864,0.3862305
1985-08-11,1.6793295502568715e-33,962.9128778623319,3.3133494177718195,1.1920928955078125e-07,1.1920929e-07,1.1920929e-07,0.0,13.536,23.645,16.87,30.42,455.55,1923.07,0.19610790096063047,0.31227148
1985-08-12,8.1594220487121e-34,959.3465619251527,3.378895352693244,1.1920928955078125e-07,1.1920929e-07,1.1920929e-07,0.0,13.536,24.055,17.13,30.98,456.8,1960.99,0.18183982097540624,0.2794008
1985-08-13,2.0454590237357576e-34,955.7032294800125,3.5298140913759397,1.1920928955078125e-07,1.1920929e-07,1.1920929e-07,0.0,13.536,24.895,18.12,31.67,447.09,2079.64,0.16833500405549187,0.25474778
1985-08-14,-1.0090011843113437e-35,951.9951559466718,3.5766766411721242,1.1920928955078125e-07,1.1920929e-07,1.1920929e-07,0.0,13.439992,25.325,18.42,32.23,449.08,2124.82,0.15561961165860638,0.23831244
1985-08-15,-6.077169193371234e-36,948.3646001568168,3.384863906176449,1.1920928955078125e-07,1.1920929e-07,1.1920929e-07,0.0,13.439992,24.415,16.97,31.86,469.18,1934.04,0.14410110022996972,0.23009476
1985-08-16,-3.66235856512903e-36,944.4377442621327,3.3399607854427766,1.1920928955078125e-07,1.1920929e-07,1.1920929e-07,0.0,13.350795,24.37,17.95,30.79,432.13,2056.02,0.13260034024996434,0.21365942
1985-08-17,-2.2149751919381863e-36,952.9439928909096,3.0163874028546123,1.1920928955078125e-07,1.1920929e-07,29.2,29.2,13.343997,22.435,17.79,27.08,264.11,2039.48,0.1587788163514417,0.29583612
1985-08-18,-1.3406381934361676e-36,1026.8340550683474,2.8062849113512836,1.1920928955078125e-07,1.1920929e-07,118.42,118.42,13.343997,19.905,17.6,22.21,148.14,2020.09,0.759447992653392,22.762947
1985-08-19,-8.125989587593907e-37,1087.2036988812151,3.1309719189027283,1.1920928955078125e-07,1.1920929e-07,8.49,8.49,13.248,20.925,15.62,26.23,303.74,1769.71,2.7279152426756528,6.0646405
1985-08-20,-4.91350055557261e-37,1084.253371507555,3.5275977693485925,1.1920928955078125e-07,1.1920929e-07,1.1920929e-07,0.0,13.248,23.04,16.89,29.19,435.23,1913.38,2.562661111335678,2.588566
1985-08-21,-2.926038715390617e-37,1083.011424457613,3.3490442908263294,1.1920928955078125e-07,1.1920929e-07,7.17,7.17,13.248,22.155,16.69,27.62,305.43,1898.52,2.4961269097409957,1.69284
1985-08-22,-1.6420416715904687e-37,1081.944343449852,2.839985686448556,1.1920928955078125e-07,1.1920929e-07,1.1920929e-07,0.0,13.152002,19.465,13.09,25.84,457.66,1517.08,2.440342126349066,1.2737389
1985-08-23,-7.335479589987024e-38,1077.5867089212525,2.60052484359078,1.1920928955078125e-07,1.1920929e-07,1.1920929e-07,0.0,13.152002,18.045,11.59,24.5,463.21,1366.87,2.225181188156752,1.0436441
1985-08-24,-3.314516531379874e-38,1072.6450070088192,2.6495377945981606,1.1920928955078125e-07,1.1920929e-07,1.1920929e-07,0.0,13.0560055,18.56,13.56,23.56,388.18,1564.51,2.0040441239447335,0.92037904
1985-08-25,-1.888545524989073e-38,1072.6034253074572,2.8832769730183405,1.1920928955078125e-07,1.1920929e-07,7.55,7.55,13.0560055,19.995,16.58,23.41,209.36,1886.7,2.0022798390208933,1.0847324
1985-08-26,-1.0393711360912683e-38,1077.358359420621,3.2606545904526945,1.1920928955078125e-07,1.1920929e-07,11.61,11.61,13.0560055,22.035,17.89,26.18,242.21,2050.93,2.2144446068576116,1.5777926
1985-08-27,-6.029851866373853e-39,1080.637959841986,3.29172070751256,1.1920928955078125e-07,1.1920929e-07,7.86,7.86,12.959997,22.275,17.56,26.99,265.46,2012.43,2.3737416873970707,2.5967836
1985-08-28,-3.288121507768067e-39,1078.4943636776984,3.006701414852124,1.1920928955078125e-07,1.1920929e-07,1.1920929e-07,0.0,12.959997,20.745,14.71,26.78,424.45,1676.85,2.268374637212005,1.470963
1985-08-29,-1.854082565636909e-39,1073.4209636361861,3.035007819299278,1.1920928955078125e-07,1.1920929e-07,1.1920929e-07,0.0,12.863992,21.115,14.15,28.08,454.81,1621.31,2.0372541338800376,1.1504738
1985-08-30,-7.62495548961309e-40,1068.3024473631865,3.211498333767355,1.1920928955078125e-07,1.1920929e-07,1.1920929e-07,0.0,12.863992,22.175,15.42,28.93,441.33,1745.25,1.8279344342651445,0.9861204
1985-08-31,-1.4863331972057391e-40,1063.3685209325413,3.1700687606175983,1.1920928955078125e-07,1.1920929e-07,1.1920929e-07,0.0,12.863992,22.03,15.71,28.35,422.48,1783.74,1.646546648974789,0.9039437
1985-09-01,-4.523629018517781e-41,1058.641369637428,2.982982772653832,1.1920928955078125e-07,1.1920929e-07,1.1920929e-07,0.0,12.767997,21.185,15.85,26.52,379.72,1800.9,1.4896682564737957,0.81354934
1985-09-02,4.776024713877833e-41,1053.890061523459,2.9089430529395996,1.1920928955078125e-07,1.1920929e-07,1.1920929e-07,0.0,12.767997,20.83,14.12,27.54,439.56,1609.38,1.3470473811442791,0.772461
1985-09-03,1.6153672828288498e-40,1049.1490698663295,3.1691085288750136,1.1920928955078125e-07,1.1920929e-07,1.1920929e-07,0.0,12.672003,22.52,14.9,30.14,459.15,1695.86,1.2183472298081839,0.70671964
1985-09-04,2.7087649621398837e-40,1044.4829047127384,3.379012870791038,1.1920928955078125e-07,1.1920929e-07,1.1920929e-07,0.0,12.672003,23.72,16.2,31.24,448.76,1840.38,1.1036912719066598,0.6491959
1985-09-05,3.5056289389893477e-40,1039.9560761093858,3.473519444335122,1.1920928955078125e-07,1.1920929e-07,1.1920929e-07,0.0,12.65945,24.3,17.01,31.59,436.13,1944.9,1.0027804897044832,0.59167224
1985-09-06,3.7537926430457044e-40,1035.633094102971,3.4362792781239135,1.1920928955078125e-07,1.1920929e-07,1.1920929e-07,0.0,12.576003,24.3,17.75,30.85,406.78,2034.64,0.9150383637952908,0.5670192
1985-09-07,3.2010895039774176e-40,1031.5784687401936,3.5408350985885524,1.1920928955078125e-07,1.1920929e-07,1.1920929e-07,0.0,12.576003,24.9,18.77,31.03,384.87,2172.27,0.8397331709929169,0.5423662
1985-09-08,1.4312871301188685e-40,1027.9606795459858,3.554114556437153,1.1920928955078125e-07,1.1920929e-07,2.27,2.27,12.479998,25.165,18.61,31.72,386.65,2152.52,0.7777888567153967,0.5505839
1985-09-09,-1.8170745333621047e-40,1025.0654628324764,3.5670907895294564,1.1920928955078125e-07,1.1920929e-07,1.1920929e-07,0.0,12.479998,25.28,18.85,31.71,389.99,2182.1,0.731524673288662,0.50127786
1985-09-10,-5.738195565510037e-40,1022.7421734466405,3.4229567292297505,1.1920928955078125e-07,1.1920929e-07,1.1920929e-07,0.0,12.383997,24.725,18.3,31.15,391.73,2109.0,0.6963977017118513,0.48484254
1985-09-11,-9.465762691874178e-40,1020.8102789512952,3.2099719918831564,1.1920928955078125e-07,1.1920929e-07,1.1920929e-07,0.0,12.383997,23.625,17.81,29.44,370.14,2043.99,0.6684763890241339,0.45197186
1985-09-12,-1.2133462638003801e-39,1019.0892469092574,2.3735650326111846,1.1920928955078125e-07,1.1920929e-07,5.32,5.32,12.383997,18.46,13.31,23.61,269.39,1532.82,0.6445468836389174,0.47662488
1985-09-13,-1.2874982129448153e-39,1017.3985448833442,1.6310116490283149,1.1920928955078125e-07,1.1920929e-07,1.1920929e-07,0.0,12.288,12.445,8.07,16.82,332.88,1088.25,0.6218733640462852,0.47662488
1985-09-14,-1.0824007891756486e-39,1015.5576404363726,1.4670115297214654,1.1920928955078125e-07,1.1920929e-07,1.1920929e-07,0.0,12.288,10.785,2.86,18.71,480.48,754.08,0.5980916026950268,0.42731884
1985-09-15,-4.739778670994035e-40,1013.4689465148582,1.5502832067005505,1.1920928955078125e-07,1.1920929e-07,1.1920929e-07,0.0,12.191998,11.82,3.03,20.61,491.74,762.64,0.5722081901414531,0.41088352
1985-09-16,5.497031327061586e-40,1011.2701677899621,1.6868085600469231,1.1920928955078125e-07,1.1920929e-07,1.1920929e-07,0.0,12.191998,13.21,4.03,22.39,490.5,818.18,0.5461699201383309,0.40266582
1985-09-17,1.7251114439762214e-39,1008.9768044196373,1.7841464710546875,1.1920928955078125e-07,1.1920929e-07,1.1920929e-07,0.0,12.096003,14.285,4.73,23.84,486.41,863.93,0.5202731505279568,0.3862305
1985-09-18,2.7780321867056115e-39,1006.5938705078694,1.8973250872898688,1.1920928955078125e-07,1.1920929e-07,1.1920929e-07,0.0,12.096003,15.33,5.61,25.05,481.46,907.51,0.49466490757166265,0.37801284
1985-09-19,3.434250480889159e-39,1004.1263801586432,2.054432641790515,1.1920928955078125e-07,1.1920929e-07,1.1920929e-07,0.0,12.096003,16.685,7.4,25.97,465.3,1036.48,0.46947553490639105,0.36157748
1985-09-20,3.4195514465216913e-39,1001.5793474759442,2.1838115697999325,1.1920928955078125e-07,1.1920929e-07,1.1920929e-07,0.0,12.000009,17.88,9.27,26.49,443.19,1181.25,0.44481879475770797,0.34514216
1985-09-21,2.177508943809305e-39,998.9583573938684,2.2305688664519825,1.1920928955078125e-07,1.1920929e-07,1.1920929e-07,0.0,12.000009,18.28,10.48,26.08,417.31,1278.54,0.4207973224652424,0.33692446
1985-09-22,-1.4853742247302064e-38,996.2988109599908,2.3358541685933703,1.1920928955078125e-07,1.1920929e-07,1.1920929e-07,0.0,11.903997,19.24,13.3,25.18,346.79,1532.38,0.39774811612962174,0.34514216
1985-09-23,-5.339344005568341e-38,993.6226408592878,2.3364562984846597,1.1920928955078125e-07,1.1920929e-07,1.1920929e-07,0.0,11.903997,19.29,13.22,25.36,348.68,1525.77,0.3758290757391449,0.34514216
1985-09-24,-1.1016521484128662e-37,990.9343849894102,2.3870296588728217,1.1920928955078125e-07,1.1920929e-07,1.1920929e-07,0.0,11.903997,19.7,13.97,25.43,328.14,1590.42,0.35502705099723725,0.33692446
1985-09-25,-1.8189269696406345e-37,988.2385812480087,2.0187734111173588,1.1920928955078125e-07,1.1920929e-07,1.1920929e-07,0.0,11.808002,17.06,9.76,24.36,390.34,1222.76,0.3353227986588434,0.31227148
1985-09-26,-2.6529951678396586e-37,985.539767532734,2.0682635948008388,1.1920928955078125e-07,1.1920929e-07,1.1920929e-07,0.0,11.808002,17.51,12.63,22.39,287.83,1459.31,0.31669195496813274,0.29583612
1985-09-27,-3.571093046609457e-37,982.8424817412367,1.999806520220901,1.1920928955078125e-07,1.1920929e-07,1.1920929e-07,0.0,11.712,17.13,12.34,21.92,283.52,1435.72,0.29910593800440005,0.29583612
1985-09-28,-4.5404569095495484e-37,980.1512617711677,1.658170528630958,1.1920928955078125e-07,1.1920929e-07,1.1920929e-07,0.0,11.712,14.09,6.49,21.69,400.34,971.66,0.28253277667828125,0.2794008
1985-09-29,-5.528323060259452e-37,977.4706455201775,1.5693452716779601,1.1920928955078125e-07,1.1920929e-07,1.1920929e-07,0.0,11.615997,13.375,4.27,22.48,434.42,832.11,0.26693786502939437,0.2794008
1985-09-30,-6.5019278023386835e-37,974.8051708859168,1.6675510120185018,1.1920928955078125e-07,1.1920929e-07,1.1920929e-07,0.0,11.615997,14.405,5.03,23.78,432.45,880.19,0.25228464208703744,0.2794008
1985-10-01,-7.428507439386767e-37,972.1593757660364,1.8271957277381827,1.1920928955078125e-07,1.1920929e-07,1.1920929e-07,0.0,11.615997,15.95,6.58,25.32,422.86,968.36,0.238535198882564,0.28761846
1985-10-02,-8.275298275003214e-37,969.537798058187,1.9034650448837618,1.1920928955078125e-07,1.1920929e-07,20.28,20.28,11.520002,16.81,10.61,23.01,244.11,1288.45,0.22565081526575592,0.40266582
1985-10-03,-9.00953661278755e-37,966.9449756600193,1.6586287759022196,1.1920928955078125e-07,1.1920929e-07,33.42,33.42,11.520002,14.585,10.79,18.38,165.53,1303.28,0.21359243000151237,1.0765148
1985-10-04,-9.598458756339289e-37,964.3854464691839,1.8928654921342363,1.1920928955078125e-07,1.1920929e-07,3.16,3.16,11.424,16.945,12.78,21.11,215.88,1467.14,0.202321048233148,0.72315496
1985-10-05,-1.0009301009257953e-36,961.8637483833315,1.8502580849971404,1.1920928955078125e-07,1.1920929e-07,1.1920929e-07,0.0,11.424,16.61,11.24,21.98,295.55,1339.42,0.19179809082108823,0.4930602
1985-10-06,-1.0209299675143057e-36,959.384419300113,1.2657395462249739,1.1920928955078125e-07,1.1920929e-07,1.1920929e-07,0.0,11.340561,10.62,3.28,17.96,377.4,774.95,0.18198569032719691,0.40266582
1985-10-07,-1.0165691057594124e-36,956.9519971171788,1.133480195915504,1.1920928955078125e-07,1.1920929e-07,1.1920929e-07,0.0,11.328006,8.945,0.46,17.43,406.02,626.84,0.17284693854094973,0.36979514
1985-10-08,-9.845711460210662e-37,954.5710197321798,1.2512453551265608,1.1920928955078125e-07,1.1920929e-07,1.1920929e-07,0.0,11.328006,10.535,1.66,19.41,407.23,694.1,0.16434609045835885,0.35335982
1985-10-09,-9.216597186592207e-37,952.2460250427667,1.5208825331491176,1.1920928955078125e-07,1.1920929e-07,1.1920929e-07,0.0,11.232,13.835,4.8,22.87,399.23,863.91,0.15644872955036698,0.35335982
1985-10-10,-8.245584540338266e-37,949.9815509465901,1.8042773843119733,1.1920928955078125e-07,1.1920929e-07,1.1920929e-07,0.0,11.232,16.68,7.54,25.82,390.25,1043.41,0.14912189901475842,0.34514216
1985-10-11,-6.899909825048359e-37,947.7821353413008,1.9441731371437794,1.1920928955078125e-07,1.1920929e-07,1.1920929e-07,0.0,11.136005,18.11,9.11,27.11,378.51,1169.07,0.14233420351276155,0.33692446
1985-10-12,-5.146809344322009e-37,945.6523161245493,2.0137045266637896,1.1920928955078125e-07,1.1920929e-07,1.1920929e-07,0.0,11.136005,18.74,12.0,25.48,311.96,1400.0,0.13605588566456162,0.34514216
1985-10-13,-2.799962367556768e-37,943.5555846281568,1.820529383302496,1.1920928955078125e-07,1.1920929e-07,1.1920929e-07,0.0,11.136005,17.085,12.38,21.79,235.34,1430.24,0.13014568148890543,0.36979514
1985-10-14,4.3151615787659937e-38,941.3609209985989,2.027032634708117,1.1920928955078125e-07,1.1920929e-07,1.1920929e-07,0.0,11.039997,19.075,11.76,26.39,325.17,1381.15,0.1242342448502027,0.37801284
1985-10-15,3.738644826240487e-37,939.1442806595935,2.2064048337716407,1.1920928955078125e-07,1.1920929e-07,1.1920929e-07,0.0,11.039997,20.56,13.33,27.79,317.32,1534.49,0.11853612507352837,0.36157748
1985-10-16,6.2117055788417525e-37,937.0041141566059,2.030414422588026,1.1920928955078125e-07,1.1920929e-07,1.1920929e-07,0.0,10.944003,19.33,12.56,26.1,306.11,1454.61,0.11328270248075392,0.3287068
1985-10-17,6.940980356987254e-37,935.0388720351016,1.486779309210213,1.1920928955078125e-07,1.1920929e-07,1.1920929e-07,0.0,10.944003,14.185,5.65,22.72,363.18,910.78,0.10866397394236195,0.3287068
1985-10-18,5.107211073245865e-37,933.3293585833322,1.5218503802074446,1.1920928955078125e-07,1.1920929e-07,1.1920929e-07,0.0,10.944003,14.595,8.1,21.09,307.23,1090.45,0.10479968619532294,0.32048914
1985-10-19,2.8639232202240652e-37,931.4991871881936,1.7128074966275169,1.1920928955078125e-07,1.1920929e-07,1.1920929e-07,0.0,10.848,16.72,8.89,24.55,339.41,1150.84,0.10081483961092866,0.33692446
1985-10-20,1.5437688244221516e-37,929.6621584337264,1.8433628809353495,1.1920928955078125e-07,1.1920929e-07,1.1920929e-07,0.0,10.848,17.98,10.17,25.79,333.61,1253.7,0.09696742542192474,0.33692446
1985-10-21,9.247672875803913e-38,936.196147987962,1.4670010580165467,1.1920928955078125e-07,1.1920929e-07,16.14,16.14,10.752,14.235,7.26,21.21,236.86,1026.93,0.1113605124784129,0.46840718
1985-10-22,5.556481756007141e-38,952.9243010111541,1.2325243504261405,1.1920928955078125e-07,1.1920929e-07,18.14,18.14,10.752,11.15,8.28,14.02,114.86,1102.75,0.15871260391121442,0.82998466
1985-10-23,3.3330914444583467e-38,961.4322198635725,1.4519164570934202,1.1920928955078125e-07,1.1920929e-07,1.92,1.92,10.752,13.635,11.01,16.26,133.63,1320.47,0.19005298834914966,0.59167224
1985-10-24,1.997459483957885e-38,963.1243036723748,1.672713779293011,1.1920928955078125e-07,1.1920929e-07,3.87,3.87,10.655997,16.07,13.34,18.8,106.64,1535.58,0.19698809074596182,0.48484254
1985-10-25,1.0689136315365415e-38,963.9028376369637,1.7705679894215516,1.1920928955078125e-07,1.1920929e-07,0.28,0.28,10.655997,17.0,12.21,21.79,236.17,1416.93,0.20026341047480015,0.46840718
1985-10-26,3.0241303634925836e-39,963.0603980230852,1.3309264769649383,1.1920928955078125e-07,1.1920929e-07,1.1920929e-07,0.0,10.649202,12.36,2.67,22.05,368.39,745.51,0.1967216284578992,0.42731884
1985-10-27,-1.3402399194254811e-39,961.4451190366807,1.2450002659047086,1.1920928955078125e-07,1.1920929e-07,1.1920929e-07,0.0,10.56,11.455,3.41,19.5,336.68,776.1,0.19010492169833176,0.40266582
1985-10-28,-1.3574857425373265e-39,959.8623871109792,1.400111437968576,1.1920928955078125e-07,1.1920929e-07,1.1920929e-07,0.0,10.56,13.365,6.89,19.84,291.12,990.89,0.18383745824252845,0.3862305
1985-10-29,-7.760503244192142e-40,958.4693496020287,1.100568281826969,1.1920928955078125e-07,1.1920929e-07,1.1920929e-07,0.0,10.463997,9.7,2.21,17.19,323.24,715.4,0.17849235855695259,0.37801284
1985-10-30,-4.582761817757708e-40,957.3068999489404,0.9897105032788331,1.1920928955078125e-07,1.1920929e-07,1.1920929e-07,0.0,10.463997,8.065,3.98,12.15,209.44,806.48,0.17415117086461557,0.36157748
1985-10-31,-2.6848207952635713e-40,961.5240015907176,1.06151628024968,1.1920928955078125e-07,1.1920929e-07,12.98,12.98,10.463997,9.085,6.75,11.42,95.75,984.01,0.19042281956772825,0.46840718
1985-11-01,-1.603731396547349e-40,981.0225655432929,1.2135665400178808,1.1920928955078125e-07,1.1920929e-07,28.81,28.81,10.367997,11.02,8.73,13.31,93.78,1138.42,0.28779540295240114,2.0790706
1985-11-02,-9.571261781099907e-41,1014.8362906159449,1.363317867455792,1.1920928955078125e-07,1.1920929e-07,43.73,43.73,10.367997,12.335,9.73,14.94,103.67,1218.33,0.5890227889851598,7.872528
1985-11-03,-5.703045662187258e-41,1043.2135172662909,1.2872476747571073,1.1920928955078125e-07,1.1920929e-07,20.14,20.14,10.367997,10.98,9.24,12.72,73.04,1179.07,1.0744115567594619,7.8314395
1985-11-04,-3.442060637656181e-41,1066.772475090267,1.4118683564891035,1.1920928955078125e-07,1.1920929e-07,36.6,36.6,10.272,12.245,9.55,14.94,108.26,1204.32,1.7696467779778648,30.241026
1985-11-05,-2.0849348818335157e-41,1126.3029535093801,1.2526558083557273,1.1920928955078125e-07,1.1920929e-07,88.63,88.63,10.272,9.49,4.95,14.03,175.43,872.61,6.244534160550974,44.457596
1985-11-06,-1.263653955798054e-41,1157.5184418786923,1.321321571523227,1.1920928955078125e-07,1.1920929e-07,1.1920929e-07,0.0,10.272,9.905,5.95,13.86,211.46,929.26,12.467302459838361,8.299847
1985-11-07,-7.483406332388342e-42,1145.5352805658451,1.2259215257850256,1.1920928955078125e-07,1.1920929e-07,1.1920929e-07,0.0,10.176,9.035,0.77,17.3,335.52,647.22,9.384601305335321,4.8155546
1985-11-08,-3.135208548147786e-42,1135.7725412501425,1.2022891253261352,1.1920928955078125e-07,1.1920929e-07,1.1920929e-07,0.0,10.176,8.865,0.92,16.81,327.93,652.4,7.6314946459609425,3.336374
1985-11-09,1.9740944613931218e-44,1127.5632164239616,1.0777315717183311,1.1920928955078125e-07,1.1920929e-07,1.1920929e-07,0.0,10.176,7.285,-1.66,16.23,341.49,543.58,6.413469700542658,2.440648
1985-11-10,1.0981904851148007e-42,1120.394976942445,1.3059829774936982,1.1920928955078125e-07,1.1920929e-07,1.1920929e-07,0.0,10.08,10.525,1.32,19.73,336.56,665.58,5.510021648713104,2.0626352
1985-11-11,5.018512157518441e-43,1113.818251188112,1.6478382651081058,1.1920928955078125e-07,1.1920929e-07,1.1920929e-07,0.0,10.08,14.35,6.16,22.54,314.92,941.35,4.79352309525228,1.8407581
1985-11-12,-1.8310556398802936e-43,1107.6889617114632,1.7277584868269371,1.1920928955078125e-07,1.1920929e-07,1.1920929e-07,0.0,10.08,15.215,8.04,22.39,291.48,1082.85,4.209904592552908,1.668187
1985-11-13,-7.58501644218589e-43,1101.9552788206006,1.7625311387383744,1.1920928955078125e-07,1.1920929e-07,1.1920929e-07,0.0,9.996555,15.765,9.33,22.2,272.44,1186.76,3.7284542543532497,1.5531397
1985-11-14,-1.0379124034845517e-42,1096.565377840694,1.9388136753016862,1.1920928955078125e-07,1.1920929e-07,1.1920929e-07,0.0,9.984,17.45,10.72,24.18,274.06,1297.3,3.326195649548098,1.4627453
1985-11-15,-8.379290171722222e-43,1091.4789221297551,1.9635491384386992,1.1920928955078125e-07,1.1920929e-07,1.1920929e-07,0.0,9.984,17.74,11.56,23.92,258.05,1364.52,2.9864697398946234,1.3723509
1985-11-16,-3.9121729341436455e-43,1087.7818990790552,1.4395448948158005,1.1920928955078125e-07,1.1920929e-07,1.1920929e-07,0.0,9.984,12.7,5.91,19.49,282.18,927.57,2.7615293548799285,1.3066095
1985-11-17,-7.774304752397139e-45,1085.3439377141942,1.3044711990744156,1.1920928955078125e-07,1.1920929e-07,3.65,3.65,9.888002,11.315,6.37,16.26,173.27,956.88,2.6225462815750555,1.3230449
1985-11-18,2.1252789618346684e-43,1082.9261967216912,1.5405526561731766,1.1920928955078125e-07,1.1920929e-07,1.1920929e-07,0.0,9.888002,14.025,7.69,20.36,267.73,1055.35,2.4916249034227786,1.2162151
1985-11-19,1.8546023886959697e-43,1079.3181241965995,1.6762460892502293,1.1920928955078125e-07,1.1920929e-07,1.1920929e-07,0.0,9.888002,15.46,11.01,19.91,209.42,1320.92,2.3083010715913095,1.1751268
1985-11-20,1.0612907083257363e-43,1074.895980758136,1.8876946626333573,1.1920928955078125e-07,1.1920929e-07,1.1920929e-07,0.0,9.881208,17.51,11.7,23.32,247.36,1375.96,2.1019080162567,1.1422561
1985-11-21,6.181792198851325e-44,1072.5802753152598,1.5840742944582422,1.1920928955078125e-07,1.1920929e-07,3.07,3.07,9.792,14.795,9.24,20.35,188.39,1180.56,2.0012982728598803,1.1997799
1985-11-22,3.728016223932152e-44,1084.6342681614371,1.0152372688016296,1.1920928955078125e-07,1.1920929e-07,26.97,26.97,9.792,7.555,2.39,12.72,176.32,728.65,2.583419892529569,2.4077773
1985-11-23,2.2475994845875365e-44,1096.0477339097347,0.9152849873760287,1.1920928955078125e-07,1.1920929e-07,4.77,4.77,9.792,5.81,-0.09,11.71,189.88,606.15,3.289925391187789,2.194118
1985-11-24,1.3410544766923805e-44,1093.6920800667567,0.9928947816563667,1.1920928955078125e-07,1.1920929e-07,1.1920929e-07,0.0,9.792,7.085,-0.01,14.18,277.81,605.87,3.129800696481856,1.69284
1985-11-25,7.98165241758057e-45,1089.6143297238236,1.07907026648577,1.1920928955078125e-07,1.1920929e-07,1.1920929e-07,0.0,9.695997,8.58,1.87,15.29,269.14,701.49,2.870820014656114,1.5120513
1985-11-26,4.535168387252174e-45,1085.7060609305954,1.2320582038574364,1.1920928955078125e-07,1.1920929e-07,1.1920929e-07,0.0,9.695997,10.715,4.5,16.93,255.11,840.0,2.642739083497008,1.4134393
1985-11-27,2.6621179289365915e-45,1081.379899978251,1.5823793956667167,1.1920928955078125e-07,1.1920929e-07,0.3,0.3,9.695997,14.805,9.8,19.81,215.27,1223.78,2.4113401187322703,1.3641332
1985-11-28,1.4614361531310197e-45,1076.7258145667697,1.7765286950058585,1.1920928955078125e-07,1.1920929e-07,1.1920929e-07,0.0,9.695997,16.785,13.23,20.34,161.38,1526.63,2.184973226828785,1.3230449
1985-11-29,8.476946781326821e-46,1076.3192615854184,1.5733892718712459,1.1920928955078125e-07,1.1920929e-07,7.19,7.19,9.6892,14.8,9.89,19.71,158.18,1231.61,2.1662385966830326,1.2901742
1985-11-30,5.054351563193212e-46,1084.7227836647571,1.081864451951222,1.1920928955078125e-07,1.1920929e-07,16.35,16.35,9.600003,8.845,5.39,12.3,122.64,892.59,2.5882679968327014,2.1530297
1985-12-01,3.021047231527046e-46,1091.2575915435852,1.0223989167820713,1.1920928955078125e-07,1.1920929e-07,5.23,5.23,9.600003,7.875,5.67,10.08,81.26,908.15,2.972501799234125,2.4488657
1985-12-02,1.8187876027789962e-46,1090.9369218784443,0.8779700590526334,1.1920928955078125e-07,1.1920929e-07,2.13,2.13,9.600003,5.55,0.88,10.22,201.31,658.1,2.9523804839494447,1.9968939
1985-12-03,0.008088334999167087,1088.1926795314798,0.5700045888887137,1.1920928955078125e-07,1.1920929e-07,1.1920929e-07,0.0,9.600003,-0.78,-7.66,6.1,268.74,343.69,2.7856617589829287,1.7092754
1985-12-04,0.00908874379764202,1084.984442996648,0.5031140991585826,1.1920928955078125e-07,1.1920929e-07,1.1920929e-07,0.0,9.600003,-2.515,-9.0,3.97,257.86,307.05,2.602652668029438,1.5777926
1985-12-05,0.009025430532841544,1081.907396988394,0.6637440826112598,0.004714461702959672,1.1920929e-07,1.1920929e-07,0.0,9.593208,1.52,-3.2,6.24,204.99,480.93,2.438433134507328,1.5120513
1985-12-06,0.008488936467372348,1078.9084627205111,0.7085843604035534,0.004424515231251033,1.1920929e-07,1.1920929e-07,0.0,9.516553,2.64,-1.58,6.86,185.5,544.61,2.2883583165060934,1.470963
1985-12-07,0.0070106227852579,1076.017146881272,0.6356722983750628,0.0035441394128401227,1.1920929e-07,1.1920929e-07,0.0,9.503997,1.105,-4.06,6.27,220.29,440.0,2.152420769299015,1.3887862
1985-12-08,0.004338254067148449,1073.2390947594001,0.7251689469429826,0.0022161707764806944,1.1920929e-07,1.1920929e-07,0.0,9.503997,3.08,-3.77,9.93,259.7,464.18,2.0294213202487548,1.3394803
1985-12-09,0.0018056803118975985,1070.4548955104144,0.9358653938677711,0.0009109911379542298,1.1920929e-07,1.1920929e-07,0.0,9.503997,6.965,0.65,13.28,244.97,632.23,1.9132015166513263,1.2819566
1985-12-10,0.0001419177406681493,1067.6822860655204,0.9111458517252315,7.100922193841458e-05,1.1920929e-07,1.1920929e-07,0.0,9.503997,6.595,-1.91,15.1,280.86,534.98,1.8040801478206014,1.1751268
1985-12-11,-0.00020797251332966941,1064.9662134212588,0.9906695098367136,1.1920928955078125e-07,1.1920929e-07,1.1920929e-07,0.0,9.503997,7.92,-0.85,16.69,281.02,580.84,1.7032210410289241,1.1340384
1985-12-12,-0.00012581026143472073,1062.1379447740294,1.2258461818629063,1.1920928955078125e-07,1.1920929e-07,1.1920929e-07,0.0,9.503997,11.3,5.75,16.85,220.41,920.07,1.6041837864277062,1.1258208
1985-12-13,-7.601116546761676e-05,1064.6586762723327,1.115309800359899,1.1920928955078125e-07,1.1920929e-07,11.47,11.47,9.503997,9.77,4.17,15.37,167.7,821.71,1.6921623100226255,1.3887862
1985-12-14,-0.000515250074052491,1068.735725560289,0.6348431811749129,1.1920928955078125e-07,1.7803907e-06,2.0599983,2.06,9.503997,1.185,-5.09,7.46,252.01,419.87,1.844787240861716,1.4052216
1985-12-15,0.4362525689664235,1066.768014138082,0.4721515267254255,1.1920928955078125e-07,1.1920929e-07,1.1920929e-07,0.0,9.503997,-3.03,-9.99,3.93,272.94,284.32,1.7694795749771286,1.1915622
1985-12-16,0.4360737736985781,1064.52474867833,0.5605434691492012,1.1920928955078125e-07,1.1920929e-07,1.1920929e-07,0.0,9.497203,-0.55,-6.48,5.38,248.13,369.19,1.6873688769770034,1.1504738
1985-12-17,0.28996373869235936,1062.4119562626363,0.6621410868220748,0.27483442370223593,1.1920929e-07,1.1920929e-07,0.0,9.467175,1.945,-4.02,7.91,247.48,454.54,1.6135213641565382,1.1340384
1985-12-18,0.10523264233987256,1060.3526255289055,0.6353287300196233,0.07793588441782354,1.1920929e-07,1.1920929e-07,0.0,9.420558,1.44,-4.66,7.54,251.02,431.53,1.5446539282757645,1.1176032
1985-12-19,0.09422117137053104,1058.3379243986776,0.4122601615434505,1.1920928955078125e-07,1.1920929e-07,1.1920929e-07,0.0,9.420558,-4.69,-10.95,1.57,257.12,264.73,1.4801243672886202,1.0682971
1985-12-20,0.0941493089300396,1056.4785224872055,0.403733199263788,1.1920928955078125e-07,1.1920929e-07,1.1920929e-07,0.0,9.420558,-4.955,-10.29,0.38,233.55,274.77,1.4229636363670985,1.0600795
1985-12-21,0.4047014838727317,1054.7001133211722,0.3610923916879538,1.1920928955078125e-07,0.62,1.1920929e-07,0.62,9.420558,-6.465,-10.13,-2.8,179.63,284.59,1.3703592557893953,1.0600795
1985-12-22,0.7158429529186335,1053.0087696007017,0.3412932303394592,1.1920928955078125e-07,1.1920929e-07,1.1920929e-07,0.0,9.420558,-7.21,-13.85,-0.57,275.0,208.04,1.3221355330649112,0.93681437
1985-12-23,0.7152230481406967,1051.2796786562462,0.5577566203166049,1.1920928955078125e-07,1.1920929e-07,1.1920929e-07,0.0,9.420558,-0.325,-6.79,6.14,266.89,361.74,1.2745893490897282,0.9039437
1985-12-24,0.3182624044709843,1049.747347685933,0.7629698206698373,0.3055876448728074,1.1920929e-07,1.1920929e-07,0.0,9.467175,4.225,-1.72,10.17,244.19,538.0,1.2338846552234748,0.8628554
1985-12-25,0.21856843055365135,1048.4368888172517,0.5478427456094792,1.1920928955078125e-07,0.9531149,0.01688511,0.97,9.467175,-0.615,-8.85,7.62,278.9,314.22,1.2001065758031155,0.82176703
1985-12-26,0.7023759413018202,1046.8860523403464,0.2677781585708289,1.1920928955078125e-07,1.1920929e-07,1.1920929e-07,0.0,9.497203,-10.48,-15.83,-5.13,240.46,183.89,1.1613252368286797,0.772461
1985-12-27,0.7023667966628357,1045.4176284125258,0.39481247516406326,1.1920928955078125e-07,1.1920929e-07,1.1920929e-07,0.0,9.503997,-5.24,-10.88,0.4,246.83,270.67,1.1257605225009295,0.7395903
1985-12-28,0.706790794708196,1043.81536362738,0.5894851709771027,1.1920928955078125e-07,1.1920929e-07,1.1920929e-07,0.0,9.503997,0.45,-4.77,5.67,227.43,429.7,1.0881956382732738,0.82176703
1985-12-29,0.6719756729331469,1042.2039909483644,0.5361380048359944,1.1920928955078125e-07,1.1920929e-07,1.1920929e-07,0.0,9.503997,-0.895,-7.54,5.75,265.29,344.36,1.0516813302319796,0.92859674
1985-12-30,0.67189635817468,1040.6271817831962,0.5483517890816882,1.1920928955078125e-07,1.1920929e-07,1.1920929e-07,0.0,9.503997,-0.55,-7.11,6.01,261.84,354.2,1.0171366261844532,0.93681437
1985-12-31,0.6720555529327679,1039.072957847271,0.5590660863181671,1.1920928955078125e-07,1.1920929e-07,1.1920929e-07,0.0,9.503997,-0.25,-6.18,5.68,244.82,386.89,0.9841973260103078,0.895726
1986-01-01,0.5718318666949933,1039.4436098785654,0.6155415277830875,0.5605970804467179,4.8950315e-06,3.6499953,3.65,9.503997,1.14,-3.36,5.64,134.8,474.75,0.991954524399767,0.92037904
1986-01-02,0.2829869183987737,1039.9018850807524,0.6011893211119217,0.17205876220682964,1.1920929e-07,1.1920929e-07,0.0,9.503997,0.79,-7.55,9.13,272.11,346.74,1.0016301278480728,0.871073
1986-01-03,0.12222400505384279,1038.408481530043,0.7428678022361535,0.09441285139450127,1.1920929e-07,1.1920929e-07,0.0,9.503997,3.93,-3.21,11.07,249.17,477.57,0.9704423612636675,0.82176703
1986-01-04,0.05912076424371658,1036.7673152767163,0.7325582867308315,0.03805261799183213,1.1920929e-07,1.1920929e-07,0.0,9.503997,3.745,-2.85,10.34,239.29,499.01,0.9372875793624764,0.80533165
1986-01-05,0.04040460135069181,1035.203261090568,0.5958103744539115,1.1920928955078125e-07,1.1920929e-07,1.1920929e-07,0.0,9.563178,0.635,-3.6,4.87,173.8,467.63,0.9067453190823371,0.7560257
1986-01-06,0.05566208362949343,1033.7200333341273,0.5629750346650235,1.1920928955078125e-07,1.1920929e-07,1.1920929e-07,0.0,9.600003,-0.22,-5.64,5.2,213.79,408.58,0.878701352566508,0.71493727
1986-01-07,0.05602211347406942,1032.2931496818615,0.5832049162509692,1.1920928955078125e-07,1.1920929e-07,1.1920929e-07,0.0,9.600003,0.31,-4.89,5.51,205.97,431.92,0.8525415807894902,0.6902843
1986-01-08,0.05605593739714973,1030.984060509559,0.36701097290066464,1.1920928955078125e-07,1.1920929e-07,1.1920929e-07,0.0,9.600003,-6.19,-13.52,1.14,265.58,221.13,0.8292269755599063,0.6409783
1986-01-09,0.056055933545112846,1029.7688613246837,0.44744859748485566,1.1920928955078125e-07,1.1920929e-07,1.1920929e-07,0.0,9.600003,-3.43,-12.66,5.8,293.89,230.97,0.8081555424500192,0.69850194
1986-01-10,0.04661775990291704,1028.4332430457243,0.6409399768127848,0.028644433099329986,1.1920929e-07,1.1920929e-07,0.0,9.600003,1.74,-7.28,10.76,289.22,360.0,0.7856131956937792,0.9614674
1986-01-11,0.02485830629677472,1027.0094402749296,0.6999679229246205,0.013966085393648745,1.1920929e-07,1.1920929e-07,0.0,9.6125555,3.04,-4.95,11.03,275.02,423.97,0.762274488471736,0.797114
1986-01-12,0.01378844943985407,1025.5443360706395,0.7527557611094353,0.0073687764495320544,1.1920929e-07,1.1920929e-07,0.0,9.695997,4.015,-4.53,12.56,285.19,433.66,0.7389823642451399,0.7642433
1986-01-13,0.009680805912865471,1024.1044969819613,0.7198712829662053,0.005074515155060087,1.1920929e-07,1.1920929e-07,0.0,9.695997,3.37,-5.8,12.54,294.91,406.02,0.7167854378923143,0.7642433
1986-01-14,0.00894741802054861,1022.800781784177,0.46827918511263267,1.1920928955078125e-07,1.1920929e-07,1.1920929e-07,0.0,9.695997,-2.835,-8.92,3.25,243.81,308.45,0.6972627428313226,0.6902843
1986-01-15,0.008001983425373803,1021.6346749467765,0.490458117706271,1.1920928955078125e-07,1.1920929e-07,1.1920929e-07,0.0,9.695997,-2.165,-7.99,3.66,237.8,338.08,0.6802516257948908,0.7642433
1986-01-16,0.005453465114381035,1020.4131665487124,0.6168548555261826,0.002750302391959352,1.1920929e-07,1.1920929e-07,0.0,9.708552,1.13,-7.34,9.6,293.02,359.17,0.6628772050559805,0.72315496
1986-01-17,0.003234352830651793,1018.7958609180101,0.7912982512057061,0.001643326731286379,1.1920929e-07,1.1920929e-07,0.0,9.792,4.715,-4.0,13.43,294.77,440.18,0.6405539177393847,0.7395903
1986-01-18,0.001783336585170085,1016.244108594533,0.9733636028918284,0.0008996188053184147,1.1920929e-07,1.1920929e-07,0.0,9.792,7.91,0.83,14.99,265.08,638.74,0.6068515142738411,0.7395903
1986-01-19,0.0010084153244797735,1018.2177894387492,1.050231958735709,0.0005067498943632075,1.1920929e-07,7.45,7.45,9.792,9.06,2.81,15.31,183.3,755.23,0.6327586404057532,0.82998466
1986-01-20,0.000595075521678519,1025.9152459106022,0.7443569337013697,0.00029842304541807644,1.1920929e-07,9.21,9.21,9.792,3.695,-1.35,8.74,161.66,557.47,0.7448109065061547,1.0682971
1986-01-21,0.0003552248246801276,1029.2981493368006,0.7206572570297624,0.00017792787369851654,1.1920929e-07,1.1920929e-07,0.0,9.888002,3.02,-4.11,10.15,276.41,451.3,0.8001380708543672,0.83820236
1986-01-22,0.00021068131485307425,1027.6645382818676,0.9142227309330112,0.00010545162392656245,1.1920929e-07,1.1920929e-07,0.0,9.888002,6.625,-2.91,16.16,314.1,487.69,0.7729253480006776,0.7888963
1986-01-23,0.0001210388134896868,1026.0104249327762,0.8451699742614419,6.055603272629933e-05,1.1920929e-07,1.1920929e-07,0.0,9.888002,5.455,-2.93,13.84,301.88,496.26,0.7463139638049456,0.772461
1986-01-24,0.00015454010562578703,1024.5724683464116,0.5806732925675127,1.1920928955078125e-07,1.1920929e-07,1.1920929e-07,0.0,9.900558,-0.09,-7.54,7.36,292.37,344.3,0.723925682054955,0.7395903
1986-01-25,-2.678135983989326e-05,1023.2891252451255,0.5654644743157314,1.1920928955078125e-07,1.1920929e-07,1.1920929e-07,0.0,9.984,-0.575,-5.07,3.92,206.84,434.58,0.7045124473353378,0.7395903
1986-01-26,0.6818806544661736,1022.8474956860999,0.5781310624724382,1.1920928955078125e-07,1.8613166,1.2686836,3.13,9.984,-0.25,-3.06,2.56,108.24,481.09,0.6979529952021613,0.73137265
1986-01-27,3.564649686265805,1021.7408748113389,0.40039008224877004,1.1920928955078125e-07,2.4,1.1920929e-07,2.4,9.984,-5.41,-11.31,0.49,261.45,260.54,0.6817835332496003,0.5423662
1986-01-28,4.730730579322225,1020.7652006051566,0.23919187949028972,1.1920928955078125e-07,1.1920929e-07,1.1920929e-07,0.0,10.08,-12.4,-17.36,-7.44,261.06,154.62,0.6678384235809277,0.47662488
1986-01-29,4.54991085394472,1019.8175246455236,0.35016561179024475,1.1920928955078125e-07,1.1920929e-07,1.1920929e-07,0.0,10.08,-7.345,-12.82,-1.87,280.96,230.61,0.6545666119962238,0.4930602
1986-01-30,5.53200160554749,1018.7708646648475,0.47366483812522425,1.1920928955078125e-07,2.3,1.1920929e-07,2.3,10.08,-3.165,-6.75,0.42,161.6,367.84,0.6402148659273803,0.5752369
1986-01-31,6.3449017533999506,1017.6350062910445,0.5789789751074935,1.1920928955078125e-07,1.1920929e-07,1.1920929e-07,0.0,10.169206,-0.42,-6.24,5.4,293.0,386.33,0.6249958514623479,0.6574136
1986-02-01,3.615923841404827,1019.109032840238,0.766870700479931,3.6159238414048263,1.1920929e-07,1.1920929e-07,0.0,10.176,3.665,-3.0,10.33,321.38,491.0,0.6448170631659735,0.70671964
1986-02-02,1.3215353805761572,1019.8645778757998,1.0157955838575774,1.321532972208596,1.1920929e-07,1.1920929e-07,0.0,10.176,7.92,0.99,14.85,315.87,640.0,0.6552193068016738,0.7642433
1986-02-03,0.48133027156817715,1019.0349902346234,1.1973646546127434,0.4774528795868138,1.1920929e-07,0.34,0.34,10.235178,10.41,5.81,15.01,216.35,916.03,0.6438065822124077,0.7888963
1986-02-04,0.1831939066115981,1022.2094291740365,0.9397518381562107,0.1579117850449075,1.1920929e-07,9.0,9.0,10.272,6.545,2.9,10.19,137.63,752.4,0.6885836096118043,0.97790277
1986-02-05,0.08075323325800379,1025.3357881751765,1.1280387416352362,0.055847596441106144,1.1920929e-07,1.1920929e-07,0.0,10.272,9.32,4.12,14.52,247.32,809.76,0.7357252614685568,0.8792907
1986-02-06,0.041070149398962585,1024.810808835304,1.1024319948338601,0.02469367670463521,1.1920929e-07,3.12,3.12,10.331169,8.88,2.35,15.41,253.83,723.1,0.7275895425597106,0.8546377
1986-02-07,0.022103611993725847,1032.7799508068144,0.8267398342667698,0.012268281408209654,1.1920929e-07,14.85,14.85,10.367997,4.31,-0.44,9.06,179.81,586.38,0.8613776377222785,1.594228
1986-02-08,0.012480454772446288,1037.6091183277765,0.7746836977440168,0.006629127098037471,1.1920929e-07,1.1920929e-07,0.0,10.367997,3.27,-1.13,7.67,233.0,563.58,0.9541496676225266,1.4052216
1986-02-09,0.007239942472183635,1035.7217988366551,0.8234809813865317,0.0037509559436334217,1.1920929e-07,1.1920929e-07,0.0,10.457203,4.08,-0.58,8.74,249.99,583.55,0.9167592199990504,1.1997799
1986-02-10,0.004251253862037306,1034.1587932996558,0.8213983263984805,0.002170803025765965,1.1920929e-07,0.37,0.37,10.463997,4.055,1.37,6.74,154.4,675.8,0.8869055920242537,1.1011678
1986-02-11,0.011930929622668214,1037.939937798357,0.6356476322310644,1.1920928955078125e-07,0.11930019,9.8807,10.0,10.463997,0.23,-2.97,3.43,146.61,493.64,0.9608590178831149,1.3394803
1986-02-12,4.050849105716512,1037.408634545319,0.4620516408191966,1.1920928955078125e-07,1.1920929e-07,1.1920929e-07,0.0,10.56,-4.415,-8.78,-0.05,267.04,315.42,0.9501064753787966,1.2326505
1986-02-13,4.051251387738289,1036.0467002263524,0.40170729118976745,1.1920928955078125e-07,1.1920929e-07,1.1920929e-07,0.0,10.56,-6.325,-11.18,-1.47,294.26,262.13,0.9230899312163475,1.0518618
1986-02-14,4.048993594302981,1034.7506886091276,0.38208632513858076,1.1920928955078125e-07,1.1920929e-07,1.1920929e-07,0.0,10.56,-6.99,-11.35,-2.63,275.78,262.43,0.8980947639871993,0.9861204
1986-02-15,10.21260527160466,1033.4398586975333,0.4885670830578052,1.1920928955078125e-07,12.32,1.1920929e-07,12.32,10.655997,-3.71,-7.37,-0.05,203.36,345.59,0.873502200371529,0.94503206
1986-02-16,16.33068690572137,1032.19785005324,0.6729882522396873,0.6112314902622131,1.1920929e-07,1.1920929e-07,0.0,10.655997,0.875,-6.79,8.54,430.33,367.13,0.8508224102740269,0.9861204
1986-02-17,7.7721991347829125,1038.6815934810932,0.9338771190889277,7.7721991347829125,1.1920929e-07,1.1920929e-07,0.0,10.668552,5.63,-1.0,12.26,403.14,563.07,0.9760724811752709,1.1011678
1986-02-18,2.843917651821437,1043.9423436420384,1.2857132540974088,2.8439176518201696,1.1920929e-07,4.5,4.5,10.752,10.375,5.57,15.18,245.71,918.01,1.0911263759553695,1.470963
1986-02-19,1.0384623694459956,1045.5283156451837,1.3127753336100152,1.0384302777569576,1.1920929e-07,1.1920929e-07,0.0,10.752,10.68,4.67,16.69,369.79,860.99,1.1284029505466735,1.4545276
1986-02-20,0.3785128865552304,1043.9775605965442,1.2032885561170792,0.3701092103002791,1.1920929e-07,0.26,0.26,10.848,9.195,3.19,15.2,351.84,776.14,1.0919405912680995,1.3476979
1986-02-21,0.14822664039970881,1042.0287770083567,1.2707951782620837,0.12079206279873467,1.1920929e-07,1.1920929e-07,0.0,10.848,10.08,4.63,15.53,336.35,850.45,1.0477855216443457,1.2408682
1986-02-22,0.06782715260827599,1039.9390630107753,1.079076544502964,0.044993332332480526,1.1920929e-07,1.1920929e-07,0.0,10.848,7.565,0.74,14.39,386.33,643.48,1.0024191951019288,1.1997799
1986-02-23,0.034783100151843,1041.1238947500963,0.7897981521113525,0.02038607947504469,1.1920929e-07,6.16,6.16,10.944003,2.705,-1.08,6.49,208.19,569.61,1.027894385441017,1.3066095
1986-02-24,0.01801483480639922,1041.3421490307376,0.7950544693149452,0.009816565965003488,1.1920929e-07,1.1920929e-07,0.0,10.944003,2.8,-2.19,7.79,341.74,524.11,1.032657224701864,1.1751268
1986-02-25,0.15745136889749822,1040.3816105050187,0.6423835146250364,1.1920928955078125e-07,1.5020851,0.17791483,1.68,11.039997,-0.425,-3.74,2.89,243.78,465.33,1.011859733152283,1.1586915
1986-02-26,0.9522654898083629,1038.8030072461377,0.5620431596467599,1.1920928955078125e-07,1.1920929e-07,1.1920929e-07,0.0,11.039997,-2.31,-6.63,2.01,321.64,375.56,0.9785858659346247,1.0765148
1986-02-27,2.4483036256520045,1037.2580658569648,0.6080357133859993,1.1920928955078125e-07,2.8798018,0.0001982689,2.88,11.039997,-1.17,-5.28,2.94,246.08,424.73,0.9470811992193153,1.0929501
1986-02-28,3.7023325835520846,1035.814706689628,0.678825764436,1.1920928955078125e-07,1.1920929e-07,1.1920929e-07,0.0,11.136005,0.31,-3.96,4.58,328.25,456.44,0.9185650860408259,1.0600795
1986-03-01,3.7104192801474856,1034.2723984874456,0.5797921736897487,1.1920928955078125e-07,1.1920929e-07,1.1920929e-07,0.0,11.136005,-1.93,-7.91,4.05,405.16,338.98,0.8890423169138382,0.9861204
1986-03-02,3.7092196481149786,1032.7796071828363,0.6681927302933262,1.1920928955078125e-07,1.1920929e-07,1.1920929e-07,0.0,11.232,0.0,-5.92,5.92,404.53,397.37,0.8613713683234169,0.9614674
1986-03-03,2.0233132622506615,1032.8729739185555,0.8027992020219973,2.0233132589475344,1.1920929e-07,1.1920929e-07,0.0,11.232,2.68,-2.47,7.83,374.8,506.76,0.8630765181275336,0.94503206
1986-03-04,0.7380613615449182,1032.4636569133604,0.8418488764435643,0.7376016746446382,1.1920929e-07,1.1920929e-07,0.0,11.232,3.39,-0.71,7.49,324.52,579.17,0.8556261411504733,0.93681437
1986-03-05,0.27155679567222113,1031.2635898043866,0.8015877300276714,0.25470372224529114,1.1920929e-07,1.1920929e-07,0.0,11.328006,2.555,-2.52,7.63,377.98,507.55,0.8341511960344025,0.91216135
1986-03-06,0.11083297295104917,1029.8016441750847,0.8007225757008338,0.08332617864693478,1.1920929e-07,1.1920929e-07,0.0,11.328006,2.56,-3.38,8.5,409.8,471.39,0.8087169042887802,0.8875084
1986-03-07,0.05473527852319472,1028.2842314369223,0.7448455186932882,0.03463080071863768,1.1920929e-07,1.1920929e-07,0.0,11.424,1.395,-3.74,6.53,380.95,462.76,0.7831375179588531,0.871073
1986-03-08,0.04987091354050044,1026.906799821855,0.5361200463433828,1.1920928955078125e-07,1.1920929e-07,1.1920929e-07,0.0,11.424,-3.295,-12.11,5.52,479.48,244.05,0.7606190678160953,0.81354934
1986-03-09,0.04525152453032359,1025.4174999817722,0.8829507122144359,0.027659410143341858,1.1920929e-07,1.1920929e-07,0.0,11.520002,3.825,-6.09,13.74,483.36,392.25,0.7369997231731797,0.84642
1986-03-10,0.03158386380974553,1023.558642823974,1.454579921543969,0.018265256792818617,1.1920929e-07,1.1920929e-07,0.0,11.520002,11.55,3.81,19.29,440.39,800.93,0.7085458020079782,0.82998466
1986-03-11,0.017526700966132666,1021.976278423201,1.7681087723823334,0.009529353729008228,1.1920929e-07,2.01,2.01,11.520002,14.725,10.33,19.12,316.0,1266.24,0.6851914833800726,0.84642
1986-03-12,0.009273092528426275,1020.8214078070469,1.3116160691119063,0.004851367960786395,1.1920929e-07,1.1920929e-07,0.0,11.615997,9.825,3.4,16.25,413.16,779.38,0.6686339824875752,0.81354934
1986-03-13,0.005001079890296314,1021.2793785986128,1.100578153202599,0.0025630539164937416,1.1920929e-07,4.25,4.25,11.615997,7.095,3.65,10.54,201.25,789.88,0.6751515383721427,0.8628554
1986-03-14,0.0019170811907531045,1028.6708911572625,1.2269700793313922,0.000967728314718884,1.1920929e-07,13.65,13.65,11.712,8.535,5.66,11.41,173.59,920.0,0.7895776833532218,1.3723509
1986-03-15,0.000582356724701057,1045.0687394527097,1.4234940464951773,0.0002920262083413917,1.1920929e-07,24.09,24.09,11.712,10.615,5.79,15.44,264.69,915.36,1.117471945734269,3.0241027
1986-03-16,0.0003491246381381457,1052.4273553232254,1.3660082362423767,0.00017486703879194664,1.1920929e-07,1.1920929e-07,0.0,11.712,9.855,2.15,17.56,456.13,710.04,1.305953217637004,1.7257107
1986-03-17,0.00021002186075360214,1049.9591968794857,1.2626278208609836,0.00010512120329125335,1.1920929e-07,1.1920929e-07,0.0,11.808002,8.535,0.43,16.64,466.69,628.44,1.2394338064059058,1.4298745
1986-03-18,0.00011784713742883242,1047.5405248531151,1.2028803114478834,5.895828857989841e-05,1.1920929e-07,1.1920929e-07,0.0,11.808002,7.82,-0.22,15.86,469.06,600.34,1.1775362211277323,1.2737389
1986-03-19,9.144174348185783e-06,1045.315853282581,1.5903095044197495,4.572296213904021e-06,1.1920929e-07,0.07,0.07,11.903997,12.115,6.04,18.19,406.81,928.27,1.1233363133664198,1.2162151
1986-03-20,-0.0001119089848322379,1043.243215531157,1.4612942596736278,1.1920928955078125e-07,1.1920929e-07,1.1920929e-07,0.0,11.903997,10.8,4.04,17.56,433.8,821.46,1.0750876222635866,1.1586915
1986-03-21,-0.0002303874264855366,1041.2682273050996,0.7277620091553866,1.1920928955078125e-07,1.1920929e-07,1.1920929e-07,0.0,12.000009,0.16,-6.4,6.72,445.52,384.34,1.0310416064254768,1.0600795
1986-03-22,-0.00033136623698480855,1039.3365043106648,0.6746093470765552,1.1920928955078125e-07,1.1920929e-07,1.1920929e-07,0.0,12.000009,-0.905,-8.59,6.78,479.7,318.12,0.9897067034957108,1.0025557
1986-03-23,-0.0003999205027031517,1037.393662254109,0.9107190388826081,1.1920928955078125e-07,1.1920929e-07,1.1920929e-07,0.0,12.000009,3.505,-6.71,13.72,516.64,360.0,0.949805214937257,0.97790277
1986-03-24,-0.0004211253100136642,1035.3853168416883,1.386625556940609,1.1920928955078125e-07,1.1920929e-07,1.1920929e-07,0.0,12.096003,9.84,0.86,18.82,490.42,642.55,0.910248622681848,0.95324975
1986-03-25,-0.0003800557452894439,1033.2570837796588,1.4032801783054667,1.1920928955078125e-07,1.1920929e-07,1.1920929e-07,0.0,12.096003,10.06,0.13,19.99,505.64,591.38,0.8701270693461574,0.91216135
1986-03-26,-0.00025886121938458953,1030.9570154296148,1.5583614260884393,1.1920928955078125e-07,1.1920929e-07,1.1920929e-07,0.0,12.191998,11.63,1.57,21.69,505.21,601.74,0.8287520913470637,0.895726
1986-03-27,4.065384615097663e-05,1028.5366319312927,1.6881787220792321,2.0331054913448574e-05,1.1920929e-07,1.1920929e-07,0.0,12.191998,12.95,5.43,20.47,446.17,827.71,0.7873354951647875,0.895726
1986-03-28,0.00048781646981620966,1026.0422472138084,1.3221185541072067,0.00024450314599893216,1.1920929e-07,1.1920929e-07,0.0,12.288,8.99,-1.61,19.59,516.3,477.97,0.7468171742813698,0.8628554
1986-03-29,0.0009834164489494848,1023.4803029483448,1.5128943401066328,0.0004941259747697228,1.1920929e-07,1.1920929e-07,0.0,12.288,11.15,-0.31,22.61,523.08,513.4,0.7073710641510101,0.84642
1986-03-30,0.0014282435808891767,1020.857240806085,1.8535975334002184,0.0007192214030724574,1.1920929e-07,1.1920929e-07,0.0,12.288,14.46,2.64,26.28,520.19,613.99,0.6691416587440184,0.83820236
1986-03-31,0.001723087662973659,1018.1795024582117,2.1853262216955645,0.0008689662255791444,1.1920929e-07,1.1920929e-07,0.0,12.383997,17.09,5.85,28.33,507.97,766.14,0.632245703978951,0.82176703
1986-04-01,0.0017687384925413096,1015.4535295759081,2.3136677857307024,0.0008921901320163829,1.1920929e-07,1.1920929e-07,0.0,12.383997,18.09,7.57,28.61,493.46,868.89,0.5967741488648829,0.797114
1986-04-02,0.0014659858669305035,1012.6857638303571,2.312823466456761,0.0007383656236496404,1.1920929e-07,1.1920929e-07,0.0,12.479998,18.0,9.17,26.83,455.23,998.68,0.5627942733911347,0.797114
1986-04-03,0.000849272938621012,1009.693160646256,2.0837618248069796,0.0004264396197833,1.1920929e-07,1.1920929e-07,0.0,12.479998,16.31,8.55,24.07,423.49,1003.24,0.5282275955265914,0.7888963
1986-04-04,0.000310059989379898,1006.3908702779377,2.16504279076462,0.00015527033748993568,1.1920929e-07,1.1920929e-07,0.0,12.479998,17.0,10.15,23.85,387.09,1158.81,0.49254251993889386,0.7642433
1986-04-05,-1.9449975755072386e-05,1003.6957782661373,2.2886887917591974,1.1920928955078125e-07,1.1920929e-07,1.1920929e-07,0.0,12.576003,17.845,10.13,25.56,418.49,1108.61,0.46521307501489106,0.772461
1986-04-06,-5.693162135835886e-05,1002.4716738513667,2.2594521057472323,1.1920928955078125e-07,1.1920929e-07,3.29,3.29,12.576003,17.65,10.34,24.96,310.27,1235.53,0.45330606342309326,0.7642433
1986-04-07,-2.5694774758457755e-05,1002.0512592257892,2.237964775111779,1.1920928955078125e-07,1.1920929e-07,5.26,5.26,12.672003,17.37,10.22,24.52,296.98,1250.29,0.4492873453929543,0.7560257
1986-04-08,-3.7488602237038522e-06,1001.4968564102602,2.050352390536804,1.1920928955078125e-07,1.1920929e-07,1.1920929e-07,0.0,12.672003,15.925,7.14,24.71,463.7,892.9,0.44404225961828253,0.72315496
1986-04-09,3.156427118874732e-06,1000.0532529402003,1.6156309274102005,1.5782384670177558e-06,1.1920929e-07,1.1920929e-07,0.0,12.767997,11.955,3.7,20.21,456.11,733.71,0.43067015385744933,0.71493727
1986-04-10,1.4622587993777702e-06,998.0988601248021,1.0907493545899687,7.311347451908758e-07,1.1920929e-07,1.1920929e-07,0.0,12.767997,5.865,1.13,10.6,307.76,668.09,0.413205943203358,0.69850194
1986-04-11,-8.949794178622508e-08,996.2647683568431,1.2722898837993835,1.1920928955078125e-07,1.1920929e-07,1.1920929e-07,0.0,12.767997,8.255,1.62,14.89,401.54,681.67,0.39746141807041485,0.6902843
1986-04-12,-1.0882391021598129e-06,994.4242951096816,1.6170971419160074,1.1920928955078125e-07,1.1920929e-07,1.1920929e-07,0.0,12.863992,11.94,3.62,20.26,458.62,719.71,0.38226513862169703,0.6820666
1986-04-13,-1.1234971107659889e-06,992.4507898421384,1.7123440643556167,1.1920928955078125e-07,1.1920929e-07,1.1920929e-07,0.0,12.863992,12.89,3.76,22.02,477.8,710.24,0.3666153666248144,0.6738489
1986-04-14,-6.583066826727495e-07,990.3992731381628,1.693432773754299,1.1920928955078125e-07,1.1920929e-07,1.1920929e-07,0.0,12.959997,12.625,4.61,20.64,440.86,782.24,0.3510257838101749,0.6656313
1986-04-15,-3.8303100016957704e-07,988.3974402897214,1.833866737215568,1.1920928955078125e-07,1.1920929e-07,1.1920929e-07,0.0,12.959997,13.945,7.79,20.1,362.33,1036.59,0.3364530012920747,0.70671964
1986-04-16,-2.3034332991476916e-07,994.7201789001922,1.5164495930436024,1.1920928955078125e-07,1.1920929e-07,14.58,14.58,12.959997,10.795,4.05,17.54,297.16,819.4,0.38466838282874166,1.0025557
1986-04-17,-1.3865668236946837e-07,999.4407496522158,1.0845421885130786,1.1920928955078125e-07,1.1920929e-07,1.1920929e-07,0.0,13.0560055,5.42,2.1,8.74,222.71,710.73,0.4251189202731593,0.7560257
1986-04-18,-8.342396697665316e-08,997.7746320287687,1.4478283202662052,1.1920928955078125e-07,1.1920929e-07,1.1920929e-07,0.0,13.0560055,9.9,2.99,16.81,411.34,756.06,0.41037795743892524,0.70671964
1986-04-19,-4.601834391711642e-08,995.8442731689653,1.7457895420155356,1.1920928955078125e-07,1.1920929e-07,1.1920929e-07,0.0,13.152002,12.79,2.51,23.07,515.54,648.71,0.3939371102879345,0.6738489
1986-04-20,1.1763569599422476e-08,994.2333547586569,2.041355673721002,1.1920928955078125e-07,1.1920929e-07,1.1920929e-07,0.0,13.152002,15.36,6.19,24.53,482.13,827.66,0.3807222487967884,0.6574136
1986-04-21,8.329588836083323e-08,992.9092941757208,1.9756176505659995,1.1920928955078125e-07,1.1920929e-07,6.35,6.35,13.152002,14.845,9.62,20.07,239.01,1209.79,0.370193158760159,0.71493727
1986-04-22,1.5140331392144433e-07,991.6949024319572,1.464820817151892,1.1920928955078125e-07,1.1920929e-07,1.1920929e-07,0.0,13.248,9.95,4.32,15.58,356.4,834.96,0.3607923747392714,0.69850194
1986-04-23,1.9891054783558426e-07,990.4129905391662,1.0669891700491485,1.1920928955078125e-07,1.1920929e-07,1.1920929e-07,0.0,13.248,5.09,-1.1,11.28,395.54,566.82,0.3511277894943978,0.62454295
1986-04-24,2.086422916575815e-07,988.8863695091482,1.3582479865952832,1.1920928955078125e-07,1.1920929e-07,1.1920929e-07,0.0,13.331445,8.715,-0.3,17.73,503.62,538.44,0.33995544824568436,0.60810757
1986-04-25,1.6342324694176462e-07,986.9378503537033,1.9058193596337818,1.1920928955078125e-07,1.1920929e-07,1.1920929e-07,0.0,13.343997,14.12,3.4,24.84,537.62,637.79,0.3262104134682539,0.59988993
1986-04-26,4.139329866127664e-08,984.6185514753312,2.420197863770031,1.1920928955078125e-07,1.1920929e-07,4.75,4.75,13.343997,18.11,9.07,27.15,360.52,1097.92,0.31057241506250133,0.6327606
1986-04-27,-1.3923380052803526e-07,982.1454612613077,2.6136159755685937,1.1920928955078125e-07,1.1920929e-07,1.1920929e-07,0.0,13.439992,19.33,9.19,29.47,514.87,942.7,0.29472245786968665,0.62454295
1986-04-28,-3.328486904259459e-07,979.5548371926761,2.697122399521452,1.1920928955078125e-07,1.1920929e-07,1.1920929e-07,0.0,13.439992,19.91,10.72,29.1,491.68,1058.56,0.2789859949111811,0.58345455
1986-04-29,-4.938286995868206e-07,976.8827584626493,2.577485001916426,1.1920928955078125e-07,1.1920929e-07,1.1920929e-07,0.0,13.439992,19.185,11.75,26.62,437.43,1207.18,0.2636345243556019,0.5670192
1986-04-30,-5.765511565650254e-07,974.1653042644398,2.249949752728753,1.1920928955078125e-07,1.1920929e-07,1.1920929e-07,0.0,13.536,16.83,6.92,26.74,524.98,803.99,0.24888845979130733,0.5341486
1986-05-01,-5.353933899149256e-07,971.4385537912603,2.503293474079478,1.1920928955078125e-07,1.1920929e-07,1.1920929e-07,0.0,13.536,18.665,9.39,27.94,507.07,945.65,0.23492093580440437,0.5259309
1986-05-02,-3.2846268016852467e-07,968.713849917669,2.326752312707423,1.1920928955078125e-07,1.1920929e-07,1.1920929e-07,0.0,13.542794,17.475,9.41,25.54,472.87,995.46,0.22174687624555936,0.50949556
1986-05-03,1.1021066083400933e-08,965.8918107369284,1.5754693015974552,1.1920928955078125e-07,1.1920929e-07,1.1920929e-07,0.0,13.632003,11.065,2.98,19.15,487.09,665.77,0.2088805121765318,0.48484254
1986-05-04,3.8540224792511196e-07,963.1216716061382,1.388301428107123,1.9270149529978775e-07,1.1920929e-07,1.1920929e-07,0.0,13.632003,9.12,-1.46,19.7,556.07,450.07,0.19697710890610687,0.4930602
1986-05-05,6.955165700377548e-07,960.6014743444524,1.8521827534036241,3.477594943771254e-07,1.1920929e-07,1.1920929e-07,0.0,13.668831,13.705,2.74,24.67,555.25,585.79,0.18673803227659408,0.4930602
1986-05-06,8.421997371024756e-07,958.5292607710251,2.537141107924284,4.2110164180223073e-07,1.1920929e-07,1.1920929e-07,0.0,13.728,18.88,9.35,28.41,511.29,896.49,0.1787190073631179,0.4930602
1986-05-07,7.262874538004209e-07,957.1030727050102,2.922445432578633,3.631450456338743e-07,1.1920929e-07,2.0,2.0,13.728,21.32,12.56,30.08,481.33,1133.03,0.17340092794675366,0.50127786
1986-05-08,4.127955065693331e-07,955.8277675145217,3.0807994820543056,2.0639817928499216e-07,1.1920929e-07,2.99,2.99,13.764828,22.21,14.6,29.82,364.71,1475.87,0.16877963511715624,0.46840718
1986-05-09,1.746067671233771e-07,953.9045076603151,2.2874959939844923,1.1920928955078125e-07,1.1920929e-07,1.1920929e-07,0.0,13.8239975,17.105,9.6,24.61,450.66,945.6,0.1620422317029391,0.45197186
1986-05-10,5.7048770716845396e-08,951.9320909691434,1.5845204262540902,1.1920928955078125e-07,1.1920929e-07,1.1920929e-07,0.0,13.8239975,11.165,3.97,18.36,445.51,685.22,0.1554118750829326,0.46840718
1986-05-11,3.3280366879269944e-08,950.0101020542156,1.978122525453921,1.1920928955078125e-07,1.1920929e-07,1.1920929e-07,0.0,13.830791,14.765,4.11,25.42,548.84,570.3,0.14921210724018608,0.45197186
1986-05-12,1.9480218791712726e-08,947.7871632150524,2.228891191062167,1.1920928955078125e-07,1.1920929e-07,1.1920929e-07,0.0,13.919997,16.665,6.47,26.86,534.27,672.71,0.142349362395456,0.4355365
1986-05-13,1.1425745237433555e-08,952.6071283320385,1.976272191314821,1.1920928955078125e-07,1.1920929e-07,12.49,12.49,13.919997,14.6,9.18,20.02,259.72,1147.51,0.15764993098702434,0.5177132
1986-05-14,6.738175600900175e-09,966.1608281399065,1.616315432594438,1.1920928955078125e-07,1.1920929e-07,18.61,18.61,13.919997,11.135,8.51,13.76,139.22,1120.87,0.21007413370404499,0.82176703
1986-05-15,3.943772436583224e-09,971.7906392948341,1.921347801818517,1.1920928955078125e-07,1.1920929e-07,1.32,1.32,14.016,13.705,9.75,17.66,268.39,1220.07,0.23667942901223385,0.62454295
1986-05-16,2.3456149424210053e-09,969.9898258388109,2.4887072181173755,1.1920928955078125e-07,1.1920929e-07,1.1920929e-07,0.0,14.016,18.005,11.06,24.95,427.46,1153.42,0.22782168214585663,0.50949556
1986-05-17,1.3698226674358932e-09,967.9941625495136,2.7608290043244583,1.1920928955078125e-07,1.1920929e-07,1.96,1.96,14.016,19.795,11.97,27.62,423.44,1155.78,0.2183922366752096,0.46018952
1986-05-18,7.995001475092848e-10,968.0120723250856,2.8498494135437458,1.1920928955078125e-07,1.1920929e-07,5.7,5.7,14.099442,20.235,12.69,27.78,403.04,1246.2,0.2184750995782563,0.4437542
1986-05-19,4.2934423197121577e-10,971.0926016283665,2.8207122461260195,1.1920928955078125e-07,1.1920929e-07,7.4,7.4,14.111998,19.99,15.04,24.94,251.15,1686.02,0.233205802083471,0.47662488
1986-05-20,2.479627779323929e-10,978.9308723263185,2.461863826901563,1.1920928955078125e-07,1.1920929e-07,14.97,14.97,14.111998,17.555,12.87,22.24,233.25,1492.96,0.2753230849859028,0.6574136
1986-05-21,1.351513077889908e-10,985.6295120768438,2.164807141874199,1.1920928955078125e-07,1.1920929e-07,6.2,6.2,14.111998,15.31,9.15,21.47,297.65,1164.24,0.3172945261444888,0.94503206
1986-05-22,7.631778275796416e-11,986.3417307504075,1.9001243994771029,1.1920928955078125e-07,1.1920929e-07,1.1920929e-07,0.0,14.207997,13.065,6.64,19.49,417.82,921.79,0.32211740426185886,0.78067863
1986-05-23,4.295500594485528e-11,984.400498337353,1.8492818582526922,1.1920928955078125e-07,1.1920929e-07,1.1920929e-07,0.0,14.207997,12.66,4.92,20.4,474.62,788.55,0.3091413047494961,0.6409783
1986-05-24,2.4048500930134937e-11,982.081668982209,2.1585042149640308,1.1920928955078125e-07,1.1920929e-07,1.1920929e-07,0.0,14.207997,15.21,7.12,23.3,484.85,886.49,0.29432449880611783,0.5588016
1986-05-25,1.1820213383446471e-11,979.6309944300947,2.426782597963084,1.1920928955078125e-07,1.1920929e-07,1.1920929e-07,0.0,14.207997,17.19,10.81,23.57,410.97,1191.19,0.2794363907180328,0.4930602
1986-05-26,1.9051332191449093e-12,978.1362487824031,2.4292867255642503,1.1920928955078125e-07,1.1920929e-07,1.68,1.68,14.291445,17.135,14.18,20.09,208.87,1620.72,0.2707278810782053,0.50127786
1986-05-27,-3.258079394651731e-12,978.9751801698554,2.3226515529209153,1.1920928955078125e-07,1.1920929e-07,5.84,5.84,14.304,16.36,14.05,18.67,129.98,1607.14,0.2755815950615489,0.5423662
1986-05-28,-2.480769092151201e-12,982.2149981873475,2.6770468534778966,1.1920928955078125e-07,1.1920929e-07,7.1,7.1,14.304,18.68,14.8,22.56,210.57,1691.75,0.29515686707116573,0.6409783
1986-05-29,-1.048180085090703e-12,982.3165552696652,3.113523762754218,1.1920928955078125e-07,1.1920929e-07,2.65,2.65,14.304,21.255,15.08,27.43,351.46,1667.63,0.2957924624390556,0.60810757
1986-05-30,-1.1208557277412528e-13,979.8091346995408,3.366813387010847,1.1920928955078125e-07,1.1920929e-07,1.1920929e-07,0.0,14.304,22.655,16.66,28.65,403.98,1747.71,0.2804927583797889,0.7395903
1986-05-31,9.015506354227453e-14,976.2449838300778,3.3452071308723235,1.1920928955078125e-07,1.1920929e-07,1.1920929e-07,0.0,14.387447,22.505,16.18,28.83,425.34,1661.38,0.26009707811386434,0.5177132
1986-06-01,4.4541549388523245e-14,972.527002838607,3.185114104147325,1.1920928955078125e-07,1.1920929e-07,1.1920929e-07,0.0,14.4000025,21.705,14.59,28.82,465.86,1446.2,0.24039987050594772,0.46018952
1986-06-02,1.2653126664598116e-14,968.9231194249028,3.3652368053615147,1.1920928955078125e-07,1.1920929e-07,1.1920929e-07,0.0,14.4000025,22.725,16.3,29.15,433.25,1653.95,0.22273196818842825,0.42731884
1986-06-03,1.6597133963348673e-15,965.7122825126871,2.7356562311698016,1.1920928955078125e-07,1.1920929e-07,1.1920929e-07,0.0,14.4000025,19.22,11.94,26.5,487.55,1207.11,0.20808772682184445,0.41088352
1986-06-04,8.160790406057933e-16,962.7084541191194,2.650108232315322,1.1920928955078125e-07,1.1920929e-07,1.1920929e-07,0.0,14.4000025,18.735,13.13,24.34,416.27,1405.1,0.1952606014419669,0.3862305
1986-06-05,1.473780799926342e-16,959.60878339062,3.0134482045358952,1.1920928955078125e-07,1.1920929e-07,1.1920929e-07,0.0,14.4000025,20.98,15.13,26.83,427.57,1561.84,0.18285259905251403,0.36157748
1986-06-06,-1.8346193364849478e-16,956.322941347264,3.259028131590735,1.1920928955078125e-07,1.1920929e-07,1.1920929e-07,0.0,14.4368305,22.35,15.68,29.02,465.62,1542.25,0.17055917476738172,0.37801284
1986-06-07,-1.3553049689020154e-16,953.1534371925213,3.506382010816739,1.1920928955078125e-07,1.1920929e-07,1.1920929e-07,0.0,14.496003,23.615,16.55,30.68,477.56,1599.56,0.15948476842503842,0.41088352
1986-06-08,-7.966714549697084e-17,954.196274846916,3.536282098304684,1.1920928955078125e-07,1.1920929e-07,9.56,9.56,14.496003,23.745,17.89,29.6,312.24,2009.22,0.1630467497569432,0.5752369
1986-06-09,-4.7279015265383526e-17,955.0351929142922,3.3000640666875176,1.1920928955078125e-07,1.1920929e-07,1.1920929e-07,0.0,14.496003,22.52,15.96,29.08,462.56,1612.64,0.16596986801501298,0.5505839
1986-06-10,-2.8048223523635593e-17,951.4936847221151,2.994793104284609,1.1920928955078125e-07,1.1920929e-07,1.1920929e-07,0.0,14.496003,20.905,14.55,27.26,465.58,1474.3,0.15397540528434137,0.4437542
1986-06-11,-1.6532112743482787e-17,948.7228336523067,3.1026423984095843,1.1920928955078125e-07,1.1920929e-07,0.54,0.54,14.496003,21.565,15.65,27.48,447.02,1605.45,0.1451986712436791,0.35335982
1986-06-12,-9.499569060255953e-18,945.6782365324098,3.615835542852256,1.1920928955078125e-07,1.1920929e-07,1.1920929e-07,0.0,14.496003,24.295,17.97,30.62,455.96,1796.88,0.13613060428013773,0.33692446
1986-06-13,-3.9351094286262326e-18,942.4121997607458,3.4383487361776552,1.1920928955078125e-07,1.1920929e-07,1.1920929e-07,0.0,14.496003,23.47,16.92,30.02,467.05,1602.85,0.12703164057002495,0.3287068
1986-06-14,-5.313511601700141e-19,939.1032492106459,2.969579071943342,1.1920928955078125e-07,1.1920929e-07,1.1920929e-07,0.0,14.496003,20.985,13.5,28.47,513.9,1121.84,0.11843315066674,0.31227148
1986-06-15,3.564341021026992e-20,935.8823882513941,3.183153910379304,1.1920928955078125e-07,1.1920929e-07,1.1920929e-07,0.0,14.496003,22.245,15.17,29.32,494.59,1271.44,0.1106228859280128,0.29583612
1986-06-16,-1.6236174339081904e-20,932.7633044844639,3.4105667145018734,1.1920928955078125e-07,1.1920929e-07,1.1920929e-07,0.0,14.502797,23.5,16.49,30.51,488.62,1378.66,0.10355067186981626,0.28761846
1986-06-17,-8.36866499598875e-20,929.7187897440461,3.4210595875490695,1.1920928955078125e-07,1.1920929e-07,1.1920929e-07,0.0,14.532827,23.575,17.16,29.99,463.1,1489.16,0.09708380945436586,0.2794008
1986-06-18,-1.514755595675693e-19,926.7288911365757,2.628420037878472,1.1920928955078125e-07,1.1920929e-07,1.1920929e-07,0.0,14.532827,19.085,9.64,28.53,570.09,808.97,0.09112616725213213,0.2711831
1986-06-19,-2.0437044607754995e-19,923.7736557684876,2.589133287644778,1.1920928955078125e-07,1.1920929e-07,1.1920929e-07,0.0,14.57945,18.83,9.44,28.22,565.73,805.03,0.0855969445092198,0.25474778
1986-06-20,-2.2713885240525174e-19,920.8331307462166,3.0897620284724834,1.1920928955078125e-07,1.1920929e-07,1.1920929e-07,0.0,14.57945,21.91,14.18,29.64,508.71,1167.7,0.08042827215827852,0.2465301
1986-06-21,-2.0454832146609734e-19,917.8873631761976,2.9541712548454377,1.1920928955078125e-07,1.1920929e-07,1.1920929e-07,0.0,14.57945,21.19,13.59,28.79,505.77,1134.61,0.07556331282616913,0.2465301
1986-06-22,-1.1689632498797652e-19,914.9631597629817,2.872047641028751,1.1920928955078125e-07,1.1920929e-07,1.1920929e-07,0.0,14.57945,20.76,11.65,29.87,550.95,938.71,0.07102505961473671,0.23831244
1986-06-23,5.756110572190891e-20,912.3035159260668,3.272076470392303,1.1920928955078125e-07,1.1920929e-07,1.1920929e-07,0.0,14.57945,23.07,14.19,31.95,537.29,1109.59,0.06713451789856917,0.23009476
1986-06-24,2.771024149006411e-19,909.8077466624214,3.419252550768298,1.1920928955078125e-07,1.1920929e-07,1.42,1.42,14.57945,23.89,16.64,31.14,450.7,1443.99,0.06367773451382074,0.2218771
1986-06-25,4.913058327335502e-19,907.3093531434746,2.8215992264171983,1.1920928955078125e-07,1.1920929e-07,0.27,0.27,14.532827,20.655,11.87,29.44,535.14,978.87,0.0603955851253866,0.21365942
1986-06-26,6.497495894059669e-19,904.6418365406554,2.6988797721316273,1.1920928955078125e-07,1.1920929e-07,1.1920929e-07,0.0,14.502797,19.98,10.94,29.02,537.65,923.58,0.05707777566247071,0.19722408
1986-06-27,7.020119151032211e-19,901.6386980253928,3.1569456505236246,1.1920928955078125e-07,1.1920929e-07,1.1920929e-07,0.0,14.496003,22.75,14.69,30.81,494.26,1228.1,0.05356012020767018,0.18900642
1986-06-28,5.97671040010643e-19,898.1334387691159,3.831753105859824,1.1920928955078125e-07,1.1920929e-07,1.1920929e-07,0.0,14.496003,26.245,19.49,33.0,425.62,1793.45,0.04972755423871393,0.18900642
1986-06-29,3.558024064205518e-19,893.8926153136939,3.946399103638435,1.1920928955078125e-07,1.1920929e-07,1.1920929e-07,0.0,14.496003,26.86,20.29,33.43,413.35,1904.58,0.045455484692476386,0.18078874
1986-06-30,1.6540287320331237e-19,889.7232046592599,3.46597635840029,1.1920928955078125e-07,1.1920929e-07,1.1920929e-07,0.0,14.496003,24.625,17.23,32.02,458.81,1500.64,0.04161332360387768,0.17257108
1986-07-01,6.547099808257492e-20,887.8373331251923,3.1597698364723183,1.1920928955078125e-07,1.1920929e-07,3.25,3.25,14.496003,23.035,16.9,29.17,311.28,1772.52,0.03998384050485783,0.18900642
1986-07-02,3.6740288955279414e-20,889.0237911482262,2.9650991722179225,1.1920928955078125e-07,1.1920929e-07,7.82,7.82,14.496003,21.905,17.73,26.08,217.77,2032.99,0.041001390552233896,0.19722408
1986-07-03,1.7209745027536202e-20,890.3288439762962,2.851556594405125,1.1920928955078125e-07,1.1920929e-07,2.33,2.33,14.496003,21.205,15.91,26.5,339.1,1678.68,0.042150584794251635,0.2465301
1986-07-04,8.406628284804266e-21,889.1866960678027,2.5649706268076917,1.1920928955078125e-07,1.1920929e-07,1.1920929e-07,0.0,14.496003,19.415,10.69,28.14,522.54,993.11,0.04114311105987036,0.21365942
1986-07-05,4.5988194374141365e-21,886.3784813280093,2.9836845396697558,1.1920928955078125e-07,1.1920929e-07,1.1920929e-07,0.0,14.496003,22.065,13.45,30.68,508.48,1187.49,0.0387672246043318,0.17257108
1986-07-06,2.2093440063109225e-21,883.1501949973119,3.3901054893926754,1.1920928955078125e-07,1.1920929e-07,1.1920929e-07,0.0,14.483447,24.38,15.71,33.05,500.54,1352.54,0.03620496288173607,0.1643534
1986-07-07,1.2505513032201684e-21,879.6081195515807,3.6066098803404896,1.1920928955078125e-07,1.1920929e-07,1.1920929e-07,0.0,14.406797,25.645,17.51,33.78,477.43,1514.9,0.03358806583261161,0.14791806
1986-07-08,6.767218216709463e-22,875.9159285983364,3.721542903971429,1.1920928955078125e-07,1.1920929e-07,1.1920929e-07,0.0,14.4000025,26.29,18.58,34.0,456.39,1660.28,0.03106139747374911,0.13148272
1986-07-09,3.833990813496353e-22,872.3366978327902,3.8363563829548157,1.1920928955078125e-07,1.1920929e-07,1.1920929e-07,0.0,14.4000025,26.91,19.47,34.35,441.32,1784.09,0.02879360834697595,0.12326505
1986-07-10,2.1254183376881347e-22,872.8413108973601,3.6255585846161007,1.1920928955078125e-07,1.1920929e-07,7.43,7.43,14.4000025,25.885,19.88,31.89,276.56,2210.61,0.02910301383598184,0.12326505
1986-07-11,1.1649961741678497e-22,881.0341981358476,3.3283959169906816,1.1920928955078125e-07,1.1920929e-07,16.22,16.22,14.4000025,24.2,17.42,30.98,309.34,1887.95,0.034618106925203174,0.14791806
1986-07-12,6.880571712737474e-23,886.1330833065865,3.6133761455470053,1.1920928955078125e-07,1.1920929e-07,3.05,3.05,14.4000025,25.555,18.89,32.22,331.45,2110.76,0.03856624222179028,0.18078874
1986-07-13,4.0839549176790314e-23,883.8924472925528,3.501362345573943,1.1920928955078125e-07,1.1920929e-07,1.1920929e-07,0.0,14.310795,25.15,17.85,32.45,434.35,1793.39,0.03677866770196808,0.15613574
1986-07-14,2.3929857054917492e-23,882.6162233018111,3.573037585824988,1.1920928955078125e-07,1.1920929e-07,3.07,3.07,14.304,25.545,18.44,32.65,354.39,1980.03,0.03579778599671015,0.13148272
1986-07-15,1.4084504460504034e-23,880.8232116542321,3.413685313840533,1.1920928955078125e-07,1.1920929e-07,1.1920929e-07,0.0,14.304,24.77,18.44,31.1,391.26,1965.11,0.034463745665451566,0.11504738
1986-07-16,7.573773777787274e-24,877.7545075025845,3.2493585009907773,1.1920928955078125e-07,1.1920929e-07,1.1920929e-07,0.0,14.304,23.96,17.46,30.46,405.76,1771.41,0.032294892955674045,0.11504738
1986-07-17,4.2345344310373385e-24,874.2447961948826,3.5981099800156815,1.1920928955078125e-07,1.1920929e-07,1.1920929e-07,0.0,14.304,25.84,19.09,32.59,409.4,1932.35,0.029981161387807983,0.10682971
1986-07-18,1.784401742537611e-24,870.4477352514747,3.864829437461686,1.1920928955078125e-07,1.1920929e-07,1.1920929e-07,0.0,14.207997,27.325,20.49,34.16,408.85,2092.94,0.027664304839211493,0.10682971
1986-07-19,-1.1024722358721666e-25,866.4401885177163,4.033761472247189,1.1920928955078125e-07,1.1920929e-07,1.1920929e-07,0.0,14.207997,28.185,21.78,34.59,386.8,2314.54,0.02541293574107927,0.09039437
1986-07-20,-9.266037113379033e-25,862.4140165831757,3.9438914711516166,1.1920928955078125e-07,1.1920929e-07,1.1920929e-07,0.0,14.207997,27.86,21.06,34.66,408.72,2168.11,0.023335579169039906,0.07560256
1986-07-21,-6.131602470488657e-25,858.5309625719652,3.734608739029615,1.1920928955078125e-07,1.1920929e-07,1.1920929e-07,0.0,14.207997,26.955,19.54,34.37,441.52,1874.56,0.02149308983813976,0.062454294
1986-07-22,-3.545718745649926e-25,857.6539818714962,3.430875557827286,1.1920928955078125e-07,1.1920929e-07,6.47,6.47,14.118794,25.565,18.65,32.48,314.29,2047.74,0.021097530225600403,0.06409783
1986-07-23,-2.1278765643567394e-25,865.2918322814872,3.4106024294204715,1.1920928955078125e-07,1.1920929e-07,13.44,13.44,14.111998,25.31,19.2,31.42,288.21,2187.78,0.024802259798344307,0.82998466
1986-07-24,-1.281033954375859e-25,869.4197817505127,3.3771323033392524,1.1920928955078125e-07,1.1920929e-07,1.1920929e-07,0.0,14.111998,25.05,20.73,29.37,290.57,2436.94,0.027068472283274806,0.42731884
1986-07-25,-7.715834958194397e-26,865.4720000642558,3.4209066523145726,1.1920928955078125e-07,1.1920929e-07,1.1920929e-07,0.0,14.111998,25.36,20.59,30.13,321.92,2385.52,0.024897090234351923,0.3287068
1986-07-26,-4.6324003861264404e-26,864.4944736318686,3.3182970853690406,1.1920928955078125e-07,1.1920929e-07,5.3,5.3,14.016,24.96,18.74,31.18,301.31,2156.85,0.024386891689468275,0.41088352
1986-07-27,-2.7854604936788014e-26,875.0511580341322,3.279226731506912,1.1920928955078125e-07,1.1920929e-07,20.06,20.06,14.016,24.535,17.01,32.06,344.19,1881.78,0.030497628814331865,0.9039437
1986-07-28,-1.6807273711069176e-26,880.9402171942487,3.3435108015547086,1.1920928955078125e-07,1.1920929e-07,1.1920929e-07,0.0,14.016,24.76,18.5,31.02,408.46,2040.34,0.034549263678123554,0.39444816
1986-07-29,-1.0146966516456284e-26,877.537818692708,3.400575360790414,1.1920928955078125e-07,1.1920929e-07,1.1920929e-07,0.0,14.003442,25.145,18.95,31.34,403.26,2113.39,0.03214700782982975,0.25474778
1986-07-30,-5.689846186123803e-27,874.2946397591721,3.0990480540130285,1.1920928955078125e-07,1.1920929e-07,1.1920929e-07,0.0,13.919997,23.675,16.63,30.72,448.67,1765.88,0.030012830598747455,0.21365942
1986-07-31,-1.9473643423580792e-27,871.4692494569613,2.667051005645323,1.1920928955078125e-07,1.1920929e-07,1.1920929e-07,0.0,13.919997,21.12,13.28,28.96,486.75,1395.14,0.028269396909453383,0.18078874
1986-08-01,3.848356162599781e-28,868.7612733583975,2.750428377224332,1.1920928955078125e-07,1.1920929e-07,1.1920929e-07,0.0,13.919997,21.705,13.36,30.05,496.12,1387.66,0.026693542242999434,0.1643534
1986-08-02,6.4856692316268934e-28,866.2265582602026,3.038878172955775,1.1920928955078125e-07,1.1920929e-07,1.1920929e-07,0.0,13.8239975,23.615,15.86,31.37,465.14,1660.33,0.025298203409120625,0.15613574
1986-08-03,3.887930431772635e-28,871.6685623572117,3.2090768646007333,1.1920928955078125e-07,1.1920929e-07,16.02,16.02,13.8239975,24.465,18.01,30.92,303.94,2066.46,0.02838899367350442,0.33692446
1986-08-04,2.3327955184412266e-28,875.2185673877585,2.945912975691753,1.1920928955078125e-07,1.1920929e-07,1.1920929e-07,0.0,13.8239975,22.89,16.55,29.23,411.34,1868.44,0.030605963228055602,0.30405378
1986-08-05,1.4035230689095835e-28,872.3058947161979,2.885800163796416,1.1920928955078125e-07,1.1920929e-07,1.1920929e-07,0.0,13.728,22.71,16.21,29.21,421.67,1813.08,0.02877482817735424,0.20544176
1986-08-06,8.432561869227015e-29,869.9294823467235,2.9750410889359724,1.1920928955078125e-07,1.1920929e-07,1.1920929e-07,0.0,13.728,23.29,16.72,29.86,423.92,1865.78,0.027362288497927927,0.18900642
1986-08-07,4.9902188557624685e-29,872.6668235385147,3.112780736999774,1.1920928955078125e-07,1.1920929e-07,9.91,9.91,13.728,24.03,17.9,30.16,299.72,2053.5,0.028995651966506972,0.21365942
1986-08-08,2.979268930866802e-29,875.7267370715974,3.0252284710989605,1.1920928955078125e-07,1.1920929e-07,2.53,2.53,13.632003,23.59,17.48,29.7,330.32,2003.72,0.030937174129756006,0.2218771
1986-08-09,1.7744762896654556e-29,873.6311432278943,3.055134613519022,1.1920928955078125e-07,1.1920929e-07,1.1920929e-07,0.0,13.632003,23.805,17.88,29.73,392.11,2052.59,0.02959399083713467,0.20544176
1986-08-10,1.018755136326875e-29,870.6721529791973,2.9872735540791338,1.1920928955078125e-07,1.1920929e-07,1.1920929e-07,0.0,13.632003,23.47,16.73,30.21,429.84,1886.94,0.027796118357938333,0.18078874
1986-08-11,5.7358555040915604e-30,867.6558505316495,2.9949327282458653,1.1920928955078125e-07,1.1920929e-07,1.1920929e-07,0.0,13.536,23.7,18.55,28.85,353.08,2139.61,0.026075795220122207,0.18078874
1986-08-12,1.1525920644677534e-31,864.9203596483021,2.5133236712607188,1.1920928955078125e-07,1.1920929e-07,8.31,8.31,13.536,20.71,16.81,24.61,218.0,1913.37,0.024607875554855534,0.21365942
1986-08-13,-6.678366292575723e-30,862.4281567349142,2.3422439039817005,1.1920928955078125e-07,1.1920929e-07,0.83,0.83,13.536,19.555,16.88,22.23,211.03,1920.34,0.023342569345182758,0.21365942
1986-08-14,-1.2915959353579538e-29,860.0355677406358,2.388245724141999,1.1920928955078125e-07,1.1920929e-07,1.1920929e-07,0.0,13.439992,20.055,16.1,24.01,303.19,1829.21,0.02218909193322913,0.21365942
1986-08-15,-1.686845833716827e-29,857.5989186146173,2.572611607456005,1.1920928955078125e-07,1.1920929e-07,1.1920929e-07,0.0,13.439992,21.38,15.83,26.93,395.14,1791.38,0.02107293840370353,0.2218771
1986-08-16,-1.6806801603945522e-29,854.9745353060091,2.8330234916647368,1.1920928955078125e-07,1.1920929e-07,1.1920929e-07,0.0,13.350795,23.225,16.55,29.9,440.7,1801.14,0.019933507438484942,0.21365942
1986-08-17,-1.1563516245924345e-29,852.1377795369091,3.0574781035891525,1.1920928955078125e-07,1.1920929e-07,1.1920929e-07,0.0,13.343997,24.635,18.84,30.43,394.13,2132.3,0.01877105834360781,0.23831244
1986-08-18,-6.955933336808664e-30,857.6208319953894,2.9266151478904265,1.1920928955078125e-07,1.1920929e-07,18.73,18.73,13.343997,23.75,19.73,27.77,223.25,2293.38,0.021082721711181085,0.41088352
1986-08-19,-4.1840387770300815e-30,864.9556176181253,2.582921030399161,1.1920928955078125e-07,1.1920929e-07,5.59,5.59,13.248,21.55,18.54,24.56,223.91,2140.97,0.02462625972486519,0.41910118
1986-08-20,-2.519438618137114e-30,885.6661278136539,2.37084188953458,1.1920928955078125e-07,1.1920929e-07,39.66,39.66,13.248,19.675,17.78,21.57,121.38,2037.22,0.03818667624408015,2.2927299
1986-08-21,-1.5233354246696234e-30,929.371279230574,2.6671128455861326,1.1920928955078125e-07,1.1920929e-07,46.99,46.99,13.248,20.865,18.0,23.73,179.51,2064.32,0.096371829425433,3.8047812
1986-08-22,-9.219704418996362e-31,951.2830612496521,2.94231661665455,1.1920928955078125e-07,1.1920929e-07,3.83,3.83,13.152002,22.285,17.64,26.93,292.73,2022.84,0.15329001149926624,2.2516415
1986-08-23,-5.554145360769453e-31,948.2738654221498,2.7965948970980157,1.1920928955078125e-07,1.1920929e-07,1.1920929e-07,0.0,13.152002,21.46,16.0,26.92,405.93,1818.84,0.14382442260727804,1.2408682
1986-08-24,-3.355204907844723e-31,955.0215832516569,2.824400715292282,1.1920928955078125e-07,1.1920929e-07,16.61,16.61,13.0560055,21.635,16.68,26.59,281.32,1887.14,0.1659220309594734,2.711831
1986-08-25,-2.0270474611657405e-31,959.7860612909996,2.3068711055458677,1.1920928955078125e-07,1.1920929e-07,1.1920929e-07,0.0,13.0560055,18.1,9.44,26.76,518.79,1195.5,0.18354049349064683,1.0436441
1986-08-26,-1.2210032865650782e-31,957.1917422235807,2.5980212194214904,1.1920928955078125e-07,1.1920929e-07,1.1920929e-07,0.0,13.0560055,20.16,12.07,28.25,497.41,1405.91,0.17372690279253844,0.747808
1986-08-27,-7.146432621594854e-32,955.4148568595573,3.027828865185416,1.1920928955078125e-07,1.1920929e-07,1.1920929e-07,0.0,12.959997,22.965,16.83,29.1,417.88,1909.05,0.16730993480030834,0.61632526
1986-08-28,-3.5958318089408405e-32,957.2688300561745,2.5625666306516934,1.1920928955078125e-07,1.1920929e-07,6.6,6.6,12.959997,20.05,13.87,26.23,324.13,1589.78,0.1740107979262489,0.5752369
1986-08-29,-1.818541799378375e-32,960.9983493320125,1.5992908892278872,1.1920928955078125e-07,1.1920929e-07,5.54,5.54,12.863992,12.31,4.87,19.75,373.11,870.54,0.18831442207178212,0.5423662
1986-08-30,-1.049683384915009e-32,961.3279544545228,1.6143687403133973,1.1920928955078125e-07,1.1920929e-07,1.1920929e-07,0.0,12.863992,12.455,4.62,20.29,508.88,857.61,0.18963372595772826,0.4437542
1986-08-31,-5.964945189680569e-33,958.976837310279,1.8783233348963297,1.1920928955078125e-07,1.1920929e-07,1.1920929e-07,0.0,12.863992,14.95,8.73,21.17,450.03,1138.78,0.18042135679974605,0.41088352
1986-09-01,-3.459208226428514e-33,960.7613185968529,1.9824548739416663,1.1920928955078125e-07,1.1920929e-07,6.28,6.28,12.767997,15.93,12.69,19.17,207.38,1471.77,0.18737134123464086,0.42731884
1986-09-02,-1.9562007360446915e-33,973.5175293514945,1.9564568318242066,1.1920928955078125e-07,1.1920929e-07,22.84,22.84,12.767997,15.495,13.24,17.75,151.05,1527.13,0.24549687001024073,0.6327606
1986-09-03,-1.1379667441257112e-33,990.7411866573266,2.1785002621125447,1.1920928955078125e-07,1.1920929e-07,16.5,16.5,12.672003,17.11,14.77,19.45,156.75,1688.73,0.3535771880733258,1.8489758
1986-09-04,-6.369516708118176e-34,1001.6793575770985,2.386565358586581,1.1920928955078125e-07,1.1920929e-07,10.82,10.82,12.672003,18.455,16.16,20.75,154.85,1836.63,0.4457620679544418,2.1694648
1986-09-05,-3.7103725983342937e-34,1010.85324137707,2.549501964671479,1.1920928955078125e-07,1.1920929e-07,10.87,10.87,12.65945,19.435,16.89,21.98,171.8,1912.41,0.5413679285117639,2.5967836
1986-09-06,-2.031452342808073e-34,1022.0730269660871,2.6394657280050358,1.1920928955078125e-07,1.1920929e-07,17.43,17.43,12.576003,19.95,15.45,24.45,276.93,1751.79,0.6865970514444547,2.8022256
1986-09-07,-1.2085658152549568e-34,1027.1766563837575,2.3331689705399565,1.1920928955078125e-07,1.1920929e-07,1.1920929e-07,0.0,12.576003,17.78,10.31,25.25,489.85,1264.88,0.7649791271370056,1.3887862
1986-09-08,-7.275029553565174e-35,1024.9546642461653,2.290437952289002,1.1920928955078125e-07,1.1920929e-07,2.22,2.22,12.479998,17.635,11.54,23.73,418.85,1363.31,0.7298099102509015,1.0600795
1986-09-09,-4.3498115861387285e-35,1024.6369497845405,1.9128159722429723,1.1920928955078125e-07,1.1920929e-07,2.68,2.68,12.479998,14.66,8.28,21.04,402.06,1103.17,0.724915090785156,0.93681437
1986-09-10,-1.9853558803209485e-35,1023.119462856936,2.1321911883212104,1.1920928955078125e-07,1.1920929e-07,1.1920929e-07,0.0,12.383997,16.6,9.74,23.46,471.66,1219.42,0.7019852185726441,0.7888963
1986-09-11,-1.6444678035039394e-36,1020.2756361835114,2.5530574408658016,1.1920928955078125e-07,1.1920929e-07,1.1920929e-07,0.0,12.383997,19.675,13.86,25.49,419.99,1588.94,0.6609490156193771,0.70671964
1986-09-12,6.383731801780227e-36,1017.0899335252724,2.80806917937541,1.1920928955078125e-07,1.1920929e-07,0.65,0.65,12.383997,21.36,16.75,25.97,351.01,1897.23,0.617821586225099,0.6574136
1986-09-13,3.9271413948586005e-36,1014.2703254890025,2.383250623675027,1.1920928955078125e-07,1.1920929e-07,1.1920929e-07,0.0,12.288,18.74,11.76,25.72,453.78,1380.91,0.5820038466245023,0.59167224
1986-09-14,1.0809724412131638e-36,1011.5316374215739,2.182823012956582,1.1920928955078125e-07,1.1920929e-07,1.1920929e-07,0.0,12.288,17.31,9.05,25.57,484.03,1164.01,0.5492031311811081,0.5423662
1986-09-15,-8.669900273460634e-37,1008.7876700354736,2.2480740045846876,1.1920928955078125e-07,1.1920929e-07,1.1920929e-07,0.0,12.191998,17.98,10.29,25.67,466.9,1263.1,0.5181930577344586,0.50127786
1986-09-16,-1.2550138606735327e-36,1005.9817263428077,2.3683116168722838,1.1920928955078125e-07,1.1920929e-07,1.1920929e-07,0.0,12.191998,18.905,12.18,25.63,433.25,1414.21,0.48829251142670416,0.48484254
1986-09-17,3.0852699511978323e-37,1003.1315273066525,1.9567899798638746,1.1920928955078125e-07,1.1920929e-07,1.1920929e-07,0.0,12.096003,15.895,7.98,23.81,469.7,1079.41,0.4596861700982515,0.45197186
1986-09-18,3.375760881243384e-36,1000.2875504923567,1.7590335569101745,1.1920928955078125e-07,1.1920929e-07,1.1920929e-07,0.0,12.096003,14.195,7.71,20.68,429.38,1056.88,0.43281275354132437,0.4355365
1986-09-19,7.351404405514485e-36,997.4398514842026,2.1372504174397142,1.1920928955078125e-07,1.1920929e-07,2.04,2.04,12.096003,17.455,11.65,23.26,340.95,1372.09,0.4074782393905222,0.46840718
1986-09-20,1.1640176409006924e-35,994.5784835042252,2.526524812678001,1.1920928955078125e-07,1.1920929e-07,1.1920929e-07,0.0,12.000009,20.47,14.65,26.29,371.8,1674.5,0.383515616980161,0.47662488
1986-09-21,1.564679573279454e-35,991.6934997744602,2.7034449158165006,1.1920928955078125e-07,1.1920929e-07,1.1920929e-07,0.0,12.000009,21.685,15.22,28.15,387.31,1729.7,0.36078165577154797,0.4437542
1986-09-22,1.8775981217951185e-35,988.7749535169424,2.569070125744804,1.1920928955078125e-07,1.1920929e-07,1.1920929e-07,0.0,11.903997,20.995,14.81,27.18,377.33,1687.29,0.3391541252335675,0.41088352
1986-09-23,2.0432451705550677e-35,985.8128979537073,2.5361682293487693,1.1920928955078125e-07,1.1920929e-07,1.1920929e-07,0.0,11.903997,20.825,15.14,26.51,354.44,1722.27,0.3185294001198147,0.40266582
1986-09-24,2.0020926036666856e-35,982.7973863067899,2.698746259097168,1.1920928955078125e-07,1.1920929e-07,1.1920929e-07,0.0,11.903997,21.95,16.78,27.12,328.51,1898.01,0.2988203758563622,0.39444816
1986-09-25,1.6946123052373585e-35,979.7184717982257,2.8143266386568233,1.1920928955078125e-07,1.1920929e-07,1.1920929e-07,0.0,11.808002,22.875,16.97,28.78,357.66,1928.08,0.27995463140615995,0.3862305
1986-09-26,9.824809497708637e-36,976.5762516435805,2.915567208295636,1.1920928955078125e-07,1.1920929e-07,1.1920929e-07,0.0,11.808002,23.55,16.89,30.21,378.86,1922.25,0.2619285053911005,0.37801284
1986-09-27,-8.029744666229485e-36,973.4644165817057,2.8687191988363603,1.1920928955078125e-07,1.1920929e-07,1.1920929e-07,0.0,11.712,23.465,17.28,29.65,359.73,1973.95,0.24522084332466595,0.36157748
1986-09-28,-3.38848604202875e-35,970.4069814418668,2.8264597896995336,1.1920928955078125e-07,1.1920929e-07,1.1920929e-07,0.0,11.712,23.26,17.76,28.76,334.88,2038.23,0.22984360069468426,0.34514216
1986-09-29,-6.259337760539355e-35,967.402363507022,2.660258543383713,1.1920928955078125e-07,1.1920929e-07,1.1920929e-07,0.0,11.615997,22.4,18.21,26.59,276.63,2089.43,0.21567177393689296,0.35335982
1986-09-30,-8.900813606247578e-35,964.4489800601293,2.5902585597539107,1.1920928955078125e-07,1.1920929e-07,1.1920929e-07,0.0,11.615997,21.99,16.02,27.96,357.93,1820.07,0.20259349844352723,0.35335982
1986-10-01,-1.0798197563246239e-34,961.545248384147,2.7634500032014038,1.1920928955078125e-07,1.1920929e-07,1.1920929e-07,0.0,11.615997,23.17,16.49,29.85,371.01,1869.18,0.1905085353002506,0.35335982
1986-10-02,-1.1436773615628142e-34,958.6895857620333,2.73637861693043,1.1920928955078125e-07,1.1920929e-07,1.1920929e-07,0.0,11.520002,23.195,16.85,29.54,353.06,1908.17,0.1793269463681905,0.3287068
1986-10-03,-1.0301825747486104e-34,955.8804094767461,2.4280470702608254,1.1920928955078125e-07,1.1920929e-07,1.1920929e-07,0.0,11.520002,21.17,13.25,29.09,397.79,1526.89,0.16896793267431695,0.32048914
1986-10-04,-6.668122411846717e-35,953.1250807151666,2.6519310847345334,1.1920928955078125e-07,1.1920929e-07,1.1920929e-07,0.0,11.424,22.895,16.17,29.62,352.58,1836.42,0.1593890068014853,0.31227148
1986-10-05,3.217954866126619e-35,950.5912534598192,2.63429797764518,1.1920928955078125e-07,1.1920929e-07,5.65,5.65,11.424,22.825,17.56,28.09,247.58,2011.62,0.15106018182656386,0.30405378
1986-10-06,1.82440790252483e-34,948.3162759208029,1.8666809182120763,1.1920928955078125e-07,1.1920929e-07,1.1920929e-07,0.0,11.340561,17.115,10.77,23.46,349.55,1301.77,0.14395367884899396,0.28761846
1986-10-07,3.53380331672609e-34,946.2649525945385,1.2858280044089023,1.1920928955078125e-07,1.1920929e-07,1.1920929e-07,0.0,11.328006,11.105,2.79,19.42,414.48,751.0,0.13783290207203577,0.2711831
1986-10-08,5.142760039390699e-34,944.4020879774466,1.4189246221116731,1.1920928955078125e-07,1.1920929e-07,1.1920929e-07,0.0,11.328006,12.71,4.56,20.86,403.12,846.29,0.1325002326232453,0.2794008
1986-10-09,6.344056380692907e-34,942.6924865659482,1.6808309530232317,1.1920928955078125e-07,1.1920929e-07,1.1920929e-07,0.0,11.232,15.635,8.78,22.49,359.02,1142.23,0.1277880462594617,0.29583612
1986-10-10,6.830470650806977e-34,941.1009528564638,1.6321946434508918,1.1920928955078125e-07,1.1920929e-07,1.1920929e-07,0.0,11.232,15.18,10.69,19.67,265.49,1295.42,0.12355203698288675,0.30405378
1986-10-11,6.294781159907155e-34,939.5922913454143,1.3131991995626717,1.1920928955078125e-07,1.1920929e-07,1.1920929e-07,0.0,11.136005,11.825,6.74,16.91,298.69,991.01,0.11966631583440694,0.29583612
1986-10-12,4.3324352117087875e-34,938.1327754441686,1.355319740995596,1.1920928955078125e-07,1.1920929e-07,1.1920929e-07,0.0,11.136005,12.355,8.42,16.29,239.36,1113.37,0.11602351422465566,0.28761846
1986-10-13,-4.4603379228255416e-34,936.7751491923035,1.5523646549582042,1.1920928955078125e-07,1.1920929e-07,7.21,7.21,11.136005,14.575,11.63,17.52,136.87,1370.39,0.11273463961623854,0.37801284
1986-10-14,-2.1111708819671133e-33,935.5393786861629,1.6747206676793176,1.1920928955078125e-07,1.1920929e-07,20.65,20.65,11.039997,15.985,12.22,19.75,170.97,1417.55,0.10982208430203518,0.72315496
1986-10-15,-4.291494118767463e-33,934.3952017368906,1.2172876764833431,1.1920928955078125e-07,1.1920929e-07,1.1920929e-07,0.0,11.039997,10.845,3.69,18.0,372.39,793.73,0.10719253474128869,0.5752369
1986-10-16,-6.716329873568275e-33,933.3123561556305,0.976056871118244,1.1920928955078125e-07,1.1920929e-07,1.1920929e-07,0.0,10.944003,7.55,0.1,15.0,382.1,612.2,0.10476195130024057,0.3862305
1986-10-17,-9.115004517254208e-33,932.2605797535264,1.054543727848715,1.1920928955078125e-07,1.1920929e-07,1.1920929e-07,0.0,10.944003,8.765,2.09,15.44,357.56,711.95,0.10245388207925246,0.35335982
1986-10-18,-1.1216844420709938e-32,931.2096103417219,1.0679946146241976,1.1920928955078125e-07,1.1920929e-07,1.1920929e-07,0.0,10.944003,8.98,1.55,16.41,373.73,687.1,0.10019837590187702,0.33692446
1986-10-19,-1.2751175954820125e-32,930.1291857313612,0.9812236739082063,1.1920928955078125e-07,1.1920929e-07,1.1920929e-07,0.0,10.848,7.82,-1.03,16.67,397.16,571.62,0.09793140623824385,0.3287068
1986-10-20,-1.344732549046943e-32,928.9890437335879,1.004725090976134,1.1920928955078125e-07,1.1920929e-07,1.1920929e-07,0.0,10.848,8.205,-1.23,17.64,399.59,558.81,0.0955947334420128,0.3287068
1986-10-21,-1.3034619398542532e-32,927.7589221595458,1.0890550424740584,1.1920928955078125e-07,1.1920929e-07,1.1920929e-07,0.0,10.752,9.62,-0.17,19.41,396.45,598.3,0.09313613927973899,0.32048914
1986-10-22,-1.1242384049924088e-32,926.4085588203787,1.2777944502171346,1.1920928955078125e-07,1.1920929e-07,1.1920929e-07,0.0,10.752,12.175,2.73,21.62,383.11,739.2,0.09050996714448872,0.3287068
1986-10-23,-7.822316225655366e-33,924.8723419234217,1.5016759127799362,1.1920928955078125e-07,1.1920929e-07,1.1920929e-07,0.0,10.752,14.815,6.51,23.12,354.75,967.94,0.08761227130591794,0.32048914
1986-10-24,-4.6102501589802734e-33,922.1565035123632,1.498926832779535,1.1920928955078125e-07,1.1920929e-07,1.1920929e-07,0.0,10.655997,14.98,7.58,22.38,329.41,1046.38,0.0827146202284054,0.31227148
1986-10-25,-2.742855268713042e-33,926.2867549459583,1.4801000688364239,1.1920928955078125e-07,1.1920929e-07,12.31,12.31,10.655997,14.7,9.59,19.81,190.67,1207.34,0.09027675679044937,0.36157748
1986-10-26,-1.6191701408587368e-33,944.9913840113062,1.2974284935070275,1.1920928955078125e-07,1.1920929e-07,27.13,27.13,10.649202,12.255,9.45,15.06,115.04,1195.63,0.13416446449777453,1.0025557
1986-10-27,-9.774437263360486e-34,956.5899111862882,1.418807563976462,1.1920928955078125e-07,1.1920929e-07,1.1920929e-07,0.0,10.56,13.635,9.68,17.59,209.14,1214.37,0.17152637457732076,0.71493727
1986-10-28,-5.909350732203796e-34,955.0226016084697,1.4265661249325714,1.1920928955078125e-07,1.1920929e-07,1.1920929e-07,0.0,10.56,13.75,8.11,19.39,273.64,1088.62,0.16592560993838262,0.50127786
1986-10-29,-3.2690766762474317e-34,953.5006235895107,1.1432326889562439,1.1920928955078125e-07,1.1920929e-07,1.1920929e-07,0.0,10.463997,10.38,2.21,18.55,343.37,714.77,0.1606619140174929,0.4437542
1986-10-30,-1.2949686795817474e-34,952.0705304993267,1.2708483913209743,1.1920928955078125e-07,1.1920929e-07,1.1920929e-07,0.0,10.463997,12.085,4.99,19.18,313.38,882.6,0.1558682603789994,0.41088352
1986-10-31,-3.4080580781297997e-35,950.6524682098996,1.3026493693440544,1.1920928955078125e-07,1.1920929e-07,1.1920929e-07,0.0,10.463997,12.505,6.11,18.9,290.74,939.31,0.1512561737137753,0.39444816
1986-11-01,-1.9822320417389851e-35,948.2700551512934,1.1804675192783012,1.1920928955078125e-07,1.1920929e-07,1.1920929e-07,0.0,10.367997,11.12,7.7,14.54,177.0,1055.69,0.14381281556970654,0.41088352
1986-11-02,-1.1875264437000465e-35,952.5892376709378,1.3407900935479036,1.1920928955078125e-07,1.1920929e-07,12.49,12.49,10.367997,13.085,10.0,16.17,119.71,1240.1,0.15759020156439726,0.69850194
1986-11-03,-7.102002050749175e-36,957.280340348862,1.3037504834641684,1.1920928955078125e-07,1.1920929e-07,1.1920929e-07,0.0,10.367997,12.555,7.75,17.36,237.22,1060.2,0.174053227232874,0.61632526
1986-11-04,-4.252995151474969e-36,954.8801441773702,1.1773189985586747,1.1920928955078125e-07,1.1920929e-07,1.1920929e-07,0.0,10.272,11.115,5.14,17.09,278.98,891.44,0.16542569755015452,0.50949556
1986-11-05,-2.548855825961376e-36,958.7511956641949,1.2972926448692395,1.1920928955078125e-07,1.1920929e-07,10.68,10.68,10.272,12.6,7.75,17.45,175.91,1059.63,0.17956111563769267,0.5505839
1986-11-06,-1.517627942574796e-36,965.5729789453395,1.2455865981511487,1.1920928955078125e-07,1.1920929e-07,5.21,5.21,10.272,11.835,7.77,15.9,155.4,1061.3,0.20747464481460345,0.772461
1986-11-07,-9.069220080270383e-37,970.4236023074733,1.3708064771221118,1.1920928955078125e-07,1.1920929e-07,9.3,9.3,10.176,13.445,9.1,17.79,163.28,1168.21,0.2299245313264154,1.5531397
1986-11-08,-5.4775685264150504e-37,989.5575377191208,1.3133107949651397,1.1920928955078125e-07,1.1920929e-07,29.97,29.97,10.176,12.44,9.43,15.45,120.23,1194.48,0.34482281940115384,2.4242127
1986-11-09,-3.3138696951401697e-37,1001.9964280915127,1.6259863960993153,1.1920928955078125e-07,1.1920929e-07,1.1920929e-07,0.0,10.176,15.71,10.69,20.73,239.47,1294.97,0.4487658509611919,1.2326505
1986-11-10,-2.0020546590319035e-37,999.8486830725891,1.2876577853950453,1.1920928955078125e-07,1.1920929e-07,1.1920929e-07,0.0,10.08,12.11,5.42,18.8,291.51,898.77,0.4288080825847526,0.9039437
1986-11-11,-1.1440837893380271e-37,1000.3643750804224,0.9933787147116545,1.1920928955078125e-07,1.1920929e-07,1.98,1.98,10.08,8.02,4.61,11.43,170.45,854.05,0.4335176155685459,0.78067863
1986-11-12,-5.813928626413854e-38,1003.2824616460578,0.8989081966944771,1.1920928955078125e-07,1.1920929e-07,5.57,5.57,10.08,6.44,4.55,8.33,78.71,845.79,0.4611581243805426,0.772461
1986-11-13,1.445658429168382e-12,1004.4676563046767,0.6915629976298149,1.1920928955078125e-07,1.1920929e-07,1.1920929e-07,0.0,9.996555,2.61,-1.54,6.76,214.21,551.18,0.4728814980974935,0.6820666
1986-11-14,-0.10506433771199183,1003.3784227904675,0.4497136160647657,1.1920928955078125e-07,1.1920929e-07,1.1920929e-07,0.0,9.984,-3.545,-11.01,3.92,315.59,268.13,0.46209641451906563,0.61632526
1986-11-15,0.6337306964392415,1002.4491774136937,0.5381510959870456,1.1920928955078125e-07,1.459392,0.0006080282,1.46,9.984,-0.99,-7.54,5.56,316.49,354.27,0.45309011390405224,0.59988993
1986-11-16,0.4386564017799262,1003.4184817555,0.7975468865419647,0.43326510591252904,1.1920929e-07,2.09,2.09,9.984,4.77,0.54,9.0,209.99,632.29,0.4624886681859679,0.59988993
1986-11-17,0.16907864820595253,1003.3424710504765,0.9798890031079176,0.14275776281226218,1.1920929e-07,1.1920929e-07,0.0,9.888002,8.06,1.79,14.33,276.92,701.09,0.46174466169512535,0.5670192
1986-11-18,0.07584103335083145,1001.9991620105984,0.9804762523848624,0.051648388401128204,1.1920929e-07,1.1920929e-07,0.0,9.888002,8.09,2.65,13.53,254.96,742.5,0.44879183869802036,0.5505839
1986-11-19,0.03860704549205219,1000.6574595838622,0.89486689552565,0.022984178879443748,1.1920929e-07,1.1920929e-07,0.0,9.888002,6.705,2.38,11.03,220.48,723.2,0.4362172114306234,0.5341486
1986-11-20,0.02014115436875759,1000.9073724003629,0.7419712723970265,0.011081327846624068,1.1920929e-07,3.77,3.77,9.881208,3.88,-0.6,8.36,172.41,586.35,0.4385324285159186,0.5505839
1986-11-21,0.011214568780593773,1005.8831064203586,0.7220268530853212,0.0059213716610014445,1.1920929e-07,11.44,11.44,9.792,3.535,0.04,7.03,145.75,616.13,0.48727358780550317,0.78067863
1986-11-22,0.0059265041289196015,1008.4070516669722,0.6759358098880962,0.003051035000275166,1.1920929e-07,1.1920929e-07,0.0,9.792,2.52,-3.83,8.87,290.8,462.68,0.5140322053695394,0.6491959
1986-11-23,0.0033357468272164634,1007.5704973647923,0.7539084723854943,0.0016956888516598241,1.1920929e-07,1.1920929e-07,0.0,9.792,4.155,-2.24,10.55,289.18,516.09,0.5050041774063136,0.59167224
1986-11-24,0.0017053732054401831,1007.8501577717972,0.9829551029988373,0.0008599571709373845,1.1920929e-07,2.95,2.95,9.792,8.19,3.2,13.18,189.98,773.09,0.5080044678493268,0.58345455
1986-11-25,0.0007991950783912197,1009.5017893142676,1.0483408443086133,0.0004011943126299342,1.1920929e-07,3.1,3.1,9.695997,9.32,4.35,14.29,184.97,840.06,0.5260907728235154,0.5670192
1986-11-26,0.0004736514620891148,1016.890544735216,0.9887262552450918,0.00023738659426484523,1.1920929e-07,14.01,14.01,9.695997,8.295,4.58,12.01,145.7,850.58,0.615217846976877,1.569575
1986-11-27,0.0002828899073585563,1028.858780452041,1.0971308956915895,0.00014164502029506923,1.1920929e-07,12.54,12.54,9.695997,9.735,5.4,14.07,162.54,906.76,0.792726242093615,1.9640231
1986-11-28,0.00016778076054793355,1031.9045740199285,1.045163855469191,8.396075621648264e-05,1.1920929e-07,1.1920929e-07,0.0,9.695997,8.93,4.29,13.57,232.0,837.33,0.8455535374673119,1.1669091
1986-11-29,9.833755063328206e-05,1030.093404294075,1.0355939719256868,4.91929509993542e-05,1.1920929e-07,1.1920929e-07,0.0,9.6892,8.825,2.5,15.15,274.84,733.33,0.8137301096927212,0.9696851
1986-11-30,5.46328639362577e-05,1028.2739412904666,1.001771087697593,2.732389384249794e-05,1.1920929e-07,1.1920929e-07,0.0,9.600003,8.48,1.74,15.22,279.0,698.26,0.7829668457986938,0.8546377
1986-12-01,3.209945166141307e-05,1027.984941333636,0.7825198899842033,1.6052301767676824e-05,1.1920929e-07,1.1920929e-07,0.0,9.600003,4.71,1.07,8.35,194.93,662.02,0.7781886601645011,0.7642433
1986-12-02,1.807994075894218e-05,1035.9416648079184,0.7108614409802624,9.040787590113481e-06,1.1920929e-07,18.9,18.9,9.600003,3.16,0.32,6.0,117.47,621.48,0.9210385461175518,2.5803485
1986-12-03,1.0639753578437547e-05,1050.6269407331783,0.859585904490218,5.320159800109031e-06,1.1920929e-07,17.47,17.47,9.600003,5.8,2.8,8.8,123.23,746.89,1.2570884327417156,3.591122
1986-12-04,5.995411836327244e-06,1055.3068403624286,0.7628382376965066,2.9977957805713134e-06,1.1920929e-07,1.1920929e-07,0.0,9.600003,3.935,-1.27,9.14,249.2,561.08,1.38808366661581,2.0626352
1986-12-05,3.474163754626754e-06,1053.586989577712,0.6512445583771906,1.7368960675188645e-06,1.1920929e-07,1.1920929e-07,0.0,9.593208,1.63,-3.53,6.79,246.44,470.95,1.3384278067707804,1.5038337
1986-12-06,-0.00017104292867721233,1051.6803057897066,0.5593637726027418,1.1920928955078125e-07,1.1920929e-07,1.1920929e-07,0.0,9.516553,-0.435,-8.37,7.5,295.97,318.27,1.2854512299354104,1.2408682
1986-12-07,0.0005818118904001869,1049.6327885207493,0.6399198673060412,0.00029168271591528797,1.1920929e-07,1.1920929e-07,0.0,9.503997,1.565,-7.31,10.44,299.02,347.63,1.2308942638628346,1.1093855
1986-12-08,0.0006418134493422089,1047.6247703238485,0.7432128178644624,0.00032193653239547297,1.1920929e-07,1.1920929e-07,0.0,9.503997,3.805,-1.99,9.6,250.74,524.15,1.1796393157008807,1.0189911
1986-12-09,0.0003797222473282403,1047.8495198779387,0.9317555681328672,0.00019022159569377615,1.1920929e-07,7.51,7.51,9.503997,7.225,4.16,10.29,116.5,812.61,1.1852683336826002,1.0518618
1986-12-10,0.00017893114774839003,1051.4870963856674,1.1092555749468878,8.954561474192628e-05,1.1920929e-07,7.29,7.29,9.503997,9.88,5.92,13.84,143.26,924.34,1.2802013914707768,1.1011678
1986-12-11,7.593351945385746e-05,1058.4847153262401,0.8787650802323538,3.7981174474677735e-05,1.1920929e-07,11.06,11.06,9.503997,6.175,1.77,10.58,156.51,701.06,1.4847335421117467,2.1776826
1986-12-12,4.453083398182675e-05,1067.1552825445401,0.7133156034280455,2.2270374478769244e-05,1.1920929e-07,11.12,11.12,9.503997,2.92,0.76,5.08,86.0,636.58,1.7840539682404821,2.6871781
1986-12-13,3.471292930772307e-05,1070.3324596686982,0.5640047938838225,1.1920928955078125e-07,1.1920929e-07,1.1920929e-07,0.0,9.503997,-0.55,-5.68,4.58,237.07,408.01,1.908246367853126,1.7585814
1986-12-14,4.0131354728944656e-05,1067.9990602798025,0.4402742964141487,1.1920928955078125e-07,1.1920929e-07,1.1920929e-07,0.0,9.503997,-4.025,-11.09,3.04,279.47,269.28,1.8162256052162136,1.3887862
1986-12-15,3.596993874556383e-05,1065.7023355811796,0.6345613922539021,1.785422428777319e-05,1.1920929e-07,1.1920929e-07,0.0,9.503997,1.22,-6.24,8.68,279.74,377.07,1.729985685550741,1.2408682
1986-12-16,2.5441925803753534e-05,1063.132000059972,0.7317368537654645,1.2722581130839548e-05,1.1920929e-07,1.1920929e-07,0.0,9.497203,3.365,-4.28,11.01,278.06,438.1,1.6383184169422689,1.1422561
1986-12-17,1.630044109745245e-05,1061.2798558456313,0.8295791160932705,8.150884809674684e-06,1.1920929e-07,1.1920929e-07,0.0,9.467175,5.32,0.04,10.6,231.95,613.62,1.5752905561256996,1.0600795
1986-12-18,9.574594297396529e-06,1061.579854844259,0.845597048393866,4.787526330837988e-06,1.1920929e-07,6.97,6.97,9.420558,5.68,2.56,8.8,116.78,735.33,1.5853323536175785,1.1093855
1986-12-19,5.496463721041934e-06,1063.4489198293008,0.7844029480722341,2.7483073883045402e-06,1.1920929e-07,1.1920929e-07,0.0,9.420558,4.52,-1.0,10.04,240.24,569.6,1.6493530155427911,1.0436441
1986-12-20,2.4486977402934654e-06,1062.5517418314855,0.7399552876880582,1.2243638604482903e-06,1.1920929e-07,1.1920929e-07,0.0,9.420558,3.66,-3.19,10.51,266.0,486.29,1.6183057982776439,0.95324975
1986-12-21,6.603373408362178e-07,1060.2005061126329,0.585546597560047,1.1920928955078125e-07,1.1920929e-07,1.1920929e-07,0.0,9.420558,0.255,-6.15,6.66,259.26,388.31,1.5396849534718107,0.895726
1986-12-22,3.557538674942601e-07,1057.994705201998,0.5120657275260886,1.1920928955078125e-07,1.1920929e-07,1.1920929e-07,0.0,9.420558,-1.64,-7.52,4.24,249.8,356.96,1.4694031882879934,0.84642
1986-12-23,-0.0006542799347013801,1056.0560740695164,0.5107684821623761,1.1920928955078125e-07,1.1920929e-07,1.1920929e-07,0.0,9.420558,-1.65,-8.71,5.41,271.12,318.68,1.410287808285119,0.80533165
1986-12-24,2.357647758680499,1067.050784261256,0.6405312685533344,2.3545773894275115,3.823042e-06,32.069996,32.07,9.467175,1.395,-3.15,5.94,156.82,485.6,1.780109513057174,2.966579
1986-12-25,0.8606447685166367,1096.2147556896873,0.816640006511495,0.8604873659681247,1.1920929e-07,25.44,25.44,9.467175,4.595,1.43,7.76,116.71,677.97,3.3015848399058525,4.2896237
1986-12-26,0.31509967146954154,1103.540044184179,0.8059551086882494,0.30216419256445715,1.1920929e-07,1.1920929e-07,0.0,9.497203,4.25,-2.05,10.55,254.07,530.2,3.855732340276649,3.1802382
1986-12-27,0.12575876566099387,1099.2137901576496,0.7753806687915528,0.09791710255258694,1.1920929e-07,1.1920929e-07,0.0,9.503997,3.72,-1.31,8.75,223.51,554.6,3.5181164149031603,2.2516415
1986-12-28,0.05944331179444185,1095.1724614973703,0.6981491352940185,0.0383041662959662,1.1920929e-07,1.1920929e-07,0.0,9.503997,2.22,-1.69,6.13,187.1,549.21,3.2294943363541733,1.8489758
1986-12-29,0.04399112603324639,1091.4265621651073,0.6210653065454211,1.1920928955078125e-07,1.1920929e-07,1.1920929e-07,0.0,9.503997,0.56,-6.38,7.5,270.37,378.29,2.98315944193589,1.5860103
1986-12-30,0.09877025129423765,1087.8832290386215,0.6228984451150393,1.1920928955078125e-07,1.1920929e-07,1.1920929e-07,0.0,9.503997,0.65,-5.02,6.32,244.76,438.3,2.7674627614027174,1.4298745
1986-12-31,0.06079945518960764,1084.6098683651628,0.653603958521074,0.039315358369696914,1.1920929e-07,1.1920929e-07,0.0,9.503997,1.395,-3.61,6.4,226.67,466.79,2.5820850826693653,1.2901742
1987-01-01,0.03137569135934447,1080.67689215693,0.6498985348897063,0.018097082526060626,1.1920929e-07,1.1920929e-07,0.0,9.503997,1.365,-2.36,5.09,193.85,512.43,2.3756999601937574,1.2655212
1987-01-02,0.04233609230625655,1085.0919924600046,0.6159730334701757,1.1920928955078125e-07,0.009340491,14.780659,14.79,9.503997,0.525,-1.26,2.31,75.66,561.07,2.6085883366887477,1.3394803
1987-01-03,0.09366202170489522,1089.0863390590807,0.6038991844522138,1.1920928955078125e-07,1.1920929e-07,1.1920929e-07,0.0,9.503997,0.185,-2.25,2.62,135.82,519.89,2.8388931376342144,1.1915622
1987-01-04,0.09468765009918156,1085.788664265611,0.5376661494318417,1.1920928955078125e-07,1.1920929e-07,1.1920929e-07,0.0,9.503997,-1.44,-7.45,4.57,268.51,349.36,2.6473669655370395,1.1422561
1987-01-05,0.09469042059475873,1082.6677107597548,0.5837132873515072,1.1920928955078125e-07,1.1920929e-07,1.1920929e-07,0.0,9.563178,-0.31,-6.99,6.37,281.32,359.45,2.4780204310076877,1.0929501
1987-01-06,0.09473770947270214,1079.6878557972461,0.5831321460517833,1.1920928955078125e-07,1.1920929e-07,1.1920929e-07,0.0,9.600003,-0.34,-8.48,7.8,300.32,319.85,2.3264491697023186,1.0436441
1987-01-07,0.07513801006617507,1076.8182682923064,0.6898584953501297,0.051054689107376,1.1920929e-07,1.1920929e-07,0.0,9.600003,2.145,-4.93,9.22,287.55,438.36,2.189256209010906,1.0436441
1987-01-08,0.0388299019403405,1073.993195042362,0.7652431394571088,0.023137696211422178,1.1920929e-07,1.1920929e-07,0.0,9.600003,3.72,-1.36,8.8,244.6,551.21,2.0620970129709932,1.0847324
1987-01-09,0.02091746693647422,1071.431081035707,0.6386996061155218,0.011239147440072086,1.1920929e-07,1.1920929e-07,0.0,9.600003,1.09,-5.86,8.04,290.38,393.13,1.9531721608867647,1.0272088
1987-01-10,0.010986282468002578,1070.566415938404,0.6985414419226744,0.005794583758485302,1.1920929e-07,3.55,3.55,9.600003,2.415,-2.59,7.42,220.88,505.99,1.9177261001078285,1.0107734
1987-01-11,0.005736491039126104,1070.3227087398407,0.6777763877281631,0.002950477045430791,1.1920929e-07,1.1920929e-07,0.0,9.6125555,1.955,-1.02,4.93,167.66,571.53,1.907852286386025,1.0107734
1987-01-12,0.0018275915222571576,1068.2479492841,0.6888654766721795,0.0009221446563625372,1.1920929e-07,1.1920929e-07,0.0,9.695997,2.095,-2.03,6.22,220.56,531.45,1.825825604127526,0.94503206
1987-01-13,0.00011836995588620884,1065.5336616248517,0.8575603592599689,5.922000655515566e-05,1.1920929e-07,1.1920929e-07,0.0,9.695997,5.4,-0.34,11.14,268.69,592.8,1.7238159664168147,0.871073
1987-01-14,5.787814237157173e-05,1063.450908621713,0.8840022184506354,2.8947445883963038e-05,1.1920929e-07,1.1920929e-07,0.0,9.695997,5.89,-2.15,13.93,306.61,519.61,1.6494224959967974,0.84642
1987-01-15,1.9065396834255812e-05,1062.07507151447,0.9933561188973223,9.533607140516273e-06,1.1920929e-07,2.0,2.0,9.695997,7.695,1.98,13.41,267.06,710.21,1.6020488675555378,0.871073
1987-01-16,-1.3326305374448412e-06,1060.620558589503,1.0335800319716515,1.1920928955078125e-07,1.1920929e-07,0.09,0.09,9.708552,8.31,4.22,12.4,217.27,827.89,1.5534449802881125,0.8546377
1987-01-17,-7.060868492821475e-07,1059.0401992774196,0.7417451508810563,1.1920928955078125e-07,1.1920929e-07,2.05,2.05,9.792,3.17,0.64,5.7,147.76,632.94,1.5023058126878575,0.8628554
1987-01-18,2.953015023119199e-06,1061.4876555712915,0.6443214412666555,1.4261088220835225e-06,2.23732e-05,7.8199778,7.82,9.792,1.065,-1.37,3.5,109.72,548.55,1.5822393939945756,1.0025557
1987-01-19,2.7306572435418427e-06,1073.7417402268863,0.7172951243517244,1.3653472629933746e-06,1.1920929e-07,19.41,19.41,9.792,2.47,0.2,4.74,103.2,621.38,2.051143247458441,1.8900641
1987-01-20,1.694993669323098e-06,1083.9912159586522,0.680893369089776,8.473021585275435e-07,1.591444e-07,5.34,5.34,9.792,1.565,-1.76,4.89,146.47,538.05,2.5484706847900904,2.2105532
1987-01-21,8.374284138145743e-07,1082.3668961008261,0.6627540087945306,4.0219499924032205e-07,1.1920929e-07,1.1920929e-07,0.0,9.888002,1.05,-1.69,3.79,166.71,542.45,2.4622816366080276,1.6353164
1987-01-22,0.3928526877018031,1086.117261159891,0.610525695023249,1.1920928955078125e-07,6.9581785,8.641822,15.6,9.888002,-0.19,-2.72,2.34,117.17,502.34,2.6658571082982228,1.6270987
1987-01-23,18.348007375171175,1083.4400383160357,0.4585557584353893,1.1920928955078125e-07,18.8,1.1920929e-07,18.8,9.888002,-4.21,-8.14,-0.28,195.63,334.17,2.518891307875379,1.5038337
1987-01-24,27.740818277794517,1080.5914290552846,0.3621459342918827,1.1920928955078125e-07,1.1920929e-07,1.1920929e-07,0.0,9.900558,-7.43,-13.58,-1.28,348.09,219.53,2.3714033332769118,1.2655212
1987-01-25,27.889006109869786,1077.8743754793927,0.46444870590792064,1.1920928955078125e-07,2.38,1.1920929e-07,2.38,9.984,-4.095,-9.44,1.25,305.26,284.88,2.2387808766308046,1.3559155
1987-01-26,37.96780009310459,1075.2729998702,0.38531912410585023,1.1920928955078125e-07,16.75,1.1920929e-07,16.75,9.984,-6.635,-10.03,-3.24,181.66,275.99,2.1187604539339198,1.1093855
1987-01-27,46.467639963628336,1072.8573354346868,0.3183762163030554,1.1920928955078125e-07,1.1920929e-07,1.1920929e-07,0.0,9.984,-9.175,-16.4,-1.95,384.45,170.28,2.0130773484464255,0.94503206
1987-01-28,46.47247461375585,1070.5683161116995,0.3573988861229198,1.1920928955078125e-07,1.1920929e-07,1.1920929e-07,0.0,10.08,-7.725,-15.12,-0.33,389.1,192.88,1.9178032861826597,0.80533165
1987-01-29,46.47247461313857,1068.277869096533,0.4865215634800226,1.1920928955078125e-07,1.1920929e-07,1.1920929e-07,0.0,10.08,-3.455,-9.62,2.71,365.05,284.35,1.8269830647055039,0.9039437
1987-01-30,46.3102500737216,1066.0841823368332,0.667745472173296,1.887601965623091,1.1920929e-07,1.1920929e-07,0.0,10.08,1.1,-5.18,7.38,365.92,421.59,1.7440344944757888,1.1504738
1987-01-31,38.060853053068676,1071.7770513063977,0.7644800890282607,11.261159896850586,1.1920929e-07,1.1920929e-07,0.0,10.169206,2.88,-3.53,9.29,367.83,469.29,1.9675377015040973,1.7667991
1987-02-01,31.021065715665223,1075.99427783234,0.6928360468077603,3.317291385512817,1.1920929e-07,1.1920929e-07,0.0,10.176,1.365,-4.29,7.02,345.05,445.48,2.1513784026096645,1.5284866
1987-02-02,19.644856508662855,1084.3165057263298,0.8547672544185286,19.01580238342285,1.1920929e-07,1.1920929e-07,0.0,10.176,4.36,-1.11,9.83,336.28,561.42,2.5660903430431303,1.5120513
1987-02-03,7.206242949403571,1093.0047758064259,0.8826492523491745,7.206242949403571,1.1920929e-07,1.1920929e-07,0.0,10.235178,4.635,0.8,8.47,265.63,638.49,3.084567344940466,1.9886762
1987-02-04,2.6351451496586895,1093.5668505837423,0.8754290118449564,2.6351451496492158,1.1920929e-07,1.1920929e-07,0.0,10.272,4.45,-1.06,9.96,343.87,569.45,3.121509869736876,2.6707428
1987-02-05,0.9618343706559767,1091.3496410161242,0.7892354531816695,0.9617704151680057,1.1920929e-07,1.1920929e-07,0.0,10.272,2.935,-3.75,9.62,385.86,462.15,2.9783029920714243,2.120159
1987-02-06,0.35091707476948647,1088.3129976418857,0.7472705759150389,0.34072163824252577,1.1920929e-07,1.1920929e-07,0.0,10.331169,2.085,-5.91,10.08,412.85,390.74,2.7927700193198346,1.8325404
1987-02-07,0.1381827675468736,1085.0149599832205,0.8946788283363036,0.1104473266546473,1.1920929e-07,1.1920929e-07,0.0,10.367997,4.755,-2.55,12.06,399.29,515.8,2.6043355306196583,1.6846224
1987-02-08,0.06393983434088686,1081.6486147969354,0.9235049015805907,0.041856130839789084,1.1920929e-07,1.1920929e-07,0.0,10.367997,5.28,-3.21,13.77,419.0,475.56,2.425103877080147,1.569575
1987-02-09,0.04384729475707676,1078.5273720085108,0.6669483246628083,1.1920928955078125e-07,1.1920929e-07,1.1920929e-07,0.0,10.457203,0.38,-8.04,8.8,425.43,335.03,2.2699611391305448,1.4380922
1987-02-10,0.04526636259374544,1075.7135195642006,0.5947579522204806,1.1920928955078125e-07,1.1920929e-07,1.1920929e-07,0.0,10.463997,-1.24,-7.65,5.17,387.07,343.27,2.13862256164106,1.3148272
1987-02-11,0.04101174676551614,1072.938441926179,0.7848381931183123,0.024652819016442368,1.1920929e-07,1.1920929e-07,0.0,10.463997,2.83,-5.17,10.83,418.89,426.83,2.0165386513117736,1.2737389
1987-02-12,0.029542699685632064,1070.1270916725468,0.9392440746530069,0.0169375455328036,1.1920929e-07,1.1920929e-07,0.0,10.56,5.42,-1.95,12.79,402.31,525.33,1.8999636398051332,1.2408682
1987-02-13,0.016449874623229742,1067.4091497563313,1.0098099350447756,0.008899911876911975,1.1920929e-07,0.28,0.28,10.56,6.56,-0.06,13.18,387.43,611.28,1.7936730407324626,1.2162151
1987-02-14,0.007774810084347945,1064.8843398200127,0.7868905038152452,0.004038448144425007,1.1920929e-07,1.1920929e-07,0.0,10.56,2.845,-4.41,10.1,410.79,436.66,1.7002699078013028,1.1586915
1987-02-15,0.00646538738744405,1062.5041223502906,0.6727716120790922,1.1920928955078125e-07,1.1920929e-07,1.1920929e-07,0.0,10.655997,0.45,-3.74,4.64,297.29,466.69,1.616674337368242,1.1422561
1987-02-16,0.09146290399728156,1060.3111377839905,0.5590295187516164,1.1920928955078125e-07,0.23,1.1920929e-07,0.23,10.655997,-2.175,-6.65,2.3,311.3,373.73,1.5432971444954957,1.0929501
1987-02-17,13.546407304549144,1058.2850878400957,0.4830932333352478,1.1920928955078125e-07,26.45,1.1920929e-07,26.45,10.668552,-4.215,-7.27,-1.16,176.29,350.77,1.4784688254426979,1.0765148
1987-02-18,27.97041283789351,1056.3046520047824,0.5967490824252928,1.1920928955078125e-07,2.0499685,3.1463802e-05,2.05,10.752,-1.32,-4.41,1.77,233.26,438.02,1.4177328061118843,1.3230449
1987-02-19,28.75363592451714,1054.3195302409285,0.6025463545842596,1.1920928955078125e-07,1.1920929e-07,1.1920929e-07,0.0,10.752,-1.155,-7.18,4.87,394.4,351.45,1.3593569161084282,1.1915622
1987-02-20,28.751032335652454,1052.3459513506466,0.6767099740680512,1.1920928955078125e-07,1.1920929e-07,1.1920929e-07,0.0,10.848,0.415,-6.76,7.59,430.1,360.48,1.303703389792518,1.0682971
1987-02-21,26.21323952109182,1052.875647400039,0.753187484032907,6.493075459171621,1.1920929e-07,1.1920929e-07,0.0,10.848,1.97,-3.24,7.18,352.34,480.0,1.3184127755471833,1.0682971
1987-02-22,22.635011567928117,1054.3557770613343,0.6895482272074704,1.1920928955078125e-07,1.1920929e-07,1.1920929e-07,0.0,10.848,0.66,-3.77,5.09,316.76,463.93,1.360400964358602,1.1915622
1987-02-23,21.409417969923084,1062.0437771986328,0.7309477433587193,2.8392717513920616,5.5927035e-06,17.059994,17.06,10.944003,1.275,-2.44,4.99,206.26,515.41,1.600987299798104,2.720049
1987-02-24,18.347861739222893,1071.0468040671694,0.7422073631243293,3.3701589300668644,1.1920929e-07,1.1920929e-07,0.0,10.944003,1.375,-5.47,8.22,429.55,414.26,1.9373389480619443,2.9172728
1987-02-25,11.775105694941232,1074.847101387169,0.8142234164073445,9.558281898498535,1.1920929e-07,1.1920929e-07,0.0,11.039997,2.555,-3.69,8.8,406.81,470.24,2.099732987798692,2.0461998
1987-02-26,4.418125232532378,1079.1723462016182,0.7950711646799691,4.418122072442958,1.1920929e-07,1.1920929e-07,0.0,11.039997,2.145,-4.55,8.84,427.54,429.49,2.3011846031358476,2.0297644
1987-02-27,1.6162558062205514,1082.2655468667374,0.7462682900106966,1.5974556140958889,8.296966e-06,8.699991,8.7,11.039997,1.175,-3.43,5.78,253.49,469.85,2.4570015316181832,1.9393702
1987-02-28,3.059503684683889,1093.2624163852763,0.6909066044804272,1.1920928955078125e-07,12.138808,11.741191,23.88,11.136005,-0.215,-2.12,1.69,119.97,525.07,3.1014462585572553,5.0374317
1987-03-01,2.550854738249128,1126.6130355864955,0.9991210490259316,2.5508547382278235,1.1920929e-07,51.2,51.2,11.136005,4.775,0.4,9.15,249.6,632.22,6.285682671237135,29.419258
1987-03-02,0.9315294317434222,1144.8723390833547,1.1957058130613798,0.931445567552592,1.1920929e-07,1.1920929e-07,0.0,11.232,7.13,2.75,11.51,334.51,748.89,9.253744636954451,10.765148
1987-03-03,0.34029182775127625,1135.9126557215716,1.1400122158892512,0.3293329384789783,1.1920929e-07,1.1920929e-07,0.0,11.232,6.52,0.92,12.12,402.02,641.49,7.6541769741998955,5.8920693
1987-03-04,0.1353009913008003,1128.0158748451993,0.9930063563704401,0.10751304642055158,1.1920929e-07,1.1920929e-07,0.0,11.232,4.535,-2.51,11.58,461.37,505.47,6.475256786957771,4.1006174
1987-03-05,0.06295373865882843,1121.184479979825,0.8031130891333367,0.04099030697740519,1.1920929e-07,1.1920929e-07,0.0,11.328006,1.355,-6.56,9.27,487.97,375.69,5.602938368111304,3.262415
1987-03-06,0.03237654527167461,1115.0952264167497,0.9687967514612251,0.018786219943814637,1.1920929e-07,1.1920929e-07,0.0,11.328006,4.21,-4.61,13.03,503.85,440.0,4.924946989089464,2.7282665
1987-03-07,0.016976368153613038,1109.3419844567645,1.277831283337243,0.009206951372669293,1.1920929e-07,1.1920929e-07,0.0,11.424,8.38,-2.32,19.08,523.72,511.78,4.359916823108537,2.391342
1987-03-08,0.00857353322982141,1103.8784581523066,1.4136545716118967,0.004470417814063012,1.1920929e-07,1.1920929e-07,0.0,11.424,10.035,-0.01,20.08,514.67,609.76,3.8834695665425474,2.2352064
1987-03-09,0.005057123918916833,1099.139598414391,1.4605319236520924,0.0025924845926211726,1.1920929e-07,1.14,1.14,11.520002,10.485,4.16,16.81,421.33,813.14,3.512592143419298,2.2105532
1987-03-10,0.0030049293135545863,1097.8064258991492,1.030128106603768,0.0015250369587609858,1.1920929e-07,4.88,4.88,11.520002,5.115,-1.4,11.63,332.72,549.41,3.414790288981512,2.2269886
1987-03-11,0.18375194374383816,1095.948593910485,0.662441710100351,1.1920928955078125e-07,1.1920929e-07,1.1920929e-07,0.0,11.520002,-1.34,-7.3,4.62,436.11,347.98,3.283024113873599,1.9886762
1987-03-12,0.4210454275462699,1092.6103001061895,0.7696445365872616,0.03934656630492027,9.870797e-05,1.4099013,1.41,11.615997,0.745,-4.92,6.41,410.76,434.39,3.0589017204257223,1.8900641
1987-03-13,0.16998531941136105,1089.6864587376883,0.8762093483024428,0.1437252325766075,1.1920929e-07,1.1920929e-07,0.0,11.615997,2.685,-3.04,8.41,429.54,492.57,2.8752093441392073,1.7832344
1987-03-14,0.07711284595179728,1086.1330345556619,0.8796767117229951,0.052727061381665156,1.1920929e-07,1.1920929e-07,0.0,11.712,2.67,-6.45,11.79,534.71,379.87,2.6667479182197447,1.668187
1987-03-15,0.03930627043983149,1082.6099818423418,1.110882625853467,0.023466620345081027,1.1920929e-07,1.1920929e-07,0.0,11.712,6.22,-2.15,14.59,515.95,519.57,2.4749922402501774,1.6106633
1987-03-16,0.020815932088152033,1081.8351413907553,1.2052856879924188,0.011487329000549112,1.1920929e-07,4.95,4.95,11.712,7.48,-0.69,15.65,380.55,583.62,2.4347040649611906,1.6270987
1987-03-17,0.011417472287580418,1082.1508836310095,0.847237118430438,0.006034267749981465,1.1920929e-07,2.44,2.44,11.808002,2.05,-4.16,8.26,391.28,450.13,2.4510414423057756,1.594228
1987-03-18,0.006586434431068269,1079.7762684823945,1.0069649631732271,0.0034016308221251376,1.1920929e-07,1.1920929e-07,0.0,11.808002,4.65,-3.16,12.46,497.59,476.85,2.3308099608543182,1.5038337
1987-03-19,0.003905047232427823,1083.5641700823014,1.0065764846483636,0.0019906422570043535,1.1920929e-07,12.9,12.9,11.903997,4.47,-0.17,9.11,259.05,601.85,2.525522839594391,1.8325404
1987-03-20,0.0023340407331462368,1088.4104961316198,1.0729649761539515,0.001180639113676388,1.1920929e-07,3.68,3.68,11.903997,5.365,-1.01,11.74,359.85,560.0,2.7985434240613882,1.7750168
1987-03-21,0.001393349972091474,1086.1028762788733,1.237382663747355,0.0007015284678855858,1.1920929e-07,1.1920929e-07,0.0,12.000009,7.45,-1.51,16.41,500.2,545.21,2.665044974831123,1.618881
1987-03-22,0.0007962977879629331,1082.4000092593208,1.2999844121213413,0.00039973411102284094,1.1920929e-07,1.1920929e-07,0.0,12.000009,8.265,-0.12,16.65,481.51,600.0,2.464009228160994,1.5367043
1987-03-23,0.0004519469489864598,1078.6784334724332,1.2909240602614156,0.00022648411373579934,1.1920929e-07,1.1920929e-07,0.0,12.000009,8.21,-1.16,17.58,499.44,558.63,2.2772358798892203,1.4545276
1987-03-24,0.00015377380543612882,1075.1868734289333,1.3646720760008884,7.69460186645112e-05,1.1920929e-07,1.1920929e-07,0.0,12.096003,9.0,0.48,17.52,475.36,638.2,2.114898805658918,1.421657
1987-03-25,-6.662037816080625e-05,1072.478863414012,1.4258176430591003,1.1920928955078125e-07,1.1920929e-07,1.38,1.38,12.096003,9.725,3.68,15.77,384.1,801.75,1.9970040476396547,1.4298745
1987-03-26,-0.0001412646160116256,1071.185796927294,1.5494006800706057,1.1920928955078125e-07,1.1920929e-07,3.73,3.73,12.191998,10.93,5.21,16.65,276.9,890.57,1.9430509451079114,1.4134393
1987-03-27,-8.656158769342057e-05,1070.9010522567903,1.740875898177959,1.1920928955078125e-07,1.1920929e-07,1.1920929e-07,0.0,12.191998,12.795,5.05,20.54,444.11,884.73,1.9313672231935544,1.3641332
1987-03-28,-4.842334158563321e-05,1071.1515972371858,1.9276989190333012,1.1920928955078125e-07,1.1920929e-07,7.87,7.87,12.288,14.315,7.88,20.75,293.58,1070.87,1.941643927619168,1.4791806
1987-03-29,-2.8985948233626697e-05,1069.811533599348,1.856091720821249,1.1920928955078125e-07,1.1920929e-07,1.1920929e-07,0.0,12.288,13.72,7.27,20.17,393.94,1027.06,1.8873068248364677,1.3641332
1987-03-30,-1.7497693161110635e-05,1075.0184919939863,1.8680027651592472,1.1920928955078125e-07,1.1920929e-07,18.94,18.94,12.288,13.745,9.59,17.9,204.67,1207.38,2.107369412145965,5.0703025
1987-03-31,-1.0477292180615207e-05,1093.6727458821263,1.3873631271843248,1.1920928955078125e-07,1.1920929e-07,31.69,31.69,12.383997,8.625,1.33,15.92,324.92,675.86,3.128519239451361,8.710731
1987-04-01,-6.049500749726362e-06,1102.2555371203844,0.9639398117633714,1.1920928955078125e-07,1.1920929e-07,1.1920929e-07,0.0,12.383997,2.98,-3.71,9.67,418.71,463.04,3.7522421496544114,4.8730783
1987-04-02,-3.571359945595542e-06,1097.8781931021942,1.1650282810539643,1.1920928955078125e-07,1.1920929e-07,1.1920929e-07,0.0,12.479998,5.765,-1.38,12.91,433.71,552.72,3.4199851103263157,3.3774624
1987-04-03,-2.0190935078389507e-06,1095.3163764363956,1.1539105260628177,1.1920928955078125e-07,1.1920929e-07,4.16,4.16,12.479998,5.655,-0.57,11.88,297.19,585.67,3.2393537917879023,2.7775724
1987-04-04,-5.252103549218028e-06,1097.9055199672305,0.8473302833166597,1.1920928955078125e-07,5.7351586e-05,14.149942,14.15,12.479998,1.03,-1.63,3.69,148.99,544.13,3.421965224116998,2.8844023
1987-04-05,-1.3793206179443278e-05,1100.1227299416785,0.8820530327653241,1.1920928955078125e-07,1.6093254e-07,2.6999998,2.7,12.576003,1.475,-1.48,4.43,186.47,550.89,3.586504912851102,2.6050014
1987-04-06,-1.0805547454457863e-05,1097.5100805975114,1.0056788883882728,1.1920928955078125e-07,1.1920929e-07,1.1920929e-07,0.0,12.576003,3.445,0.13,6.76,255.97,620.32,3.3934229616990597,2.268077
1987-04-07,-5.995550385603365e-06,1093.243771931437,1.3003861573537134,1.1920928955078125e-07,1.1920929e-07,1.1920929e-07,0.0,12.672003,7.275,2.54,12.01,352.1,735.33,3.1002217026944203,2.1037235
1987-04-08,-3.356342148859194e-06,1088.8165221724355,1.5754383868932806,1.1920928955078125e-07,1.1920929e-07,1.1920929e-07,0.0,12.672003,10.325,4.57,16.08,406.42,851.32,2.822715012737819,1.9968939
1987-04-09,-8.392646730192313e-07,1084.6367054033078,1.5450393252558754,1.1920928955078125e-07,1.1920929e-07,1.1920929e-07,0.0,12.767997,9.96,1.52,18.4,503.59,684.35,2.5835532616438197,1.8900641
1987-04-10,1.9082259041943108e-06,1080.7143975470824,1.535538775341694,9.541220554124087e-07,1.1920929e-07,1.1920929e-07,0.0,12.767997,9.92,-0.09,19.93,534.03,607.35,2.377587987278478,1.7996697
1987-04-11,4.135409040374141e-06,1076.9509356892822,1.6624717924276295,2.0677472742068928e-06,1.1920929e-07,1.1920929e-07,0.0,12.767997,11.23,1.97,20.49,516.7,717.07,2.1954167884709435,1.7585814
1987-04-12,5.09156419311297e-06,1073.2476569154292,1.770001312317487,2.5458469066213024e-06,1.1920929e-07,0.26,0.26,12.863992,12.165,4.03,20.3,486.33,811.77,2.029789402744614,1.7503637
1987-04-13,4.038108523561999e-06,1069.5037242330984,1.9305887401684774,2.0190950275821142e-06,1.1920929e-07,1.1920929e-07,0.0,12.863992,13.62,5.67,21.57,479.54,920.0,1.8750420441326476,1.7585814
1987-04-14,2.4299548468723803e-06,1065.6799204955933,1.9476320683075157,1.2149921851375841e-06,1.1920929e-07,1.1920929e-07,0.0,12.959997,13.7,6.42,20.98,460.06,962.45,1.729164520900521,1.495616
1987-04-15,1.4666068397657633e-06,1070.5946553369868,1.626971643301205,7.333087972219377e-07,1.1920929e-07,21.3,21.3,12.959997,10.745,6.98,14.51,215.87,999.66,1.918873519911286,7.8150043
1987-04-16,8.884057251249983e-07,1121.6450999834065,1.5469792097186583,4.442048357243302e-07,1.1920929e-07,85.22,85.22,12.959997,9.22,7.4,11.04,114.35,1033.01,5.657870870367773,41.006172
1987-04-17,5.381555513387275e-07,1165.5823148014772,1.611190676689148,2.6907849969785735e-07,1.1920929e-07,25.39,25.39,13.0560055,9.255,7.35,11.16,122.55,1028.03,20.53364151911534,15.613573
1987-04-18,3.259578415115613e-07,1162.0151653232826,1.9263776540756226,1.6297918637706675e-07,1.1920929e-07,10.49,10.49,13.0560055,12.08,8.33,15.83,226.0,1106.66,16.966492040920787,8.382024
1987-04-19,1.9188216394696495e-07,1151.1816901882228,2.2072087652906918,1.1920928955078125e-07,1.1920929e-07,1.1920929e-07,0.0,13.152002,14.24,8.14,20.34,436.28,1092.96,10.57685244427721,5.719498
1987-04-20,1.1253324152868025e-07,1139.414114923885,2.4225351658359204,1.1920928955078125e-07,1.1920929e-07,1.1920929e-07,0.0,13.152002,15.935,8.25,23.62,494.35,1100.07,8.243430608916297,4.388236
1987-04-21,6.424592607816328e-08,1129.4659017442173,2.58845218544367,1.1920928955078125e-07,1.1920929e-07,1.1920929e-07,0.0,13.152002,17.18,8.77,25.59,511.58,1141.52,6.677218878464784,3.7226045
1987-04-22,3.623186867943901e-08,1120.701428624509,2.766763164957181,1.1920928955078125e-07,1.1920929e-07,1.1920929e-07,0.0,13.248,18.305,9.58,27.03,516.85,1206.5,5.545903596471119,3.2541974
1987-04-23,2.188784666901762e-08,1112.8120787308787,2.8140743555135592,1.1920928955078125e-07,1.1920929e-07,1.1920929e-07,0.0,13.248,18.71,11.38,26.04,479.59,1350.01,4.692444763039391,2.9090552
1987-04-24,1.3222508740983884e-08,1131.7638432254964,2.188130158413807,1.1920928955078125e-07,1.1920929e-07,50.12,50.12,13.331445,14.155,11.25,17.06,184.23,1340.31,7.010259426274081,20.379822
1987-04-25,7.972649576230871e-09,1166.3441010968227,1.7848185300827026,1.1920928955078125e-07,1.1920929e-07,41.48,41.48,13.343997,10.52,6.94,14.1,231.18,1000.29,21.295427814460812,21.776825
1987-04-26,4.814923971062295e-09,1171.3075847782152,1.6289006471633911,1.1920928955078125e-07,1.1920929e-07,19.16,19.16,13.343997,9.085,2.83,15.34,356.32,757.63,26.25891149585333,12.737389
1987-04-27,2.492261363784589e-09,1161.1248747080726,1.820549488067627,1.1920928955078125e-07,1.1920929e-07,1.1920929e-07,0.0,13.439992,10.72,3.45,17.99,511.78,779.3,16.07620142571078,7.182244
1987-04-28,4.428433686458272e-10,1150.3070988050504,1.8180164499215818,1.1920928955078125e-07,1.1920929e-07,0.86,0.86,13.439992,10.79,4.24,17.34,466.69,832.12,10.38272110612779,5.505839
1987-04-29,-8.395458780226015e-10,1139.6142662915017,1.955649894091399,1.1920928955078125e-07,1.1920929e-07,1.1920929e-07,0.0,13.439992,12.1,3.55,20.65,541.74,784.2,8.278452362219406,4.5690246
1987-04-30,-8.808361748487806e-10,1129.7386286670376,2.6622750272396596,1.1920928955078125e-07,1.1920929e-07,1.1920929e-07,0.0,13.536,17.165,9.73,24.6,495.95,1218.06,6.715902671079368,3.9937878
1987-05-01,-3.9956060875611655e-10,1122.1954326248729,2.4326314507993385,1.1920928955078125e-07,1.1920929e-07,1.1920929e-07,0.0,13.536,15.78,5.46,26.1,563.0,897.5,5.724208875936227,3.5418158
1987-05-02,-2.004051736293508e-12,1117.1779045525584,2.6697367792583675,1.1920928955078125e-07,1.1920929e-07,1.1920929e-07,0.0,13.542794,17.39,7.52,27.26,550.01,1041.85,5.1470674198814015,3.2541974
1987-05-03,2.0703269774389475e-10,1114.147418428407,2.896543095594854,1.1920928955078125e-07,1.1920929e-07,9.73,9.73,13.632003,18.695,9.8,27.59,393.36,1224.28,4.827061061357366,2.8761845
1987-05-04,1.5638168752481433e-10,1112.2365358270522,2.6610595233422214,1.1920928955078125e-07,1.1920929e-07,3.24,3.24,13.632003,17.3,10.18,24.42,376.33,1254.7,4.6355879104060245,2.711831
1987-05-05,4.752573727522393e-11,1108.7831376855977,1.8896532951459126,1.1920928955078125e-07,1.1920929e-07,4.33,4.33,13.668831,11.72,6.23,17.21,306.07,947.72,4.308612550838158,2.465301
1987-05-06,-4.4215852191977027e-11,1103.8793871036958,2.0030519303094065,1.1920928955078125e-07,1.1920929e-07,1.1920929e-07,0.0,13.728,12.655,3.81,21.5,533.59,800.8,3.8835459796030256,2.3009477
1987-05-07,-9.161734403540142e-11,1098.2201473273792,2.420289772779998,1.1920928955078125e-07,1.1920929e-07,1.1920929e-07,0.0,13.728,15.82,6.63,25.01,530.59,970.23,3.444845982640814,2.1365943
1987-05-08,-7.10075556902696e-11,1092.4971070855863,2.5003120697515304,1.1920928955078125e-07,1.1920929e-07,1.1920929e-07,0.0,13.764828,16.4,8.24,24.56,498.79,1099.68,3.0515765947537603,1.9722408
1987-05-09,-2.6123640742670953e-11,1087.1193414126249,2.070101287473353,1.1920928955078125e-07,1.1920929e-07,1.1920929e-07,0.0,13.8239975,13.32,2.68,23.96,564.37,745.33,2.723045377931082,1.8900641
1987-05-10,1.3404104134795534e-11,1081.994730402034,2.4951841662210166,1.1920928955078125e-07,1.1920929e-07,1.1920929e-07,0.0,13.8239975,16.455,6.25,26.66,548.98,945.12,2.442947985906436,1.7667991
1987-05-11,3.637235652187664e-11,1076.9797205584962,2.9475803280446877,1.1920928955078125e-07,1.1920929e-07,1.1920929e-07,0.0,13.830791,19.32,10.25,28.39,515.02,1259.92,2.1967557375765736,1.6846224
1987-05-12,3.188814626622761e-11,1071.9419493389748,3.08029560594013,1.1920928955078125e-07,1.1920929e-07,1.1920929e-07,0.0,13.919997,20.04,12.01,28.07,482.57,1400.82,1.974421808679604,1.6435341
1987-05-13,1.2535862564042012e-11,1067.4227739529406,2.8303419620951145,1.1920928955078125e-07,1.1920929e-07,3.97,3.97,13.919997,18.675,12.69,24.66,326.14,1460.76,1.7941907277513751,1.6024457
1987-05-14,-6.342773840071284e-12,1063.533917985851,2.2465620801994706,1.1920928955078125e-07,1.1920929e-07,1.09,1.09,13.919997,14.895,11.02,18.77,293.73,1321.68,1.652325123326191,1.6024457
1987-05-15,-1.9536011493319715e-11,1059.9225479710115,2.584772954106496,1.1920928955078125e-07,1.1920929e-07,1.1920929e-07,0.0,14.016,17.155,11.42,22.89,400.35,1353.38,1.5306467134955837,1.6435341
1987-05-16,-2.1832098942910638e-11,1056.235830441727,2.5611457517992577,1.1920928955078125e-07,1.1920929e-07,1.1920929e-07,0.0,14.016,17.06,9.1,25.02,489.45,1168.76,1.415667650195015,1.6270987
1987-05-17,-1.3399111659466933e-11,1051.6672149878978,2.778000884951767,1.1920928955078125e-07,1.1920929e-07,1.1920929e-07,0.0,14.016,18.495,9.61,27.38,507.38,1208.86,1.285094850963967,1.5613573
1987-05-18,-7.034042738487854e-12,1046.5913214976945,3.4098548996692224,1.1920928955078125e-07,1.1920929e-07,1.1920929e-07,0.0,14.099442,21.98,13.53,30.43,477.29,1553.16,1.1540979550782162,1.4791806
1987-05-19,-3.9230901128187506e-12,1044.90999469001,3.4568488250462495,1.1920928955078125e-07,1.1920929e-07,5.74,5.74,14.111998,22.23,15.62,28.84,302.93,1769.63,1.1137208639778395,1.3148272
1987-05-20,-2.3011267318867266e-12,1049.6766785327338,2.81666746717881,1.1920928955078125e-07,1.1920929e-07,10.5,10.5,14.111998,18.645,12.92,24.37,281.94,1473.38,1.2320390879523448,1.9147171
1987-05-21,-1.3714571688451499e-12,1051.8708311583785,2.382986614040475,1.1920928955078125e-07,1.1920929e-07,1.1920929e-07,0.0,14.111998,15.82,11.83,19.81,285.92,1386.72,1.290649220012872,1.5202689
1987-05-22,-8.06861616849559e-13,1048.1742648749257,2.7399742814621773,1.1920928955078125e-07,1.1920929e-07,1.1920929e-07,0.0,14.207997,18.09,13.38,22.8,330.92,1543.04,1.193449290087315,1.3970039
1987-05-23,-4.759978858823046e-13,1043.8851093521248,3.160842515869406,1.1920928955078125e-07,1.1920929e-07,1.1920929e-07,0.0,14.207997,20.585,14.02,27.15,423.11,1594.27,1.0898044152038842,1.3148272
1987-05-24,-2.786526627713151e-13,1040.4311270591213,3.2984620000105416,1.1920928955078125e-07,1.1920929e-07,1.8,1.8,14.207997,21.375,14.96,27.79,384.67,1703.52,1.0129215483154836,1.2737389
1987-05-25,-1.6734519630559454e-13,1047.938755256775,3.369727915677512,1.1920928955078125e-07,1.1920929e-07,18.28,18.28,14.207997,21.62,16.41,26.83,257.72,1861.65,1.1875107419074002,2.3584714
1987-05-26,-1.006625497670543e-13,1055.970578048403,3.2615099005471584,1.1920928955078125e-07,1.1920929e-07,7.29,7.29,14.291445,20.825,16.64,25.01,215.69,1882.49,1.4077362181882314,1.6435341
1987-05-27,-6.0121061007553e-14,1056.5132320100686,3.1279443864612255,1.1920928955078125e-07,1.1920929e-07,2.44,2.44,14.304,20.085,16.29,23.88,240.09,1851.64,1.4240101684015236,1.5202689
1987-05-28,-3.479204155799862e-14,1056.0668064325846,3.491652525960226,1.1920928955078125e-07,1.1920929e-07,5.45,5.45,14.304,21.985,16.75,27.22,264.41,1894.67,1.4106084373574248,1.4791806
1987-05-29,-2.0260885581804436e-14,1054.2574723033983,3.6917785045678615,1.1920928955078125e-07,1.1920929e-07,1.1920929e-07,0.0,14.304,22.985,16.44,29.53,418.01,1861.82,1.3575712680506915,1.3970039
1987-05-30,-1.0719995937972537e-14,1049.5285912731304,3.73450919276443,1.1920928955078125e-07,1.1920929e-07,1.1920929e-07,0.0,14.304,23.265,15.92,30.61,450.26,1810.96,1.228180648674022,1.2737389
1987-05-31,-6.115683467289346e-15,1045.2353134824527,3.7591234678114067,1.1920928955078125e-07,1.1920929e-07,1.1920929e-07,0.0,14.387447,23.35,16.51,30.19,433.3,1871.34,1.1214216149077014,1.1915622
1987-06-01,-3.3210882876213367e-15,1045.4824838675581,3.6551513665842514,1.1920928955078125e-07,1.1920929e-07,6.87,6.87,14.4000025,22.84,16.11,29.57,325.34,1830.06,1.1273080603711823,1.1504738
1987-06-02,-1.8221226120098796e-15,1046.8513356588396,3.606808002330218,1.1920928955078125e-07,1.1920929e-07,5.27,5.27,14.4000025,22.585,15.69,29.48,338.72,1778.78,1.160471580963329,1.5613573
1987-06-03,-1.0627527866454911e-15,1043.5908257951207,3.762918050035537,1.1920928955078125e-07,1.1920929e-07,1.1920929e-07,0.0,14.4000025,23.38,16.2,30.56,453.08,1839.74,1.0830324900257273,1.3970039
1987-06-04,-6.24512607040807e-16,1040.6452301520108,3.6195247410598106,1.1920928955078125e-07,1.1920929e-07,4.15,4.15,14.4000025,22.75,16.35,29.15,315.3,1857.02,1.0175255376011765,1.2737389
1987-06-05,-3.721266830202794e-16,1044.670407452909,2.8401705788419025,1.1920928955078125e-07,1.1920929e-07,11.24,11.24,14.4000025,18.525,11.09,25.96,361.77,1327.47,1.1080833327388633,2.0544176
1987-06-06,-2.2295888242750963e-16,1046.325757933278,2.934995097045594,1.1920928955078125e-07,1.1920929e-07,1.1920929e-07,0.0,14.4368305,19.01,10.48,27.54,518.39,1278.34,1.1476244317529298,1.2737389
1987-06-07,-1.3361128786600627e-16,1041.9356363545983,3.262324709493664,1.1920928955078125e-07,1.1920929e-07,1.1920929e-07,0.0,14.496003,20.815,12.01,29.62,518.14,1400.54,1.0457204563981837,1.1915622
1987-06-08,-7.953092370661801e-17,1037.518471470335,3.575824907497036,1.1920928955078125e-07,1.1920929e-07,1.1920929e-07,0.0,14.496003,22.475,14.53,30.42,487.45,1644.64,0.9523194496108887,1.1093855
1987-06-09,3.23350430582214e-18,1032.952208563462,3.6909701146980107,1.1920928955078125e-07,1.1920929e-07,1.1920929e-07,0.0,14.496003,23.105,15.82,30.39,465.8,1790.64,0.8645262221022558,1.0272088
1987-06-10,1.7016970048530946e-16,1028.360489315819,3.196462077393077,1.1920928955078125e-07,1.1920929e-07,1.1920929e-07,0.0,14.496003,20.69,13.02,28.36,491.52,1508.96,0.7844034895766294,0.9861204
1987-06-11,3.8729200365550705e-16,1023.7834804277305,2.636040111168965,1.1920928955078125e-07,1.1920929e-07,1.1920929e-07,0.0,14.496003,17.5,9.51,25.49,514.43,1200.78,0.7119281776754769,0.9696851
1987-06-12,6.20131078096833e-16,1019.2608137485804,3.15619619381802,1.1920928955078125e-07,1.1920929e-07,1.1920929e-07,0.0,14.496003,20.625,14.08,27.17,447.1,1607.15,0.64689342190335,0.9614674
1987-06-13,8.342175880897053e-16,1014.8321211277527,3.7385971049251028,1.1920928955078125e-07,1.1920929e-07,0.05,0.05,14.496003,23.64,18.65,28.63,353.91,2153.96,0.5889707718899893,0.9861204
1987-06-14,9.950821979145423e-16,1010.5370344146311,3.6481962761176177,1.1920928955078125e-07,1.1920929e-07,0.47,0.47,14.496003,23.285,17.04,29.53,418.16,1950.76,0.5377541559447935,0.9861204
1987-06-15,1.0682555718517618e-15,1006.4151854585999,3.69494521379755,1.1920928955078125e-07,1.1920929e-07,1.1920929e-07,0.0,14.496003,23.58,16.28,30.88,464.38,1848.19,0.4927962567612507,0.97790277
1987-06-16,1.019268374181783e-15,1002.5062061090429,3.9093674888842638,1.1920928955078125e-07,1.1920929e-07,1.1920929e-07,0.0,14.502797,24.635,18.18,31.09,427.34,2085.21,0.4536377483736365,0.94503206
1987-06-17,8.136512691850226e-16,998.8497282153439,3.6223928007374777,1.1920928955078125e-07,1.1920929e-07,0.77,0.77,14.532827,23.32,17.09,29.55,426.62,1954.83,0.4198302247600214,0.97790277
1987-06-18,4.810350857213852e-16,995.2493008436575,3.574464741295071,1.1920928955078125e-07,1.1920929e-07,1.1920929e-07,0.0,14.532827,23.15,17.44,28.86,402.9,2001.53,0.3890037773835679,0.94503206
1987-06-19,2.1553850057234356e-16,991.278854892937,3.5340391141710654,1.1920928955078125e-07,1.1920929e-07,1.1920929e-07,0.0,14.57945,22.965,17.5,28.43,390.99,2004.52,0.35762690216400544,0.92037904
1987-06-20,7.065921644740997e-17,987.4317654177862,3.708872677339952,1.1920928955078125e-07,1.1920929e-07,1.1920929e-07,0.0,14.57945,23.88,18.13,29.63,399.9,2080.63,0.32964104623950524,0.94503206
1987-06-21,3.9445861413896415e-17,986.0236207227327,3.892786895489465,1.1920928955078125e-07,1.1920929e-07,6.28,6.28,14.57945,24.76,19.06,30.46,293.4,2214.58,0.31995428895012235,0.9861204
1987-06-22,2.336830617118307e-17,992.062687444086,3.7795189446043653,1.1920928955078125e-07,1.1920929e-07,14.36,14.36,14.57945,24.13,18.16,30.1,306.23,2083.96,0.36361396863259676,1.2162151
1987-06-23,1.3815737350579756e-17,993.1891941808702,3.9034113328712503,1.1920928955078125e-07,1.1920929e-07,1.1920929e-07,0.0,14.57945,24.68,18.7,30.66,407.36,2160.89,0.37239441064492235,0.9861204
1987-06-24,8.239197608640904e-18,988.845370677457,3.71629288540105,1.1920928955078125e-07,1.1920929e-07,1.1920929e-07,0.0,14.57945,23.89,17.95,29.83,408.41,2061.49,0.33966035765887376,0.7642433
1987-06-25,4.848446940927314e-18,986.1748997654767,3.5086132925985622,1.1920928955078125e-07,1.1920929e-07,2.85,2.85,14.532827,22.985,18.51,27.46,295.39,2129.9,0.32098115339176975,0.82176703
1987-06-26,2.8858444387940815e-18,987.500358865409,3.344850774757682,1.1920928955078125e-07,1.1920929e-07,7.32,7.32,14.502797,22.165,17.95,26.38,235.88,2059.39,0.3301203268636995,1.0682971
1987-06-27,1.7085894303393772e-18,993.2878347885026,3.197969574027372,1.1920928955078125e-07,1.1920929e-07,11.97,11.97,14.496003,21.295,15.55,27.04,305.14,1763.73,0.3731732772623507,1.7667991
1987-06-28,1.0069130615651714e-18,994.235355024638,2.749436988222631,1.1920928955078125e-07,1.1920929e-07,1.1920929e-07,0.0,14.496003,18.7,10.34,27.06,519.58,1267.32,0.38073837958663087,1.2326505
1987-06-29,5.990090550564051e-19,991.1701289501508,2.93319540946292,1.1920928955078125e-07,1.1920929e-07,1.1920929e-07,0.0,14.496003,19.85,11.11,28.59,524.37,1328.97,0.3568042546155794,0.94503206
1987-06-30,3.4680112709091944e-19,987.644999399891,3.4029574481687614,1.1920928955078125e-07,1.1920929e-07,1.1920929e-07,0.0,14.496003,22.47,14.11,30.83,501.17,1608.8,0.3311332538609966,0.82176703
1987-07-01,2.0579575533951994e-19,984.5903158081646,3.705329847851975,1.1920928955078125e-07,1.1920929e-07,1.1920929e-07,0.0,14.496003,24.015,16.2,31.83,475.99,1838.41,0.31038672806303746,0.7395903
1987-07-02,1.1939430868330167e-19,988.5870701390794,3.8056607943028204,1.1920928955078125e-07,1.1920929e-07,16.71,16.71,14.496003,24.415,18.36,30.47,301.43,2107.25,0.337807111513798,0.80533165
1987-07-03,7.178820156689006e-20,995.9494532809757,3.8350870115711198,1.1920928955078125e-07,1.1920929e-07,8.25,8.25,14.496003,24.42,19.32,29.52,266.09,2246.09,0.39481571759344186,0.797114
1987-07-04,4.3247714203064517e-20,1005.0072050790445,3.7002959744858956,1.1920928955078125e-07,1.1920929e-07,17.92,17.92,14.496003,23.63,18.6,28.66,266.95,2145.07,0.47831672205667364,1.1176032
1987-07-05,2.602447439798223e-20,1017.5364134090222,3.8271435134691454,1.1920928955078125e-07,1.1920929e-07,14.75,14.75,14.496003,24.005,18.8,29.21,275.44,2174.18,0.6236920251816804,2.9501436
1987-07-06,1.5546855837679042e-20,1020.1074588598984,4.007606941688912,1.1920928955078125e-07,1.1920929e-07,0.73,0.73,14.483447,24.79,18.73,30.85,399.06,2164.56,0.6585987738932384,1.1176032
1987-07-07,8.865442558373591e-21,1016.217967138061,4.137649570989816,1.1920928955078125e-07,1.1920929e-07,1.1920929e-07,0.0,14.406797,25.52,19.03,32.01,430.26,2208.92,0.6065155892031581,0.9039437
1987-07-08,4.672838179909438e-21,1012.5235262342043,4.120662248036817,1.1920928955078125e-07,1.1920929e-07,1.81,1.81,14.4000025,25.52,19.19,31.85,394.95,2226.08,0.5608636142236826,0.747808
1987-07-09,2.7451155897732546e-21,1008.6548972362034,4.222606675208638,1.1920928955078125e-07,1.1920929e-07,1.1920929e-07,0.0,14.4000025,26.025,19.6,32.45,427.18,2276.04,0.5167377977353247,0.6902843
1987-07-10,1.6096027751505728e-21,1003.7640371051637,4.154245631848337,1.1920928955078125e-07,1.1920929e-07,1.1920929e-07,0.0,14.4000025,25.82,19.83,31.81,410.51,2306.24,0.4658861682516227,1.0765148
1987-07-11,9.704008767147362e-22,1008.4799007110025,4.0778077504854275,1.1920928955078125e-07,1.1920929e-07,17.28,17.28,14.4000025,25.405,19.23,31.58,317.17,2234.47,0.5148259845818323,1.6353164
1987-07-12,5.852461804548403e-22,1013.4345066022306,4.0180059261831,1.1920928955078125e-07,1.1920929e-07,3.45,3.45,14.4000025,25.055,18.98,31.13,321.41,2201.41,0.5717909288065578,1.3066095
1987-07-13,3.5356027335405324e-22,1020.2433787738489,3.87844090767754,1.1920928955078125e-07,1.1920929e-07,16.89,16.89,14.310795,24.42,17.99,30.85,328.24,2060.09,0.6604975761577286,1.3723509
1987-07-14,2.1365646352119663e-22,1023.2854754898336,3.7773585809365793,1.1920928955078125e-07,1.1920929e-07,1.1920929e-07,0.0,14.304,23.91,18.51,29.31,389.79,2128.55,0.7044579862793561,0.97790277
1987-07-15,1.289039546673597e-22,1019.20809455196,3.0007512279274584,1.1920928955078125e-07,1.1920929e-07,1.1920929e-07,0.0,14.304,19.99,13.53,26.45,461.19,1553.43,0.6461714679658237,0.797114
1987-07-16,7.255277174126359e-23,1015.6423668928909,2.892644738797828,1.1920928955078125e-07,1.1920929e-07,1.1920929e-07,0.0,14.304,19.425,12.93,25.92,464.53,1499.04,0.5991659060394406,0.73137265
1987-07-17,2.2774873256190558e-23,1012.0394155001459,3.078828544550024,1.1920928955078125e-07,1.1920929e-07,1.1920929e-07,0.0,14.304,20.55,13.55,27.55,479.35,1553.63,0.5551418801287381,0.6902843
1987-07-18,-1.126552926371536e-23,1008.3320237142528,3.266830739580706,1.1920928955078125e-07,1.1920929e-07,1.1920929e-07,0.0,14.207997,21.75,14.85,28.65,468.86,1696.38,0.513215963606179,0.6820666
1987-07-19,-1.83733101956228e-23,1004.4683005384484,3.4858316492825954,1.1920928955078125e-07,1.1920929e-07,1.1920929e-07,0.0,14.207997,22.945,15.1,30.79,493.25,1714.35,0.4728879509122797,0.6656313
1987-07-20,6.65572110855496e-24,1000.4002458593543,3.7703532240172426,1.1920928955078125e-07,1.1920929e-07,1.1920929e-07,0.0,14.207997,24.395,16.19,32.6,493.94,1838.37,0.43384712130494696,0.62454295
1987-07-21,5.564138832391815e-23,996.1482514194175,4.116944397077692,1.1920928955078125e-07,1.1920929e-07,1.1920929e-07,0.0,14.207997,26.035,17.94,34.13,479.45,2056.77,0.39648170553808665,0.59988993
1987-07-22,1.1940494491590432e-22,991.7614046100475,4.225640515625529,1.1920928955078125e-07,1.1920929e-07,1.1920929e-07,0.0,14.118794,26.695,18.78,34.61,468.26,2173.78,0.36130094335445406,0.5752369
1987-07-23,1.887676443499511e-22,987.2887928226539,4.271604110390626,1.1920928955078125e-07,1.1920929e-07,1.1920929e-07,0.0,14.111998,26.98,19.38,34.58,454.17,2247.94,0.3286442943133956,0.5505839
1987-07-24,2.5455074009149594e-22,982.7795034486463,4.111496401991213,1.1920928955078125e-07,1.1920929e-07,1.1920929e-07,0.0,14.111998,26.375,18.24,34.51,472.21,2102.7,0.29870721002514194,0.5341486
1987-07-25,3.075754856059766e-22,978.2826238794343,4.055209934264168,1.1920928955078125e-07,1.1920929e-07,1.1920929e-07,0.0,14.111998,26.21,18.23,34.19,464.8,2095.64,0.2715685481257245,0.5177132
1987-07-26,3.3866313435883054e-22,973.8472415064274,4.152409269925754,1.1920928955078125e-07,1.1920929e-07,1.1920929e-07,0.0,14.016,26.84,18.95,34.73,455.13,2173.55,0.24721734640091428,0.50949556
1987-07-27,3.3863493981549535e-22,969.5224437210352,4.143156280583245,1.1920928955078125e-07,1.1920929e-07,1.1920929e-07,0.0,14.016,26.88,20.11,33.65,410.94,2348.83,0.2255774403210054,0.4930602
1987-07-28,2.983121554414084e-22,965.3573179146672,4.024562751457753,1.1920928955078125e-07,1.1920929e-07,1.1920929e-07,0.0,14.016,26.435,20.45,32.42,379.75,2395.04,0.20652907066383494,0.47662488
1987-07-29,2.0844977982835696e-22,961.4002173554219,3.637397865358674,1.1920928955078125e-07,1.1920929e-07,1.1920929e-07,0.0,14.003442,24.72,18.2,31.24,415.44,2100.34,0.1899242043339154,0.46840718
1987-07-30,6.501815187306385e-23,957.6126795680444,3.470438554128162,1.1920928955078125e-07,1.1920929e-07,1.1920929e-07,0.0,13.919997,24.065,17.65,30.48,416.39,2026.64,0.1752827698111422,0.4437542
1987-07-31,-9.846203043538194e-23,953.9107693258676,3.6078543043943,1.1920928955078125e-07,1.1920929e-07,1.1920929e-07,0.0,13.919997,24.82,17.95,31.69,432.56,2055.64,0.162063724716402,0.70671964
1987-08-01,-2.3762261243451833e-22,950.2399102114308,3.61428727986908,1.1920928955078125e-07,1.1920929e-07,1.1920929e-07,0.0,13.919997,24.92,17.99,31.85,432.8,2061.99,0.1499401843008486,0.82176703
1987-08-02,-3.0809543946188366e-22,946.5455258072736,3.4906551017609155,1.1920928955078125e-07,1.1920929e-07,1.1920929e-07,0.0,13.8239975,24.495,18.66,30.33,384.53,2155.26,0.1386544646530408,0.5588016
1987-08-03,-2.655123568550159e-22,942.7730396959357,3.861482288641827,1.1920928955078125e-07,1.1920929e-07,1.1920929e-07,0.0,13.8239975,26.365,20.24,32.49,387.85,2367.27,0.12800626579608707,0.5259309
1987-08-04,-1.3868570594292978e-22,938.8876016697238,4.104507284772826,1.1920928955078125e-07,1.1920929e-07,8.34,8.34,13.8239975,27.54,20.71,34.37,306.29,2439.35,0.11789342044060135,0.93681437
1987-08-05,-2.7892654853044313e-23,934.9658605409442,3.9253416792174103,1.1920928955078125e-07,1.1920929e-07,1.1920929e-07,0.0,13.728,26.935,20.39,33.48,399.52,2393.76,0.1084960581750808,0.5670192
1987-08-06,3.9712702683666484e-23,931.123372260666,3.655314504402996,1.1920928955078125e-07,1.1920929e-07,1.1920929e-07,0.0,13.728,25.73,19.07,32.39,410.12,2211.43,0.10001551805273604,0.48484254
1987-08-07,4.0296736325398665e-23,927.4929004380007,3.440089039601335,1.1920928955078125e-07,1.1920929e-07,1.1920929e-07,0.0,13.728,24.72,19.77,29.67,330.99,2296.45,0.0926128247629361,0.46018952
1987-08-08,1.7796479133042715e-23,924.4140677636013,3.296666583102826,1.1920928955078125e-07,1.1920929e-07,5.18,5.18,13.632003,24.15,18.62,29.68,290.06,2151.31,0.08676595124025478,0.5259309
1987-08-09,-1.2032833917842514e-25,921.5899934283715,3.7016046704784276,1.1920928955078125e-07,1.1920929e-07,1.1920929e-07,0.0,13.632003,26.265,19.33,33.2,417.97,2244.1,0.0817280288190408,0.4930602
1987-08-10,-8.659534762471874e-24,918.5032127968631,3.818652176161344,1.1920928955078125e-07,1.1920929e-07,1.1920929e-07,0.0,13.632003,26.885,20.83,32.94,375.45,2455.94,0.07655545003195374,0.4355365
1987-08-11,-5.704473405432512e-24,914.9079253183879,3.43669356865642,1.1920928955078125e-07,1.1920929e-07,1.1920929e-07,0.0,13.536,25.195,19.47,30.92,368.81,2259.97,0.07094201375171383,0.40266582
1987-08-12,-8.800128342276935e-25,911.6426273253346,2.9465771631772477,1.1920928955078125e-07,1.1920929e-07,1.1920929e-07,0.0,13.536,22.55,16.14,28.96,412.08,1832.7,0.06620128854052836,0.3862305
1987-08-13,3.2972095023194927e-24,908.6815576751787,2.8299556550332268,1.1920928955078125e-07,1.1920929e-07,1.1920929e-07,0.0,13.536,21.905,14.88,28.93,437.54,1698.23,0.062176737709345224,0.37801284
1987-08-14,5.551135495832187e-24,905.8654562366999,2.716614191605467,1.1920928955078125e-07,1.1920929e-07,1.1920929e-07,0.0,13.439992,21.375,13.77,28.98,459.31,1580.63,0.05857643886542332,0.36979514
1987-08-15,4.6255720621899036e-24,903.0327841260221,2.8329576059349004,1.1920928955078125e-07,1.1920929e-07,1.1920929e-07,0.0,13.439992,22.155,16.14,28.17,389.08,1831.57,0.055165247049896275,0.36979514
1987-08-16,1.4893883140207404e-24,899.8900190708385,2.983557594111161,1.1920928955078125e-07,1.1920929e-07,3.88,3.88,13.350795,23.235,18.49,27.98,239.9,2129.79,0.051612591184646804,0.41910118
1987-08-17,-2.033810767913514e-24,896.4388381195952,3.3939890499908083,1.1920928955078125e-07,1.1920929e-07,1.1920929e-07,0.0,13.343997,25.59,19.13,32.05,396.26,2218.35,0.047974303629408056,0.41910118
1987-08-18,-4.9842788584601615e-24,892.8573705161623,3.587486050501435,1.1920928955078125e-07,1.1920929e-07,1.1920929e-07,0.0,13.343997,26.655,19.92,33.39,402.22,2320.59,0.044469598161093624,0.37801284
1987-08-19,-6.402269632466521e-24,889.3237455044103,3.4042068010812017,1.1920928955078125e-07,1.1920929e-07,1.1920929e-07,0.0,13.248,25.915,19.44,32.39,396.83,2258.17,0.04126271770596964,0.36979514
1987-08-20,-5.328036764779886e-24,886.01609232821,3.0960566249970825,1.1920928955078125e-07,1.1920929e-07,1.1920929e-07,0.0,13.248,24.295,16.65,31.94,448.29,1884.6,0.03847079305470985,0.41910118
1987-08-21,-2.9732393010496232e-24,883.7983152769632,2.9611996616440854,1.1920928955078125e-07,1.1920929e-07,1.1920929e-07,0.0,13.248,23.555,14.72,32.39,484.83,1639.54,0.036705410404061445,0.36979514
1987-08-22,-1.3781602002293435e-24,883.361092204793,3.167388825528525,1.1920928955078125e-07,1.1920929e-07,4.55,4.55,13.152002,24.88,16.31,33.45,350.54,1850.86,0.03636705419185613,0.40266582
1987-08-23,-7.115639069641813e-25,884.3255593020361,3.1923570935447456,1.1920928955078125e-07,1.1920929e-07,4.23,4.23,13.152002,25.0,17.5,32.5,324.06,2000.76,0.03711762129411863,0.37801284
1987-08-24,-3.737779463653869e-25,883.3227641552595,2.485169559325489,1.1920928955078125e-07,1.1920929e-07,1.1920929e-07,0.0,13.0560055,20.775,13.16,28.39,456.63,1499.22,0.03633754216792924,0.35335982
1987-08-25,-1.6794534101833724e-25,880.8240963182092,2.28979321563842,1.1920928955078125e-07,1.1920929e-07,1.1920929e-07,0.0,13.0560055,19.425,11.87,26.98,459.23,1373.55,0.0344643914614001,0.3287068
1987-08-26,-9.489199038248763e-26,879.1053545177089,2.5595562329001997,1.1920928955078125e-07,1.1920929e-07,1.1920929e-07,0.0,13.0560055,21.365,14.74,27.99,416.15,1677.75,0.033232278808958626,0.34514216
1987-08-27,-5.355043047140365e-26,879.4509429062674,3.039664162063278,1.1920928955078125e-07,1.1920929e-07,5.04,5.04,12.959997,24.49,17.91,31.07,309.54,2053.79,0.033476430745819595,0.35335982
1987-08-28,-3.151089482547162e-26,879.0050121365923,3.1791446024771046,1.1920928955078125e-07,1.1920929e-07,1.1920929e-07,0.0,12.959997,25.295,18.41,32.18,405.28,2113.21,0.03316172287977586,0.34514216
1987-08-29,-1.7786995325658555e-26,876.188851391366,2.795858680028851,1.1920928955078125e-07,1.1920929e-07,1.1920929e-07,0.0,12.863992,23.215,17.15,29.28,377.57,1951.86,0.031241478153489075,0.31227148
1987-08-30,-1.0389527595370974e-26,873.2732723277462,2.2249528510403014,1.1920928955078125e-07,1.1920929e-07,1.1920929e-07,0.0,12.863992,19.335,12.18,26.49,437.48,1420.18,0.02937051252502122,0.29583612
1987-08-31,-5.5285854513096084e-27,870.4101423173654,2.294562750980442,1.1920928955078125e-07,1.1920929e-07,1.1920929e-07,0.0,12.863992,19.915,14.45,25.38,361.9,1649.09,0.027642285538770236,0.30405378
1987-09-01,-3.0543939772690728e-27,869.7901883725172,2.329061370222825,1.1920928955078125e-07,1.1920929e-07,3.4,3.4,12.767997,20.31,14.13,26.49,334.49,1608.28,0.02728167743315458,0.41910118
1987-09-02,-1.660574124350239e-27,868.752805721653,2.06214203296666,1.1920928955078125e-07,1.1920929e-07,1.1920929e-07,0.0,12.767997,18.265,9.07,27.46,493.26,1103.29,0.026688755061331684,0.37801284
1987-09-03,-8.121851334994882e-28,866.6019499484756,2.076401052490492,1.1920928955078125e-07,1.1920929e-07,1.1920929e-07,0.0,12.672003,18.55,9.57,27.53,484.73,1144.14,0.02550015742539416,0.32048914
1987-09-04,-4.73024980535178e-28,864.3250212244635,2.3526501915421054,1.1920928955078125e-07,1.1920929e-07,1.1920929e-07,0.0,12.672003,20.72,15.14,26.3,353.12,1720.54,0.02429951904771238,0.31227148
1987-09-05,-2.7694639669493155e-28,862.0889190980874,2.093085166608778,1.1920928955078125e-07,1.1920929e-07,1.1920929e-07,0.0,12.65945,18.79,14.06,23.52,316.48,1602.61,0.02317544345026343,0.40266582
1987-09-06,-1.675969318392573e-28,883.2774758113842,1.947230575103992,1.1920928955078125e-07,1.1920929e-07,49.8,49.8,12.576003,17.28,14.67,19.89,140.58,1678.14,0.03630270168782082,2.1530297
1987-09-07,-1.0143259349488858e-28,926.6323589784904,2.3908899090301508,1.1920928955078125e-07,1.1920929e-07,39.93,39.93,12.576003,19.935,17.78,22.09,115.67,2037.99,0.09094003500144252,33.11721
1987-09-08,-6.148984896101984e-29,1007.8526081933228,2.930039420587443,1.1920928955078125e-07,1.1920929e-07,125.01,125.01,12.479998,22.12,18.06,26.18,204.87,2071.81,0.5080308354145157,24.65301
1987-09-09,-3.7279102687469775e-29,1065.204307942119,3.216476404349942,1.1920928955078125e-07,1.1920929e-07,1.1920929e-07,0.0,12.479998,22.78,16.87,28.69,366.94,1926.66,1.71183229510102,3.237762
1987-09-10,-2.2539564332101795e-29,1060.5946458468923,3.0933046860506535,1.1920928955078125e-07,1.1920929e-07,1.1920929e-07,0.0,12.383997,22.31,17.06,27.56,336.29,1947.08,1.5525925860491983,2.0297644
1987-09-11,-1.3529303285180553e-29,1056.1367409918832,3.010989396725086,1.1920928955078125e-07,1.1920929e-07,1.1920929e-07,0.0,12.383997,21.915,17.54,26.29,291.77,2011.73,1.4126995163838447,1.3641332
1987-09-12,-7.686281412244387e-30,1054.5511717878933,2.9719411346181843,1.1920928955078125e-07,1.1920929e-07,6.18,6.18,12.383997,21.715,17.4,26.03,217.76,1990.93,1.3660429140920678,1.2901742
1987-09-13,-4.476368398291736e-30,1059.9199953913042,3.0130903794865147,1.1920928955078125e-07,1.1920929e-07,15.82,15.82,12.288,22.0,17.76,26.24,215.62,2035.83,1.530563958739616,1.2983918
1987-09-14,-2.5473508933349538e-30,1060.0763737940185,2.9285594120919174,1.1920928955078125e-07,1.1920929e-07,0.01,0.01,12.288,21.505,15.09,27.92,393.53,1713.61,1.5356420223131844,1.0847324
1987-09-15,-1.4810640473431184e-30,1056.0837165382122,2.7932302571773713,1.1920928955078125e-07,1.1920929e-07,1.1920929e-07,0.0,12.191998,20.89,13.64,28.14,419.83,1561.12,1.4111137742482256,0.9614674
1987-09-16,-8.457939510864304e-31,1051.8777512782817,2.9041386486268466,1.1920928955078125e-07,1.1920929e-07,1.1920929e-07,0.0,12.191998,21.63,15.23,28.03,385.95,1728.84,1.290838412592499,0.91216135
1987-09-17,-4.9186645982416766e-31,1047.894065353837,3.041452327913841,1.1920928955078125e-07,1.1920929e-07,1.1920929e-07,0.0,12.096003,22.635,17.08,28.19,344.82,1940.34,1.1863871933328438,0.84642
1987-09-18,-2.786975859844856e-31,1046.153696982108,3.0687806137298828,1.1920928955078125e-07,1.1920929e-07,3.03,3.03,12.096003,22.82,17.46,28.18,273.45,2002.05,1.1434495768274715,0.81354934
1987-09-19,-1.5988434101984988e-31,1043.8893327455278,2.855258848892298,1.1920928955078125e-07,1.1920929e-07,1.1920929e-07,0.0,12.096003,21.605,16.38,26.83,333.73,1857.59,1.0899019096671483,0.7888963
1987-09-20,-9.615040918717257e-32,1050.363389347768,2.6488248163431063,1.1920928955078125e-07,1.1920929e-07,18.54,18.54,12.000009,20.345,15.49,25.2,240.76,1758.84,1.2500904972223106,1.0765148
1987-09-21,-5.78411695471561e-32,1054.2423285803636,2.314440929773797,1.1920928955078125e-07,1.1920929e-07,1.1920929e-07,0.0,12.000009,17.995,11.75,24.24,393.5,1384.38,1.3571358804342966,0.871073
1987-09-22,-3.47915694618972e-32,1050.760352697181,2.1406785710493867,1.1920928955078125e-07,1.1920929e-07,1.1920929e-07,0.0,11.903997,16.88,9.89,23.87,420.98,1231.44,1.2606457680205945,0.747808
1987-09-23,-9.90746274604456e-33,1047.4717610407101,1.9632281249088808,1.1920928955078125e-07,1.1920929e-07,1.1920929e-07,0.0,11.903997,15.5,9.26,21.74,397.47,1180.77,1.1758223884773369,0.69850194
1987-09-24,7.942379948631983e-32,1044.2993843514748,1.9084535846541546,1.1920928955078125e-07,1.1920929e-07,1.1920929e-07,0.0,11.903997,15.085,8.29,21.88,416.91,1103.03,1.0994093526502127,0.6738489
1987-09-25,2.2713859556696875e-31,1041.2229087011845,2.010527272883743,1.1920928955078125e-07,1.1920929e-07,1.1920929e-07,0.0,11.808002,16.125,9.05,23.2,419.38,1164.14,1.0300523822596916,0.6574136
1987-09-26,4.1498024581981455e-31,1038.2441122027772,2.0011418066071016,1.1920928955078125e-07,1.1920929e-07,1.1920929e-07,0.0,11.808002,16.095,7.88,24.31,444.11,1070.49,0.9670696034006001,0.6327606
1987-09-27,6.24692070568769e-31,1035.3647729691909,2.095330256240907,1.1920928955078125e-07,1.1920929e-07,1.1920929e-07,0.0,11.712,17.04,9.31,24.77,426.56,1184.74,0.9098526198590442,0.6327606
1987-09-28,8.38017390137744e-31,1032.5866691133633,2.1719686771287288,1.1920928955078125e-07,1.1920929e-07,1.1920929e-07,0.0,11.712,17.685,10.29,25.08,412.8,1263.07,0.8578584206312913,0.62454295
1987-09-29,1.036699524850652e-30,1029.9115787482328,2.182161849273582,1.1920928955078125e-07,1.1920929e-07,1.1920929e-07,0.0,11.615997,17.945,10.87,25.02,399.56,1309.77,0.8106022325512073,0.61632526
1987-09-30,1.2024817950314053e-30,1027.3412799867372,2.0994682706895285,1.1920928955078125e-07,1.1920929e-07,9.18,9.18,11.615997,17.34,11.14,23.54,276.6,1331.44,0.7676512074723131,0.8792907
1987-10-01,1.3171075210039162e-30,1024.8775509418144,1.5731013629690682,1.1920928955078125e-07,1.1920929e-07,1.1920929e-07,0.0,11.615997,12.65,6.08,19.22,391.24,937.25,0.7286188468844863,0.7642433
1987-10-02,1.3623200230920956e-30,1022.5221697264022,1.3812595107183532,1.1920928955078125e-07,1.1920929e-07,1.1920929e-07,0.0,11.520002,10.745,2.02,19.47,446.75,706.3,0.6931600786827968,0.6327606
1987-10-03,1.3198626216198563e-30,1020.2769144534388,1.473751646530875,1.1920928955078125e-07,1.1920929e-07,1.1920929e-07,0.0,11.520002,11.81,4.18,19.44,420.33,818.85,0.6609669112430463,0.60810757
1987-10-04,1.1714786369111104e-30,1018.1435632358622,1.18226480473288,1.1920928955078125e-07,1.1920929e-07,1.1920929e-07,0.0,11.424,8.505,2.6,14.41,369.85,739.45,0.6317645991677379,0.59167224
1987-10-05,8.989113892897704e-31,1016.1238941866101,1.2649079679806012,1.1920928955078125e-07,1.1920929e-07,1.1920929e-07,0.0,11.424,9.59,0.94,18.24,436.28,647.34,0.605308263201329,0.58345455
1987-10-06,4.89401069402176e-31,1014.3151462280415,1.4364553647073168,1.1920928955078125e-07,1.1920929e-07,1.1920929e-07,0.0,11.340561,11.745,3.51,19.98,416.87,799.56,0.582556638258589,0.59167224
1987-10-07,1.0808671399258698e-32,1012.9105163340471,1.313492497339506,1.1920928955078125e-07,1.1920929e-07,3.09,3.09,11.328006,10.365,4.06,16.67,287.8,818.77,0.5654798576355474,0.61632526
1987-10-08,-4.091188162644117e-31,1011.6877072112676,1.1455346331610148,1.1920928955078125e-07,1.1920929e-07,1.1920929e-07,0.0,11.328006,8.245,2.44,14.05,335.99,720.0,0.5510216605024228,0.59167224
1987-10-09,-6.412868074904782e-31,1010.3962988293716,1.0054426265520706,1.1920928955078125e-07,1.1920929e-07,1.1920929e-07,0.0,11.232,6.39,-2.05,14.83,414.91,530.29,0.5361535258350061,0.5752369
1987-10-10,-5.566506064902218e-31,1008.7853009906161,1.3315772180256589,1.1920928955078125e-07,1.1920929e-07,1.1920929e-07,0.0,11.232,10.78,0.97,20.59,425.53,640.0,0.5181670558750732,0.58345455
1987-10-11,-3.3170793087028794e-31,1005.7570287155268,1.6098704088070972,1.1920928955078125e-07,1.1920929e-07,1.1920929e-07,0.0,11.136005,14.01,4.57,23.45,407.36,846.68,0.4859740711945478,0.58345455
1987-10-12,-1.9856927349365417e-31,1008.6135665736264,1.4368207765107766,1.1920928955078125e-07,1.1920929e-07,10.92,10.92,11.136005,12.13,4.47,19.79,273.99,840.53,0.5162856264904028,0.6820666
1987-10-13,-1.1804254209994872e-31,1013.1063274243717,0.9101685662549113,1.1920928955078125e-07,1.1920929e-07,1.63,1.63,11.136005,4.97,-0.89,10.83,295.87,576.13,0.5678300628467711,0.78067863
1987-10-14,-7.043131113184188e-32,1012.2383460603377,0.9864930653677131,1.1920928955078125e-07,1.1920929e-07,1.1920929e-07,0.0,11.039997,6.335,-1.95,14.62,384.39,533.96,0.5574859535716724,0.6327606
1987-10-15,-4.1450105918261257e-32,1010.6377451586188,1.0713961510439487,1.1920928955078125e-07,1.1920929e-07,1.1920929e-07,0.0,11.039997,7.625,-2.15,17.4,405.59,525.37,0.5389025033724728,0.60810757
1987-10-16,-2.0171384500787247e-32,1008.9621661289812,1.2043724968588454,1.1920928955078125e-07,1.1920929e-07,1.1920929e-07,0.0,10.944003,9.605,-0.34,19.55,400.38,598.05,0.5201118614789789,0.60810757
1987-10-17,-7.5872998611321e-33,1007.1804100453363,1.3402278757941046,1.1920928955078125e-07,1.1920929e-07,1.1920929e-07,0.0,10.944003,11.32,0.9,21.74,398.62,640.24,0.5008487635493786,0.59988993
1987-10-18,5.779578159951225e-33,1005.3088530948808,1.4411831092180396,1.1920928955078125e-07,1.1920929e-07,1.1920929e-07,0.0,10.944003,12.51,2.85,22.17,379.44,748.08,0.481382598257398,0.59988993
1987-10-19,5.987680631262299e-32,1003.4257791960633,1.449568373192563,1.1920928955078125e-07,1.1920929e-07,1.1920929e-07,0.0,10.848,12.775,2.9,22.65,377.47,756.59,0.46256015989089655,0.59167224
1987-10-20,1.5212821550030558e-31,1001.5422812199124,1.5449284382009631,1.1920928955078125e-07,1.1920929e-07,1.1920929e-07,0.0,10.848,13.835,5.67,22.0,335.07,911.56,0.44446970122387003,0.58345455
1987-10-21,2.7587986330015007e-31,999.6625255380291,1.4013825648836153,1.1920928955078125e-07,1.1920929e-07,1.1920929e-07,0.0,10.752,12.435,5.9,18.97,288.84,925.08,0.42712060477823405,0.58345455
1987-10-22,4.244778072893074e-31,997.7906785220143,0.9307102337263614,1.1920928955078125e-07,1.1920929e-07,1.1920929e-07,0.0,10.752,6.07,-1.89,14.03,335.62,539.1,0.41051746199684036,0.5588016
1987-10-23,5.91268105044929e-31,995.930906543469,0.9940797324732561,1.1920928955078125e-07,1.1920929e-07,1.1920929e-07,0.0,10.752,7.105,-3.06,17.27,373.41,480.0,0.3946606478443184,0.5670192
1987-10-24,7.695968141441655e-31,994.0873759739941,1.2030343273987594,1.1920928955078125e-07,1.1920929e-07,1.1920929e-07,0.0,10.655997,10.24,-0.49,20.97,372.34,596.12,0.37954687181766383,0.58345455
1987-10-25,9.528099921641682e-31,992.2642531851908,1.3674611175277163,1.1920928955078125e-07,1.1920929e-07,1.1920929e-07,0.0,10.655997,12.305,3.43,21.18,332.85,789.32,0.365169701848982,0.59167224
1987-10-26,1.1342536966820882e-30,990.4657045486599,1.0975804196797583,1.1920928955078125e-07,1.1920929e-07,1.1920929e-07,0.0,10.649202,8.87,1.05,16.69,311.31,651.73,0.3515200586470202,0.58345455
1987-10-27,1.3072739852750762e-30,988.6958964360026,1.02522317888958,1.1920928955078125e-07,1.1920929e-07,1.1920929e-07,0.0,10.56,7.97,1.95,13.99,256.52,713.5,0.33858667897322897,0.6327606
1987-10-28,1.4652169155202837e-30,986.9589952188197,0.9176261781697337,1.1920928955078125e-07,1.1920929e-07,13.68,13.68,10.56,6.295,2.13,10.46,140.96,709.86,0.32635654718324325,0.82176703
1987-10-29,1.6014285449948625e-30,985.2591672687124,0.8456319628194382,1.1920928955078125e-07,1.1920929e-07,1.1920929e-07,0.0,10.463997,5.22,-3.0,13.44,320.23,495.51,0.31481529508998674,0.6656313
1987-10-30,1.7092549312759618e-30,983.6005789572814,1.1501102681339974,1.1920928955078125e-07,1.1920929e-07,1.1920929e-07,0.0,10.463997,9.985,1.78,18.19,310.34,702.28,0.30394757082640156,0.61632526
1987-10-31,1.782042131940734e-30,981.987396656128,1.5188182747091217,1.1920928955078125e-07,1.1920929e-07,1.1920929e-07,0.0,10.463997,14.465,6.13,22.8,302.23,930.74,0.29373737791253285,0.60810757
1987-11-01,1.8131362045663305e-30,980.423786736853,1.5034088900810363,1.1920928955078125e-07,1.1920929e-07,1.1920929e-07,0.0,10.367997,14.475,4.8,24.15,325.47,864.91,0.2841683861727578,0.59988993
1987-11-02,1.7958832067298996e-30,978.9139155710575,1.4163086762099668,1.1920928955078125e-07,1.1920929e-07,1.1920929e-07,0.0,10.367997,13.53,4.48,22.58,312.57,844.6,0.2752242165150967,0.59988993
1987-11-03,1.723629196008597e-30,977.4619495303424,1.4548850970043272,1.1920928955078125e-07,1.1920929e-07,1.1920929e-07,0.0,10.367997,13.99,5.16,22.82,303.43,893.51,0.26688870188667374,0.59988993
1987-11-04,1.589720229979569e-30,976.0720549863087,1.525661491526906,1.1920928955078125e-07,1.1920929e-07,1.1920929e-07,0.0,10.272,14.94,6.0,23.88,301.33,930.33,0.2591461269691877,0.59988993
1987-11-05,1.3875023662199704e-30,974.7483983105575,1.4885986515697662,1.1920928955078125e-07,1.1920929e-07,1.1920929e-07,0.0,10.272,14.56,7.0,22.12,268.03,1000.0,0.25198144938723677,0.59167224
1987-11-06,1.11032166230695e-30,973.4951458746897,0.9503060700117734,1.1920928955078125e-07,1.1920929e-07,1.1920929e-07,0.0,10.272,7.465,-0.09,15.02,275.44,609.65,0.2453805053823381,0.5588016
1987-11-07,7.414164993531501e-31,972.3156798388517,0.923917150413256,1.1920928955078125e-07,1.1920929e-07,1.1920929e-07,0.0,10.176,7.195,-0.89,15.28,285.36,574.71,0.23932622769870343,0.5423662
1987-11-08,-1.044722177008631e-30,971.1073684707954,1.256255776603075,1.1920928955078125e-07,1.1920929e-07,1.1920929e-07,0.0,10.176,12.03,3.0,21.06,296.1,766.52,0.2332787554503793,0.5259309
1987-11-09,-4.796674857213134e-30,969.8128820799834,1.4658719749636702,1.1920928955078125e-07,1.1920929e-07,1.1920929e-07,0.0,10.176,14.545,7.01,22.08,258.53,1000.56,0.2269694318858279,0.48484254
1987-11-10,-9.975540715985422e-30,968.4561564270186,1.2452814994734385,1.1920928955078125e-07,1.1920929e-07,12.95,12.95,10.08,12.085,5.32,18.85,181.12,892.19,0.22053982229989755,1.4134393
1987-11-11,-1.604241892805057e-29,967.0611272725042,0.67318706807187,1.1920928955078125e-07,1.1920929e-07,39.15,39.15,10.08,2.65,-2.39,7.69,148.45,517.01,0.21411856339678728,1.5860103
1987-11-12,-2.245840866813363e-29,965.6517303770434,0.6152882759074038,1.1920928955078125e-07,1.1920929e-07,1.1920929e-07,0.0,10.08,1.35,-2.51,5.21,157.07,511.48,0.2078210115509726,0.8792907
1987-11-13,-2.868460911095968e-29,964.2519015012389,0.8520257252425669,1.1920928955078125e-07,1.1920929e-07,1.1920929e-07,0.0,9.996555,6.355,-1.11,13.82,264.87,567.33,0.20174956310297398,0.72315496
1987-11-14,-3.4182119431253783e-29,962.8855764056942,1.001008736239658,1.1920928955078125e-07,1.1920929e-07,1.1920929e-07,0.0,9.984,8.88,-0.15,17.91,291.9,600.57,0.19599452897007408,0.6656313
1987-11-15,-3.8412038803740996e-29,961.5766908510121,0.9348160021562129,1.1920928955078125e-07,1.1920929e-07,1.1920929e-07,0.0,9.984,7.84,-2.19,17.87,306.41,521.73,0.19063545414275185,0.6327606
1987-11-16,-4.0835466403146393e-29,960.3491805977959,0.9708293277423461,1.1920928955078125e-07,1.1920929e-07,1.1920929e-07,0.0,9.984,8.445,1.48,15.41,245.28,678.73,0.18574278774764877,0.59988993
1987-11-17,-4.0913501404195054e-29,959.2269814066485,1.1863018581140783,1.1920928955078125e-07,1.1920929e-07,1.1920929e-07,0.0,9.888002,11.77,8.75,14.79,118.02,1139.94,0.18137982930515584,0.61632526
1987-11-18,-3.8107242981612035e-29,958.2340290381732,1.2461815692998415,1.1920928955078125e-07,1.1920929e-07,5.83,5.83,9.888002,12.575,7.92,17.23,132.12,1073.86,0.17760490007835308,0.6820666
1987-11-19,-3.187779031012236e-29,957.3942592529728,0.9229953381320031,1.1920928955078125e-07,1.1920929e-07,1.1920929e-07,0.0,9.888002,7.86,0.75,14.97,253.72,641.2,0.17447371403973652,0.6327606
1987-11-20,-2.566235834999044e-06,956.7300698120282,0.7583796295508034,1.1920928955078125e-07,1.1920929e-07,0.41,0.41,9.881208,4.885,-0.62,10.39,212.27,585.13,0.17203634615988755,0.60810757
1987-11-21,-0.00013048701550890358,956.1489506171481,0.5176615738505442,1.1920928955078125e-07,0.68443096,0.015569031,0.7,9.792,-0.59,-5.81,4.63,212.78,402.77,0.16993176451678885,0.5752369
1987-11-22,-0.00034800220688391807,955.5237953179147,0.51732311311606,1.1920928955078125e-07,1.1920929e-07,1.1920929e-07,0.0,9.792,-0.59,-7.02,5.84,251.91,353.46,0.16769643928196656,0.5588016
1987-11-23,-0.0005111459809461336,954.768356886332,0.6780059546471074,1.1920928955078125e-07,1.1920929e-07,1.1920929e-07,0.0,9.792,3.375,-5.89,12.64,304.55,400.0,0.16503446788640178,0.5588016
1987-11-24,-0.00047595250868164225,953.7963882944036,0.9471868220273708,1.1920928955078125e-07,1.1920929e-07,1.1920929e-07,0.0,9.792,8.47,-0.59,17.53,288.69,584.7,0.1616715638354322,0.5670192
1987-11-25,-0.0002814504239871929,952.4003524156622,1.208508462018303,1.1920928955078125e-07,1.1920929e-07,1.1920929e-07,0.0,9.695997,12.495,5.98,19.01,229.06,920.0,0.1569609718560151,0.5588016
1987-11-26,-0.00015757502632747706,951.089422312913,1.1588295977266545,1.1920928955078125e-07,1.1920929e-07,1.1920929e-07,0.0,9.695997,11.845,4.9,18.79,239.23,872.08,0.1526625795242574,0.5588016
1987-11-27,-9.24735182561993e-05,953.9560136912995,1.0952734735982326,1.1920928955078125e-07,1.1920929e-07,9.5,9.5,9.695997,10.9,4.68,17.12,164.48,862.61,0.16221910963330147,0.81354934
1987-11-28,-5.164902081303277e-05,966.4315801180089,0.7993962362881606,1.1920928955078125e-07,1.1920929e-07,17.7,17.7,9.695997,5.815,3.11,8.52,82.81,773.37,0.21128233848125777,1.668187
1987-11-29,-3.0307865990855766e-05,983.4119919816906,0.900824897628349,1.1920928955078125e-07,1.1920929e-07,24.14,24.14,9.6892,7.385,4.47,10.3,89.51,844.78,0.30273587477051456,4.256753
1987-11-30,-1.6861675038642646e-05,992.8619537095943,0.8894593397330268,1.1920928955078125e-07,1.1920929e-07,0.9,0.9,9.600003,7.185,3.07,11.3,164.03,764.47,0.3698221419184512,2.4077773
1987-12-01,-9.876299231205969e-06,992.9710112102766,0.6941034167802558,1.1920928955078125e-07,1.1920929e-07,1.1920929e-07,0.0,9.600003,3.435,0.32,6.55,133.04,625.17,0.3706774066765649,1.5531397
1987-12-02,-5.5061017429667546e-06,991.9581648606934,0.6430917105111335,1.1920928955078125e-07,1.1920929e-07,1.1920929e-07,0.0,9.600003,2.32,-1.2,5.84,152.49,559.07,0.3628098493719522,1.2408682
1987-12-03,0.0001973461037590176,991.0200609753886,0.5627935532626351,1.1920928955078125e-07,1.1920929e-07,1.1920929e-07,0.0,9.600003,0.385,-5.71,6.48,240.48,399.62,0.35567191050009617,1.0765148
1987-12-04,0.0013611657587827355,990.3017184220846,0.6098469266758929,0.000685051533877571,1.1920929e-07,1.0,1.0,9.600003,1.565,-2.8,5.93,189.03,501.13,0.3503011992184576,1.0436441
1987-12-05,0.0026629040322357213,989.6668708883266,0.5564161395208099,1.1920928955078125e-07,1.1920929e-07,1.1920929e-07,0.0,9.593208,0.25,-2.75,3.25,138.11,501.35,0.3456222878533369,0.94503206
1987-12-06,0.003050600935476194,988.9535901655274,0.5517627446169726,1.1920928955078125e-07,1.1920929e-07,1.1920929e-07,0.0,9.516553,0.255,-4.91,5.42,220.78,423.37,0.3404398262299107,0.871073
1987-12-07,0.0019225256091696323,988.0516989984684,0.6358768130129057,0.000970502666089044,1.1920929e-07,1.1920929e-07,0.0,9.503997,2.36,-3.75,8.47,245.09,462.62,0.3339980841507578,0.83820236
1987-12-08,0.0007064360103500389,987.0655993365626,0.6990782511224839,0.00035446562957824494,1.1920929e-07,1.1920929e-07,0.0,9.503997,3.78,-1.03,8.59,210.3,566.04,0.32709429366708104,0.797114
1987-12-09,-0.00014844413530135667,985.96274712189,0.8650941790286802,1.1920928955078125e-07,1.1920929e-07,1.1920929e-07,0.0,9.503997,7.02,0.3,13.74,255.52,619.25,0.3195420135695561,0.78067863
1987-12-10,-0.00037452657544756636,984.688471628771,1.0726520903220502,1.1920928955078125e-07,1.1920929e-07,1.1920929e-07,0.0,9.503997,10.385,5.67,15.1,201.03,913.82,0.3110327111803267,0.84642
1987-12-11,-0.00018872296970822762,983.5908694372031,0.8546078527080623,1.1920928955078125e-07,1.1920929e-07,19.78,19.78,9.503997,6.87,1.91,11.83,158.5,698.35,0.3038850676324748,1.4873983
1987-12-12,-2.9174902379921466e-05,982.8605451953065,0.8618100471289805,1.1920928955078125e-07,1.1920929e-07,1.1920929e-07,0.0,9.503997,7.01,1.92,12.1,214.53,701.14,0.29922039948135165,1.1093855
1987-12-13,6.489454890801341e-05,982.1808813173627,0.8370837373598881,3.245780270983216e-05,1.1920929e-07,1.1920929e-07,0.0,9.503997,6.575,1.25,11.9,220.85,662.63,0.29494365313370674,0.9614674
1987-12-14,6.079860376871105e-05,981.7134847340568,0.7037202908161758,3.0408543059621426e-05,1.1920929e-07,1.1920929e-07,0.0,9.503997,3.96,-0.42,8.34,199.52,595.25,0.292038112003857,0.8875084
1987-12-15,3.5840908321156004e-05,986.6207806355476,0.7514692240858284,1.7923665587316837e-05,1.1920929e-07,8.65,8.65,9.503997,4.87,1.12,8.62,134.59,654.88,0.32402695222221145,1.0354264
1987-12-16,2.1612701858887993e-05,991.1255848852995,0.6635877876985959,1.0807518701643554e-05,1.1920929e-07,2.71,2.71,9.497203,2.955,-1.69,7.6,174.03,542.43,0.35646776982712786,1.1258208
1987-12-17,1.015274959928543e-05,991.4701953646032,0.5236924392018286,1.1920928955078125e-07,1.1920929e-07,1.1920929e-07,0.0,9.467175,-0.46,-3.46,2.54,151.65,474.24,0.35907924050885487,0.9614674
1987-12-18,-1.5649452032052698e-05,991.0044895392136,0.49156179440479136,1.1920928955078125e-07,1.1920929e-07,1.1920929e-07,0.0,9.420558,-1.29,-6.87,4.29,243.91,365.53,0.355554621563998,0.92037904
1987-12-19,-4.24035806294175e-05,990.1652804406993,0.6070030557672352,1.1920928955078125e-07,1.1920929e-07,1.1920929e-07,0.0,9.420558,1.775,-5.14,8.69,268.94,423.46,0.34929031841452596,0.8875084
1987-12-20,-5.126147682893782e-05,988.9972349484411,1.0401128644263506,1.1920928955078125e-07,1.1920929e-07,1.1920929e-07,0.0,9.420558,9.97,3.3,16.64,255.07,781.95,0.3407546908631593,0.871073
1987-12-21,-3.159898547083745e-05,987.4536698119672,1.0250235628844067,1.1920928955078125e-07,1.1920929e-07,1.1920929e-07,0.0,9.420558,9.765,4.66,14.87,219.94,860.87,0.3297940223832462,0.84642
1987-12-22,-9.101667104346508e-06,985.534169420522,0.7388793753378217,1.1920928955078125e-07,1.1920929e-07,1.1920929e-07,0.0,9.420558,4.765,1.26,8.27,172.05,674.2,0.3166544055415215,0.81354934
1987-12-23,7.7700166418548e-06,984.009840685282,0.7809704224331254,3.8851592538238615e-06,1.1920929e-07,0.02,0.02,9.420558,5.625,1.4,9.85,203.88,682.01,0.30659383971596976,0.797114
1987-12-24,1.3665812379383089e-05,983.7150800733198,0.7908334914671242,6.83337307576079e-06,1.1920929e-07,1.1920929e-07,0.0,9.467175,5.745,-1.92,13.41,279.61,533.51,0.3046856204631263,0.7642433
1987-12-25,8.49124895748543e-06,985.2281103834005,0.9755888127225328,4.245804732014751e-06,1.1920929e-07,12.09,12.09,9.467175,8.95,3.47,14.43,178.9,788.07,0.31460827079561277,0.95324975
1987-12-26,4.303840539150107e-06,987.6924039087675,1.2230141519034516,2.1519665771835123e-06,1.1920929e-07,2.2,2.2,9.497203,12.435,8.35,16.52,185.49,1108.19,0.3314659064651265,1.1011678
1987-12-27,2.265151152858258e-06,990.0055609606006,0.9299158258532365,1.1325884037034917e-06,1.1920929e-07,4.1,4.1,9.503997,8.07,3.3,12.84,167.81,781.14,0.3481106486448354,1.0436441
1987-12-28,1.3733646236682175e-06,998.4597332254864,0.7152455557811477,6.866870271600824e-07,1.1920929e-07,13.51,13.51,9.503997,3.95,2.14,5.76,76.47,707.56,0.4163764768633293,1.7503637
1987-12-29,0.0035821218506899956,1007.8540988225662,0.5731141227070685,1.1920928955078125e-07,0.0035172075,7.146483,7.15,9.503997,0.55,-2.4,3.5,121.2,513.49,0.5080468758809636,2.2269886
1987-12-30,1.5603551781575118,1008.2617586214571,0.48493154817946904,1.1920928955078125e-07,1.1920929e-07,1.1920929e-07,0.0,9.503997,-1.855,-7.62,3.91,261.98,343.41,0.5124527131579323,1.5777926
1987-12-31,1.5626877404295996,1007.237437032524,0.5660875200091681,1.1920928955078125e-07,1.1920929e-07,1.1920929e-07,0.0,9.503997,0.38,-6.63,7.39,280.29,360.0,0.5014541041165428,1.3394803
1988-01-01,0.6723590933477801,1006.9776122423311,0.7266750725428478,0.6715517448512476,1.1920929e-07,1.1920929e-07,0.0,9.503997,4.06,-1.12,9.24,212.42,560.72,0.4987019819863453,1.2326505
1988-01-02,0.24984747722852052,1006.2054820762278,0.6433979514530551,0.2308677152673184,1.1920929e-07,1.1920929e-07,0.0,9.503997,2.265,-2.62,7.15,205.6,505.57,0.4906122242340101,1.1258208
1988-01-03,0.1825636615252614,1005.2176728669492,0.5042621904804286,1.1920928955078125e-07,1.1920929e-07,1.1920929e-07,0.0,9.503997,-1.255,-4.85,2.34,161.92,429.82,0.4804537983210409,1.0518618
1988-01-04,2.11745239587312,1004.2364451474355,0.5135501262072657,1.1920928955078125e-07,3.8682187,0.0017811182,3.87,9.503997,-0.98,-4.16,2.2,108.96,445.19,0.4705713036838351,1.0518618
1988-01-05,4.052820721941474,1003.2977432800786,0.42142991689929976,1.1920928955078125e-07,1.1920929e-07,1.1920929e-07,0.0,9.563178,-3.85,-9.26,1.56,228.36,301.89,0.4613074177000512,0.9943381
1988-01-06,4.051870602269901,1002.4982630530016,0.2746592012167963,1.1920928955078125e-07,1.1920929e-07,1.1920929e-07,0.0,9.600003,-9.715,-14.31,-5.12,205.65,200.45,0.4535614332333669,0.772461
1988-01-07,4.052203890165652,1001.781963973962,0.2617832788514788,1.1920928955078125e-07,1.1920929e-07,1.1920929e-07,0.0,9.600003,-10.34,-13.68,-7.0,157.61,218.4,0.44673190772834365,0.7560257
1988-01-08,4.053861461566689,1001.048473114376,0.3093066144940473,1.1920928955078125e-07,12.08,1.1920929e-07,12.08,9.600003,-8.11,-11.81,-4.41,144.24,251.63,0.4398450227678395,0.7395903
1988-01-09,4.056253117989994,1000.2994014429323,0.37133757057664035,1.1920928955078125e-07,1.1920929e-07,1.1920929e-07,0.0,9.600003,-5.615,-10.54,-0.69,243.76,275.42,0.43292141065696876,0.72315496
1988-01-10,4.0586359946475135,999.5418970696514,0.3026930700743347,1.1920928955078125e-07,1.1920929e-07,1.1920929e-07,0.0,9.600003,-8.38,-16.56,-0.2,329.17,164.33,0.4260306811731207,0.69850194
1988-01-11,4.060267226751195,998.7831081045535,0.30843603752463,1.1920928955078125e-07,1.1920929e-07,1.1920929e-07,0.0,9.6125555,-8.135,-17.8,1.53,347.6,158.44,0.4192382228606888,0.6738489
1988-01-12,4.060576277065217,998.0202356865959,0.3645088715735662,1.1920928955078125e-07,1.1920929e-07,1.1920929e-07,0.0,9.695997,-5.975,-16.17,4.22,353.07,161.92,0.41251837946574527,0.7395903
1988-01-13,4.060576277085577,997.1720508678869,0.4913564814000447,1.1920928955078125e-07,1.1920929e-07,1.1920929e-07,0.0,9.695997,-1.795,-10.23,6.64,333.94,280.0,0.40517342864419,0.9039437
1988-01-14,4.060576277144748,996.3157208266523,0.41992340184273363,1.1920928955078125e-07,1.1920929e-07,1.1920929e-07,0.0,9.695997,-3.995,-10.09,2.1,287.47,274.96,0.39789060354859485,1.0025557
1988-01-15,4.060576277141223,995.5337334881102,0.36108761944273765,1.1920928955078125e-07,1.1920929e-07,1.1920929e-07,0.0,9.695997,-6.07,-11.82,-0.32,281.19,253.36,0.3913544522924304,0.91216135
1988-01-16,4.060576277141223,994.7689614832005,0.40983524083523787,1.1920928955078125e-07,1.1920929e-07,1.1920929e-07,0.0,9.708552,-4.33,-12.98,4.32,344.91,230.79,0.3850660558261202,0.9039437
1988-01-17,4.057080280603534,993.9330448294039,0.5062071480708096,1.1920928955078125e-07,1.1920929e-07,1.1920929e-07,0.0,9.792,-1.465,-9.48,6.55,335.91,289.12,0.3783081899580848,0.9614674
1988-01-18,2.8487424058508823,997.5683065255973,0.6819220489618778,2.848742405849672,1.1920929e-07,7.46,7.46,9.792,2.81,-3.41,9.03,219.55,474.41,0.4085884284837749,1.2244328
1988-01-19,1.0407642944058089,1002.15589572535,0.8158857581310834,1.0407328634658966,1.1920929e-07,1.1920929e-07,0.0,9.792,5.425,-0.85,11.7,294.39,582.35,0.4502842168794951,1.3970039
1988-01-20,0.3801176470827108,1011.4867863908368,0.7874514696459952,0.37180975560968615,1.1920929e-07,19.34,19.34,9.792,4.75,1.08,8.42,147.62,649.1,0.5486816368561851,3.188456
1988-01-21,0.1483867337249684,1019.5075500362913,0.8616991326295128,0.12095833759941861,1.1920929e-07,1.1920929e-07,0.0,9.888002,5.845,0.99,10.7,249.41,653.44,0.650283045939682,2.1037235
1988-01-22,0.06936886363292437,1018.1482192888135,0.705907167211207,0.046254255040012585,1.1920929e-07,1.1920929e-07,0.0,9.888002,2.875,-1.23,6.98,216.97,560.09,0.6318269073439997,1.5613573
1988-01-23,0.05822776689632702,1016.8931460918103,0.5884783960801291,1.1920928955078125e-07,1.1920929e-07,1.1920929e-07,0.0,9.888002,0.23,-4.42,4.88,236.4,433.94,0.615251746314065,1.3394803
1988-01-24,0.0784765470634194,1015.677939399147,0.602907408642817,1.1920928955078125e-07,1.1920929e-07,1.1920929e-07,0.0,9.900558,0.58,-7.48,8.64,332.56,360.0,0.5996175285787274,1.1997799
1988-01-25,0.05232892797131346,1015.7156105167411,0.6760519910277916,0.03285817447013117,1.1920929e-07,2.99,2.99,9.984,2.13,-3.8,8.06,204.17,456.23,0.6000961658669148,1.1997799
1988-01-26,3.0644362498608526,1016.0862534055339,0.4070784447043872,1.1920928955078125e-07,6.07,1.1920929e-07,6.07,9.984,-5.105,-11.26,1.05,234.57,261.44,0.6048258573782035,1.2408682
1988-01-27,6.345722275798296,1015.1265594408741,0.34459827400681675,1.1920928955078125e-07,1.1920929e-07,1.1920929e-07,0.0,9.984,-7.37,-11.88,-2.86,255.78,241.86,0.5926553981726538,0.9696851
1988-01-28,6.344369988621661,1014.1583011093935,0.4262243016986531,1.1920928955078125e-07,1.1920929e-07,1.1920929e-07,0.0,10.08,-4.575,-10.81,1.66,321.73,266.38,0.5806244991556345,0.9696851
1988-01-29,6.3443289733713355,1013.1031724153531,0.5428041845322354,1.1920928955078125e-07,1.1920929e-07,1.1920929e-07,0.0,10.08,-1.155,-9.07,6.76,362.58,309.81,0.5677921178165819,0.94503206
1988-01-30,4.340464316942689,1013.9159250650786,0.7209906847764876,4.340464316942689,1.1920929e-07,1.1920929e-07,0.0,10.08,2.965,-6.79,12.72,386.91,356.36,0.5776513194447744,0.9696851
1988-01-31,1.587165825547193,1015.2333642387898,0.9852827800677733,1.5871656224758461,1.1920929e-07,1.1920929e-07,0.0,10.169206,7.53,-0.75,15.81,360.73,579.81,0.5939976523641268,0.95324975
1988-02-01,0.5786395988389625,1014.5069046227399,1.315273913601992,0.5768691740392237,1.1920929e-07,1.1920929e-07,0.0,10.176,12.065,6.67,17.46,255.32,983.17,0.584927603827167,0.94503206
1988-02-02,0.2160552136467312,1012.8497704191454,1.4646840253856057,0.1937260640086991,1.1920929e-07,1.1920929e-07,0.0,10.176,13.825,9.98,17.67,188.47,1238.47,0.5647527389968173,0.92859674
1988-02-03,0.09236229524750345,1014.2033374533972,1.1207108299682764,0.0661110589168145,1.1920929e-07,6.92,6.92,10.235178,9.445,3.7,15.19,200.76,790.36,0.5811786347784808,1.0189911
1988-02-04,0.04564693086579102,1021.9162535561716,0.8118220430477087,0.02794396762524537,1.1920929e-07,10.37,10.37,10.272,4.335,0.43,8.24,153.59,626.71,0.6843208856337912,1.2901742
1988-02-05,0.07846848504286731,1027.3243932806217,0.5994873502732635,1.1920928955078125e-07,1.3937432,1.5662569,2.96,10.272,-0.2,-5.77,5.37,221.05,401.53,0.7673766826351093,1.4545276
1988-02-06,1.1874092114768426,1026.119532199182,0.3954053754512826,1.1920928955078125e-07,1.1920929e-07,1.1920929e-07,0.0,10.331169,-6.11,-12.78,0.56,327.0,227.14,0.7480407063842268,1.1997799
1988-02-07,1.18708128246935,1024.9989650804264,0.364145127139148,1.1920928955078125e-07,1.1920929e-07,1.1920929e-07,0.0,10.367997,-7.265,-14.34,-0.19,338.19,194.95,0.7304950447921937,1.0272088
1988-02-08,1.1870750208059881,1023.8266003939542,0.5083961459047903,1.1920928955078125e-07,1.1920929e-07,1.1920929e-07,0.0,10.367997,-2.635,-9.65,4.38,332.38,284.77,0.712578701735924,1.0272088
1988-02-09,1.186620432858212,1022.5686774153072,0.6102150925798625,1.1920928955078125e-07,1.1920929e-07,1.1920929e-07,0.0,10.457203,-0.135,-6.97,6.7,331.36,353.17,0.6938432390368513,1.0354264
1988-02-10,0.7939596568106805,1021.6284691989365,0.6785331640416888,0.7927870358227334,1.1920929e-07,1.1920929e-07,0.0,10.463997,1.41,-5.39,8.21,333.74,412.51,0.6801622158972648,0.9943381
1988-02-11,0.29237728926509937,1020.7722826810121,0.6714991297769143,0.2762115802094196,1.1920929e-07,1.1920929e-07,0.0,10.463997,1.27,-5.54,8.08,340.07,402.62,0.6679386114125946,0.9614674
1988-02-12,0.63540463221323,1020.1803285911519,0.589663525234294,1.1920928955078125e-07,2.088854,0.011145803,2.1,10.56,-0.735,-5.91,4.44,285.97,398.31,0.6596160848350684,0.9696851
1988-02-13,1.6837664715341887,1019.0475699261875,0.3961296588907876,1.1920928955078125e-07,1.1920929e-07,1.1920929e-07,0.0,10.56,-6.29,-12.23,-0.35,328.32,237.74,0.643978149187146,0.84642
1988-02-14,1.6838982421998698,1017.9747193933104,0.5068806445848238,1.1920928955078125e-07,1.1920929e-07,1.1920929e-07,0.0,10.56,-2.855,-12.49,6.78,407.72,232.55,0.6295092458568471,0.83820236
1988-02-15,1.040002265330237,1017.3252861389547,0.7756596024927199,1.0399706171590448,1.1920929e-07,1.1920929e-07,0.0,10.655997,3.175,-4.04,10.39,360.53,449.82,0.620909146682561,0.97790277
1988-02-16,0.38030329315594474,1019.5696227048863,0.7760624781391765,0.37200642434193726,1.1920929e-07,5.98,5.98,10.655997,3.15,-1.85,8.15,218.55,536.0,0.6511385829578865,0.9943381
1988-02-17,0.14763636082080034,1021.3933500781608,0.7497265392121173,0.12017934858127573,1.1920929e-07,1.1920929e-07,0.0,10.668552,2.595,-6.19,11.38,401.76,385.6,0.6767833581217034,0.8792907
1988-02-18,0.06780070983539704,1019.9401287760905,0.9417205482152889,0.044971787578535774,1.1920929e-07,1.1920929e-07,0.0,10.752,5.915,-4.35,16.18,416.81,439.22,0.6562686662927174,0.8546377
1988-02-19,0.034991135995813556,1018.2433133238803,1.0263267785042307,0.02052566334191486,1.1920929e-07,1.1920929e-07,0.0,10.752,7.255,0.36,14.15,345.72,630.94,0.6331008188863332,0.84642
1988-02-20,0.018990484043148567,1017.9425259186469,0.8873213969605495,0.0103941383825795,1.1920929e-07,2.63,2.63,10.848,4.91,2.19,7.63,140.12,716.58,0.6290801322067563,0.895726
1988-02-21,0.011072886316854432,1017.8132426004127,0.7189859377026868,0.005842498458408136,1.1920929e-07,1.1920929e-07,0.0,10.848,1.785,-4.03,7.6,317.54,454.72,0.6273598314043929,0.82998466
1988-02-22,0.020268907095791367,1016.5303108377731,0.601687820280541,1.1920928955078125e-07,1.1920929e-07,1.1920929e-07,0.0,10.848,-0.78,-9.99,8.43,405.81,280.0,0.6105414851195372,0.78067863
1988-02-23,0.013926256986869199,1015.2020069182101,0.9052853992425821,0.007447197990815574,1.1920929e-07,1.1920929e-07,0.0,10.944003,5.12,-2.41,12.65,368.15,519.66,0.5936032587417012,0.7888963
1988-02-24,0.01050770047421582,1013.8800231082763,0.7719969723511879,0.005529625966210429,1.1920929e-07,0.23,0.23,10.944003,2.76,-3.02,8.54,319.9,491.83,0.5772122136196804,0.7888963
1988-02-25,0.040287092750562296,1012.7345991581925,0.563617135949683,1.1920928955078125e-07,1.1920929e-07,1.1920929e-07,0.0,11.039997,-1.91,-6.6,2.78,278.95,367.32,0.563376723644717,0.7642433
1988-02-26,0.04023310197147644,1011.6225574198337,0.5823084056910109,1.1920928955078125e-07,1.1920929e-07,1.1920929e-07,0.0,11.039997,-1.43,-8.84,5.98,381.51,307.56,0.5502618023802879,0.747808
1988-02-27,0.03421776019107581,1010.4150328572563,0.7605032285716794,0.02000778671823572,1.1920929e-07,1.1920929e-07,0.0,11.039997,2.46,-4.95,9.87,378.86,429.65,0.5363663186327235,0.747808
1988-02-28,0.01810226346555108,1009.0873753146022,0.8433090630997124,0.009868131770674573,1.1920929e-07,1.1920929e-07,0.0,11.136005,3.885,-4.25,12.02,399.22,443.71,0.521493070465316,0.747808
1988-02-29,0.00999721463171055,1007.7571652754266,0.8113996637404552,0.005248260173295497,1.1920929e-07,1.1920929e-07,0.0,11.136005,3.33,-5.25,11.91,412.81,400.41,0.5070048402866875,0.73137265
1988-03-01,0.004382414424915503,1006.4691176393009,0.8126852171197128,0.0022392134199669773,1.1920929e-07,1.1920929e-07,0.0,11.232,3.245,-6.19,12.68,430.97,376.21,0.49335952321856585,0.72315496
1988-03-02,0.0013399909480406608,1005.1494053624415,0.868769842061711,0.0006744843462050253,1.1920929e-07,1.1920929e-07,0.0,11.232,4.26,-6.18,14.7,444.44,359.94,0.4797595703119978,0.70671964
1988-03-03,0.0007116173642686529,1003.7726025260747,1.1397300862927138,0.0003570746749746705,1.1920929e-07,1.1920929e-07,0.0,11.232,8.42,0.54,16.3,389.85,609.5,0.4659706997077158,0.71493727
1988-03-04,0.0003290194541487843,1002.7776336528611,1.3846684378113019,0.00016478036133326984,1.1920929e-07,1.31,1.31,11.328006,11.36,6.58,16.14,273.64,966.0,0.4562532954558668,0.73137265
1988-03-05,0.000140437524135185,1002.8374910347993,1.1606685643529269,7.02680688049517e-05,1.1920929e-07,2.44,2.44,11.328006,8.585,2.33,14.84,303.27,721.24,0.4568321234119151,0.73137265
1988-03-06,6.585653207089097e-05,1002.9139600851431,0.8178521765576459,3.293910874209461e-05,1.1920929e-07,1.1920929e-07,0.0,11.424,3.14,-4.33,10.61,391.19,436.0,0.45757265658983454,0.69850194
1988-03-07,-6.046250446285078e-06,1001.8260280872851,1.0742875614358234,1.1920928955078125e-07,1.1920929e-07,1.1920929e-07,0.0,11.424,7.275,-1.84,16.39,428.35,500.75,0.4471490508832242,0.6820666
1988-03-08,-5.617132754742621e-05,1000.1869342348517,1.2364307214287646,1.1920928955078125e-07,1.1920929e-07,1.1920929e-07,0.0,11.520002,9.35,-0.03,18.73,432.62,556.83,0.4318913371369677,0.6820666
1988-03-09,-6.539052609705044e-05,998.6102968934999,1.2908229550467785,1.1920928955078125e-07,1.1920929e-07,0.04,0.04,11.520002,10.05,4.24,15.86,324.58,819.23,0.4177064702818569,0.70671964
1988-03-10,-3.4505031627400456e-05,997.4307351061958,1.2681410005727511,1.1920928955078125e-07,1.1920929e-07,4.33,4.33,11.520002,9.79,5.87,13.71,178.11,924.1,0.40739956466376626,0.78067863
1988-03-11,-1.056413472552066e-06,996.359543507504,0.9508779469411377,1.1920928955078125e-07,1.1920929e-07,0.56,0.56,11.615997,5.245,-4.51,15.0,439.0,398.98,0.39826010370574794,0.71493727
1988-03-12,2.5055775280136066e-05,995.4026674275879,1.12515344601246,1.2529457119747045e-05,1.1920929e-07,1.1920929e-07,0.0,11.615997,7.83,-1.2,16.86,438.16,502.34,0.39026950594697823,0.6820666
1988-03-13,3.504680419514871e-05,994.580253601393,1.2531917468934821,1.7526472793753656e-05,1.1920929e-07,2.0,2.0,11.712,9.39,2.12,16.66,386.89,665.43,0.3835299963127559,0.6820666
1988-03-14,2.3163489561668763e-05,993.8370335965236,1.0002078974524444,1.1583086148950067e-05,1.1920929e-07,1.1920929e-07,0.0,11.712,5.925,-2.86,14.71,436.56,459.08,0.37753963187569023,0.6656313
1988-03-15,5.613254094967362e-06,992.7699748686542,0.5640207867520601,1.1920928955078125e-07,1.1920929e-07,1.1920929e-07,0.0,11.712,-2.455,-6.71,1.8,271.16,369.89,0.3691023478111056,0.6491959
1988-03-16,-1.0666840524882357e-05,991.5331224308021,0.5719659248427033,1.1920928955078125e-07,1.1920929e-07,1.1920929e-07,0.0,11.808002,-2.355,-6.27,1.56,256.39,382.73,0.35955816568836163,0.6409783
1988-03-17,-2.1988957995155e-05,990.3870602155379,0.7372078440090004,1.1920928955078125e-07,1.1920929e-07,1.1920929e-07,0.0,11.808002,1.31,-3.8,6.42,321.66,462.29,0.3509349907029903,0.6327606
1988-03-18,-2.4665262013125214e-05,989.5923721554324,0.7901482332414256,1.1920928955078125e-07,1.1920929e-07,1.1920929e-07,0.0,11.903997,2.22,-4.26,8.7,388.26,443.43,0.3450773356075671,0.6327606
1988-03-19,-1.591542937975573e-05,989.2918819545257,0.8361187229377721,1.1920928955078125e-07,1.1920929e-07,1.69,1.69,11.903997,3.06,-1.44,7.56,299.75,549.9,0.3428879824375935,0.6574136
1988-03-20,-1.9010957000325654e-06,988.744020793963,0.956882736066099,1.1920928955078125e-07,1.1920929e-07,1.1920929e-07,0.0,12.000009,4.965,-0.86,10.79,368.67,572.92,0.33893198694693255,0.6409783
1988-03-21,1.2254268529208833e-05,987.8293589478751,1.0671850130799767,6.127509682346912e-06,1.1920929e-07,1.1920929e-07,0.0,12.000009,6.635,-0.75,14.02,425.47,538.44,0.3324288423614674,0.61632526
1988-03-22,2.2576829248580775e-05,986.6209203924061,0.824008124379987,1.1289688907332273e-05,1.1920929e-07,1.1920929e-07,0.0,12.000009,2.765,-6.83,12.36,486.62,333.47,0.32402791141374254,0.60810757
1988-03-23,2.5092752398695556e-05,985.1917291037003,1.0317914979894431,1.2547950314896876e-05,1.1920929e-07,1.1920929e-07,0.0,12.096003,6.04,-4.57,16.65,502.77,355.73,0.314365927387458,0.60810757
1988-03-24,1.4849748927356263e-05,983.6193765402255,1.4695569286508674,7.425425751285132e-06,1.1920929e-07,1.1920929e-07,0.0,12.096003,11.57,1.46,21.68,490.13,522.43,0.3040686132399698,0.60810757
1988-03-25,-1.723568914621965e-05,981.9976074149423,1.9046043623079143,1.1920928955078125e-07,1.1920929e-07,1.1920929e-07,0.0,12.191998,15.67,9.38,21.96,367.81,1021.42,0.2938009131450113,0.61632526
1988-03-26,-6.533322451532746e-05,980.3446079019884,1.8483905553176898,1.1920928955078125e-07,1.1920929e-07,13.98,13.98,12.191998,15.205,9.35,21.06,260.65,1154.0,0.28369220615440777,0.7642433
1988-03-27,-0.00012051988305797311,978.6635372343917,1.3753227264582872,1.1920928955078125e-07,1.1920929e-07,8.39,8.39,12.288,10.35,3.15,17.55,310.1,757.13,0.2737684801519478,0.8875084
1988-03-28,-0.0001738726906521624,976.9575546451798,1.1803488228300643,1.1920928955078125e-07,1.1920929e-07,1.1920929e-07,0.0,12.288,7.99,-1.9,17.88,496.45,456.56,0.2640525242850499,0.70671964
1988-03-29,-0.0002164686731759013,975.2298193673805,1.4244076464906428,1.1920928955078125e-07,1.1920929e-07,1.1920929e-07,0.0,12.288,10.96,0.3,21.62,506.95,506.65,0.2545640677010806,0.6656313
1988-03-30,-0.00023938485650719588,973.4834906340217,1.6678251497764687,1.1920928955078125e-07,1.1920929e-07,1.1920929e-07,0.0,12.383997,13.39,3.6,23.18,488.87,641.11,0.24531993530574428,0.6409783
1988-03-31,-0.00023369826652405165,971.7217276781311,1.9388871915309203,1.1920928955078125e-07,1.1920929e-07,1.1920929e-07,0.0,12.383997,15.88,8.58,23.18,415.43,971.07,0.23633421655225445,0.6491959
1988-04-01,-0.00019048592910447484,969.9476897327362,1.8674306460692471,1.1920928955078125e-07,1.1920929e-07,1.1920929e-07,0.0,12.479998,15.165,8.68,21.65,390.36,1014.12,0.22761844359392164,0.6574136
1988-04-02,-9.457592615576636e-05,968.3726520049595,1.9495434880888685,1.1920928955078125e-07,1.1920929e-07,1.52,1.52,12.479998,15.9,9.96,21.84,352.51,1140.79,0.22015009313655517,0.6409783
1988-04-03,6.151816057968463e-05,967.7331701986878,2.068790956907367,3.07685414997467e-05,1.1920929e-07,1.1920929e-07,0.0,12.479998,16.895,11.79,22.0,322.09,1330.98,0.21718826703040972,0.62454295
1988-04-04,0.0002376180543256883,968.096024579909,2.165090328440771,0.00011895018294578143,1.1920929e-07,18.96,18.96,12.576003,17.52,13.0,22.04,217.3,1502.53,0.21886393957291225,0.9943381
1988-04-05,0.0003905200830981666,969.4640326423977,2.0634664962351916,0.0001956413059027986,1.1920929e-07,1.1920929e-07,0.0,12.576003,16.695,7.62,25.77,483.39,877.46,0.22529852479701373,0.93681437
1988-04-06,0.0004770205749130412,971.8400118799283,1.9950647508227597,0.00023907915795003275,1.1920929e-07,1.1920929e-07,0.0,12.672003,15.97,6.04,25.9,505.54,773.81,0.23692707078987613,0.78067863
1988-04-07,0.000453915857786235,975.2267797862756,1.5374532049004441,0.0002274730270235705,1.1920929e-07,10.02,10.02,12.672003,11.685,3.84,19.53,342.03,803.4,0.25454767889619406,0.83820236
1988-04-08,0.0002966532832802506,979.0885400580856,1.2871260021330537,0.00014854664940498288,1.1920929e-07,3.16,3.16,12.767997,8.705,5.21,12.2,218.04,888.14,0.27624408843962367,0.772461
1988-04-09,0.000139309380383361,979.6824849511178,1.3350050947795251,6.970320794249091e-05,1.1920929e-07,1.1920929e-07,0.0,12.767997,9.265,2.18,16.35,440.18,672.38,0.2797413188727377,0.71493727
1988-04-10,3.777821765073178e-05,977.9880022332942,1.4898619309857952,1.8892676809645618e-05,1.1920929e-07,1.1920929e-07,0.0,12.767997,11.02,1.46,20.58,514.82,578.86,0.26987911828866284,0.69850194
1988-04-11,1.1492068343576923e-05,975.6883065342673,1.5846445496812531,5.746364340875131e-06,1.1920929e-07,1.1920929e-07,0.0,12.863992,11.92,1.97,21.87,522.76,585.09,0.2570482599536184,0.6656313
1988-04-12,6.6934498000273375e-06,972.8087312866019,1.4221264176179078,3.3468369056891907e-06,1.1920929e-07,1.1920929e-07,0.0,12.863992,10.25,2.28,18.22,474.03,647.39,0.2418387081645867,0.73137265
1988-04-13,4.007316036588352e-06,979.2997585111227,1.2104492706724745,2.0036981647487137e-06,1.1920929e-07,14.54,14.54,12.959997,7.52,2.29,12.75,270.19,718.12,0.2774827342153656,1.0682971
1988-04-14,2.422333003658143e-06,985.090612599008,1.2993554575215638,1.2111811710720225e-06,1.1920929e-07,1.1920929e-07,0.0,12.959997,8.525,-0.95,18.0,519.71,519.46,0.31369334893641543,0.9039437
1988-04-15,1.4617300109052043e-06,983.3136132149634,1.4495906935582252,7.308703470891641e-07,1.1920929e-07,1.1920929e-07,0.0,12.959997,10.265,1.1,19.43,506.24,594.41,0.3021056967070427,0.82998466
1988-04-16,8.709740378169829e-07,981.5920941474651,1.4642601558603543,4.3548891539792785e-07,1.1920929e-07,1.1920929e-07,0.0,13.0560055,10.335,1.98,18.69,481.61,653.62,0.29128818885386265,0.772461
1988-04-17,4.739116723356522e-07,980.0228014766251,1.2880608702417102,2.3695639764850905e-07,1.1920929e-07,1.1920929e-07,0.0,13.0560055,8.355,-1.33,18.04,519.98,501.28,0.2817650662021274,0.73137265
1988-04-18,2.6500439163929843e-07,978.4950203601829,1.6498649429363672,1.3250237138796817e-07,1.1920929e-07,1.1920929e-07,0.0,13.152002,12.165,4.8,19.53,439.7,797.86,0.2727930359883242,0.7395903
1988-04-19,1.5190109340975052e-07,982.7332171549671,1.3976365619003697,1.1920928955078125e-07,1.1920929e-07,9.27,9.27,13.152002,9.47,2.92,16.02,305.15,757.83,0.29841450130177866,0.92859674
1988-04-20,8.758424612206243e-08,991.4313718220316,1.203398635149946,1.1920928955078125e-07,1.1920929e-07,11.0,11.0,13.152002,7.015,-1.44,15.47,363.45,545.6,0.35878408062408185,1.0272088
1988-04-21,5.2187354866678344e-08,993.3665228804471,1.7046321633738868,1.1920928955078125e-07,1.1920929e-07,1.1920929e-07,0.0,13.248,12.33,4.07,20.59,475.09,728.99,0.37379576664646885,0.82998466
1988-04-22,3.128447955316402e-08,995.0381754470981,1.8895392633460613,1.1920928955078125e-07,1.1920929e-07,7.76,7.76,13.248,13.965,6.62,21.31,328.52,975.37,0.38726807992465817,0.91216135
1988-04-23,1.8712578192464125e-08,1001.1063348651444,1.6955849508906704,1.1920928955078125e-07,1.1920929e-07,8.18,8.18,13.331445,12.02,6.18,17.86,285.26,943.21,0.44038441891244867,1.0436441
1988-04-24,1.0928560791686997e-08,1006.7914103171239,1.942365374231704,1.1920928955078125e-07,1.1920929e-07,6.73,6.73,13.343997,14.105,8.51,19.7,273.37,1120.9,0.4967389853944258,1.0107734
1988-04-25,6.4648567164905496e-09,1008.1222939223221,1.5099245418560734,1.1920928955078125e-07,1.1920929e-07,1.1920929e-07,0.0,13.343997,10.055,1.74,18.37,490.64,648.16,0.5109411468022715,0.95324975
1988-04-26,3.6211953207245073e-09,1006.5547352497953,1.4868589773737488,1.1920928955078125e-07,1.1920929e-07,1.1920929e-07,0.0,13.439992,9.725,1.4,18.05,490.93,622.26,0.4942550341633076,0.9039437
1988-04-27,2.088929812822327e-09,1004.3907618662843,1.7512564120236453,1.1920928955078125e-07,1.1920929e-07,1.1920929e-07,0.0,13.439992,12.355,3.08,21.63,517.36,673.06,0.472111935316431,0.8628554
1988-04-28,1.028154330298067e-09,1002.282931148568,1.7989018999629007,1.1920928955078125e-07,1.1920929e-07,1.1920929e-07,0.0,13.439992,12.82,4.07,21.57,503.16,725.07,0.4514974560206221,0.80533165
1988-04-29,3.754840176095648e-10,1000.2227469683734,1.4353001505746574,1.1920928955078125e-07,1.1920929e-07,1.1920929e-07,0.0,13.536,9.16,4.13,14.19,351.76,824.55,0.4322190753792366,0.772461
1988-04-30,1.8625593698781828e-10,998.2257058690648,1.7128940763016862,1.1920928955078125e-07,1.1920929e-07,1.1920929e-07,0.0,13.536,11.985,5.34,18.63,433.27,855.61,0.4143176146148805,0.73137265
1988-05-01,8.005635363815373e-11,996.1963090120561,1.6056366802776347,1.1920928955078125e-07,1.1920929e-07,1.1920929e-07,0.0,13.542794,10.98,1.78,20.18,526.14,611.76,0.3968854965506921,0.70671964
1988-05-02,1.1830878374103188e-11,994.1539568522796,1.6881421831660361,1.1920928955078125e-07,1.1920929e-07,1.1920929e-07,0.0,13.632003,11.705,2.86,20.55,512.92,665.08,0.38008251013092004,0.6820666
1988-05-03,-2.5581232784351747e-12,992.0769643982948,1.6366308669407665,1.1920928955078125e-07,1.1920929e-07,1.1920929e-07,0.0,13.632003,11.245,3.44,19.05,476.62,718.9,0.3637239431892928,0.6738489
1988-05-04,-1.4066720585296775e-12,990.5197359704882,1.7482782794471408,1.1920928955078125e-07,1.1920929e-07,1.19,1.19,13.668831,12.28,7.65,16.91,293.57,1052.07,0.3519225860701295,0.6902843
1988-05-05,-7.452222830992885e-13,993.8290339878184,1.8242179385368325,1.1920928955078125e-07,1.1920929e-07,10.23,10.23,13.728,12.84,9.27,16.41,190.41,1181.94,0.3774756665042379,0.8628554
1988-05-06,-4.3318133905607935e-13,999.4641498004479,1.809076650268164,1.1920928955078125e-07,1.1920929e-07,4.54,4.54,13.728,12.615,8.76,16.47,209.48,1140.78,0.42532967974500874,0.81354934
1988-05-07,-2.398189276297049e-13,1001.6014886801158,2.1641204040279223,1.1920928955078125e-07,1.1920929e-07,4.55,4.55,13.764828,15.45,8.84,22.06,323.08,1147.01,0.4450274535233396,0.7560257
1988-05-08,-1.375262422550246e-13,1001.3253586709534,2.2228549468490413,1.1920928955078125e-07,1.1920929e-07,1.1920929e-07,0.0,13.8239975,15.825,5.87,25.78,542.11,762.79,0.44243219029231756,0.6656313
1988-05-09,-6.718529595896252e-14,998.539132528358,2.3609826771293547,1.1920928955078125e-07,1.1920929e-07,1.1920929e-07,0.0,13.8239975,16.87,9.48,24.26,458.51,1060.02,0.4170773163225219,0.6327606
1988-05-10,-3.446414512215309e-14,996.9221783406484,2.4359363484398755,1.1920928955078125e-07,1.1920929e-07,2.62,2.62,13.830791,17.41,11.43,23.39,359.11,1306.04,0.4030346732069113,0.6409783
1988-05-11,-2.0458642716013918e-14,1000.572256789376,2.0974823177923767,1.1920928955078125e-07,1.1920929e-07,8.13,8.13,13.919997,14.77,6.63,22.91,370.02,954.46,0.4354306815302794,0.70671964
1988-05-12,-1.2245724186300485e-14,1002.5595035664638,2.0413776223201956,1.1920928955078125e-07,1.1920929e-07,1.1920929e-07,0.0,13.919997,14.295,5.82,22.77,510.53,821.3,0.4541501509042244,0.61632526
1988-05-13,-7.296385967712032e-15,999.871449930325,2.32531472617239,1.1920928955078125e-07,1.1920929e-07,1.1920929e-07,0.0,13.919997,16.48,8.06,24.9,500.99,943.29,0.42901491623784604,0.58345455
1988-05-14,-4.276170897209834e-15,997.0076191393442,2.547383322289935,1.1920928955078125e-07,1.1920929e-07,1.1920929e-07,0.0,14.016,17.935,9.7,26.17,493.34,1049.67,0.403764720803689,0.5670192
1988-05-15,-2.4897918961732896e-15,994.3646036599772,2.657953688064165,1.1920928955078125e-07,1.1920929e-07,1.1920929e-07,0.0,14.016,18.695,11.12,26.27,469.19,1177.1,0.3817821323955981,0.5670192
1988-05-16,-1.0161460660105585e-15,995.604312356307,2.7556638407280603,1.1920928955078125e-07,1.1920929e-07,2.07,2.07,14.016,19.285,11.47,27.1,424.41,1248.87,0.3919399430709454,0.5670192
1988-05-17,1.1065712921543901e-16,1001.2659888376859,2.6979199798593942,1.1920928955078125e-07,1.1920929e-07,11.31,11.31,14.099442,18.73,11.12,26.34,350.95,1301.1,0.44187617090514025,0.71493727
1988-05-18,5.734358793908054e-16,1010.8385194960773,2.3553686737423263,1.1920928955078125e-07,1.1920929e-07,17.66,17.66,14.111998,16.285,11.64,20.93,247.68,1371.26,0.5411991416870838,1.5531397
1988-05-19,3.6428130189084894e-16,1021.197894636897,2.2786683271093016,1.1920928955078125e-07,1.1920929e-07,2.29,2.29,14.111998,15.57,9.67,21.47,355.22,1205.14,0.6739872807277022,1.1751268
1988-05-20,1.863287433965482e-16,1025.8156113264722,2.3989406708033165,1.1920928955078125e-07,1.1920929e-07,6.99,6.99,14.111998,16.345,9.54,23.15,336.55,1203.05,0.743240730326798,1.6435341
1988-05-21,9.959747320744274e-17,1026.317700132854,2.5669225125713186,1.1920928955078125e-07,1.1920929e-07,2.19,2.19,14.207997,17.35,9.9,24.8,416.81,1194.96,0.751187156273692,0.9943381
1988-05-22,5.4547984491326156e-17,1026.3446051324947,2.8915633149706625,1.1920928955078125e-07,1.1920929e-07,5.24,5.24,14.207997,19.355,11.86,26.85,351.3,1388.65,0.7516153648144381,0.93681437
1988-05-23,2.707004213891712e-17,1025.292385399224,3.178630806919108,1.1920928955078125e-07,1.1920929e-07,1.1920929e-07,0.0,14.207997,20.99,13.71,28.27,454.27,1515.29,0.7350492034177005,0.80533165
1988-05-24,1.5299745549556877e-17,1022.5267453600651,2.9372769051546137,1.1920928955078125e-07,1.1920929e-07,2.33,2.33,14.207997,19.685,12.09,27.28,430.97,1370.71,0.6932272611983491,0.772461
1988-05-25,7.108828882875384e-18,1020.7350088175576,2.5116137142380297,1.1920928955078125e-07,1.1920929e-07,1.66,1.66,14.291445,16.98,11.31,22.65,392.08,1343.4,0.6674114787115397,0.71493727
1988-05-26,2.8822265332246814e-18,1018.8694016197744,1.8371366136040732,1.1920928955078125e-07,1.1920929e-07,1.1920929e-07,0.0,14.304,11.895,2.94,20.85,539.15,717.82,0.6415524731711494,0.6409783
1988-05-27,1.5332532664620902e-18,1016.316243146381,1.978441910100819,1.1920928955078125e-07,1.1920929e-07,1.1920929e-07,0.0,14.304,13.125,3.49,22.76,553.39,733.72,0.6077794289113922,0.60810757
1988-05-28,4.4786895496109e-19,1013.5103077950608,2.3294384696350523,1.1920928955078125e-07,1.1920929e-07,1.1920929e-07,0.0,14.304,15.835,6.14,25.53,548.27,866.8,0.5727097106782715,0.58345455
1988-05-29,-1.5752475768722995e-19,1010.4267258722022,2.7563860168845022,1.1920928955078125e-07,1.1920929e-07,1.1920929e-07,0.0,14.304,18.695,9.49,27.9,524.78,1091.94,0.5364991780100089,0.5588016
1988-05-30,-1.58045841776611e-19,1007.0536999539157,2.955278981510744,1.1920928955078125e-07,1.1920929e-07,1.1920929e-07,0.0,14.387447,19.835,10.05,29.62,533.54,1116.33,0.4995063523322526,0.5341486
1988-05-31,-8.823054966585919e-20,1003.4869842152852,3.1936218265401064,1.1920928955078125e-07,1.1920929e-07,1.1920929e-07,0.0,14.4000025,21.21,11.66,30.76,522.81,1242.6,0.463160209599596,0.50127786
1988-06-01,-5.126163027096567e-20,999.7466467128382,3.3729941229208764,1.1920928955078125e-07,1.1920929e-07,1.1920929e-07,0.0,14.4000025,22.22,13.08,31.36,508.0,1376.63,0.42788232107382346,0.47662488
1988-06-02,-3.063246317859058e-20,995.9189734208351,3.358145912344679,1.1920928955078125e-07,1.1920929e-07,1.1920929e-07,0.0,14.4000025,22.21,14.41,30.01,463.27,1551.11,0.3945609069011209,0.47662488
1988-06-03,-1.845799425435658e-20,1003.0571263610636,2.570943391801081,1.1920928955078125e-07,1.1920929e-07,16.82,16.82,14.4000025,17.535,9.22,25.85,367.88,1177.49,0.45896232079178445,0.7560257
1988-06-04,-1.112850301655834e-20,1013.0022744140044,1.787644380923623,1.1920928955078125e-07,1.1920929e-07,8.32,8.32,14.4000025,11.445,4.87,18.02,325.3,874.13,0.566579962254975,0.82998466
1988-06-05,-6.4915311594070144e-21,1015.1088977286025,1.9975340734106983,1.1920928955078125e-07,1.1920929e-07,1.1920929e-07,0.0,14.4368305,13.15,3.81,22.49,527.93,785.97,0.592433729538403,0.59988993
1988-06-06,-3.2417777377798157e-21,1012.7834795743671,2.8881259717042496,1.1920928955078125e-07,1.1920929e-07,1.1920929e-07,0.0,14.496003,19.22,10.34,28.1,495.88,1213.12,0.5639603152868823,0.5177132
1988-06-07,-1.643598564722663e-21,1008.7366805588247,3.6282059637165536,1.1920928955078125e-07,1.1920929e-07,1.1920929e-07,0.0,14.496003,23.22,15.01,31.43,460.23,1657.64,0.5176337020318064,0.47662488
1988-06-08,-9.695411482481565e-22,1004.67831919319,3.495599289015595,1.1920928955078125e-07,1.1920929e-07,1.1920929e-07,0.0,14.496003,22.64,13.67,31.61,487.14,1496.73,0.47499625316885863,0.42731884
1988-06-09,-5.770771954261342e-22,1002.4045235724891,3.2715653090756613,1.1920928955078125e-07,1.1920929e-07,1.1920929e-07,0.0,14.496003,21.53,12.94,30.12,476.68,1437.53,0.45266177406357316,0.47662488
1988-06-10,-3.38570281233524e-22,1011.2408690265706,1.9771295144875987,1.1920928955078125e-07,1.1920929e-07,19.47,19.47,14.496003,12.98,6.2,19.76,322.74,945.31,0.5458310816428019,1.0436441
1988-06-11,-2.0340091021930884e-22,1017.7778153570601,2.0203581217089397,1.1920928955078125e-07,1.1920929e-07,1.1920929e-07,0.0,14.496003,13.225,5.08,21.37,487.06,885.56,0.6268892426327229,0.61632526
1988-06-12,-1.2255754734018844e-22,1014.7812987201154,2.335874193602104,1.1920928955078125e-07,1.1920929e-07,1.1920929e-07,0.0,14.496003,15.64,6.2,25.08,521.35,932.3,0.58833709820547,0.5259309
1988-06-13,-7.259996288943454e-23,1011.6601275640265,2.769582541805719,1.1920928955078125e-07,1.1920929e-07,1.1920929e-07,0.0,14.496003,18.53,8.84,28.22,519.0,1099.94,0.5506998642659597,0.48484254
1988-06-14,-3.135499630746259e-23,1008.1569021858816,3.1254542914339103,1.1920928955078125e-07,1.1920929e-07,1.1920929e-07,0.0,14.496003,20.645,11.23,30.06,502.7,1291.75,0.5113158266225469,0.4437542
1988-06-15,-1.3186900309355426e-24,1004.4348103127438,3.2892325729046905,1.1920928955078125e-07,1.1920929e-07,1.1920929e-07,0.0,14.502797,21.58,12.24,30.92,496.08,1381.75,0.47255262066992765,0.41910118
1988-06-16,9.297380004468598e-24,1000.6782759412879,3.400418930104939,1.1920928955078125e-07,1.1920929e-07,1.1920929e-07,0.0,14.532827,22.185,13.32,31.05,477.85,1493.22,0.43640958867853336,0.40266582
1988-06-17,5.5746640262317435e-24,1000.4593349723515,3.366534458347443,1.1920928955078125e-07,1.1920929e-07,7.52,7.52,14.532827,22.015,14.65,29.38,314.25,1673.77,0.4343904547299304,0.46840718
1988-06-18,3.2476331199177222e-24,1007.1996267794186,3.315718809514436,1.1920928955078125e-07,1.1920929e-07,13.23,13.23,14.57945,21.58,15.58,27.58,268.88,1767.45,0.5010526672006436,0.4930602
1988-06-19,1.9316961380560276e-24,1017.432199273619,3.5399741434238594,1.1920928955078125e-07,1.1920929e-07,12.57,12.57,14.57945,22.54,16.55,28.53,266.71,1875.76,0.6223168183865372,0.9039437
1988-06-20,1.1566201207474844e-24,1019.6160946998868,3.6989938315929916,1.1920928955078125e-07,1.1920929e-07,1.1920929e-07,0.0,14.57945,23.27,16.64,29.9,384.62,1886.96,0.6517798352587917,0.6409783
1988-06-21,6.901300502663805e-25,1015.303901111621,3.861487922373092,1.1920928955078125e-07,1.1920929e-07,1.1920929e-07,0.0,14.57945,24.1,16.29,31.91,430.02,1852.22,0.5948857809070479,0.5177132
1988-06-22,4.0658773811599423e-25,1010.7418849208021,4.126283841309959,1.1920928955078125e-07,1.1920929e-07,1.1920929e-07,0.0,14.57945,25.355,17.21,33.5,435.95,1972.77,0.540092528912075,0.4355365
1988-06-23,2.1607833451760736e-25,1006.0124716337597,4.387008307747465,1.1920928955078125e-07,1.1920929e-07,1.1920929e-07,0.0,14.57945,26.535,18.57,34.5,423.13,2148.13,0.4886106017935031,0.39444816
1988-06-24,-2.3727231847753816e-25,1001.6812145045614,4.1141393902384475,1.1920928955078125e-07,1.1920929e-07,1.1920929e-07,0.0,14.532827,25.52,18.88,32.16,372.77,2191.15,0.445779600986086,0.36979514
1988-06-25,-9.583202206337523e-25,997.861218286586,3.4844838215231624,1.1920928955078125e-07,1.1920929e-07,1.1920929e-07,0.0,14.502797,22.695,18.3,27.09,271.28,2104.61,0.41113128131408105,0.39444816
1988-06-26,-1.8178922742259136e-24,994.4694665739061,4.10741802509858,1.1920928955078125e-07,1.1920929e-07,1.1920929e-07,0.0,14.496003,25.665,18.89,32.44,385.18,2191.77,0.38263105939819253,0.39444816
1988-06-27,-2.6868153815289006e-24,991.4229429605944,3.3662415176824583,1.1920928955078125e-07,1.1920929e-07,1.1920929e-07,0.0,14.496003,22.215,12.45,31.98,506.08,1405.64,0.35872003141973235,0.35335982
1988-06-28,-3.435916444817593e-24,988.6386310407233,2.586161049466107,1.1920928955078125e-07,1.1920929e-07,1.1920929e-07,0.0,14.496003,17.765,9.08,26.45,489.99,1150.45,0.3381762394300921,0.32048914
1988-06-29,-3.936022366366868e-24,986.0335144083659,2.906884734229092,1.1920928955078125e-07,1.1920929e-07,1.1920929e-07,0.0,14.496003,19.785,11.38,28.19,475.32,1341.04,0.32002134561910683,0.31227148
1988-06-30,-4.057960048451603e-24,983.5245766575945,3.0731683778383583,1.1920928955078125e-07,1.1920929e-07,2.03,2.03,14.496003,20.78,14.29,27.27,393.15,1623.51,0.30345866375778735,0.3287068
1988-07-01,-3.6725563933466804e-24,981.0288013824818,2.2719250506536794,1.1920928955078125e-07,1.1920929e-07,2.16,2.16,14.496003,15.74,7.25,24.23,472.74,1022.78,0.28783341820391994,0.34514216
1988-07-02,-2.648586796551876e-24,978.4632820452383,2.367546730655329,1.1920928955078125e-07,1.1920929e-07,1.1920929e-07,0.0,14.496003,16.465,6.77,26.16,526.18,969.14,0.2726097110272534,0.30405378
1988-07-03,3.027797995493276e-25,975.8251940396334,2.6675203479595266,1.1920928955078125e-07,1.1920929e-07,1.1920929e-07,0.0,14.496003,18.505,9.35,27.66,504.17,1159.76,0.25779463766532745,0.28761846
1988-07-04,5.4600910018501904e-24,973.1244387866113,2.8162020160675563,1.1920928955078125e-07,1.1920929e-07,1.1920929e-07,0.0,14.496003,19.47,11.55,27.39,458.55,1352.51,0.24346131771078644,0.2711831
1988-07-05,1.1734449627357922e-23,970.3130940656156,2.9473214759750594,1.1920928955078125e-07,1.1920929e-07,1.1920929e-07,0.0,14.483447,20.31,12.29,28.33,460.71,1411.15,0.2293869771630431,0.26296544
1988-07-06,1.8036958493079742e-23,967.34323765609,3.026822696526557,1.1920928955078125e-07,1.1920929e-07,1.1920929e-07,0.0,14.406797,20.91,11.29,30.53,509.28,1279.8,0.2154018451366658,0.25474778
1988-07-07,2.327872041602285e-23,964.1669473374778,3.47851894784104,1.1920928955078125e-07,1.1920929e-07,1.1920929e-07,0.0,14.4000025,23.39,13.37,33.41,509.72,1429.99,0.20138685520164437,0.23831244
1988-07-08,2.637083821319445e-23,960.7363008892231,3.9928841302524707,1.1920928955078125e-07,1.1920929e-07,0.29,0.29,14.4000025,25.895,16.4,35.39,484.79,1742.37,0.1872720785440022,0.2218771
1988-07-09,2.6224414701601766e-23,957.0033760907692,3.982933735025496,1.1920928955078125e-07,1.1920929e-07,2.05,2.05,14.4000025,25.92,16.63,35.21,421.04,1849.54,0.17303514472037015,0.2465301
1988-07-10,2.175055269825202e-23,952.9202507215598,3.9659402549776055,1.1920928955078125e-07,1.1920929e-07,1.1920929e-07,0.0,14.4000025,25.92,16.66,35.18,474.19,1794.54,0.1586989885461231,0.2465301
1988-07-11,1.3604429518487407e-23,948.3563083481331,3.9447405381617124,1.1920928955078125e-07,1.1920929e-07,1.1920929e-07,0.0,14.4000025,25.91,18.18,33.64,420.23,2045.73,0.14407579391787448,0.23009476
1988-07-12,8.09407097879441e-24,948.5860886002106,3.6398332508656233,1.1920928955078125e-07,1.1920929e-07,10.31,10.31,14.310795,24.585,19.21,29.96,244.43,2225.38,0.1447787228817567,0.42731884
1988-07-13,4.895911644505675e-24,969.587964169821,3.4333512515265765,1.1920928955078125e-07,1.1920929e-07,37.44,37.44,14.304,23.18,19.23,27.13,187.62,2234.63,0.22589071431708987,1.3641332
1988-07-14,2.961256245369001e-24,986.8315700447326,3.5598157288301704,1.1920928955078125e-07,1.1920929e-07,3.11,3.11,14.304,23.505,17.97,29.04,257.06,2059.34,0.3254768928629644,0.46018952
1988-07-15,1.7892149843586344e-24,984.024347965615,4.1831852150685345,1.1920928955078125e-07,1.1920929e-07,1.1920929e-07,0.0,14.304,26.42,19.66,33.18,391.49,2284.26,0.3066880648105026,0.35335982
1988-07-16,1.0746751786471532e-24,979.510652113206,4.303954034794162,1.1920928955078125e-07,1.1920929e-07,1.1920929e-07,0.0,14.304,27.015,19.15,34.88,433.0,2218.73,0.2787250160936386,0.29583612
1988-07-17,6.205446140190432e-25,974.8037933446477,4.384733392018622,1.1920928955078125e-07,1.1920929e-07,1.1920929e-07,0.0,14.207997,27.56,20.04,35.08,416.72,2339.39,0.2522772810411815,0.26296544
1988-07-18,3.5478685732494417e-25,970.4215309671924,4.2143137070057755,1.1920928955078125e-07,1.1920929e-07,0.43,0.43,14.207997,26.925,19.99,33.86,392.12,2333.59,0.22991444396315075,0.28761846
1988-07-19,2.054252690665683e-25,972.5727569307045,3.9482109408483423,1.1920928955078125e-07,1.1920929e-07,10.63,10.63,14.207997,25.715,18.86,32.57,297.02,2186.78,0.24063296126630312,0.747808
1988-07-20,1.1711655773236532e-25,981.3792593014148,3.94950976323338,1.1920928955078125e-07,1.1920929e-07,14.41,14.41,14.207997,25.56,19.09,32.03,285.41,2219.88,0.2899779891919321,0.47662488
1988-07-21,7.056941590653203e-26,983.8147824190249,3.828707145397197,1.1920928955078125e-07,1.1920929e-07,1.1920929e-07,0.0,14.118794,25.075,19.92,30.23,319.61,2321.33,0.30532973991830875,0.37801284
1988-07-22,4.2673551682199944e-26,993.338568130471,3.6361273424824976,1.1920928955078125e-07,1.1920929e-07,25.15,25.15,14.111998,24.0,18.87,29.13,243.46,2188.49,0.37357450209171306,0.9943381
1988-07-23,2.5807494328034952e-26,1002.178989449188,3.3519170553783844,1.1920928955078125e-07,1.1920929e-07,2.2,2.2,14.111998,22.42,18.26,26.58,255.52,2101.56,0.4505045284681566,0.59167224
1988-07-24,1.5306636240765032e-26,1003.3068682478787,3.1473919580936416,1.1920928955078125e-07,1.1920929e-07,5.37,5.37,14.111998,21.31,15.3,27.32,289.44,1735.28,0.46139658675751016,0.5177132
1988-07-25,9.12898496756848e-27,1002.1819203974343,3.2664931470609484,1.1920928955078125e-07,1.1920929e-07,1.1920929e-07,0.0,14.016,22.09,14.85,29.33,435.63,1690.82,0.450532497099762,0.40266582
1988-07-26,5.3782568502776905e-27,1002.658263664372,3.3595307748168777,1.1920928955078125e-07,1.1920929e-07,9.49,9.49,14.016,22.57,16.19,28.95,303.51,1837.77,0.45510116230167147,0.4355365
1988-07-27,3.230812184173742e-27,1017.0698824623528,3.3960974740506003,1.1920928955078125e-07,1.1920929e-07,25.61,25.61,14.016,22.51,17.25,27.77,257.84,1977.61,0.6175592497464798,1.9968939
1988-07-28,1.9440212582178653e-27,1037.9336601817238,3.539961413670916,1.1920928955078125e-07,1.1920929e-07,21.31,21.31,14.003442,22.895,16.85,28.94,289.15,1915.78,0.9607312634395805,1.3723509
1988-07-29,1.1684167370845737e-27,1043.2150643814618,3.660096449291646,1.1920928955078125e-07,1.1920929e-07,1.1920929e-07,0.0,13.919997,23.495,16.07,30.92,443.98,1826.23,1.0744467655298988,0.78067863
1988-07-30,6.974354497765088e-28,1038.734843378512,3.8485162410122697,1.1920928955078125e-07,1.1920929e-07,1.1920929e-07,0.0,13.919997,24.455,17.03,31.88,438.04,1950.65,0.9771740108816792,0.5670192
1988-07-31,4.068324432331091e-28,1033.978700348599,3.7920649130305586,1.1920928955078125e-07,1.1920929e-07,1.1920929e-07,0.0,13.919997,24.275,17.65,30.9,407.95,2022.58,0.8835288609701647,0.46840718
1988-08-01,2.187329152245493e-28,1029.382328613201,3.7269324924475082,1.1920928955078125e-07,1.1920929e-07,1.1920929e-07,0.0,13.8239975,24.17,17.24,31.1,423.74,1976.6,0.8015660037049854,0.41088352
1988-08-02,7.34620997219293e-29,1024.912994314563,3.7764530919238215,1.1920928955078125e-07,1.1920929e-07,1.1920929e-07,0.0,13.8239975,24.48,17.35,31.61,432.31,1988.99,0.7291660504263024,0.36979514
1988-08-03,-2.947557391201768e-28,1020.6634761873106,3.976467617465034,1.1920928955078125e-07,1.1920929e-07,1.1920929e-07,0.0,13.8239975,25.47,19.52,31.42,377.14,2267.49,0.6664010182496418,0.33692446
1988-08-04,-8.398064066190199e-28,1016.6154816058607,3.785569425669381,1.1920928955078125e-07,1.1920929e-07,0.84,0.84,13.728,24.79,20.3,29.28,296.46,2374.31,0.6116439073599477,0.32048914
1988-08-05,-1.4762634019503791e-27,1012.7346507903219,3.640165018587576,1.1920928955078125e-07,1.1920929e-07,3.08,3.08,13.728,24.165,19.14,29.19,286.92,2227.38,0.5633773397708087,0.3287068
1988-08-06,-2.118700224290031e-27,1008.9866239608027,3.5664793053439814,1.1920928955078125e-07,1.1920929e-07,1.1920929e-07,0.0,13.728,23.87,17.43,30.31,419.49,2002.01,0.5203813731872461,0.36157748
1988-08-07,-2.6816903728137557e-27,1005.3370413374116,3.6035902742357835,1.1920928955078125e-07,1.1920929e-07,2.23,2.23,13.632003,24.24,18.13,30.35,369.18,2079.61,0.48167009866831956,0.60810757
1988-08-08,-3.079807346697332e-27,1001.7515431402572,3.38639322330018,1.1920928955078125e-07,1.1920929e-07,1.1920929e-07,0.0,13.632003,23.21,15.53,30.89,473.54,1762.88,0.4464441489368938,0.33692446
1988-08-09,-3.227624645116537e-27,998.195769589448,3.4179800107033596,1.1920928955078125e-07,1.1920929e-07,1.1920929e-07,0.0,13.632003,23.435,15.65,31.22,476.03,1776.62,0.41405498483568176,0.28761846
1988-08-10,-3.03971576724715e-27,994.6353609050925,3.576381868626984,1.1920928955078125e-07,1.1920929e-07,1.1920929e-07,0.0,13.536,24.42,16.84,32.0,464.52,1917.16,0.3839779286465147,0.26296544
1988-08-11,-2.4306542122649492e-27,991.0359573072992,3.622317109040147,1.1920928955078125e-07,1.1920929e-07,0.42,0.42,13.536,24.71,17.95,31.47,425.43,2056.93,0.3557916865629072,0.2465301
1988-08-12,-1.4227664988958195e-27,987.3488949039938,3.5693066098199813,1.1920928955078125e-07,1.1920929e-07,1.1920929e-07,0.0,13.536,24.515,17.61,31.42,433.61,2019.72,0.3290629360283834,0.2465301
1988-08-13,-4.611998248849487e-28,983.52308813533,3.6569004853550986,1.1920928955078125e-07,1.1920929e-07,1.1920929e-07,0.0,13.439992,25.14,17.92,32.36,439.79,2057.78,0.303449096258098,0.2794008
1988-08-14,2.0832119882204072e-28,979.5986535156705,3.6371896435039544,1.1920928955078125e-07,1.1920929e-07,1.1920929e-07,0.0,13.439992,25.115,17.31,32.92,457.01,1984.01,0.27924503698287084,0.23009476
1988-08-15,3.7019284360578985e-28,975.6224618655017,3.7404374777708975,1.1920928955078125e-07,1.1920929e-07,1.1920929e-07,0.0,13.350795,25.805,17.92,33.69,455.2,2052.87,0.2566900126755134,0.23009476
1988-08-16,1.884851961292172e-28,971.6923488420503,3.8750401372860983,1.1920928955078125e-07,1.1920929e-07,6.61,6.61,13.343997,26.52,18.37,34.67,340.99,2109.87,0.23618719652547726,0.2465301
1988-08-17,3.295127584881042e-29,967.8155689901811,3.7587131348126364,1.1920928955078125e-07,1.1920929e-07,1.1920929e-07,0.0,13.343997,26.045,16.53,35.56,490.53,1879.46,0.21756765772310344,0.2218771
1988-08-18,-5.829965662500077e-29,963.8910510609488,3.977331882562391,1.1920928955078125e-07,1.1920929e-07,1.1920929e-07,0.0,13.248,27.265,18.72,35.81,458.59,2164.81,0.20021342020439922,0.19722408
1988-08-19,-5.310685180729705e-29,959.8422643888924,3.8097718594011925,1.1920928955078125e-07,1.1920929e-07,1.1920929e-07,0.0,13.248,26.565,18.31,34.82,451.47,2110.99,0.18375911913616053,0.2794008
1988-08-20,-9.565795039242658e-30,956.0083419492141,3.3387433578873176,1.1920928955078125e-07,1.1920929e-07,25.07,25.07,13.248,24.285,18.04,30.53,289.94,2074.85,0.16942641654419072,0.8546377
1988-08-21,3.7020500592723806e-29,952.6880321376774,2.9594023718682476,1.1920928955078125e-07,1.1920929e-07,3.72,3.72,13.152002,22.36,17.42,27.3,253.13,1993.81,0.15792031768870668,0.42731884
1988-08-22,7.388404892746445e-29,950.0900125154146,2.772870812416314,1.1920928955078125e-07,1.1920929e-07,1.1920929e-07,0.0,13.152002,21.28,14.58,27.98,415.27,1666.56,0.14946487735341193,0.29583612
1988-08-23,8.825686380384148e-29,948.4229606435583,2.7629790700457444,1.1920928955078125e-07,1.1920929e-07,1.1920929e-07,0.0,13.0560055,21.375,16.42,26.33,329.71,1860.8,0.14427934019250593,0.25474778
1988-08-24,6.793008963908079e-29,947.8503884300998,2.8489072084440967,1.1920928955078125e-07,1.1920929e-07,3.05,3.05,13.0560055,21.915,15.99,27.84,321.07,1805.95,0.14254012230215168,0.25474778
1988-08-25,4.0038268000385355e-29,946.0184769424784,2.736863345051245,1.1920928955078125e-07,1.1920929e-07,1.1920929e-07,0.0,13.0560055,21.255,12.69,29.82,474.6,1472.64,0.13711520000772306,0.2465301
1988-08-26,2.3830815453843663e-29,943.125529480907,2.809803350061853,1.1920928955078125e-07,1.1920929e-07,1.1920929e-07,0.0,12.959997,21.89,12.89,30.89,478.1,1495.26,0.12896555698367168,0.2218771
1988-08-27,1.3975540633391977e-29,940.1935102028544,2.8229684255684226,1.1920928955078125e-07,1.1920929e-07,1.1920929e-07,0.0,12.959997,22.025,12.95,31.1,475.9,1497.67,0.1211999548373057,0.20544176
1988-08-28,8.430820776145204e-30,936.9641764162186,2.9221521322220463,1.1920928955078125e-07,1.1920929e-07,1.1920929e-07,0.0,12.863992,22.815,16.11,29.52,395.14,1829.93,0.11318691387776181,0.2218771
1988-08-29,5.09967490806604e-30,956.9204081689758,3.087640091469545,1.1920928955078125e-07,1.1920929e-07,42.81,42.81,12.863992,23.41,18.48,28.34,232.41,2128.95,0.17273132678399755,0.8875084
1988-08-30,3.0855586322744366e-30,979.7324213170385,2.762077032114697,1.1920928955078125e-07,1.1920929e-07,10.17,10.17,12.863992,21.065,16.5,25.63,223.15,1871.72,0.28003736111047334,0.72315496
1988-08-31,1.767230143908582e-30,984.2609373248667,2.271851734372223,1.1920928955078125e-07,1.1920929e-07,4.88,4.88,12.767997,17.795,13.67,21.92,212.94,1565.12,0.30822881114330264,0.48484254
1988-09-01,9.747953044280363e-31,983.8733261232017,2.2614913281800004,1.1920928955078125e-07,1.1920929e-07,1.1920929e-07,0.0,12.767997,17.725,10.66,24.79,429.79,1293.07,0.30570859143341456,0.37801284
1988-09-02,5.753300752490963e-31,981.3878744523112,2.161819253018562,1.1920928955078125e-07,1.1920929e-07,1.1920929e-07,0.0,12.672003,17.14,9.71,24.57,441.76,1217.18,0.2900309089652367,0.31227148
1988-09-03,3.3576025914512333e-31,978.975715103994,2.2433324649883937,1.1920928955078125e-07,1.1920929e-07,1.1920929e-07,0.0,12.672003,17.8,10.06,25.54,444.8,1244.43,0.27558471756848457,0.28761846
1988-09-04,2.0102846835094766e-31,986.682810979309,2.492205649744177,1.1920928955078125e-07,1.1920929e-07,17.04,17.04,12.65945,19.46,13.88,25.04,261.09,1585.36,0.32445296349067404,0.70671964
1988-09-05,1.207707844180077e-31,999.0159983838122,2.2658212657294325,1.1920928955078125e-07,1.1920929e-07,11.74,11.74,12.576003,17.755,13.51,22.0,211.72,1550.42,0.42131138975304305,0.83820236
1988-09-06,7.241614496474629e-32,1001.9658917162766,1.9899888867317754,1.1920928955078125e-07,1.1920929e-07,1.1920929e-07,0.0,12.576003,15.55,11.41,19.69,282.89,1353.01,0.44847568446218583,0.50127786
1988-09-07,4.2418034304202724e-32,1000.0985239649102,1.6131688261375055,1.1920928955078125e-07,1.1920929e-07,1.1920929e-07,0.0,12.479998,12.295,6.13,18.46,398.81,940.38,0.43108331908655034,0.41088352
1988-09-08,2.515362677624819e-32,997.7805212463786,1.670151219686059,1.1920928955078125e-07,1.1920929e-07,1.1920929e-07,0.0,12.479998,12.89,4.59,21.19,470.03,858.43,0.41042915144810826,0.36157748
1988-09-09,1.4372462430625664e-32,995.52249826246,1.911799740318862,1.1920928955078125e-07,1.1920929e-07,1.1920929e-07,0.0,12.383997,15.25,9.03,21.47,391.54,1162.61,0.391261330606386,0.34514216
1988-09-10,8.609517339235329e-33,998.2048401765697,2.292020589239328,1.1920928955078125e-07,1.1920929e-07,9.1,9.1,12.383997,18.22,14.09,22.35,206.63,1604.22,0.41413454314837567,0.41088352
1988-09-11,5.18612638206112e-33,1000.1958604481129,2.6497757663123944,1.1920928955078125e-07,1.1920929e-07,1.1920929e-07,0.0,12.383997,20.65,14.14,27.16,387.01,1614.12,0.43197300162334173,0.3862305
1988-09-12,3.12059271547256e-33,997.0700080563402,2.68509347340821,1.1920928955078125e-07,1.1920929e-07,1.1920929e-07,0.0,12.288,21.065,15.3,26.83,353.37,1735.21,0.404298637164202,0.32048914
1988-09-13,1.83802998301426e-33,993.952120546912,2.8673760622602007,1.1920928955078125e-07,1.1920929e-07,0.08,0.08,12.288,22.255,16.9,27.61,331.03,1932.28,0.37846107492842335,0.30405378
1988-09-14,1.0549953907382144e-33,990.7256459615475,2.97997581231908,1.1920928955078125e-07,1.1920929e-07,1.1920929e-07,0.0,12.191998,23.12,17.36,28.88,345.92,1976.97,0.3534608200527358,0.30405378
1988-09-15,4.590793066773153e-34,987.6437402503893,2.3996919305835873,1.1920928955078125e-07,1.1920929e-07,1.1920929e-07,0.0,12.191998,19.44,11.34,27.54,440.69,1347.26,0.33112442255911956,0.2794008
1988-09-16,1.248278698050797e-34,985.1154582182801,2.1897383093237743,1.1920928955078125e-07,1.1920929e-07,1.1920929e-07,0.0,12.096003,18.07,12.2,23.94,369.92,1415.75,0.31385847660323485,0.26296544
1988-09-17,6.316922303219138e-35,983.7872598703538,1.927207752495824,1.1920928955078125e-07,1.1920929e-07,3.96,3.96,12.096003,15.965,13.05,18.88,179.73,1509.84,0.305151796634394,0.32048914
1988-09-18,3.794036868334505e-35,994.8493492449343,2.067522203650626,1.1920928955078125e-07,1.1920929e-07,23.91,23.91,12.096003,16.945,14.11,19.78,155.74,1603.57,0.38572226967440737,0.6656313
1988-09-19,2.2806159879079248e-35,1003.6327211758417,2.4178573428769017,1.1920928955078125e-07,1.1920929e-07,1.1920929e-07,0.0,12.000009,19.565,15.74,23.39,267.9,1781.49,0.46459213982760056,0.4930602
1988-09-20,1.3741043678274143e-35,1001.0208934209353,2.6733574177189374,1.1920928955078125e-07,1.1920929e-07,0.55,0.55,12.000009,21.33,17.02,25.64,285.17,1943.36,0.43958815317426575,0.41910118
1988-09-21,6.660086935862735e-36,998.157449947683,2.408669230206141,1.1920928955078125e-07,1.1920929e-07,1.1920929e-07,0.0,11.903997,19.73,13.04,26.42,401.34,1509.76,0.4137190510778764,0.37801284
1988-09-22,-1.8806071949042166e-37,995.0245353216814,2.1624454497290087,1.1920928955078125e-07,1.1920929e-07,1.1920929e-07,0.0,11.903997,17.96,9.28,26.64,451.89,1182.43,0.3871562088635337,0.3287068
1988-09-23,-5.012220895578063e-36,992.1937652742287,2.34619065882144,1.1920928955078125e-07,1.1920929e-07,1.1920929e-07,0.0,11.903997,19.385,10.63,28.14,444.37,1290.64,0.3646249036801036,0.30405378
1988-09-24,-6.0120813910377555e-36,990.2386381506518,2.42938091075101,1.1920928955078125e-07,1.1920929e-07,1.16,1.16,11.808002,20.15,13.1,27.2,383.36,1498.69,0.3498334689203333,0.28761846
1988-09-25,-3.175572439381147e-36,989.0569813128054,1.9023055743341943,1.1920928955078125e-07,1.1920929e-07,4.24,4.24,11.808002,16.06,11.89,20.23,215.72,1391.09,0.3411861886592888,0.30405378
1988-09-26,-7.44511505055022e-39,987.5046570193902,1.7316394252849885,1.1920928955078125e-07,1.1920929e-07,0.91,0.91,11.712,14.675,10.38,18.97,293.53,1270.64,0.3301503823966076,0.3287068
1988-09-27,2.5360466614737803e-36,985.650636467059,1.8214335257062388,1.1920928955078125e-07,1.1920929e-07,1.1920929e-07,0.0,11.712,15.535,8.79,22.28,405.93,1143.39,0.3174365281088444,0.32048914
1988-09-28,3.615060457242129e-36,983.6121178098439,1.8303304815183472,1.1920928955078125e-07,1.1920929e-07,1.1920929e-07,0.0,11.615997,15.785,8.01,23.56,427.13,1085.65,0.3040218667184271,0.29583612
1988-09-29,2.584180522738696e-36,981.5028538363748,1.8032778399796994,1.1920928955078125e-07,1.1920929e-07,1.1920929e-07,0.0,11.615997,15.575,8.85,22.3,394.34,1148.95,0.29073811121959126,0.28761846
1988-09-30,1.1271196184994611e-36,979.368122557591,1.7427663712115615,1.1920928955078125e-07,1.1920929e-07,1.1920929e-07,0.0,11.615997,15.05,10.59,19.51,296.55,1287.24,0.27788482917311047,0.29583612
1988-10-01,6.249237667803151e-38,977.213667759758,1.9266243998573465,1.1920928955078125e-07,1.1920929e-07,1.1920929e-07,0.0,11.520002,16.88,10.83,22.93,363.63,1306.69,0.2654888438526778,0.30405378
1988-10-02,-3.2111231000519714e-37,975.0486423907978,2.062311300132252,1.1920928955078125e-07,1.1920929e-07,1.1920929e-07,0.0,11.520002,18.055,13.19,22.92,310.25,1522.16,0.2535890387945815,0.31227148
1988-10-03,-1.912934749710382e-37,976.5254738261906,1.8722481850133743,1.1920928955078125e-07,1.1920929e-07,7.02,7.02,11.424,16.555,13.42,19.69,163.87,1542.72,0.2616469436171354,0.35335982
1988-10-04,-1.0680565206168237e-37,984.6230207062738,1.5955378738651886,1.1920928955078125e-07,1.1920929e-07,13.07,13.07,11.424,13.795,10.08,17.51,195.0,1246.62,0.3106018163710194,0.5177132
1988-10-05,-6.363063382119496e-38,989.7980735452146,1.2211871917779944,1.1920928955078125e-07,1.1920929e-07,1.1920929e-07,0.0,11.340561,9.565,3.06,16.07,392.75,764.54,0.34658411802347083,0.42731884
1988-10-06,-3.798442721688861e-38,988.044155426775,1.0640095219781056,1.1920928955078125e-07,1.1920929e-07,1.1920929e-07,0.0,11.328006,7.47,-0.19,15.13,420.49,601.97,0.33394472158178207,0.3287068
1988-10-07,-2.265652070397872e-38,986.6963476534412,0.9815215583837765,1.1920928955078125e-07,1.1920929e-07,1.1920929e-07,0.0,11.328006,6.255,-1.36,13.87,417.29,555.43,0.3245460049276428,0.30405378
1988-10-08,4.516775135316671e-40,985.4259727781993,0.9454787477508508,1.1920928955078125e-07,1.1920929e-07,1.1920929e-07,0.0,11.232,5.835,-1.83,13.5,415.96,540.08,0.31592954877649865,0.30405378
1988-10-09,5.181183306535037e-38,984.2166311251622,0.9733085076264856,1.1920928955078125e-07,1.1920929e-07,1.1920929e-07,0.0,11.232,6.295,-1.39,13.98,411.88,552.64,0.3079396869784748,0.30405378
1988-10-10,1.2156464168046882e-37,983.0448540711006,1.050184889099599,1.1920928955078125e-07,1.1920929e-07,1.1920929e-07,0.0,11.136005,7.61,-0.21,15.43,406.5,601.11,0.3003908036732015,0.30405378
1988-10-11,1.9934861538558525e-37,981.8869374653036,1.2512853837826254,1.1920928955078125e-07,1.1920929e-07,1.1920929e-07,0.0,11.136005,10.36,2.46,18.26,399.78,734.1,0.29311301464806233,0.30405378
1988-10-12,2.7480226620739785e-37,980.7191771570597,1.0308257499329065,1.1920928955078125e-07,1.1920929e-07,1.1920929e-07,0.0,11.136005,7.36,-1.05,15.77,409.57,567.24,0.28595192239014117,0.28761846
1988-10-13,3.3756410617260484e-37,979.5178689956578,0.8310334685258649,1.1920928955078125e-07,1.1920929e-07,1.1920929e-07,0.0,11.039997,4.24,-4.23,12.71,409.49,449.14,0.2787676258648069,0.2794008
1988-10-14,3.772726473079043e-37,978.2593088303865,0.8878968730447062,1.1920928955078125e-07,1.1920929e-07,1.1920929e-07,0.0,11.039997,5.255,-4.33,14.84,419.94,436.03,0.2714344696700105,0.2711831
1988-10-15,3.835664016399947e-37,976.9197925105349,1.094102260547665,1.1920928955078125e-07,1.1920929e-07,1.1920929e-07,0.0,10.944003,8.61,-2.34,19.56,425.0,517.76,0.2638414070866172,0.28761846
1988-10-16,3.460838811955741e-37,975.4756158853914,1.3214906452768518,1.1920928955078125e-07,1.1920929e-07,1.1920929e-07,0.0,10.944003,11.605,1.14,22.07,409.87,654.19,0.2558928513385628,0.30405378
1988-10-17,2.544635980013402e-37,973.9030748042451,1.3979006935839353,1.1920928955078125e-07,1.1920929e-07,1.1920929e-07,0.0,10.944003,12.53,2.62,22.44,395.64,738.68,0.2475098825061484,0.29583612
1988-10-18,-2.046260026685278e-37,972.3015153281272,1.6426003589746312,1.1920928955078125e-07,1.1920929e-07,1.1920929e-07,0.0,10.848,15.32,7.08,23.56,354.53,1006.12,0.23925443551674797,0.29583612
1988-10-19,-1.2821684104646957e-36,970.7995085577745,1.4800656819575422,1.1920928955078125e-07,1.1920929e-07,1.1920929e-07,0.0,10.848,13.645,7.55,19.74,291.38,1045.76,0.23176253082441936,0.2794008
1988-10-20,-2.8114707483024247e-36,969.3866340242967,0.9783546821963294,1.1920928955078125e-07,1.1920929e-07,1.1920929e-07,0.0,10.752,7.275,-1.15,15.7,361.81,564.54,0.2249294740911148,0.28761846
1988-10-21,-4.6252593108056005e-36,968.0522583669475,0.9493833870195467,1.1920928955078125e-07,1.1920929e-07,4.0,4.0,10.752,6.835,1.56,12.11,198.03,688.69,0.21866114220025912,0.33692446
1988-10-22,-6.556260392598109e-36,966.785748224981,0.9266835314560515,1.1920928955078125e-07,1.1920929e-07,10.11,10.11,10.752,6.485,3.14,9.83,135.06,766.59,0.21287327578344864,0.46018952
1988-10-23,-8.437200288303833e-36,965.5764702376512,0.9397267741180843,1.1920928955078125e-07,1.1920929e-07,1.1920929e-07,0.0,10.655997,6.855,-0.65,14.36,338.92,580.52,0.20748998807751737,0.39444816
1988-10-24,-1.010080529254666e-35,964.4137910442117,1.0591381704564462,1.1920928955078125e-07,1.1920929e-07,1.1920929e-07,0.0,10.655997,8.72,1.55,15.89,324.08,691.07,0.20244255258108276,0.33692446
1988-10-25,-1.1379801699950473e-35,963.2870772839168,1.0474118607454679,1.1920928955078125e-07,1.1920929e-07,1.1920929e-07,0.0,10.649202,8.575,1.38,15.77,320.56,678.05,0.19766842647558894,0.32048914
1988-10-26,-1.2106915805139163e-35,962.1856955960202,0.9845788738820137,1.1920928955078125e-07,1.1920929e-07,1.1920929e-07,0.0,10.56,7.765,0.7,14.83,313.25,631.81,0.19311047502346995,0.32048914
1988-10-27,-1.2114873902736607e-35,961.0990126197759,0.8234132124485628,1.1920928955078125e-07,1.1920929e-07,1.1920929e-07,0.0,10.56,5.055,-4.67,14.78,365.63,427.37,0.18871636852091808,0.32048914
1988-10-28,-1.1236402287366689e-35,960.0163949944376,1.0132255659309315,1.1920928955078125e-07,1.1920929e-07,1.1920929e-07,0.0,10.463997,8.385,-1.32,18.09,357.89,555.7,0.18443812822376493,0.32048914
1988-10-29,-9.30422725365331e-36,958.9272093592597,1.0189463510803929,1.1920928955078125e-07,1.1920929e-07,1.1920929e-07,0.0,10.463997,8.49,-0.41,17.39,339.56,588.72,0.18023180126235783,0.32048914
1988-10-30,-6.225971890754289e-36,957.7538565534882,0.9198107911554061,1.1920928955078125e-07,1.1920929e-07,1.1920929e-07,0.0,10.463997,6.93,-0.83,14.69,313.74,577.75,0.17580770181935101,0.3287068
1988-10-31,-3.6998790965239734e-36,956.3412610386066,0.8862524748982635,1.1920928955078125e-07,1.1920929e-07,1.1920929e-07,0.0,10.367997,6.525,0.89,12.16,249.92,648.83,0.170625370185294,0.3287068
1988-11-01,-2.2289594317233804e-36,962.7851725253909,0.8482147556608749,1.1920928955078125e-07,1.1920929e-07,13.23,13.23,10.367997,5.755,1.63,9.88,142.73,693.76,0.19557815540086293,0.41910118
1988-11-02,-1.3458869860412294e-36,968.270514062411,0.950635860861896,1.1920928955078125e-07,1.1920929e-07,1.1920929e-07,0.0,10.367997,7.41,1.21,13.61,261.95,663.35,0.21967433446436113,0.4930602
1988-11-03,-8.116818687943643e-37,967.0572095398298,0.8502287915533963,1.1920928955078125e-07,1.1920929e-07,1.1920929e-07,0.0,10.272,5.865,-2.42,14.15,312.13,510.42,0.21410079609302687,0.3862305
1988-11-04,-4.885230219400984e-37,966.6827031896524,1.073070554541774,1.1920928955078125e-07,1.1920929e-07,1.1920929e-07,0.0,10.272,9.46,-0.04,18.96,325.62,609.99,0.21240916166513624,0.35335982
1988-11-05,-2.9192288664994465e-37,978.022220597622,1.2699668354066016,1.1920928955078125e-07,1.1920929e-07,23.13,23.13,10.272,11.94,5.02,18.86,198.08,885.61,0.2700747937427849,0.5588016
1988-11-06,-1.7459012984524725e-37,994.7181766266798,1.0252415358247078,1.1920928955078125e-07,1.1920929e-07,12.35,12.35,10.176,8.45,1.18,15.72,206.6,664.21,0.3846520691798269,1.1093855
1988-11-07,-1.0381706306561245e-37,999.5334551876664,0.9814595959701367,1.1920928955078125e-07,1.1920929e-07,1.1920929e-07,0.0,10.176,7.7,2.53,12.87,214.05,731.51,0.4259545098055718,0.5752369
1988-11-08,-5.849495101151613e-38,998.6129104486406,0.987570542857212,1.1920928955078125e-07,1.1920929e-07,1.1920929e-07,0.0,10.176,7.81,-0.15,15.77,290.35,597.7,0.4177295944073607,0.46840718
1988-11-09,-3.430911407645406e-38,997.0004253940807,1.016261262005956,1.1920928955078125e-07,1.1920929e-07,1.1920929e-07,0.0,10.08,8.425,-0.72,17.57,309.65,579.26,0.40370320300808044,0.42731884
1988-11-10,-1.9096963262718653e-38,995.4024860583779,1.1340982373121842,1.1920928955078125e-07,1.1920929e-07,1.1920929e-07,0.0,10.08,10.165,2.56,17.77,274.28,729.35,0.3902680066841528,0.41088352
1988-11-11,-1.0803407921823713e-38,994.4180555844423,1.0139557375981063,1.1920928955078125e-07,1.1920929e-07,1.07,1.07,10.08,8.43,1.14,15.72,267.87,658.73,0.3822146215732222,0.39444816
1988-11-12,-3.678614359411753e-39,994.1627041818149,0.6923853560868847,1.1920928955078125e-07,1.1920929e-07,1.1920929e-07,0.0,9.996555,2.78,-5.23,10.79,288.09,421.73,0.38015293791659316,0.37801284
1988-11-13,1.9861450617410078e-39,994.0850272157875,0.8692618803935925,1.1920928955078125e-07,1.1920929e-07,1.88,1.88,9.984,6.215,-1.29,13.72,273.46,558.9,0.37952799001949594,0.37801284
1988-11-14,4.5061966879601924e-39,993.6065297624378,0.9909391577346355,1.1920928955078125e-07,1.1920929e-07,1.1920929e-07,0.0,9.984,8.235,-1.81,18.28,313.17,540.3,0.37570084509866153,0.37801284
1988-11-15,3.1444297073059686e-39,992.3245864795709,1.0570466244101553,1.1920928955078125e-07,1.1920929e-07,1.1920929e-07,0.0,9.984,9.26,-1.44,19.96,316.93,551.82,0.3656366619051133,0.36157748
1988-11-16,1.8633467936665622e-39,990.8401463656365,1.2093640832959631,1.1920928955078125e-07,1.1920929e-07,1.1920929e-07,0.0,9.888002,11.56,3.04,20.08,281.2,763.09,0.3543190930933856,0.36157748
1988-11-17,1.1247900491873124e-39,998.7990093861687,1.1880495587825282,1.1920928955078125e-07,1.1920929e-07,17.29,17.29,9.888002,11.15,4.48,17.82,180.73,852.48,0.41937944948111555,1.0847324
1988-11-18,6.542628036583765e-19,1005.242786757648,0.7387348678181929,1.1920928955078125e-07,1.1920929e-07,1.1920929e-07,0.0,9.888002,3.74,-4.47,11.95,281.08,434.63,0.4807094399480145,0.73137265
1988-11-19,-3.909520898087119e-18,1003.8319615730672,0.7466346348498203,1.1920928955078125e-07,1.1920929e-07,1.1920929e-07,0.0,9.881208,3.93,-1.99,9.85,225.75,534.54,0.4665569310079506,0.50127786
1988-11-20,-2.0504164221582033e-12,1003.4656750841906,0.89595394147803,1.1920928955078125e-07,1.1920929e-07,2.0,2.0,9.792,6.83,1.66,12.0,199.5,697.62,0.4629512080992768,0.46018952
1988-11-21,-7.035948499824277e-12,1003.5885621718782,0.9813296241835745,1.1920928955078125e-07,1.1920929e-07,1.38,1.38,9.792,8.23,2.55,13.91,210.5,742.95,0.46415779119036216,0.45197186
1988-11-22,1.951044677087252e-12,1003.1041103328695,0.6439911333312441,1.1920928955078125e-07,1.1920929e-07,1.1920929e-07,0.0,9.792,1.885,-5.52,9.29,259.12,414.18,0.4594192967003471,0.40266582
1988-11-23,2.1484932524716147e-11,1003.1587732087478,0.6797417649869011,1.1920928955078125e-07,1.1920929e-07,1.1920929e-07,0.0,9.792,2.68,-2.85,8.21,209.53,493.37,0.45995153188246,0.39444816
1988-11-24,3.643071288713611e-11,1003.9880898189768,0.7396488140613475,1.1920928955078125e-07,1.1920929e-07,3.0,3.0,9.695997,4.07,-2.31,10.45,172.7,517.5,0.4681023806315189,0.41088352
1988-11-25,3.9686342035943895e-11,1004.2688373185107,0.8015986323833915,1.1920928955078125e-07,1.1920929e-07,1.1920929e-07,0.0,9.695997,5.275,-3.74,14.29,280.66,466.57,0.47089427571764303,0.39444816
1988-11-26,2.697090413727524e-11,1003.0056602666665,0.9096018603232339,1.1920928955078125e-07,1.1920929e-07,1.1920929e-07,0.0,9.695997,7.22,-2.05,16.49,280.57,520.0,0.45846227246475785,0.37801284
1988-11-27,1.594875571340125e-11,1004.2645128207109,1.1171391707847733,1.1920928955078125e-07,1.1920929e-07,6.32,6.32,9.695997,10.4,3.35,17.45,177.19,778.3,0.47085114470760525,0.42731884
1988-11-28,9.625646110943744e-12,1017.2266227151091,1.0070009220140517,1.1920928955078125e-07,1.1920929e-07,21.15,21.15,9.6892,8.585,2.24,14.93,166.59,725.03,0.6196129200218958,1.3148272
1988-11-29,5.9144339205679074e-12,1025.624441555107,0.6735404405046584,1.1920928955078125e-07,1.1920929e-07,1.1920929e-07,0.0,9.600003,2.51,-3.93,8.95,231.19,458.56,0.7402372819448947,0.772461
1988-11-30,3.577766908718671e-12,1024.2327651025535,0.6899083009662519,1.1920928955078125e-07,1.1920929e-07,1.1920929e-07,0.0,9.600003,2.885,-4.08,9.85,240.23,440.0,0.7187354999258911,0.58345455
1988-12-01,1.2188318280137043e-12,1022.817702081489,0.7212387010946699,1.1920928955078125e-07,1.1920929e-07,1.1920929e-07,0.0,9.600003,3.565,-2.39,9.52,212.84,513.93,0.6975126810688936,0.5259309
1988-12-02,-3.22422452792964e-12,1021.3879975958606,0.6376354781247405,1.1920928955078125e-07,1.1920929e-07,1.1920929e-07,0.0,9.600003,1.765,-4.4,7.93,218.8,444.18,0.6767066342130311,0.48484254
1988-12-03,-8.779566168568735e-12,1019.9463600873727,0.7618081313896885,1.1920928955078125e-07,1.1920929e-07,1.1920929e-07,0.0,9.600003,4.425,-2.58,11.43,237.11,504.95,0.6563552906856183,0.46840718
1988-12-04,-1.4338906906782934e-11,1018.49574533875,0.8999707839662692,1.1920928955078125e-07,1.1920929e-07,1.1920929e-07,0.0,9.593208,6.985,-0.39,14.36,242.11,588.71,0.63649495534444,0.4437542
1988-12-05,-1.8793960555451583e-11,1017.039109132717,0.6551745319553315,1.1920928955078125e-07,1.1920929e-07,1.1920929e-07,0.0,9.516553,2.355,-4.24,8.95,227.88,439.46,0.6171568460008312,0.42731884
1988-12-06,-2.103644092745404e-11,1015.5794072519985,0.8056838000827661,1.1920928955078125e-07,1.1920929e-07,1.1920929e-07,0.0,9.503997,5.485,-2.39,13.36,251.41,512.23,0.5983674146899651,0.42731884
1988-12-07,-1.995806183566967e-11,1014.1195954793191,0.9103091292504025,1.1920928955078125e-07,1.1920929e-07,1.1920929e-07,0.0,9.503997,7.37,-1.33,16.07,259.58,553.74,0.5801486800094386,0.41088352
1988-12-08,-1.4486130204185382e-11,1012.6636922432405,0.8801554539100676,1.1920928955078125e-07,1.1920929e-07,1.1920929e-07,0.0,9.503997,6.875,-0.03,13.78,227.46,611.12,0.5625312271215361,0.41088352
1988-12-09,-8.521413313732914e-12,1011.3488922628276,0.693786949954067,1.1920928955078125e-07,1.1920929e-07,9.5,9.5,9.503997,3.305,-2.34,8.95,150.01,516.39,0.5470814063535616,0.46018952
1988-12-10,-4.897620995795435e-12,1010.2294101824443,0.4715352324238634,1.1920928955078125e-07,1.2,1.1920929e-07,1.2,9.503997,-2.28,-7.8,3.24,195.38,341.24,0.5342616221673747,0.5259309
1988-12-11,-3.0668129650866734e-12,1009.2479204890618,0.46069738859854464,1.1920928955078125e-07,1.1920929e-07,1.1920929e-07,0.0,9.503997,-2.595,-7.89,2.7,200.5,341.35,0.523269446282326,0.46018952
1988-12-12,-2.481048936320354e-12,1008.3470976696511,0.29938800605850163,1.1920928955078125e-07,1.1920929e-07,1.1920929e-07,0.0,9.503997,-8.51,-14.76,-2.26,230.82,192.81,0.5133798516015851,0.3862305
1988-12-13,-2.592388624210205e-12,1007.4696162111834,0.336293460599461,1.1920928955078125e-07,1.1920929e-07,1.1920929e-07,0.0,9.503997,-6.93,-13.1,-0.76,228.68,224.1,0.5039262450121118,0.36979514
1988-12-14,-2.852891743469962e-12,1006.5581506006299,0.5289250300108416,1.1920928955078125e-07,1.1920929e-07,1.1920929e-07,0.0,9.503997,-0.59,-7.49,6.31,244.57,350.38,0.49429079046225116,0.48484254
1988-12-15,-2.7146180088133457e-12,1005.5553753249617,0.7028876144122378,1.1920928955078125e-07,1.1920929e-07,1.1920929e-07,0.0,9.497203,3.595,-2.89,10.08,234.19,496.2,0.4839027765039898,0.42731884
1988-12-16,-1.4072799043684927e-12,1004.4358871063185,0.6112438450946507,1.1920928955078125e-07,1.1920929e-07,1.1920929e-07,0.0,9.467175,1.595,-4.49,7.68,227.68,440.43,0.4725633986657555,0.41088352
1988-12-17,2.7407242104415716e-12,1003.4222418693719,0.4184785397553495,1.1920928955078125e-07,1.1920929e-07,1.1920929e-07,0.0,9.420558,-3.74,-7.54,0.06,159.98,343.22,0.46252550396127257,0.40266582
1988-12-18,9.09179428194584e-12,1002.6105395889756,0.3864852711141905,1.1920928955078125e-07,1.1920929e-07,1.1920929e-07,0.0,9.420558,-4.835,-8.78,-0.89,168.99,309.29,0.45464135442199893,0.36979514
1988-12-19,1.65758273907439e-11,1002.0523762519222,0.48498983647249855,1.1920928955078125e-07,1.1920929e-07,1.1920929e-07,0.0,9.420558,-1.64,-8.41,5.13,249.41,319.04,0.4492979756333233,0.42731884
1988-12-20,2.412272061743533e-11,1001.7993478450038,0.7533230865476609,1.1920928955078125e-07,1.1920929e-07,1.1920929e-07,0.0,9.420558,4.81,-3.54,13.16,270.16,476.82,0.44689642967901205,0.45197186
1988-12-21,3.0662371042619705e-11,1001.9030503550127,0.8914475588757139,1.1920928955078125e-07,1.1920929e-07,1.1920929e-07,0.0,9.420558,7.37,2.75,11.99,178.37,749.03,0.4478791357538984,0.40266582
1988-12-22,3.512467574689664e-11,1002.4150797687414,0.7089215036176586,1.1920928955078125e-07,1.1920929e-07,7.92,7.92,9.420558,3.89,-1.74,9.52,158.8,541.2,0.45276299730895214,0.45197186
1988-12-23,3.6439531810865696e-11,1003.3870320729819,0.7114507609490344,1.1920928955078125e-07,1.1920929e-07,2.19,2.19,9.467175,3.855,0.19,7.52,138.9,617.43,0.46218068773819776,0.46840718
1988-12-24,3.353683631512645e-11,1004.8705032545267,0.9242377182403562,1.1920928955078125e-07,1.1920929e-07,2.97,2.97,9.467175,7.805,2.72,12.89,172.41,751.97,0.47693375542225797,0.46018952
1988-12-25,2.534648634027855e-11,1006.9170893001682,0.9182798176670178,1.1920928955078125e-07,1.1920929e-07,3.91,3.91,9.497203,7.625,2.41,12.84,152.69,724.46,0.49806308151068573,0.46018952
1988-12-26,-5.992330992479778e-11,1009.1115334501702,0.7279716003176979,1.1920928955078125e-07,1.1920929e-07,1.1920929e-07,0.0,9.503997,4.055,-2.91,11.02,250.63,487.16,0.5217599857854177,0.45197186
1988-12-27,-2.9402099878343905e-10,1010.7631978932714,0.7039539679976242,1.1920928955078125e-07,1.1920929e-07,1.1920929e-07,0.0,9.503997,3.53,-3.54,10.6,253.95,466.61,0.5403364001889119,0.42731884
1988-12-28,-6.107251603378575e-10,1011.9003771233154,0.8660886508086162,1.1920928955078125e-07,1.1920929e-07,1.1920929e-07,0.0,9.503997,6.64,-1.35,14.63,265.15,560.23,0.5535093929968391,0.42731884
1988-12-29,-9.422956276883711e-10,1012.560240441896,0.6468022448411562,1.1920928955078125e-07,1.1920929e-07,1.03,1.03,9.503997,2.25,-6.0,10.5,287.96,399.77,0.5612999398586337,0.41910118
1988-12-30,-1.2209922339352985e-09,1012.779957150607,0.6094834806908821,1.1920928955078125e-07,1.1920929e-07,1.1920929e-07,0.0,9.503997,1.375,-3.78,6.53,219.97,464.79,0.5639182402628607,0.40266582
1988-12-31,-1.379074812178958e-09,1012.5966965510419,0.6277484258980098,1.1920928955078125e-07,1.1920929e-07,0.51,0.51,9.503997,1.81,-4.89,8.51,253.96,432.28,0.561733534021433,0.41088352
1989-01-01,-1.3488031955196665e-09,1012.0476279447948,0.7566192132252589,1.1920928955078125e-07,1.1920929e-07,8.47,8.47,9.503997,4.59,0.73,8.45,124.65,635.98,0.5552384551133513,0.48484254
1989-01-02,-1.062437217057745e-09,1011.1699206334594,0.7969016707074308,1.1920928955078125e-07,1.1920929e-07,0.35,0.35,9.503997,5.385,1.69,9.08,155.46,692.8,0.5450114381954172,0.5588016
1989-01-03,-6.48541435037243e-10,1009.966668050216,0.769506255666076,1.1920928955078125e-07,1.1920929e-07,1.1920929e-07,0.0,9.503997,4.875,0.41,9.34,183.17,625.05,0.5312966117751253,0.48484254
1989-01-04,-6.763817309471046e-10,1008.7757136257081,0.5890354990714779,1.1920928955078125e-07,1.1920929e-07,1.1920929e-07,0.0,9.503997,0.935,-4.11,5.98,207.64,451.96,0.5180618414257017,0.46840718
1989-01-05,-5.242083255432845e-09,1007.9817127415971,0.5248651634787914,1.1920928955078125e-07,1.1920929e-07,1.1920929e-07,0.0,9.563178,-0.81,-8.35,6.73,272.42,323.44,0.5094219919045496,0.4437542
1989-01-06,-1.3261057197832074e-08,1007.5312106429691,0.6565201236967096,1.1920928955078125e-07,1.1920929e-07,6.29,6.29,9.600003,2.395,-3.08,7.87,164.99,480.0,0.5045841182022311,0.47662488
1989-01-07,-2.1538550991105718e-08,1007.2803440769546,0.7322749273741167,1.1920928955078125e-07,1.1920929e-07,2.64,2.64,9.600003,4.02,0.41,7.63,136.07,622.91,0.5019100439963567,0.5505839
1989-01-08,-2.687981206821473e-08,1007.0852497906842,0.8763863889491618,1.1920928955078125e-07,1.1920929e-07,1.88,1.88,9.600003,6.74,2.13,11.35,190.82,710.16,0.4998402656024612,0.5341486
1989-01-09,-2.609008786212003e-08,1006.8020645312881,0.788061290457918,1.1920928955078125e-07,1.1920929e-07,1.1920929e-07,0.0,9.600003,5.13,-0.61,10.87,229.04,586.14,0.4968510966198782,0.5259309
1989-01-10,-1.5974625805782557e-08,1006.286925045897,0.583603469521623,1.1920928955078125e-07,0.00010555297,0.86989444,0.87,9.600003,0.69,-3.02,4.4,162.17,494.59,0.49145928982183035,0.4930602
1989-01-11,5.6803375637267234e-09,1005.5835292541129,0.6207031802079283,1.1920928955078125e-07,1.1920929e-07,1.1920929e-07,0.0,9.6125555,1.58,-3.73,6.89,221.32,462.08,0.4841914301537301,0.48484254
1989-01-12,9.28870666632721e-09,1010.1166810535935,0.7481534865440507,1.1920928955078125e-07,1.1920929e-07,8.33,8.33,9.695997,4.15,-1.17,9.47,164.47,560.0,0.532987467442801,0.5423662
1989-01-13,5.603567308933274e-09,1014.9473816356852,0.7810995528938185,1.1920928955078125e-07,1.1920929e-07,4.16,4.16,9.695997,4.725,-0.53,9.98,163.58,588.05,0.5904104153234843,0.62454295
1989-01-14,0.3258077712550014,1015.4858114179875,0.4830521405873419,1.1920928955078125e-07,1.1920929e-07,1.1920929e-07,0.0,9.695997,-2.295,-7.51,2.92,223.62,344.31,0.5971823434361075,0.58345455
1989-01-15,0.37080058218502765,1016.0484930021111,0.6601214326071377,0.3619237680749246,1.1920929e-07,4.0,4.0,9.695997,2.205,-4.43,8.84,196.19,440.0,0.604342304762036,0.58345455
1989-01-16,0.14525340035609158,1016.8623435981602,0.7706562011213506,0.11771162906163786,1.1920929e-07,1.1920929e-07,0.0,9.708552,4.475,-0.45,9.4,211.68,600.0,0.6148504663347899,0.59988993
1989-01-17,0.06700075383860404,1015.6477767174588,0.5981299905094243,1.1920928955078125e-07,1.1920929e-07,1.1920929e-07,0.0,9.792,0.625,-7.73,8.98,301.38,344.57,0.5992345663216744,0.5588016
1989-01-18,0.03490182258538917,1014.4443984192344,0.6943962414323919,0.0204657126141309,1.1920929e-07,1.1920929e-07,0.0,9.792,2.83,-6.41,12.07,313.89,381.11,0.5841536978445135,0.5341486
1989-01-19,0.018700644025629362,1013.1263539253576,0.8215519597442802,0.010222068193775233,1.1920929e-07,1.1920929e-07,0.0,9.792,5.365,-3.11,13.84,302.96,489.27,0.5680709790438522,0.50949556
1989-01-20,0.011707332523209713,1011.7954927907217,0.7762458573386048,0.006195929511561787,1.1920929e-07,1.1920929e-07,0.0,9.792,4.53,-2.74,11.8,282.34,501.31,0.5522810950620762,0.50127786
1989-01-21,0.009704001748999939,1010.6046251050996,0.5716343934232382,1.1920928955078125e-07,1.1920929e-07,1.1920929e-07,0.0,9.888002,-0.1,-6.88,6.68,277.75,365.41,0.5385245838446977,0.47662488
1989-01-22,0.00956901928801007,1009.5249710807714,0.5292871024515113,1.1920928955078125e-07,1.1920929e-07,1.1920929e-07,0.0,9.888002,-1.19,-9.29,6.91,308.75,305.66,0.5263491560198282,0.46018952
1989-01-23,0.008431064181774093,1008.3849210647743,0.6941949452075635,0.00439313400769813,1.1920929e-07,1.1920929e-07,0.0,9.888002,2.77,-6.91,12.45,329.83,359.87,0.5137913079189644,0.45197186
1989-01-24,0.006186502206106961,1007.11153055236,0.843919415300059,0.0031889026217617206,1.1920929e-07,1.1920929e-07,0.0,9.900558,5.695,-5.2,16.59,340.27,423.13,0.5001185830904376,0.45197186
1989-01-25,0.003414247030415078,1005.715299544708,0.9834390345967253,0.0017362633915080266,1.1920929e-07,1.1920929e-07,0.0,9.984,7.93,-1.88,17.74,329.53,537.26,0.48554472129660803,0.4437542
1989-01-26,0.0007316275067646774,1004.2687975059697,1.0158825859811125,0.0003671519444347698,1.1920929e-07,1.1920929e-07,0.0,9.984,8.455,0.76,16.15,297.94,634.89,0.4708938786234357,0.4355365
1989-01-27,-0.0011829528341320682,1002.8453476098307,0.9210374230298762,1.1920928955078125e-07,1.1920929e-07,1.1920929e-07,0.0,9.984,6.965,0.96,12.97,258.74,651.87,0.45690815191866524,0.4355365
1989-01-28,-0.0016486255146224956,1001.5167117320943,0.7854448250162397,1.1920928955078125e-07,1.1920929e-07,1.1920929e-07,0.0,10.08,4.425,-4.86,13.71,332.01,424.61,0.4442290450448224,0.41910118
1989-01-29,-0.0008819779068961709,1000.6971333665884,1.0118419446959788,1.1920928955078125e-07,1.1920929e-07,1.1920929e-07,0.0,10.08,8.3,-1.87,18.47,338.91,537.52,0.43658393542357604,0.41088352
1989-01-30,-0.00016894080485011583,1000.5433864390741,1.1302183163621042,1.1920928955078125e-07,1.1920929e-07,1.1920929e-07,0.0,10.08,10.03,2.76,17.3,292.93,748.98,0.43516449337460633,0.41910118
1989-01-31,0.00030018280115618715,1000.316847368115,1.0460258846000514,0.000150316674694207,1.1920929e-07,2.04,2.04,10.169206,8.685,0.74,16.63,305.17,641.58,0.4330814157260077,0.42731884
1989-02-01,0.00035469240704257763,999.2699754420217,1.2317302542090682,0.00017766071995058738,1.1920929e-07,1.1920929e-07,0.0,10.176,11.26,1.87,20.65,326.9,709.19,0.4235839572497608,0.41088352
1989-02-02,0.00021458946398860568,997.529273055687,1.423089882888938,0.00010740985354526354,1.1920929e-07,1.1920929e-07,0.0,10.176,13.605,4.54,22.67,317.61,848.57,0.40825075719896486,0.40266582
1989-02-03,0.00012979727889030616,995.6192195325633,1.4970214248208036,6.494075777325822e-05,1.1920929e-07,1.1920929e-07,0.0,10.235178,14.365,6.25,22.48,299.75,945.86,0.39206371834742704,0.40266582
1989-02-04,7.848451568199055e-05,994.4277594980188,1.0346116298111792,3.925765738820937e-05,1.1920929e-07,1.24,1.24,10.272,8.45,-2.15,19.05,348.33,528.76,0.3822931902207495,0.39444816
1989-02-05,4.1238580242700425e-05,995.3842897325177,0.5434689712120169,1.1920928955078125e-07,3.099752,0.00024796723,3.1,10.272,-1.155,-3.16,0.85,76.79,486.95,0.39011761861179123,0.41088352
1989-02-06,2.716551474216396e-06,997.6141811056264,0.6624970914028168,1.3580545427362622e-06,1.1920929e-07,2.72,2.72,10.331169,1.595,-2.58,5.77,163.85,504.22,0.40898563796444165,0.4355365
1989-02-07,-1.5185288131433885e-05,999.5653756723918,0.7123104379300365,1.1920928955078125e-07,1.1920929e-07,3.21,3.21,10.367997,2.58,-1.95,7.11,160.61,533.63,0.42624260097731653,0.45197186
1989-02-08,6.935506556104458e-06,999.8338445286183,0.5805760845871772,1.1920928955078125e-07,1.1920929e-07,1.1920929e-07,0.0,10.367997,-0.405,-4.92,4.11,219.27,423.45,0.4286733302090454,0.4355365
1989-02-09,2.273878143836372e-05,999.2824902714685,0.431778359611907,1.1920928955078125e-07,1.1920929e-07,1.1920929e-07,0.0,10.457203,-4.7,-11.33,1.93,297.57,259.64,0.42369625535489197,0.39444816
1989-02-10,2.3902185004607485e-05,998.4932523018078,0.40314598737932855,1.1920928955078125e-07,1.1920929e-07,1.1920929e-07,0.0,10.463997,-5.645,-12.13,0.84,295.56,240.03,0.41667219831779684,0.35335982
1989-02-11,2.218980506373523e-05,997.5524931888857,0.5825865581487357,1.1920928955078125e-07,1.1920929e-07,1.1920929e-07,0.0,10.463997,-0.455,-9.33,8.42,350.91,303.18,0.4084515966088172,0.3862305
1989-02-12,1.5349436888476905e-05,996.3867933346905,0.7062302911204004,7.675305169849408e-06,1.1920929e-07,1.1920929e-07,0.0,10.56,2.23,-5.52,9.98,323.81,400.0,0.39849003936151417,0.40266582
1989-02-13,0.0003275226777388832,995.8931296862573,0.5824803490735673,1.1920928955078125e-07,1.1465124,0.033487633,1.18,10.56,-0.565,-6.06,4.93,253.2,396.78,0.3943449829140007,0.3862305
1989-02-14,0.0010333423969584763,996.21168643078,0.8411254167634264,0.0005193406659989259,1.1920929e-07,1.43,1.43,10.56,4.835,-2.17,11.84,317.18,516.19,0.39701478800645185,0.3862305
1989-02-15,0.0006034268869227612,994.7787051908875,1.534947182460648,0.0003026237507188294,1.1920929e-07,1.1920929e-07,0.0,10.655997,14.13,5.93,22.33,325.07,920.82,0.385145535252956,0.39444816
1989-02-16,0.0003240560824235221,992.4746177423042,1.375878554707389,0.00016229057184340896,1.1920929e-07,1.1920929e-07,0.0,10.655997,12.4,4.13,20.67,332.91,829.9,0.3668004453343943,0.41088352
1989-02-17,0.0001930197854080234,994.3097645648401,0.715152211515066,9.660302275301219e-05,1.1920929e-07,6.76,6.76,10.668552,2.295,-2.48,7.07,177.5,513.59,0.3813389279561282,0.45197186
1989-02-18,7.022763358184754,996.0063108231706,0.5006732552782476,1.1920928955078125e-07,11.53,1.1920929e-07,11.53,10.752,-2.975,-5.63,-0.32,112.35,410.03,0.3952914847759313,0.47662488
1989-02-19,15.485462987065327,995.095840680316,0.5555106233422302,1.1920928955078125e-07,4.5499873,1.2746454e-05,4.55,10.752,-1.49,-7.48,4.5,249.08,345.62,0.3877413853000042,0.47662488
1989-02-20,16.535805951138006,994.8019159446064,0.6863692896900637,3.7130153752541446,1.1920929e-07,1.1920929e-07,0.0,10.848,1.44,-4.38,7.26,328.39,438.45,0.3853349314694625,0.50127786
1989-02-21,7.513594068517596,1005.1838886964349,0.8893724511531507,7.513594068517596,1.1920929e-07,5.79,5.79,10.848,5.135,0.36,9.91,210.34,631.26,0.4801101138261639,0.797114
1989-02-22,2.7490325131403743,1016.1693298292108,0.9225874904753447,2.74903251313721,1.1920929e-07,9.01,9.01,10.848,5.525,0.23,10.82,217.42,616.78,0.6058910808568213,1.5284866
1989-02-23,1.1328029245875975,1022.613735879782,0.6581648712230703,1.1920928955078125e-07,0.01889335,3.1511068,3.17,10.944003,0.3,-3.75,4.35,182.53,466.04,0.6945057536095156,1.0189911
1989-02-24,4.873493407625686,1021.6837458691983,0.4648494280558821,1.1920928955078125e-07,4.8,1.1920929e-07,4.8,10.944003,-4.615,-8.84,-0.39,214.01,314.97,0.6809590337762822,0.83820236
1989-02-25,7.085816359486158,1020.5454781679028,0.5114140480842274,1.1920928955078125e-07,1.1920929e-07,1.1920929e-07,0.0,11.039997,-3.39,-10.08,3.3,404.05,283.95,0.6647375359454314,0.6820666
1989-02-26,6.63727962365359,1019.7219549097265,0.7196959959464785,4.107460828351947,1.1920929e-07,1.1920929e-07,0.0,11.039997,1.515,-4.89,7.92,391.18,432.48,0.6532429254075856,0.6820666
1989-02-27,2.5015063821899997,1022.3975472286172,0.7810730642041858,2.501506382155778,1.1920929e-07,1.1920929e-07,0.0,11.039997,2.68,-2.51,7.87,343.9,507.11,0.6913327892043567,0.6409783
1989-02-28,0.9142055280594283,1025.1189693410988,0.7137438758808848,0.9049410903848408,4.1359663e-06,5.1399956,5.14,11.136005,1.19,-1.93,4.31,171.55,538.01,0.7323542033757888,0.6574136
1989-03-01,0.3358308262276617,1026.7876990270977,0.7407833559867615,0.3245206746291187,1.1920929e-07,1.1920929e-07,0.0,11.136005,1.71,-4.53,7.95,385.23,429.86,0.7587026746498725,0.6656313
1989-03-02,0.13284363531244014,1025.5087858126656,0.7539096226656951,0.10502246151995825,1.1920929e-07,1.1920929e-07,0.0,11.232,1.86,-6.13,9.85,436.09,387.89,0.7384261222721701,0.60810757
1989-03-03,0.06198487667807588,1023.8951766221716,0.793938635670272,0.040301584489544344,1.1920929e-07,1.1920929e-07,0.0,11.232,2.645,-2.57,7.86,343.88,507.09,0.7136144931567866,0.59167224
1989-03-04,0.03233330984553895,1024.3835818020993,0.9071966079514433,0.01875772797956157,1.1920929e-07,5.83,5.83,11.232,4.625,2.39,6.86,128.16,726.42,0.7210351555900274,0.6738489
1989-03-05,0.01736411703212445,1025.6607252506942,1.1624809940728928,0.00943395165529977,1.1920929e-07,2.13,2.13,11.328006,8.26,3.55,12.97,302.71,785.19,0.7408063966292595,0.70671964
1989-03-06,0.010160644649362604,1031.6150657874773,1.1568381451353036,0.005338197256466611,1.1920929e-07,14.07,14.07,11.328006,8.095,1.64,14.55,304.75,695.24,0.8403843585895983,7.913616
1989-03-07,0.006038067354031537,1048.759488876683,0.789809996686395,0.0031101379206946904,1.1920929e-07,23.24,23.24,11.424,1.965,-4.27,8.2,304.48,448.78,1.208335049956253,5.3168325
1989-03-08,4.705891029187459,1054.158779812165,0.5281963268075465,1.1920928955078125e-07,1.1920929e-07,1.1920929e-07,0.0,11.424,-3.87,-6.99,-0.75,249.7,360.19,1.354736331614271,1.9558055
1989-03-09,4.717380936260467,1052.2210890166607,0.7257650339504329,1.1920928955078125e-07,1.1920929e-07,1.1920929e-07,0.0,11.520002,0.56,-5.06,6.18,391.32,424.63,1.3002599975196791,1.4298745
1989-03-10,2.08790339038467,1052.7329218399066,0.8961976010894481,2.087903388597931,1.1920929e-07,1.1920929e-07,0.0,11.520002,3.655,-4.94,12.25,470.7,431.02,1.3144331034149894,1.1915622
1989-03-11,0.7618986534125727,1051.7871085018278,1.0415192581320027,0.7615247149025414,1.1920929e-07,1.1920929e-07,0.0,11.520002,5.93,-2.74,14.6,469.32,506.05,1.288362480846255,1.0436441
1989-03-12,0.2797679922997125,1049.8752594916984,1.2209649312744766,0.2636954114161934,1.1920929e-07,1.1920929e-07,0.0,11.615997,8.27,-0.95,17.49,474.5,574.19,1.2372321821235726,0.94503206
1989-03-13,0.11349627763085804,1047.4803278715451,1.2244816968149876,0.08588871652915868,1.1920929e-07,1.1920929e-07,0.0,11.615997,8.35,0.31,16.39,457.07,619.64,1.1760357675122992,0.8875084
1989-03-14,0.05441974353779616,1050.231017665083,0.9138592549443869,0.0344361773706494,1.1920929e-07,8.64,8.64,11.712,3.735,0.59,6.88,185.6,632.69,1.2465904147528082,0.97790277
1989-03-15,0.029102654884779085,1052.2229137183326,1.3480169450166388,0.016653919478281515,1.1920929e-07,1.1920929e-07,0.0,11.712,9.65,1.98,17.32,453.18,718.02,1.300310252706449,0.84642
1989-03-16,0.016371510402536482,1049.4099185633181,1.5382027183955134,0.008854328456304137,1.1920929e-07,1.1920929e-07,0.0,11.712,11.78,4.35,19.21,445.05,836.74,1.2250973341884097,0.7888963
1989-03-17,0.009306308254305864,1046.7800034856364,1.3554895750185494,0.004869516428244078,1.1920929e-07,1.1920929e-07,0.0,11.808002,9.69,-0.36,19.74,497.67,582.21,1.158719547707861,0.72315496
1989-03-18,0.0051389354085801565,1044.7317369078498,1.7332012404104475,0.002635474821435594,1.1920929e-07,1.1920929e-07,0.0,11.808002,13.64,5.01,22.27,470.73,848.39,1.1095237027345906,0.70671964
1989-03-19,0.0025458169101030626,1044.1269468721036,1.3142834447048006,0.0012891105393380235,1.1920929e-07,4.26,4.26,11.903997,9.12,0.39,17.85,359.68,632.11,1.095401159458134,0.72315496
1989-03-20,0.001469014703161518,1044.6419573039548,0.8477983357978469,0.000739902220956042,1.1920929e-07,1.1920929e-07,0.0,11.903997,2.46,-3.14,8.06,391.42,490.5,1.1074157938892726,0.6902843
1989-03-21,0.0008627935676650358,1049.094060962967,1.0146146571571097,0.0004332578041388157,1.1920929e-07,12.96,12.96,12.000009,4.955,0.61,9.3,243.0,632.05,1.2169284940698784,0.9696851
1989-03-22,0.0005123506420331366,1052.3955495009482,1.0087255449242725,0.0002568315775319698,1.1920929e-07,1.1920929e-07,0.0,12.000009,4.82,-0.96,10.6,404.26,571.0,1.30507371247249,0.92859674
1989-03-23,0.0003057049517279445,1050.6804309316049,0.8825651241744193,0.00015308611447579292,1.1920929e-07,1.1920929e-07,0.0,12.000009,2.85,-1.27,6.97,318.01,563.1,1.2585135037808357,0.8628554
1989-03-24,0.00018037609504592024,1060.3568533080886,0.966422465236225,9.02693863400668e-05,1.1920929e-07,19.8,19.8,12.096003,3.945,-0.44,8.33,251.25,592.41,1.5447922573154147,2.194118
1989-03-25,0.0001072082375600755,1069.869438561316,1.4753174997715757,5.363285279278745e-05,1.1920929e-07,5.15,5.15,12.096003,10.3,1.3,19.3,369.92,668.91,1.8896230196011405,1.5202689
1989-03-26,6.329621331904914e-05,1068.2929016990756,1.7791662789309322,3.165812268574149e-05,1.1920929e-07,1.1920929e-07,0.0,12.191998,13.185,2.63,23.74,511.43,738.67,1.8275648841978567,1.2079976
1989-03-27,3.7311046688774675e-05,1064.664615733781,2.063685783120545,1.8659003629859494e-05,1.1920929e-07,1.1920929e-07,0.0,12.191998,15.66,5.98,25.34,490.93,927.24,1.692375205693783,1.0600795
1989-03-28,1.938240233095297e-05,1060.878572430503,2.4005714123458306,9.692140359273842e-06,1.1920929e-07,1.1920929e-07,0.0,12.288,18.105,9.84,26.37,452.7,1226.18,1.5619578613611178,0.9696851
1989-03-29,-1.1497110252645218e-05,1057.436970518875,2.7211009711345926,1.1920928955078125e-07,1.1920929e-07,1.1920929e-07,0.0,12.288,20.285,14.29,26.28,367.32,1628.41,1.4521465452114017,0.9039437
1989-03-30,-5.13485580720621e-05,1054.3544829567384,2.5277358424069316,1.1920928955078125e-07,1.1920929e-07,1.1920929e-07,0.0,12.288,19.08,14.2,23.96,315.8,1613.15,1.360363675354412,0.82176703
1989-03-31,-9.129725934695119e-05,1051.5530480605114,1.826794731885986,1.1920928955078125e-07,1.1920929e-07,1.1920929e-07,0.0,12.383997,13.615,6.57,20.66,429.71,981.91,1.281990999529808,0.772461
1989-04-01,-0.00012246853229696593,1048.9546041466115,1.102004683410489,1.1920928955078125e-07,1.1920929e-07,1.1920929e-07,0.0,12.383997,5.73,-0.26,11.72,403.36,602.5,1.2133391592780107,0.70671964
1989-04-02,-0.00013598769514175987,1046.4810895314567,1.1024627865647139,1.1920928955078125e-07,1.1920929e-07,1.1920929e-07,0.0,12.479998,5.655,-2.61,13.92,486.28,503.77,1.151406459031503,0.6491959
1989-04-03,-0.00012298006610098647,1044.0544425314645,1.556102051584215,1.1920928955078125e-07,1.1920929e-07,1.05,1.05,12.479998,11.035,2.51,19.56,474.8,730.07,1.093720211785498,0.60810757
1989-04-04,-7.799992944000238e-05,1041.7268433095107,2.1871400365349727,1.1920928955078125e-07,1.1920929e-07,1.1920929e-07,0.0,12.479998,16.595,11.05,22.14,354.09,1324.24,1.0411059836837526,0.6409783
1989-04-05,-2.5899630840345216e-05,1040.5057291164087,1.890713362088513,1.1920928955078125e-07,1.1920929e-07,8.99,8.99,12.576003,14.095,9.16,19.03,247.96,1174.13,1.0145233922976786,0.84642
1989-04-06,1.6391077903358758e-05,1040.7575997061397,1.3108146997241488,8.19621062026496e-06,1.1920929e-07,3.49,3.49,12.576003,8.275,3.82,12.73,237.83,806.18,1.019950256189239,0.69850194
1989-04-07,3.633360954310019e-05,1042.6527497006846,0.9594740240181859,1.8170105099469865e-05,1.1920929e-07,1.88,1.88,12.672003,3.395,-1.67,8.46,328.42,540.68,1.0617254803751313,0.7395903
1989-04-08,2.5552036644547987e-05,1045.93729506492,0.8905283995414554,1.2777647542277526e-05,1.1920929e-07,9.26,9.26,12.672003,2.245,-0.68,5.17,168.82,580.7,1.1382203966978939,0.9614674
1989-04-09,8.39307880272159e-06,1047.7130516202135,1.0174315613599918,4.196715510790163e-06,1.1920929e-07,9.44,9.44,12.767997,4.085,-0.32,8.49,246.89,596.48,1.1818471906661485,1.0518618
1989-04-10,-5.509516603268834e-06,1047.766683248084,1.07889867414057,1.1920928955078125e-07,1.1920929e-07,1.1920929e-07,0.0,12.767997,4.965,-0.37,10.3,390.18,595.7,1.1831905105156952,0.8792907
1989-04-11,-1.2017322173418095e-05,1046.5453660555575,0.9964269015537338,1.1920928955078125e-07,1.1920929e-07,1.1920929e-07,0.0,12.767997,3.79,-3.29,10.87,475.37,483.14,1.1529751129586951,0.82176703
1989-04-12,-8.591920326307848e-06,1044.481713582402,0.9744077732827188,1.1920928955078125e-07,1.1920929e-07,1.1920929e-07,0.0,12.863992,3.375,-5.87,12.62,536.09,395.39,1.1036634266104408,0.772461
1989-04-13,-4.342741391256406e-06,1042.0263314388849,1.1514776902846577,1.1920928955078125e-07,1.1920929e-07,1.1920929e-07,0.0,12.863992,5.92,-3.37,15.21,530.22,477.98,1.0477312476760865,0.7395903
1989-04-14,-1.8581976849309128e-06,1039.899626460138,1.304250974063215,1.1920928955078125e-07,1.1920929e-07,1.1920929e-07,0.0,12.959997,7.745,-1.6,17.09,528.37,543.41,1.0015822107282906,0.6902843
1989-04-15,-1.032855701352536e-06,1038.4808330222631,1.4637469521890194,1.1920928955078125e-07,1.1920929e-07,4.95,4.95,12.959997,9.56,3.59,15.53,309.65,787.59,0.9719306955421677,0.71493727
1989-04-16,-4.926454125454311e-07,1036.9057501639013,1.6237028459770695,1.1920928955078125e-07,1.1920929e-07,0.17,0.17,12.959997,11.22,4.9,17.54,428.19,876.46,0.9400399424089676,0.7560257
1989-04-17,-2.1988361338149174e-07,1034.688297832589,1.807370931881232,1.1920928955078125e-07,1.1920929e-07,1.1920929e-07,0.0,13.0560055,12.85,2.42,23.28,546.59,688.95,0.8969087056473979,0.60810757
1989-04-18,-9.135588471717257e-08,1032.0197016398668,2.4061912367333,1.1920928955078125e-07,1.1920929e-07,1.1920929e-07,0.0,13.0560055,17.59,8.04,27.14,519.84,1016.74,0.8476179699995255,0.60810757
1989-04-19,5.2194971082267995e-08,1029.4265766872652,2.308744676558001,1.1920928955078125e-07,1.1920929e-07,1.1920929e-07,0.0,13.152002,16.82,9.41,24.23,462.5,1167.27,0.8023176051754026,0.59167224
1989-04-20,1.716672359563817e-07,1026.9028463099908,1.64009899299998,1.1920928955078125e-07,1.1920929e-07,1.1920929e-07,0.0,13.152002,11.3,3.31,19.29,493.21,773.15,0.7605553761663543,0.5670192
1989-04-21,2.2788816244765073e-07,1024.4422219104586,1.577404569415804,1.1920928955078125e-07,1.1920929e-07,1.1920929e-07,0.0,13.152002,10.72,1.45,19.99,527.33,665.14,0.7219312863210104,0.5505839
1989-04-22,1.825008898631204e-07,1022.0387526581644,1.7041324282260855,1.1920928955078125e-07,1.1920929e-07,1.1920929e-07,0.0,13.248,11.87,2.94,20.8,513.52,738.5,0.6860987829561371,0.5505839
1989-04-23,9.80211529765147e-08,1019.6890457083122,1.7956104555788817,1.1920928955078125e-07,1.1920929e-07,1.1920929e-07,0.0,13.248,12.745,4.64,20.85,484.95,841.48,0.6527877370654881,0.5423662
1989-04-24,4.0357387942360096e-08,1017.2628223913085,1.8622903309581365,1.1920928955078125e-07,1.1920929e-07,1.1920929e-07,0.0,13.331445,13.27,3.66,22.88,526.29,763.71,0.620088191865954,0.5259309
1989-04-25,1.8285050049352326e-08,1014.6446389234584,2.2922060772498147,1.1920928955078125e-07,1.1920929e-07,1.1920929e-07,0.0,13.343997,16.7,7.04,26.36,521.01,949.58,0.5866365496970519,0.5259309
1989-04-26,9.480153889272214e-09,1013.1981157687154,2.7342946676172817,1.1920928955078125e-07,1.1920929e-07,6.6,6.6,13.343997,19.69,11.44,27.94,354.4,1354.85,0.5689351043466391,0.5341486
1989-04-27,3.756254049200364e-09,1013.9277223746437,2.8982549374028403,1.1920928955078125e-07,1.1920929e-07,3.06,3.06,13.439992,20.55,12.75,28.35,360.77,1464.23,0.5777956816256923,0.5341486
1989-04-28,1.843073236910832e-09,1017.7711836232334,2.3950050735352164,1.1920928955078125e-07,1.1920929e-07,9.53,9.53,13.439992,17.26,9.45,25.07,349.74,1196.24,0.6268011909156334,0.5505839
1989-04-29,1.083245183301887e-09,1026.3358205715272,2.310117889176171,1.1920928955078125e-07,1.1920929e-07,12.76,12.76,13.439992,16.52,11.47,21.57,257.05,1357.96,0.7514755266436057,0.6820666
1989-04-30,6.495882096773583e-10,1031.157075831281,2.6556080791504826,1.1920928955078125e-07,1.1920929e-07,4.01,4.01,13.536,18.655,12.36,24.95,301.39,1445.14,0.8322713946014232,0.62454295
1989-05-01,3.9024650184227303e-10,1034.7495683185175,2.563941688641493,1.1920928955078125e-07,1.1920929e-07,11.85,11.85,13.536,18.005,12.8,23.21,262.96,1481.46,0.8980734532666267,0.93681437
1989-05-02,2.3424281071111183e-10,1057.242611579574,2.02971127387405,1.1920928955078125e-07,1.1920929e-07,38.86,38.86,13.542794,13.785,8.68,18.89,269.89,1134.49,1.4461807030625162,2.120159
1989-05-03,1.409912209727748e-10,1071.1233863749246,1.759263895606796,1.1920928955078125e-07,1.1920929e-07,1.1920929e-07,0.0,13.632003,11.175,4.67,17.68,442.72,859.25,1.9404840647946855,1.2573035
1989-05-04,8.492122292855772e-11,1066.6287639571601,1.5813774941634284,1.1920928955078125e-07,1.1920929e-07,1.1920929e-07,0.0,13.632003,9.56,0.44,18.68,534.92,627.16,1.7642682106716443,0.9696851
1989-05-05,5.125824882047397e-11,1067.3856472626483,1.9046191350022565,1.1920928955078125e-07,1.1920929e-07,11.5,11.5,13.668831,12.455,6.72,18.19,297.3,978.18,1.7927803530165896,2.8186607
1989-05-06,3.10229217672546e-11,1095.9864977443256,1.8688847405929532,1.1920928955078125e-07,1.1920929e-07,50.44,50.44,13.728,11.66,5.77,17.55,304.41,918.61,3.2856609429999013,6.5412655
1989-05-07,1.8783664308166493e-11,1120.8998684439725,1.4122809747891392,1.1920928955078125e-07,1.1920929e-07,10.04,10.04,13.728,6.93,0.89,12.97,315.48,655.59,5.569263153215109,2.9501436
1989-05-08,1.1277146674500752e-11,1118.3699194893854,1.515064324725539,1.1920928955078125e-07,1.1920929e-07,1.1920929e-07,0.0,13.764828,8.005,0.37,15.64,485.66,622.38,5.278676579333815,1.8736287
1989-05-09,6.74056678812363e-12,1110.2935787153644,1.6152025642391048,1.1920928955078125e-07,1.1920929e-07,1.1920929e-07,0.0,13.8239975,9.045,3.23,14.86,400.64,775.88,4.44868649081852,1.5860103
1989-05-10,4.042178091974489e-12,1112.2439296003686,1.735695233798775,1.1920928955078125e-07,1.1920929e-07,16.7,16.7,13.8239975,10.145,6.55,13.74,198.0,972.97,4.636313941779192,2.4077773
1989-05-11,2.4245750337316552e-12,1114.853932673383,1.5865802697342966,1.1920928955078125e-07,1.1920929e-07,1.72,1.72,13.830791,8.695,4.84,12.55,271.96,866.65,4.899840342726729,1.8736287
1989-05-12,1.457424246469149e-12,1109.4058816537029,1.485318340240218,1.1920928955078125e-07,1.1920929e-07,1.1920929e-07,0.0,13.919997,7.65,1.53,13.77,430.59,685.0,4.365821611822353,1.569575
1989-05-13,8.364484944709278e-13,1103.5163065303987,1.7045159931901932,1.1920928955078125e-07,1.1920929e-07,1.1920929e-07,0.0,13.919997,9.875,1.88,17.87,507.38,698.97,3.8537941968117884,1.3559155
1989-05-14,4.2676439666975067e-13,1097.8708485992709,2.088220009708116,1.1920928955078125e-07,1.1920929e-07,1.1920929e-07,0.0,13.919997,13.19,6.06,20.32,470.0,929.37,3.419453120569579,1.2244328
1989-05-15,2.322984074016077e-13,1093.0618977487989,2.3220216613244244,1.1920928955078125e-07,1.1920929e-07,2.0,2.0,14.016,14.875,8.95,20.8,410.15,1156.29,3.0883016552677267,1.1340384
1989-05-16,6.339707624439275e-14,1088.6290377682853,2.1266008238545524,1.1920928955078125e-07,1.1920929e-07,4.83,4.83,14.016,13.51,7.94,19.08,296.66,1080.88,2.8115278341892176,1.0354264
1989-05-17,-8.045843000834787e-14,1084.269704616152,2.4433750000573453,1.1920928955078125e-07,1.1920929e-07,1.1920929e-07,0.0,14.016,15.845,9.79,21.9,422.15,1223.23,2.563547829449846,0.92859674
1989-05-18,-1.562353459316218e-13,1079.800331519211,2.664050318768126,1.1920928955078125e-07,1.1920929e-07,1.1920929e-07,0.0,14.099442,17.25,8.71,25.79,515.87,1138.63,2.33199823981891,0.8628554
1989-05-19,-1.2523201287562496e-13,1075.0528919663361,2.7060208736919256,1.1920928955078125e-07,1.1920929e-07,1.1920929e-07,0.0,14.111998,17.57,9.36,25.78,504.69,1189.43,2.108905469467787,0.7888963
1989-05-20,-6.612746871272392e-14,1070.2886261022777,2.623991576013556,1.1920928955078125e-07,1.1920929e-07,1.1920929e-07,0.0,14.111998,17.13,10.09,24.17,465.35,1247.14,1.9064754839725442,0.747808
1989-05-21,-2.8189946741142054e-14,1065.6840123325492,2.9099755414149424,1.1920928955078125e-07,1.1920929e-07,1.1920929e-07,0.0,14.111998,18.94,11.99,25.89,457.09,1398.97,1.7293143940672615,0.72315496
1989-05-22,-1.4893878329567853e-14,1062.4246029527142,2.673978001793843,1.1920928955078125e-07,1.1920929e-07,1.1920929e-07,0.0,14.207997,17.455,8.22,26.69,536.76,1097.38,1.613953639228677,0.6820666
1989-05-23,-8.730804668814741e-15,1066.6985065542924,2.795041809202499,1.1920928955078125e-07,1.1920929e-07,14.6,14.6,14.207997,18.13,11.39,24.87,339.79,1351.42,1.766876369098463,1.6024457
1989-05-24,-5.197764587807529e-15,1070.2543425279298,2.893992034340032,1.1920928955078125e-07,1.1920929e-07,1.33,1.33,14.207997,18.66,11.7,25.62,451.89,1376.3,1.905091566887993,0.8792907
1989-05-25,-3.0676752958464744e-15,1065.8459503376037,2.9834496236443666,1.1920928955078125e-07,1.1920929e-07,1.1920929e-07,0.0,14.207997,19.245,10.52,27.97,522.41,1282.12,1.735256196467979,0.69850194
1989-05-26,-1.817666269959444e-15,1060.830124173353,3.468104025797085,1.1920928955078125e-07,1.1920929e-07,1.1920929e-07,0.0,14.291445,21.805,14.08,29.53,483.33,1615.07,1.5603558149874812,0.6491959
1989-05-27,-1.0595807213842296e-15,1056.2834954300492,3.4662668229794784,1.1920928955078125e-07,1.1920929e-07,0.95,0.95,14.304,21.855,15.66,28.05,423.48,1781.29,1.4170976318848667,0.60810757
1989-05-28,-4.579589275625887e-16,1052.4070113360283,2.4394374469292543,1.1920928955078125e-07,1.1920929e-07,1.1920929e-07,0.0,14.304,15.975,7.57,24.38,526.75,1054.79,1.3053905906585628,0.5670192
1989-05-29,-5.931912460113428e-17,1048.7386834791916,2.494932806426367,1.1920928955078125e-07,1.1920929e-07,1.1920929e-07,0.0,14.304,16.405,8.2,24.61,517.27,1095.67,1.207802674373961,0.5341486
1989-05-30,3.500816894282079e-17,1044.831201465579,3.0242921760444235,1.1920928955078125e-07,1.1920929e-07,1.1920929e-07,0.0,14.304,19.7,11.33,28.07,508.63,1346.77,1.111863686955006,0.5259309
1989-05-31,1.8138368682433834e-17,1040.38681859422,3.6571278461072376,1.1920928955078125e-07,1.1920929e-07,1.1920929e-07,0.0,14.387447,22.95,15.19,30.71,473.48,1725.2,1.0119713611433825,0.50949556
1989-06-01,6.864056267782434e-18,1035.6314985074964,3.855154389555741,1.1920928955078125e-07,1.1920929e-07,1.1920929e-07,0.0,14.4000025,23.94,16.3,31.58,462.1,1851.87,0.9150074391172573,0.48484254
1989-06-02,3.002091491202832e-18,1031.1955359866429,3.8375505190972605,1.1920928955078125e-07,1.1920929e-07,1.1920929e-07,0.0,14.4000025,23.935,16.6,31.27,449.72,1886.68,0.832949665738255,0.5177132
1989-06-03,1.754133556864717e-18,1031.6967681711583,3.562765516447739,1.1920928955078125e-07,1.1920929e-07,8.65,8.65,14.4000025,22.625,16.16,29.09,316.32,1834.48,0.841839948224066,0.7560257
1989-06-04,1.0427942995830384e-18,1035.6409659670517,3.647795159228055,1.1920928955078125e-07,1.1920929e-07,10.72,10.72,14.4000025,22.97,17.08,28.86,294.43,1952.33,0.9151909458725445,0.871073
1989-06-05,6.080810243967831e-19,1034.8371702222776,3.4147361848950526,1.1920928955078125e-07,1.1920929e-07,0.11,0.11,14.4000025,21.835,16.26,27.41,381.16,1847.41,0.8997413870766325,0.59988993
1989-06-06,3.62530513744817e-19,1041.3311726126517,3.2841659530670606,1.1920928955078125e-07,1.1920929e-07,21.54,21.54,14.4368305,21.01,16.13,25.89,259.94,1831.52,1.0324171663770239,1.8489758
1989-06-07,2.1548461889877094e-19,1065.8675262312843,3.004725978667622,1.1920928955078125e-07,1.1920929e-07,35.62,35.62,14.496003,19.025,15.43,22.62,205.0,1749.99,1.736049395298285,10.765148
1989-06-08,1.2883860477272726e-19,1084.3484093998118,3.2014164910159812,1.1920928955078125e-07,1.1920929e-07,14.93,14.93,14.496003,19.81,15.34,24.28,249.04,1738.69,2.5678249848470385,2.6953957
1989-06-09,7.76495708181772e-20,1098.7912464787225,3.4755456945181398,1.1920928955078125e-07,1.1920929e-07,23.59,23.59,14.496003,20.99,16.91,25.07,226.63,1925.86,3.4867698303086554,9.285967
1989-06-10,4.6847590703546124e-20,1106.5086801387074,3.3063509693891615,1.1920928955078125e-07,1.1920929e-07,6.76,6.76,14.496003,20.015,14.41,25.62,296.75,1649.36,4.105962612579778,4.388236
1989-06-11,2.8169155896023546e-20,1102.2424988018734,3.093531659548908,1.1920928955078125e-07,1.1920929e-07,1.1920929e-07,0.0,14.496003,18.95,12.27,25.63,452.17,1421.32,3.7512060467209523,2.2516415
1989-06-12,1.6827162896110436e-20,1095.2270043672838,3.12599181252536,1.1920928955078125e-07,1.1920929e-07,1.1920929e-07,0.0,14.496003,19.235,12.52,25.95,453.97,1461.03,3.2332274725169277,1.6764047
1989-06-13,1.0101985958399924e-20,1098.5112549188902,3.3996158515823898,1.1920928955078125e-07,1.1920929e-07,16.59,16.59,14.496003,20.615,15.03,26.2,296.11,1707.84,3.4661525450742423,1.5860103
1989-06-14,6.075170751380174e-21,1100.7894197961773,3.735430119522537,1.1920928955078125e-07,1.1920929e-07,3.73,3.73,14.496003,22.205,15.99,28.42,365.95,1799.36,3.6375102602902416,1.2819566
1989-06-15,3.654330469682294e-21,1097.7691517974442,3.7434502646038066,1.1920928955078125e-07,1.1920929e-07,5.11,5.11,14.496003,22.29,16.56,28.02,296.86,1880.35,3.4120953420223534,1.1833445
1989-06-16,2.1739995376860027e-21,1096.936142113366,3.35006619603004,1.1920928955078125e-07,1.1920929e-07,7.59,7.59,14.502797,20.38,16.78,23.98,205.66,1908.32,3.3524198659325277,1.2244328
1989-06-17,9.963158429985878e-22,1094.5559292715905,3.158887230965876,1.1920928955078125e-07,1.1920929e-07,7.22,7.22,14.532827,19.38,14.46,24.3,276.97,1651.29,3.1875949058115025,1.1669091
1989-06-18,1.2842745851137694e-22,1090.0968136038173,3.1729824426499302,1.1920928955078125e-07,1.1920929e-07,1.1920929e-07,0.0,14.532827,19.525,12.16,26.89,488.78,1412.83,2.9003090281927495,0.9943381
1989-06-19,-2.0507788295805575e-22,1084.7880651561807,3.484245712056632,1.1920928955078125e-07,1.1920929e-07,1.1920929e-07,0.0,14.57945,21.155,14.25,28.06,464.63,1627.8,2.591849373748748,0.895726
1989-06-20,-1.2402146608729344e-22,1084.1051231872766,3.6218883903177743,1.1920928955078125e-07,1.1920929e-07,10.84,10.84,14.57945,21.835,17.09,26.58,265.39,1958.23,2.5546267805867333,0.9943381
1989-06-21,-7.054991508998314e-23,1089.6981174004286,3.644780015749433,1.1920928955078125e-07,1.1920929e-07,12.08,12.08,14.57945,21.855,17.37,26.34,258.07,1992.95,2.8759194486344546,2.2927299
1989-06-22,-4.172256831584396e-23,1093.7140887426772,3.6846968760528407,1.1920928955078125e-07,1.1920929e-07,9.05,9.05,14.57945,21.98,17.21,26.75,273.19,1972.77,3.1312600558717416,2.2598593
1989-06-23,-2.4427309100750706e-23,1091.1599313573502,3.816160951007781,1.1920928955078125e-07,1.1920929e-07,1.1920929e-07,0.0,14.57945,22.63,16.8,28.46,422.5,1915.21,2.966359358188926,1.6024457
1989-06-24,-1.4006506182267566e-23,1084.5646126317545,3.9740957556385115,1.1920928955078125e-07,1.1920929e-07,1.1920929e-07,0.0,14.57945,23.445,17.16,29.73,443.33,1966.36,2.5796111581279857,1.3148272
1989-06-25,-7.770943307053309e-24,1078.1719299451975,3.9639297935025457,1.1920928955078125e-07,1.1920929e-07,1.1920929e-07,0.0,14.532827,23.56,17.25,29.87,445.64,1978.45,2.252935482802368,1.1093855
1989-06-26,-2.100102327137151e-24,1072.1193493386177,4.135004179708139,1.1920928955078125e-07,1.1920929e-07,1.1920929e-07,0.0,14.502797,24.44,17.64,31.24,460.55,2021.97,1.9818547409731662,0.97790277
1989-06-27,6.595605368809168e-24,1066.4086091492484,4.1978698112873865,1.1920928955078125e-07,1.1920929e-07,1.1920929e-07,0.0,14.496003,24.81,17.84,31.78,466.26,2053.3,1.7560603303489655,0.895726
1989-06-28,1.614728900429942e-23,1061.024584706165,3.9310726997547834,1.1920928955078125e-07,1.1920929e-07,1.1920929e-07,0.0,14.496003,23.74,18.57,28.91,392.36,2148.27,1.5667960283892486,0.81354934
1989-06-29,2.4363130323060464e-23,1055.9522391337196,3.6803266676261055,1.1920928955078125e-07,1.1920929e-07,1.1920929e-07,0.0,14.496003,22.67,17.32,28.02,411.75,1986.54,1.4071895031809063,0.7560257
1989-06-30,2.9051311068819177e-23,1051.176535556264,3.2323187224371943,1.1920928955078125e-07,1.1920929e-07,1.1920929e-07,0.0,14.496003,20.505,13.94,27.07,480.34,1599.82,1.2718078009649867,0.6902843
1989-07-01,2.802001298530241e-23,1046.6824370981503,3.073926831247633,1.1920928955078125e-07,1.1920929e-07,1.1920929e-07,0.0,14.496003,19.72,12.15,27.29,518.61,1412.5,1.156327442302449,0.6491959
1989-07-02,1.9340449168663602e-23,1042.748839119441,3.1112695370734023,1.1920928955078125e-07,1.1920929e-07,1.1920929e-07,0.0,14.496003,19.99,13.11,26.87,494.99,1516.45,1.0638885986468338,0.62454295
1989-07-03,7.692345728344477e-24,1045.688320368912,3.3813483645925286,1.1920928955078125e-07,1.1920929e-07,1.1920929e-07,0.0,14.496003,21.37,16.55,26.19,390.92,1891.45,1.1322336985510482,0.60810757
1989-07-04,-2.351379740808476e-24,1058.3776404367104,3.479318340252925,1.1920928955078125e-07,1.1920929e-07,13.1,13.1,14.496003,21.655,18.15,25.16,226.6,2097.31,1.4813700207457794,0.7642433
1989-07-05,-7.988169380323547e-24,1081.240231688652,3.565797648275069,1.1920928955078125e-07,1.1920929e-07,44.95,44.95,14.496003,21.71,18.64,24.78,203.27,2150.57,2.404217093605348,15.20269
1989-07-06,-6.734235030413414e-24,1113.249167333921,4.101108432539002,1.1920928955078125e-07,1.1920929e-07,39.82,39.82,14.483447,23.655,19.5,27.81,259.3,2263.33,4.736089410661397,5.957811
1989-07-07,-4.031422617596539e-24,1123.879879845555,4.337707237272937,1.1920928955078125e-07,1.1920929e-07,5.91,5.91,14.406797,24.57,19.29,29.85,358.36,2235.75,5.932127720142682,2.588566
1989-07-08,-2.4195634128424855e-24,1116.3127176761545,4.2508116962158615,1.1920928955078125e-07,1.1920929e-07,1.1920929e-07,0.0,14.4000025,24.34,18.2,30.48,448.73,2087.92,5.053602871645489,1.8407581
1989-07-09,-1.4456943517361122e-24,1107.5509474241994,3.902197178989281,1.1920928955078125e-07,1.1920929e-07,1.1920929e-07,0.0,14.4000025,22.975,15.68,30.27,495.27,1783.76,4.197615718471064,1.5284866
1989-07-10,-8.344740984804902e-25,1099.5313045054068,4.39753637134168,1.1920928955078125e-07,1.1920929e-07,1.1920929e-07,0.0,14.4000025,25.21,18.57,31.85,458.99,2143.3,3.5418566597658536,1.2819566
1989-07-11,-4.950969250196172e-25,1091.5847967146815,4.809893148502643,1.1920928955078125e-07,1.1920929e-07,1.1920929e-07,0.0,14.4000025,26.945,20.75,33.14,431.43,2445.71,2.9931745629495365,1.0847324
1989-07-12,-2.8797210275842277e-25,1084.1679376108048,4.45322613493005,1.1920928955078125e-07,1.1920929e-07,1.1920929e-07,0.0,14.4000025,25.685,20.05,31.32,414.01,2343.99,2.5580279339015752,2.5474777
1989-07-13,-1.7298590336804473e-25,1090.1635132763568,3.9693189210784108,1.1920928955078125e-07,1.1920929e-07,24.95,24.95,14.310795,23.66,18.6,28.72,295.36,2154.43,2.904409418709287,2.8844023
1989-07-14,-1.0428647732227403e-25,1111.0404121348583,3.67446975441389,1.1920928955078125e-07,1.1920929e-07,27.23,27.23,14.304,21.99,16.34,27.64,324.93,1853.76,4.519619031160064,3.3445916
1989-07-15,-6.303557135989119e-26,1115.3662699796619,3.4040717649441032,1.1920928955078125e-07,1.1920929e-07,1.1920929e-07,0.0,14.304,20.605,15.49,25.72,412.39,1757.8,4.953302555655012,1.421657
1989-07-16,-3.816247407707247e-26,1121.832469571489,3.445831249030025,1.1920928955078125e-07,1.1920929e-07,27.34,27.34,14.304,20.715,17.32,24.11,220.73,1983.5,5.6803699441638,2.9172728
1989-07-17,-2.30931554861593e-26,1129.8542523321871,3.3696435662001663,1.1920928955078125e-07,1.1920929e-07,8.9,8.9,14.304,20.21,17.38,23.04,189.75,1994.39,6.732370390732732,3.9526994
1989-07-18,-1.3287115122055558e-26,1124.2158939411293,3.422987818337877,1.1920928955078125e-07,1.1920929e-07,1.1920929e-07,0.0,14.207997,20.68,16.47,24.89,362.59,1871.25,5.974498339133836,2.120159
1989-07-19,-7.447237175825771e-27,1114.8883328852985,3.5767230492807234,1.1920928955078125e-07,1.1920929e-07,1.1920929e-07,0.0,14.207997,21.58,16.54,26.62,413.7,1886.55,4.903411851369188,1.6517516
1989-07-20,-4.369462800124318e-27,1107.615007956983,3.820742663080222,1.1920928955078125e-07,1.1920929e-07,1.69,1.69,14.207997,22.84,17.78,27.9,397.84,2039.19,4.203315239056502,1.9886762
1989-07-21,-2.5251160727413918e-27,1100.7635850978927,3.9678152112817147,1.1920928955078125e-07,1.1920929e-07,1.1920929e-07,0.0,14.207997,23.61,18.28,28.94,418.56,2106.81,3.6355203237432177,1.4627453
1989-07-22,-1.4063812775289079e-27,1094.4579530674234,4.052782490648631,1.1920928955078125e-07,1.1920929e-07,1.1920929e-07,0.0,14.118794,24.195,18.27,30.12,442.39,2104.88,3.1809866993470624,1.2326505
1989-07-23,-6.703848072182413e-28,1089.402880635936,4.183033204433503,1.1920928955078125e-07,1.1920929e-07,3.09,3.09,14.111998,24.845,18.72,30.97,378.22,2167.47,2.8579910967927464,1.1422561
1989-07-24,-3.615471387110943e-28,1084.2402236976657,4.23176424614598,1.1920928955078125e-07,1.1920929e-07,1.1920929e-07,0.0,14.111998,25.135,18.25,32.02,473.61,2104.66,2.561947544675861,1.0189911
1989-07-25,-1.6095018318781775e-28,1079.9511968489282,4.278264720152117,1.1920928955078125e-07,1.1920929e-07,1.1920929e-07,0.0,14.111998,25.4,19.51,31.29,432.89,2268.93,2.3394620772590695,0.93681437
1989-07-26,-2.632774078330689e-29,1077.6118268793837,4.205564237084198,1.1920928955078125e-07,1.1920929e-07,7.08,7.08,14.016,25.255,19.12,31.39,332.73,2216.11,2.2263653625689908,1.1586915
1989-07-27,8.628991492969596e-30,1077.8891394975383,4.03821403437669,1.1920928955078125e-07,1.1920929e-07,7.23,7.23,14.016,24.53,19.02,30.04,315.06,2206.51,2.2394810966029683,1.0272088
1989-07-28,4.815004997641102e-30,1075.781886669869,3.8989306991513875,1.1920928955078125e-07,1.1920929e-07,1.73,1.73,14.016,23.945,18.5,29.39,395.16,2132.32,2.1417217377377233,0.92859674
1989-07-29,2.5330820498219518e-30,1070.776822045721,3.4053890597923626,1.1920928955078125e-07,1.1920929e-07,1.1920929e-07,0.0,14.003442,21.68,15.62,27.74,458.75,1777.64,1.9262918118833676,0.84642
1989-07-30,1.4637255016344166e-30,1066.59105473935,3.500654436542773,1.1920928955078125e-07,1.1920929e-07,1.1920929e-07,0.0,13.919997,22.33,16.76,27.9,433.95,1915.94,1.7628596059806685,0.80533165
1989-07-31,7.689524653625116e-31,1066.0412262320012,3.6411490742199604,1.1920928955078125e-07,1.1920929e-07,8.09,8.09,13.919997,23.025,17.75,28.3,313.08,2035.89,1.7424483861965556,0.8875084
1989-08-01,4.362614936578003e-31,1067.889867963005,3.475789543913327,1.1920928955078125e-07,1.1920929e-07,7.22,7.22,13.919997,22.185,17.8,26.57,279.1,2040.45,1.8120298496882024,0.82998466
1989-08-02,2.2074684852119086e-31,1065.193426048274,3.38503862046582,1.1920928955078125e-07,1.1920929e-07,0.04,0.04,13.8239975,21.89,17.24,26.54,389.76,1975.75,1.711437777777782,0.81354934
1989-08-03,9.759368532311324e-32,1059.951215248556,3.4330696520532253,1.1920928955078125e-07,1.1920929e-07,1.1920929e-07,0.0,13.8239975,22.22,14.49,29.95,512.01,1657.55,1.5315764153592286,0.73137265
1989-08-04,5.549939925384396e-32,1054.830649929615,3.7899403892337946,1.1920928955078125e-07,1.1920929e-07,1.1920929e-07,0.0,13.8239975,24.035,16.65,31.42,488.75,1904.08,1.3741534339744235,0.6820666
1989-08-05,2.858993748315745e-32,1049.5914244743,4.012041481626737,1.1920928955078125e-07,1.1920929e-07,1.1920929e-07,0.0,13.728,25.255,19.34,31.17,424.75,2242.23,1.229816300614221,0.6409783
1989-08-06,1.5233941109212467e-32,1044.5029729041094,3.8522694521673806,1.1920928955078125e-07,1.1920929e-07,1.1920929e-07,0.0,13.728,24.62,18.29,30.95,444.48,2110.69,1.1041605157407526,0.60810757
1989-08-07,7.887096637608745e-34,1040.0916514546225,3.4477884570219457,1.1920928955078125e-07,1.1920929e-07,1.1920929e-07,0.0,13.728,22.745,16.48,29.01,450.23,1870.14,1.005664260513052,0.5752369
1989-08-08,-1.5810978357238532e-32,1036.3135786733703,2.50851488984788,1.1920928955078125e-07,1.1920929e-07,1.1920929e-07,0.0,13.632003,17.495,10.32,24.67,504.88,1265.87,0.9283227538151195,0.5423662
1989-08-09,-3.0216759847889836e-32,1032.9751405341615,2.3061937683939995,1.1920928955078125e-07,1.1920929e-07,1.1920929e-07,0.0,13.632003,16.15,8.98,23.32,508.22,1158.35,0.8649462474056254,0.5259309
1989-08-10,-3.808027170229708e-32,1029.8827230108045,2.2736986372632058,1.1920928955078125e-07,1.1920929e-07,1.1920929e-07,0.0,13.632003,15.965,9.16,22.77,494.16,1173.17,0.8101069446871692,0.5259309
1989-08-11,-3.505315081456431e-32,1026.842712077108,2.3517258353986974,1.1920928955078125e-07,1.1920929e-07,1.1920929e-07,0.0,13.536,16.69,12.58,20.8,351.72,1450.56,0.7595872621932083,0.5341486
1989-08-12,-2.0216654507188334e-32,1024.0826022567169,2.50146854351178,1.1920928955078125e-07,1.1920929e-07,1.1920929e-07,0.0,13.536,17.765,13.81,21.72,338.5,1576.33,0.7164531011175634,0.5588016
1989-08-13,-4.464408676966633e-33,1022.7390707324685,2.7686565625437765,1.1920928955078125e-07,1.1920929e-07,1.1920929e-07,0.0,13.536,19.5,13.34,25.66,456.5,1536.46,0.696351936523409,0.5588016
1989-08-14,7.537536680148164e-33,1022.5680453360488,2.973634276713713,1.1920928955078125e-07,1.1920929e-07,5.56,5.56,13.439992,20.845,15.44,26.25,310.28,1756.66,0.6938339497917981,0.58345455
1989-08-15,1.188333690418246e-32,1023.2092041644039,3.0059398312804197,1.1920928955078125e-07,1.1920929e-07,5.01,5.01,13.439992,21.02,16.19,25.85,283.43,1838.45,0.7033208407203649,0.7395903
1989-08-16,7.735632050939042e-33,1023.554195497813,3.1413727197381878,1.1920928955078125e-07,1.1920929e-07,4.54,4.54,13.350795,21.89,16.28,27.5,309.01,1851.83,0.7084790603666896,0.797114
1989-08-17,4.384225954123131e-33,1021.4534820514172,3.186158084855568,1.1920928955078125e-07,1.1920929e-07,1.1920929e-07,0.0,13.343997,22.18,16.13,28.23,428.55,1832.47,0.6776459039048537,0.60810757
1989-08-18,2.5956307402010435e-33,1020.2202169974104,2.924252482963744,1.1920928955078125e-07,1.1920929e-07,4.67,4.67,13.343997,20.72,15.97,25.47,274.31,1815.24,0.660173619437194,0.58345455
1989-08-19,1.5185546037546969e-33,1026.9518885022858,2.90623535414189,1.1920928955078125e-07,1.1920929e-07,15.47,15.47,13.248,20.625,16.04,25.21,267.31,1821.51,0.7613458303994345,0.895726
1989-08-20,9.089758761307116e-34,1030.5690285698438,3.080147633051876,1.1920928955078125e-07,1.1920929e-07,1.1920929e-07,0.0,13.248,21.565,15.55,27.58,426.72,1768.82,0.8219692949252599,0.72315496
1989-08-21,5.453157594725282e-34,1026.0087954757314,3.4849544998573303,1.1920928955078125e-07,1.1920929e-07,1.1920929e-07,0.0,13.248,23.795,18.04,29.55,404.19,2066.44,0.7462882060850439,0.6409783
1989-08-22,3.2609014960795046e-34,1031.436260794894,3.5468007854692742,1.1920928955078125e-07,1.1920929e-07,18.41,18.41,13.152002,24.14,17.86,30.42,317.04,2046.49,0.8372075877630711,0.9696851
1989-08-23,1.9389202415561984e-34,1034.594191350626,3.681514344699781,1.1920928955078125e-07,1.1920929e-07,0.63,0.63,13.152002,24.745,18.29,31.2,424.41,2113.83,0.8951226892587207,0.6327606
1989-08-24,1.1608049551300956e-34,1030.2387569857137,3.5760723546089874,1.1920928955078125e-07,1.1920929e-07,1.1920929e-07,0.0,13.0560055,24.435,18.97,29.9,384.3,2197.36,0.8162392364614504,0.59167224
1989-08-25,6.918163306788688e-35,1028.988468213645,3.2375089152339407,1.1920928955078125e-07,1.1920929e-07,5.4,5.4,13.0560055,22.71,18.15,27.27,257.51,2077.96,0.7949068083336409,0.70671964
1989-08-26,3.8938635926190426e-35,1028.8999784028506,2.827983309056821,1.1920928955078125e-07,1.1920929e-07,1.23,1.23,13.0560055,20.375,17.48,23.27,237.36,2005.12,0.7934182941733281,0.6327606
1989-08-27,1.9694212050858258e-35,1027.0409644759618,3.0395558805255924,1.1920928955078125e-07,1.1920929e-07,2.15,2.15,12.959997,21.775,18.27,25.28,271.81,2103.05,0.7627836445143413,0.61632526
1989-08-28,1.0832798571664362e-35,1024.25628517432,3.166958903284806,1.1920928955078125e-07,1.1920929e-07,1.1920929e-07,0.0,12.959997,22.535,17.89,27.18,355.09,2050.27,0.7190936510753714,0.59988993
1989-08-29,3.602947408164077e-36,1020.5988595664437,3.372800263437931,1.1920928955078125e-07,1.1920929e-07,1.1920929e-07,0.0,12.863992,23.83,17.74,29.92,417.85,2038.1,0.665489567606717,0.5588016
1989-08-30,-1.4892770235056658e-36,1016.5663230940422,3.391107352240517,1.1920928955078125e-07,1.1920929e-07,1.1920929e-07,0.0,12.863992,23.995,18.24,29.75,400.94,2093.3,0.6110073731840175,0.5505839
1989-08-31,-2.828526008863902e-36,1012.726932280534,2.956990852679943,1.1920928955078125e-07,1.1920929e-07,1.1920929e-07,0.0,12.863992,21.67,14.32,29.02,464.9,1638.29,0.5632852422879131,0.50127786
1989-09-01,-1.3122025514209063e-36,1009.2276059212945,2.90035030282895,1.1920928955078125e-07,1.1920929e-07,1.1920929e-07,0.0,12.767997,21.525,14.1,28.95,463.8,1609.96,0.5230443387857998,0.46840718
1989-09-02,2.694315738006226e-37,1005.8134461990185,3.059464452590709,1.1920928955078125e-07,1.1920929e-07,1.1920929e-07,0.0,12.767997,22.51,16.52,28.5,408.86,1878.47,0.4865551522952227,0.46840718
1989-09-03,1.4821794989609927e-36,1002.5750543907495,2.6504535203324995,1.1920928955078125e-07,1.1920929e-07,1.1920929e-07,0.0,12.672003,20.22,14.69,25.75,398.95,1677.81,0.45429976579885123,0.45197186
1989-09-04,1.8996712435713476e-36,999.6042736829769,2.207896244889201,1.1920928955078125e-07,1.1920929e-07,1.1920929e-07,0.0,12.672003,17.185,11.59,22.78,410.98,1367.15,0.426593929647423,0.42731884
1989-09-05,1.2707221844252653e-36,997.0995459591503,2.246764760264519,1.1920928955078125e-07,1.1920929e-07,1.1920929e-07,0.0,12.65945,17.535,13.13,21.94,346.53,1517.58,0.40455166495662676,0.41910118
1989-09-06,5.507491480603541e-37,995.6213260652448,2.3871841574240014,1.1920928955078125e-07,1.1920929e-07,2.0,2.0,12.576003,18.69,14.9,22.48,305.27,1697.39,0.3920812121802417,0.45197186
1989-09-07,6.722592619688708e-38,994.7371238327239,2.4327882789514264,1.1920928955078125e-07,1.1920929e-07,1.88,1.88,12.576003,19.025,16.23,21.82,231.74,1842.25,0.38480647043531413,0.47662488
1989-09-08,-5.366468761276047e-38,993.8182898083957,2.757884578385245,1.1920928955078125e-07,1.1920929e-07,2.09,2.09,12.479998,21.315,16.27,26.36,368.5,1845.14,0.3773897724259623,0.50127786
1989-09-09,-2.648136856452008e-38,991.4429818865432,3.052577694821395,1.1920928955078125e-07,1.1920929e-07,1.1920929e-07,0.0,12.479998,23.12,16.12,30.12,444.07,1830.2,0.3588723218688523,0.46840718
1989-09-10,-6.30601328239851e-39,988.005630115673,3.112126346480015,1.1920928955078125e-07,1.1920929e-07,1.1920929e-07,0.0,12.383997,23.655,16.51,30.8,440.97,1878.24,0.33367232981157946,0.4355365
1989-09-11,2.0994433186243997e-39,984.767876521943,3.1534934430929544,1.1920928955078125e-07,1.1920929e-07,1.1920929e-07,0.0,12.383997,23.945,17.45,30.44,414.63,2000.52,0.31155627427721183,0.41910118
1989-09-12,1.3417771271803112e-39,993.8954959841594,2.950019564262327,1.1920928955078125e-07,1.1920929e-07,21.63,21.63,12.383997,22.615,18.35,26.88,237.85,2118.38,0.3780074299666258,1.6764047
1989-09-13,8.107084823953459e-40,1007.5389217713063,2.8948821406397314,1.1920928955078125e-07,1.1920929e-07,11.81,11.81,12.288,22.185,18.68,25.69,203.18,2163.78,0.5046665391117265,1.1669091
1989-09-14,4.897580442318026e-40,1009.9537197662675,2.9718857963720224,1.1920928955078125e-07,1.1920929e-07,1.1920929e-07,0.0,12.288,22.6,18.38,26.82,315.43,2119.49,0.5311509182891957,0.6820666
1989-09-15,2.9586724311831682e-40,1004.8702122704618,2.9329835481694935,1.1920928955078125e-07,1.1920929e-07,1.1920929e-07,0.0,12.191998,22.595,17.29,27.9,370.61,1981.22,0.47693081590268516,0.92037904
1989-09-16,1.7924322595708707e-40,1034.1762091650867,2.820765783981987,1.1920928955078125e-07,1.1920929e-07,59.89,59.89,12.191998,21.42,16.87,25.97,251.72,1909.77,0.88723282192921,9.368144
1989-09-17,1.0850002184326574e-40,1073.1055161000534,2.374697778461853,1.1920928955078125e-07,1.1920929e-07,25.12,25.12,12.096003,17.995,12.32,23.67,299.96,1426.03,2.023687481382294,4.6429834
1989-09-18,6.507033327822744e-41,1080.5243124377564,2.224083172452768,1.1920928955078125e-07,1.1920929e-07,1.1920929e-07,0.0,12.096003,16.785,11.07,22.5,404.11,1325.41,2.3680345175787503,1.6517516
1989-09-19,3.7797237789967787e-41,1076.5032797079061,2.318416242764437,1.1920928955078125e-07,1.1920929e-07,1.1920929e-07,0.0,12.096003,17.54,13.41,21.67,320.12,1541.89,2.17469847208512,1.1915622
1989-09-20,2.250927203516014e-41,1071.5665519105983,2.363704244302535,1.1920928955078125e-07,1.1920929e-07,1.1920929e-07,0.0,12.000009,18.075,15.36,20.79,223.17,1742.25,1.9587847096460738,1.0189911
1989-09-21,1.3322396391232343e-41,1069.464398084114,2.844572975593838,1.1920928955078125e-07,1.1920929e-07,6.56,6.56,12.000009,21.26,16.82,25.7,246.05,1923.21,1.8734808317327993,1.0107734
1989-09-22,7.751001481739192e-42,1078.2787366553237,2.914280138151195,1.1920928955078125e-07,1.1920929e-07,21.72,21.72,11.903997,21.675,18.35,25.0,194.92,2123.41,2.2580380538862914,3.936264
1989-09-23,4.529384413119111e-42,1103.7815453697708,2.515503055705711,1.1920928955078125e-07,1.1920929e-07,41.79,41.79,11.903997,18.76,13.11,24.41,294.62,1518.78,3.8755060345673606,4.2321
1989-09-24,2.720867853674327e-42,1117.7727839979536,1.6316512290417295,1.1920928955078125e-07,1.1920929e-07,1.1920929e-07,0.0,11.903997,11.455,2.8,20.11,482.93,751.74,5.212332102617005,2.1694648
1989-09-25,1.6360529468347006e-42,1108.8530570696578,1.4630985261713811,1.1920928955078125e-07,1.1920929e-07,1.1920929e-07,0.0,11.808002,9.985,5.38,14.59,356.71,893.78,4.314998229974756,1.69284
1989-09-26,9.894307158082102e-43,1120.2918587544382,1.7065425551025788,1.1920928955078125e-07,1.1920929e-07,31.79,31.79,11.808002,12.265,8.13,16.4,240.95,1090.79,5.497999978612308,5.719498
1989-09-27,5.98949520389595e-43,1127.5856853746718,1.6730939410669572,1.1920928955078125e-07,1.1920929e-07,1.1920929e-07,0.0,11.712,11.975,4.58,19.37,447.11,856.71,6.416522720298188,2.7282665
1989-09-28,3.5374117035632988e-43,1120.4205128393774,1.5069251268607198,1.1920928955078125e-07,1.1920929e-07,1.1920929e-07,0.0,11.712,10.415,1.78,19.05,468.98,696.38,5.513002719612574,1.9558055
1989-09-29,2.108823082769836e-43,1113.581589665353,1.7495369743090963,1.1920928955078125e-07,1.1920929e-07,1.1920929e-07,0.0,11.615997,13.025,5.8,20.25,431.75,917.09,4.769554374783163,1.6517516
1989-09-30,1.2479468029022934e-43,1110.3013037801115,2.026325218470136,1.1920928955078125e-07,1.1920929e-07,8.05,8.05,11.615997,15.465,12.3,18.63,180.8,1424.15,4.449414471555601,1.6353164
1989-10-01,7.505868144264996e-44,1122.6328806079086,1.972254920161805,1.1920928955078125e-07,1.1920929e-07,28.69,28.69,11.615997,14.84,13.44,16.24,88.45,1544.69,5.777493988377608,7.7656984
1989-10-02,4.519781301795151e-44,1141.8361446418155,2.3793722964755877,1.1920928955078125e-07,1.1920929e-07,24.18,24.18,11.520002,17.805,13.78,21.83,221.41,1575.55,8.67736640741512,13.476979
1989-10-03,2.7208507213872107e-44,1142.0905865933019,2.525564863360116,1.1920928955078125e-07,1.1920929e-07,1.1920929e-07,0.0,11.520002,18.805,13.41,24.2,355.37,1546.2,8.724258314586647,5.029214
1989-10-04,1.6344865360025698e-44,1132.2645408098,1.8319593854833371,1.1920928955078125e-07,1.1920929e-07,1.1920929e-07,0.0,11.424,13.77,6.78,20.76,419.25,989.49,7.085001471190164,3.2048914
1989-10-05,9.714246039856609e-45,1124.1004348613817,1.6111983622148474,1.1920928955078125e-07,1.1920929e-07,1.1920929e-07,0.0,11.424,11.82,2.58,21.06,454.12,740.9,5.959905189861902,2.3995597
1989-10-06,5.464484688984822e-45,1116.8680759875056,2.0407331582067947,1.1920928955078125e-07,1.1920929e-07,1.1920929e-07,0.0,11.340561,15.88,6.57,25.19,440.08,966.23,5.1134001824490705,2.0133293
1989-10-07,1.594909807826693e-45,1110.379165769796,2.0781438859626906,1.1920928955078125e-07,1.1920929e-07,1.1920929e-07,0.0,11.328006,16.295,7.77,24.82,421.86,1065.4,4.456758544099486,1.7585814
1989-10-08,-1.2224086638001745e-45,1104.6105058320352,1.3231391926232532,1.1920928955078125e-07,1.1920929e-07,1.1920929e-07,0.0,11.328006,9.12,2.2,16.04,400.1,719.43,3.944154525131863,1.594228
1989-10-09,-2.080217737258628e-45,1099.5238052061557,1.169457262531624,1.1920928955078125e-07,1.1920929e-07,1.1920929e-07,0.0,11.232,7.41,-0.54,15.36,422.29,586.26,3.5412941013837056,1.4873983
1989-10-10,-1.058116114127714e-45,1094.9092482283486,1.2048791979193938,1.1920928955078125e-07,1.1920929e-07,1.1920929e-07,0.0,11.232,7.935,-0.66,16.53,428.97,581.68,3.2115394499120473,1.3887862
1989-10-11,1.3343754853475046e-46,1090.391307528902,1.492739766698827,1.1920928955078125e-07,1.1920929e-07,1.1920929e-07,0.0,11.136005,11.495,1.69,21.3,433.32,695.79,2.9184569229702033,1.3148272
1989-10-12,1.1282123638544642e-45,1085.923940773791,1.784154827892703,1.1920928955078125e-07,1.1920929e-07,1.1920929e-07,0.0,11.136005,14.435,4.23,24.64,425.83,823.34,2.6549633913585264,1.2490859
1989-10-13,1.604778301758909e-45,1081.4701391351703,2.0878787836225645,1.1920928955078125e-07,1.1920929e-07,1.1920929e-07,0.0,11.136005,17.095,7.93,26.26,400.48,1074.14,2.4159534967666794,1.1915622
1989-10-14,1.2620665560720448e-45,1076.995202314714,2.2668971371640554,1.1920928955078125e-07,1.1920929e-07,1.1920929e-07,0.0,11.039997,18.69,9.94,27.44,383.53,1234.88,2.197476220398033,1.1504738
1989-10-15,7.057127043027735e-46,1072.5932960759317,2.2858596700398817,1.1920928955078125e-07,1.1920929e-07,1.1920929e-07,0.0,11.039997,18.9,9.68,28.12,385.37,1214.35,2.0018502975385313,1.1176032
1989-10-16,3.711686441128641e-46,1068.413479468883,2.2691911814016636,1.1920928955078125e-07,1.1920929e-07,1.1920929e-07,0.0,10.944003,18.99,10.32,27.66,369.94,1265.69,1.8322384158318605,1.0682971
1989-10-17,2.1458728935014485e-46,1066.4059446467397,2.2021340453226426,1.1920928955078125e-07,1.1920929e-07,4.23,4.23,10.944003,18.515,13.74,23.29,185.59,1577.43,1.7559612257661705,1.1011678
1989-10-18,1.1287132201012672e-46,1072.3838757496183,1.8932257119978475,1.1920928955078125e-07,1.1920929e-07,15.52,15.52,10.944003,15.9,11.66,20.14,172.01,1372.56,1.9929902103373778,1.4052216
1989-10-19,6.452394932599236e-47,1087.3935482736927,1.413206580297239,1.1920928955078125e-07,1.1920929e-07,28.2,28.2,10.848,11.085,6.06,16.11,202.67,938.37,2.7389069208543084,3.4103332
1989-10-20,3.63644608962436e-47,1094.063412802506,0.951461115213214,1.1920928955078125e-07,1.1920929e-07,2.25,2.25,10.848,4.875,1.15,8.6,199.83,669.49,3.154514488548464,1.9229348
1989-10-21,2.1187199049053662e-47,1091.8639526167206,1.051037583847276,1.1920928955078125e-07,1.1920929e-07,1.1920929e-07,0.0,10.752,6.55,-0.32,13.42,335.74,593.56,3.0109251973838096,1.5284866
1989-10-22,1.1978420388250639e-47,1087.8659613348677,1.285166987349005,1.1920928955078125e-07,1.1920929e-07,1.1920929e-07,0.0,10.752,9.72,1.33,18.11,361.61,669.95,2.76645074539336,1.3394803
1989-10-23,6.782352264127132e-48,1083.9016025234835,1.306005303692259,1.1920928955078125e-07,1.1920929e-07,1.1920929e-07,0.0,10.752,10.03,0.48,19.58,376.22,628.96,2.543637970854039,1.2244328
1989-10-24,1.7110402140540833e-48,1080.128939441695,1.3797889837352273,1.1920928955078125e-07,1.1920929e-07,1.1920929e-07,0.0,10.655997,11.095,1.88,20.31,365.69,710.38,2.348286284927147,1.1669091
1989-10-25,-3.232261662120666e-48,1076.5101455445076,1.3695430831000395,1.1920928955078125e-07,1.1920929e-07,1.1920929e-07,0.0,10.655997,11.03,0.64,21.42,376.75,629.52,2.175014754116375,1.1176032
1989-10-26,-6.643464775805659e-48,1073.0284171355809,1.3963945981273802,1.1920928955078125e-07,1.1920929e-07,1.1920929e-07,0.0,10.649202,11.4,1.39,21.41,365.31,681.18,2.0203853993841676,1.0765148
1989-10-27,-7.118480538409424e-48,1069.6669505185737,1.4341782235985074,1.1920928955078125e-07,1.1920929e-07,1.1920929e-07,0.0,10.56,12.01,1.52,22.5,366.17,685.22,1.8815358978358827,1.0436441
1989-10-28,-4.2831898649542674e-48,1066.2454970927172,1.4336191833507297,1.1920928955078125e-07,1.1920929e-07,1.1920929e-07,0.0,10.56,12.055,1.46,22.65,363.39,682.28,1.7500037718697632,1.0189911
1989-10-29,-1.392104064219545e-48,1062.5190673922307,1.4604771770947695,1.1920928955078125e-07,1.1920929e-07,1.1920929e-07,0.0,10.463997,12.555,3.02,22.09,343.29,762.55,1.617186182822093,1.0025557
1989-10-30,6.119820339922363e-49,1059.2207503019533,1.5224935711746594,1.1920928955078125e-07,1.1920929e-07,1.1920929e-07,0.0,10.463997,13.275,5.06,21.49,311.01,879.86,1.5080620598001768,0.9943381
1989-10-31,1.0825093887404588e-48,1057.1562080386416,1.802942892638445,1.1920928955078125e-07,1.1920929e-07,2.06,2.06,10.463997,16.07,10.74,21.4,212.69,1299.07,1.4435364246284235,1.0107734
1989-11-01,5.481833753466706e-49,1055.7673011200159,1.3854639492247158,1.1920928955078125e-07,1.1920929e-07,5.02,5.02,10.367997,11.96,5.12,18.8,218.38,878.73,1.4016880316543003,1.0929501
1989-11-02,9.403308638736013e-50,1053.9981510365765,1.092302629637809,1.1920928955078125e-07,1.1920929e-07,0.5,0.5,10.367997,8.245,2.28,14.21,239.31,727.0,1.35013493189828,0.95324975
1989-11-03,-1.690385309509093e-49,1051.9998824919548,0.9641006304617371,1.1920928955078125e-07,1.1920929e-07,1.1920929e-07,0.0,10.367997,6.355,1.98,10.73,188.33,705.28,1.294181985800349,0.94503206
1989-11-04,-1.5143248020158284e-49,1050.0060659646776,0.7965049154387253,1.1920928955078125e-07,1.1920929e-07,1.1920929e-07,0.0,10.272,3.645,-3.91,11.2,293.18,458.81,1.2406648567981642,0.91216135
1989-11-05,-4.682067702221529e-50,1048.9236227698177,0.9866288883842136,1.1920928955078125e-07,1.1920929e-07,1.1920929e-07,0.0,10.272,6.895,-1.96,15.75,315.74,531.98,1.2125431999699599,0.9039437
1989-11-06,4.865915284989356e-50,1048.3830873082893,1.1723393865258858,1.1920928955078125e-07,1.1920929e-07,1.1920929e-07,0.0,10.272,9.575,3.08,16.07,254.28,764.73,1.1987397371062973,0.91216135
1989-11-07,1.0754931371191681e-49,1047.6445670742075,1.2540451544175333,1.1920928955078125e-07,1.1920929e-07,2.71,2.71,10.176,10.795,5.19,16.4,192.24,885.12,1.180134064363902,0.93681437
1989-11-08,1.0239210986102763e-49,1045.9681695616875,1.3463436691619148,1.1920928955078125e-07,1.1920929e-07,1.1920929e-07,0.0,10.176,11.95,7.36,16.54,188.14,1029.01,1.1389649892564393,0.92037904
1989-11-09,4.940632550106916e-50,1043.6777201379905,1.420483259074286,1.1920928955078125e-07,1.1920929e-07,4.35,4.35,10.176,12.845,8.79,16.9,126.23,1146.85,1.0850276748921421,0.93681437
1989-11-10,-1.3983842844383866e-51,1041.6354620170657,0.9991143741636506,1.1920928955078125e-07,1.1920929e-07,1.1920929e-07,0.0,10.08,7.485,-0.54,15.51,294.24,591.36,1.0390928045005976,0.8546377
1989-11-11,-3.6601832254694127e-50,1039.6519442469976,0.9881797229150729,1.1920928955078125e-07,1.1920929e-07,1.1920929e-07,0.0,10.08,7.345,-2.89,17.58,327.34,496.3,0.9963414642863968,0.82998466
1989-11-12,-4.285522287549725e-50,1037.5358472349576,1.341211243744363,1.1920928955078125e-07,1.1920929e-07,1.1920929e-07,0.0,10.08,12.17,2.75,21.59,307.5,747.82,0.9526700052255026,0.82998466
1989-11-13,-2.6111843933810205e-50,1035.2355350064056,1.3940644124053836,1.1920928955078125e-07,1.1920929e-07,1.1920929e-07,0.0,9.996555,12.96,3.5,22.42,304.33,783.78,0.9073653821460353,0.82176703
1989-11-14,-1.559423458900529e-50,1032.7376792227817,1.3786445885084908,1.1920928955078125e-07,1.1920929e-07,1.1920929e-07,0.0,9.984,12.84,4.73,20.95,279.57,868.16,0.8606067375704383,0.82176703
1989-11-15,-9.246336481879363e-51,1031.5962701212572,1.4187147991094857,1.1920928955078125e-07,1.1920929e-07,4.21,4.21,9.984,13.32,8.26,18.38,164.77,1100.8,0.8400498558607039,0.81354934
1989-11-16,-2.255741190193475e-15,1056.372441208386,1.214617502950972,1.1920928955078125e-07,1.1920929e-07,47.7,47.7,9.984,10.46,3.3,17.62,193.44,780.4,1.4197699287609071,3.0405378
1989-11-17,2.274518956295492e-13,1077.7810961098014,0.6633499127496978,1.1920928955078125e-07,1.1920929e-07,1.1920929e-07,0.0,9.888002,1.125,-4.41,6.66,220.78,442.9,2.2343619310228164,2.0461998
1989-11-18,1.6117944926949588e-13,1075.0204227205147,0.7328442164699898,1.1920928955078125e-07,1.1920929e-07,1.1920929e-07,0.0,9.888002,2.625,-4.41,9.66,258.88,437.06,2.107455594974442,1.5531397
1989-11-19,9.677674799552197e-14,1072.202434475063,0.7895286143035305,1.1920928955078125e-07,1.1920929e-07,1.1920929e-07,0.0,9.888002,3.77,-4.31,11.85,276.08,443.19,1.9853455636243498,1.3559155
1989-11-20,5.464540891575791e-14,1069.3363886340114,1.0345505441535952,1.1920928955078125e-07,1.1920929e-07,1.1920929e-07,0.0,9.881208,7.925,0.55,15.3,255.11,634.93,1.8684079694236968,1.2490859
1989-11-21,3.177477201786344e-14,1066.446666662267,1.0790013493107782,1.1920928955078125e-07,1.1920929e-07,1.1920929e-07,0.0,9.792,8.76,0.71,16.81,266.34,638.87,1.7574764675083976,1.1669091
1989-11-22,-4.524200204796224e-05,1063.8766147745534,0.6659797124607495,1.1920928955078125e-07,1.1920929e-07,1.1920929e-07,0.0,9.792,1.515,-3.61,6.64,198.45,467.4,1.6643625355733769,1.1340384
1989-11-23,4.5800096213390695,1065.0327153447693,0.5698243339525902,1.1920928955078125e-07,15.963663,0.06633824,16.03,9.792,-0.76,-3.51,1.99,87.2,469.03,1.705621871835064,1.2901742
1989-11-24,12.583603612403321,1062.8237648034271,0.5367542485018127,1.1920928955078125e-07,1.1920929e-07,1.1920929e-07,0.0,9.792,-1.585,-7.36,4.19,226.51,358.53,1.6276570199425924,1.1751268
1989-11-25,12.587382044021037,1060.6589214860105,0.6307583494930109,0.805007811241012,1.1920929e-07,1.1920929e-07,0.0,9.695997,0.91,-7.2,9.02,278.6,358.68,1.5547077790663328,1.1176032
1989-11-26,5.548362209735256,1065.301121319047,0.9049612055884024,5.548362209735256,1.1920929e-07,1.1920929e-07,0.0,9.695997,6.22,-1.06,13.5,258.19,570.01,1.7153462191849187,1.1422561
1989-11-27,2.028403051193581,1066.1075200858106,1.0429496542519252,2.028403048046472,1.1920929e-07,1.1920929e-07,0.0,9.695997,8.39,3.11,13.67,207.13,765.13,1.7448968211228981,1.1669091
1989-11-28,0.739996539853268,1064.5564690804752,1.1917344340981821,0.7395444756087585,1.1920929e-07,1.1920929e-07,0.0,9.695997,10.5,5.14,15.86,209.08,890.7,1.688502960524981,1.1258208
1989-11-29,0.2724039907666796,1062.2792685698914,0.941270761833785,0.2556321774785348,1.1920929e-07,1.1920929e-07,0.0,9.6892,6.875,0.11,13.64,250.0,617.15,1.608992955168424,1.0847324
1989-11-30,0.11196122222943695,1060.0713306734108,0.6784374625761891,0.08440937377652971,1.1920929e-07,1.1920929e-07,0.0,9.600003,2.13,-4.85,9.11,256.24,426.94,1.535477994847736,1.0436441
1989-12-01,0.05374048433387655,1057.906533313747,0.7885822949054557,0.03392145114590712,1.1920929e-07,1.1920929e-07,0.0,9.600003,4.395,-2.61,11.4,253.57,508.68,1.4666615126787854,1.0272088
1989-12-02,0.027817679712653788,1055.7133607507121,0.7723751968779629,0.015831018850431568,1.1920929e-07,1.1920929e-07,0.0,9.600003,4.115,-5.04,13.27,285.44,426.53,1.400087487586949,1.0107734
1989-12-03,0.01757283662923541,1053.6485852636242,0.6575509414725714,0.009556125688304645,1.1920929e-07,1.1920929e-07,0.0,9.600003,1.76,-6.62,10.14,273.83,374.85,1.3401751531723847,1.0025557
1989-12-04,0.01562774999105442,1051.7960194698978,0.45767229105467755,1.1920928955078125e-07,1.1920929e-07,1.1920929e-07,0.0,9.600003,-3.41,-8.48,1.66,201.16,323.33,1.288605675693868,0.95324975
1989-12-05,0.012763343153056168,1049.964509736105,0.6864732332478577,0.006788376530409783,1.1920929e-07,1.1920929e-07,0.0,9.593208,2.455,-3.18,8.09,216.01,481.36,1.2395732910172383,0.97790277
1989-12-06,0.007924955280338312,1047.8730463521597,0.9452232976660326,0.004119407806037593,1.1920929e-07,1.1920929e-07,0.0,9.516553,7.425,0.39,14.46,244.02,628.7,1.1858591223671129,0.9696851
1989-12-07,0.004323463669164213,1044.8837615476973,0.9996873457963934,0.0022084554019493083,1.1920929e-07,1.1920929e-07,0.0,9.503997,8.355,1.52,15.19,237.39,682.76,1.1131021976976938,0.94503206
1989-12-08,0.004071096358753843,1046.3387060965563,0.5935646569396504,1.1920928955078125e-07,0.0052692266,7.544731,7.55,9.503997,0.515,-5.54,6.57,171.32,412.84,1.1479392195840559,0.9943381
1989-12-09,8.884113949533704,1045.5062307196622,0.41072070972252817,1.1920928955078125e-07,10.62,1.1920929e-07,10.62,9.503997,-4.695,-6.43,-2.96,62.14,379.17,1.1278752239229148,1.0354264
1989-12-10,14.413442587470378,1043.9480789290135,0.49193965904445314,1.1920928955078125e-07,1.1920929e-07,1.1920929e-07,0.0,9.503997,-2.145,-6.33,2.04,184.16,383.1,1.091258934282298,0.94503206
1989-12-11,13.618420486636872,1042.239285169526,0.5725507569485558,1.1920928955078125e-07,1.1920929e-07,1.1920929e-07,0.0,9.503997,0.05,-5.9,6.0,244.17,402.53,1.052467833511292,0.9861204
1989-12-12,13.715432141525818,1044.1387743052383,0.5785755315307762,1.1920928955078125e-07,0.15004848,7.169952,7.32,9.503997,0.175,-2.64,2.99,99.43,504.22,1.0956756128013783,1.1340384
1989-12-13,23.38462817271216,1043.700420858228,0.4772684299105157,1.1920928955078125e-07,14.25,1.1920929e-07,14.25,9.503997,-2.57,-4.85,-0.29,85.66,426.06,1.085549512402806,1.2737389
1989-12-14,31.03906838577638,1042.1966630634777,0.3977529074365957,1.1920928955078125e-07,1.1920929e-07,1.1920929e-07,0.0,9.503997,-5.095,-11.63,1.44,272.44,256.33,1.0515181079196865,1.1093855
1989-12-15,31.034305943143444,1040.7665915653602,0.4361773381457823,1.1920928955078125e-07,1.1920929e-07,1.1920929e-07,0.0,9.503997,-3.795,-10.14,2.55,265.85,280.29,1.020144532691293,1.0272088
1989-12-16,31.034305943143444,1039.403858087397,0.3527474555625004,1.1920928955078125e-07,1.1920929e-07,1.1920929e-07,0.0,9.497203,-6.695,-14.8,1.41,298.84,191.12,0.9911196597567301,0.94503206
1989-12-17,31.034305943143444,1038.1111845124067,0.2709945082764384,1.1920928955078125e-07,1.1920929e-07,1.1920929e-07,0.0,9.467175,-10.17,-15.91,-4.43,250.59,181.72,0.9643505836034432,0.8546377
1989-12-18,31.009752787777195,1036.8470839258803,0.3495530640048728,1.1920928955078125e-07,1.1920929e-07,1.1920929e-07,0.0,9.420558,-6.675,-10.71,-2.64,193.48,271.09,0.938872554554927,0.82176703
1989-12-19,31.01039972320568,1035.5290487798268,0.4148665243749799,1.1920928955078125e-07,1.1920929e-07,1.1920929e-07,0.0,9.420558,-4.3,-8.6,-0.0,205.25,312.26,0.9130240189062582,0.7888963
1989-12-20,31.932881151089838,1034.2380737672174,0.3663372153056431,1.1920928955078125e-07,1.76,1.1920929e-07,1.76,9.420558,-6.0,-9.32,-2.68,163.89,303.29,0.8883961837961704,0.7395903
1989-12-21,32.803440447255994,1033.0140085782725,0.3271099328883805,1.1920928955078125e-07,1.1920929e-07,1.1920929e-07,0.0,9.420558,-7.525,-14.18,-0.87,291.8,203.04,0.8656586262541738,0.6902843
1989-12-22,32.81490944602497,1031.8677273969267,0.25531345763717245,1.1920928955078125e-07,1.1920929e-07,1.1920929e-07,0.0,9.420558,-10.81,-18.63,-2.99,311.98,147.29,0.8448938780512498,0.6409783
1989-12-23,32.81490944602497,1030.8210411585392,0.18935239251165056,1.1920928955078125e-07,1.1920929e-07,1.1920929e-07,0.0,9.420558,-14.65,-20.03,-9.27,256.64,122.36,0.8263686385869323,0.6656313
1989-12-24,32.81490944602497,1029.7945853126637,0.22954517030132685,1.1920928955078125e-07,1.1920929e-07,1.1920929e-07,0.0,9.467175,-12.235,-18.21,-6.26,273.26,150.07,0.8085959979141096,0.7395903
1989-12-25,32.81490944602497,1028.739761014512,0.27606683468733356,1.1920928955078125e-07,1.1920929e-07,1.1920929e-07,0.0,9.467175,-9.805,-16.04,-3.57,280.87,181.53,0.790730316954573,0.82176703
1989-12-26,32.81490944602497,1027.6141748341988,0.3869686728749127,1.1920928955078125e-07,1.1920929e-07,1.1920929e-07,0.0,9.497203,-5.27,-9.64,-0.9,221.87,297.05,0.7721012633849074,0.94503206
1989-12-27,32.814909444033425,1026.4600118475046,0.390189673567967,1.1920928955078125e-07,1.1920929e-07,1.1920929e-07,0.0,9.503997,-5.15,-11.4,1.1,282.21,257.1,0.7534548998762206,0.9039437
1989-12-28,32.814909442855026,1025.2722021123577,0.4932864686762036,1.1920928955078125e-07,1.1920929e-07,1.1920929e-07,0.0,9.503997,-1.85,-6.09,2.39,215.89,392.55,0.7347350325563208,0.9861204
1989-12-29,32.82484997904165,1024.0005170020304,0.5861188065512729,1.1920928955078125e-07,1.1920929e-07,1.1920929e-07,0.0,9.503997,0.645,-7.08,8.37,308.45,358.11,0.7152085124204133,1.0272088
1989-12-30,23.425362221653778,1031.9783376109292,0.766143689304845,19.67075538635254,1.1920929e-07,1.1920929e-07,0.0,9.503997,4.485,-1.74,10.71,265.74,541.7,0.8468756636449515,1.0436441
1989-12-31,8.657465439594558,1047.9119965798207,0.9381989430633574,8.657465439594558,1.1920929e-07,7.68,7.68,9.503997,7.33,2.38,12.28,170.85,722.08,1.1868378744239791,2.268077
1990-01-01,3.1657285809732194,1067.8477848609002,0.8087570521343264,3.165728580973163,1.1920929e-07,25.12,25.12,9.503997,4.785,-1.79,11.36,184.18,539.88,1.810415379700067,6.656313
1990-01-02,1.6342889072304334,1079.571513174568,0.5986232064275272,1.1920928955078125e-07,1.1920929e-07,1.1920929e-07,0.0,9.503997,0.185,-6.58,6.95,256.25,377.34,2.3207232158418987,2.4981718
1990-01-03,0.8329924352561474,1077.2002579743257,0.7256398737445237,0.8327915740152209,1.1920929e-07,1.1920929e-07,0.0,9.503997,3.035,-5.1,11.17,278.23,430.94,2.207041327863507,1.8654112
1990-01-04,0.30594873987446275,1075.8520949603533,0.8489994307356473,0.2922392875470185,1.1920929e-07,2.04,2.04,9.503997,5.405,-2.14,12.95,265.09,518.87,2.144909051579685,1.6599693
1990-01-05,0.12352264181491185,1075.61016569432,1.0143184497965534,0.09569694462246309,1.1920929e-07,3.22,3.22,9.563178,8.035,4.2,11.87,122.99,821.3,2.133945899125724,1.594228
1990-01-06,0.0584510422177466,1076.154947000845,0.9417076319761359,0.037531682657635616,1.1920929e-07,4.11,4.11,9.600003,6.825,3.16,10.49,118.58,773.01,2.1587123700082986,1.5120513
1990-01-07,0.0304209178945387,1075.2342207749887,0.772314243909046,0.017506360962393053,1.1920929e-07,1.1920929e-07,0.0,9.600003,3.84,-1.41,9.09,219.39,557.11,2.117020845087386,1.421657
1990-01-08,0.016040307199993494,1078.580482562896,0.7582646368287863,0.008662006633275258,1.1920929e-07,10.05,10.05,9.600003,3.52,1.12,5.92,83.16,653.82,2.2725161572577295,2.1037235
1990-01-09,0.008711688640175949,1085.5192048917422,0.6968519934951538,0.004545455773742596,1.1920929e-07,9.19,9.19,9.600003,2.175,-3.88,8.23,184.04,457.59,2.632300232384404,2.342036
1990-01-10,0.00495077097023545,1085.3809850173502,0.7777763668281228,0.002536648305629078,1.1920929e-07,1.1920929e-07,0.0,9.600003,3.805,-1.38,8.99,218.59,560.0,2.6246050172737645,1.791452
1990-01-11,0.0028876959431424275,1082.019141815953,0.8022417350590245,0.0014646934926882947,1.1920929e-07,1.1920929e-07,0.0,9.6125555,4.295,-4.39,12.98,296.45,434.89,2.4442114702525086,1.6106633
1990-01-12,0.0016527166827016992,1078.8049262985137,0.8554105956895036,0.0008331868670020122,1.1920929e-07,1.1920929e-07,0.0,9.695997,5.175,-2.64,12.99,284.76,511.26,2.283345388290286,1.5038337
1990-01-13,0.0008777338531259549,1075.8150644415325,0.5789501462689902,1.1920928955078125e-07,1.1920929e-07,1.1920929e-07,0.0,9.695997,-0.535,-5.49,4.42,219.65,413.08,2.143227350521685,1.3641332
1990-01-14,-2.7238127807825913e-05,1072.9212280374456,0.6156097555468141,1.1920928955078125e-07,1.1920929e-07,1.1920929e-07,0.0,9.695997,0.39,-7.02,7.8,285.6,353.07,2.0158035337512543,1.2901742
1990-01-15,-0.000892620202470966,1070.0829381131716,0.8050979688239766,1.1920928955078125e-07,1.1920929e-07,1.1920929e-07,0.0,9.695997,4.385,-3.32,12.09,288.5,472.72,1.8981875767904313,1.2490859
1990-01-16,-0.0014652400836769495,1067.2796195715287,1.0699539908387532,1.1920928955078125e-07,1.1920929e-07,1.1920929e-07,0.0,9.708552,8.75,-0.1,17.6,302.28,610.3,1.7887586570189666,1.2079976
1990-01-17,-0.0014919254842392614,1064.4906973153354,1.080140775508716,1.1920928955078125e-07,1.1920929e-07,1.1920929e-07,0.0,9.792,8.805,-0.53,18.14,309.58,589.15,1.6861523034716703,1.1751268
1990-01-18,-0.0008479228013942008,1061.9016881687257,1.2297282235371145,1.1920928955078125e-07,1.1920929e-07,1.1920929e-07,0.0,9.792,10.88,2.8,18.96,290.69,751.47,1.596176187464285,1.1504738
1990-01-19,1.870453144179945e-05,1060.0998911073018,1.0585316056348975,9.353140369638319e-06,1.1920929e-07,1.0,1.0,9.792,8.555,1.97,15.14,266.7,701.32,1.5364071541805566,1.1258208
1990-01-20,0.0008358560562224211,1058.7569812286324,0.9687219866384807,0.00041967465630893887,1.1920929e-07,1.1920929e-07,0.0,9.792,7.205,3.85,10.56,159.81,801.1,1.4933206135140988,1.0929501
1990-01-21,0.0013668248958209157,1057.4599248107875,1.1942952252444796,0.0006880829009387036,1.1920929e-07,2.0,2.0,9.888002,10.33,6.5,14.16,177.23,959.65,1.4528527495062469,1.1258208
1990-01-22,0.0013749041731105378,1055.7956881318362,0.9050838046010561,0.0006921779158225483,1.1920929e-07,1.1920929e-07,0.0,9.888002,6.06,-0.54,12.66,273.22,587.0,1.4025310791480012,1.0600795
1990-01-23,0.0008619582904285776,1053.5285268998894,0.9329481761825568,0.00043283656395031367,1.1920929e-07,1.1920929e-07,0.0,9.888002,6.555,-0.51,13.62,286.64,599.42,1.3367714449399952,1.0354264
1990-01-24,0.000502387423367753,1051.23970595395,1.0750617679855474,0.00025182469316464406,1.1920929e-07,1.1920929e-07,0.0,9.900558,8.755,3.68,13.83,228.72,801.94,1.2735106498262336,1.0189911
1990-01-25,0.000300023739745789,1055.8248554960837,1.1431712667186844,0.00015023690531511884,1.1920929e-07,12.89,12.89,9.984,9.515,7.03,12.0,92.65,1002.4,1.403397829978318,1.2490859
1990-01-26,0.00017968071811562744,1065.3338193803181,0.8422673180551701,8.992107193725485e-05,1.1920929e-07,10.26,10.26,9.984,4.69,-1.0,10.38,193.03,569.8,1.7165346519624802,1.5120513
1990-01-27,0.00010722979937374416,1067.1907666510813,0.6895776929492886,5.364016327885455e-05,1.1920929e-07,1.1920929e-07,0.0,9.984,1.695,-5.59,8.98,305.43,410.53,1.7853953596062322,1.2737389
1990-01-28,6.179431913357837e-05,1064.4908908169882,0.9165858293045533,3.090670591117836e-05,1.1920929e-07,1.1920929e-07,0.0,10.08,5.835,-2.47,14.14,321.64,520.0,1.686159214342825,1.1997799
1990-01-29,3.3961001031220406e-05,1061.9414850626324,0.993396061979238,1.6983383889560097e-05,1.1920929e-07,1.1920929e-07,0.0,10.08,7.1,-0.04,14.24,300.33,600.0,1.5975222445795274,1.1751268
1990-01-30,1.9805693284821673e-05,1061.6723846691193,0.8120352273262126,9.903827306123862e-06,1.1920929e-07,8.16,8.16,10.08,4.05,-1.17,9.27,188.01,560.53,1.5884424807692854,1.3312626
1990-01-31,1.0846749258799394e-05,1062.6982909396356,0.8464232245814768,5.423668759323117e-06,1.1920929e-07,1.1920929e-07,0.0,10.169206,4.525,-4.18,13.23,334.88,450.87,1.623336961590805,1.1833445
1990-02-01,6.356416779680857e-06,1060.5770556845707,0.9427601390257823,3.178309399926087e-06,1.1920929e-07,1.1920929e-07,0.0,10.176,6.175,-4.32,16.67,354.06,444.54,1.5520142278726228,1.1176032
1990-02-02,3.586465185566369e-06,1057.9913067676273,1.2134145932491458,1.7932647496144993e-06,1.1920929e-07,1.1920929e-07,0.0,10.176,10.12,0.25,19.99,345.19,620.16,1.469297420198062,1.1093855
1990-02-03,2.118837851438372e-06,1056.7633708097776,1.466089060825947,1.0594301494037871e-06,1.1920929e-07,1.1920929e-07,0.0,10.235178,13.06,6.26,19.86,290.67,951.54,1.4315749359044754,1.1093855
1990-02-04,1.227191290379034e-06,1063.3392186008286,1.347830892401627,6.135994101856749e-07,1.1920929e-07,17.74,17.74,10.272,11.555,6.49,16.62,178.81,959.1,1.6455250231099394,1.8818464
1990-02-05,7.323712293128649e-07,1069.964353778405,0.9914088514706485,3.6618695557547624e-07,1.1920929e-07,1.66,1.66,10.272,6.665,-1.64,14.97,319.61,542.13,1.8934257722115868,1.8078874
1990-02-06,4.3700643989959517e-07,1067.5462135829184,0.8710443825234975,2.1850369738636886e-07,1.1920929e-07,1.1920929e-07,0.0,10.331169,4.65,-5.25,14.55,358.29,415.39,1.7988879544726855,1.5284866
1990-02-07,2.6051283554200877e-07,1065.4238882491388,1.043303620725593,1.3025658743834808e-07,1.1920929e-07,0.84,0.84,10.367997,7.37,-0.32,15.06,303.34,601.24,1.719812524355364,1.4545276
1990-02-08,1.553035730090776e-07,1063.1176470001967,0.9774884169918455,1.1920928955078125e-07,1.1920929e-07,1.1920929e-07,0.0,10.367997,6.405,-2.06,14.87,336.67,529.57,1.6378204193768648,1.3476979
1990-02-09,9.227813778698057e-08,1060.7557799631354,1.1718079707346722,1.1920928955078125e-07,1.1920929e-07,1.1920929e-07,0.0,10.457203,9.105,1.0,17.21,326.62,640.1,1.557900657664602,1.2819566
1990-02-10,5.5352183882676524e-08,1069.2888922513705,1.2877613879903744,1.1920928955078125e-07,1.1920929e-07,19.44,19.44,10.463997,10.45,4.27,16.63,207.54,828.91,1.8665292400115494,3.8705225
1990-02-11,3.325569803979111e-08,1079.2613662989131,0.8693329472382474,1.1920928955078125e-07,1.1920929e-07,7.59,7.59,10.463997,4.265,-3.64,12.17,252.03,466.4,2.3055276994240947,2.7036135
1990-02-12,1.9867077832411514e-08,1080.9731587877639,0.9139047615074734,1.1920928955078125e-07,1.1920929e-07,2.8,2.8,10.56,4.855,-1.22,10.93,230.17,556.38,2.390655019122239,1.9475878
1990-02-13,1.1573722150915965e-08,1078.7921916392793,0.9528111147531512,1.1920928955078125e-07,1.1920929e-07,1.1920929e-07,0.0,10.56,5.515,-3.39,14.42,360.81,471.09,2.2827295725377406,1.7010577
1990-02-14,6.795396643053601e-09,1075.308175610219,1.454867851996256,1.1920928955078125e-07,1.1920929e-07,1.1920929e-07,0.0,10.56,12.155,4.28,20.03,331.67,823.52,2.120339654630406,1.5777926
1990-02-15,3.837914661785575e-09,1071.7462766396754,1.6526926391792767,1.1920928955078125e-07,1.1920929e-07,1.1920929e-07,0.0,10.655997,14.12,7.34,20.9,301.11,1028.12,1.9662555914380153,1.4873983
1990-02-16,2.2764271137397724e-09,1072.8652795491148,1.8137294432195792,1.1920928955078125e-07,1.1920929e-07,9.69,9.69,10.655997,15.625,11.38,19.87,156.3,1350.55,2.0134161090666183,1.6599693
1990-02-17,1.3411171593937258e-09,1079.6229843318742,1.1885869884530558,1.1920928955078125e-07,1.1920929e-07,9.91,9.91,10.668552,8.74,2.64,14.84,223.2,745.77,2.3232546956464395,2.0051115
1990-02-18,8.019977014032187e-10,1080.1328957365104,0.7960733089879188,1.1920928955078125e-07,1.1920929e-07,1.1920929e-07,0.0,10.752,2.54,-4.07,9.15,325.39,454.43,2.348483077322716,1.6106633
1990-02-19,4.830381584886777e-10,1082.2738016128606,0.8841601092904693,1.1920928955078125e-07,1.1920929e-07,9.49,9.49,10.752,4.07,-1.75,9.89,221.9,543.26,2.4574311645300853,1.7257107
1990-02-20,2.9106142413285515e-10,1083.6557575977033,1.0084871664129558,1.1920928955078125e-07,1.1920929e-07,1.1920929e-07,0.0,10.848,5.9,-0.85,12.65,328.27,576.29,2.530426939672018,1.5860103
1990-02-21,1.7510073899293033e-10,1080.0574815534267,0.8218096552631667,1.1920928955078125e-07,1.1920929e-07,1.1920929e-07,0.0,10.848,2.88,-5.89,11.65,383.74,394.93,2.3447346933139404,1.4545276
1990-02-22,1.0306272937956518e-10,1076.4557528042317,1.0087314908584337,1.1920928955078125e-07,1.1920929e-07,1.1920929e-07,0.0,10.848,6.005,-1.34,13.35,349.71,555.2,2.1725103556956493,1.9558055
1990-02-23,6.203875663846055e-11,1081.6919227288356,1.4084351322506008,1.1920928955078125e-07,1.1920929e-07,15.52,15.52,10.944003,10.975,6.64,15.31,172.54,971.49,2.4273294786836646,2.8761845
1990-02-24,3.7445312948643716e-11,1087.066135620444,1.039235907105764,1.1920928955078125e-07,1.1920929e-07,2.75,2.75,10.944003,6.175,-1.62,13.97,293.86,544.8,2.7199783373257853,1.9229348
1990-02-25,2.6159241881417848e-11,1084.7625001967494,0.5496332501847487,1.1920928955078125e-07,1.1920929e-07,1.1920929e-07,0.0,11.039997,-3.235,-9.71,3.24,332.66,295.66,2.5904462766889638,1.6764047
1990-02-26,2.6278650620870444e-11,1081.7732329993305,0.41960941477285335,1.1920928955078125e-07,1.1920929e-07,1.1920929e-07,0.0,11.039997,-6.925,-13.5,-0.35,342.26,221.87,2.4315135453750534,1.5202689
1990-02-27,2.4412652099598183e-11,1078.7262731860253,0.6396797184444468,1.1920928955078125e-07,1.1920929e-07,1.1920929e-07,0.0,11.039997,-1.005,-7.85,5.84,348.52,331.4,2.279544577589033,1.495616
1990-02-28,2.0033404604521797e-11,1075.588090020211,1.0978817154034428,1.1920928955078125e-07,1.1920929e-07,1.1920929e-07,0.0,11.136005,6.91,0.67,13.15,322.91,640.0,2.1329483224777817,1.4627453
1990-03-01,1.2874450111648367e-11,1072.5160621733241,0.9825625746229633,1.1920928955078125e-07,1.1920929e-07,1.1920929e-07,0.0,11.136005,5.265,-0.83,11.36,322.97,574.58,1.9985781353635035,1.3723509
1990-03-02,-1.587367862988925e-12,1069.5258508980862,1.0882348057846982,1.1920928955078125e-07,1.1920929e-07,1.1920929e-07,0.0,11.232,6.73,2.48,10.98,244.49,720.0,1.8759210244941502,1.3476979
1990-03-03,-2.1513434934993663e-11,1066.605821103271,1.1642732531166828,1.1920928955078125e-07,1.1920929e-07,12.01,12.01,11.232,7.81,4.62,11.0,145.17,849.53,1.7634110604232576,1.6024457
1990-03-04,-4.227354639892526e-11,1063.7761273988128,0.9706637946757595,1.1920928955078125e-07,1.1920929e-07,0.12,0.12,11.232,5.075,-2.41,12.56,390.83,509.4,1.6608238028702815,1.4463099
1990-03-05,-5.923749754934307e-11,1061.056924394646,0.9518134375803419,1.1920928955078125e-07,1.1920929e-07,1.1920929e-07,0.0,11.328006,4.69,-3.91,13.29,419.58,460.25,1.5678696406785477,1.3312626
1990-03-06,-6.777508368080659e-11,1058.4683667007046,1.1877180350762677,1.1920928955078125e-07,1.1920929e-07,1.1920929e-07,0.0,11.328006,8.105,-1.52,17.73,433.76,544.3,1.4842194925406575,1.2901742
1990-03-07,-6.325610008787511e-11,1056.030608926923,1.2389503949302179,1.1920928955078125e-07,1.1920929e-07,1.1920929e-07,0.0,11.424,8.665,-0.81,18.14,432.25,580.45,1.4095273293814286,1.2326505
1990-03-08,-4.2460143014799204e-11,1053.7941673096166,0.7756821704753909,1.1920928955078125e-07,1.1920929e-07,1.1920929e-07,0.0,11.424,1.63,-4.47,7.73,354.46,431.96,1.344314097407893,1.1915622
1990-03-09,-2.1176384502395265e-11,1051.9435974187809,1.0092184831668771,1.1920928955078125e-07,1.1920929e-07,1.32,1.32,11.520002,5.45,-2.07,12.97,402.06,527.44,1.292640000766625,1.1997799
1990-03-10,-7.403158767244e-12,1049.9124587088775,1.6424816658941916,1.1920928955078125e-07,1.1920929e-07,1.1920929e-07,0.0,11.520002,13.09,4.93,21.25,409.29,874.4,1.238207410978238,1.1751268
1990-03-11,-3.2246951530340248e-12,1047.043661776717,1.9982416552670708,1.1920928955078125e-07,1.1920929e-07,1.1920929e-07,0.0,11.520002,16.34,7.69,24.99,415.15,1055.41,1.1652086323309403,1.1504738
1990-03-12,-1.5848606772821446e-12,1043.7377987396305,2.272786183577611,1.1920928955078125e-07,1.1920929e-07,1.1920929e-07,0.0,11.615997,18.405,9.21,27.6,421.57,1177.61,1.086409291087295,1.1176032
1990-03-13,-5.441152693495809e-13,1040.347920554778,2.375210803996529,1.1920928955078125e-07,1.1920929e-07,1.1920929e-07,0.0,11.615997,19.205,10.5,27.91,410.9,1279.7,1.0111379343376203,1.0847324
1990-03-14,-2.461549629766464e-13,1036.8412351529676,2.247536677923651,1.1920928955078125e-07,1.1920929e-07,1.1920929e-07,0.0,11.712,18.19,8.7,27.68,430.63,1138.83,0.9387562504804485,1.0682971
1990-03-15,-1.3054437948240934e-13,1032.706864249478,2.382162769831938,1.1920928955078125e-07,1.1920929e-07,1.1920929e-07,0.0,11.712,19.24,12.49,25.99,354.9,1439.36,0.8600452046260538,1.0518618
1990-03-16,-6.601700615183894e-14,1030.7558420659066,2.3036780179864453,1.1920928955078125e-07,1.1920929e-07,3.16,3.16,11.712,18.705,15.42,21.99,162.28,1746.71,0.8252282156038416,1.0929501
1990-03-17,-3.958607662459905e-14,1037.978071668947,2.0378292545713603,1.1920928955078125e-07,1.1920929e-07,17.6,17.6,11.808002,16.4,12.71,20.09,173.88,1480.76,0.9616354373076881,5.8674164
1990-03-18,-2.3886985441596985e-14,1059.4329290229932,1.4687532687761706,1.1920928955078125e-07,1.1920929e-07,28.4,28.4,11.808002,10.765,5.71,15.82,237.96,911.37,1.5148548427318624,3.812999
1990-03-19,-1.444150776409807e-14,1070.277892416697,1.4137497364048826,1.1920928955078125e-07,1.1920929e-07,1.1920929e-07,0.0,11.903997,9.875,3.17,16.58,394.6,769.26,1.9060420917100616,2.0626352
1990-03-20,-8.735233205382577e-15,1069.6503023459604,1.1229219252956752,1.1920928955078125e-07,1.1920929e-07,4.44,4.44,11.903997,6.32,-2.79,15.43,350.21,499.95,1.8808725322524154,1.8078874
1990-03-21,-4.313564693716483e-15,1068.7511705230013,0.9142516817998405,1.1920928955078125e-07,1.1920929e-07,1.1920929e-07,0.0,12.000009,3.12,-2.62,8.86,366.19,504.11,1.8453908483480286,1.6024457
1990-03-22,-2.157104800030413e-15,1065.8396112989851,1.1962691919847503,1.1920928955078125e-07,1.1920929e-07,1.1920929e-07,0.0,12.000009,7.22,-2.84,17.28,488.92,498.32,1.7350232220299329,1.470963
1990-03-23,-1.2069944747390437e-15,1062.7367099169492,1.5535379144082386,1.1920928955078125e-07,1.1920929e-07,1.1920929e-07,0.0,12.000009,11.35,3.05,19.65,446.3,764.27,1.6246585055746254,1.3887862
1990-03-24,-6.96551085047378e-16,1060.052625167958,1.507360186134199,1.1920928955078125e-07,1.1920929e-07,1.1920929e-07,0.0,12.096003,10.785,2.98,18.59,434.85,763.28,1.5348697513989062,1.3230449
1990-03-25,-4.143871604894085e-16,1063.6340336297749,1.058427462090507,1.1920928955078125e-07,1.1920929e-07,10.8,10.8,12.096003,5.265,1.78,8.75,180.18,702.64,1.6558327101935442,1.6846224
1990-03-26,-2.4804455880077913e-16,1066.0595197765479,1.055887830220587,1.1920928955078125e-07,1.1920929e-07,1.1920929e-07,0.0,12.191998,5.075,0.37,9.78,319.82,621.97,1.7431236793624667,1.4791806
1990-03-27,-1.4848793004792806e-16,1063.1077673035563,1.0301490356434504,1.1920928955078125e-07,1.1920929e-07,1.1920929e-07,0.0,12.191998,4.745,-3.05,12.54,454.79,491.58,1.637477718766635,1.3394803
1990-03-28,-8.811459417827773e-17,1060.4524615427704,1.0656428113142051,1.1920928955078125e-07,1.1920929e-07,1.1920929e-07,0.0,12.288,5.175,-2.73,13.08,457.52,505.14,1.5479237804815729,1.2819566
1990-03-29,-5.189762405989825e-17,1060.7612892603743,1.192807283486262,1.1920928955078125e-07,1.1920929e-07,7.0,7.0,12.288,6.885,1.95,11.82,249.65,705.54,1.558082465138154,1.4134393
1990-03-30,-2.9492681519585724e-17,1065.178482356996,1.1232486512595652,1.1920928955078125e-07,1.1920929e-07,6.91,6.91,12.288,5.905,3.37,8.44,140.76,774.71,1.7108961502892728,1.569575
1990-03-31,-1.7732315088871633e-17,1074.1784830971162,1.5315024648784277,1.1920928955078125e-07,1.1920929e-07,15.31,15.31,12.383997,10.455,5.86,15.05,238.22,918.04,2.0702058662368574,3.2048914
1990-04-01,-1.0685395994984993e-17,1077.889802065292,1.943014661181967,1.1920928955078125e-07,1.1920929e-07,0.29,0.29,12.383997,14.215,7.19,21.24,423.96,1021.71,2.2395125256469717,2.194118
1990-04-02,-6.4410610172031174e-18,1076.1642855991643,1.9186181402847666,1.1920928955078125e-07,1.1920929e-07,5.01,5.01,12.479998,13.91,5.26,22.56,352.8,888.04,2.1591394112858886,1.8489758
1990-04-03,-3.870032528767076e-18,1076.5999157213146,1.615771657311427,1.1920928955078125e-07,1.1920929e-07,3.68,3.68,12.479998,11.145,3.76,18.53,330.36,799.26,2.179154347390813,1.7667991
1990-04-04,-2.2109212642625273e-18,1074.4497336286013,1.149971420769938,1.1920928955078125e-07,1.1920929e-07,1.1920929e-07,0.0,12.479998,5.895,0.99,10.8,343.55,659.12,2.082134281698665,1.6106633
1990-04-05,-1.2941188496978973e-18,1071.0866653962776,1.4565788812160496,1.1920928955078125e-07,1.1920929e-07,1.1920929e-07,0.0,12.576003,9.47,3.29,15.65,409.51,774.34,1.9389753544441344,1.5202689
1990-04-06,-7.700908351503323e-19,1067.6249771516561,1.5989297400351452,1.1920928955078125e-07,1.1920929e-07,1.1920929e-07,0.0,12.576003,10.99,4.04,17.94,442.67,802.81,1.8018915555044843,1.4873983
1990-04-07,-4.651411762481551e-19,1074.9164524164687,1.1332602316812013,1.1920928955078125e-07,1.1920929e-07,19.28,19.28,12.672003,5.435,-0.13,11.0,292.29,607.43,2.102819630956858,2.5474777
1990-04-08,8.704754925800092e-16,1080.358472047359,0.9855137375138815,1.1920928955078125e-07,1.1920929e-07,1.1920929e-07,0.0,12.672003,3.265,-4.8,11.33,496.7,423.67,2.35973092144907,1.8654112
1990-04-09,5.459816300427276e-16,1077.035426831691,1.1805054363970766,1.1920928955078125e-07,1.1920929e-07,1.1920929e-07,0.0,12.767997,5.91,-3.98,15.8,533.99,455.75,2.1993492751483137,1.6846224
1990-04-10,3.2347931604370036e-16,1074.9518255043902,1.5273509943355947,1.1920928955078125e-07,1.1920929e-07,1.1920929e-07,0.0,12.767997,9.92,2.46,17.38,467.23,725.8,2.1043957467826435,1.6106633
1990-04-11,1.805475045872159e-16,1076.280407477452,1.6824686032097396,1.1920928955078125e-07,1.1920929e-07,7.99,7.99,12.767997,11.43,6.34,16.52,274.16,963.82,2.1644565668739935,1.7503637
1990-04-12,1.0586184467568998e-16,1077.0126235586729,1.1044431104065657,1.1920928955078125e-07,1.1920929e-07,1.1920929e-07,0.0,12.863992,4.79,-1.13,10.71,423.01,558.01,2.1982872447675663,1.5284866
1990-04-13,5.919253283668567e-17,1074.3080723397075,1.0243505875087886,1.1920928955078125e-07,1.1920929e-07,1.1920929e-07,0.0,12.863992,3.7,-4.79,12.19,523.04,426.36,2.075896086626139,1.4134393
1990-04-14,3.491021595530163e-17,1070.7982016890796,1.4206107565717294,1.1920928955078125e-07,1.1920929e-07,1.1920929e-07,0.0,12.959997,8.615,0.87,16.36,495.19,639.77,1.9271643236649796,1.4052216
1990-04-15,2.0946196302327302e-17,1076.2764488485552,1.8242981864938577,1.1920928955078125e-07,1.1920929e-07,19.2,19.2,12.959997,12.485,6.34,18.63,315.94,946.83,2.1642750880795036,2.6543074
1990-04-16,1.2586299909341765e-17,1080.2430163404017,2.0092165968654485,1.1920928955078125e-07,1.1920929e-07,1.1920929e-07,0.0,12.959997,13.985,7.27,20.7,441.69,1022.69,2.353967274208476,1.668187
1990-04-17,6.97790043179387e-18,1076.1190435534952,1.9739599663479563,1.1920928955078125e-07,1.1920929e-07,1.1920929e-07,0.0,13.0560055,13.64,5.79,21.49,483.48,918.48,2.1570713410973386,1.5038337
1990-04-18,2.986070016226361e-18,1072.4325367042104,1.425499154043353,1.1920928955078125e-07,1.1920929e-07,1.1920929e-07,0.0,13.0560055,8.53,-1.4,18.46,542.63,554.83,1.995045438531513,1.4052216
1990-04-19,1.2477895601334188e-18,1069.1682525899596,1.2560390630113156,1.1920928955078125e-07,1.1920929e-07,1.1920929e-07,0.0,13.152002,6.515,-2.25,15.28,523.9,522.4,1.8617658013417986,1.3476979
1990-04-20,4.2492597002972164e-19,1066.5623511415952,1.7018333062839588,1.1920928955078125e-07,1.1920929e-07,1.1920929e-07,0.0,13.152002,11.285,3.57,19.0,483.01,794.25,1.7617881545843994,1.3230449
1990-04-21,-4.906389014464205e-19,1064.4488458522478,2.189514094255122,1.1920928955078125e-07,1.1920929e-07,1.1920929e-07,0.0,13.152002,15.39,10.21,20.57,367.14,1256.6,1.6846582525720672,1.3066095
1990-04-22,-1.2488411130293582e-18,1062.3555903784202,2.130526923310257,1.1920928955078125e-07,1.1920929e-07,4.47,4.47,13.248,14.855,7.56,22.15,350.41,1045.49,1.6115961358174058,1.3394803
1990-04-23,-1.5996167234534437e-18,1059.8104383766147,2.15744315373351,1.1920928955078125e-07,1.1920929e-07,1.1920929e-07,0.0,13.248,15.1,5.11,25.09,537.71,879.43,1.5270163289258125,1.2326505
1990-04-24,-1.2945928474213762e-18,1056.343182273805,2.5994623337667306,1.1920928955078125e-07,1.1920929e-07,1.1920929e-07,0.0,13.331445,18.145,8.08,28.21,527.59,1088.39,1.4188903143402736,1.1997799
1990-04-25,-7.006231764845678e-19,1052.2284988520428,2.845468520848202,1.1920928955078125e-07,1.1920929e-07,1.1920929e-07,0.0,13.343997,19.725,9.6,29.85,520.56,1208.45,1.3004640882454113,1.1669091
1990-04-26,-2.8781604221214426e-19,1048.0004748548872,3.0736990858305537,1.1920928955078125e-07,1.1920929e-07,1.1920929e-07,0.0,13.343997,21.115,11.51,30.72,504.46,1360.91,1.189064183645772,1.1422561
1990-04-27,-1.2333784786538548e-19,1043.8592712450052,3.0997324013410297,1.1920928955078125e-07,1.1920929e-07,1.1920929e-07,0.0,13.439992,21.205,11.54,30.87,505.07,1363.37,1.0892081481010565,1.1422561
1990-04-28,-6.477067186002426e-20,1042.7587285723062,2.8914146741235838,1.1920928955078125e-07,1.1920929e-07,1.1920929e-07,0.0,13.439992,20.03,10.63,29.43,500.63,1290.65,1.0641114751746954,1.1176032
1990-04-29,-2.5624603350379043e-20,1044.545188275802,2.1290652868821383,1.1920928955078125e-07,1.1920929e-07,8.28,8.28,13.439992,14.885,8.79,20.98,294.06,1145.04,1.1051482666516488,1.1997799
1990-04-30,-1.1710549191200367e-20,1046.958732375655,2.190258910393885,1.1920928955078125e-07,1.1920929e-07,4.71,4.71,13.536,15.195,9.37,21.02,282.29,1189.8,1.163114415657938,1.2490859
1990-05-01,-5.911926032646024e-21,1046.893330108396,2.7811178668858045,1.1920928955078125e-07,1.1920929e-07,1.55,1.55,13.536,19.18,13.39,24.97,355.42,1540.47,1.161504271018367,1.1586915
1990-05-02,-2.1684053821237328e-21,1045.6199513707888,2.6632395871361427,1.1920928955078125e-07,1.1920929e-07,3.69,3.69,13.542794,18.46,12.91,24.01,268.18,1473.97,1.1305952556974022,1.1176032
1990-05-03,-9.985792749476938e-22,1045.5360080617338,2.3075587517202574,1.1920928955078125e-07,1.1920929e-07,3.43,3.43,13.632003,15.96,11.49,20.43,231.81,1359.1,1.1285868213675596,1.0929501
1990-05-04,-5.039824872039963e-22,1048.050710817322,2.512002338856749,1.1920928955078125e-07,1.1920929e-07,3.97,3.97,13.632003,17.33,12.79,21.87,233.12,1475.8,1.1903300898532037,1.0929501
1990-05-05,-2.0404184197069222e-22,1052.0693079594037,2.6536751005975177,1.1920928955078125e-07,1.1920929e-07,12.16,12.16,13.668831,18.14,13.13,23.15,253.53,1517.19,1.2960864988259775,1.2326505
1990-05-06,-1.0897375414863584e-22,1055.1974405583926,2.0071201031545516,1.1920928955078125e-07,1.1920929e-07,1.1920929e-07,0.0,13.728,13.415,6.19,20.64,461.37,947.4,1.3848708973641644,1.0929501
1990-05-07,-5.0892169785463274e-23,1053.8054462656266,1.831048820213083,1.1920928955078125e-07,1.1920929e-07,1.1920929e-07,0.0,13.728,11.96,3.95,19.97,491.88,813.7,1.34463529476323,1.0189911
1990-05-08,-1.8099800418348724e-23,1050.1815449079872,2.249157858260934,1.1920928955078125e-07,1.1920929e-07,1.1920929e-07,0.0,13.764828,15.305,5.81,24.8,526.35,917.18,1.24528480676836,0.97790277
1990-05-09,-9.947892428974654e-24,1048.3979711719796,2.401715369440858,1.1920928955078125e-07,1.1920929e-07,1.1920929e-07,0.0,13.8239975,16.345,8.29,24.4,483.74,1103.31,1.1991177089701792,0.95324975
1990-05-10,-5.4938245095911676e-24,1054.6088148913857,2.4733952736971196,1.1920928955078125e-07,1.1920929e-07,17.93,17.93,13.8239975,16.735,12.01,21.46,245.89,1400.76,1.3677118024223371,3.0816262
1990-05-11,-3.2269999296964426e-24,1067.8149101476215,2.102004717329339,1.1920928955078125e-07,1.1920929e-07,17.7,17.7,13.830791,13.85,6.77,20.93,340.24,987.26,1.8091551798177241,1.3887862
1990-05-12,-1.8889677905441386e-24,1071.7164924764543,2.005252274068436,1.1920928955078125e-07,1.1920929e-07,1.1920929e-07,0.0,13.919997,12.925,5.92,19.93,454.02,929.95,1.9650155425201543,1.0600795
1990-05-13,-1.1222461713903975e-24,1069.4085490889481,2.699136222796984,1.1920928955078125e-07,1.1920929e-07,3.94,3.94,13.919997,17.845,12.16,23.53,292.25,1412.61,1.8712659109604877,1.0189911
1990-05-14,-6.622726544100021e-25,1066.8437006015524,2.6204615440438173,1.1920928955078125e-07,1.1920929e-07,1.1920929e-07,0.0,13.919997,17.39,10.21,24.57,452.59,1257.43,1.772318555124292,0.95324975
1990-05-15,-3.8527369832112322e-25,1062.5039694440086,2.7991435858390967,1.1920928955078125e-07,1.1920929e-07,1.1920929e-07,0.0,14.016,18.45,11.08,25.82,456.88,1326.19,1.6166691013928522,0.9039437
1990-05-16,-2.2405613250175154e-25,1058.0239584569063,3.098223306225973,1.1920928955078125e-07,1.1920929e-07,1.1920929e-07,0.0,14.016,20.245,12.74,27.75,455.23,1481.71,1.4703139403347296,0.8792907
1990-05-17,-1.0023899816565827e-25,1053.6743671395227,3.2403179579418553,1.1920928955078125e-07,1.1920929e-07,0.01,0.01,14.016,21.085,15.74,26.43,353.8,1779.52,1.3409072104964874,0.8628554
1990-05-18,-2.7328796506299816e-27,1049.5543998040919,2.789752076975349,1.1920928955078125e-07,1.1920929e-07,1.1920929e-07,0.0,14.099442,18.5,12.31,24.69,411.0,1424.91,1.2288522239085642,0.81354934
1990-05-19,4.2609819995023935e-26,1045.6491677624615,2.533754619850376,1.1920928955078125e-07,1.1920929e-07,1.1920929e-07,0.0,14.111998,16.935,8.58,25.29,504.53,1127.4,1.131295127585829,0.772461
1990-05-20,2.923939197984881e-26,1043.6956105603042,2.9085579336795195,1.1920928955078125e-07,1.1920929e-07,1.1920929e-07,0.0,14.111998,19.285,12.25,26.32,448.56,1420.19,1.0854389137303035,0.7888963
1990-05-21,1.5664095574806673e-26,1049.214292606078,3.187862800090767,1.1920928955078125e-07,1.1920929e-07,15.05,15.05,14.111998,20.76,15.42,26.1,270.66,1753.44,1.2200315341474688,0.8628554
1990-05-22,8.810043399875842e-27,1060.4673113779063,2.648367448607252,1.1920928955078125e-07,1.1920929e-07,16.63,16.63,14.207997,17.325,10.6,24.05,331.89,1287.6,1.5484107367201618,1.495616
1990-05-23,5.221306095023117e-27,1072.9709083966138,1.9349760552466335,1.1920928955078125e-07,1.1920929e-07,15.15,15.15,14.207997,12.005,7.55,16.46,253.96,1044.6,2.017925858692923,1.3066095
1990-05-24,3.122545012403148e-27,1076.5002435953686,2.27532268668256,1.1920928955078125e-07,1.1920929e-07,1.1920929e-07,0.0,14.207997,14.57,7.96,21.18,458.53,1076.84,2.1745586250133235,0.9861204
1990-05-25,1.862318009445296e-27,1071.8957085487464,2.2878829803747744,1.1920928955078125e-07,1.1920929e-07,1.1920929e-07,0.0,14.207997,14.73,9.08,20.38,416.42,1167.59,1.972488937326323,0.895726
1990-05-26,1.1102993383242397e-27,1067.4216452465305,2.8385651137255072,1.1920928955078125e-07,1.1920929e-07,1.1920929e-07,0.0,14.291445,18.28,13.0,23.56,391.79,1479.92,1.7941478339205015,0.9039437
1990-05-27,6.622608430514935e-28,1064.3134560816432,3.2274813550864017,1.1920928955078125e-07,1.1920929e-07,4.65,4.65,14.304,20.495,15.25,25.74,290.58,1734.53,1.6798340501184765,0.92037904
1990-05-28,3.9224080979072366e-28,1070.4951710037578,2.6284637153661494,1.1920928955078125e-07,1.1920929e-07,17.97,17.97,14.304,16.93,12.75,21.11,253.48,1474.11,1.9148343327371389,1.0518618
1990-05-29,2.369696733417662e-28,1092.5455224553655,2.3120569325431566,1.1920928955078125e-07,1.1920929e-07,35.51,35.51,14.304,14.48,12.1,16.86,157.83,1407.61,3.054707577381878,4.708725
1990-05-30,1.4316062825847873e-28,1104.9812450956078,2.481007506282107,1.1920928955078125e-07,1.1920929e-07,1.34,1.34,14.304,15.45,10.97,19.93,371.7,1317.65,3.975248714525092,2.3831244
1990-05-31,8.639124059776014e-29,1099.403873517141,2.552398671930284,1.1920928955078125e-07,1.1920929e-07,1.1920929e-07,0.0,14.387447,15.905,9.9,21.91,458.83,1231.91,3.5323095815555776,1.5613573
1990-06-01,5.020675796360639e-29,1093.4219474326035,2.79085332023934,1.1920928955078125e-07,1.1920929e-07,1.1920929e-07,0.0,14.4000025,17.465,10.2,24.73,504.17,1255.76,3.111943951446869,1.2819566
1990-06-02,2.8798184972356575e-29,1087.5477909423535,3.1136403686291017,1.1920928955078125e-07,1.1920929e-07,1.1920929e-07,0.0,14.4000025,19.4,13.24,25.56,449.3,1525.77,2.747869682640465,1.1586915
1990-06-03,4.2343825367328713e-32,1081.62786887411,3.4055203766078224,1.1920928955078125e-07,1.1920929e-07,1.1920929e-07,0.0,14.4000025,21.025,16.51,25.54,349.96,1881.13,2.4240384637778556,1.0765148
1990-06-04,-4.465884705662218e-29,1075.7170484712724,3.0643883362597473,1.1920928955078125e-07,1.1920929e-07,1.1920929e-07,0.0,14.4000025,19.315,13.53,25.1,430.55,1554.27,2.1387824220885507,1.0189911
1990-06-05,-9.50864586744575e-29,1069.9640021443174,2.5625114098969908,1.1920928955078125e-07,1.1920929e-07,1.1920929e-07,0.0,14.4000025,16.405,10.04,22.77,470.05,1243.03,1.8934116699728338,0.93681437
1990-06-06,-1.4102156202898414e-28,1064.5174023037214,2.619888385269468,1.1920928955078125e-07,1.1920929e-07,1.1920929e-07,0.0,14.4368305,16.815,9.14,24.49,517.69,1171.2,1.6871063344004886,0.92037904
1990-06-07,-1.7224522812104768e-28,1059.5259213599604,3.416176602045896,1.1920928955078125e-07,1.1920929e-07,1.1920929e-07,0.0,14.496003,21.32,14.48,28.16,474.48,1643.7,1.51784157566927,0.8792907
1990-06-08,-1.7853852795149367e-28,1055.1382317235114,3.7241520673937094,1.1920928955078125e-07,1.1920929e-07,1.1920929e-07,0.0,14.496003,22.89,15.7,30.08,482.47,1784.62,1.3831352002874295,0.82998466
1990-06-09,-1.4968253252116757e-28,1051.5030058048505,4.115906664536983,1.1920928955078125e-07,1.1920929e-07,0.23,0.23,14.496003,24.71,17.65,31.77,459.6,2023.33,1.2806328670527742,0.84642
1990-06-10,-6.526709262436215e-29,1048.409921883845,3.764446298098198,1.1920928955078125e-07,1.1920929e-07,8.87,8.87,14.496003,23.19,17.57,28.81,307.86,2015.36,1.1994212804636215,0.82176703
1990-06-11,9.341541998161357e-29,1044.861007205503,3.1203131616623114,1.1920928955078125e-07,1.1920929e-07,1.1920929e-07,0.0,14.496003,20.005,14.41,25.6,425.39,1648.71,1.1125658516319537,0.7395903
1990-06-12,2.8786727347848813e-28,1040.9308483924779,2.6026529254727264,1.1920928955078125e-07,1.1920929e-07,1.1920929e-07,0.0,14.496003,17.01,9.72,24.3,508.65,1218.38,1.0236999556377064,0.69850194
1990-06-13,4.761765440508248e-28,1036.7812388596656,2.7577338213550937,1.1920928955078125e-07,1.1920929e-07,1.1920929e-07,0.0,14.496003,18.045,9.66,26.43,535.55,1212.62,0.9375640432035711,0.6820666
1990-06-14,6.16431307883187e-28,1032.5739720219626,3.2994711909983994,1.1920928955078125e-07,1.1920929e-07,1.1920929e-07,0.0,14.496003,21.165,12.69,29.64,525.74,1459.37,0.8576277395951881,0.6820666
1990-06-15,6.6671964116013775e-28,1028.4708412942655,3.645647696272213,1.1920928955078125e-07,1.1920929e-07,1.1920929e-07,0.0,14.496003,22.965,17.21,28.72,418.74,1961.58,0.786239088202175,0.6656313
1990-06-16,5.851296200662407e-28,1024.6336400914706,3.375816791407369,1.1920928955078125e-07,1.1920929e-07,1.0,1.0,14.502797,21.685,17.37,26.0,341.16,1984.81,0.7248642736631183,0.71493727
1990-06-17,3.5673618591463257e-28,1021.0099097169684,3.2613245323931257,1.1920928955078125e-07,1.1920929e-07,1.1920929e-07,0.0,14.532827,21.115,14.23,28.0,477.03,1632.14,0.6713089709826553,0.6902843
1990-06-18,1.1667701854879816e-28,1016.8316502310327,3.5960044969600378,1.1920928955078125e-07,1.1920929e-07,1.1920929e-07,0.0,14.532827,22.88,15.5,30.26,488.12,1762.46,0.6144508683371795,0.6491959
1990-06-19,-6.337785818184623e-29,1012.5203052182826,3.7016561888428443,1.1920928955078125e-07,1.1920929e-07,1.1920929e-07,0.0,14.57945,23.405,16.59,30.22,466.17,1886.8,0.5608253506305335,0.62454295
1990-06-20,-1.2790935858588775e-28,1008.6680035538463,3.013627686787957,1.1920928955078125e-07,1.1920929e-07,1.1920929e-07,0.0,14.57945,19.915,11.94,27.89,517.84,1394.8,0.5168812679107603,0.58345455
1990-06-21,-7.775310665741014e-29,1005.2427858003406,3.598204332040074,1.1920928955078125e-07,1.1920929e-07,3.33,3.33,14.57945,23.035,16.86,29.21,327.62,1907.54,0.4807094302007109,0.59988993
1990-06-22,-3.431933865866846e-29,1001.9960181671504,3.619534812776223,1.1920928955078125e-07,1.1920929e-07,1.1920929e-07,0.0,14.57945,23.195,17.34,29.05,417.95,1974.5,0.4487619544845867,0.59988993
1990-06-23,-1.1250631706971049e-29,1000.9606754331693,3.5767335020870976,1.1920928955078125e-07,1.1920929e-07,6.54,6.54,14.57945,23.005,17.77,28.24,290.12,2042.7,0.43902782081150615,0.8546377
1990-06-24,-6.1111243842493965e-30,1001.3216044609261,2.952430731575019,1.1920928955078125e-07,1.1920929e-07,1.1920929e-07,0.0,14.57945,19.69,13.47,25.91,453.15,1547.13,0.44239701008107335,0.61632526
1990-06-25,-2.7307353298289716e-30,998.9019419393019,2.7570831462752987,1.1920928955078125e-07,1.1920929e-07,1.1920929e-07,0.0,14.532827,18.625,10.65,26.6,519.97,1292.11,0.42029479241927964,0.5423662
1990-06-26,-1.053139166974381e-30,995.3947152355763,2.9566005910055564,1.1920928955078125e-07,1.1920929e-07,1.1920929e-07,0.0,14.502797,19.905,11.37,28.44,527.0,1349.94,0.3902037756902638,0.5259309
1990-06-27,-5.783071872799921e-31,991.8992811232555,3.347554165412602,1.1920928955078125e-07,1.1920929e-07,1.1920929e-07,0.0,14.496003,22.11,14.14,30.08,498.34,1614.89,0.3623576249011884,0.50949556
1990-06-28,-2.32653975296533e-31,988.1668731349512,3.481787443319509,1.1920928955078125e-07,1.1920929e-07,1.1920929e-07,0.0,14.496003,22.86,14.52,31.2,499.62,1659.63,0.33481387571751564,0.50127786
1990-06-29,-7.339035352190561e-32,984.2770846154013,3.6291307989545523,1.1920928955078125e-07,1.1920929e-07,1.1920929e-07,0.0,14.496003,23.655,15.43,31.88,488.92,1757.63,0.3083342492474329,0.47662488
1990-06-30,-6.321909254658729e-34,980.3114911630051,4.209250282698046,1.1920928955078125e-07,1.1920929e-07,1.1920929e-07,0.0,14.496003,26.36,19.77,32.95,413.58,2301.45,0.28349327945022523,0.45197186
1990-07-01,1.3263253435951488e-31,976.3170975202165,3.9964390981403293,1.1920928955078125e-07,1.1920929e-07,1.1920929e-07,0.0,14.496003,25.505,20.07,30.94,364.11,2340.84,0.2604946680149086,0.42731884
1990-07-02,2.9775846000737418e-31,972.3222581356148,3.1816607495778095,1.1920928955078125e-07,1.1920929e-07,1.1920929e-07,0.0,14.496003,21.575,14.58,28.57,453.44,1665.6,0.2393595768235052,0.41910118
1990-07-03,4.658514744955568e-31,968.3553151430332,2.860638301372145,1.1920928955078125e-07,1.1920929e-07,1.1920929e-07,0.0,14.496003,19.82,10.85,28.79,522.65,1286.7,0.22006926546768435,0.39444816
1990-07-04,6.080174663015071e-31,964.4446106763048,3.2973312044577288,1.1920928955078125e-07,1.1920929e-07,1.1920929e-07,0.0,14.496003,22.335,12.8,31.87,524.49,1437.96,0.20257474953323515,0.37801284
1990-07-05,6.953623239026698e-31,960.6184868692629,3.9035949819218665,1.1920928955078125e-07,1.1920929e-07,1.1920929e-07,0.0,14.496003,25.375,17.65,33.1,453.2,2023.81,0.18680533462635107,0.35335982
1990-07-06,6.989919357764896e-31,956.9052858557408,4.170822957282975,1.1920928955078125e-07,1.1920929e-07,1.1920929e-07,0.0,14.483447,26.645,20.65,32.64,375.68,2424.89,0.17267600830719776,0.33692446
1990-07-07,5.900121904004111e-31,953.3333497695713,3.360432412822545,1.1920928955078125e-07,1.1920929e-07,1.1920929e-07,0.0,14.406797,22.975,15.3,30.65,465.7,1721.06,0.16009368658036896,0.32048914
1990-07-08,3.7079510197305475e-31,949.8502856194417,3.320807974409027,1.1920928955078125e-07,1.1920929e-07,1.1920929e-07,0.0,14.4000025,22.84,18.16,27.52,323.94,2083.2,0.14870786285561327,0.3287068
1990-07-09,1.979902499305495e-31,946.0178416738983,3.9207338544130477,1.1920928955078125e-07,1.1920929e-07,1.1920929e-07,0.0,14.4000025,25.845,18.97,32.72,422.94,2185.98,0.13711335503273583,0.36979514
1990-07-10,1.0710316074265048e-31,941.9069766949847,4.340449284951081,1.1920928955078125e-07,1.1920929e-07,1.1920929e-07,0.0,14.4000025,27.755,20.58,34.93,422.39,2414.96,0.12567949380320215,0.35335982
1990-07-11,6.420486810753613e-32,948.5981368300047,4.09254642216905,1.1920928955078125e-07,1.1920929e-07,19.45,19.45,14.4000025,26.565,19.9,33.23,302.37,2311.73,0.14481567453100055,0.78067863
1990-07-12,3.858800227390936e-32,959.913319995333,3.8133124935236316,1.1920928955078125e-07,1.1920929e-07,12.18,12.18,14.4000025,25.09,19.29,30.89,280.79,2234.71,0.1840358926545686,1.3312626
1990-07-13,2.3240040649524869e-32,971.1725307646439,3.441578273837295,1.1920928955078125e-07,1.1920929e-07,21.64,21.64,14.310795,23.185,18.47,27.9,245.11,2132.68,0.23360095262303535,1.1751268
1990-07-14,1.4023893320407967e-32,1007.8350121943608,3.360152868870087,1.1920928955078125e-07,1.1920929e-07,60.37,60.37,14.304,22.13,17.04,27.22,267.83,1940.95,0.507841525439335,8.628553
1990-07-15,8.474858423062582e-33,1067.7487618175496,3.7777039644682926,1.1920928955078125e-07,1.1920929e-07,59.52,59.52,14.304,23.165,19.14,27.19,217.18,2225.9,1.8066221463834475,13.970039
1990-07-16,5.130352694104814e-33,1089.661333396916,3.5531519309182427,1.1920928955078125e-07,1.1920929e-07,1.1920929e-07,0.0,14.304,21.745,16.0,27.49,395.1,1818.32,2.8736796087929193,2.2105532
1990-07-17,3.107685564835235e-33,1082.2085646546147,3.674108160570306,1.1920928955078125e-07,1.1920929e-07,1.1920929e-07,0.0,14.304,22.445,16.27,28.62,414.15,1850.62,2.4540378394016154,1.3641332
1990-07-18,1.8561727782598228e-33,1081.474671287007,3.7897408901418093,1.1920928955078125e-07,1.1920929e-07,7.89,7.89,14.207997,23.115,16.74,29.49,394.59,1910.03,2.4161854307006285,2.1283765
1990-07-19,1.1137456129905743e-33,1079.4554137875562,3.883260277586605,1.1920928955078125e-07,1.1920929e-07,1.1920929e-07,0.0,14.207997,23.575,18.24,28.91,368.73,2094.33,2.3150232819577337,1.2490859
1990-07-20,6.664875998470937e-34,1073.3179157925856,3.822861836738099,1.1920928955078125e-07,1.1920929e-07,1.1920929e-07,0.0,14.207997,23.4,17.43,29.37,405.38,1997.87,2.0328123168289625,1.0600795
1990-07-21,3.8957082609800055e-34,1067.1284447564321,3.9720429529076857,1.1920928955078125e-07,1.1920929e-07,1.1920929e-07,0.0,14.207997,24.175,18.19,30.16,402.12,2098.44,1.7830400995734916,1.0025557
1990-07-22,2.2917804085900042e-34,1062.540777176494,3.9636736191845046,1.1920928955078125e-07,1.1920929e-07,2.97,2.97,14.118794,24.325,17.86,30.79,322.6,2047.66,1.6179299993314837,0.895726
1990-07-23,1.2009818518487967e-34,1057.6144466865785,3.9189045952396953,1.1920928955078125e-07,1.1920929e-07,1.1920929e-07,0.0,14.111998,24.215,18.81,29.62,370.25,2172.76,1.4576156653259662,0.7888963
1990-07-24,5.870656808047002e-35,1052.550811728749,3.413562213392304,1.1920928955078125e-07,1.1920929e-07,1.1920929e-07,0.0,14.111998,21.885,15.82,27.95,414.42,1797.87,1.3093726941790012,0.71493727
1990-07-25,3.042028782388049e-35,1047.9621365191708,3.4035883430350924,1.1920928955078125e-07,1.1920929e-07,1.1920929e-07,0.0,14.111998,21.91,15.07,28.75,450.46,1712.41,1.1880989939918591,0.6738489
1990-07-26,5.3876635793497405e-36,1043.599027796334,3.3305846964490384,1.1920928955078125e-07,1.1920929e-07,1.1920929e-07,0.0,14.016,21.725,14.62,28.83,462.92,1668.7,1.08322065962787,0.6409783
1990-07-27,-1.0658763500921202e-35,1039.314403344528,3.2147717125110846,1.1920928955078125e-07,1.1920929e-07,1.1920929e-07,0.0,14.016,21.185,13.72,28.65,478.29,1579.18,0.9892435056295974,0.61632526
1990-07-28,-1.1673407863376673e-35,1034.967883110943,3.512831157450001,1.1920928955078125e-07,1.1920929e-07,1.1920929e-07,0.0,14.016,22.795,17.67,27.92,367.3,2026.99,0.9022359121980592,0.59167224
1990-07-29,-1.4865898770574867e-37,1030.716808177766,3.3982993512124815,1.1920928955078125e-07,1.1920929e-07,1.1920929e-07,0.0,14.003442,22.305,15.68,28.93,445.7,1782.67,0.8245462118150273,0.59988993
1990-07-30,1.7011046440527505e-35,1026.6740637839864,3.5775023350733184,1.1920928955078125e-07,1.1920929e-07,1.1920929e-07,0.0,13.919997,23.375,17.09,29.66,426.36,1948.22,0.7568787263073993,0.5670192
1990-07-31,3.5807110538739124e-35,1022.7794149943314,3.780837416830226,1.1920928955078125e-07,1.1920929e-07,1.1920929e-07,0.0,13.919997,24.415,18.57,30.26,399.85,2144.57,0.6969472511634653,0.5588016
1990-08-01,5.224093542434518e-35,1018.9726268735284,3.226917520232573,1.1920928955078125e-07,1.1920929e-07,1.1920929e-07,0.0,13.919997,21.71,15.26,28.16,440.13,1733.4,0.6429567199435714,0.5177132
1990-08-02,6.231392321476175e-35,1015.1934644863048,2.8265784334192765,1.1920928955078125e-07,1.1920929e-07,1.1920929e-07,0.0,13.8239975,19.62,12.47,26.77,477.77,1455.99,0.5934958625356943,0.50127786
1990-08-03,6.202747602740484e-35,1011.3816928973882,3.1323868242993256,1.1920928955078125e-07,1.1920929e-07,1.1920929e-07,0.0,13.8239975,21.445,14.25,28.64,474.68,1633.7,0.5474616268290137,0.4930602
1990-08-04,4.738299597969053e-35,1007.4770771715059,3.464579648222619,1.1920928955078125e-07,1.1920929e-07,1.1920929e-07,0.0,13.8239975,23.265,16.16,30.37,463.03,1833.57,0.504005887799549,0.48484254
1990-08-05,2.852849116944746e-35,1002.9894587540081,3.58576700957197,1.1920928955078125e-07,1.1920929e-07,1.1920929e-07,0.0,13.728,24.07,18.03,30.11,414.46,2065.93,0.45830497016265287,0.5259309
1990-08-06,1.7254336122644064e-35,1015.6637719341259,3.606432173926122,1.1920928955078125e-07,1.1920929e-07,28.95,28.95,13.728,23.95,19.51,28.39,248.47,2263.6,0.5994376200568462,2.3091652
1990-08-07,1.0443763757337569e-35,1033.1851932736852,3.1020921517410285,1.1920928955078125e-07,1.1920929e-07,14.37,14.37,13.728,21.03,15.46,26.6,304.11,1750.58,0.8688031118803097,1.2819566
1990-08-08,6.219929430035146e-36,1035.564938067095,2.839912482414288,1.1920928955078125e-07,1.1920929e-07,1.1920929e-07,0.0,13.632003,19.6,13.07,26.13,456.85,1512.98,0.9137183434930939,0.7560257
1990-08-09,3.726490796346024e-36,1031.2775394981807,3.020624423823067,1.1920928955078125e-07,1.1920929e-07,1.01,1.01,13.632003,20.725,16.48,24.97,318.67,1868.4,0.8343977000740895,0.6656313
1990-08-10,2.222375408072845e-36,1028.006013221181,3.1588010697371667,1.1920928955078125e-07,1.1920929e-07,1.1920929e-07,0.0,13.632003,21.55,16.99,26.11,352.45,1929.52,0.7785360648626329,0.6327606
1990-08-11,1.3269775775940699e-36,1032.830978383207,3.202704216100878,1.1920928955078125e-07,1.1920929e-07,13.22,13.22,13.536,21.83,16.2,27.46,307.19,1840.05,0.8623091394842832,0.6327606
1990-08-12,7.971816632466817e-37,1035.4699775559418,3.116610042459434,1.1920928955078125e-07,1.1920929e-07,1.1920929e-07,0.0,13.536,21.315,13.97,28.66,479.31,1602.86,0.9118823585183489,0.59988993
1990-08-13,4.787992410856874e-37,1030.9275036974534,3.4289789602235303,1.1920928955078125e-07,1.1920929e-07,1.1920929e-07,0.0,13.536,23.05,16.04,30.06,457.15,1821.9,0.8282342055093356,0.5505839
1990-08-14,2.856862492749428e-37,1030.7513065212934,3.4787501551230218,1.1920928955078125e-07,1.1920929e-07,6.92,6.92,13.439992,23.43,17.55,29.31,303.61,2013.65,0.8251489411829628,0.5670192
1990-08-15,1.5062837144177203e-37,1033.4062980916106,3.4001773223213965,1.1920928955078125e-07,1.1920929e-07,4.44,4.44,13.439992,22.985,17.82,28.15,302.92,2041.6,0.8728814887555595,0.59988993
1990-08-16,3.9575119917705403e-38,1036.1973033085917,3.3128290488466634,1.1920928955078125e-07,1.1920929e-07,1.1920929e-07,0.0,13.350795,22.6,17.53,27.67,367.68,2009.93,0.9260392463190708,0.6902843
1990-08-17,-2.238338976677356e-38,1039.0138156170003,3.2056388231506263,1.1920928955078125e-07,1.1920929e-07,15.54,15.54,13.343997,21.99,15.62,28.36,326.22,1772.99,0.9829651909570851,0.92037904
1990-08-18,-2.086172340623363e-38,1040.8343673217094,3.3450966096813115,1.1920928955078125e-07,1.1920929e-07,1.1920929e-07,0.0,13.343997,22.7,16.33,29.07,427.73,1855.0,1.0216100747074932,0.6409783
1990-08-19,-1.1640377943016731e-38,1037.4334040618878,3.6819970552578125,1.1920928955078125e-07,1.1920929e-07,1.1920929e-07,0.0,13.248,24.57,18.19,30.95,418.11,2090.69,0.950605077551153,0.5670192
1990-08-20,-6.70939645591711e-39,1032.8927382450927,3.7263804085968926,1.1920928955078125e-07,1.1920929e-07,1.1920929e-07,0.0,13.248,24.86,18.56,31.16,412.01,2141.82,0.8634379052361321,0.5259309
1990-08-21,-3.777785548798513e-39,1033.101019477532,3.240062058139906,1.1920928955078125e-07,1.1920929e-07,7.3,7.3,13.248,22.4,17.8,27.0,253.59,2045.39,0.8672555015709328,0.5423662
1990-08-22,-2.145657146155199e-39,1038.0930987110619,2.903747088718375,1.1920928955078125e-07,1.1920929e-07,11.11,11.11,13.152002,20.55,17.7,23.4,169.08,2031.09,0.9639812320337482,0.6327606
1990-08-23,-9.778356088479462e-40,1042.1195524658935,2.970735950726493,1.1920928955078125e-07,1.1920929e-07,15.31,15.31,13.152002,20.875,18.25,23.5,158.66,2090.66,1.0498020709706113,1.6846224
1990-08-24,-3.612400744248112e-41,1042.9323448358732,3.1884490031316783,1.1920928955078125e-07,1.1920929e-07,2.11,2.11,13.0560055,22.21,18.77,25.65,248.6,2172.27,1.0680318423203041,1.3394803
1990-08-25,4.326501685675552e-40,1040.918873258618,3.2609860722894735,1.1920928955078125e-07,1.1920929e-07,1.1920929e-07,0.0,13.0560055,22.635,18.32,26.95,331.75,2108.47,1.0234403295012842,0.93681437
1990-08-26,2.9233118560817316e-40,1036.7451711586766,3.5520991516147293,1.1920928955078125e-07,1.1920929e-07,1.1920929e-07,0.0,13.0560055,24.205,18.79,29.62,388.43,2177.23,0.9368480581599837,0.80533165
1990-08-27,1.678008167560495e-42,1032.1732282980843,3.5766088154591613,1.1920928955078125e-07,1.1920929e-07,1.1920929e-07,0.0,12.959997,24.535,17.72,31.35,440.59,2034.9,0.8503788066203278,0.70671964
1990-08-28,-2.8668685316196356e-40,1027.6110567572957,3.656481660135513,1.1920928955078125e-07,1.1920929e-07,1.1920929e-07,0.0,12.959997,25.005,17.7,32.31,451.87,2033.99,0.7720502719573002,0.6327606
1990-08-29,-4.911777358004678e-40,1023.251188606632,3.5714756864891033,1.1920928955078125e-07,1.1920929e-07,1.1920929e-07,0.0,12.863992,24.795,18.02,31.57,433.7,2069.1,0.7039465684775285,0.58345455
1990-08-30,-5.302089771680211e-40,1019.2861559164135,2.918127215409907,1.1920928955078125e-07,1.1920929e-07,1.1920929e-07,0.0,12.863992,21.33,14.97,27.69,432.89,1705.0,0.6472407528577587,0.5505839
1990-08-31,-3.266792044050413e-40,1015.8417204117474,2.6443681159242294,1.1920928955078125e-07,1.1920929e-07,1.1920929e-07,0.0,12.863992,19.7,12.98,26.42,450.84,1503.86,0.6017012603679184,0.5341486
1990-09-01,9.487835186486156e-41,1012.5103979538603,2.704894569311646,1.1920928955078125e-07,1.1920929e-07,1.1920929e-07,0.0,12.767997,20.27,12.28,28.26,483.57,1435.71,0.5607076750767196,0.5177132
1990-09-02,6.134649082657319e-40,1009.177103687862,3.0171935543369526,1.1920928955078125e-07,1.1920929e-07,1.1920929e-07,0.0,12.767997,22.21,14.47,29.95,466.64,1656.65,0.522485138664834,0.50949556
1990-09-03,1.1047263633149714e-39,1005.8299111308411,3.2290591608825916,1.1920928955078125e-07,1.1920929e-07,1.1920929e-07,0.0,12.672003,23.585,17.24,29.93,415.33,1978.01,0.48672486649129065,0.4930602
1990-09-04,1.4443086155299804e-39,1002.4568937998866,2.832855315129212,1.1920928955078125e-07,1.1920929e-07,1.1920929e-07,0.0,12.672003,21.365,15.74,26.99,392.26,1789.09,0.45316417403236203,0.46840718
1990-09-05,1.5078575634281604e-39,999.0461252120874,2.6820312080846516,1.1920928955078125e-07,1.1920929e-07,1.1920929e-07,0.0,12.65945,20.5,12.34,28.66,477.22,1433.25,0.4215803236920263,0.47662488
1990-09-06,1.171019105526912e-39,995.5856788845323,3.0950980587327286,1.1920928955078125e-07,1.1920929e-07,1.1920929e-07,0.0,12.576003,23.155,14.91,31.4,463.29,1702.19,0.3917852830618273,0.46018952
1990-09-07,-2.2210062728171548e-39,992.3193666663867,3.4233946159889195,1.1920928955078125e-07,1.1920929e-07,1.1920929e-07,0.0,12.576003,24.99,17.35,32.63,436.45,1990.1,0.3655962386656409,0.4355365
1990-09-08,-1.0646619819510589e-38,989.5010789594859,3.2113912848244754,1.1920928955078125e-07,1.1920929e-07,1.1920929e-07,0.0,12.479998,24.045,18.03,30.06,380.95,2071.96,0.3444107047014887,0.41910118
1990-09-09,-2.307363398441313e-38,987.1206802014003,2.7234538905882966,1.1920928955078125e-07,1.1920929e-07,3.12,3.12,12.479998,21.215,17.98,24.45,187.35,2062.82,0.32747613022901934,0.4437542
1990-09-10,-3.8469655872386637e-38,985.1680155442759,2.9123883005720654,1.1920928955078125e-07,1.1920929e-07,4.03,4.03,12.383997,22.545,17.72,27.37,246.25,2030.51,0.31420806684958696,0.5177132
1990-09-11,-5.580229258829302e-38,983.6329301402587,2.866365359555737,1.1920928955078125e-07,1.1920929e-07,1.1920929e-07,0.0,12.383997,22.295,16.16,28.43,392.47,1833.43,0.3041559182218191,0.48484254
1990-09-12,-7.403915123699408e-38,982.5052691414945,2.7761113725761026,1.1920928955078125e-07,1.1920929e-07,1.1920929e-07,0.0,12.383997,21.76,15.52,28.0,398.35,1764.97,0.29697716580356154,0.4437542
1990-09-13,-9.214783892335177e-38,981.7748777001293,2.781300550462724,1.1920928955078125e-07,1.1920929e-07,9.16,9.16,12.288,21.94,17.61,26.27,226.79,2023.52,0.29241811846319027,0.47662488
1990-09-14,-1.0909596275222794e-37,981.431600968309,2.773116910409351,1.1920928955078125e-07,1.1920929e-07,11.47,11.47,12.288,21.895,18.08,25.71,204.68,2076.12,0.29029965416702425,0.92859674
1990-09-15,-1.2385112982848438e-37,981.4652840981795,2.5905909630331396,1.1920928955078125e-07,1.1920929e-07,1.1920929e-07,0.0,12.191998,20.855,15.73,25.98,348.72,1779.1,0.2905068420333541,0.62454295
1990-09-16,-1.3538094725698306e-37,981.8657722418867,2.1072933299158634,1.1920928955078125e-07,1.1920929e-07,1.1920929e-07,0.0,12.191998,17.35,9.79,24.91,450.87,1224.28,0.29298164015841716,0.50127786
1990-09-17,-1.4265302214258586e-37,982.6229105515765,1.992956857323496,1.1920928955078125e-07,1.1920929e-07,1.1920929e-07,0.0,12.096003,16.54,9.41,23.67,436.83,1193.17,0.29771809192035753,0.4437542
1990-09-18,-1.4463496159015455e-37,983.7265441793951,1.5145831026102243,1.1920928955078125e-07,1.1920929e-07,1.1920929e-07,0.0,12.096003,12.05,3.27,20.83,484.1,774.41,0.30475961425961096,0.41088352
1990-09-19,-1.4029437270455112e-37,985.1665182774881,1.787458175249243,1.1920928955078125e-07,1.1920929e-07,1.1920929e-07,0.0,12.096003,14.705,8.24,21.17,412.81,1099.56,0.31419810224516836,0.41910118
1990-09-20,-1.2859886259063738e-37,986.9326779980015,2.126988166941572,1.1920928955078125e-07,1.1920929e-07,1.0,1.0,12.000009,17.685,13.43,21.94,299.01,1543.7,0.3261746769003035,0.45197186
1990-09-21,-1.0851603835327522e-37,989.0148684930814,2.164140994978023,1.1920928955078125e-07,1.1920929e-07,1.1920929e-07,0.0,12.000009,17.94,12.72,23.16,344.78,1481.03,0.34088198634774036,0.4355365
1990-09-22,-7.901350709732641e-38,991.4029349148734,2.2957502910674874,1.1920928955078125e-07,1.1920929e-07,5.6,5.6,11.903997,19.03,14.75,23.31,215.37,1687.82,0.35856804012846477,0.45197186
1990-09-23,-3.795668202898986e-38,993.2429582975798,1.9038598207606954,1.1920928955078125e-07,1.1920929e-07,3.0,3.0,11.903997,15.87,8.84,22.9,307.76,1147.24,0.3728187305491166,0.47662488
1990-09-24,9.95675293065994e-39,993.2394090561186,1.4927660732892318,1.1920928955078125e-07,1.1920929e-07,1.1920929e-07,0.0,11.903997,11.92,5.89,17.95,379.76,921.17,0.37279070414549753,0.40266582
1990-09-25,5.179746617503184e-38,991.9042372772085,1.4548434403901214,1.1920928955078125e-07,1.1920929e-07,1.1920929e-07,0.0,11.808002,11.66,2.52,20.8,463.29,739.57,0.36239566620694535,0.3862305
1990-09-26,7.451458990430778e-38,989.7902539659917,1.7360036521732936,1.1920928955078125e-07,1.1920929e-07,1.1920929e-07,0.0,11.808002,14.545,5.31,23.78,454.41,893.41,0.34652671873571306,0.3862305
1990-09-27,6.505725631866981e-38,987.4502701276101,1.9199691535507961,1.1920928955078125e-07,1.1920929e-07,1.1920929e-07,0.0,11.712,16.375,6.69,26.06,452.55,985.66,0.3297702749778017,0.37801284
1990-09-28,2.986022286222988e-38,985.1460565362336,2.001490224476195,1.1920928955078125e-07,1.1920929e-07,1.1920929e-07,0.0,11.712,17.105,8.03,26.18,435.86,1087.84,0.3140619570044668,0.36979514
1990-09-29,-6.493675220250974e-39,982.785126610715,2.0000118188718075,1.1920928955078125e-07,1.1920929e-07,1.1920929e-07,0.0,11.615997,17.27,9.55,24.99,400.45,1203.92,0.2987427897509525,0.37801284
1990-09-30,-3.416366884233447e-38,980.4480536819005,2.0656305510186064,1.1920928955078125e-07,1.1920929e-07,1.1920929e-07,0.0,11.615997,17.85,10.87,24.83,374.04,1309.29,0.28431448708030493,0.37801284
1990-10-01,-4.334162608804727e-38,978.2158579766644,1.8767696833590175,1.1920928955078125e-07,1.1920929e-07,1.1920929e-07,0.0,11.615997,16.29,10.48,22.1,333.23,1278.04,0.2711847723362787,0.36979514
1990-10-02,-2.3067757890889675e-38,976.1609075576547,1.6997199756246322,1.1920928955078125e-07,1.1920929e-07,1.1920929e-07,0.0,11.520002,14.83,7.92,21.74,377.05,1075.01,0.2596343001158247,0.35335982
1990-10-03,3.421917869217608e-38,974.2610571734999,1.7903307164129423,1.1920928955078125e-07,1.1920929e-07,1.1920929e-07,0.0,11.520002,15.715,6.99,24.44,417.77,1008.16,0.2493937578715868,0.35335982
1990-10-04,1.155458059837426e-37,972.4595838817396,2.0269806012033125,1.1920928955078125e-07,1.1920929e-07,1.1920929e-07,0.0,11.424,17.95,12.13,23.77,319.81,1410.75,0.2400568211307187,0.36157748
1990-10-05,2.0566242795749392e-37,970.7031024094593,1.8471135893934778,1.1920928955078125e-07,1.1920929e-07,4.09,4.09,11.424,16.43,7.35,25.51,310.4,1030.86,0.2312897552346362,0.39444816
1990-10-06,2.8931934858711423e-37,968.9382274837451,1.861986057117236,1.1920928955078125e-07,1.1920929e-07,1.1920929e-07,0.0,11.340561,16.715,6.43,27.0,430.16,970.28,0.22280325531996834,0.37801284
1990-10-07,3.512668718462874e-37,967.1115738316826,1.9089966287187197,1.1920928955078125e-07,1.1920929e-07,1.1920929e-07,0.0,11.328006,17.18,6.39,27.97,430.83,965.31,0.2143474752830037,0.35335982
1990-10-08,3.762553017086978e-37,965.1697561803577,2.119960837635087,1.1920928955078125e-07,1.1920929e-07,1.1920929e-07,0.0,11.328006,18.975,11.0,26.95,371.7,1319.95,0.20571020348432173,0.34514216
1990-10-09,3.490349421480291e-37,963.0593892568562,2.401790380605957,1.1920928955078125e-07,1.1920929e-07,1.1920929e-07,0.0,11.232,21.29,15.08,27.5,304.06,1722.83,0.1967174251768202,0.34514216
1990-10-10,2.5448708263349036e-37,960.7551508985866,2.2492974809587865,1.1920928955078125e-07,1.1920929e-07,1.1920929e-07,0.0,11.232,20.205,15.14,25.27,258.46,1730.88,0.1873468647894296,0.3862305
1990-10-11,1.542147693829731e-37,1003.2166890452114,1.9484522228542376,1.1920928955078125e-07,1.1920929e-07,89.68,89.68,11.136005,17.195,12.93,21.46,172.66,1498.89,0.4605161128547659,9.039437
1990-10-12,9.347672527374081e-38,1055.2188683594368,2.0592994733695127,1.1920928955078125e-07,1.1920929e-07,17.41,17.41,11.136005,17.275,14.02,20.53,135.16,1599.81,1.3854995863917408,2.843314
1990-10-13,5.664671785387039e-38,1081.7721339420984,2.302199404461958,1.1920928955078125e-07,1.1920929e-07,40.51,40.51,11.136005,18.73,15.42,22.04,134.55,1748.28,2.4314569419939676,8.792907
1990-10-14,3.424346908331304e-38,1094.8324294134532,2.1740059886048404,1.1920928955078125e-07,1.1920929e-07,1.1920929e-07,0.0,11.039997,17.71,11.63,23.79,301.86,1371.08,3.2063181575041138,2.1694648
1990-10-15,1.985875395920539e-38,1090.7223999882183,2.0209000493377745,1.1920928955078125e-07,1.1920929e-07,1.1920929e-07,0.0,11.039997,16.555,9.4,23.71,335.87,1191.99,2.938995801825839,1.3805686
1990-10-16,1.1677034669870393e-38,1085.8720243975033,1.6158017889118124,1.1920928955078125e-07,1.1920929e-07,1.1920929e-07,0.0,10.944003,13.11,4.29,21.93,379.61,840.65,2.652045463358952,1.0847324
1990-10-17,6.887428367439449e-39,1081.378907795001,1.6296732178298237,1.1920928955078125e-07,1.1920929e-07,1.1920929e-07,0.0,10.944003,13.315,4.98,21.65,365.41,873.4,2.411289443444176,0.94503206
1990-10-18,4.1122896459237834e-39,1084.1835320862535,1.7754176646660509,1.1920928955078125e-07,1.1920929e-07,16.06,16.06,10.944003,14.665,9.08,20.25,208.95,1166.49,2.558873014650515,4.3553653
1990-10-19,2.4378580681339062e-39,1105.8026058049284,1.3779846498963915,1.1920928955078125e-07,1.1920929e-07,36.88,36.88,10.848,10.42,3.41,17.43,248.58,778.52,4.0450128041478886,4.182794
1990-10-20,1.4635687560931937e-39,1115.1303768844732,1.1737235522138212,1.1920928955078125e-07,1.1920929e-07,1.1920929e-07,0.0,10.848,7.785,0.01,15.56,352.31,609.6,4.928615119588678,1.9064995
1990-10-21,8.80338657463091e-40,1109.4476966901598,1.3384869867593605,1.1920928955078125e-07,1.1920929e-07,1.1920929e-07,0.0,10.752,10.05,0.86,19.24,372.4,657.1,4.369690099635657,1.4463099
1990-10-22,4.385725440379436e-40,1103.9197626856453,1.5924574470125734,1.1920928955078125e-07,1.1920929e-07,1.1920929e-07,0.0,10.752,12.895,6.05,19.74,308.06,934.11,3.8868686203881753,4.486848
1990-10-23,-2.7268652636620562e-40,1098.8817615289747,1.7858443130406307,1.1920928955078125e-07,1.1920929e-07,66.6,66.6,10.752,14.83,11.95,17.71,108.22,1396.2,3.493461136266487,12.819566
1990-10-24,-1.1176621487789307e-39,1094.29272932826,1.6683669873351539,1.1920928955078125e-07,1.1920929e-07,2.1,2.1,10.655997,13.935,7.87,20.0,270.57,1069.63,3.1698738606145653,4.0677466
1990-10-25,-1.8968386320754666e-39,1090.0826291650626,1.4172642962366713,1.1920928955078125e-07,1.1920929e-07,1.1920929e-07,0.0,10.655997,11.375,4.94,17.81,295.46,872.96,2.899437780543799,2.4735186
1990-10-26,-2.4107002851310484e-39,1086.1814241209436,1.1049697714852098,1.1920928955078125e-07,1.1920929e-07,1.1920929e-07,0.0,10.649202,7.545,3.82,11.27,195.14,803.96,2.6694825993637803,1.8982818
1990-10-27,-2.4597314168209093e-39,1082.5190772774642,1.0028473075169935,1.1920928955078125e-07,1.1920929e-07,1.1920929e-07,0.0,10.56,6.24,-2.12,14.6,351.94,529.1,2.4702313089107735,1.594228
1990-10-28,-1.8440338900800234e-39,1079.0254801234325,1.134911555827384,1.1920928955078125e-07,1.1920929e-07,1.1920929e-07,0.0,10.56,8.19,0.33,16.05,337.4,619.94,2.2940372036221586,1.4052216
1990-10-29,-4.032675484645238e-40,1075.6258424628725,1.1116752106056789,1.1920928955078125e-07,1.1920929e-07,1.1920929e-07,0.0,10.463997,8.06,0.4,15.72,328.27,632.3,2.1346545992105264,1.2655212
1990-10-30,1.5386039489328837e-39,1072.2937469745993,1.0900954670030756,1.1920928955078125e-07,1.1920929e-07,1.1920929e-07,0.0,10.463997,7.805,-2.79,18.4,372.05,499.18,1.9891891515615672,1.1833445
1990-10-31,3.48504671227702e-39,1069.025877049394,1.3279567064634785,1.1920928955078125e-07,1.1920929e-07,1.1920929e-07,0.0,10.463997,10.94,-0.59,22.47,371.36,587.53,1.8561597615159944,1.1176032
1990-11-01,4.9395268517327135e-39,1065.818916078037,1.488116295930357,1.1920928955078125e-07,1.1920929e-07,1.1920929e-07,0.0,10.367997,12.955,1.3,24.61,364.42,675.57,1.7342628421731683,1.0600795
1990-11-02,5.405510477464787e-39,1062.669547451309,1.514374340754269,1.1920928955078125e-07,1.1920929e-07,1.1920929e-07,0.0,10.367997,13.285,1.48,25.09,361.16,682.93,1.6223489401248161,1.0189911
1990-11-03,4.386463699638058e-39,1059.5744545599907,1.5544418451970583,1.1920928955078125e-07,1.1920929e-07,1.1920929e-07,0.0,10.367997,13.755,2.25,25.26,353.04,725.5,1.5194027055757537,0.9861204
1990-11-04,1.8348497927987236e-39,1056.9154381980663,1.4525221149855305,1.1920928955078125e-07,1.1920929e-07,1.1920929e-07,0.0,10.272,12.85,2.13,23.57,342.92,718.21,1.4361934280835873,0.9696851
1990-11-05,-1.2971760668549748e-39,1055.016091640854,1.43199764730437,1.1920928955078125e-07,1.1920929e-07,1.1920929e-07,0.0,10.272,12.65,3.57,21.73,317.37,783.61,1.37956155357661,0.93681437
1990-11-06,-4.15512238000437e-39,1053.5304058165218,1.3212117813596649,1.1920928955078125e-07,1.1920929e-07,3.19,3.19,10.272,11.385,4.14,18.63,209.89,819.89,1.336824646423161,0.95324975
1990-11-07,-5.886962855343742e-39,1052.1082994332432,1.0056113170862335,1.1920928955078125e-07,1.1920929e-07,1.1920929e-07,0.0,10.176,7.285,-2.28,16.85,328.55,521.17,1.2971573606005855,0.895726
1990-11-08,-5.640671201567366e-39,1050.399691199192,1.0334138315436339,1.1920928955078125e-07,1.1920929e-07,1.1920929e-07,0.0,10.176,7.73,-0.58,16.04,302.76,586.65,1.2510520821218067,0.871073
1990-11-09,-2.998400427458462e-39,1048.2504916229757,0.8390972637376551,1.1920928955078125e-07,1.1920929e-07,1.1920929e-07,0.0,10.176,4.59,-0.67,9.85,220.08,580.57,1.195377758089831,0.8792907
1990-11-10,6.401036843327879e-40,1046.1030340584737,0.9016430310990876,1.1920928955078125e-07,1.1920929e-07,26.83,26.83,10.08,5.85,1.92,9.78,125.9,713.88,1.142223197861213,2.0133293
1990-11-11,4.195544435819027e-39,1044.0069154855257,0.9696407965651953,1.1920928955078125e-07,1.1920929e-07,1.1920929e-07,0.0,10.08,6.99,1.58,12.4,218.81,689.59,1.0926197400135966,1.3148272
1990-11-12,6.658524867747236e-39,1041.9715710948733,1.1216804324587664,1.1920928955078125e-07,1.1920929e-07,1.1920929e-07,0.0,10.08,9.275,3.76,14.79,216.17,792.76,1.0465166997718682,1.0682971
1990-11-13,7.019648020864397e-39,1040.0064360772585,0.9733430853957131,1.1920928955078125e-07,1.1920929e-07,1.1920929e-07,0.0,9.996555,7.235,0.84,13.63,241.41,636.51,1.0038507105238612,0.9861204
1990-11-14,1.248531287770387e-39,1038.110119565678,0.878383998946648,1.1920928955078125e-07,1.1920929e-07,1.1920929e-07,0.0,9.984,5.715,-3.42,14.85,301.87,476.55,0.9643288311443607,0.95324975
1990-11-15,-3.3383147203799727e-38,1036.2052651580047,1.038771450463536,1.1920928955078125e-07,1.1920929e-07,1.1920929e-07,0.0,9.984,8.315,-2.09,18.72,313.55,531.28,0.9261954281104119,0.92859674
1990-11-16,-9.664460664297219e-38,1034.2809722745417,1.1862063004893502,1.1920928955078125e-07,1.1920929e-07,1.1920929e-07,0.0,9.984,10.42,-0.3,21.14,311.45,601.27,0.8892037843651973,0.91216135
1990-11-17,-1.8275365518959356e-37,1032.3448306561127,1.1497606591748526,1.1920928955078125e-07,1.1920929e-07,1.1920929e-07,0.0,9.888002,10.11,3.78,16.44,225.67,792.4,0.853475338958184,0.9039437
1990-11-18,-2.8592810100351055e-37,1030.4044300435412,0.8620586536599308,1.1920928955078125e-07,1.1920929e-07,1.1920929e-07,0.0,9.888002,5.69,-1.86,13.24,260.23,535.11,0.8191085764325593,0.871073
1990-11-19,-4.003857522445699e-37,1028.4673601776506,0.8457953920545426,1.1920928955078125e-07,1.1920929e-07,1.1920929e-07,0.0,9.888002,5.43,-4.96,15.82,305.0,420.23,0.7861811176256907,0.84642
1990-11-20,-5.203444170726183e-37,1026.5412107992643,1.0670942337196825,1.1920928955078125e-07,1.1920929e-07,1.1920929e-07,0.0,9.881208,9.04,1.05,17.03,260.29,648.56,0.7547518749643319,0.82998466
1990-11-21,-6.400219036475022e-37,1024.6335716492063,0.9820342841985161,1.1920928955078125e-07,1.1920929e-07,1.1920929e-07,0.0,9.792,7.92,-1.62,17.46,286.35,541.25,0.72486322283623,0.82176703
1990-11-22,-7.536360201290685e-37,1022.7520324683,1.0518697278798592,1.1920928955078125e-07,1.1920929e-07,1.1920929e-07,0.0,9.792,9.015,-0.65,18.68,281.69,579.96,0.6965431427358776,0.82176703
1990-11-23,-8.554045746771638e-37,1020.9041829973687,1.2297062380197394,1.1920928955078125e-07,1.1920929e-07,1.0,1.0,9.792,11.505,4.74,18.27,219.92,867.52,0.6698073115698603,0.81354934
1990-11-24,-9.39545375451635e-37,1019.0976129772362,1.2410864173421847,1.1920928955078125e-07,1.1920929e-07,1.1920929e-07,0.0,9.792,11.68,6.0,17.36,189.71,930.99,0.6446611095968606,0.7888963
1990-11-25,-1.0002762306123284e-36,1017.339912148726,1.2356744646940447,1.1920928955078125e-07,1.1920929e-07,1.1920929e-07,0.0,9.695997,11.795,4.2,19.39,234.61,828.24,0.6211015318638778,0.7642433
1990-11-26,-1.0318149483190907e-36,1015.6386702526615,1.217087623523022,1.1920928955078125e-07,1.1920929e-07,1.1920929e-07,0.0,9.695997,11.58,1.33,21.83,277.41,676.3,0.5991189936338744,0.73137265
1990-11-27,-1.028379336731769e-36,1014.0014770298666,1.2600660978143343,1.1920928955078125e-07,1.1920929e-07,1.1920929e-07,0.0,9.695997,12.16,1.91,22.41,274.03,697.38,0.5786990261782813,0.71493727
1990-11-28,-9.84187204010209e-37,1012.4359222211644,1.524585144715727,1.1920928955078125e-07,1.1920929e-07,1.1920929e-07,0.0,9.695997,15.275,8.15,22.4,212.3,1092.25,0.5598238644665944,0.69850194
1990-11-29,-8.934563583142585e-37,1010.9495955673789,1.2979600160740246,1.1920928955078125e-07,1.1920929e-07,0.33,0.33,9.6892,12.695,5.23,20.16,225.01,886.17,0.5424739327919975,0.71493727
1990-11-30,-7.504046078037638e-37,1009.5500868093334,0.6908866896676928,1.1920928955078125e-07,1.1920929e-07,1.1920929e-07,0.0,9.600003,3.12,-3.35,9.59,212.58,478.71,0.5266292383184965,0.6820666
1990-12-01,-5.4924976063857135e-37,1008.2449856878513,0.6918560260051736,1.1920928955078125e-07,1.1920929e-07,1.1920929e-07,0.0,9.600003,3.16,-6.75,13.07,276.51,370.67,0.5122706860336786,0.6820666
1990-12-02,7.113502838570929e-37,1007.033327996408,0.835661759605825,1.1920928955078125e-07,1.1920929e-07,1.1920929e-07,0.0,9.600003,6.015,-2.95,14.98,261.46,497.82,0.49929086065168243,0.6902843
1990-12-03,5.039330366480003e-36,1005.8962270020457,0.9749320366221479,1.1920928955078125e-07,1.1920929e-07,7.8,7.8,9.600003,8.4,3.36,13.44,128.73,783.64,0.48740902462192953,0.871073
1990-12-04,1.200606334308358e-35,1004.8273910922342,0.9093039767054554,1.1920928955078125e-07,1.1920929e-07,25.18,25.18,9.600003,7.34,1.39,13.29,149.57,680.25,0.476498434022452,2.391342
1990-12-05,2.108889135603059e-35,1003.8211791811809,0.587997009272356,1.1920928955078125e-07,1.1920929e-07,1.1920929e-07,0.0,9.593208,0.845,-3.88,5.57,171.47,458.72,0.4664503890698344,1.1751268
1990-12-06,3.1765156547683786e-35,1002.8719501830942,0.6236027656402192,1.1920928955078125e-07,1.1920929e-07,1.1920929e-07,0.0,9.516553,1.835,-5.46,9.13,237.95,410.32,0.45716568044588796,0.97790277
1990-12-07,4.3512201060405915e-35,1001.9740630121819,0.7048946487143749,1.1920928955078125e-07,1.1920929e-07,1.1920929e-07,0.0,9.503997,3.68,-3.02,10.38,223.31,496.44,0.4485533123643987,0.9039437
1990-12-08,5.580736703655973e-35,1001.121876582652,0.6796399669861218,1.1920928955078125e-07,1.1920929e-07,1.1920929e-07,0.0,9.503997,3.15,-1.35,7.65,164.67,553.08,0.44052941385956723,0.8628554
1990-12-09,6.8127996618508e-35,1000.3097498087124,0.7754061006894374,1.1920928955078125e-07,1.1920929e-07,1.1920929e-07,0.0,9.503997,5.135,-0.79,11.06,204.3,578.33,0.433016313420842,0.81354934
1990-12-10,7.995143194861348e-35,999.5320416045711,0.879863371402999,1.1920928955078125e-07,1.1920929e-07,1.1920929e-07,0.0,9.503997,7.07,-0.57,14.71,238.6,590.86,0.4259417563319277,0.78067863
1990-12-11,9.075501516923892e-35,998.7831108844359,0.8593453710615745,1.1920928955078125e-07,1.1920929e-07,1.1920929e-07,0.0,9.503997,6.72,-1.76,15.2,250.99,538.42,0.4192382475459503,0.7642433
1990-12-12,1.0001608842274708e-34,998.057316562515,0.8332341362213159,1.1920928955078125e-07,1.1920929e-07,1.1920929e-07,0.0,9.503997,6.26,-2.89,15.41,259.25,494.29,0.4128425057696174,0.747808
1990-12-13,1.0721199385150074e-34,997.3490175530162,0.9572892082649868,1.1920928955078125e-07,1.1920929e-07,1.1920929e-07,0.0,9.503997,8.405,0.16,16.65,242.07,616.07,0.4066950167368023,0.7395903
1990-12-14,1.118200735978626e-34,996.6525727701475,0.8781867987269926,1.1920928955078125e-07,1.1920929e-07,1.1920929e-07,0.0,9.503997,7.085,0.61,13.56,208.24,628.8,0.40073967550718886,0.72315496
1990-12-15,1.1331766980419548e-34,995.9623411281167,0.7240293415945402,1.1920928955078125e-07,1.1920929e-07,0.26,0.26,9.503997,4.17,0.62,7.72,128.7,633.96,0.3949235090933753,0.72315496
1990-12-16,1.1118212461286206e-34,995.272681541132,0.8456952089770398,1.1920928955078125e-07,1.1920929e-07,1.76,1.76,9.497203,6.54,2.44,10.64,148.56,720.0,0.3891964718532535,0.73137265
1990-12-17,1.0489078016622514e-34,994.5779529234012,0.7192599805767963,1.1920928955078125e-07,1.1920929e-07,1.1920929e-07,0.0,9.467175,4.15,0.72,7.58,128.34,636.36,0.3835113069273664,0.71493727
1990-12-18,9.392097860664747e-35,993.8725141891323,0.9301475615508323,1.1920928955078125e-07,1.1920929e-07,3.35,3.35,9.420558,8.15,3.33,12.97,129.24,786.15,0.37782346759020635,0.747808
1990-12-19,7.775006207649188e-35,993.1507242525331,1.1152459215742945,1.1920928955078125e-07,1.1920929e-07,5.03,5.03,9.420558,11.005,5.46,16.55,144.73,898.35,0.37209109275209484,0.772461
1990-12-20,5.585537271812105e-35,992.4069420278119,0.7455168756759869,1.1920928955078125e-07,1.1920929e-07,1.1920929e-07,0.0,9.420558,4.795,-0.39,9.98,191.3,596.84,0.3662750310232537,0.72315496
1990-12-21,-4.199428651228323e-12,991.705921431867,0.7395623553829784,1.1920928955078125e-07,1.1920929e-07,5.74,5.74,9.420558,4.685,2.09,7.28,79.3,705.22,0.36087659190840543,0.7888963
1990-12-22,-1.8135876206058528e-11,991.1553385208571,1.10426117828188,1.1920928955078125e-07,1.1920929e-07,1.21,1.21,9.420558,10.88,7.07,14.69,142.95,1005.36,0.3566924928625748,0.78067863
1990-12-23,-3.8515310340752355e-11,990.7304082102995,1.4310872218257304,1.1920928955078125e-07,1.1920929e-07,0.98,0.98,9.420558,15.065,12.61,17.52,90.84,1448.72,0.3534964754835511,0.8546377
1990-12-24,-6.188210554301122e-11,990.4037868265646,0.9180365739014832,1.1920928955078125e-07,1.1920929e-07,22.92,22.92,9.467175,7.925,-0.97,16.82,202.17,572.75,0.35105934534240707,2.3256006
1990-12-25,-8.478063630053656e-11,990.1481306960226,0.4191609716784448,1.1920928955078125e-07,1.1920929e-07,1.1920929e-07,0.0,9.467175,-3.6,-9.98,2.78,239.87,280.6,0.3491634610288518,1.3723509
1990-12-26,-1.037552771010298e-10,989.9360961450442,0.45028119907896774,1.1920928955078125e-07,1.1920929e-07,1.1920929e-07,0.0,9.497203,-2.635,-8.09,2.82,219.97,337.62,0.34759883346486176,1.1258208
1990-12-27,-1.1535040243219245e-10,989.7403394999995,0.48073357318169513,1.1920928955078125e-07,1.1920929e-07,1.1920929e-07,0.0,9.503997,-1.715,-5.19,1.76,156.81,420.48,0.34616054766981147,1.0518618
1990-12-28,-1.1611038678172583e-10,989.5335170872593,0.5138584396646818,1.1920928955078125e-07,19.259964,0.080036275,19.34,9.503997,-0.76,-3.37,1.85,93.02,480.13,0.34464742312195845,1.3805686
1990-12-29,-1.0257960463733144e-10,989.2882852331935,0.6648475059667098,1.1920928955078125e-07,1.1920929e-07,1.1920929e-07,0.0,9.503997,3.0,-0.14,6.14,147.68,597.77,0.3428618612487344,1.8654112
1990-12-30,-7.13024304867108e-11,988.9773002641729,0.9743145363566186,1.1920928955078125e-07,1.1920929e-07,1.1920929e-07,0.0,9.503997,8.81,2.42,15.2,247.98,733.95,0.34061084083654103,1.7092754
1990-12-31,-1.8823238817565153e-11,988.5732185065676,1.0442137069969826,1.1920928955078125e-07,1.1920929e-07,2.83,2.83,9.503997,9.9,1.69,18.11,236.11,697.19,0.33770801543542894,1.5202689
1991-01-01,5.7693010467145355e-11,988.0423937371145,0.5704231208304184,1.1920928955078125e-07,1.1920929e-07,1.1920929e-07,0.0,9.503997,0.77,-4.5,6.04,224.93,437.95,0.3339322607706637,1.3148272
1991-01-02,1.3782359822164782e-10,987.2502584716308,0.6082903771745943,1.1920928955078125e-07,1.1920929e-07,1.1920929e-07,0.0,9.503997,1.72,-4.81,8.25,255.34,424.44,0.328376163115311,1.2162151
1991-01-03,1.87910431591998e-10,986.2728051404076,0.7143553347319241,1.1920928955078125e-07,1.1920929e-07,1.1920929e-07,0.0,9.503997,4.115,-2.73,10.96,261.34,505.79,0.3216474795804552,1.1504738
1991-01-04,1.7757040790802782e-10,985.2711900649838,0.6204506850976157,1.1920928955078125e-07,1.1920929e-07,1.1920929e-07,0.0,9.503997,2.04,-3.3,7.38,227.83,478.53,0.3148954752721128,1.0765148
1991-01-05,1.0948345450097823e-10,984.3073401715685,0.5881309809862141,1.1920928955078125e-07,1.1920929e-07,1.1920929e-07,0.0,9.563178,1.18,-4.4,6.76,236.66,443.7,0.30853190820554677,1.0272088
1991-01-06,6.274560057304473e-11,983.3472514183202,0.7261900831401809,1.1920928955078125e-07,1.1920929e-07,1.1920929e-07,0.0,9.600003,4.255,-1.43,9.94,236.18,555.71,0.30232102289876045,0.9943381
1991-01-07,3.790033652477092e-11,983.7828206689445,0.9110198843565914,1.1920928955078125e-07,1.1920929e-07,3.67,3.67,9.600003,7.695,0.95,14.44,196.41,640.0,0.3051231052971466,1.0107734
1991-01-08,0.04736038850313613,988.4112385891732,0.5465702691154904,1.1920928955078125e-07,0.81688327,6.783117,7.6,9.600003,0.0,-2.9,2.9,105.84,498.7,0.33655134891457533,1.1258208
1991-01-09,0.5642405683878552,992.8683477489651,0.5845986388770166,0.4819644384599903,4.0860177e-05,3.039959,3.04,9.600003,0.91,-2.53,4.35,123.77,515.85,0.36987223157479027,1.0765148
1991-01-10,0.21362656308293526,992.1029875733522,0.7270506104939729,0.19106297510688855,1.1920929e-07,1.1920929e-07,0.0,9.600003,4.14,-0.67,8.95,216.43,580.58,0.36392448378396597,1.0436441
1991-01-11,0.09247535554551861,999.2236005088392,0.66264641642605,0.06621325014771495,1.1920929e-07,16.47,16.47,9.6125555,2.635,0.05,5.22,95.21,612.58,0.4231680849958711,6.919278
1991-01-12,0.04611554050243891,1022.3680103669196,0.7620471663300925,0.02828211841823824,1.1920929e-07,33.12,33.12,9.695997,4.245,0.5,7.99,133.56,632.13,0.6909004087175333,7.3055086
1991-01-13,0.024630652996204296,1034.6938102435283,0.7317292032634974,0.01382437774584178,1.1920929e-07,0.03,0.03,9.695997,3.46,-1.61,8.53,226.28,547.57,0.8970134343218265,3.1473677
1991-01-14,0.016007469344359898,1033.4293161957198,0.6032578322664907,1.1920928955078125e-07,1.1920929e-07,1.1920929e-07,0.0,9.695997,0.64,-7.88,9.16,303.6,341.27,0.8733071666867038,2.2023356
1991-01-15,0.010033986065351335,1031.9231403622784,0.7307512483629777,0.005268484255999943,1.1920929e-07,1.1920929e-07,0.0,9.695997,3.48,-6.02,12.98,312.29,397.14,0.8458861229509572,1.8489758
1991-01-16,0.005865949090983939,1037.3241465333338,0.9060686002992836,0.003018973284072374,1.1920929e-07,14.4,14.4,9.708552,6.625,-0.7,13.95,211.74,584.24,0.9484077262114118,3.5582511
1991-01-17,0.003455009833614945,1042.6033242433518,0.953631349004709,0.001757344680908819,1.1920929e-07,2.41,2.41,9.792,7.2,2.99,11.41,179.5,764.01,1.0606145520137182,2.4981718
1991-01-18,0.0020149235036033917,1041.4975223991466,0.7538906471334177,0.001017611200234824,1.1920929e-07,1.1920929e-07,0.0,9.792,3.66,-1.02,8.34,221.09,572.62,1.036061291095615,1.9722408
1991-01-19,0.0010928828729126526,1039.3524323673823,0.7836842740078199,0.0005494273891711422,1.1920929e-07,1.1920929e-07,0.0,9.792,4.27,-0.76,9.3,235.71,584.21,0.9900406623746754,1.7585814
1991-01-20,0.0006450311633670556,1041.133190913225,0.8439838039812303,0.0003235557410813658,1.1920929e-07,6.37,6.37,9.792,5.36,1.55,9.17,140.73,684.15,1.028096801709688,1.791452
1991-01-21,0.00039244286923661184,1042.8945948845792,0.7600046656520145,0.00019660646263818681,1.1920929e-07,0.75,0.75,9.888002,3.615,-1.85,9.08,255.64,538.57,1.067178197112462,1.6106633
1991-01-22,0.0002910761922565277,1041.993954431448,0.4277274076216223,1.1920928955078125e-07,1.1920929e-07,1.1920929e-07,0.0,9.888002,-4.635,-9.08,-0.19,223.7,309.3,1.0470129770253047,1.4463099
1991-01-23,0.00028517707386063794,1040.5877068284947,0.427150157975281,1.1920928955078125e-07,1.1920929e-07,1.1920929e-07,0.0,9.888002,-4.635,-12.5,3.23,319.4,231.53,1.0162865265869059,1.3312626
1991-01-24,0.00028965012166134725,1039.0598403266297,0.5393874935626295,1.1920928955078125e-07,1.1920929e-07,1.1920929e-07,0.0,9.900558,-1.35,-7.37,4.67,278.28,360.0,0.983923909943044,1.2983918
1991-01-25,0.00023584596251808272,1037.563961712699,0.5517718134633385,1.1920928955078125e-07,1.1920929e-07,1.1920929e-07,0.0,9.984,-1.125,-6.43,4.18,261.93,379.76,0.9532374874419958,1.2408682
1991-01-26,0.00014205227945923515,1036.0596334393595,0.5336845387001408,1.1920928955078125e-07,1.1920929e-07,1.1920929e-07,0.0,9.984,-1.58,-9.18,6.02,320.39,303.3,0.9233428379299172,1.1833445
1991-01-27,4.319325004939397e-05,1034.5151543642555,0.6598465092426915,2.1591917183706995e-05,1.1920929e-07,1.1920929e-07,0.0,9.984,1.505,-6.85,9.86,331.62,356.01,0.8936254200611049,1.1669091
1991-01-28,-2.5806948146851088e-05,1032.898823345032,0.8917289326109938,1.1920928955078125e-07,1.1920929e-07,1.1920929e-07,0.0,10.08,5.875,-1.22,12.97,305.52,560.57,0.8635492006429074,1.1422561
1991-01-29,-3.0670031115420424e-05,1031.190133770508,0.9196832556071034,1.1920928955078125e-07,1.1920929e-07,1.1920929e-07,0.0,10.08,6.37,-0.91,13.65,312.53,573.08,0.8328543606047477,1.1093855
1991-01-30,3.289784486000781e-05,1029.6480629302498,1.0001939055579603,1.6451628100470583e-05,1.1920929e-07,1.1920929e-07,0.0,10.08,7.68,1.36,14.0,291.02,676.94,0.8060903950326122,1.0847324
1991-01-31,0.0001438408310524219,1028.3469537311653,0.9310428345429096,7.197214097898717e-05,1.1920929e-07,1.0,1.0,10.169206,6.465,0.11,12.82,295.97,615.38,0.78417863345848,1.0600795
1991-02-01,0.0002833861241548101,1027.2254644392935,0.6247856501593622,1.1920928955078125e-07,1.1920929e-07,1.1920929e-07,0.0,10.176,0.535,-7.75,8.82,341.22,342.53,0.7657703813355977,0.9861204
1991-02-02,0.0004327609208601606,1026.2222533206743,0.7939871086779831,0.00021684866473592116,1.1920929e-07,1.1920929e-07,0.0,10.176,4.08,-5.51,13.67,354.57,416.21,0.7496700322651076,0.97790277
1991-02-03,0.0005731924178614619,1025.275978641347,0.938270482171007,0.00028741758055162293,1.1920929e-07,1.1920929e-07,0.0,10.235178,6.53,-4.47,17.53,363.75,432.57,0.7347938073844142,0.9696851
1991-02-04,0.0006859078118517023,1024.3252986673508,1.0510440559768326,0.00034413007513048804,1.1920929e-07,1.1920929e-07,0.0,10.272,8.235,-3.53,20.0,367.24,475.63,0.720145582314625,0.95324975
1991-02-05,0.0007521342995238697,1023.3088716647251,1.1768290478279062,0.0003774814081061215,1.1920929e-07,1.1920929e-07,0.0,10.272,10.015,-1.42,21.45,364.78,556.22,0.7048071732231079,0.94503206
1991-02-06,0.0007530990775709526,1022.1653558995096,1.364450271129987,0.0003779674276356839,1.1920929e-07,4.11,4.11,10.331169,12.29,5.17,19.41,223.54,892.53,0.687941099850388,1.0025557
1991-02-07,0.0006700293426859395,1020.8334096377436,1.3113844265274421,0.00033613701544425327,1.1920929e-07,7.31,7.31,10.367997,11.62,8.14,15.1,131.04,1094.46,0.6688039796104901,1.1176032
1991-02-08,0.0004841536379817584,1019.251694645094,1.078998836507148,0.00024266282970910962,1.1920929e-07,1.1920929e-07,0.0,10.367997,8.575,3.66,13.49,240.74,791.9,0.6467684842443512,1.0107734
1991-02-09,0.00028409576933469615,1017.6111873442918,0.9545766244732562,0.000142249660547021,1.1920929e-07,1.1920929e-07,0.0,10.457203,6.58,-1.16,14.32,330.02,565.31,0.624680612008744,0.94503206
1991-02-10,0.0001659900385070731,1016.0205542077366,0.994063728502759,8.306390096992988e-05,1.1920929e-07,1.1920929e-07,0.0,10.463997,7.215,0.93,13.5,289.61,639.24,0.6039847746800531,0.92037904
1991-02-11,9.676271156100903e-05,1014.5218286740878,0.8234798536085359,4.840476333454973e-05,1.1920929e-07,1.1920929e-07,0.0,10.463997,4.38,-1.36,10.12,275.44,559.59,0.5851125340626733,0.895726
1991-02-12,5.675956501210625e-05,1013.1786276388993,0.663688275961217,2.7507840249338213e-05,1.1920929e-07,1.1920929e-07,0.0,10.56,1.075,-5.7,7.85,313.48,408.79,0.5687003067263339,0.8628554
1991-02-13,3.081799349941927e-05,1012.1863215244334,0.7314346237147691,1.541137112149917e-05,1.1920929e-07,1.1920929e-07,0.0,10.56,2.515,-4.47,9.5,322.16,438.35,0.5568719748653129,0.8792907
1991-02-14,1.556407512073697e-05,1013.5347355575813,0.8892794510535484,7.782643161453174e-06,1.1920929e-07,6.05,6.05,10.56,5.415,1.11,9.72,169.59,648.66,0.5730061126047664,0.97790277
1991-02-15,-0.0002599040129055535,1014.9426957706677,0.6301311332112839,1.1920928955078125e-07,0.0006781661,0.029321833,0.03,10.655997,0.165,-7.35,7.68,348.72,351.83,0.5903518186908614,0.92859674
1991-02-16,0.007184154764929981,1013.9024321947323,0.3463186501214437,1.1920928955078125e-07,1.1920929e-07,1.1920929e-07,0.0,10.655997,-8.165,-14.28,-2.05,313.97,199.75,0.5774862531184635,0.797114
1991-02-17,0.0042182501361333405,1012.9559237956564,0.44412180472103074,1.1920928955078125e-07,1.1920929e-07,1.1920929e-07,0.0,10.668552,-4.775,-11.67,2.12,337.78,251.71,0.5660239888710333,0.83820236
1991-02-18,0.5423358234591651,1013.0434597905816,0.7047023736986862,0.5399165345077752,1.3291836e-07,4.46,4.46,10.752,1.69,-1.61,4.99,139.31,551.0,0.5670744370086949,0.9696851
1991-02-19,0.20370396378459796,1023.3831510429873,0.9751654558169456,0.18020293923291492,1.1920929e-07,17.72,17.72,10.752,6.395,1.6,11.19,190.73,687.98,0.7059169373716909,1.4791806
1991-02-20,0.0881608577989878,1032.7052987206966,1.390668860666192,0.06234343080838918,1.1920929e-07,3.39,3.39,10.848,11.65,6.42,16.88,201.35,953.71,0.8600166861994362,1.5038337
1991-02-21,0.044533272492176465,1032.4157427628982,1.1800939024744637,0.027144319987984545,1.1920929e-07,0.73,0.73,10.848,9.065,1.49,16.64,333.68,685.23,0.8547582247309525,1.2737389
1991-02-22,0.024122183541797022,1030.716913201177,1.188765336992004,0.013508778088563248,1.1920929e-07,1.1920929e-07,0.0,10.848,9.205,0.84,17.57,371.76,655.75,0.824548046037584,1.1586915
1991-02-23,0.012373296592132453,1028.75317480219,1.12755156741503,0.006568906898466425,1.1920929e-07,1.1920929e-07,0.0,10.944003,8.275,1.45,15.1,334.05,680.28,0.7909550111960366,1.1011678
1991-02-24,0.006755086173802263,1027.2626388755314,0.794433625104837,0.003491577700445438,1.1920929e-07,1.1920929e-07,0.0,10.944003,2.99,-4.53,10.51,362.32,431.4,0.7663735855614343,1.0354264
1991-02-25,0.003181754272498536,1028.269391866439,0.9182598355665714,0.0016161839019569679,1.1920929e-07,1.1920929e-07,0.0,11.039997,5.01,-1.29,11.31,325.5,559.76,0.7828914010021033,1.0272088
1991-02-26,0.0009825617877595103,1030.8129178318984,0.8145398181541551,0.0004936944436291351,1.1920929e-07,8.06,8.06,11.039997,3.18,-1.61,7.97,202.38,543.65,0.8262264643819288,1.2079976
1991-02-27,0.0004405085213358592,1032.8191568896025,0.7267009263472096,0.00022060349282771705,1.1920929e-07,1.1920929e-07,0.0,11.039997,1.47,-4.46,7.4,325.64,432.44,0.8620932500458213,1.0600795
1991-02-28,0.0002367560202675529,1031.9466708675359,0.8612586137421163,0.00011851814360115079,1.1920929e-07,1.1920929e-07,0.0,11.136005,3.865,-4.97,12.7,407.71,423.93,0.8463078212133891,1.0025557
1991-03-01,0.00012928438552723537,1030.1238408584206,1.0313994315569877,6.46839788886503e-05,1.1920929e-07,1.1920929e-07,0.0,11.136005,6.615,-2.31,15.54,407.04,511.52,0.8142548765999261,0.9696851
1991-03-02,7.752731361677754e-05,1034.5980733774124,1.3047367423174108,3.877868301852773e-05,1.1920929e-07,12.5,12.5,11.232,10.06,2.65,17.47,274.53,743.45,0.8951962946076226,1.1751268
1991-03-03,4.688161689117873e-05,1038.5533049329122,1.4732174971692285,2.3446303160494557e-05,1.1920929e-07,1.1920929e-07,0.0,11.232,11.925,7.76,16.09,240.37,1065.43,0.9734237952455221,2.8186607
1991-03-04,2.8362077877001316e-05,1056.0356385106506,1.0443315412625591,1.4183049957140929e-05,1.1920929e-07,36.89,36.89,11.232,6.295,0.93,11.66,233.3,657.49,1.4096774979716433,10.354264
1991-03-05,1.7090215409355786e-05,1069.341721275105,0.9948975350927491,8.545837893332962e-06,1.1920929e-07,1.1920929e-07,0.0,11.328006,5.24,-0.77,11.25,347.68,578.92,1.8686190212042808,3.6157749
1991-03-06,1.0301804067107955e-05,1065.8693923748372,1.1860134205568162,5.1511673514713355e-06,1.1920929e-07,1.1920929e-07,0.0,11.328006,7.975,0.63,15.32,396.6,638.76,1.7361180177352444,2.4570835
1991-03-07,6.106020974976556e-06,1065.3547974566038,1.2607822158478275,3.0531036962186157e-06,1.1920929e-07,5.22,5.22,11.424,8.8,4.71,12.89,201.04,861.78,1.7172975476384738,2.1776826
1991-03-08,3.5350950779625014e-06,1065.2362467909102,1.0668768929836772,1.7675787812242732e-06,1.1920929e-07,1.1920929e-07,0.0,11.424,6.23,0.97,11.49,337.19,659.34,1.71299074647722,1.8325404
1991-03-09,2.0774243807775124e-06,1062.654647159685,0.8067248874552021,1.0387182123399055e-06,1.1920929e-07,1.1920929e-07,0.0,11.520002,1.96,-5.96,9.88,432.26,398.86,1.6218369979210054,1.668187
1991-03-10,1.2044482676695917e-06,1060.2344682797154,0.8971476094761243,6.022277605738695e-07,1.1920929e-07,1.1920929e-07,0.0,11.520002,3.565,-2.94,10.07,389.96,493.67,1.5407929385286259,1.5777926
1991-03-11,6.971144260168892e-07,1057.8478925154488,0.8731283766125673,3.4855842792975197e-07,1.1920929e-07,1.1920929e-07,0.0,11.520002,3.195,-1.63,8.02,323.05,544.32,1.464840929567069,1.4873983
1991-03-12,3.951336634794406e-07,1055.5679558311972,0.8274775354190513,1.9756719851440214e-07,1.1920929e-07,1.1920929e-07,0.0,11.615997,2.31,-5.01,9.63,425.21,423.12,1.3957820619496744,1.4463099
1991-03-13,2.3400592165150973e-07,1059.156327979478,0.8889427652519029,1.1920928955078125e-07,1.1920929e-07,10.05,10.05,11.615997,3.32,-0.97,7.61,221.73,562.65,1.5060056496174106,1.6435341
1991-03-14,1.3898407481829344e-07,1066.1651312311296,0.8513101924731858,1.1920928955078125e-07,1.1920929e-07,8.16,8.16,11.712,2.46,-0.25,5.17,151.78,594.0,1.7470273709401192,1.8161051
1991-03-15,8.187650709978392e-08,1066.9052412475187,0.9692837196092543,1.1920928955078125e-07,1.1920929e-07,0.64,0.64,11.712,4.38,-0.39,9.15,333.73,589.32,1.7746302863805807,1.8571935
1991-03-16,4.8636611189771425e-08,1064.2748357538492,0.9959590810261966,1.1920928955078125e-07,1.1920929e-07,1.1920929e-07,0.0,11.712,4.825,-3.72,13.37,465.12,466.67,1.6784604663724074,1.6764047
1991-03-17,2.8006229919487447e-08,1061.5218003392627,1.1299255217274575,1.1920928955078125e-07,1.1920929e-07,1.1920929e-07,0.0,11.808002,6.655,-2.42,15.73,474.33,516.33,1.5833841260446118,1.569575
1991-03-18,1.6855983801240996e-08,1066.4528839681932,1.3871398550140268,1.1920928955078125e-07,1.1920929e-07,13.74,13.74,11.808002,9.76,3.62,15.9,290.58,800.22,1.7577079247534841,1.8407581
1991-03-19,1.0172498898894353e-08,1069.8528251652058,1.3579219408216314,1.1920928955078125e-07,1.1920929e-07,1.1920929e-07,0.0,11.903997,9.25,4.3,14.2,340.01,835.88,1.8889581941944114,1.6270987
1991-03-20,6.130159785446901e-09,1066.616944451404,1.3186957681346727,1.1920928955078125e-07,1.1920929e-07,1.1920929e-07,0.0,11.903997,8.84,2.74,14.94,394.99,740.57,1.7638265792245396,1.4545276
1991-03-21,3.6756307000526995e-09,1063.1841413781362,1.6608384461422856,1.1920928955078125e-07,1.1920929e-07,1.1920929e-07,0.0,12.000009,12.41,4.45,20.37,448.0,848.18,1.640128800469994,1.3805686
1991-03-22,2.1056700640155964e-09,1058.8632165407032,2.1075424061361705,1.1920928955078125e-07,1.1920929e-07,1.1920929e-07,0.0,12.000009,16.36,8.71,24.01,429.45,1139.72,1.496684653113683,1.4134393
1991-03-23,1.2412800274536577e-09,1059.0009190836374,2.1860018217010353,1.1920928955078125e-07,1.1920929e-07,7.89,7.89,12.000009,16.965,11.09,22.84,275.38,1326.87,1.5010564119962304,1.618881
1991-03-24,7.252742376526626e-10,1063.5723223727473,1.88820266946422,1.1920928955078125e-07,1.1920929e-07,7.38,7.38,12.096003,14.35,9.78,18.92,236.56,1222.51,1.6536697552568769,1.8078874
1991-03-25,4.315262391880644e-10,1063.754435904447,1.8341833067252515,1.1920928955078125e-07,1.1920929e-07,1.1920929e-07,0.0,12.096003,13.875,6.73,21.02,434.02,987.22,1.6600609097559857,1.544922
1991-03-26,2.532571555345972e-10,1060.0001590114737,1.5708667241203464,1.1920928955078125e-07,1.1920929e-07,1.1920929e-07,0.0,12.191998,11.315,2.55,20.08,482.34,739.94,1.5331650044882625,1.4298745
1991-03-27,1.487019376906867e-10,1060.0103453748027,1.7344462053400618,1.1920928955078125e-07,1.1920929e-07,4.93,4.93,12.191998,12.9,5.26,20.54,342.15,900.73,1.533495834834675,1.3805686
1991-03-28,8.681739253916816e-11,1059.2413699777103,2.249751241187804,1.1920928955078125e-07,1.1920929e-07,1.1920929e-07,0.0,12.288,17.045,11.54,22.55,359.71,1363.53,1.508720848764001,1.3148272
1991-03-29,5.1171080346384757e-11,1071.2553978319052,1.9666690763430843,1.1920928955078125e-07,1.1920929e-07,26.53,26.53,12.288,14.64,8.76,20.52,287.94,1140.89,1.9459175620494842,4.002005
1991-03-30,3.0486899282552983e-11,1094.9721849163857,1.1619066247821361,1.1920928955078125e-07,1.1920929e-07,29.16,29.16,12.288,6.0,1.28,10.72,261.63,674.15,3.215823525044754,5.8674164
1991-03-31,1.8055160477117336e-11,1102.5795036939815,0.981932876137611,1.1920928955078125e-07,1.1920929e-07,1.1920929e-07,0.0,12.383997,3.25,-3.06,9.56,439.21,493.08,3.7780785736773175,3.163803
1991-04-01,7.362884065201736e-12,1098.0217285760875,1.2492340326589313,1.1920928955078125e-07,1.1920929e-07,1.1920929e-07,0.0,12.383997,6.945,-0.02,13.91,461.36,611.59,3.430398550817389,2.4242127
1991-04-02,-6.324902383277009e-12,1093.5297300498257,1.3024261208835421,1.1920928955078125e-07,1.1920929e-07,1.1920929e-07,0.0,12.479998,7.53,-1.2,16.26,506.49,564.63,3.119056524700651,2.0379822
1991-04-03,-1.9371778378056636e-11,1089.2263379077017,1.3099886670985315,1.1920928955078125e-07,1.1920929e-07,1.1920929e-07,0.0,12.479998,7.68,-1.92,17.28,520.91,535.05,2.8473239225753266,1.8161051
1991-04-04,-2.806981256146715e-11,1085.117941176407,1.4917415227856523,1.1920928955078125e-07,1.1920929e-07,1.1920929e-07,0.0,12.479998,9.76,0.97,18.55,501.81,660.86,2.61002247556857,1.6764047
1991-04-05,-2.8711073575838568e-11,1081.2109288826323,1.9015610358166135,1.1920928955078125e-07,1.1920929e-07,1.25,1.25,12.576003,13.565,7.4,19.73,409.04,1031.73,2.402725335011931,1.6024457
1991-04-06,-1.570308714145091e-11,1077.5895127973681,1.8724920530486304,1.1920928955078125e-07,1.1920929e-07,1.1920929e-07,0.0,12.576003,13.37,5.57,21.17,467.2,908.86,2.2253133443512016,1.5284866
1991-04-07,2.52372869042042e-11,1074.877078840107,2.4142972356704164,1.1920928955078125e-07,1.1920929e-07,1.1920929e-07,0.0,12.672003,17.465,8.03,26.9,496.32,1089.35,2.1010666539071408,1.4298745
1991-04-08,8.747743309879869e-11,1073.156191420678,2.6910345291244497,1.1920928955078125e-07,1.1920929e-07,1.1920929e-07,0.0,12.672003,19.32,10.78,27.86,471.99,1302.51,2.0258608003792364,1.3559155
1991-04-09,1.601401158170102e-10,1072.3634469760755,2.85058172992194,1.1920928955078125e-07,1.1920929e-07,1.98,1.98,12.767997,20.185,13.06,27.31,396.89,1511.43,1.9921280184558006,1.3476979
1991-04-10,2.32348099433516e-10,1072.435441943294,2.5365575241847433,1.1920928955078125e-07,1.1920929e-07,12.48,12.48,12.767997,18.205,10.71,25.7,332.45,1296.77,1.9951682102851136,2.0133293
1991-04-11,2.932241483229938e-10,1073.3087727593286,1.7011598464805484,1.1920928955078125e-07,1.1920929e-07,1.1920929e-07,0.0,12.767997,11.65,1.55,21.75,527.07,685.52,2.0324186797885777,1.594228
1991-04-12,3.318910268601211e-10,1074.920035861174,1.651920857903904,1.1920928955078125e-07,1.1920929e-07,1.1920929e-07,0.0,12.863992,11.04,2.87,19.21,481.13,754.32,2.1029792444635707,1.421657
1991-04-13,3.3747149941957547e-10,1077.2058276858247,1.455441354390416,1.1920928955078125e-07,1.1920929e-07,9.96,9.96,12.863992,9.015,3.96,14.07,261.48,807.07,2.2073017148110714,1.569575
1991-04-14,2.9908833037603404e-10,1080.1027446702756,1.4105222880739998,1.1920928955078125e-07,1.1920929e-07,6.36,6.36,12.959997,8.37,5.18,11.56,175.28,894.78,2.3469837313194497,1.6353164
1991-04-15,2.0177529185834198e-10,1083.5239752583884,1.67228938119917,1.1920928955078125e-07,1.1920929e-07,7.38,7.38,12.959997,10.99,6.67,15.31,232.49,978.4,2.523373589287514,1.7257107
1991-04-16,-1.1712260762230552e-10,1086.416523287779,2.094581278679472,1.1920928955078125e-07,1.1920929e-07,3.57,3.57,12.959997,14.57,6.48,22.66,359.54,959.34,2.682808923858905,1.7257107
1991-04-17,-6.628702443241712e-10,1088.281989988391,2.4989626914973777,1.1920928955078125e-07,1.1920929e-07,1.1920929e-07,0.0,13.0560055,17.335,7.82,26.85,508.76,1072.74,2.7909363885298073,1.544922
1991-04-18,-1.332893173120617e-09,1089.1790422482254,2.5684312018970705,1.1920928955078125e-07,1.1920929e-07,1.1920929e-07,0.0,13.0560055,17.78,8.5,27.06,499.68,1125.58,2.844472962902114,1.4380922
1991-04-19,-2.024616948885006e-09,1089.166346955283,2.1414551136439384,1.1920928955078125e-07,1.1920929e-07,3.7,3.7,13.152002,14.65,6.69,22.61,352.27,982.03,2.843708182810858,1.4298745
1991-04-20,-2.635467126490699e-09,1088.3025709975645,1.4548864659113125,1.1920928955078125e-07,1.1920929e-07,9.1,9.1,13.152002,8.505,6.28,10.73,128.69,951.35,2.7921533075970717,1.6024457
1991-04-21,-3.0628692608110607e-09,1086.6463812630711,1.5385243844378946,1.1920928955078125e-07,1.1920929e-07,3.55,3.55,13.152002,9.4,5.8,13.0,204.34,916.85,2.695902473304528,1.5202689
1991-04-22,-3.2042489067194508e-09,1084.2564446398032,1.4141569184674934,1.1920928955078125e-07,1.1920929e-07,1.1920929e-07,0.0,13.248,8.01,3.71,12.31,324.02,793.96,2.562827927061813,1.4052216
1991-04-23,-2.957031619089235e-09,1081.1914280157619,1.384827013320128,1.1920928955078125e-07,1.1920929e-07,1.1920929e-07,0.0,13.248,7.73,0.13,15.33,488.0,613.11,2.4017330903245884,1.3230449
1991-04-24,-2.218642952793771e-09,1077.5099982789477,1.7994676402500986,1.1920928955078125e-07,1.1920929e-07,1.1920929e-07,0.0,13.331445,11.795,4.45,19.14,470.23,836.2,2.2215685983859,1.2819566
1991-04-25,2.55038061186347e-10,1073.6592068089674,1.8633036109403487,1.1920928955078125e-07,1.1920929e-07,1.1920929e-07,0.0,13.343997,12.395,3.97,20.82,506.96,812.9,2.047560660856681,1.2079976
1991-04-26,5.428659072529514e-09,1070.1426772203108,2.0481448813325436,1.1920928955078125e-07,1.1920929e-07,0.83,0.83,13.343997,13.975,7.41,20.54,425.45,1032.77,1.9005909602965882,1.1833445
1991-04-27,1.2284819069585817e-08,1066.884967748268,2.2991151088138095,1.1920928955078125e-07,1.1920929e-07,1.1920929e-07,0.0,13.439992,15.8,11.5,20.1,312.42,1359.95,1.7738683937233124,1.1751268
1991-04-28,1.9795891509497315e-08,1063.8074309703102,2.7632553658965917,1.1920928955078125e-07,1.1920929e-07,7.31,7.31,13.439992,18.92,14.57,23.27,232.15,1660.9,1.6619253722729115,1.3148272
1991-04-29,2.6934249849406093e-08,1060.8314194639083,2.9614033833916396,1.1920928955078125e-07,1.1920929e-07,2.69,2.69,13.439992,20.145,16.06,24.23,253.46,1817.25,1.5603986251845798,1.2326505
1991-04-30,3.267226754645419e-08,1057.8782858065338,2.7260394380012567,1.1920928955078125e-07,1.1920929e-07,7.62,7.62,13.536,18.665,15.3,22.03,187.35,1735.21,1.4657842482202685,1.569575
1991-05-01,3.598231805778369e-08,1054.8693825756573,2.2998910775012464,1.1920928955078125e-07,1.1920929e-07,1.1920929e-07,0.0,13.536,15.875,7.34,24.41,512.06,1038.95,1.3752812570657156,1.3476979
1991-05-02,3.583677484053665e-08,1051.7260623487505,2.5987876794347105,1.1920928955078125e-07,1.1920929e-07,1.1920929e-07,0.0,13.542794,17.95,10.77,25.13,463.6,1301.75,1.286697665579964,1.2326505
1991-05-03,3.1208011351855154e-08,1048.3696777032837,2.3061184720355183,1.1920928955078125e-07,1.1920929e-07,1.1920929e-07,0.0,13.632003,15.905,8.15,23.66,494.27,1096.56,1.1983993056839481,1.1504738
1991-05-04,2.0499141758779535e-08,1044.7321090508656,2.659495359966008,1.1920928955078125e-07,1.1920929e-07,1.1920929e-07,0.0,13.632003,18.34,12.05,24.63,431.44,1403.97,1.1095324485155453,1.1093855
1991-05-05,-1.1379943511377823e-08,1041.0739921543084,2.6142488259285646,1.1920928955078125e-07,1.1920929e-07,1.1920929e-07,0.0,13.668831,18.065,12.92,23.21,375.45,1497.12,1.0268084786372926,1.0929501
1991-05-06,-6.32960975150856e-08,1037.5664701546727,2.74715755104989,1.1920928955078125e-07,1.1920929e-07,4.88,4.88,13.728,18.885,14.92,22.85,228.14,1704.61,0.9532881360060376,1.2655212
1991-05-07,-1.2517985245036298e-07,1034.2487913003215,2.304294716444138,1.1920928955078125e-07,1.1920929e-07,9.65,9.65,13.728,16.0,8.17,23.83,380.77,1097.42,0.8885978816330188,1.2901742
1991-05-08,-1.869617405152291e-07,1031.1602038396175,2.1362006130266806,1.1920928955078125e-07,1.1920929e-07,1.1920929e-07,0.0,13.764828,14.76,5.6,23.92,547.1,908.46,0.8323265385276037,1.0436441
1991-05-09,-2.3857229390770317e-07,1028.3399560209236,2.4460953887234673,1.1920928955078125e-07,1.1920929e-07,1.1920929e-07,0.0,13.8239975,16.97,10.55,23.39,451.96,1283.81,0.7840624112289942,1.0025557
1991-05-10,-2.699420448258043e-07,1025.8272960926029,2.582804002184426,1.1920928955078125e-07,1.1920929e-07,1.85,1.85,13.8239975,17.92,12.49,23.35,386.19,1453.66,0.743424703160334,1.0107734
1991-05-11,-2.710015254675518e-07,1023.6614723030177,2.8033051149358266,1.1920928955078125e-07,1.1920929e-07,1.1920929e-07,0.0,13.830791,19.33,13.84,24.82,410.62,1592.18,0.7100907328225703,0.97790277
1991-05-12,-2.3168126803096463e-07,1021.8817329005312,2.991063969130975,1.1920928955078125e-07,1.1920929e-07,1.1920929e-07,0.0,13.919997,20.355,15.56,25.15,371.99,1764.81,0.6838207008318196,1.0189911
1991-05-13,-1.4898484107620495e-07,1020.2996434977216,3.150750003505292,1.1920928955078125e-07,1.1920929e-07,4.3,4.3,13.919997,21.275,14.28,28.27,354.32,1638.12,0.6612851960185925,1.2244328
1991-05-14,-7.690261082293135e-08,1018.0199967992411,3.3067997202313935,1.1920928955078125e-07,1.1920929e-07,1.1920929e-07,0.0,13.919997,22.15,15.6,28.7,448.71,1775.57,0.6301132533750414,1.0765148
1991-05-15,-3.500287663989251e-08,1017.2725449451585,3.2672621371110804,1.1920928955078125e-07,1.1920929e-07,7.05,7.05,14.016,21.835,14.77,28.9,349.52,1684.26,0.6202159030597799,1.1176032
1991-05-16,-2.027488853369327e-08,1016.6989507147501,3.3435247129464,1.1920928955078125e-07,1.1920929e-07,1.1920929e-07,0.0,14.016,22.245,15.54,28.95,454.68,1760.8,0.6127262351899658,0.93681437
1991-05-17,-1.1608025719766116e-08,1012.3131131534248,3.2485186472650396,1.1920928955078125e-07,1.1920929e-07,1.1920929e-07,0.0,14.016,21.82,16.0,27.64,421.28,1818.43,0.5583695191413671,0.95324975
1991-05-18,-6.867478315572675e-09,1011.3719697585082,3.3738314811545083,1.1920928955078125e-07,1.1920929e-07,6.03,6.03,14.099442,22.39,15.34,29.44,374.19,1747.61,0.5473488899832875,0.93681437
1991-05-19,-3.9965600684929375e-09,1015.1228246894682,2.5766248861103698,1.1920928955078125e-07,1.1920929e-07,8.46,8.46,14.111998,17.71,8.79,26.63,408.05,1146.87,0.592608517137413,0.9696851
1991-05-20,-2.386738294736832e-09,1029.2032012120474,1.6245271551262688,1.1920928955078125e-07,1.1920929e-07,22.43,22.43,14.111998,10.0,7.9,12.1,144.03,1072.37,0.7985305185260454,2.6625252
1991-05-21,-1.432003102229496e-09,1047.4287349421882,1.958650098630571,1.1920928955078125e-07,1.1920929e-07,17.71,17.71,14.111998,12.695,9.26,16.13,223.79,1181.02,1.1747512978012558,2.9008377
1991-05-22,-8.575182755152378e-10,1053.7002328368583,2.669519011269571,1.1920928955078125e-07,1.1920929e-07,2.76,2.76,14.207997,17.565,11.37,23.76,421.07,1349.84,1.3416420496998747,2.1283765
1991-05-23,-5.002804639277796e-10,1050.7588441884443,3.1696137857557227,1.1920928955078125e-07,1.1920929e-07,1.1920929e-07,0.0,14.207997,20.52,13.49,27.55,481.13,1550.55,1.260605488491113,1.6270987
1991-05-24,-2.942617632862085e-10,1046.2141023666056,3.2899765374861336,1.1920928955078125e-07,1.1920929e-07,1.1920929e-07,0.0,14.207997,21.235,14.59,27.88,464.43,1667.48,1.1449135090113631,1.3641332
1991-05-25,-1.6321745544257923e-10,1041.8168775840804,3.3510120409114523,1.1920928955078125e-07,1.1920929e-07,1.1920929e-07,0.0,14.207997,21.625,14.34,28.91,487.5,1643.29,1.0430933018942603,1.2079976
1991-05-26,-8.972196660497795e-11,1037.3849778822628,3.541143958575675,1.1920928955078125e-07,1.1920929e-07,1.1920929e-07,0.0,14.291445,22.555,15.53,29.58,474.31,1765.71,0.9496305187426304,1.1093855
1991-05-27,-5.0845588478086706e-11,1034.7035836732957,3.7410215316105724,1.1920928955078125e-07,1.1920929e-07,1.1920929e-07,0.0,14.304,23.545,17.68,29.41,418.36,2027.01,0.8971991469020406,1.0354264
1991-05-28,-2.6508754823597174e-11,1035.4294348215058,3.888900152172311,1.1920928955078125e-07,1.1920929e-07,10.93,10.93,14.304,24.215,18.79,29.64,293.02,2175.44,0.9110996216017994,1.0765148
1991-05-29,-1.5303713866688212e-11,1036.9258235908057,3.794137992389487,1.1920928955078125e-07,1.1920929e-07,1.1920929e-07,0.0,14.304,23.755,17.04,30.47,450.38,1953.13,0.9404397127631192,1.0107734
1991-05-30,-8.095957182166694e-12,1033.0869638727243,3.871316616943829,1.1920928955078125e-07,1.1920929e-07,1.1920929e-07,0.0,14.304,24.175,16.82,31.53,468.96,1925.25,0.8669973454764615,0.92037904
1991-05-31,-4.535535706239575e-12,1027.8980213994087,4.099381356243104,1.1920928955078125e-07,1.1920929e-07,1.1920929e-07,0.0,14.387447,25.175,18.72,31.63,430.96,2164.34,0.7767572800070026,0.8628554
1991-06-01,-2.5414546318024245e-12,1022.4353700816796,4.2173341445641634,1.1920928955078125e-07,1.1920929e-07,1.1920929e-07,0.0,14.4000025,25.76,19.69,31.83,412.3,2288.07,0.6918868607449649,0.84642
1991-06-02,-1.4320817096493244e-12,1019.4326377477822,3.8709285634114936,1.1920928955078125e-07,1.1920929e-07,3.78,3.78,14.4000025,24.29,17.99,30.59,372.82,2069.17,0.6492520394139983,0.8792907
1991-06-03,-8.575798890014121e-13,1023.6127106617859,3.570499981356108,1.1920928955078125e-07,1.1920929e-07,11.82,11.82,14.4000025,22.8,16.25,29.35,336.31,1844.58,0.7093577085935203,1.2573035
1991-06-04,-5.151717666074989e-13,1025.1843820635136,3.4320254940351482,1.1920928955078125e-07,1.1920929e-07,1.1920929e-07,0.0,14.4000025,22.085,16.66,27.51,398.33,1892.34,0.7333695976883786,1.0025557
1991-06-05,-3.096072918731597e-13,1021.2847222897201,2.628635711371296,1.1920928955078125e-07,1.1920929e-07,1.1920929e-07,0.0,14.4000025,17.605,9.77,25.44,512.65,1224.02,0.6752279602337218,0.82998466
1991-06-06,-1.8505982654736414e-13,1018.1386185526438,2.401456293424274,1.1920928955078125e-07,1.1920929e-07,1.1920929e-07,0.0,14.4368305,16.11,9.57,22.65,472.15,1205.37,0.6316984352146854,0.772461
1991-06-07,-7.42156076160155e-14,1015.14487436765,2.365947266830119,1.1920928955078125e-07,1.1920929e-07,1.1920929e-07,0.0,14.496003,15.845,8.81,22.88,495.91,1145.61,0.5928853527714433,0.7395903
1991-06-08,3.4482236433894447e-14,1012.1635193509203,2.3942501638635187,1.1920928955078125e-07,1.1920929e-07,1.1920929e-07,0.0,14.496003,16.09,8.27,23.91,520.25,1107.7,0.556603083310516,0.72315496
1991-06-09,1.1111991259305987e-13,1009.0923960305096,2.65545638297252,1.1920928955078125e-07,1.1920929e-07,1.1920929e-07,0.0,14.496003,17.865,9.53,26.2,527.18,1204.59,0.5215485314670585,0.70671964
1991-06-10,1.2578362785217496e-13,1005.8293469344728,2.936643187353596,1.1920928955078125e-07,1.1920929e-07,1.1920929e-07,0.0,14.496003,19.62,10.75,28.49,531.11,1300.48,0.4867190499923543,0.6656313
1991-06-11,7.344061443085392e-14,1002.2797673526154,3.156475981786784,1.1920928955078125e-07,1.1920929e-07,1.1920929e-07,0.0,14.496003,20.915,13.05,28.78,494.95,1511.0,0.4514672008470232,0.6491959
1991-06-12,1.965170132911474e-14,998.4829933337703,3.5181360993497117,1.1920928955078125e-07,1.1920929e-07,1.1920929e-07,0.0,14.496003,22.86,17.18,28.54,395.67,1957.2,0.4165816664578089,0.6409783
1991-06-13,-1.843595811639677e-14,994.5843441925194,3.4923742111331633,1.1920928955078125e-07,1.1920929e-07,1.1920929e-07,0.0,14.496003,22.8,15.96,29.64,450.06,1813.01,0.3835632281727721,0.61632526
1991-06-14,-2.812021349260614e-14,990.7316469603875,3.385256099471773,1.1920928955078125e-07,1.1920929e-07,1.1920929e-07,0.0,14.496003,22.325,14.2,30.45,497.14,1629.12,0.3535057507183196,0.58345455
1991-06-15,-1.6764475085377878e-14,986.8467311195013,3.6729150253194454,1.1920928955078125e-07,1.1920929e-07,1.1920929e-07,0.0,14.496003,23.82,16.57,31.07,459.5,1895.48,0.3255814299302853,0.5752369
1991-06-16,-9.650864236972899e-15,982.7218315395837,3.947304441738944,1.1920928955078125e-07,1.1920929e-07,1.1920929e-07,0.0,14.502797,25.16,18.44,31.88,431.04,2128.63,0.2983425440624387,0.61632526
1991-06-17,-5.786599474971579e-15,987.0941587451623,3.745377486524563,1.1920928955078125e-07,1.1920929e-07,14.81,14.81,14.532827,24.115,17.33,30.9,328.8,1985.39,0.3272922201778275,0.6327606
1991-06-18,-3.486437464646512e-15,994.3941068810587,3.622730525425226,1.1920928955078125e-07,1.1920929e-07,8.52,8.52,14.532827,23.4,17.98,28.82,285.53,2063.25,0.38202078774055465,0.6574136
1991-06-19,-2.106237698356161e-15,1007.0521764482651,3.3229142029230343,1.1920928955078125e-07,1.1920929e-07,23.11,23.11,14.57945,21.62,16.76,26.48,263.46,1918.8,0.49949023368820444,1.9804585
1991-06-20,-1.274172365403935e-15,1014.2623632657358,3.4956466311461956,1.1920928955078125e-07,1.1920929e-07,0.06,0.06,14.57945,22.375,18.32,26.43,298.08,2103.15,0.581905700306342,0.95324975
1991-06-21,-7.702632007670377e-16,1009.9827233649494,3.736828570147159,1.1920928955078125e-07,1.1920929e-07,1.1920929e-07,0.0,14.57945,23.615,18.69,28.54,349.59,2162.49,0.5314773209256402,0.7560257
1991-06-22,-4.3234960840824064e-16,1005.9344598002382,3.860707602787144,1.1920928955078125e-07,1.1920929e-07,0.52,0.52,14.57945,24.26,18.98,29.54,364.96,2198.84,0.4878038962577142,0.69850194
1991-06-23,-1.6975487047524004e-16,1002.7747301407926,3.51813021092458,1.1920928955078125e-07,1.1920929e-07,0.28,0.28,14.57945,22.685,18.01,27.36,340.1,2066.17,0.45622523680905264,0.6656313
1991-06-24,-2.819322646508774e-17,1001.2440169979361,2.89715241295557,1.1920928955078125e-07,1.1920929e-07,4.74,4.74,14.57945,19.37,15.2,23.54,243.03,1727.58,0.4416705740924262,0.7395903
1991-06-25,-1.1088928070376434e-17,1000.8012790313204,2.8043352618237756,1.1920928955078125e-07,1.1920929e-07,1.1920929e-07,0.0,14.532827,18.88,14.14,23.62,367.79,1618.0,0.4375480718118443,0.6409783
1991-06-26,-4.62696352656907e-18,998.4173593623605,2.9560269361411873,1.1920928955078125e-07,1.1920929e-07,1.1920929e-07,0.0,14.502797,19.85,14.95,24.75,375.39,1702.46,0.41600293456101045,0.59988993
1991-06-27,-8.796713454194154e-19,994.9461250792334,2.946961902295806,1.1920928955078125e-07,1.1920929e-07,1.1920929e-07,0.0,14.496003,19.865,13.71,26.02,442.38,1574.53,0.386513744772078,0.58345455
1991-06-28,-2.8005725913918463e-19,991.3075244102369,3.3940491684883276,1.1920928955078125e-07,1.1920929e-07,1.1920929e-07,0.0,14.496003,22.36,14.64,30.08,492.33,1671.29,0.3578441386950269,0.5670192
1991-06-29,-1.0497078885898269e-19,987.2325726038359,3.843658791951165,1.1920928955078125e-07,1.1920929e-07,1.1920929e-07,0.0,14.496003,24.615,16.84,32.39,484.71,1869.78,0.3282531738852109,0.5423662
1991-06-30,1.5657233762394134e-20,982.856108388168,4.192040399084776,1.1920928955078125e-07,1.1920929e-07,1.1920929e-07,0.0,14.496003,26.24,19.89,32.59,420.24,2317.8,0.2991922810059189,0.59167224
1991-07-01,4.5132347308433895e-20,978.413990357171,4.121011631999578,1.1920928955078125e-07,1.1920929e-07,1.1920929e-07,0.0,14.496003,26.015,19.15,32.88,442.13,2212.78,0.2723252395378448,0.5670192
1991-07-02,2.7031966322597577e-20,973.3292933003706,4.197933790948218,1.1920928955078125e-07,1.1920929e-07,1.1920929e-07,0.0,14.496003,26.44,19.55,33.33,440.88,2256.16,0.24452000692658174,0.50949556
1991-07-03,1.6301759134396818e-20,977.8647896886457,3.9848467697635246,1.1920928955078125e-07,1.1920929e-07,16.52,16.52,14.496003,25.425,18.99,31.86,318.48,2197.98,0.2691757090769894,0.6902843
1991-07-04,9.847220513424593e-21,984.7012409458272,3.9135513287033,1.1920928955078125e-07,1.1920929e-07,5.63,5.63,14.496003,24.98,19.35,30.61,318.25,2246.35,0.311116847380948,0.59167224
1991-07-05,5.9414242352334505e-21,988.6855152994281,3.8754845545682883,1.1920928955078125e-07,1.1920929e-07,9.97,9.97,14.496003,24.735,19.24,30.23,290.04,2233.98,0.3385122370726047,0.5752369
1991-07-06,3.5806317436408005e-21,989.6484683577755,3.6457747267409184,1.1920928955078125e-07,1.1920929e-07,1.1920929e-07,0.0,14.483447,23.655,16.85,30.46,452.44,1930.74,0.3454875948376468,0.5505839
1991-07-07,2.152075952821044e-21,985.5178781304238,3.9767807606502474,1.1920928955078125e-07,1.1920929e-07,1.1920929e-07,0.0,14.406797,25.36,18.39,32.33,450.53,2126.42,0.31654515678304024,0.4930602
1991-07-08,1.2576094813848089e-21,981.104439040003,4.137191638554339,1.1920928955078125e-07,1.1920929e-07,1.1920929e-07,0.0,14.4000025,26.155,19.19,33.12,447.05,2224.26,0.28829492452080524,0.46018952
1991-07-09,7.379737564240884e-22,976.6126839514544,3.8017353046555966,1.1920928955078125e-07,1.1920929e-07,1.1920929e-07,0.0,14.4000025,24.73,17.75,31.71,456.88,2036.47,0.2621307083256038,0.42731884
1991-07-10,3.7529865754861387e-22,972.073680529908,3.621641770041816,1.1920928955078125e-07,1.1920929e-07,1.1920929e-07,0.0,14.4000025,23.955,17.22,30.69,453.41,1973.09,0.23810261982482378,0.41910118
1991-07-11,1.7087746590623939e-22,970.5107230017147,3.6633070741601075,1.1920928955078125e-07,1.1920929e-07,5.27,5.27,14.4000025,24.185,18.35,30.02,310.03,2120.25,0.2303492074380936,0.5341486
1991-07-12,1.0001476103003339e-22,974.5732582769504,3.817410323647134,1.1920928955078125e-07,1.1920929e-07,9.93,9.93,14.4000025,24.84,19.56,30.12,286.53,2268.97,0.2510484118232256,0.4930602
1991-07-13,5.826171567616698e-23,980.0044895049588,3.916064941929299,1.1920928955078125e-07,1.1920929e-07,7.74,7.74,14.310795,25.305,20.39,30.22,270.91,2388.55,0.2816557993428415,0.8792907
1991-07-14,3.4278864288983624e-23,979.2614894454367,3.7472744385498022,1.1920928955078125e-07,1.1920929e-07,1.1920929e-07,0.0,14.304,24.545,19.16,29.93,394.59,2226.59,0.27725790215140345,0.5341486
1991-07-15,2.0123068079278597e-23,975.2861459403947,3.2902323508902405,1.1920928955078125e-07,1.1920929e-07,1.1920929e-07,0.0,14.304,22.335,15.3,29.37,480.22,1741.22,0.25486796018177355,0.45197186
1991-07-16,1.1739282943085028e-23,971.7083837409442,3.3236838236434725,1.1920928955078125e-07,1.1920929e-07,1.1920929e-07,0.0,14.304,22.575,15.77,29.38,470.37,1791.25,0.23626742836650372,0.41910118
1991-07-17,6.88151361915443e-24,968.1015440849072,3.264115928079795,1.1920928955078125e-07,1.1920929e-07,1.1920929e-07,0.0,14.304,22.325,15.23,29.42,481.82,1729.66,0.21888952838689266,0.40266582
1991-07-18,3.480670779490296e-24,963.8278860592919,3.435827627197037,1.1920928955078125e-07,1.1920929e-07,1.1920929e-07,0.0,14.207997,23.415,17.5,29.33,426.39,2006.07,0.1999457317547285,0.39444816
1991-07-19,1.3567767439852955e-24,960.0854314808238,3.6854844593964664,1.1920928955078125e-07,1.1920929e-07,1.1920929e-07,0.0,14.207997,24.72,19.08,30.36,404.91,2209.01,0.1847080248033311,0.40266582
1991-07-20,6.920879701451739e-25,957.8411171791543,3.9091405981359713,1.1920928955078125e-07,1.1920929e-07,4.77,4.77,14.207997,25.81,19.4,32.22,322.88,2251.31,0.17613294489409048,0.4930602
1991-07-21,3.3621012062731073e-25,954.5986063976188,4.081638971702445,1.1920928955078125e-07,1.1920929e-07,0.36,0.36,14.207997,26.645,20.14,33.15,426.47,2358.33,0.16444214898070472,0.4930602
1991-07-22,1.2868093387001575e-25,950.511451513192,4.075837228032247,1.1920928955078125e-07,1.1920929e-07,1.1920929e-07,0.0,14.118794,26.81,19.67,33.95,450.64,2287.05,0.15080506040680627,0.40266582
1991-07-23,7.123043194202057e-26,946.0443674094984,4.233623497831017,1.1920928955078125e-07,1.1920929e-07,1.1920929e-07,0.0,14.111998,27.59,20.99,34.19,422.6,2490.94,0.1371904133694043,0.36157748
1991-07-24,4.141847506036923e-26,942.2583656918746,4.145074830051258,1.1920928955078125e-07,1.1920929e-07,1.47,1.47,14.111998,27.28,20.92,33.64,406.61,2474.5,0.12661839566953198,0.3287068
1991-07-25,2.4887668856573235e-26,948.1395565192415,3.7942085864405897,1.1920928955078125e-07,1.1920929e-07,16.39,16.39,14.111998,25.58,19.01,32.15,319.83,2206.06,0.14341584903772944,0.37801284
1991-07-26,1.4996511517310357e-26,957.0275538468871,3.5692357302854303,1.1920928955078125e-07,1.1920929e-07,8.85,8.85,14.016,24.45,19.22,29.68,272.99,2235.48,0.17312378108775722,0.6574136
1991-07-27,9.03544329113987e-27,964.2447650282836,3.2972468216072253,1.1920928955078125e-07,1.1920929e-07,13.26,13.26,14.016,22.925,18.8,27.05,230.6,2177.83,0.20171906914264834,1.1504738
1991-07-28,5.4284570470150424e-27,969.9113877247446,2.8660501686094277,1.1920928955078125e-07,1.1920929e-07,3.68,3.68,14.016,20.4,16.8,24.0,213.45,1920.73,0.22744349052445048,0.58345455
1991-07-29,3.243563471099355e-27,979.7177126425574,2.7762326339836547,1.1920928955078125e-07,1.1920929e-07,17.2,17.2,14.003442,19.7,17.41,21.99,144.79,1991.09,0.2799501298214089,1.0765148
1991-07-30,1.942193528959452e-27,987.869209202235,2.7035456207245434,1.1920928955078125e-07,1.1920929e-07,5.41,5.41,13.919997,19.21,16.49,21.93,172.91,1869.38,0.33270955600665203,0.9696851
1991-07-31,1.1597525144729808e-27,986.8506842118635,3.130616088201923,1.1920928955078125e-07,1.1920929e-07,1.1920929e-07,0.0,13.919997,21.74,17.24,26.24,357.61,1964.52,0.32560869240005136,0.6574136
1991-08-01,6.6653674067164355e-28,983.4229822441256,3.4219077602743337,1.1920928955078125e-07,1.1920929e-07,1.1920929e-07,0.0,13.919997,23.35,17.57,29.13,422.83,2017.95,0.30280635591194466,0.5588016
1991-08-02,3.8467390955649437e-28,979.6051065914287,3.5266562139875717,1.1920928955078125e-07,1.1920929e-07,1.1920929e-07,0.0,13.8239975,24.07,17.77,30.37,442.69,2037.21,0.27928320787714095,0.50949556
1991-08-03,1.550271060115728e-28,975.5682977816396,3.6746647169527864,1.1920928955078125e-07,1.1920929e-07,1.1920929e-07,0.0,13.8239975,24.87,17.45,32.29,476.85,2001.01,0.25639569137096374,0.47662488
1991-08-04,-2.2692364997970186e-29,971.5747250816348,3.8204017928017375,1.1920928955078125e-07,1.1920929e-07,1.1920929e-07,0.0,13.8239975,25.635,18.5,32.77,460.71,2141.19,0.2355994894123721,0.4355365
1991-08-05,-9.825575982892396e-29,968.0161582974486,3.468595891221972,1.1920928955078125e-07,1.1920929e-07,0.86,0.86,13.728,24.11,16.72,31.5,475.1,1915.44,0.21849400849245193,0.40266582
1991-08-06,-6.478787309898484e-29,964.410676748399,3.305691995012408,1.1920928955078125e-07,1.1920929e-07,1.1920929e-07,0.0,13.728,23.33,17.88,28.78,400.97,2050.23,0.20242919899932915,0.39444816
1991-08-07,-3.666043692529065e-29,960.5088446910654,3.4183412671850997,1.1920928955078125e-07,1.1920929e-07,1.1920929e-07,0.0,13.728,23.99,18.89,29.09,380.79,2191.25,0.18637201020935032,0.41088352
1991-08-08,-2.1696689194937042e-29,961.4835728350968,3.4915594008030015,1.1920928955078125e-07,1.1920929e-07,10.24,10.24,13.632003,24.47,19.05,29.89,296.89,2208.47,0.190259824727589,0.47662488
1991-08-09,-1.2636073552814287e-29,966.2405501505126,3.499914052071881,1.1920928955078125e-07,1.1920929e-07,6.69,6.69,13.632003,24.425,19.52,29.33,277.38,2265.89,0.2104291660969043,0.4355365
1991-08-10,-7.515053708236023e-30,967.0936348010862,3.3522904297580656,1.1920928955078125e-07,1.1920929e-07,2.55,2.55,13.632003,23.65,19.15,28.15,308.17,2228.03,0.214266045127661,0.5177132
1991-08-11,-4.44524641700063e-30,964.770840167936,2.8190291907173326,1.1920928955078125e-07,1.1920929e-07,1.1920929e-07,0.0,13.536,20.805,13.57,28.04,488.3,1565.01,0.2039793742077969,0.41088352
1991-08-12,-2.3018026766910352e-30,961.3203246731741,2.79914863704174,1.1920928955078125e-07,1.1920929e-07,1.1920929e-07,0.0,13.536,20.745,14.0,27.49,465.97,1611.24,0.18960308213048302,0.36979514
1991-08-13,-8.850469097068565e-31,958.3003529839189,2.574437281365467,1.1920928955078125e-07,1.1920929e-07,1.1920929e-07,0.0,13.536,19.37,14.72,24.02,371.26,1680.92,0.1778545783875642,0.37801284
1991-08-14,-4.067899101100457e-31,957.3603947417419,2.6484030034447135,1.1920928955078125e-07,1.1920929e-07,3.52,3.52,13.439992,19.99,16.18,23.8,237.73,1836.55,0.1743486105292445,0.40266582
1991-08-15,-2.4082302115668773e-31,960.9383413284418,2.7069756971104084,1.1920928955078125e-07,1.1920929e-07,8.66,8.66,13.439992,20.3,15.59,25.01,282.34,1768.01,0.1880752187461864,0.47662488
1991-08-16,-1.4391383945868056e-31,962.6087279434925,2.848564612857383,1.1920928955078125e-07,1.1920929e-07,1.1920929e-07,0.0,13.350795,21.26,14.0,28.52,485.92,1610.67,0.19484858399106467,0.41910118
1991-08-17,-8.577878596480265e-32,959.3473879295619,2.9343357261607945,1.1920928955078125e-07,1.1920929e-07,1.1920929e-07,0.0,13.343997,21.84,13.95,29.73,498.49,1603.01,0.18184300242895715,0.36157748
1991-08-18,-5.062570148116114e-32,956.1732729609424,3.069484519882957,1.1920928955078125e-07,1.1920929e-07,1.1920929e-07,0.0,13.343997,22.68,15.1,30.26,483.47,1715.66,0.17001933188367807,0.33692446
1991-08-19,-2.676265356175755e-32,952.9643567710148,3.2617767717020247,1.1920928955078125e-07,1.1920929e-07,1.1920929e-07,0.0,13.248,23.93,17.33,30.53,444.35,1987.14,0.1588473173944703,0.33692446
1991-08-20,2.015984602859904e-33,950.089737714715,3.0332283786269905,1.1920928955078125e-07,1.1920929e-07,8.11,8.11,13.248,22.71,16.01,29.41,338.16,1818.91,0.14946400737966486,0.36979514
1991-08-21,2.980042745355474e-32,947.455928670467,2.496288066064232,1.1920928955078125e-07,1.1920929e-07,1.1920929e-07,0.0,13.248,19.405,12.77,26.04,463.11,1481.0,0.14135414267155283,0.34514216
1991-08-22,4.859961013404842e-32,944.9211811269525,2.4339822104070996,1.1920928955078125e-07,1.1920929e-07,1.1920929e-07,0.0,13.152002,19.145,11.37,26.92,497.07,1349.86,0.1339651127577443,0.29583612
1991-08-23,5.042246778806242e-32,942.3437465728545,2.5450288563294365,1.1920928955078125e-07,1.1920929e-07,1.1920929e-07,0.0,13.152002,19.95,11.69,28.21,503.35,1378.73,0.1268475882890725,0.28761846
1991-08-24,3.11950721324174e-32,939.674116389401,2.7200864177087136,1.1920928955078125e-07,1.1920929e-07,1.1920929e-07,0.0,13.0560055,21.265,13.32,29.21,487.53,1538.68,0.11987389559114141,0.2794008
1991-08-25,8.452971155462088e-33,937.5326991588254,2.8811069486294385,1.1920928955078125e-07,1.1920929e-07,1.1920929e-07,0.0,13.0560055,22.3,16.39,28.21,410.3,1857.82,0.11455814921676212,0.2711831
1991-08-26,-9.802074403034293e-33,936.5476812147974,2.7498031304751076,1.1920928955078125e-07,1.1920929e-07,1.1920929e-07,0.0,13.0560055,21.51,17.21,25.81,325.49,1971.31,0.11219278563416553,0.26296544
1991-08-27,-1.7941290055138854e-32,937.3057828893769,2.8584056671434883,1.1920928955078125e-07,1.1920929e-07,10.1,10.1,12.959997,22.295,18.71,25.88,205.17,2161.42,0.11400886289868128,0.29583612
1991-08-28,-1.2299284931412519e-32,939.7664985118959,3.1493583511774865,1.1920928955078125e-07,1.1920929e-07,2.81,2.81,12.959997,23.945,19.71,28.18,274.3,2289.29,0.12010869011153137,0.3862305
1991-08-29,-3.777004483311345e-33,940.1965812706179,3.1775280029334922,1.1920928955078125e-07,1.1920929e-07,6.85,6.85,12.863992,24.225,18.18,30.27,295.95,2091.5,0.12120783901510414,0.41088352
1991-08-30,3.234950249970361e-33,938.5487845835609,3.387379533733121,1.1920928955078125e-07,1.1920929e-07,1.1920929e-07,0.0,12.863992,25.39,18.33,32.45,425.16,2112.4,0.11705038105990291,0.33692446
1991-08-31,6.637688699375308e-33,935.6381293251281,3.466997562819623,1.1920928955078125e-07,1.1920929e-07,1.1920929e-07,0.0,12.863992,25.86,19.09,32.63,409.7,2213.66,0.11005203477116089,0.30405378
1991-09-01,4.849595384160837e-33,932.2822550845228,3.0771179379686795,1.1920928955078125e-07,1.1920929e-07,1.1920929e-07,0.0,12.767997,23.94,19.02,28.86,335.42,2207.48,0.10250093041680146,0.2794008
1991-09-02,1.8242430472561124e-33,929.1302132433759,2.2304819205754054,1.1920928955078125e-07,1.1920929e-07,1.1920929e-07,0.0,12.767997,18.455,13.63,23.28,351.94,1560.07,0.09588100273300211,0.25474778
1991-09-03,-5.90640924755719e-34,926.4403139621572,2.1580184645161804,1.1920928955078125e-07,1.1920929e-07,1.1920929e-07,0.0,12.672003,18.075,12.88,23.27,375.19,1493.53,0.09057086569479798,0.25474778
1991-09-04,-1.698259370677168e-33,924.4261499993762,2.3816492047425446,1.1920928955078125e-07,1.1920929e-07,1.1920929e-07,0.0,12.672003,19.78,13.17,26.39,431.76,1521.7,0.08678815889201075,0.25474778
1991-09-05,-1.0496837725598928e-33,923.1656033170502,2.618309915019908,1.1920928955078125e-07,1.1920929e-07,3.96,3.96,12.65945,21.445,15.72,27.17,299.4,1774.8,0.08450158663332996,0.2711831
1991-09-06,3.251541340734325e-34,922.0349041065189,2.8484732106935784,1.1920928955078125e-07,1.1920929e-07,6.34,6.34,12.576003,23.045,18.34,27.75,244.12,2105.7,0.08250185287513263,0.37801284
1991-09-07,1.884146900461392e-33,920.8346479527384,2.6813765405013754,1.1920928955078125e-07,1.1920929e-07,4.72,4.72,12.576003,22.015,16.31,27.72,293.88,1852.34,0.08043085686245786,0.6327606
1991-09-08,3.233634474781597e-33,919.45664220779,2.5067451281850133,1.1920928955078125e-07,1.1920929e-07,1.1920929e-07,0.0,12.479998,21.01,13.93,28.09,434.41,1586.57,0.07811718633122063,0.41910118
1991-09-09,3.979956805211658e-33,917.792694223755,2.3902552496608993,1.1920928955078125e-07,1.1920929e-07,1.1920929e-07,0.0,12.479998,20.225,12.12,28.33,461.41,1418.36,0.07541194497795407,0.28761846
1991-09-10,3.7294538399291864e-33,915.734611352715,2.306313399266426,1.1920928955078125e-07,1.1920929e-07,1.1920929e-07,0.0,12.383997,19.785,12.5,27.07,438.12,1456.21,0.07219516179193557,0.25474778
1991-09-11,1.9371724888765273e-33,913.226746132306,2.705920000005429,1.1920928955078125e-07,1.1920929e-07,1.1920929e-07,0.0,12.383997,22.585,15.88,29.29,405.26,1790.05,0.06846026158175969,0.2465301
1991-09-12,-2.0211634244992612e-33,910.4963836576546,2.670078823381428,1.1920928955078125e-07,1.1920929e-07,1.1920929e-07,0.0,12.383997,22.405,14.63,30.18,435.5,1670.31,0.06461335468067125,0.23831244
1991-09-13,-7.233444630219443e-33,907.6124750289678,2.8022038045264615,1.1920928955078125e-07,1.1920929e-07,1.1920929e-07,0.0,12.288,23.44,16.61,30.27,396.15,1879.79,0.06078460147124963,0.21365942
1991-09-14,-1.2613835357562264e-32,904.6077657287365,3.076049246835486,1.1920928955078125e-07,1.1920929e-07,1.1920929e-07,0.0,12.288,25.145,18.41,31.88,381.22,2117.2,0.05703659974799788,0.2465301
1991-09-15,-1.7076499835805984e-32,901.5150012394513,2.9180434527364416,1.1920928955078125e-07,1.1920929e-07,1.1920929e-07,0.0,12.191998,24.41,17.55,31.27,386.64,2015.65,0.053419973927820975,0.25474778
1991-09-16,-1.9535602294228842e-32,898.3669270436031,3.068669940905463,1.1920928955078125e-07,1.1920929e-07,1.1920929e-07,0.0,12.191998,25.365,17.45,33.28,412.87,2003.31,0.04997409399359655,0.2465301
1991-09-17,-1.8905306962109106e-32,895.196288623683,3.1243424993197295,1.1920928955078125e-07,1.1920929e-07,1.1920929e-07,0.0,12.096003,25.89,18.34,33.44,398.19,2114.47,0.04672815366546619,0.23009476
1991-09-18,-1.409787903266063e-32,892.0358969101899,3.09941073700965,1.1920928955078125e-07,1.1920929e-07,1.1920929e-07,0.0,12.096003,25.81,19.88,31.74,340.16,2318.66,0.04370252920300469,0.20544176
1991-09-19,-1.355250717736032e-33,889.0436465517106,2.564155310824453,1.1920928955078125e-07,1.1920929e-07,9.07,9.07,12.096003,22.525,17.31,27.74,240.23,1985.63,0.04101863777039243,0.20544176
1991-09-20,1.887644954705481e-32,886.3587938428323,1.6529019841316233,1.1920928955078125e-07,1.1920929e-07,0.64,0.64,12.000009,15.285,8.7,21.87,385.52,1139.39,0.0387510618700392,0.2465301
1991-09-21,4.185781604069355e-32,884.0027566189235,1.3587081467500035,1.1920928955078125e-07,1.1920929e-07,1.1920929e-07,0.0,12.000009,12.15,4.19,20.11,448.65,834.55,0.036864700908982806,0.19722408
1991-09-22,6.284944304216186e-32,881.996952715353,1.3570080580250385,1.1920928955078125e-07,1.1920929e-07,1.1920929e-07,0.0,11.903997,12.295,3.6,20.99,462.4,795.45,0.0353312965060265,0.18900642
1991-09-23,7.711192483044144e-32,880.3627999674894,1.5844939035817827,1.1920928955078125e-07,1.1920929e-07,1.1920929e-07,0.0,11.903997,14.835,7.41,22.26,422.44,1032.68,0.03412928632527468,0.19722408
1991-09-24,7.990585568451397e-32,879.1217162107012,1.747870798751829,1.1920928955078125e-07,1.1920929e-07,1.1920929e-07,0.0,11.903997,16.475,11.3,21.65,330.01,1343.88,0.033243797789536185,0.20544176
1991-09-25,6.649182988336111e-32,878.295119280357,1.8492685744855946,1.1920928955078125e-07,1.1920929e-07,1.04,1.04,11.808002,17.565,14.61,20.52,200.18,1657.0,0.03266682077377197,0.23009476
1991-09-26,2.641140741191253e-32,877.6966162020805,1.514589841221181,1.1920928955078125e-07,1.1920929e-07,2.0,2.0,11.808002,14.28,8.07,20.49,375.19,1088.78,0.0322553170062708,0.26296544
1991-09-27,-4.939573516995946e-32,876.777481019836,1.3421992267697884,1.1920928955078125e-07,1.1920929e-07,1.1920929e-07,0.0,11.712,12.475,4.29,20.66,433.61,837.16,0.031633431428401346,0.23831244
1991-09-28,-1.4270303447508113e-31,875.5559888561847,1.3085121104119606,1.1920928955078125e-07,1.1920929e-07,1.1920929e-07,0.0,11.712,12.09,2.04,22.14,463.5,713.25,0.030825487256430965,0.19722408
1991-09-29,-2.339657824587579e-31,874.086234875433,1.5454847851127216,1.1920928955078125e-07,1.1920929e-07,1.1920929e-07,0.0,11.615997,14.945,4.17,25.72,462.12,827.34,0.029880638017377233,0.18900642
1991-09-30,-3.0363927107629497e-31,872.422314241887,1.7255163133790272,1.1920928955078125e-07,1.1920929e-07,1.1920929e-07,0.0,11.615997,16.795,7.11,26.48,437.49,1015.8,0.02884587171284461,0.18078874
1991-10-01,-3.321787922829975e-31,870.6183221198529,1.8227864131217755,1.1920928955078125e-07,1.1920929e-07,1.1920929e-07,0.0,11.615997,17.745,9.17,26.32,407.4,1174.81,0.027764443233915987,0.17257108
1991-10-02,-3.0003963803417105e-31,868.7283536736372,1.7744061403769364,1.1920928955078125e-07,1.1920929e-07,1.1920929e-07,0.0,11.520002,17.47,9.01,25.93,400.36,1162.81,0.026674935905248637,0.17257108
1991-10-03,-1.6705773398706226e-31,866.82580090493,1.9684832868788205,1.1920928955078125e-07,1.1920929e-07,1.1920929e-07,0.0,11.520002,19.255,12.16,26.35,352.15,1412.49,0.025621351737587072,0.18078874
1991-10-04,2.4163339091664364e-31,865.1185827324932,2.0122940352644445,1.1920928955078125e-07,1.1920929e-07,1.1920929e-07,0.0,11.424,19.805,11.35,28.26,384.92,1347.68,0.024711411418792715,0.18078874
1991-10-05,8.726365553787742e-31,863.617103326469,2.0546379034805873,1.1920928955078125e-07,1.1920929e-07,1.1920929e-07,0.0,11.424,20.19,12.18,28.2,367.03,1414.66,0.023937876898380478,0.18078874
1991-10-06,1.6152620492520497e-30,862.2797581121279,1.6126746087929076,1.1920928955078125e-07,1.1920929e-07,14.77,14.77,11.340561,16.265,8.83,23.7,266.64,1149.09,0.02326931277461117,0.36157748
1991-10-07,2.358820162389191e-30,861.0649425147407,1.0487173330794028,1.1920928955078125e-07,1.1920929e-07,1.1920929e-07,0.0,11.328006,9.38,2.51,16.25,349.27,732.39,0.022678202026869564,0.23009476
1991-10-08,2.992621184642917e-30,859.9310519595782,0.9479239745577488,1.1920928955078125e-07,1.1920929e-07,1.1920929e-07,0.0,11.328006,7.83,-1.69,17.35,415.87,541.68,0.022140024741588004,0.19722408
1991-10-09,3.405975405865951e-30,858.8364818719112,1.0913717994302987,1.1920928955078125e-07,1.1920929e-07,1.1920929e-07,0.0,11.232,10.18,-0.2,20.56,422.34,604.55,0.021632628291853414,0.18900642
1991-10-10,3.488193115911011e-30,857.7396276770105,1.2482996661938222,1.1920928955078125e-07,1.1920929e-07,1.1920929e-07,0.0,11.232,12.335,1.59,23.08,419.15,688.09,0.0211358375769722,0.20544176
1991-10-11,3.1285846046308143e-30,856.5988848001467,1.3497554910167013,1.1920928955078125e-07,1.1920929e-07,1.1920929e-07,0.0,11.136005,13.755,4.96,22.55,376.88,879.22,0.02063126755507856,0.2218771
1991-10-12,2.2004575657351143e-30,855.3729083005436,1.2411617475937509,1.1920928955078125e-07,1.1920929e-07,1.1920929e-07,0.0,11.136005,12.425,4.46,20.39,355.37,845.5,0.020102418316707563,0.21365942
1991-10-13,-1.3016325421061169e-30,854.0664123903688,1.139437041581881,1.1920928955078125e-07,1.1920929e-07,1.1920929e-07,0.0,11.136005,11.085,3.58,18.59,342.31,793.88,0.019553747957812142,0.20544176
1991-10-14,-7.888064402260286e-30,852.7117618455479,0.9714591766540824,1.1920928955078125e-07,1.1920929e-07,1.1920929e-07,0.0,11.039997,8.74,-1.02,18.5,393.63,569.33,0.019000662826886783,0.20544176
1991-10-15,-1.6379037816984614e-29,851.3246153694206,1.1648785424126376,1.1920928955078125e-07,1.1920929e-07,1.1920929e-07,0.0,11.039997,11.625,4.45,18.8,321.76,835.71,0.01845051800612424,0.19722408
1991-10-16,-2.5594752588536333e-29,849.9206316653268,1.2502720784598278,1.1920928955078125e-07,1.1920929e-07,1.1920929e-07,0.0,10.944003,12.925,7.65,18.2,253.01,1055.99,0.01790991366990671,0.21365942
1991-10-17,-3.435540851917266e-29,848.5154694366059,1.19684777147809,1.1920928955078125e-07,1.1920929e-07,1.1920929e-07,0.0,10.944003,12.25,6.62,17.88,267.72,977.28,0.017384715190209322,0.21365942
1991-10-18,-4.148120541115082e-29,847.124787386598,1.2311545937232693,1.1920928955078125e-07,1.1920929e-07,1.1920929e-07,0.0,10.944003,12.73,2.77,22.69,378.55,749.67,0.016880094327448043,0.20544176
1991-10-19,-4.579234306672803e-29,845.7642442186424,1.4944504074933793,1.1920928955078125e-07,1.1920929e-07,1.1920929e-07,0.0,10.848,16.06,5.04,27.08,382.42,887.44,0.016400587366346645,0.19722408
1991-10-20,-4.610902128816153e-29,844.4494986360789,1.287434441468026,1.1920928955078125e-07,1.1920929e-07,1.1920929e-07,0.0,10.848,13.645,4.2,23.09,356.27,828.94,0.01595016650984804,0.19722408
1991-10-21,-4.125143987770853e-29,843.1962093422475,0.894573147274438,1.1920928955078125e-07,1.1920929e-07,1.1920929e-07,0.0,10.752,8.045,0.29,15.8,324.19,617.84,0.01553232141931215,0.20544176
1991-10-22,-3.003979863762629e-29,842.0200350404874,1.1122723576902593,1.1920928955078125e-07,1.1920929e-07,1.1920929e-07,0.0,10.752,11.485,1.82,21.15,358.88,705.8,0.015150148444512785,0.2218771
1991-10-23,-8.222597463190754e-08,840.8554113030972,1.350727103285092,1.1920928955078125e-07,1.1920929e-07,1.1920929e-07,0.0,10.752,14.64,4.83,24.45,351.59,869.65,0.014780994638883964,0.23009476
1991-10-24,-3.0843465933031186e-07,839.6327545442145,1.5702949358523905,1.1920928955078125e-07,1.1920929e-07,1.1920929e-07,0.0,10.655997,17.3,10.39,24.21,273.46,1271.39,0.014403120437750671,0.2218771
1991-10-25,-6.393180076031918e-07,838.3696103977009,1.5534360177862614,1.1920928955078125e-07,1.1920929e-07,1.1920929e-07,0.0,10.655997,17.145,9.91,24.38,278.57,1233.0,0.014022875769160004,0.23831244
1991-10-26,-1.0355448449471085e-06,837.0835457863468,1.542180561724291,1.1920928955078125e-07,1.1920929e-07,1.1920929e-07,0.0,10.649202,17.06,8.99,25.13,297.29,1162.84,0.013646043092637016,0.2465301
1991-10-27,-1.4577839968586223e-06,835.7921276329429,1.564871592874613,1.1920928955078125e-07,1.1920929e-07,1.1920929e-07,0.0,10.56,17.47,8.72,26.22,309.36,1140.78,0.013277831214215406,0.25474778
1991-10-28,-1.8667042888342948e-06,834.5129228602798,1.5634112976449561,1.1920928955078125e-07,1.1920929e-07,1.1920929e-07,0.0,10.56,17.48,9.53,25.43,289.47,1198.65,0.012922897459136069,0.25474778
1991-10-29,-2.2229745463706865e-06,833.263498391148,1.1230828755455486,1.1920928955078125e-07,1.1920929e-07,1.1920929e-07,0.0,10.463997,12.24,2.83,21.65,329.25,735.02,0.012585387683923364,0.2465301
1991-10-30,-2.487263594964358e-06,832.0614211483382,0.9065914251852567,1.1920928955078125e-07,1.1920929e-07,1.1920929e-07,0.0,10.463997,8.88,-2.59,20.35,360.87,491.06,0.012268990760211047,0.2465301
1991-10-31,-2.62024026011187e-06,830.924258054641,1.1414293613990902,1.1920928955078125e-07,1.1920929e-07,1.1920929e-07,0.0,10.463997,12.545,2.04,23.05,340.07,685.18,0.011977004638110888,0.2465301
1991-11-01,-2.582573367309784e-06,829.869576032847,1.035681458552379,1.1920928955078125e-07,1.1920929e-07,1.1920929e-07,0.0,10.367997,11.16,1.35,20.97,326.87,664.92,0.01171241168459293,0.25474778
1991-11-02,-2.3349317420546586e-06,828.9149420057466,0.9713958525328278,1.1920928955078125e-07,1.1920929e-07,1.1920929e-07,0.0,10.367997,10.165,3.39,16.94,256.84,780.5,0.011477961658514644,0.25474778
1991-11-03,-1.8379842098430587e-06,828.0779228961308,0.7747053083733703,1.1920928955078125e-07,1.1920929e-07,1.1920929e-07,0.0,10.367997,6.67,-0.31,13.65,264.61,598.32,0.011276261406638564,0.25474778
1991-11-04,-1.0523995961715404e-06,827.3760856267897,0.6310011214554857,1.1920928955078125e-07,1.1920929e-07,1.1920929e-07,0.0,10.272,3.725,-1.78,9.23,221.85,538.37,0.011109871134915614,0.25474778
1991-11-05,6.04559661755201e-08,826.8266511262813,0.4608373960636477,1.1920928955078125e-07,1.1920929e-07,1.1920929e-07,0.0,10.272,-0.86,-7.77,6.05,267.15,339.01,0.010981327452792667,0.2465301
1991-11-06,1.1520157374376606e-06,826.2868792866939,0.5152314658385726,3.2980162441641407e-07,1.1920929e-07,1.1920929e-07,0.0,10.272,0.76,-8.37,9.89,313.35,328.82,0.010856492784768152,0.25474778
1991-11-07,1.7347919280688246e-06,825.6621672051232,0.6465415827946229,8.674034877919963e-07,1.1920929e-07,1.1920929e-07,0.0,10.176,4.26,-4.0,12.52,289.8,444.22,0.010713784323258368,0.26296544
1991-11-08,1.554836133852615e-06,825.0003624395621,0.6876848490170278,7.774241107148151e-07,1.1920929e-07,1.1920929e-07,0.0,10.176,5.2,-0.55,10.95,223.79,589.55,0.010564648202398835,0.26296544
1991-11-09,1.5521412643727743e-05,825.0421683523904,0.5096473357851918,4.443823741673381e-06,0.00013136744,2.1798687,2.18,10.176,0.76,-2.67,4.19,138.84,507.38,0.010574007332305629,0.2794008
1991-11-10,3.18891225624161e-05,840.7709259250637,0.5539481963081866,1.594686023804145e-05,1.1920929e-07,27.69,27.69,10.08,1.84,-0.23,3.91,70.67,595.87,0.014754567684751868,0.61632526
1991-11-11,1.924672407303553e-05,863.4920861200703,0.6307989864926543,9.624288127483765e-06,1.1920929e-07,17.08,17.08,10.08,3.365,0.88,5.85,82.27,650.24,0.023874572925830798,1.0272088
1991-11-12,1.1553120679824892e-05,869.2521539356887,0.6769588172946661,5.776894026405682e-06,1.1920929e-07,1.1920929e-07,0.0,10.08,4.32,-0.89,9.53,213.71,577.89,0.02697253454176239,0.5177132
1991-11-13,6.956684793597337e-06,868.5096450351192,0.7621585047728194,3.4784633854569136e-06,1.1920929e-07,1.1920929e-07,0.0,9.996555,6.25,0.32,12.18,236.29,622.02,0.026551649780885814,0.40266582
1991-11-14,4.116802472150845e-06,867.6624727319617,0.8592085493625967,2.0584436062319037e-06,1.1920929e-07,1.1920929e-07,0.0,9.984,8.125,-0.06,16.31,287.34,609.94,0.026079453026905505,0.36979514
1991-11-15,2.1220667983970527e-06,866.6525584346267,1.0577083651717172,1.061044657117268e-06,1.1920929e-07,1.1920929e-07,0.0,9.984,11.405,1.61,21.2,304.5,687.21,0.02552750692762569,0.34514216
1991-11-16,1.0511317088771274e-06,865.4809440774696,1.2287158085149865,5.255686166332372e-07,1.1920929e-07,1.1920929e-07,0.0,9.984,13.835,4.99,22.68,281.91,880.61,0.024901807307279297,0.33692446
1991-11-17,5.929992274014256e-07,864.2552009493531,1.0055644322936246,2.9650049282092207e-07,1.1920929e-07,1.1920929e-07,0.0,9.888002,10.8,2.74,18.86,271.57,751.23,0.024263609613192322,0.3287068
1991-11-18,2.8843959097901053e-07,863.293969322927,0.7903837393116878,1.4422000348299938e-07,1.1920929e-07,1.1920929e-07,0.0,9.888002,7.065,0.09,14.04,253.4,616.95,0.023774596770922224,0.32048914
1991-11-19,1.5699288307358234e-07,862.7193022880874,0.8729732144292464,1.1920928955078125e-07,1.1920929e-07,0.86,0.86,9.888002,8.61,3.56,13.66,195.79,793.57,0.02348696330948031,0.3287068
1991-11-20,7.952234520750883e-08,861.6439088817312,1.2226593958508836,1.1920928955078125e-07,1.1920929e-07,1.01,1.01,9.881208,13.995,8.84,19.15,189.87,1146.94,0.022958021557408774,0.33692446
1991-11-21,3.3041279953881724e-08,861.43830230874,1.455364803999258,1.1920928955078125e-07,1.1920929e-07,0.87,0.87,9.792,17.015,13.34,20.69,131.5,1531.44,0.022858256938166586,0.34514216
1991-11-22,1.8516003871096335e-08,865.8849139811139,1.4545555170369682,1.1920928955078125e-07,1.1920929e-07,11.21,11.21,9.792,16.92,14.31,19.53,78.78,1640.25,0.025115795428264417,0.40266582
1991-11-23,1.105009528632444e-08,876.4934233261116,1.11552790993072,1.1920928955078125e-07,1.1920929e-07,11.09,11.09,9.792,12.385,5.72,19.05,181.98,912.74,0.03144367458923648,0.5670192
1991-11-24,6.579449546616898e-09,879.422296329271,0.949480564688832,1.1920928955078125e-07,1.1920929e-07,1.1920929e-07,0.0,9.792,9.775,3.19,16.36,243.92,767.57,0.03345612445703863,0.45197186
1991-11-25,3.943416698576766e-09,878.6864447302577,0.5773086331353907,1.1920928955078125e-07,1.1920929e-07,1.1920929e-07,0.0,9.695997,2.37,-2.49,7.23,200.64,507.05,0.03293871282446612,0.37801284
1991-11-26,6.612643423670877e-06,878.1372755276348,0.47174859046619555,1.1920928955078125e-07,1.1920929e-07,1.1920929e-07,0.0,9.695997,-0.56,-6.29,5.17,231.67,383.03,0.03255778753712959,0.34514216
1991-11-27,1.1180237538667279e-05,877.6479929737906,0.42867349204471566,1.1920928955078125e-07,1.1920929e-07,1.1920929e-07,0.0,9.695997,-1.92,-9.72,5.88,279.55,296.73,0.032222114420195326,0.33692446
1991-11-28,1.0562857500429983e-05,877.0708384197593,0.5644311273893416,5.281699185124788e-06,1.1920929e-07,1.1920929e-07,0.0,9.695997,2.065,-6.23,10.36,282.89,386.53,0.031830602754343906,0.33692446
1991-11-29,8.917815362993061e-06,876.2987940167478,0.9181356852395212,4.45910650007352e-06,1.1920929e-07,1.1920929e-07,0.0,9.6892,9.47,-0.8,19.74,297.88,579.49,0.03131431545989269,0.34514216
1991-11-30,5.943711992853272e-06,875.9390496806334,1.1561649587374427,2.971944315707245e-06,1.1920929e-07,1.1920929e-07,0.0,9.600003,13.29,5.47,21.11,262.38,912.65,0.031076612963153265,0.34514216
1991-12-01,3.504290262323781e-06,885.1237702416691,1.2714428346078486,1.752175831287494e-06,1.1920929e-07,16.71,16.71,9.600003,14.665,11.25,18.08,106.35,1340.0,0.03775050619290275,0.45197186
1991-12-02,2.0920549419827545e-06,899.1777156089883,1.2150342207594653,1.0460384127260775e-06,1.1920929e-07,14.0,14.0,9.600003,13.67,10.92,16.42,88.8,1313.26,0.05083973431963847,0.80533165
1991-12-03,1.237887918028195e-06,913.7850340293076,1.2199955790044303,6.189477899303414e-07,1.1920929e-07,18.1,18.1,9.600003,13.475,8.29,18.66,154.69,1103.37,0.06927462364696277,1.742146
1991-12-04,7.506893278367554e-07,934.8171042698509,0.8124344085814827,3.75346072754545e-07,1.1920929e-07,25.97,25.97,9.600003,6.72,-2.42,15.86,217.08,517.65,0.10815474295523787,1.7585814
1991-12-05,1.5368381780087748,945.8283374019137,0.4219526211197174,1.1920928955078125e-07,1.1920929e-07,1.1920929e-07,0.0,9.593208,-3.05,-8.43,2.33,228.7,320.26,0.13656409516506476,0.7642433
1991-12-06,1.5444452044068957,945.2175134137226,0.5409940609026799,1.1920928955078125e-07,1.1920929e-07,1.1920929e-07,0.0,9.516553,0.625,-6.57,7.82,268.7,360.94,0.13480861217767867,0.59167224
1991-12-07,0.5998031485167509,945.3874003421157,0.7423536725819218,0.5983171462479234,1.1920929e-07,1.1920929e-07,0.0,9.503997,5.33,-3.16,13.82,283.57,489.78,0.1352945823875776,0.5259309
1991-12-08,0.2226765661528542,944.788943162236,0.9455293868937815,0.20099398315327385,1.1920929e-07,1.1920929e-07,0.0,9.503997,9.055,0.52,17.59,277.32,633.3,0.13359040712723846,0.4930602
1991-12-09,0.09461412181805542,943.7046577371182,1.2149550711900552,0.06815419308379989,1.1920929e-07,1.1920929e-07,0.0,9.503997,13.05,7.03,19.07,220.69,1002.42,0.1305572719780406,0.46840718
1991-12-10,0.0464797027046936,946.0773602148006,0.9901400017792642,0.028545581250819012,1.1920929e-07,6.31,6.31,9.503997,9.755,2.61,16.9,185.61,743.85,0.13728631924023207,0.4930602
1991-12-11,0.024576921677657654,948.0679770013986,0.7486543978236704,0.013790968205016896,1.1920929e-07,1.1920929e-07,0.0,9.503997,5.415,-3.12,13.95,272.54,487.91,0.14319857533773145,0.46840718
1991-12-12,0.013571778495110856,946.8761547986431,0.8332399952313716,0.007245666660747009,1.1920929e-07,1.1920929e-07,0.0,9.503997,7.065,0.01,14.12,242.98,601.11,0.13962888605149432,0.4355365
1991-12-13,0.007480331434565774,945.0979509747264,1.0181586086894128,0.003879988920477803,1.1920929e-07,1.1920929e-07,0.0,9.503997,10.21,5.34,15.08,185.18,907.43,0.13446764464522093,0.42731884
1991-12-14,0.004313254564346443,946.4153776933739,1.1698207553930284,0.002203130485128416,1.1920929e-07,6.98,6.98,9.503997,12.395,8.15,16.64,121.42,1092.12,0.1382727633052109,0.4437542
1991-12-15,0.00240845897816779,947.4464440305298,0.6952278059485302,0.0012187304747519644,1.1920929e-07,1.1920929e-07,0.0,9.503997,4.31,-3.27,11.89,256.82,483.94,0.1413257480429079,0.4437542
1991-12-16,0.0029782605355189876,946.9697702454706,0.5227281541898082,1.1920928955078125e-07,1.1920929e-07,1.1920929e-07,0.0,9.497203,0.13,-4.6,4.86,193.68,433.0,0.13990602901999405,0.40266582
1991-12-17,0.004325045721526279,946.2774512885952,0.5819758989816982,0.002209197926292816,1.1920929e-07,1.1920929e-07,0.0,9.467175,1.75,-4.62,8.12,237.91,440.0,0.13786939640693358,0.39444816
1991-12-18,0.0025720638096128766,945.5295726196964,0.6446730858073297,0.001302569773697674,1.1920929e-07,1.1920929e-07,0.0,9.420558,3.345,-3.56,10.25,247.2,475.59,0.13570261965544222,0.3862305
1991-12-19,0.001263521504601532,944.8112810112576,0.41686578686020576,1.1920928955078125e-07,1.1920929e-07,1.1920929e-07,0.0,9.420558,-2.95,-8.91,3.01,230.3,307.89,0.1336536293553372,0.36979514
1991-12-20,5.40100157395639e-05,944.1760195457562,0.4133408241629704,1.1920928955078125e-07,1.1920929e-07,1.1920929e-07,0.0,9.420558,-3.06,-11.66,5.54,275.01,258.0,0.1318672852286621,0.35335982
1991-12-21,-0.0007377252553359337,943.5335200709093,0.6043498569328419,1.1920928955078125e-07,1.1920929e-07,1.1920929e-07,0.0,9.420558,2.42,-4.79,9.63,248.7,436.26,0.1300848716398303,0.42731884
1991-12-22,-0.000791265376868171,942.7935206877223,0.6889492385047613,1.1920928955078125e-07,1.1920929e-07,1.1920929e-07,0.0,9.420558,4.38,-2.9,11.66,246.11,499.95,0.12806180847765708,0.39444816
1991-12-23,-0.0003871284926947848,942.627618258234,0.788794381500759,1.1920928955078125e-07,1.1920929e-07,0.02,0.02,9.420558,6.43,-0.97,13.83,245.4,569.25,0.12761258756160956,0.3862305
1991-12-24,-2.9068306333030164e-05,943.1945654183767,0.8461094756154464,1.1920928955078125e-07,1.1920929e-07,3.1,3.1,9.467175,7.42,2.46,12.38,139.55,737.41,0.1291542765618171,0.39444816
1991-12-25,0.00019984495193083908,943.7478486221517,0.6001029691407165,0.00010002229709704042,1.1920929e-07,1.1920929e-07,0.0,9.467175,2.24,-4.01,8.49,224.64,440.0,0.13067676492341757,0.37801284
1991-12-26,0.00021827194611645287,943.5489250098614,0.5490442970970115,9.153923544342235e-05,1.1920929e-07,1.1920929e-07,0.0,9.497203,0.895,-6.55,8.34,251.61,375.02,0.1301273246077389,0.36157748
1991-12-27,0.00013972627355525252,942.8288255166926,0.6183956370222075,6.991194534848942e-05,1.1920929e-07,1.1920929e-07,0.0,9.503997,2.64,-4.14,9.42,238.41,447.42,0.1281576087099376,0.36157748
1991-12-28,8.368699739156845e-05,942.2331404007672,0.6213592308572798,4.1861007478593406e-05,1.1920929e-07,1.1920929e-07,0.0,9.503997,2.72,-1.54,6.98,170.65,551.51,0.12655076130664605,0.39444816
1991-12-29,5.05064121772881e-05,952.8130659951017,0.6525324159480211,2.5259583332686042e-05,1.1920929e-07,21.73,21.73,9.503997,3.28,0.18,6.38,99.06,615.58,0.15833910284343744,1.0929501
1991-12-30,3.0467186304782966e-05,961.8878862223371,0.7768054179568076,1.5235913775976857e-05,1.1920929e-07,0.11,0.11,9.503997,5.755,1.94,9.57,160.46,700.08,0.19189617616483143,0.81354934
1991-12-31,1.590759905500355e-05,961.0936988962542,0.641337647792519,7.954432156769677e-06,1.1920929e-07,1.1920929e-07,0.0,9.503997,2.895,-1.6,7.39,186.99,548.43,0.18869512949906192,0.59167224
1992-01-01,0.00013250614311872922,960.284198446632,0.4740198425900835,1.1920928955078125e-07,1.1920929e-07,1.1920929e-07,0.0,9.503997,-1.485,-6.56,3.59,223.34,375.63,0.18548730732643998,0.5259309
1992-01-02,0.0009316615128443261,959.3693021076604,0.6679360549822196,0.0004680007236625012,1.1920929e-07,1.1920929e-07,0.0,9.503997,3.525,-0.68,7.73,190.9,585.27,0.18192742780508928,0.4930602
1992-01-03,0.0006285688382857886,962.5498059856596,0.845928929270214,0.00031527216285192017,1.1920929e-07,11.89,11.89,9.503997,7.045,3.54,10.55,119.73,785.41,0.19460555735788704,3.2870681
1992-01-04,0.0003802568830220141,1002.0531125492912,1.0473870114779107,0.00019048992931814258,1.1920929e-07,66.9,66.9,9.503997,9.735,7.69,11.78,71.54,1055.18,0.44930498278509273,15.038336
1992-01-05,0.0002301928795027684,1034.3039227343277,1.0164570583329149,0.00011522891159732265,1.1920929e-07,1.1920929e-07,0.0,9.563178,8.675,5.11,12.24,160.17,886.86,0.8896361475263285,3.2952857
1992-01-06,0.00013928793169880376,1032.319610286834,0.7944826071513549,6.969246866135245e-05,1.1920929e-07,1.1920929e-07,0.0,9.600003,4.875,-0.16,9.91,216.22,601.37,0.8530195363030315,1.742146
1992-01-07,3.924064681591223e-05,1030.6509991376968,0.7238394195752904,1.9624172978813043e-05,1.1920929e-07,1.1920929e-07,0.0,9.600003,3.505,-2.27,9.28,240.94,512.75,0.823397665971845,1.2737389
1992-01-08,-8.859867816157126e-05,1028.9746066315236,0.6714029085137647,1.1920928955078125e-07,1.1920929e-07,1.1920929e-07,0.0,9.600003,2.415,-5.5,10.33,285.53,413.61,0.79467345409593,1.0518618
1992-01-09,-0.00021052439172721346,1027.3162873672868,0.8083907957156942,1.1920928955078125e-07,1.1920929e-07,1.1920929e-07,0.0,9.600003,5.21,-0.53,10.95,241.19,593.46,0.7672449408027131,0.93681437
1992-01-10,-0.00029283084237458133,1025.7018959439595,0.9221750708540816,1.1920928955078125e-07,1.1920929e-07,1.1920929e-07,0.0,9.600003,7.24,3.1,11.38,189.1,768.75,0.7414526944724327,0.84642
1992-01-11,-0.00030181237859724203,1024.1572869605143,0.708210963902978,1.1920928955078125e-07,1.1920929e-07,1.1920929e-07,0.0,9.6125555,3.255,-2.07,8.58,233.38,530.17,0.7175873631883514,0.7560257
1992-01-12,-0.0002107603829844472,1022.710078879644,0.7567221387081382,1.1920928955078125e-07,1.1920929e-07,1.1920929e-07,0.0,9.695997,4.135,-3.4,11.67,284.17,473.54,0.6959244505722839,0.69850194
1992-01-13,-0.00010854714897366399,1021.3995499460124,0.9746820090464169,1.1920928955078125e-07,1.1920929e-07,1.1920929e-07,0.0,9.695997,8.005,2.79,13.22,227.92,743.34,0.6768722395545115,0.6656313
1992-01-14,-3.0034547599477364e-05,1020.2114900182119,1.008065518835838,1.1920928955078125e-07,1.1920929e-07,5.44,5.44,9.695997,8.545,2.97,14.12,179.13,760.21,0.6600515990510052,0.8546377
1992-01-15,2.7304298339596376e-05,1019.1170835335973,0.5574682726974876,1.1920928955078125e-07,1.1920929e-07,1.1920929e-07,0.0,9.695997,-0.3,-7.58,6.98,288.27,343.31,0.6449270288709389,0.81354934
1992-01-16,6.599626604504127e-05,1018.0875149295232,0.4045950060679474,1.1920928955078125e-07,1.1920929e-07,1.1920929e-07,0.0,9.708552,-4.83,-11.22,1.56,274.81,261.58,0.6310150321956081,0.6656313
1992-01-17,8.856823271834115e-05,1017.0939686433442,0.41151863068185873,1.1920928955078125e-07,1.1920929e-07,1.1920929e-07,0.0,9.792,-4.7,-10.51,1.11,261.93,274.29,0.6178743928379655,0.5588016
1992-01-18,9.75470755609798e-05,1016.1076291124148,0.5829186030379342,1.1920928955078125e-07,1.1920929e-07,1.1920929e-07,0.0,9.792,0.245,-5.22,5.71,248.27,426.03,0.605099762139843,0.6656313
1992-01-19,9.54596717744413e-05,1015.0996807740897,0.46520675078422274,1.1920928955078125e-07,1.1920929e-07,1.1920929e-07,0.0,9.792,-2.96,-8.56,2.64,258.07,316.87,0.5923180823028693,0.58345455
1992-01-20,8.483289856020922e-05,1014.0413080657236,0.4747211714445262,1.1920928955078125e-07,1.1920929e-07,1.1920929e-07,0.0,9.792,-2.66,-9.73,4.41,295.5,296.27,0.5791874625458344,0.5423662
1992-01-21,6.819363311976769e-05,1012.9036954246709,0.7473644342287322,3.4108442488428486e-05,1.1920929e-07,1.1920929e-07,0.0,9.888002,3.8,-4.36,11.96,309.75,440.85,0.5653981658338354,0.5670192
1992-01-22,4.806875265460055e-05,1011.6580272882863,0.8014064057775971,2.4040152839643472e-05,1.1920929e-07,1.1920929e-07,0.0,9.888002,4.865,-3.26,12.99,311.31,484.0,0.5506753661857413,0.5505839
1992-01-23,-2.745756991050757e-06,1010.3231230575124,0.8352769267414016,1.1920928955078125e-07,1.1920929e-07,0.12,0.12,9.888002,5.51,0.41,10.61,242.02,633.03,0.5353231582610818,0.69850194
1992-01-24,-0.00014737314941160555,1009.0069138222098,0.7116535882656642,1.1920928955078125e-07,1.1920929e-07,16.17,16.17,9.900558,3.11,-2.51,8.73,198.0,514.74,0.5206050621602893,1.0436441
1992-01-25,-0.00036356024440511965,1007.711452029244,0.4976166359067744,1.1920928955078125e-07,1.1920929e-07,1.1920929e-07,0.0,9.984,-2.18,-8.06,3.7,279.42,339.6,0.5065141648058668,0.71493727
1992-01-26,-0.0006247144209096437,1006.4326031752831,0.5987288720390208,1.1920928955078125e-07,0.0024728966,2.757527,2.76,9.984,0.49,-4.75,5.73,215.97,440.0,0.4929780966527392,0.6656313
1992-01-27,-0.0009042430578632282,1005.1662327569951,0.625734866425822,1.1920928955078125e-07,1.1920929e-07,1.1920929e-07,0.0,9.984,1.15,-4.88,7.18,285.9,428.28,0.47993059875835553,0.62454295
1992-01-28,-0.001175553534203924,1003.9082062710476,0.7862713889797995,1.1920928955078125e-07,1.1920929e-07,1.1920929e-07,0.0,10.08,4.405,-1.63,10.44,285.13,549.29,0.467311007584863,0.59988993
1992-01-29,-0.0014120532288697816,1002.6543892141086,0.8904293008193068,1.1920928955078125e-07,1.1920929e-07,1.1920929e-07,0.0,10.08,6.305,-1.41,14.02,322.26,557.48,0.4550638157385142,0.58345455
1992-01-30,-0.001587149520798852,1001.4006470828461,0.8389721422529819,1.1920928955078125e-07,1.1920929e-07,1.1920929e-07,0.0,10.08,5.42,-2.49,13.33,329.12,508.47,0.44313829907195396,0.5670192
1992-01-31,-0.001674249788929185,1000.1428453739279,0.851499292338597,1.1920928955078125e-07,1.1920929e-07,1.1920929e-07,0.0,10.169206,5.53,-0.83,11.89,298.49,573.08,0.43148820164920404,0.5670192
1992-02-01,-0.0016467614121988324,998.8768495840219,0.7238647948246901,1.1920928955078125e-07,1.1920929e-07,1.1920929e-07,0.0,10.176,3.105,-2.19,8.4,269.65,527.55,0.42007147095927183,0.5423662
1992-02-02,-0.0014780917695458445,997.598525209796,0.6192129237736337,1.1920928955078125e-07,1.1920929e-07,1.1920929e-07,0.0,10.176,0.83,-6.2,7.86,320.57,388.08,0.4088500364933048,0.5259309
1992-02-03,-0.001141648239908271,996.303737747918,0.8596708279442468,1.1920928955078125e-07,1.1920929e-07,1.1920929e-07,0.0,10.235178,5.635,-3.41,14.68,348.07,480.0,0.39778962539884294,0.5177132
1992-02-04,-0.0007013263046376449,994.9609892015493,1.0026084690598938,1.1920928955078125e-07,1.1920929e-07,1.1920929e-07,0.0,10.272,7.955,-2.68,18.59,361.81,503.16,0.38663545386012677,0.50949556
1992-02-05,-0.00041649015040045884,993.5851041398711,0.9493180473375933,1.1920928955078125e-07,1.1920929e-07,1.1920929e-07,0.0,10.272,7.135,-2.51,16.78,353.18,516.71,0.37553038312715264,0.50949556
1992-02-06,-0.0002471668165311288,992.3920381314011,0.7259584214422923,1.1920928955078125e-07,1.1920929e-07,1.1920929e-07,0.0,10.331169,3.02,-3.98,10.02,312.47,457.76,0.3661594227228667,0.4930602
1992-02-07,-0.00015034096944579136,991.3570974892899,0.6548457420320747,1.1920928955078125e-07,1.1920929e-07,1.1920929e-07,0.0,10.367997,1.465,-6.06,8.99,329.28,388.14,0.35822007845322895,0.4930602
1992-02-08,-0.00010827075965342026,990.4484396918015,0.6792556221830298,1.1920928955078125e-07,1.1920929e-07,1.1920929e-07,0.0,10.367997,2.015,-4.05,8.08,290.71,440.0,0.35139153468211537,0.4930602
1992-02-09,-9.97192609121107e-05,989.610704240249,0.5163724058474516,1.1920928955078125e-07,1.1920929e-07,1.1920929e-07,0.0,10.457203,-2.055,-7.45,3.34,270.83,350.47,0.3452113535793606,0.47662488
1992-02-10,-0.0001036006283260984,988.775431185308,0.4833811071530804,1.1920928955078125e-07,1.1920929e-07,1.1920929e-07,0.0,10.463997,-2.985,-9.6,3.63,314.97,298.38,0.3391575566719773,0.46018952
1992-02-11,-9.8829016999619e-05,987.8741605776537,0.6221275022030103,1.1920928955078125e-07,1.1920929e-07,1.1920929e-07,0.0,10.463997,0.635,-7.42,8.69,350.18,347.41,0.33274445109737777,0.46840718
1992-02-12,-6.80288567416479e-05,986.805031807545,0.79150685313978,1.1920928955078125e-07,1.1920929e-07,1.1920929e-07,0.0,10.56,4.065,-3.2,11.33,329.94,485.16,0.32529398995746683,0.47662488
1992-02-13,0.00817348643032324,987.2951940990488,0.6242340874905153,1.1920928955078125e-07,0.0015312386,3.438469,3.44,10.56,0.56,-3.74,4.86,179.47,469.1,0.3286888571211042,0.48484254
1992-02-14,0.024334066322533713,989.112300986983,0.7044144917071353,0.013640136538670137,1.1920929e-07,2.12,2.12,10.56,2.3,-2.01,6.61,225.06,521.87,0.34158620335553097,0.4930602
1992-02-15,0.013877941226431847,993.657165629761,1.04478912526831,0.007419692444942244,1.1920929e-07,9.47,9.47,10.655997,8.045,2.0,14.09,223.32,707.69,0.37610401097775614,0.5670192
1992-02-16,0.007982619469893839,1003.5656871777447,0.9969686825179851,0.004150530728643073,1.1920929e-07,10.91,10.91,10.655997,7.17,3.05,11.29,167.38,763.92,0.46393295208150453,0.8875084
1992-02-17,0.004688974674200885,1008.1350987435203,0.7435092103168153,0.00239944347710543,1.1920929e-07,1.1920929e-07,0.0,10.668552,2.665,-3.95,9.28,328.89,459.32,0.51107974376731,0.6656313
1992-02-18,0.0027593942949150066,1009.049682773429,0.7862738534225202,0.001398731581884244,1.1920929e-07,4.25,4.25,10.752,3.365,-0.3,7.03,157.11,592.43,0.5210768906300672,0.6656313
1992-02-19,0.001629826810165628,1009.2012387031183,1.0446707094848153,0.0008215540966620987,1.1920929e-07,1.1920929e-07,0.0,10.752,7.665,3.06,12.27,255.57,765.07,0.5227523057541695,0.6738489
1992-02-20,0.0009638594890214382,1007.6352883787988,1.0712771779916421,0.0004842522893163348,1.1920929e-07,1.1920929e-07,0.0,10.848,7.94,1.73,14.15,322.96,700.23,0.5056976961622395,0.60810757
1992-02-21,0.0005331998344580004,1006.2116656130299,0.9000609457698088,0.0002673106707037604,1.1920929e-07,1.1920929e-07,0.0,10.848,5.3,-3.42,14.02,391.38,480.49,0.4906764862259108,0.5752369
1992-02-22,0.00030813661900509147,1004.4619294540908,1.1316873529483256,0.00015430567975465988,1.1920929e-07,1.1920929e-07,0.0,10.848,8.84,-1.37,19.05,408.41,554.23,0.472824140327025,0.5588016
1992-02-23,0.00017659212911165544,1002.0372035681271,1.134565652204431,8.837402648572796e-05,1.1920929e-07,1.1920929e-07,0.0,10.944003,8.78,0.8,16.76,372.93,637.83,0.4491536054486598,0.5588016
1992-02-24,0.00010429673393719953,1004.1494997117372,1.235437557755431,5.217556148790954e-05,1.1920929e-07,8.72,8.72,10.944003,10.08,6.97,13.19,136.52,997.72,0.4697054932483243,0.6902843
1992-02-25,6.200267863562607e-05,1009.7668060332174,1.116449473461855,3.1010950147900126e-05,1.1920929e-07,5.88,5.88,11.039997,8.275,5.19,11.36,139.11,896.45,0.529052219265031,0.81354934
1992-02-26,3.741109882998757e-05,1027.0009110252984,0.9624804319296169,1.870904839074214e-05,1.1920929e-07,26.72,26.72,11.039997,5.74,3.79,7.69,95.38,793.39,0.7621367886403462,6.327606
1992-02-27,2.2583730754456723e-05,1045.5559797371632,0.8935961719901397,1.1293140439459917e-05,1.1920929e-07,13.88,13.88,11.039997,4.35,-1.19,9.89,240.67,558.21,1.1290643415841946,3.9937878
1992-02-28,1.354907630543361e-05,1049.3202088289675,1.0854835630052064,6.774997096387928e-06,1.1920929e-07,1.1920929e-07,0.0,11.136005,7.115,0.59,13.64,357.97,639.84,1.222771664441129,2.0133293
1992-02-29,8.134134613593947e-06,1046.9116273850925,1.092198786367178,4.067232717161663e-06,1.1920929e-07,1.45,1.45,11.136005,7.245,0.45,14.04,357.44,635.85,1.1619545087147403,1.495616
1992-03-01,4.867813102972856e-06,1045.351718326267,0.926074075102902,2.4339657904974304e-06,1.1920929e-07,1.1920929e-07,0.0,11.232,4.63,-4.47,13.73,428.64,436.95,1.1241899962207178,1.2079976
1992-03-02,2.737911986082867e-06,1043.0126182419385,1.3676491102317043,1.3689747334465412e-06,1.1920929e-07,1.1920929e-07,0.0,11.232,10.675,-0.26,21.61,443.14,598.79,1.0698493471922075,1.0682971
1992-03-03,1.4020817164739004e-06,1040.3225213219825,1.8504064809491132,7.010457728197993e-07,1.1920929e-07,1.1920929e-07,0.0,11.232,15.595,6.12,25.07,416.47,936.52,1.010594102520488,0.9696851
1992-03-04,7.999281321929787e-07,1037.652946422548,1.5982282046781657,3.99965665809031e-07,1.1920929e-07,1.1920929e-07,0.0,11.328006,13.11,2.87,23.35,435.23,754.82,0.9550358459459404,0.8875084
1992-03-05,3.963111082284293e-07,1035.3223729841877,1.3264664520210705,1.9815594677045093e-07,1.1920929e-07,1.1920929e-07,0.0,11.328006,10.175,3.13,17.22,376.93,767.44,0.9090358641506672,0.82998466
1992-03-06,1.9069708065988713e-07,1033.0304861183113,1.5257708972809854,1.1920928955078125e-07,1.1920929e-07,1.1920929e-07,0.0,11.424,12.3,7.5,17.1,293.69,1039.84,0.8659608059316941,0.80533165
1992-03-07,1.1433294673338709e-07,1040.5514684900018,1.6374290715577537,1.1920928955078125e-07,1.1920929e-07,16.74,16.74,11.424,13.32,9.22,17.42,194.24,1177.53,1.015506753562606,2.3584714
1992-03-08,6.872917483958573e-08,1052.5834260480485,1.7429200733889785,1.1920928955078125e-07,1.1920929e-07,11.67,11.67,11.520002,14.01,9.55,18.47,211.12,1203.6,1.3102775347013123,2.8926198
1992-03-09,4.1304841238723554e-08,1055.3589907068956,1.5311239375869998,1.1920928955078125e-07,1.1920929e-07,1.1920929e-07,0.0,11.520002,11.88,3.85,19.91,422.52,802.5,1.3896178000567623,1.4627453
1992-03-10,2.476817412086588e-08,1051.3620185896636,1.6901427453113957,1.1920928955078125e-07,1.1920929e-07,1.1920929e-07,0.0,11.520002,13.53,7.3,19.76,365.81,1024.15,1.2768142465281438,1.3805686
1992-03-11,1.4907339853588725e-08,1059.2065931640489,1.0434218390435268,1.1920928955078125e-07,1.1920929e-07,17.79,17.79,11.615997,5.725,-3.92,15.37,353.0,458.76,1.5076099124496334,2.514607
1992-03-12,6.77698975217201e-05,1064.6673146534874,0.6811716441903698,1.1920928955078125e-07,1.1920929e-07,1.1920929e-07,0.0,11.615997,-0.645,-5.2,3.91,318.63,424.47,1.692471955356358,1.8243227
1992-03-13,-0.0014058441771060675,1062.2792541561705,0.764119363692623,1.1920928955078125e-07,1.1920929e-07,1.1920929e-07,0.0,11.712,0.93,-3.92,5.78,336.37,460.46,1.6089924639432536,1.5038337
1992-03-14,0.0012130675144766162,1059.9765680081816,0.7032981229156848,1.1920928955078125e-07,1.1920929e-07,1.1920929e-07,0.0,11.712,-0.24,-5.48,5.0,358.95,409.88,1.5323990953785227,1.2983918
1992-03-15,0.015184020163094482,1057.7336882740506,0.7626806714002659,0.0074511902473636555,1.1920929e-07,1.1920929e-07,0.0,11.712,0.965,-3.45,5.38,313.36,480.0,1.46130178781853,1.1833445
1992-03-16,0.009371853337074198,1055.5498200893348,0.7657654327182941,0.004342054953313271,1.1920929e-07,1.1920929e-07,0.0,11.808002,0.935,-5.56,7.43,419.25,414.29,1.3952459938627044,1.0682971
1992-03-17,0.005448930236300116,1052.6600418198448,0.8866759189376688,0.0027986738598593294,1.1920929e-07,1.1920929e-07,0.0,11.808002,3.13,-5.29,11.55,471.36,418.78,1.312405597010891,0.9943381
1992-03-18,0.0027785169803099816,1049.280112683772,1.4253131609123249,0.0014085576400918107,1.1920929e-07,1.1920929e-07,0.0,11.903997,10.315,2.03,18.6,458.81,705.3,1.2217336246334956,0.95324975
1992-03-19,0.0015287339475538978,1049.5765428062095,1.348039418872558,0.0007702094287002538,1.1920929e-07,6.37,6.37,11.903997,9.435,4.48,14.39,248.87,838.6,1.2294287094743181,1.0436441
1992-03-20,0.0008518178313316825,1048.700517020139,1.1366573241321605,0.000427722888741897,1.1920929e-07,1.1920929e-07,0.0,12.000009,6.685,0.07,13.3,412.19,617.81,1.2068266677816406,0.92859674
1992-03-21,0.00048053145416161893,1046.4513098947173,0.9740799306138603,0.0002408430021660827,1.1920929e-07,1.1920929e-07,0.0,12.000009,4.38,-1.08,9.84,367.16,560.0,1.150680417403637,0.84642
1992-03-22,0.0002527002079216509,1044.8495094189805,0.923135076760155,0.00012650974736358114,1.1920929e-07,1.98,1.98,12.000009,3.6,-2.68,9.88,414.56,502.8,1.1122949338498556,0.82176703
1992-03-23,0.00010126167608564846,1043.6113876655415,0.877687420674609,5.065647285824294e-05,1.1920929e-07,1.1920929e-07,0.0,12.096003,2.75,-2.03,7.53,349.23,531.46,1.0835042804334707,0.82998466
1992-03-24,4.789426793230383e-05,1041.8685623876368,0.8333232614322463,2.3952801516289632e-05,1.1920929e-07,1.1920929e-07,0.0,12.096003,2.01,-5.96,9.98,484.0,394.4,1.0442358492153234,0.772461
1992-03-25,2.848584098414391e-05,1039.8999287842596,0.9782342112188178,1.4244949099899671e-05,1.1920929e-07,1.1920929e-07,0.0,12.191998,4.3,-3.97,12.57,485.94,458.09,1.0015886244663565,0.7395903
1992-03-26,1.718353515514733e-05,1047.1698857832778,1.15202640938182,8.59250576227292e-06,1.1920929e-07,16.51,16.51,12.191998,6.67,1.12,12.22,284.62,655.29,1.1683280732920627,1.0929501
1992-03-27,1.0371268186089352e-05,1053.788933639311,1.1138007328500432,5.185903001053904e-06,1.1920929e-07,2.22,2.22,12.288,5.94,2.0,9.88,267.25,701.97,1.3441650812131412,1.1011678
1992-03-28,6.240352353432765e-06,1052.2663171417262,1.1045300340194129,3.1202735317100883e-06,1.1920929e-07,1.1920929e-07,0.0,12.288,5.835,1.27,10.4,327.21,674.62,1.3015062247995364,0.92037904
1992-03-29,3.7067637858196683e-06,1049.8065318008855,1.2053743976759166,1.8534162431542397e-06,1.1920929e-07,1.1920929e-07,0.0,12.288,7.205,1.54,12.87,384.97,683.05,1.23543241084457,0.8546377
1992-03-30,1.8729442732235069e-06,1047.3997598906578,1.451733538048175,9.364809064123797e-07,1.1920929e-07,0.31,0.31,12.383997,10.01,5.3,14.72,336.0,903.96,1.174030543379529,0.82998466
1992-03-31,7.713282743153466e-07,1045.0380021804028,1.4716464499209565,3.8566562452594017e-07,1.1920929e-07,0.19,0.19,12.383997,10.26,4.64,15.88,389.91,857.89,1.1167446500439653,0.81354934
1992-04-01,4.323830866941983e-07,1042.762683655135,1.097458948627604,2.1619201073493332e-07,1.1920929e-07,1.1920929e-07,0.0,12.479998,5.64,-1.9,13.18,480.07,533.44,1.0642006231179595,0.772461
1992-04-02,2.60998262188968e-07,1040.7008238153421,0.9469795433743216,1.3049930139471618e-07,1.1920929e-07,1.1920929e-07,0.0,12.479998,3.455,-2.7,9.61,435.8,503.73,1.0187244204915664,0.747808
1992-04-03,1.3499096217456562e-07,1038.8111142015402,0.7786351172339441,1.1920928955078125e-07,1.1920929e-07,1.1920929e-07,0.0,12.479998,0.605,-5.05,6.26,427.33,422.99,0.9787539182257399,0.72315496
1992-04-04,-8.506990076736602e-08,1036.8985483916597,0.7519118805795644,1.1920928955078125e-07,1.1920929e-07,1.1920929e-07,0.0,12.576003,0.015,-5.16,5.19,407.14,416.78,0.9398965576491657,0.7395903
1992-04-05,-3.6564240712455533e-07,1034.9132543261221,0.8792293750356026,1.1920928955078125e-07,1.1920929e-07,9.91,9.91,12.576003,2.325,-2.05,6.7,267.9,520.0,0.9011925362065849,0.7888963
1992-04-06,-6.439977877223368e-07,1032.8402189615977,1.1066557868810665,1.1920928955078125e-07,1.1920929e-07,1.1920929e-07,0.0,12.672003,5.68,-2.81,14.17,519.68,503.07,0.8624779327337732,0.7642433
1992-04-07,-8.574072733860459e-07,1030.664429254757,1.441893304462135,1.1920928955078125e-07,1.1920929e-07,1.1920929e-07,0.0,12.672003,9.795,2.42,17.17,482.4,724.03,0.8236319278545067,0.7395903
1992-04-08,-9.431420949410173e-07,1028.3708721622697,1.6718031331481362,1.1920928955078125e-07,1.1920929e-07,1.1920929e-07,0.0,12.767997,12.055,5.09,19.02,466.57,887.12,0.7845760154090925,0.70671964
1992-04-09,-8.384734832125855e-07,1025.9445346408063,1.7623854109712818,1.1920928955078125e-07,1.1920929e-07,1.1920929e-07,0.0,12.767997,12.94,3.58,22.3,525.46,766.93,0.7452731083958513,0.6656313
1992-04-10,-4.535571764458983e-07,1023.435121718309,1.9582536369862311,1.1920928955078125e-07,1.1920929e-07,1.1920929e-07,0.0,12.767997,14.69,3.64,25.74,546.27,747.1,0.7066944392507618,0.6574136
1992-04-11,3.191365666219866e-07,1021.1724485922604,2.3634622600662785,1.5956853793136369e-07,1.1920929e-07,1.1920929e-07,0.0,12.863992,17.715,8.61,26.82,507.75,1067.4,0.6736241145624647,0.6574136
1992-04-12,1.2963770831924484e-06,1019.1509065202134,2.367244553474018,6.481927430800787e-07,1.1920929e-07,4.37,4.37,12.863992,17.775,9.53,26.02,361.42,1202.14,0.6453892273748709,0.6656313
1992-04-13,2.260250422052444e-06,1017.3062817559016,1.829616774762194,1.1301379828561474e-06,1.1920929e-07,1.1920929e-07,0.0,12.959997,13.44,2.94,23.94,538.92,727.16,0.6206592589976536,0.62454295
1992-04-14,2.9928426319889323e-06,1015.5743605530586,1.4209858024173128,1.496443708762014e-06,1.1920929e-07,1.1920929e-07,0.0,12.959997,9.445,1.61,17.28,485.68,686.49,0.5983034555598943,0.59167224
1992-04-15,3.27623976178887e-06,1013.8909291654178,1.8632936233213668,1.6381467152618742e-06,1.1920929e-07,1.4,1.4,12.959997,13.79,6.26,21.32,467.64,941.01,0.5773455669513893,0.59167224
1992-04-16,2.8925278602392158e-06,1012.1917738467129,2.092739458336475,1.446284846913162e-06,1.1920929e-07,1.1920929e-07,0.0,13.0560055,15.595,8.31,22.88,456.98,1098.83,0.5569362898818337,0.58345455
1992-04-17,1.8379746597219394e-06,1011.4141415858167,2.3155114668854644,9.189957752380939e-07,1.1920929e-07,2.96,2.96,13.0560055,17.285,9.73,24.84,392.86,1207.19,0.547838027606918,0.61632526
1992-04-18,1.060804143393949e-06,1014.870136348297,2.601077737561842,5.304048849605511e-07,1.1920929e-07,9.01,9.01,13.152002,19.06,11.39,26.73,343.84,1351.16,0.589445206698427,0.8792907
1992-04-19,6.352084896389913e-07,1016.25641871349,2.5747904267724864,3.1760525354405893e-07,1.1920929e-07,1.1920929e-07,0.0,13.152002,18.865,11.95,25.78,433.74,1396.29,0.6070097671958201,0.6491959
1992-04-20,3.826078428377116e-07,1013.7716001252459,2.400297221587403,1.9130428739075929e-07,1.1920929e-07,5.65,5.65,13.152002,17.725,12.92,22.53,250.76,1488.47,0.5758881504614398,0.70671964
1992-04-21,2.308930471141567e-07,1036.3489173954113,2.3759428148902453,1.1920928955078125e-07,1.1920929e-07,48.32,48.32,13.248,17.065,14.67,19.46,135.38,1679.89,0.9290178786595318,26.87178
1992-04-22,1.395359940679597e-07,1096.4984728901634,2.417432502225609,1.1920928955078125e-07,1.1920929e-07,73.95,73.95,13.248,16.415,11.62,21.21,257.09,1371.17,3.321485347215876,38.294342
1992-04-23,8.456597748993936e-08,1125.7390885909836,2.422445207897113,1.1920928955078125e-07,1.1920929e-07,1.1920929e-07,0.0,13.331445,15.91,6.55,25.27,525.41,971.4,6.1703972186592,5.423662
1992-04-24,5.0916733849835385e-08,1117.5466680928212,2.660689273124908,1.1920928955078125e-07,1.1920929e-07,1.1920929e-07,0.0,13.343997,17.575,7.88,27.27,527.03,1071.53,5.187427820525103,2.711831
1992-04-25,2.8227318564456133e-08,1110.9524475682724,2.457390120481493,1.1920928955078125e-07,1.1920929e-07,1.08,1.08,13.343997,16.35,7.34,25.36,513.64,1032.64,4.511205941869649,2.218771
1992-04-26,1.5574864116230247e-08,1105.310099300263,1.5488142218298422,1.1920928955078125e-07,1.1920929e-07,1.1920929e-07,0.0,13.439992,8.9,3.14,14.66,406.78,775.56,4.003035067881364,1.8078874
1992-04-27,7.639029253066153e-09,1100.8372048048902,1.415656169614036,1.1920928955078125e-07,1.1920929e-07,1.1920929e-07,0.0,13.439992,7.57,2.25,12.89,386.28,711.73,3.641193806532978,1.6435341
1992-04-28,1.143931210326458e-09,1097.4172824594123,1.5113059743252235,1.1920928955078125e-07,1.1920929e-07,2.59,2.59,13.439992,8.63,3.39,13.87,334.05,776.46,3.386759484215911,1.5202689
1992-04-29,-2.3037115327371e-09,1093.889163264895,1.513795944374195,1.1920928955078125e-07,1.1920929e-07,1.1920929e-07,0.0,13.536,8.595,0.4,16.79,507.91,624.67,3.142893224086406,1.4380922
1992-04-30,-1.7881046674841277e-09,1089.3995655229353,1.7997467187912235,1.1920928955078125e-07,1.1920929e-07,1.1920929e-07,0.0,13.536,11.38,4.66,18.1,447.17,858.12,2.8577904212770857,1.3148272
1992-05-01,-6.776234911510336e-10,1084.9844806761855,1.9898255017756372,1.1920928955078125e-07,1.1920929e-07,0.98,0.98,13.542794,13.045,3.61,22.48,531.18,789.29,2.6026547452010407,1.2326505
1992-05-02,1.28209354428326e-10,1080.5483948245972,2.5141095538121676,1.1920928955078125e-07,1.1920929e-07,1.1920929e-07,0.0,13.632003,16.835,6.75,26.92,533.65,980.35,2.369242745183752,1.1093855
1992-05-03,3.9018577138701175e-10,1075.6992419899746,3.156247089351181,1.1920928955078125e-07,1.1920929e-07,1.1920929e-07,0.0,13.632003,20.755,13.53,27.98,434.56,1562.25,2.1379759056125325,1.0272088
1992-05-04,2.2853323312721886e-10,1072.5723594897079,2.3216676485557,1.1920928955078125e-07,1.1920929e-07,1.1920929e-07,0.0,13.668831,15.595,7.58,23.61,478.22,1050.58,2.0009627500466807,0.9861204
1992-05-05,1.1638707677832132e-10,1075.0210815274913,1.8188106107509305,1.1920928955078125e-07,1.1920929e-07,11.25,11.25,13.728,11.535,5.65,17.42,295.94,908.02,2.1074850032852335,1.0682971
1992-05-06,6.547258953663409e-11,1082.2085030295898,1.6250800895271609,1.1920928955078125e-07,1.1920929e-07,12.12,12.12,13.728,9.65,5.45,13.85,228.53,897.45,2.454034636168787,1.2326505
1992-05-07,3.885548289848572e-11,1086.020238455039,1.3918253912407212,1.1920928955078125e-07,1.1920929e-07,4.1,4.1,13.764828,7.15,4.95,9.35,139.85,880.37,2.6603842462809517,1.1504738
1992-05-08,2.3443004348083936e-11,1097.1912691716766,1.5204958427231106,1.1920928955078125e-07,1.1920929e-07,23.32,23.32,13.8239975,8.29,4.71,11.87,205.84,860.29,3.3705850299509166,1.4791806
1992-05-09,1.4155480064415712e-11,1107.2870725336522,1.707758076767815,1.1920928955078125e-07,1.1920929e-07,8.3,8.3,13.8239975,9.96,6.04,13.88,226.67,933.16,4.1742199098664425,2.3009477
1992-05-10,8.456771346262932e-12,1105.583089362785,1.9493686166451576,1.1920928955078125e-07,1.1920929e-07,0.78,0.78,13.830791,12.075,5.16,18.99,446.6,893.95,4.026248687594863,1.8078874
1992-05-11,5.018532876388586e-12,1099.795737133759,2.4390993380721118,1.1920928955078125e-07,1.1920929e-07,1.1920929e-07,0.0,13.919997,15.695,6.58,24.81,535.31,976.48,3.561750254162573,1.3970039
1992-05-12,2.881746319285497e-12,1093.9175494036972,2.6422621252883074,1.1920928955078125e-07,1.1920929e-07,1.1920929e-07,0.0,13.919997,17.11,9.2,25.02,497.87,1175.99,3.1447834640576304,1.1915622
1992-05-13,1.6520904162045204e-12,1088.2408933284812,2.7360409036596334,1.1920928955078125e-07,1.1920929e-07,1.1920929e-07,0.0,13.919997,17.78,11.88,23.68,416.7,1390.72,2.7885080016164427,1.0682971
1992-05-14,9.753570832792923e-13,1084.1425358377146,2.8392453252316767,1.1920928955078125e-07,1.1920929e-07,5.05,5.05,14.016,18.35,11.53,25.17,357.34,1362.75,2.55665198307535,1.0518618
1992-05-15,5.814594692919101e-13,1090.4855769176459,2.845697935345903,1.1920928955078125e-07,1.1920929e-07,21.22,21.22,14.016,18.29,13.41,23.17,272.91,1542.19,2.924290139044142,1.6435341
1992-05-16,3.4335688767233673e-13,1098.8522430538587,3.091986849479189,1.1920928955078125e-07,1.1920929e-07,8.58,8.58,14.016,19.565,14.18,24.95,294.23,1611.18,3.4912775794308275,2.3831244
1992-05-17,2.0720921685162126e-13,1109.0926765813495,3.285299296665504,1.1920928955078125e-07,1.1920929e-07,23.37,23.37,14.099442,20.34,15.7,24.98,261.93,1776.18,4.336954360752851,4.108835
1992-05-18,1.251288649181231e-13,1111.4299878197019,3.1478721185331477,1.1920928955078125e-07,1.1920929e-07,1.1920929e-07,0.0,14.111998,19.56,12.87,26.25,462.82,1489.42,4.5570677668282755,2.0544176
1992-05-19,7.559172301951236e-14,1108.7882592825542,3.072698592550217,1.1920928955078125e-07,1.1920929e-07,8.49,8.49,14.111998,19.19,14.5,23.88,269.99,1640.0,4.309079981099015,1.4791806
1992-05-20,4.540443724943347e-14,1109.1015905996528,2.393324971961014,1.1920928955078125e-07,1.1920929e-07,5.66,5.66,14.111998,15.02,8.95,21.09,337.59,1155.77,4.337773296446841,1.3148272
1992-05-21,2.7122255036764503e-14,1105.2646804990534,2.416695884948627,1.1920928955078125e-07,1.1920929e-07,1.1920929e-07,0.0,14.207997,15.125,6.72,23.53,531.67,985.08,3.999185902202602,1.1915622
1992-05-22,1.5259632308785184e-14,1099.418670934817,2.4728982311562153,1.1920928955078125e-07,1.1920929e-07,1.1920929e-07,0.0,14.207997,15.59,3.94,27.24,584.7,817.2,3.5334168761518043,1.0682971
1992-05-23,8.714147571862751e-15,1093.4223803484927,2.8269375709072104,1.1920928955078125e-07,1.1920929e-07,1.1920929e-07,0.0,14.207997,17.905,6.8,29.01,570.64,990.64,3.1119724870929875,0.9861204
1992-05-24,3.4884972118730992e-15,1087.8901563798088,2.8863736894912404,1.1920928955078125e-07,1.1920929e-07,1.1920929e-07,0.0,14.207997,18.34,9.24,27.44,532.83,1182.72,2.767868859218155,0.9861204
1992-05-25,-7.178694968446061e-16,1083.0291561149718,2.618838186740146,1.1920928955078125e-07,1.1920929e-07,1.1920929e-07,0.0,14.291445,16.69,9.76,23.62,468.5,1222.68,2.4970645753294405,0.9696851
1992-05-26,-2.721525501312977e-15,1079.0306046930893,2.073988712598908,1.1920928955078125e-07,1.1920929e-07,1.8,1.8,14.304,12.92,10.53,15.31,199.44,1282.45,2.2942862222610336,1.0025557
1992-05-27,-1.957595691197241e-15,1075.752824666701,2.0168979318666374,1.1920928955078125e-07,1.1920929e-07,0.55,0.55,14.304,12.52,7.78,17.26,371.88,1066.77,2.1404037682517623,1.0272088
1992-05-28,-1.1632042424248169e-15,1071.916149033062,1.892024911798738,1.1920928955078125e-07,1.1920929e-07,1.1920929e-07,0.0,14.304,11.555,7.82,15.29,307.22,1068.8,1.9733431189087196,1.0518618
1992-05-29,-6.970500966023752e-16,1078.2009483496354,1.7543070914617074,1.1920928955078125e-07,1.1920929e-07,17.85,17.85,14.304,10.265,8.56,11.97,117.19,1124.41,2.254320662720163,1.6435341
1992-05-30,-4.1883328399636495e-16,1091.1373637498896,1.9499936061869754,1.1920928955078125e-07,1.1920929e-07,15.11,15.11,14.387447,11.66,9.38,13.94,153.1,1190.74,2.964941750975998,2.0544176
1992-05-31,-2.5117666929964064e-16,1094.3318547501951,2.2373403522919557,1.1920928955078125e-07,1.1920929e-07,2.17,2.17,14.4000025,13.81,10.78,16.84,261.49,1302.55,3.1725018972137473,2.1776826
1992-06-01,-1.4748507864904854e-16,1089.8988403431786,2.5363768261035746,1.1920928955078125e-07,1.1920929e-07,1.1920929e-07,0.0,14.4000025,15.93,10.68,21.18,429.3,1294.2,2.888172597222416,1.6024457
1992-06-02,-8.78874128132898e-17,1084.5281200407544,2.5231148499472895,1.1920928955078125e-07,1.1920929e-07,1.1920929e-07,0.0,14.4000025,15.925,9.08,22.77,506.08,1166.53,2.5776180009914813,1.3148272
1992-06-03,-5.161003587328048e-17,1079.4921313050475,2.690058126169352,1.1920928955078125e-07,1.1920929e-07,1.1920929e-07,0.0,14.4000025,17.065,10.58,23.55,490.0,1286.03,2.316824424115073,1.1504738
1992-06-04,-3.109075733852062e-17,1082.4641956617459,2.9289887145363367,1.1920928955078125e-07,1.1920929e-07,20.45,20.45,14.4000025,18.445,14.67,22.22,247.24,1673.68,2.467361436842845,3.6979516
1992-06-05,-1.882566299316783e-17,1123.3647389058115,2.97672552239596,1.1920928955078125e-07,1.1920929e-07,71.15,71.15,14.4368305,18.05,15.35,20.75,184.74,1740.38,5.867752343707792,19.722408
1992-06-06,-1.1404314292764516e-17,1152.2430569969056,3.3483290812819066,1.1920928955078125e-07,1.1920929e-07,7.01,7.01,14.496003,19.54,12.78,26.3,382.07,1483.63,10.817323721888737,6.5741363
1992-06-07,-6.907152917142862e-18,1140.372908228233,3.6736507227949105,1.1920928955078125e-07,1.1920929e-07,1.1920929e-07,0.0,14.496003,21.305,14.52,28.09,480.3,1662.39,8.412552871171505,4.5197186
1992-06-08,-4.157606923338561e-18,1135.854750410262,4.047078602470285,1.1920928955078125e-07,1.1920929e-07,12.11,12.11,14.496003,23.055,16.91,29.2,331.17,1918.94,7.644794853352125,13.1482725
1992-06-09,-2.496713418274707e-18,1136.1209696427543,3.912286048410697,1.1920928955078125e-07,1.1920929e-07,11.57,11.57,14.496003,22.46,18.53,26.39,239.45,2135.52,7.688024404266635,6.5741363
1992-06-10,-1.4911634065577777e-18,1135.1670919555695,3.2890186102991557,1.1920928955078125e-07,1.1920929e-07,9.64,9.64,14.496003,19.49,16.96,22.02,170.74,1916.82,7.5342521588286875,4.5197186
1992-06-11,-8.258092020996989e-19,1128.4738124618448,2.819843704918267,1.1920928955078125e-07,1.1920929e-07,1.1920929e-07,0.0,14.496003,17.0,12.79,21.21,374.47,1487.72,6.5383702049127725,3.9444816
1992-06-12,-4.523862911582205e-19,1119.585187546246,2.8896123500984774,1.1920928955078125e-07,1.1920929e-07,0.14,0.14,14.496003,17.54,13.18,21.9,385.98,1520.99,5.4163179862931035,3.1227145
1992-06-13,-2.6089769953698614e-19,1111.7932788488358,2.7932092246905507,1.1920928955078125e-07,1.1920929e-07,1.1920929e-07,0.0,14.496003,17.09,11.06,23.12,483.29,1324.92,4.592269382230176,2.6296544
1992-06-14,-1.453374339780621e-19,1104.7856667524961,3.023631969086868,1.1920928955078125e-07,1.1920929e-07,0.38,0.38,14.496003,18.525,13.76,23.29,410.05,1574.09,3.958814980431817,2.465301
1992-06-15,5.663391863640157e-20,1098.3563464048013,3.242389489579418,1.1920928955078125e-07,1.1920929e-07,1.46,1.46,14.502797,19.8,14.19,25.41,440.52,1619.98,3.454798226115715,2.3009477
1992-06-16,5.225158645482755e-19,1092.1893465341464,3.4463601076746997,1.1920928955078125e-07,1.1920929e-07,21.42,21.42,14.532827,20.905,16.36,25.45,289.58,1857.15,3.0317488692798458,3.2870681
1992-06-17,1.1723086085644025e-18,1086.2909525162115,3.2456141659347426,1.1920928955078125e-07,1.1920929e-07,0.43,0.43,14.532827,19.97,16.67,23.27,302.94,1885.87,2.675682833823962,2.5474777
1992-06-18,1.924507495177434e-18,1080.6694872580747,3.317831162781452,1.1920928955078125e-07,1.1920929e-07,1.1920929e-07,0.0,14.57945,20.38,16.0,24.76,384.11,1817.11,2.375327373714887,2.095506
1992-06-19,2.6976078688800217e-18,1075.3332736668135,3.548217551691815,1.1920928955078125e-07,1.1920929e-07,1.42,1.42,14.57945,21.62,16.56,26.68,422.45,1882.36,2.1214671412561903,1.8982818
1992-06-20,3.410105074164818e-18,1070.2906346495051,3.4868818253496094,1.1920928955078125e-07,1.1920929e-07,1.1920929e-07,0.0,14.57945,21.4,15.01,27.79,489.9,1704.62,1.9065565936992415,1.7092754
1992-06-21,3.980494455524474e-18,1065.5498931132274,3.0524871758778525,1.1920928955078125e-07,1.1920929e-07,1.19,1.19,14.57945,19.2,13.35,25.05,484.44,1538.19,1.7244087201923912,1.5613573
1992-06-22,4.327271357451643e-18,1061.119371965058,2.179610461314677,1.1920928955078125e-07,1.1920929e-07,1.1920929e-07,0.0,14.57945,13.685,6.12,21.25,564.63,939.96,1.5699448560686613,1.4545276
1992-06-23,4.368931124438975e-18,1057.0073941120743,2.445592931331407,1.1920928955078125e-07,1.1920929e-07,1.1920929e-07,0.0,14.57945,15.63,7.95,23.31,562.03,1075.71,1.4389934797292112,1.3641332
1992-06-24,4.023969100979121e-18,1053.222282461354,3.037809173051291,1.1920928955078125e-07,1.1920929e-07,3.0,3.0,14.532827,19.37,12.76,25.98,387.83,1461.15,1.3281283754104602,1.3476979
1992-06-25,3.210880631564734e-18,1049.7723599199746,3.4089603468218743,1.1920928955078125e-07,1.1920929e-07,0.58,0.58,14.502797,21.435,16.16,26.71,450.27,1835.37,1.2345385268936577,1.2901742
1992-06-26,1.6095439000983084e-18,1046.5406040180333,3.3489571175664126,1.1920928955078125e-07,1.1920929e-07,4.1,4.1,14.496003,21.19,16.22,26.16,325.98,1841.61,1.152858823253131,1.495616
1992-06-27,-1.670023558844736e-18,1042.944237203028,3.38520067595424,1.1920928955078125e-07,1.1920929e-07,18.11,18.11,14.496003,21.435,16.22,26.65,330.63,1835.71,1.0683009075853187,1.6846224
1992-06-28,-5.928824089063313e-18,1038.99805828234,2.868972075720552,1.1920928955078125e-07,1.1920929e-07,1.1920929e-07,0.0,14.496003,18.675,10.59,26.76,550.73,1287.3,0.9826371720692676,1.2162151
1992-06-29,-1.0268805279328381e-17,1034.8070553481705,3.197802005754496,1.1920928955078125e-07,1.1920929e-07,1.1920929e-07,0.0,14.496003,20.59,13.9,27.28,499.24,1584.24,0.8991676529636036,1.1340384
1992-06-30,-1.3791914718410912e-17,1030.4762164927206,3.5761117823674344,1.1920928955078125e-07,1.1920929e-07,1.1920929e-07,0.0,14.496003,22.595,16.51,28.68,461.88,1872.82,0.8203549969560989,1.1011678
1992-07-01,-1.5600099995081866e-17,1026.1105298081914,3.695968469303263,1.1920928955078125e-07,1.1920929e-07,1.1920929e-07,0.0,14.496003,23.245,18.04,28.45,415.4,2065.91,0.747898082544404,1.0682971
1992-07-02,-1.4795308698112204e-17,1021.8149833867841,3.6762960336632546,1.1920928955078125e-07,1.1920929e-07,6.33,6.33,14.496003,23.225,17.78,28.67,321.8,2038.83,0.6828545747578612,1.0765148
1992-07-03,-1.0546252350717142e-17,1017.6752632438258,3.816816436379466,1.1920928955078125e-07,1.1920929e-07,1.1920929e-07,0.0,14.496003,23.955,19.34,28.57,381.82,2241.13,0.6255290066415454,1.0107734
1992-07-04,-5.80104935075922e-18,1013.1386620792895,3.605711164829619,1.1920928955078125e-07,1.1920929e-07,1.1920929e-07,0.0,14.496003,23.035,18.01,28.06,408.61,2069.53,0.5682190952437232,0.9861204
1992-07-05,-2.8173951112961506e-18,1009.2011061311233,3.1894010152328005,1.1920928955078125e-07,1.1920929e-07,1.1920929e-07,0.0,14.483447,20.99,12.77,29.21,534.52,1479.96,0.5227508378504664,0.91216135
1992-07-06,-1.589572856895826e-18,1006.9393953794392,3.415530930496141,1.1920928955078125e-07,1.1920929e-07,5.23,5.23,14.406797,22.305,16.58,28.03,329.76,1886.78,0.498298456665675,0.91216135
1992-07-07,-8.149401656835722e-19,1004.4387234716418,2.9363571235149823,1.1920928955078125e-07,1.1920929e-07,0.02,0.02,14.4000025,19.755,12.49,27.02,514.43,1446.03,0.472591789994683,0.8875084
1992-07-08,-4.154359042228554e-19,1001.1469507631961,3.319815013650396,1.1920928955078125e-07,1.1920929e-07,1.1920929e-07,0.0,14.4000025,21.92,14.8,29.04,498.95,1688.69,0.4407634416429573,0.83820236
1992-07-09,-1.3238986151798122e-19,997.193370136626,4.122435404085582,1.1920928955078125e-07,1.1920929e-07,1.1920929e-07,0.0,14.4000025,25.8,19.94,31.66,426.09,2319.92,0.40535643313535114,0.82176703
1992-07-10,2.0567440887371277e-19,992.9115490937687,4.45458029526923,1.1920928955078125e-07,1.1920929e-07,1.1920929e-07,0.0,14.4000025,27.27,21.9,32.64,388.0,2624.47,0.37021084029453555,0.7642433
1992-07-11,5.077930741845824e-19,988.4140701069664,4.366169485089202,1.1920928955078125e-07,1.1920929e-07,1.1920929e-07,0.0,14.4000025,26.99,20.87,33.11,424.55,2459.86,0.33657153416218194,0.71493727
1992-07-12,6.830023016469833e-19,983.8135156485614,4.129822202810999,1.1920928955078125e-07,1.1920929e-07,1.1920929e-07,0.0,14.310795,26.185,18.99,33.38,467.96,2199.18,0.30532154750910007,0.6820666
1992-07-13,6.403382584932703e-19,979.2224681908956,4.328993228171716,1.1920928955078125e-07,1.1920929e-07,1.1920929e-07,0.0,14.304,27.125,20.81,33.44,426.23,2450.23,0.27702883852898513,0.6574136
1992-07-14,2.562436363316275e-19,974.7854512565489,3.988397030876336,1.1920928955078125e-07,1.1920929e-07,1.1920929e-07,0.0,14.304,25.735,17.67,33.8,493.36,2025.86,0.25217928850832116,0.60810757
1992-07-15,-5.224199827287408e-19,970.6326757325996,3.884402626101777,1.1920928955078125e-07,1.1920929e-07,0.35,0.35,14.304,25.34,18.85,31.83,440.26,2181.4,0.23094499264272153,0.61632526
1992-07-16,-1.5084312821691564e-18,966.7177580939476,3.648355015964706,1.1920928955078125e-07,1.1920929e-07,2.34,2.34,14.304,24.3,18.21,30.39,386.23,2093.91,0.21256693503457594,0.6738489
1992-07-17,-2.502902829052594e-18,962.9847907458472,3.6675045228185277,1.1920928955078125e-07,1.1920929e-07,1.1920929e-07,0.0,14.207997,24.58,19.1,30.06,389.68,2216.69,0.19640684026684382,0.6327606
1992-07-18,-3.3069471904420287e-18,959.3778660935525,3.5963541975179814,1.1920928955078125e-07,1.1920929e-07,2.26,2.26,14.207997,24.3,19.09,29.51,336.97,2214.62,0.18196043160455286,0.6409783
1992-07-19,-3.721676933400437e-18,955.8410765423176,3.265219437336585,1.1920928955078125e-07,1.1920929e-07,1.1920929e-07,0.0,14.207997,22.67,15.54,29.8,470.17,1765.69,0.16882722098764522,0.60810757
1992-07-20,-3.548204624990791e-18,952.3185144973969,3.3514814158355297,1.1920928955078125e-07,1.1920929e-07,1.1920929e-07,0.0,14.207997,23.19,14.7,31.68,507.79,1677.9,0.1566891274968901,0.5670192
1992-07-21,-2.5917507922060792e-18,948.7664394025525,3.456932034627362,1.1920928955078125e-07,1.1920929e-07,1.1920929e-07,0.0,14.118794,23.91,15.9,31.92,487.72,1809.77,0.14533284185836925,0.5670192
1992-07-22,-1.506233285279324e-18,949.0474875921668,3.339257101773089,1.1920928955078125e-07,1.1920929e-07,7.9,7.9,14.111998,23.305,17.42,29.19,306.58,1996.86,0.14620057920591872,0.69850194
1992-07-23,-8.690817726971257e-19,961.4357644931712,3.4697098637414814,1.1920928955078125e-07,1.1920929e-07,23.45,23.45,14.111998,23.75,19.18,28.32,253.0,2231.41,0.19006725796536547,1.3148272
1992-07-24,-5.087297658176728e-19,974.0231549292712,3.4330068493184873,1.1920928955078125e-07,1.1920929e-07,11.45,11.45,14.111998,23.335,18.83,27.84,253.47,2181.98,0.24814021039164377,1.3805686
1992-07-25,-2.9944435920560845e-19,979.442763722154,3.5984340344398533,1.1920928955078125e-07,1.1920929e-07,7.32,7.32,14.016,24.185,18.43,29.94,302.58,2123.88,0.2783245094899169,1.2408682
1992-07-26,-1.7488330396579168e-19,978.0217622913686,3.6238739454206153,1.1920928955078125e-07,1.1920929e-07,1.1920929e-07,0.0,14.016,24.335,17.95,30.72,430.7,2060.2,0.27007217201162864,0.73137265
1992-07-27,-1.0382767261995357e-19,975.8314356938437,3.828729430214824,1.1920928955078125e-07,1.1920929e-07,3.44,3.44,14.016,25.35,19.98,30.72,281.14,2318.38,0.2578287218350993,0.70671964
1992-07-28,-6.04259713193939e-20,979.4228537049096,3.392394500681064,1.1920928955078125e-07,1.1920929e-07,10.16,10.16,14.003442,23.165,16.98,29.35,320.17,1929.95,0.27820715980066063,1.0436441
1992-07-29,-3.58797032097728e-20,981.6640529245643,3.024415094391524,1.1920928955078125e-07,1.1920929e-07,1.1920929e-07,0.0,13.919997,21.235,13.59,28.88,490.99,1564.82,0.29173250090042724,0.69850194
1992-07-30,-2.087931478644588e-20,978.023969611845,3.2118148017923698,1.1920928955078125e-07,1.1920929e-07,1.1920929e-07,0.0,13.919997,22.34,14.58,30.1,488.33,1665.96,0.27008479917527156,0.60810757
1992-07-31,-1.2380571424361663e-20,975.4131389086593,3.5049757232815772,1.1920928955078125e-07,1.1920929e-07,2.23,2.23,13.919997,23.915,17.59,30.24,401.02,2018.95,0.2555544428415166,0.70671964
1992-08-01,-7.299371947988176e-21,975.3861306247826,3.0720195320779458,1.1920928955078125e-07,1.1920929e-07,5.13,5.13,13.8239975,21.735,15.69,27.78,314.45,1772.83,0.25540829021133366,0.95324975
1992-08-02,-3.679039177059675e-21,974.4187046503055,2.588034684708662,1.1920928955078125e-07,1.1920929e-07,1.1920929e-07,0.0,13.8239975,18.82,12.01,25.63,462.78,1400.62,0.25022791587671533,0.60810757
1992-08-03,-1.162694939613611e-21,971.5595183166041,2.9960039214712872,1.1920928955078125e-07,1.1920929e-07,1.1920929e-07,0.0,13.8239975,21.37,14.67,28.07,445.85,1678.49,0.23552361564185081,0.5752369
1992-08-04,-2.8213854165994467e-22,968.1320526086043,3.1417960670944955,1.1920928955078125e-07,1.1920929e-07,1.1920929e-07,0.0,13.728,22.375,16.23,28.52,419.18,1843.14,0.2190310220320139,0.5752369
1992-08-05,-1.4044957466185475e-22,965.6117293398067,2.647966760531464,1.1920928955078125e-07,1.1920929e-07,1.1920929e-07,0.0,13.728,19.48,12.26,26.7,472.99,1431.71,0.20764500567582614,0.5341486
1992-08-06,-3.3372825057498894e-23,963.7650193284843,2.431317324422001,1.1920928955078125e-07,1.1920929e-07,1.19,1.19,13.728,18.07,13.98,22.16,317.88,1601.93,0.19967966272739146,0.5341486
1992-08-07,1.3952782824505345e-23,961.7081623063988,2.4365398275827763,1.1920928955078125e-07,1.1920929e-07,0.02,0.02,13.632003,18.26,14.88,21.64,271.44,1694.95,0.1911670607940916,0.5670192
1992-08-08,8.298815811463846e-24,958.9159654603764,2.8739572905073656,1.1920928955078125e-07,1.1920929e-07,1.1920929e-07,0.0,13.632003,21.12,16.59,25.65,342.88,1877.61,0.18018888251214202,0.5752369
1992-08-09,1.7488545401185925e-24,955.7429621166156,3.2327088395259014,1.1920928955078125e-07,1.1920929e-07,1.1920929e-07,0.0,13.632003,23.22,17.03,29.41,420.76,1952.03,0.16847673184272818,0.5505839
1992-08-10,-2.622745899651137e-24,952.2935954855379,3.352151569076589,1.1920928955078125e-07,1.1920929e-07,1.1920929e-07,0.0,13.536,24.045,16.5,31.59,466.9,1872.42,0.1566064465393386,0.5177132
1992-08-11,-3.236592888313874e-24,948.6595780739904,3.544483790163054,1.1920928955078125e-07,1.1920929e-07,1.1920929e-07,0.0,13.536,25.1,17.77,32.43,453.43,2036.07,0.1450042601729793,0.48484254
1992-08-12,8.581167869764437e-26,945.1983291426756,3.214632358583813,1.1920928955078125e-07,1.1920929e-07,0.25,0.25,13.536,23.44,17.91,28.97,385.35,2053.6,0.13475384439825108,0.48484254
1992-08-13,5.738290561622428e-24,942.2270820915625,2.9144561871632715,1.1920928955078125e-07,1.1920929e-07,26.56,26.56,13.439992,21.91,17.86,25.96,231.58,2055.83,0.12653452307397997,1.0600795
1992-08-14,1.2480256612422874e-23,939.8194569619402,2.439752393652997,1.1920928955078125e-07,1.1920929e-07,15.66,15.66,13.439992,18.91,16.39,21.43,156.61,1860.82,0.12024349440529848,0.9614674
1992-08-15,1.907112268306139e-23,938.0490737950981,2.3616747209254703,1.1920928955078125e-07,1.1920929e-07,4.22,4.22,13.350795,18.505,16.08,20.93,154.23,1827.64,0.11581799827438694,0.747808
1992-08-16,2.4270301625500355e-23,936.9895526323256,2.5027512706587167,1.1920928955078125e-07,1.1920929e-07,2.09,2.09,13.343997,19.515,15.93,23.1,283.61,1811.87,0.11324776803208346,0.72315496
1992-08-17,2.683720629170217e-23,936.7145135149119,2.5435239578227624,1.1920928955078125e-07,1.1920929e-07,0.51,0.51,13.343997,19.795,16.65,22.94,258.54,1884.59,0.11258994339774231,0.6409783
1992-08-18,2.5531249533629254e-23,937.2975764841464,2.7063394503180698,1.1920928955078125e-07,1.1920929e-07,0.19,0.19,13.248,20.97,16.14,25.8,373.3,1833.14,0.11398904743426361,0.60810757
1992-08-19,1.9111844203243992e-23,938.8123615813182,2.7463779347954387,1.1920928955078125e-07,1.1920929e-07,4.89,4.89,13.248,21.195,14.86,27.53,338.45,1692.46,0.11770568629255276,0.58345455
1992-08-20,9.963105007997077e-24,939.1843511390516,2.7070610685732,1.1920928955078125e-07,1.1920929e-07,1.1920929e-07,0.0,13.248,20.94,15.24,26.64,426.9,1728.44,0.11863677419926222,0.5341486
1992-08-21,2.6046898837521863e-24,937.1081323394232,2.776497088961562,1.1920928955078125e-07,1.1920929e-07,1.1920929e-07,0.0,13.152002,21.54,16.67,26.41,380.86,1889.23,0.11353256539644331,0.50949556
1992-08-22,-1.288901091680203e-24,934.0279915447015,2.718097406389166,1.1920928955078125e-07,1.1920929e-07,1.1920929e-07,0.0,13.152002,21.23,16.76,25.7,358.28,1902.22,0.10636203054938112,0.50127786
1992-08-23,-1.0712745426525711e-24,931.1881239676712,2.624416578132027,1.1920928955078125e-07,1.1920929e-07,1.1920929e-07,0.0,13.0560055,20.805,15.71,25.9,393.48,1773.34,0.10015278529012947,0.50127786
1992-08-24,-4.595353245203218e-25,928.4615377725352,2.5841521137787398,1.1920928955078125e-07,1.1920929e-07,1.1920929e-07,0.0,13.0560055,20.59,14.4,26.78,444.63,1648.91,0.09453257869707504,0.48484254
1992-08-25,-7.821769221622332e-26,925.6243082562129,2.92903538126361,1.1920928955078125e-07,1.1920929e-07,1.1920929e-07,0.0,13.0560055,22.81,15.73,29.89,464.36,1786.94,0.08901889191447472,0.47662488
1992-08-26,-4.499782768135195e-27,922.9817503383509,3.097503281557612,1.1920928955078125e-07,1.1920929e-07,1.1920929e-07,0.0,12.959997,23.97,17.6,30.34,431.52,2019.88,0.08417315830095605,0.46840718
1992-08-27,-2.2467649247184196e-27,924.656365405117,3.06021608395248,1.1920928955078125e-07,1.1920929e-07,13.59,13.59,12.959997,23.725,17.78,29.67,310.39,2043.32,0.08721239201777825,0.50127786
1992-08-28,-8.500412810028927e-28,931.0344874653159,2.872196385195115,1.1920928955078125e-07,1.1920929e-07,4.34,4.34,12.863992,22.625,18.03,27.22,284.17,2071.56,0.09982739737410733,0.772461
1992-08-29,-4.351861790612593e-28,939.917354126798,2.173453741126639,1.1920928955078125e-07,1.1920929e-07,21.69,21.69,12.863992,17.7,11.72,23.68,331.33,1377.89,0.12049308745077475,1.0682971
1992-08-30,-2.421888211714121e-28,943.5134614969696,2.147489971767609,1.1920928955078125e-07,1.1920929e-07,1.1920929e-07,0.0,12.863992,17.435,8.47,26.4,521.02,1119.2,0.13002961493043133,0.58345455
1992-08-31,-1.4007529489556884e-28,941.9684284451339,2.463228336210023,1.1920928955078125e-07,1.1920929e-07,1.1920929e-07,0.0,12.767997,19.905,12.23,27.58,483.4,1418.08,0.12584318743344183,0.50949556
1992-09-01,-7.860309383199286e-29,939.4021149502798,2.47893417855166,1.1920928955078125e-07,1.1920929e-07,1.1920929e-07,0.0,12.767997,20.06,12.8,27.32,469.46,1487.19,0.11918524996279121,0.48484254
1992-09-02,-3.6950037288119425e-29,936.7662949286033,2.569955273936507,1.1920928955078125e-07,1.1920929e-07,1.1920929e-07,0.0,12.672003,20.855,14.43,27.28,437.75,1652.43,0.11271349890783332,0.46018952
1992-09-03,1.689516689468674e-28,934.1394150517492,2.744836717976984,1.1920928955078125e-07,1.1920929e-07,3.14,3.14,12.672003,22.04,17.36,26.72,293.6,1978.06,0.10661335020554454,0.46840718
1992-09-04,5.798719723802084e-28,931.5500066892354,2.7495284003318816,1.1920928955078125e-07,1.1920929e-07,5.8,5.8,12.65945,22.135,16.18,28.09,326.66,1838.09,0.10092341691382396,0.50949556
1992-09-05,1.1510141821565639e-27,928.9961343203158,2.692687207109842,1.1920928955078125e-07,1.1920929e-07,20.64,20.64,12.576003,21.935,17.54,26.33,249.56,2012.4,0.09560909161495829,2.4159951
1992-09-06,1.8375816074205945e-27,926.4758624242444,2.7901412749595975,1.1920928955078125e-07,1.1920929e-07,15.28,15.28,12.576003,22.6,18.14,27.06,248.87,2079.93,0.09063908751082796,3.4267685
1992-09-07,2.5947775573169593e-27,923.9872554802752,2.756653115136291,1.1920928955078125e-07,1.1920929e-07,2.74,2.74,12.479998,22.57,18.27,26.87,288.61,2100.84,0.08598508786886051,1.2573035
1992-09-08,3.3778053409903194e-27,921.5283779676618,2.8855073714817165,1.1920928955078125e-07,1.1920929e-07,0.16,0.16,12.479998,23.415,18.0,28.83,374.07,2066.78,0.08162143603979907,0.93681437
1992-09-09,4.1418682675853374e-27,919.0972943656582,2.830610919679744,1.1920928955078125e-07,1.1920929e-07,1.1920929e-07,0.0,12.383997,23.26,17.04,29.48,412.21,1949.73,0.07752486099326929,0.7560257
1992-09-10,4.842169646246669e-27,916.6920691535184,2.781560770649661,1.1920928955078125e-07,1.1920929e-07,1.1920929e-07,0.0,12.383997,23.0,16.76,29.24,412.91,1914.02,0.07367423398683372,0.6656313
1992-09-11,5.433912786118977e-27,914.3107668104963,2.658230592656177,1.1920928955078125e-07,1.1920929e-07,0.8,0.8,12.383997,22.255,16.69,27.82,365.45,1889.54,0.07005035255988634,0.6409783
1992-09-12,5.872300996346922e-27,911.9514518158456,1.9544225556172758,1.1920928955078125e-07,1.1920929e-07,1.1920929e-07,0.0,12.288,17.195,11.51,22.88,406.87,1361.05,0.06663574853923201,0.59167224
1992-09-13,6.112537586075164e-27,909.6121886488204,1.879813854549783,1.1920928955078125e-07,1.1920929e-07,1.1920929e-07,0.0,12.288,16.59,10.08,23.1,435.14,1246.2,0.06341451717027886,0.5588016
1992-09-14,6.109825864448364e-27,907.2910417886744,1.9304002616335543,1.1920928955078125e-07,1.1920929e-07,1.1920929e-07,0.0,12.191998,17.205,10.34,24.07,437.36,1267.16,0.06037216485640751,0.5423662
1992-09-15,5.819369140611181e-27,904.9860757146618,2.0263825993547093,1.1920928955078125e-07,1.1920929e-07,1.1920929e-07,0.0,12.191998,18.06,10.22,25.9,455.87,1257.78,0.05749547330768631,0.5259309
1992-09-16,5.196370723708273e-27,902.6953549060361,2.087321577645348,1.1920928955078125e-07,1.1920929e-07,1.1920929e-07,0.0,12.096003,18.735,10.22,27.25,461.37,1257.79,0.0547723781758574,0.50949556
1992-09-17,4.1960339228843134e-27,900.4169438420515,2.162239356624347,1.1920928955078125e-07,1.1920929e-07,1.1920929e-07,0.0,12.096003,19.375,11.07,27.68,449.86,1325.63,0.05219186049150301,0.4930602
1992-09-18,2.7556232669119147e-27,898.1609938819854,2.228976807585536,1.1920928955078125e-07,1.1920929e-07,1.1920929e-07,0.0,12.096003,19.935,11.53,28.34,445.9,1362.77,0.04975658620596473,0.47662488
1992-09-19,4.622298345163414e-28,896.2581696311231,2.335896547740328,1.1920928955078125e-07,1.1920929e-07,1.1920929e-07,0.0,12.000009,20.91,14.98,26.84,362.41,1708.91,0.047791067626659064,0.47662488
1992-09-20,-2.3035720516136087e-27,894.731608558226,2.18675120344777,1.1920928955078125e-07,1.1920929e-07,3.33,3.33,12.000009,19.81,15.69,23.93,213.31,1778.58,0.046270488796834354,0.48484254
1992-09-21,-4.818385071031722e-27,893.4099215872195,2.126950877376072,1.1920928955078125e-07,1.1920929e-07,1.86,1.86,11.903997,19.5,16.51,22.49,201.0,1869.75,0.044993114161969126,0.4930602
1992-09-22,-6.358811903291784e-27,892.1217196420293,2.438468233379188,1.1920928955078125e-07,1.1920929e-07,1.1920929e-07,0.0,11.903997,21.87,16.9,26.84,311.47,1925.36,0.04378204513056063,0.5177132
1992-09-23,-6.201455227947586e-27,890.6956136465809,2.1728128985830564,1.1920928955078125e-07,1.1920929e-07,1.1920929e-07,0.0,11.903997,19.915,15.5,24.33,288.07,1760.26,0.04247931186714421,0.4930602
1992-09-24,-3.7208326711304306e-27,889.2328415168887,1.3503488751525146,1.1920928955078125e-07,1.1920929e-07,1.1920929e-07,0.0,11.808002,12.215,5.16,19.27,421.09,883.15,0.04118334464120256,0.45197186
1992-09-25,4.622597977528027e-28,889.3175769893803,1.2644206374480869,1.1920928955078125e-07,1.1920929e-07,1.1920929e-07,0.0,11.808002,11.165,7.82,14.51,244.18,1065.22,0.041257326815455554,0.46018952
1992-09-26,5.106834605831467e-27,891.0499915526474,1.5176578623502799,1.1920928955078125e-07,1.1920929e-07,7.57,7.57,11.712,14.2,10.53,17.87,194.84,1282.61,0.04279936751566059,0.48484254
1992-09-27,8.999544514519948e-27,894.2079736636125,1.8691403294076763,1.1920928955078125e-07,1.1920929e-07,3.47,3.47,11.712,17.58,13.68,21.48,200.26,1565.3,0.045760128484854945,0.5341486
1992-09-28,1.0927042285232648e-26,898.5694117791978,1.884115090052054,1.1920928955078125e-07,1.1920929e-07,6.05,6.05,11.615997,17.77,15.54,20.0,120.21,1763.12,0.050188886583409587,0.61632526
1992-09-29,9.675980679383935e-27,903.9121943563258,1.5763968145888372,1.1920928955078125e-07,1.1920929e-07,8.47,8.47,11.615997,14.72,9.62,19.82,255.5,1209.99,0.056202437666551974,0.5752369
1992-09-30,5.853931219119031e-27,907.5812706707377,1.2284176557031419,1.1920928955078125e-07,1.1920929e-07,1.1920929e-07,0.0,11.615997,10.645,2.5,18.79,446.22,738.21,0.06074443943340003,0.5177132
1992-10-01,3.290787192581546e-27,906.517439294836,1.1743916359757367,1.1920928955078125e-07,1.1920929e-07,1.1920929e-07,0.0,11.520002,10.085,1.83,18.34,445.84,698.01,0.059390977915086324,0.47662488
1992-10-02,1.9382579829500944e-27,905.0779506157239,1.2303600292240462,1.1920928955078125e-07,1.1920929e-07,1.1920929e-07,0.0,11.520002,10.845,1.69,20.0,452.7,691.36,0.057607469589930016,0.46018952
1992-10-03,1.0992509948393881e-27,903.6747375363589,1.4176444123735499,1.1920928955078125e-07,1.1920929e-07,1.1920929e-07,0.0,11.424,13.27,3.13,23.41,454.35,766.46,0.055920470515053576,0.46018952
1992-10-04,6.514233867456412e-28,905.3033939772401,1.5560538931687924,1.1920928955078125e-07,1.1920929e-07,5.81,5.81,11.424,14.755,8.06,21.45,282.54,1084.67,0.057883212276780074,0.5423662
1992-10-05,3.8030829222271685e-28,921.5470324487345,1.285977721856027,1.1920928955078125e-07,1.1920929e-07,29.72,29.72,11.340561,11.51,7.51,15.51,199.96,1040.57,0.0816536930145192,1.2244328
1992-10-06,2.293381640641766e-28,933.4921855464286,1.1007366582800646,1.1920928955078125e-07,1.1920929e-07,1.1920929e-07,0.0,11.328006,8.875,0.59,17.16,424.01,637.83,0.10516175062448993,0.6738489
1992-10-07,1.3842928663335218e-28,932.3769207481947,1.1258071695650813,1.1920928955078125e-07,1.1920929e-07,1.1920929e-07,0.0,11.328006,9.245,0.45,18.04,426.48,628.3,0.10270666447846524,0.5505839
1992-10-08,8.172185276185282e-29,931.3806911733172,1.3614018438051778,1.1920928955078125e-07,1.1920929e-07,1.1920929e-07,0.0,11.232,12.405,5.87,18.94,361.23,920.72,0.10056212303164476,0.5259309
1992-10-09,4.601911719594103e-29,933.544528371247,1.7918206989477101,1.1920928955078125e-07,1.1920929e-07,8.22,8.22,11.232,16.855,12.03,21.68,211.25,1402.35,0.10527840637734956,0.61632526
1992-10-10,2.706552628843623e-29,939.2318452856367,1.5935064004342163,1.1920928955078125e-07,1.1920929e-07,8.34,8.34,11.136005,14.96,6.43,23.49,298.47,968.79,0.11875618079298116,0.80533165
1992-10-11,1.523551423912696e-29,941.0529884998718,1.5608867590168376,1.1920928955078125e-07,1.1920929e-07,1.1920929e-07,0.0,11.136005,14.59,8.31,20.87,338.32,1104.67,0.12342657898006225,0.5752369
1992-10-12,7.393082152741008e-30,939.5726049404108,1.3008838542594696,1.1920928955078125e-07,1.1920929e-07,1.1920929e-07,0.0,11.136005,11.675,5.08,18.27,349.08,886.24,0.11961642759014324,0.5259309
1992-10-13,-2.4284712650479597e-30,937.8423416802283,1.3753804201398445,1.1920928955078125e-07,1.1920929e-07,1.1920929e-07,0.0,11.039997,12.735,4.9,20.57,379.09,873.43,0.11531195934922632,0.5177132
1992-10-14,-1.1935810234248308e-29,936.0642837285005,1.5172165064992056,1.1920928955078125e-07,1.1920929e-07,1.1920929e-07,0.0,11.039997,14.355,4.07,24.64,411.04,819.44,0.1110499118087045,0.50127786
1992-10-15,-1.8420174884309081e-29,934.2785582031722,1.7352085531683608,1.1920928955078125e-07,1.1920929e-07,1.1920929e-07,0.0,10.944003,16.74,6.12,27.36,405.11,941.58,0.10692802647337815,0.50127786
1992-10-16,-1.9172805344679343e-29,932.5252922221883,1.8257743280750636,1.1920928955078125e-07,1.1920929e-07,1.1920929e-07,0.0,10.944003,17.62,8.83,26.41,373.64,1146.29,0.10302994688290033,0.48484254
1992-10-17,-9.314677824909847e-30,930.856350714487,1.3298856161421537,1.1920928955078125e-07,1.1920929e-07,1.1920929e-07,0.0,10.944003,12.455,3.61,21.3,383.28,786.58,0.09945144344235832,0.48484254
1992-10-18,2.5994145773941455e-29,929.3722045863055,0.8631989716069172,1.1920928955078125e-07,1.1920929e-07,1.1920929e-07,0.0,10.848,5.87,-0.92,12.66,343.83,572.55,0.09637371834517522,0.47662488
1992-10-19,8.199802447959965e-29,928.058320410235,0.789313125731028,1.1920928955078125e-07,1.1920929e-07,1.1920929e-07,0.0,10.848,4.54,-0.77,9.85,290.81,578.82,0.0937286493122762,0.48484254
1992-10-20,1.5010314594918423e-28,926.8786447371465,0.663250090344464,1.1920928955078125e-07,1.1920929e-07,1.1920929e-07,0.0,10.752,2.105,-5.52,9.73,361.99,414.74,0.09141567471865913,0.47662488
1992-10-21,2.2171569783981456e-28,925.797124117911,0.9459752962351877,1.1920928955078125e-07,1.1920929e-07,1.1920929e-07,0.0,10.752,7.465,-0.53,15.46,357.13,590.84,0.08934533788364156,0.48484254
1992-10-22,2.882418678086101e-28,924.7777051033996,1.2545841764126067,1.1920928955078125e-07,1.1920929e-07,1.1920929e-07,0.0,10.752,11.91,3.33,20.49,357.67,773.18,0.08743682658631394,0.50127786
1992-10-23,3.4108784351269036e-28,923.7843342444835,1.123999504898408,1.1920928955078125e-07,1.1920929e-07,1.1920929e-07,0.0,10.655997,10.325,0.5,20.15,374.57,630.45,0.08561630726112901,0.50127786
1992-10-24,3.7165981260917457e-28,922.7809580920336,1.271704665501359,1.1920928955078125e-07,1.1920929e-07,1.1920929e-07,0.0,10.655997,12.305,3.12,21.49,356.93,773.53,0.08381592841568468,0.5177132
1992-10-25,3.7136396275518267e-28,921.7315231969211,1.2718263288883778,1.1920928955078125e-07,1.1920929e-07,1.32,1.32,10.649202,12.335,3.26,21.41,342.74,782.18,0.08197339820035528,0.5259309
1992-10-26,3.3160648160783367e-28,920.5999761100169,1.06746340885825,1.1920928955078125e-07,1.1920929e-07,1.1920929e-07,0.0,10.56,9.71,0.22,19.2,354.14,621.95,0.08003205682114366,0.50127786
1992-10-27,2.43793556824247e-28,919.3502633821921,1.2423072298473528,1.1920928955078125e-07,1.1920929e-07,1.1920929e-07,0.0,10.56,12.135,3.03,21.24,337.21,768.94,0.07794136845899353,0.50127786
1992-10-28,1.4232484317640795e-28,917.9527593106159,1.401604598998465,1.1920928955078125e-07,1.1920929e-07,1.1920929e-07,0.0,10.463997,14.255,8.13,20.38,251.96,1090.79,0.0756680532471054,0.50127786
1992-10-29,7.949571809310799e-29,916.5120690045404,1.2991330726002508,1.1920928955078125e-07,1.1920929e-07,1.1920929e-07,0.0,10.463997,13.05,5.42,20.68,294.27,899.07,0.07339387706422645,0.50127786
1992-10-30,4.654530892852666e-29,916.5126969669531,1.3891286280921353,1.1920928955078125e-07,1.1920929e-07,1.1920929e-07,0.0,10.463997,14.135,7.88,20.39,252.85,1070.86,0.07339485328218968,0.50127786
1992-10-31,2.593246663235394e-29,921.4376834137938,1.264735026293123,1.1920928955078125e-07,1.1920929e-07,12.6,12.6,10.367997,12.68,9.38,15.98,108.61,1190.71,0.08146479022713672,0.6656313
1992-11-01,1.54396626152798e-29,927.2150085701918,1.157897966662811,1.1920928955078125e-07,1.1920929e-07,1.93,1.93,10.367997,11.17,9.13,13.21,95.32,1170.46,0.09206929932304206,0.70671964
1992-11-02,9.230725242590205e-30,929.064899199641,1.153284447776774,1.1920928955078125e-07,1.1920929e-07,5.18,5.18,10.367997,11.075,8.34,13.81,95.6,1106.92,0.09574844984517816,0.72315496
1992-11-03,5.516801155174405e-30,939.1301380945896,1.2495440997655316,1.1920928955078125e-07,1.1920929e-07,16.42,16.42,10.272,12.33,5.81,18.85,201.22,920.51,0.11850062213581436,1.7503637
1992-11-04,3.329603602108814e-30,945.318688774929,1.2526874894684448,1.1920928955078125e-07,1.1920929e-07,1.1920929e-07,0.0,10.272,12.265,6.43,18.1,244.29,954.34,0.1350978188185912,1.1011678
1992-11-05,2.010115165677092e-30,950.0345184509448,1.2148363050612003,1.1920928955078125e-07,1.1920929e-07,10.22,10.22,10.272,11.695,7.99,15.4,125.28,1079.57,0.14928929498817733,1.2901742
1992-11-06,1.2120067258839283e-30,954.7673851335225,0.917929395322416,1.1920928955078125e-07,1.1920929e-07,2.16,2.16,10.176,7.375,1.98,12.77,225.78,702.55,0.1650310710360088,0.9861204
1992-11-07,7.254447294240798e-31,954.7646182789837,0.6961065462360635,1.1920928955078125e-07,1.1920929e-07,1.1920929e-07,0.0,10.176,3.195,0.94,5.45,111.83,656.68,0.16502139962707105,0.82998466
1992-11-08,4.245083749907666e-31,953.9232600932221,0.7180598178284253,1.1920928955078125e-07,1.1920929e-07,1.1920929e-07,0.0,10.176,3.67,0.07,7.27,171.45,605.91,0.16210660748479513,0.7395903
1992-11-09,2.2330964760146077e-31,953.077340460089,0.6677301892911007,1.1920928955078125e-07,1.1920929e-07,1.1920929e-07,0.0,10.08,2.745,-4.02,9.51,284.44,457.3,0.15922791480395368,0.6820666
1992-11-10,5.103405359343962e-32,952.2396224822861,0.7225099720524392,1.1920928955078125e-07,1.1920929e-07,1.1920929e-07,0.0,10.08,3.93,-3.77,11.63,301.69,465.8,0.15642751437091648,0.6491959
1992-11-11,-5.259057679710214e-32,951.2908381596111,0.8797903135451424,1.1920928955078125e-07,1.1920929e-07,1.1920929e-07,0.0,10.08,6.925,-1.47,15.32,308.24,547.91,0.1533152641588602,0.6327606
1992-11-12,-5.187647231730087e-07,950.1479140636592,1.1687538059569267,1.1920928955078125e-07,1.1920929e-07,1.1920929e-07,0.0,9.996555,11.51,4.35,18.67,273.96,828.15,0.149648297102717,1.2655212
1992-11-13,-8.780200326522388e-06,949.2627939076735,1.088010202358857,1.1920928955078125e-07,1.1920929e-07,34.56,34.56,9.984,10.41,3.44,17.38,203.18,780.77,0.1468688414943543,4.4950657
1992-11-14,-2.3822471151168833e-05,948.704867631026,0.7305790297446156,1.1920928955078125e-07,1.1920929e-07,1.1920929e-07,0.0,9.984,4.295,-1.29,9.88,243.03,553.0,0.14514342759587143,1.470963
1992-11-15,-4.138116213180197e-05,948.3409502078405,0.6233131255788148,1.1920928955078125e-07,1.1920929e-07,1.79,1.79,9.984,1.945,-2.5,6.39,185.0,519.75,0.14402893314555443,1.1176032
1992-11-16,-5.719185820311141e-05,948.0378566122413,0.5217393626902479,1.1920928955078125e-07,1.1920929e-07,1.1920929e-07,0.0,9.888002,-0.495,-7.06,6.07,276.39,352.74,0.14310724581807563,0.95324975
1992-11-17,-6.699014429978674e-05,947.6624018183525,0.6978221265665303,1.1920928955078125e-07,1.1920929e-07,1.1920929e-07,0.0,9.888002,3.77,-5.56,13.1,317.46,408.83,0.14197368723948858,0.8546377
1992-11-18,-6.651160535651761e-05,947.081400800298,0.9842254973570411,1.1920928955078125e-07,1.1920929e-07,1.1920929e-07,0.0,9.888002,9.025,-0.44,18.49,309.28,587.46,0.14023722379708492,0.80533165
1992-11-19,-5.1491826307993626e-05,946.161668532202,1.0334732504665292,1.1920928955078125e-07,1.1920929e-07,1.1920929e-07,0.0,9.881208,9.815,1.38,18.25,292.2,678.72,0.13753169741907448,0.747808
1992-11-20,-2.6993895270462227e-05,946.1960915446856,0.9290988803026788,1.1920928955078125e-07,1.1920929e-07,1.1920929e-07,0.0,9.792,8.295,3.65,12.94,200.08,791.11,0.13763201116325358,0.71493727
1992-11-21,-6.386043691895889e-06,949.873218327539,0.8305390285826061,1.1920928955078125e-07,1.1920929e-07,7.36,7.36,9.792,6.51,3.84,9.18,93.4,801.57,0.14878011407551958,0.8875084
1992-11-22,5.488486675945751e-06,958.6539663261982,1.1970838911179587,2.7443186466878367e-06,1.1920929e-07,12.81,12.81,9.792,12.08,7.83,16.33,139.92,1066.57,0.17919170199739182,1.2983918
1992-11-23,5.238955364138082e-06,972.7053172140409,1.4282496725614393,2.619546298702294e-06,1.1920929e-07,20.61,20.61,9.792,14.7,9.65,19.75,158.79,1212.04,0.24130955630944834,4.0513115
1992-11-24,3.0954190997485797e-06,979.8608090690968,1.1278593060341067,1.5477335039227955e-06,1.1920929e-07,1.1920929e-07,0.0,9.695997,10.94,6.29,15.59,207.77,955.95,0.280799932739664,2.1530297
1992-11-25,1.8478692175366224e-06,981.2316115825557,1.00473246503407,9.239431453199237e-07,1.1920929e-07,6.05,6.05,9.695997,9.1,6.12,12.08,107.8,948.13,0.28907254167290297,2.5803485
1992-11-26,1.0998614019486385e-06,991.8675370739068,1.219913902231039,5.49933725212078e-07,1.1920929e-07,18.82,18.82,9.695997,11.995,8.56,15.43,124.58,1124.9,0.3621140659134208,2.7857902
1992-11-27,6.486101104518637e-07,996.9911661062106,0.9832207782557453,3.243061069636203e-07,1.1920929e-07,0.17,0.17,9.695997,8.515,2.97,14.06,242.44,763.65,0.4036240353820987,1.9640231
1992-11-28,3.8707788300151777e-07,996.0521292623065,0.8013432927862926,1.9353931607397764e-07,1.1920929e-07,1.1920929e-07,0.0,9.6892,5.405,2.63,8.18,145.2,743.65,0.3956752971148764,1.5860103
1992-11-29,2.2826779481425416e-07,994.9012932526538,0.728857759938696,1.1920928955078125e-07,1.1920929e-07,1.1920929e-07,0.0,9.600003,4.135,1.43,6.84,143.8,674.11,0.38614688877899195,1.3476979
1992-11-30,1.1981503810014354e-07,993.8218853546052,0.6447375043215444,1.1920928955078125e-07,1.1920929e-07,1.1920929e-07,0.0,9.600003,2.33,-3.23,7.89,252.7,480.43,0.37741851475557664,1.2079976
1992-12-01,2.667110544296411e-08,992.7998603937534,0.6801107854602441,1.1920928955078125e-07,1.1920929e-07,1.1920929e-07,0.0,9.600003,3.135,-2.05,8.32,236.8,520.89,0.36933606765606875,1.1176032
1992-12-02,-3.767825464758223e-08,991.8157598649125,0.5712634801086898,1.1920928955078125e-07,1.1920929e-07,1.1920929e-07,0.0,9.600003,0.59,-4.59,5.77,236.09,430.24,0.3617171519898368,1.0436441
1992-12-03,-5.964934586221399e-08,990.8501198942005,0.6089353306040063,1.1920928955078125e-07,1.1920929e-07,1.1920929e-07,0.0,9.600003,1.535,-2.99,6.06,212.34,480.42,0.35439395134714274,0.97790277
1992-12-04,-0.00010042612887289858,989.9034395792305,0.619440403689942,1.1920928955078125e-07,1.1920929e-07,1.1920929e-07,0.0,9.593208,1.81,-4.28,7.9,258.16,446.4,0.347358480736564,0.93681437
1992-12-05,-0.0005163897992156982,989.0288728286131,0.6230037288243859,1.1920928955078125e-07,1.1920929e-07,1.1920929e-07,0.0,9.516553,2.025,-4.27,8.32,258.6,446.63,0.34098311667208686,0.9039437
1992-12-06,-0.0008631036271226029,988.1979962297087,0.41637483159243405,1.1920928955078125e-07,1.1920929e-07,1.1920929e-07,0.0,9.503997,-3.72,-9.63,2.19,253.8,296.93,0.335034665924612,0.83820236
1992-12-07,-0.0007019683851485583,987.3734921582122,0.5332805444913232,1.1920928955078125e-07,1.1920929e-07,1.1920929e-07,0.0,9.503997,-0.195,-4.76,4.37,207.52,439.94,0.32923442222313065,0.82998466
1992-12-08,0.0002452218428121386,986.5224903261305,0.5311600722223598,1.1920928955078125e-07,1.1920929e-07,1.1920929e-07,0.0,9.503997,-0.24,-4.03,3.55,177.47,440.0,0.3233530602801282,0.81354934
1992-12-09,-0.0003749148290801872,985.738354729865,0.4160818265615114,1.1920928955078125e-07,1.1920929e-07,1.1920929e-07,0.0,9.503997,-3.695,-8.97,1.58,234.28,306.24,0.3180268662818943,0.78067863
1992-12-10,2.949021913076172,984.9758155122921,0.48586734717832863,1.1920928955078125e-07,7.2599807,1.9472838e-05,7.26,9.503997,-1.495,-5.2,2.21,137.39,424.09,0.31293151781582645,0.9943381
1992-12-11,7.163608169218356,993.2582191228473,0.5922362644138363,2.6518850253290793,9.098053e-06,19.07999,19.08,9.503997,1.24,-1.01,3.49,89.24,573.35,0.37293926088403007,1.4627453
1992-12-12,2.9140925752614963,1006.4100862867778,0.6650287509351567,2.9140925752608524,1.1920929e-07,1.1920929e-07,0.0,9.503997,2.75,0.75,4.75,108.83,639.24,0.49274303441445655,1.1340384
1992-12-13,1.0643658322617915,1007.0761474847632,0.6999740660804522,1.0643404460154906,1.1920929e-07,1.1920929e-07,0.0,9.503997,3.5,-0.36,7.36,196.13,593.09,0.4997439068367025,1.0025557
1992-12-14,0.3879357499740658,1006.5531625723827,0.6956251635400025,0.3800817045334985,1.1920929e-07,1.1920929e-07,0.0,9.503997,3.415,-1.9,8.73,245.84,534.44,0.4942385702168741,0.93681437
1992-12-15,0.1511226308928782,1005.634267524475,0.6338982584925424,0.12380593931476125,1.1920929e-07,1.1920929e-07,0.0,9.497203,2.065,-3.16,7.29,242.53,487.23,0.48471206900402997,0.895726
1992-12-16,0.06888420343007884,1004.744217339208,0.629619180316908,0.04585674427737735,1.1920929e-07,1.1920929e-07,0.0,9.467175,2.025,-2.12,6.17,207.94,525.95,0.4756597165183161,0.8875084
1992-12-17,0.03503994257091249,1012.6666364609266,0.9388969323316034,0.020558440117002235,1.1920929e-07,14.93,14.93,9.420558,8.005,3.17,12.84,170.04,773.49,0.5625663088127815,1.2162151
1992-12-18,0.019253231493399012,1021.0331498596041,0.8413345481914905,0.010550480942756965,1.1920929e-07,4.95,4.95,9.420558,6.195,-0.7,13.09,203.4,584.95,0.6716395068273582,1.3641332
1992-12-19,0.010902577758168105,1022.2630025160294,0.7666706732300302,0.005748160375197802,1.1920929e-07,1.1920929e-07,0.0,9.420558,4.77,-0.64,10.18,250.62,587.14,0.689365421513992,1.1504738
1992-12-20,0.005895337978328362,1025.0644707249994,0.8897639007693777,0.0030345313577974462,1.1920929e-07,5.42,5.42,9.420558,6.99,2.6,11.38,163.73,727.93,0.7315093011757616,1.1504738
1992-12-21,0.0033414220762885993,1026.7110925913885,0.6378245449347723,0.0016986141078913627,1.1920929e-07,1.35,1.35,9.420558,1.97,-4.03,7.97,261.55,456.39,0.7574725899985854,1.1422561
1992-12-22,0.0018436819307237032,1025.5462285875387,0.7345592291612096,0.0009303386323094446,1.1920929e-07,1.1920929e-07,0.0,9.420558,4.08,-0.82,8.98,238.07,574.23,0.7390119875134339,1.0600795
1992-12-23,0.0010369693609003031,1025.4493596624013,0.9722627282400851,0.000521172919999821,1.1920929e-07,2.88,2.88,9.467175,8.275,3.59,12.96,186.28,787.4,0.7374972376409954,1.0600795
1992-12-24,0.0005745962433756596,1025.8348379982124,0.778826718104351,0.00028812352152412867,1.1920929e-07,1.55,1.55,9.467175,4.88,-1.94,11.7,271.64,536.01,0.7435434721868611,1.0436441
1992-12-25,0.0003842486031328259,1025.2179466654306,0.44974278019917446,1.1920928955078125e-07,1.1920929e-07,1.1920929e-07,0.0,9.497203,-3.145,-10.2,3.91,284.51,273.56,0.7338911636217684,0.9614674
1992-12-26,0.0003842052106748674,1023.9920091806572,0.5310116162749181,1.1920928955078125e-07,1.1920929e-07,1.1920929e-07,0.0,9.503997,-0.78,-5.83,4.27,239.68,400.52,0.7150796393029533,0.95324975
1992-12-27,-0.00021973860617866334,1022.8019069167623,0.44565948099380626,1.1920928955078125e-07,1.1920929e-07,1.1920929e-07,0.0,9.503997,-3.25,-9.34,2.84,268.45,302.01,0.697279359951646,0.895726
1992-12-28,5.802271732578223,1021.656314721721,0.5007880560900727,1.1920928955078125e-07,11.3699875,1.2537539e-05,11.37,9.503997,-1.585,-5.23,2.06,143.58,426.37,0.6805634948538452,1.0929501
1992-12-29,5.205743327147077,1027.886797106785,0.7552613259692261,5.205743327147077,1.1920929e-07,2.24,2.24,9.503997,4.33,0.49,8.17,164.86,631.12,0.7765726326416029,1.2490859
1992-12-30,1.9035719356315148,1030.2867033821765,1.089314525336676,1.903571925340424,1.1920929e-07,1.1920929e-07,0.0,9.503997,9.915,3.51,16.32,263.1,784.23,0.817068598994125,1.0929501
1992-12-31,0.6940450737233206,1030.2916736749487,0.9099000619470329,0.6933740033010664,1.1920929e-07,1.12,1.12,9.503997,7.12,2.0,12.24,213.98,707.67,0.8171546218347213,1.0354264
1993-01-01,0.25634318832690806,1029.4044255199874,1.1512021487723068,0.23800714317006508,1.1920929e-07,1.1920929e-07,0.0,9.503997,10.8,3.61,17.99,304.54,792.06,0.8019412555510818,0.9943381
1993-01-02,0.10947846261952934,1027.9123737202663,0.5983569187461424,0.06816222442064622,1.1920929e-07,1.1920929e-07,0.0,9.503997,0.89,-5.89,7.67,311.1,395.73,0.7769934495604496,0.93681437
1993-01-03,0.05772520356646005,1026.5825314995975,0.6721908243694883,0.0369692323740825,1.1920929e-07,1.1920929e-07,0.0,9.503997,2.615,-2.46,7.69,266.86,515.1,0.7554127393788872,0.9039437
1993-01-04,0.03110952507823971,1025.4933716193736,0.9364972111357958,0.017954942564641946,1.1920929e-07,1.1920929e-07,0.0,9.503997,7.635,1.97,13.3,263.16,716.45,0.738185072134,0.895726
1993-01-05,0.01738539233354506,1037.062577811079,1.2396533762302946,0.009446428314354523,1.1920929e-07,25.65,25.65,9.563178,11.76,6.85,16.67,171.97,988.3,0.9431677561258727,3.9937878
1993-01-06,0.010041238525002232,1046.1308320199232,0.9836151206423398,0.005272473862421742,1.1920929e-07,1.1920929e-07,0.0,9.600003,7.93,2.33,13.53,255.51,719.46,1.1428959300570651,1.8407581
1993-01-07,0.005900813298613897,1042.5287039964987,0.9016120806540519,0.0030374303936369796,1.1920929e-07,1.1920929e-07,0.0,9.600003,6.645,3.37,9.92,175.41,781.27,1.0589395261241115,1.4298745
1993-01-08,0.003502482869600223,1049.6161640458563,0.8880388583939179,0.0017819067656316627,1.1920929e-07,18.19,18.19,9.600003,6.31,4.32,8.3,83.75,832.01,1.2304609100218113,2.3009477
1993-01-09,0.0020910996613325646,1067.038043796456,0.7446249861424133,0.0010564811768243047,1.1920929e-07,18.41,18.41,9.600003,3.41,0.75,6.07,112.03,635.98,1.7796292006305856,6.426218
1993-01-10,0.010041887715920414,1074.7390466692138,0.6111799990661093,1.1920928955078125e-07,0.0062812865,2.9937186,3.0,9.600003,0.405,-1.06,1.87,66.2,571.47,2.0949327656527594,3.7636929
1993-01-11,0.17313463607368487,1073.8018915342166,0.6203617420131279,1.1920928955078125e-07,0.00050088915,1.9494991,1.95,9.6125555,0.615,-0.87,2.1,89.04,580.72,2.053758226310574,2.6953957
1993-01-12,0.08807089737212626,1075.46277381342,0.7346300784941254,0.06226340448882833,1.1920929e-07,6.23,6.23,9.695997,2.945,0.89,5.0,89.55,640.0,2.127294245140201,2.8186607
1993-01-13,0.04450493765930688,1076.2928607471495,0.9694126269972178,0.0271240476751395,1.1920929e-07,1.0,1.0,9.695997,7.115,3.27,10.96,205.91,779.77,2.165027571958479,2.2516415
1993-01-14,0.024088134862269017,1073.6871887631871,0.8381911094714705,0.013487689402862902,1.1920929e-07,1.1920929e-07,0.0,9.695997,4.94,-1.88,11.76,292.23,540.79,2.0487745917205413,1.9475878
1993-01-15,0.012757871195029233,1071.0161640928773,0.6481611123118085,0.006698173033316536,1.1920929e-07,1.1920929e-07,0.0,9.695997,1.165,-3.92,6.25,258.97,460.16,1.9360820399933283,1.717493
1993-01-16,0.007170394423885436,1068.4737716702366,0.6803443167191207,0.0037136442490798283,1.1920929e-07,1.1920929e-07,0.0,9.708552,1.89,-2.56,6.34,238.39,510.0,1.8345797903755705,1.594228
1993-01-17,0.004222931361288419,1065.9997850180032,0.6996694868201044,0.002156041158528281,1.1920929e-07,1.1920929e-07,0.0,9.792,2.21,-2.3,6.72,240.97,513.56,1.7409195807312736,1.4791806
1993-01-18,0.002505375307155598,1063.5855338968988,0.7260682535281346,0.0012683790963797937,1.1920929e-07,1.1920929e-07,0.0,9.792,2.79,-2.22,7.8,259.26,521.88,1.654132576090802,1.3559155
1993-01-19,0.009213422535996794,1061.2875354256669,0.621572646526627,1.1920928955078125e-07,1.1920929e-07,1.1920929e-07,0.0,9.792,0.545,-3.14,4.23,212.56,491.37,1.5755468179358922,1.2655212
1993-01-20,0.01643570305474562,1059.1438029580286,0.5861159999859977,1.1920928955078125e-07,1.1920929e-07,1.1920929e-07,0.0,9.792,-0.275,-4.46,3.91,236.19,434.97,1.5056061669881227,1.2079976
1993-01-21,0.04526198516366118,1059.0225441725522,0.6449086304629537,0.025349516836210142,3.6658646e-05,4.9799633,4.98,9.888002,0.97,-3.03,4.97,170.89,496.19,1.5017441211576605,1.3148272
1993-01-22,0.025137587948425653,1065.9008915281368,0.7158764925724576,0.014140272526339285,1.1920929e-07,14.71,14.71,9.888002,2.405,-0.32,5.13,123.72,593.42,1.7372767242208977,1.8407581
1993-01-23,0.013058045385792468,1068.0580448658682,0.9155957441846048,0.006954699377824395,1.1920929e-07,1.1920929e-07,0.0,9.888002,6.06,-0.66,12.78,307.89,588.27,1.8184961500474521,1.470963
1993-01-24,0.007305834466616687,1065.0463288601252,0.9150750098336752,0.003786295955733526,1.1920929e-07,1.1920929e-07,0.0,9.900558,6.075,-0.39,12.54,305.19,588.15,1.7061137596735703,1.4873983
1993-01-25,0.004367730932829373,1068.8641535834274,0.6868979222889667,0.0022312281515128995,3.5494566e-07,11.91,11.91,9.984,1.615,-3.9,7.13,218.27,458.83,1.8498123713254693,1.9229348
1993-01-26,0.8889364484417145,1071.3625402370828,0.5561455866688861,1.1920928955078125e-07,1.1920929e-07,1.1920929e-07,0.0,9.984,-1.47,-6.52,3.58,283.54,378.15,1.9503386498928383,1.5120513
1993-01-27,0.8890717018746316,1068.9242253073455,0.5498408315806801,1.1920928955078125e-07,1.1920929e-07,1.1920929e-07,0.0,9.984,-1.6,-7.64,4.44,313.92,349.1,1.852167553618392,1.421657
1993-01-28,0.5155697884992879,1066.8117954457086,0.8272188675535233,0.512613824283118,1.1920929e-07,1.1920929e-07,0.0,10.08,4.255,-3.56,12.07,341.2,474.84,1.7711212458565406,1.3394803
1993-01-29,0.19513027371173394,1064.5221137696533,0.898360034313926,0.17085384758061647,1.1920929e-07,1.1920929e-07,0.0,10.08,5.53,-1.51,12.57,331.36,558.8,1.6872747066865292,1.2737389
1993-01-30,0.08514525583757562,1062.1899681301675,0.7159693462174536,0.05967587338216647,1.1920929e-07,1.1920929e-07,0.0,10.08,2.175,-5.95,10.3,351.5,390.97,1.6059524377203322,1.1997799
1993-01-31,0.04265787884733689,1059.856737252643,0.9089133303962228,0.025810423438230704,1.1920929e-07,1.1920929e-07,0.0,10.169206,5.64,-1.51,12.79,336.69,551.07,1.5285145555913966,1.1586915
1993-02-01,0.022239500143404436,1057.399356177098,0.9808126737467052,0.01235116722368934,1.1920929e-07,1.1920929e-07,0.0,10.176,6.825,0.85,12.8,316.22,638.45,1.4509900566381468,1.1340384
1993-02-02,0.015340423783262513,1055.2240452004812,0.5812184407279493,1.1920928955078125e-07,1.1920929e-07,1.1920929e-07,0.0,10.176,-0.895,-8.47,6.68,356.14,323.12,1.3856515170671184,1.0847324
1993-02-03,0.014460879761080821,1053.2750822362132,0.6447995649759736,1.1920928955078125e-07,1.1920929e-07,1.1920929e-07,0.0,10.235178,0.545,-8.66,9.75,371.71,314.93,1.3296145349212374,1.0518618
1993-02-04,0.008754671668556764,1051.2439796010883,0.8989907558191029,0.004568824235876724,1.1920929e-07,1.1920929e-07,0.0,10.272,5.445,-3.47,14.36,366.17,470.74,1.273625934433832,1.0354264
1993-02-05,0.004639827277281707,1049.1846999928607,0.792683196502108,0.002373723978321058,1.1920929e-07,1.1920929e-07,0.0,10.272,3.585,-5.71,12.88,373.05,396.93,1.2192670496225222,1.0107734
1993-02-06,0.0026258620292228434,1047.164099524361,0.8612590659287213,0.0013301679026894817,1.1920929e-07,1.1920929e-07,0.0,10.331169,4.77,-3.96,13.5,366.74,445.92,1.1681848919301119,1.0107734
1993-02-07,0.0012551933972123576,1045.2045187381464,0.8113469953138436,0.0006315354230548152,1.1920929e-07,1.1920929e-07,0.0,10.367997,3.85,-3.38,11.08,345.19,478.3,1.1206903843679736,0.9861204
1993-02-08,0.0005011907638709872,1043.3202108236385,0.749807847344647,0.0002512233610754393,1.1920929e-07,1.1920929e-07,0.0,10.367997,2.705,-3.2,8.61,311.35,476.25,1.0768423617340677,0.9696851
1993-02-09,0.00027874168422324793,1041.5267014686747,0.8818763706568818,0.00013956508430216618,1.1920929e-07,1.1920929e-07,0.0,10.457203,5.025,-4.34,14.39,375.32,435.67,1.0367018241234376,0.95324975
1993-02-10,0.00012904422737865576,1039.7594843691943,0.7623688974101926,6.456374471510013e-05,1.1920929e-07,1.1920929e-07,0.0,10.463997,2.865,-5.22,10.95,357.53,427.58,0.9986135456275854,0.92859674
1993-02-11,5.779043128532701e-05,1037.9200790387515,0.999731848591679,2.89035649773015e-05,1.1920929e-07,1.1920929e-07,0.0,10.463997,6.975,-2.62,16.57,375.13,509.82,0.9604549346036328,0.93681437
1993-02-12,3.474252104606159e-05,1046.4945216753217,0.9822737598305946,1.7374278129922034e-05,1.1920929e-07,16.5,16.5,10.56,6.44,-0.28,13.16,238.38,592.6,1.1517340909499745,1.668187
1993-02-13,2.0914768945538804e-05,1056.3578927788506,0.7987021897080367,1.045847804166553e-05,1.1920929e-07,7.72,7.72,10.56,3.185,0.22,6.15,127.04,616.13,1.4193324896577404,1.69284
1993-02-14,1.267430785492923e-05,1057.8859390055823,0.7136813151434231,6.334805896822329e-06,1.1920929e-07,1.1920929e-07,0.0,10.56,1.505,-1.88,4.89,194.61,537.98,1.4660218768080906,1.2737389
1993-02-15,0.015211441978846212,1054.905775243682,0.6535850637576595,1.1920928955078125e-07,1.1920929e-07,1.1920929e-07,0.0,10.655997,0.135,-3.85,4.12,227.98,461.44,1.376341787762817,1.1586915
1993-02-16,0.027654309788695562,1057.7073857922908,0.7234995838184051,0.015723575281543046,2.7149915e-07,9.11,9.11,10.655997,1.575,-3.22,6.37,203.0,485.14,1.4604878970927357,1.421657
1993-02-17,0.015779783615445978,1063.1985606200542,0.7722596896750182,0.008511106732277554,1.1920929e-07,5.84,5.84,10.668552,2.44,-2.63,7.51,212.35,509.63,1.6406297997851689,1.6435341
1993-02-18,0.010545492891291352,1063.722519867661,0.5878082052014266,1.1920928955078125e-07,1.1920929e-07,1.1920929e-07,0.0,10.752,-1.635,-5.61,2.34,237.97,411.07,1.6589390550356897,1.3805686
1993-02-19,0.010536942602408634,1061.5943539845694,0.44833339123719157,1.1920928955078125e-07,1.1920929e-07,1.1920929e-07,0.0,10.752,-5.4,-12.49,1.69,364.23,231.65,1.5858192983723507,1.2408682
1993-02-20,0.010262220557693361,1059.5688060989503,0.5383359709953385,1.1920928955078125e-07,1.1920929e-07,1.1920929e-07,0.0,10.848,-2.95,-8.57,2.67,313.98,317.85,1.5192209333686197,1.2573035
1993-02-21,1.8875932488649407,1061.2826456342427,0.7198125606832715,1.8686646681609256,1.0870994e-05,13.509989,13.51,10.848,1.19,-1.5,3.88,124.94,549.09,1.5753836444526728,2.941926
1993-02-22,0.6911396350921708,1078.852520130576,0.9090440288186635,0.6904516928123937,1.1920929e-07,23.26,23.26,10.848,4.4,-0.68,9.48,218.04,588.12,2.285648376071608,3.8540874
1993-02-23,0.25568084874704666,1087.6463559797453,0.8391467598848017,0.237279392067863,1.1920929e-07,1.1920929e-07,0.0,10.944003,2.955,-3.8,9.71,358.58,461.82,2.7536124718169646,2.2845123
1993-02-24,0.18729557282112821,1084.3510459226786,0.5861209432298738,1.1920928955078125e-07,1.1920929e-07,1.1920929e-07,0.0,10.944003,-2.2,-6.43,2.03,260.46,380.74,2.5679683882694655,1.8982818
1993-02-25,0.18711648572099293,1081.335991562112,0.5029646178945576,1.1920928955078125e-07,1.1920929e-07,1.1920929e-07,0.0,11.039997,-4.43,-9.65,0.79,313.61,297.55,2.4090985362085564,1.6599693
1993-02-26,5.469057658695492,1078.4716992137687,0.5552651211835997,1.1920928955078125e-07,10.25,1.1920929e-07,10.25,11.039997,-3.01,-6.56,0.54,184.81,375.46,2.26728594172761,1.6353164
1993-02-27,12.094928800979973,1075.6809216492145,0.6237545440988586,1.1920928955078125e-07,2.74996,4.015863e-05,2.75,11.039997,-1.325,-4.43,1.78,204.32,438.54,2.137146432103735,1.5038337
1993-02-28,13.195175228205713,1072.9710024124954,0.6391151873413838,1.1920928955078125e-07,1.1920929e-07,1.1920929e-07,0.0,11.136005,-1.065,-5.9,3.77,333.02,394.46,2.0179298771310696,1.4298745
1993-03-01,13.206824670836335,1070.3235826652458,0.721300896366644,1.1920928955078125e-07,1.1920929e-07,1.1920929e-07,0.0,11.136005,0.715,-6.46,7.89,429.62,378.76,1.9078876025527152,1.3805686
1993-03-02,6.564720740099597,1074.1656543070244,0.9601820621704087,6.564720740099597,1.1920929e-07,1.1920929e-07,0.0,11.232,4.765,-2.53,12.06,430.38,510.81,2.0696434075129546,1.3559155
1993-03-03,2.40174945098706,1076.9504331481635,1.0643160435854002,2.401749450897963,1.1920929e-07,4.68,4.68,11.232,6.285,1.87,10.7,232.01,703.84,2.1953934196554936,1.421657
1993-03-04,0.8768758199161764,1105.9947357873777,1.072393772411928,0.8767394723906421,1.1920929e-07,55.43,55.43,11.232,5.995,3.69,8.3,129.79,792.72,4.061507695541123,23.502537
1993-03-05,0.3210058102982889,1134.0564400645515,1.041218519702254,0.3085543261729042,1.1920929e-07,12.64,12.64,11.328006,5.04,2.02,8.06,170.71,704.66,7.359077944259938,7.7821336
1993-03-06,0.12989867358533663,1130.9566257213762,0.9382019355034982,0.10205676382720504,1.1920929e-07,1.1920929e-07,0.0,11.328006,3.52,-0.81,7.85,319.3,581.18,6.891418061324041,4.2978415
1993-03-07,0.06157913510096581,1123.7516863385806,0.9461408558721581,0.03998091562146354,1.1920929e-07,1.1920929e-07,0.0,11.424,3.615,-5.07,12.3,464.98,424.49,5.916042112769733,3.213109
1993-03-08,0.03222753714641909,1117.1912455446873,1.1790317617495991,0.01868806161317325,1.1920929e-07,1.1920929e-07,0.0,11.424,7.03,0.62,13.44,413.45,629.8,5.148522074112382,2.6625252
1993-03-09,0.016803050206709066,1111.1515534912528,1.1244269151887638,0.009105725242922684,1.1920929e-07,1.1920929e-07,0.0,11.520002,6.26,0.64,11.88,389.77,629.5,4.530271229309801,2.317383
1993-03-10,0.00933227986634363,1106.079048996731,1.1145279556685344,0.004883710670259806,1.1920929e-07,0.64,0.64,11.520002,6.195,-0.89,13.28,426.87,579.03,4.068767437418002,2.095506
1993-03-11,0.005526305794894718,1101.43748870458,1.1573534953327118,0.0028394836115805985,1.1920929e-07,1.1920929e-07,0.0,11.520002,6.835,-0.15,13.82,440.98,602.6,3.6877861775324425,1.9475878
1993-03-12,0.006987180752535639,1096.8617936251096,0.7589264107594468,1.1920928955078125e-07,1.1920929e-07,1.1920929e-07,0.0,11.615997,0.485,-5.88,6.85,436.16,399.67,3.3471446643682,1.8161051
1993-03-13,4.475314271239469,1103.155497477993,0.7092439940846875,1.1920928955078125e-07,29.500343,0.77965623,30.28,11.615997,-0.575,-5.16,4.01,280.91,422.63,3.8244543454935336,2.1612473
1993-03-14,31.88749984021996,1098.9311179230958,0.4777860359274962,1.1920928955078125e-07,21.33,1.1920929e-07,21.33,11.712,-6.175,-10.07,-2.28,282.65,277.13,3.4971152057234205,1.8489758
1993-03-15,41.76119318560413,1095.1534925941507,0.40521340873170175,1.1920928955078125e-07,1.1920929e-07,1.1920929e-07,0.0,11.712,-8.36,-16.38,-0.34,553.57,174.19,3.2281970378071687,1.8078874
1993-03-16,40.71449247778385,1091.552031484446,0.606241703367623,1.1920928955078125e-07,1.1920929e-07,1.1920929e-07,0.0,11.712,-2.775,-10.65,5.1,546.37,280.0,2.991098000464045,1.6435341
1993-03-17,36.98228063488766,1095.7534864146312,0.9625761615214696,15.845829963684082,1.1920929e-07,7.16,7.16,11.808002,3.755,-1.51,9.02,331.57,558.9,3.2694846527720185,3.4925098
1993-03-18,23.01600635277044,1110.0926785382364,0.8483445854960007,5.051878580278384,1.1920929e-07,3.32,3.32,11.808002,1.695,-5.0,8.39,412.21,420.46,4.429796191143239,5.2182207
1993-03-19,23.158432783918812,1106.4254624109117,0.5959256373125014,1.1920928955078125e-07,1.1920929e-07,1.1920929e-07,0.0,11.903997,-3.435,-10.13,3.26,517.27,283.27,4.098731609066546,3.434986
1993-03-20,23.040595436912145,1101.8598669495746,0.7547534279013065,1.1920928955078125e-07,1.1920929e-07,1.1920929e-07,0.0,11.903997,-0.015,-6.16,6.13,492.64,387.56,3.720926890808742,2.7282665
1993-03-21,13.285531301365184,1107.037891808263,1.097949663415317,13.285531301365184,1.1920929e-07,0.31,0.31,12.000009,5.335,-0.46,11.13,461.57,597.47,4.152246643981015,3.262415
1993-03-22,4.862108895819018,1110.0628453426355,1.2667355394858604,4.862108895819018,1.1920929e-07,1.1920929e-07,0.0,12.000009,7.475,-0.07,15.02,531.63,607.65,4.42699787524854,4.0923996
1993-03-23,1.7766112171576856,1111.8781951038548,1.4552865640733295,1.7766111829701408,1.1920929e-07,11.35,11.35,12.000009,9.605,5.0,14.21,294.81,880.0,4.600536597399519,5.0456495
1993-03-24,0.6476317627657695,1130.90198516894,1.5155099495301776,0.6466362861498642,1.1920929e-07,36.28,36.28,12.096003,9.85,6.3,13.4,240.32,953.42,6.883446877696769,16.68187
1993-03-25,0.24064315929650293,1144.7052427230328,1.7602295345093064,0.22074592418676275,1.1920929e-07,7.82,7.82,12.096003,12.03,8.05,16.01,245.05,1083.88,9.221050746332372,6.155035
1993-03-26,0.10102310894671324,1136.866490587085,1.5277882371443168,0.0740565428784184,1.1920929e-07,0.1,0.1,12.191998,9.77,7.1,12.44,235.4,1012.55,7.81038977167699,4.5772424
1993-03-27,0.049807536828739396,1136.0778881568067,1.4325608024796288,0.030980633029784592,1.1920929e-07,16.94,16.94,12.191998,8.775,6.33,11.22,166.78,955.21,7.681012148970329,10.765148
1993-03-28,0.02691309358853946,1145.7397880515773,1.4398279730613772,0.015256482074821928,1.1920929e-07,20.61,20.61,12.288,8.6,6.53,10.67,145.08,970.26,9.425340873599865,8.21767
1993-03-29,0.01499450373747745,1146.729210487772,1.5891614869200468,0.008058288944505842,1.1920929e-07,4.5,4.5,12.288,10.13,5.93,14.33,267.76,924.36,9.624953487381088,5.7441516
1993-03-30,0.008424592745680838,1138.0950457879767,1.8456422878653478,0.004389625911365893,1.1920929e-07,1.1920929e-07,0.0,12.288,12.63,7.09,18.17,428.74,1010.3,8.016301330342458,4.453977
1993-03-31,0.004802737410323649,1128.9764025797326,1.7453974288728564,0.002459023339849742,1.1920929e-07,1.1920929e-07,0.0,12.383997,11.74,4.69,18.79,489.41,859.12,6.608345954864225,3.8294342
1993-04-01,0.0027511676702294883,1126.9325900166582,1.780826153268171,0.001394504950566786,1.1920929e-07,8.52,8.52,12.383997,12.09,6.97,17.21,309.47,1008.46,6.3283719012718835,4.0759645
1993-04-02,0.0016122136644774318,1124.9148442954458,1.6498508489630515,0.0008126047737419505,1.1920929e-07,3.2,3.2,12.479998,10.78,5.11,16.45,329.85,883.04,6.063606390372563,3.4103332
1993-04-03,0.0009427522299028639,1119.272288614069,1.208234533561915,0.00047359805291210714,1.1920929e-07,1.1920929e-07,0.0,12.479998,6.025,-0.45,12.5,478.21,587.97,5.380539637202217,3.0076673
1993-04-04,0.0005550602187621305,1112.567983415962,1.276428467874181,0.00027830033701968976,1.1920929e-07,1.1920929e-07,0.0,12.479998,6.955,0.23,13.68,483.83,617.47,4.668246353508162,2.7611372
1993-04-05,0.00031003267829138575,1108.1829838929416,1.2629038362001117,0.00015525663960723303,1.1920929e-07,3.31,3.31,12.576003,6.735,0.49,12.98,361.84,624.69,4.254188234990939,2.8104432
1993-04-06,0.00018196580576132745,1108.6136247559937,0.9948771501987118,9.106568174398852e-05,1.1920929e-07,13.02,13.02,12.576003,3.135,-0.15,6.42,224.62,605.04,4.293170276343798,3.361027
1993-04-07,0.00010189782537606702,1107.8536816000021,1.2183054401482614,5.097487060282839e-05,1.1920929e-07,1.1920929e-07,0.0,12.672003,6.075,-1.63,13.78,521.11,543.15,4.224618450525034,3.0076673
1993-04-08,6.0211173105527495e-05,1103.0029046780162,1.4298975701939303,3.0114650015906786e-05,1.1920929e-07,1.1920929e-07,0.0,12.672003,8.605,-1.01,18.22,550.17,571.81,3.81211329020421,2.6953957
1993-04-09,3.547347228309548e-05,1097.8513633356577,1.6546154955860843,1.77398820596043e-05,1.1920929e-07,1.1920929e-07,0.0,12.767997,10.85,3.08,18.62,510.98,766.31,3.4180421311777103,2.5310423
1993-04-10,2.1367054271019415e-05,1101.1473908344512,1.6408123925970692,1.0684668513025917e-05,1.1920929e-07,14.39,14.39,12.767997,10.67,6.2,15.14,279.03,942.75,3.6651956123934086,4.1006174
1993-04-11,1.2878508823712354e-05,1102.363206610529,1.7243247455722983,6.43966905182941e-06,1.1920929e-07,1.1920929e-07,0.0,12.767997,11.44,4.39,18.49,492.17,841.24,3.760809159271883,3.0816262
1993-04-12,7.755558316919026e-06,1096.8528875514687,2.0462762646581067,3.8779295301714555e-06,1.1920929e-07,1.1920929e-07,0.0,12.863992,14.155,6.52,21.79,500.24,962.79,3.3465133143029906,2.736484
1993-04-13,4.626747752832902e-06,1091.6295055758444,1.8916654503820005,2.313427393403362e-06,1.1920929e-07,1.1920929e-07,0.0,12.863992,12.96,4.62,21.3,518.25,855.46,2.9960104030030754,2.465301
1993-04-14,2.448152347192009e-06,1086.3704428209041,2.091928781580622,1.2240911572207915e-06,1.1920929e-07,1.1920929e-07,0.0,12.959997,14.55,6.38,22.72,511.53,961.73,2.6801916744348073,2.342036
1993-04-15,1.1935403455188126e-06,1081.791189485402,2.493980714569019,5.967737341057971e-07,1.1920929e-07,1.1920929e-07,0.0,12.959997,17.525,10.48,24.57,472.15,1278.47,2.432438522655595,2.243424
1993-04-16,7.144577969784915e-07,1087.2423065180228,2.4671099544658994,3.572301746141049e-07,1.1920929e-07,18.56,18.56,12.959997,17.26,11.68,22.84,308.71,1374.27,2.730146923614887,2.991232
1993-04-17,4.315100314747973e-07,1092.8249084064967,1.8143889993579347,2.1575548123966682e-07,1.1920929e-07,3.45,3.45,13.0560055,12.035,3.81,20.26,437.27,800.97,3.0728380984217294,2.588566
1993-04-18,2.5931512486291907e-07,1089.6814428062657,1.4780617370379057,1.296577305422945e-07,1.1920929e-07,1.1920929e-07,0.0,13.0560055,8.845,2.48,15.21,472.1,728.78,2.8749038883094857,2.3256006
1993-04-19,1.5429953605030585e-07,1085.071670626829,1.7737513549986514,1.1920928955078125e-07,1.1920929e-07,1.1920929e-07,0.0,13.152002,11.67,3.14,20.2,532.65,775.38,2.6074657357748765,2.2269886
1993-04-20,8.230649959587481e-08,1079.880150697496,2.1930374759636697,1.1920928955078125e-07,1.1920929e-07,1.1920929e-07,0.0,13.152002,15.18,7.62,22.74,497.28,1049.79,2.3359442034025495,2.1448119
1993-04-21,4.2623276683014803e-08,1077.3264899534083,2.2186999834834515,1.1920928955078125e-07,1.1920929e-07,4.48,4.48,13.152002,15.41,8.74,22.08,356.84,1139.16,2.2129502873091424,2.1530297
1993-04-22,2.558328146856327e-08,1082.3632538547579,1.4286634627772725,1.1920928955078125e-07,1.1920929e-07,11.79,11.79,13.248,8.195,1.67,14.72,358.05,690.43,2.4620916860016795,2.2598593
1993-04-23,1.5387008064305113e-08,1084.6333581728502,1.4413941077176837,1.1920928955078125e-07,1.1920929e-07,1.1920929e-07,0.0,13.248,8.3,2.33,14.27,451.58,721.96,2.5833700985099104,1.9886762
1993-04-24,9.247928658170906e-09,1080.3839454271197,1.769517302725645,1.1920928955078125e-07,1.1920929e-07,1.1920929e-07,0.0,13.331445,11.485,2.29,20.68,544.91,718.05,2.361004473352273,1.8571935
1993-04-25,5.521067719607165e-09,1076.0747889177371,2.3552168305854084,1.1920928955078125e-07,1.1920929e-07,1.1920929e-07,0.0,13.343997,16.175,8.08,24.27,501.36,1086.42,2.1550503231234415,1.7996697
1993-04-26,1.0560946426299995e-09,1071.7348105434933,2.439453345850769,1.1920928955078125e-07,1.1920929e-07,10.85,10.85,13.343997,16.825,10.12,23.53,334.57,1249.98,1.9657781135748205,1.9886762
1993-04-27,-5.933918680749368e-09,1067.68650787467,1.6672870770568395,1.1920928955078125e-07,1.1920929e-07,7.31,7.31,13.439992,10.6,2.49,18.71,380.31,733.33,1.804241481214314,1.8736287
1993-04-28,-1.3748671822578322e-08,1063.8595892623118,1.6171508726121517,1.1920928955078125e-07,1.1920929e-07,1.1920929e-07,0.0,13.439992,10.175,-0.23,20.58,558.11,599.33,1.663762440252779,1.7339284
1993-04-29,-2.068630185827159e-08,1060.1835587058565,1.9445891736432208,1.1920928955078125e-07,1.1920929e-07,1.1920929e-07,0.0,13.439992,13.17,2.49,23.85,554.24,729.28,1.5391323576458527,1.7010577
1993-04-30,-2.5044945863243956e-08,1056.587920204742,2.264155462920713,1.1920928955078125e-07,1.1920929e-07,1.1920929e-07,0.0,13.536,15.59,5.36,25.82,538.66,892.8,1.4262647141304379,1.6517516
1993-05-01,-2.512274091291015e-08,1053.0021777584054,2.543852755074214,1.1920928955078125e-07,1.1920929e-07,1.1920929e-07,0.0,13.536,17.58,8.93,26.23,492.81,1154.24,1.3219509453070288,1.6024457
1993-05-02,-1.9217824082684948e-08,1049.3558353662852,2.4785440003354466,1.1920928955078125e-07,1.1920929e-07,1.1920929e-07,0.0,13.542794,17.195,8.26,26.13,499.77,1100.54,1.223694731556199,1.5531397
1993-05-03,2.7696842052770777e-09,1045.684023116652,2.597006576691081,1.1920928955078125e-07,1.1920929e-07,1.1920929e-07,0.0,13.632003,17.925,11.34,24.51,412.4,1347.29,1.1321306462751644,1.5202689
1993-05-04,4.462200166600099e-08,1042.0631491480788,2.5096393612988996,1.1920928955078125e-07,1.1920929e-07,7.36,7.36,13.632003,17.41,13.33,21.49,210.09,1535.68,1.0485486322523585,1.6517516
1993-05-05,9.785020928689965e-08,1038.4777796621966,2.6879338740415264,1.1920928955078125e-07,1.1920929e-07,17.3,17.3,13.668831,18.575,14.29,22.86,219.44,1633.73,0.9718678391133475,1.9722408
1993-05-06,1.539639843847383e-07,1034.9124673694278,2.848880925611968,1.1920928955078125e-07,1.1920929e-07,1.1920929e-07,0.0,13.728,19.545,13.09,26.0,405.31,1511.88,0.9011775146399794,1.6106633
1993-05-07,2.0447300427628208e-07,1031.3517649801952,2.673901950556364,1.1920928955078125e-07,1.1920929e-07,1.1920929e-07,0.0,13.728,18.53,10.9,26.16,457.81,1312.28,0.8357105587912353,1.4873983
1993-05-08,2.4088694627829635e-07,1027.7802252049205,2.6496892554959968,1.204436182054504e-07,1.1920929e-07,1.1920929e-07,0.0,13.764828,18.39,10.83,25.95,457.92,1306.65,0.7748216366735882,1.4052216
1993-05-09,2.547154877075462e-07,1024.1824007540265,2.8625184672648625,1.273579060537223e-07,1.1920929e-07,1.1920929e-07,0.0,13.8239975,19.685,12.86,26.51,426.01,1477.56,0.7179691782381459,1.4545276
1993-05-10,2.3746830588079675e-07,1020.5428443379352,2.9363422780284694,1.1920928955078125e-07,1.1920929e-07,15.7,15.7,13.8239975,20.18,12.04,28.32,352.77,1403.6,0.6647004528267878,1.544922
1993-05-11,1.8065507811481337e-07,1016.8461086670691,3.013873202322673,1.1920928955078125e-07,1.1920929e-07,1.1920929e-07,0.0,13.830791,20.68,13.31,28.05,441.92,1532.66,0.6146390708465606,1.3723509
1993-05-12,-1.8027210616896118e-07,1013.2183512823111,3.065915297987303,1.1920928955078125e-07,1.1920929e-07,2.04,2.04,13.919997,20.925,14.24,27.61,374.44,1627.12,0.5691790092129944,1.5284866
1993-05-13,-1.169904974435709e-06,1009.8832752252275,2.8230087296749122,1.1920928955078125e-07,1.1920929e-07,11.02,11.02,13.919997,19.57,13.96,25.18,276.24,1590.0,0.5303589792676463,1.6764047
1993-05-14,-2.655009530659416e-06,1006.8561811236409,2.3699414311008162,1.1920928955078125e-07,1.1920929e-07,8.12,8.12,13.919997,16.68,11.21,22.15,280.0,1336.69,0.4974209407136005,1.470963
1993-05-15,-4.497096591267802e-06,1004.1497323376223,2.3449982069902435,1.1920928955078125e-07,1.1920929e-07,1.1920929e-07,0.0,14.016,16.435,8.69,24.18,477.98,1136.02,0.46970780763102654,1.3641332
1993-05-16,-6.5576769726885885e-06,1001.7765922272423,2.6501398420144944,1.1920928955078125e-07,1.1920929e-07,1.1920929e-07,0.0,14.016,18.52,10.75,26.29,470.52,1300.26,0.44668108146052776,1.2737389
1993-05-17,-8.698261491349492e-06,999.7494241525718,2.8681778336302335,1.1920928955078125e-07,1.1920929e-07,1.1920929e-07,0.0,14.016,19.895,13.04,26.75,431.0,1507.48,0.42790749391228755,1.2326505
1993-05-18,-1.0780360963678234e-05,998.0808914736815,2.872844501264783,1.1920928955078125e-07,1.1920929e-07,5.71,5.71,14.099442,19.85,14.62,25.08,263.87,1669.74,0.4130487079879781,1.6270987
1993-05-19,-1.2665486206102531e-05,996.7836575506424,2.578037497781958,1.1920928955078125e-07,1.1920929e-07,15.51,15.51,14.111998,18.025,13.04,23.01,260.04,1508.43,0.40185388818632506,1.4545276
1993-05-20,-1.4215148035050102e-05,995.870385743525,1.9078821512564172,1.1920928955078125e-07,1.1920929e-07,3.64,3.64,14.111998,13.085,8.09,18.08,272.11,1087.18,0.3941550553951011,1.3394803
1993-05-21,-1.5290857266948666e-05,995.3537394124004,1.5957438970980766,1.1920928955078125e-07,1.1920929e-07,1.1920929e-07,0.0,14.111998,10.245,2.67,17.82,495.84,745.93,0.38986525818679324,1.2244328
1993-05-22,-1.575412471822595e-05,995.2463819173391,1.7564410034514564,1.1920928955078125e-07,1.1920929e-07,1.1920929e-07,0.0,14.207997,11.66,4.42,18.9,479.29,845.37,0.38897972744604103,1.1997799
1993-05-23,-1.5466461205309665e-05,995.5609766184122,1.8574877589596048,1.1920928955078125e-07,1.1920929e-07,1.1920929e-07,0.0,14.207997,12.55,4.14,20.96,516.54,823.44,0.39158034542225084,1.1586915
1993-05-24,-1.4289377544627531e-05,996.3101868756903,2.3965211328072735,1.1920928955078125e-07,1.1920929e-07,1.1920929e-07,0.0,14.207997,16.7,8.5,24.9,498.7,1119.95,0.3978439672618664,1.1176032
1993-05-25,-1.2084384552607278e-05,997.5066760492442,2.757773255695475,1.1920928955078125e-07,1.1920929e-07,1.1920929e-07,0.0,14.207997,19.035,12.88,25.19,410.86,1479.71,0.40805540225528364,1.0765148
1993-05-26,-8.7129930456766e-06,999.1631074991448,2.6311079161911404,1.1920928955078125e-07,1.1920929e-07,5.12,5.12,14.291445,18.115,13.46,22.77,249.33,1546.99,0.42262622096737834,1.1176032
1993-05-27,-4.68394202510531e-06,999.6927186753707,2.2316717823359253,1.1920928955078125e-07,1.1920929e-07,1.1920929e-07,0.0,14.304,15.355,6.68,24.03,522.48,981.8,0.42739384716561424,1.0436441
1993-05-28,-1.3483336747527135e-06,997.5442455388038,2.685989484427081,1.1920928955078125e-07,1.1920929e-07,1.1920929e-07,0.0,14.304,18.475,9.64,27.31,518.56,1210.99,0.40838024835999936,1.0025557
1993-05-29,5.456160494948752e-07,994.0744281250261,3.1829196565277673,2.7280876898962125e-07,1.1920929e-07,1.1920929e-07,0.0,14.304,21.43,14.22,28.64,456.68,1616.21,0.379442795020991,0.97790277
1993-05-30,5.478212913573036e-07,990.8206190360755,2.8831539861406537,2.7391139594906995e-07,1.1920929e-07,1.1920929e-07,0.0,14.304,19.79,12.91,26.67,454.3,1496.3,0.35417257271655117,0.94503206
1993-05-31,2.384403911005479e-07,989.279625023415,2.680070367548187,1.1922033768482422e-07,1.1920929e-07,1.1920929e-07,0.0,14.387447,18.48,13.63,23.33,359.14,1560.41,0.34279897463843007,0.92859674
1993-06-01,2.979592281663457e-08,988.4415582097233,2.5380291004765825,1.1920928955078125e-07,1.1920929e-07,3.26,3.26,14.4000025,17.565,11.45,23.68,351.59,1356.14,0.33676755354208787,0.95324975
1993-06-02,-2.3594587633667357e-08,986.9186676936695,2.059762683450539,1.1920928955078125e-07,1.1920929e-07,1.1920929e-07,0.0,14.4000025,14.145,5.49,22.8,538.71,900.55,0.3260778973055792,0.895726
1993-06-03,-1.3516182615703047e-08,983.6144659770587,2.516592684555705,1.1920928955078125e-07,1.1920929e-07,1.1920929e-07,0.0,14.4000025,17.505,10.33,24.68,476.92,1266.13,0.30403698822521513,0.895726
1993-06-04,-7.679261497789837e-09,983.7675146390407,2.9666341855611473,1.1920928955078125e-07,1.1920929e-07,7.35,7.35,14.4000025,20.285,13.99,26.58,372.22,1593.87,0.30502420042567024,0.91216135
1993-06-05,-4.63172801826495e-09,995.9978927165757,2.9947473174136707,1.1920928955078125e-07,1.1920929e-07,22.47,22.47,14.4000025,20.235,13.28,27.19,340.65,1530.35,0.39522100839588725,1.2408682
1993-06-06,-2.7938350762779693e-09,1002.939861605588,2.636337101618771,1.1920928955078125e-07,1.1920929e-07,1.1920929e-07,0.0,14.4368305,17.915,9.42,26.41,516.42,1194.2,0.45782376131635294,0.9614674
1993-06-07,-1.6774241955065784e-09,999.9058215783389,2.7487857105554694,1.1920928955078125e-07,1.1920929e-07,1.1920929e-07,0.0,14.496003,18.6,10.81,26.39,492.13,1304.66,0.4293273667744437,0.8792907
1993-06-08,-9.444423919919522e-10,996.438314652583,3.4145606486256606,1.1920928955078125e-07,1.1920929e-07,1.1920929e-07,0.0,14.496003,22.375,14.9,29.85,464.97,1700.18,0.39892514213487607,0.8628554
1993-06-09,-2.2395432588177595e-10,992.4705461801377,3.8936151168461177,1.1920928955078125e-07,1.1920929e-07,1.1920929e-07,0.0,14.496003,24.75,17.42,32.08,449.61,1993.6,0.3667688136277169,0.83820236
1993-06-10,3.578541279385366e-10,988.2503031146741,3.89569209971196,1.1920928955078125e-07,1.1920929e-07,1.1920929e-07,0.0,14.496003,24.835,16.62,33.05,478.84,1886.93,0.3354060639876529,0.78067863
1993-06-11,6.196295404959137e-10,984.0311254245477,3.8474551196282905,1.1920928955078125e-07,1.1920929e-07,1.1920929e-07,0.0,14.496003,24.69,17.6,31.78,439.24,2018.61,0.3067320944743491,0.747808
1993-06-12,4.4712683279484097e-10,980.5878518832723,3.429438681720603,1.1920928955078125e-07,1.1920929e-07,1.1920929e-07,0.0,14.496003,22.73,17.23,28.23,373.6,1973.39,0.28515761632251024,0.73137265
1993-06-13,2.6753127190113513e-10,988.1640643720915,2.9449502367624794,1.1920928955078125e-07,1.1920929e-07,20.96,20.96,14.496003,19.97,15.82,24.12,227.47,1792.0,0.3347939572450142,1.0272088
1993-06-14,1.6006051436146727e-10,997.3910248930961,2.5269134678648033,1.1920928955078125e-07,1.1920929e-07,5.44,5.44,14.496003,17.23,13.25,21.21,227.75,1528.93,0.4070570410057666,1.1258208
1993-06-15,9.545086132219624e-11,997.0221274271116,2.758776381263905,1.1920928955078125e-07,1.1920929e-07,1.1920929e-07,0.0,14.496003,18.71,12.09,25.33,452.18,1407.21,0.4038888179198766,0.91216135
1993-06-16,5.5376248342703034e-11,993.7659708946511,3.081385128313533,1.1920928955078125e-07,1.1920929e-07,1.1920929e-07,0.0,14.502797,20.64,13.3,27.98,473.85,1531.81,0.3769717893896593,0.84642
1993-06-17,3.184500090169933e-11,990.0356898868091,3.3027505358519553,1.1920928955078125e-07,1.1920929e-07,1.1920929e-07,0.0,14.532827,21.865,14.49,29.24,467.77,1656.72,0.34833287213938763,0.7888963
1993-06-18,1.5951931138246712e-11,986.0539600050711,3.716044129902157,1.1920928955078125e-07,1.1920929e-07,1.1920929e-07,0.0,14.532827,23.995,17.61,30.38,414.99,2020.91,0.3201599647608687,0.7642433
1993-06-19,8.537268025085186e-12,982.3867134036523,3.9279340788290065,1.1920928955078125e-07,1.1920929e-07,0.95,0.95,14.57945,24.985,18.52,31.45,388.79,2136.71,0.2962323465623541,0.7888963
1993-06-20,2.855824558040028e-12,978.7602968775305,3.6940927081308974,1.1920928955078125e-07,1.1920929e-07,1.1920929e-07,0.0,14.57945,23.965,16.69,31.24,451.57,1896.94,0.27433013982901877,0.78067863
1993-06-21,-2.1942073467645734e-12,975.0790009680131,3.602556413369523,1.1920928955078125e-07,1.1920929e-07,1.1920929e-07,0.0,14.57945,23.59,17.39,29.79,408.06,1996.03,0.2537521568211114,0.72315496
1993-06-22,-5.161713860073328e-12,971.4385853520224,3.1905982707848146,1.1920928955078125e-07,1.1920929e-07,1.1920929e-07,0.0,14.57945,21.54,16.38,26.7,365.91,1856.22,0.23492109284783566,0.70671964
1993-06-23,-4.613307568866177e-12,967.9342668861425,3.1984605920778613,1.1920928955078125e-07,1.1920929e-07,1.1920929e-07,0.0,14.57945,21.645,15.25,28.04,431.8,1729.11,0.21811534650054595,0.6738489
1993-06-24,-2.395948675323048e-12,964.5510396432783,3.0953574048609176,1.1920928955078125e-07,1.1920929e-07,1.1920929e-07,0.0,14.57945,21.14,13.53,28.75,481.2,1552.31,0.20303192739261072,0.6491959
1993-06-25,-7.560045578325351e-13,961.228475412582,3.105312603260975,1.1920928955078125e-07,1.1920929e-07,1.1920929e-07,0.0,14.532827,21.31,13.53,29.09,482.94,1553.09,0.1892345722828885,0.62454295
1993-06-26,-4.4933807776483735e-14,957.9571746144205,3.1524939202941424,1.1920928955078125e-07,1.1920929e-07,1.1920929e-07,0.0,14.502797,21.665,13.85,29.48,484.0,1577.88,0.17656645367699328,0.6327606
1993-06-27,-2.1954862772655136e-14,954.8613323324738,3.1617794748767163,1.1920928955078125e-07,1.1920929e-07,4.3,4.3,14.496003,21.78,14.09,29.47,359.31,1611.41,0.16535979559944858,0.7395903
1993-06-28,-7.830201457837166e-15,952.0337405244443,3.226922299624706,1.1920928955078125e-07,1.1920929e-07,1.1920929e-07,0.0,14.496003,22.185,14.11,30.26,491.09,1592.73,0.15574684648040582,0.59167224
1993-06-29,-6.782556993327926e-16,949.331747686269,3.4923230956276794,1.1920928955078125e-07,1.1920929e-07,0.95,0.95,14.496003,23.615,16.13,31.1,445.23,1822.55,0.14708350358437014,0.5505839
1993-06-30,-1.9792265819879972e-16,948.6418090306781,3.2751492022023285,1.1920928955078125e-07,1.1920929e-07,0.5,0.5,14.496003,22.505,15.7,29.31,428.11,1782.99,0.14494969525461246,0.5752369
1993-07-01,-7.378679301177997e-17,955.0367296305861,3.574777173319655,1.1920928955078125e-07,1.1920929e-07,8.22,8.22,14.496003,23.92,18.07,29.77,290.71,2073.17,0.1659752703366842,0.6327606
1993-07-02,-9.525617117130185e-19,968.986846304397,3.7238810294516846,1.1920928955078125e-07,1.1920929e-07,28.03,28.03,14.496003,24.385,19.13,29.64,268.5,2223.95,0.22303281732925076,5.357921
1993-07-03,6.642875776017982e-18,987.6389720026242,3.97412570099962,1.1920928955078125e-07,1.1920929e-07,19.72,19.72,14.496003,25.2,19.34,31.06,290.34,2250.81,0.33109098161548606,1.6517516
1993-07-04,3.944567169572629e-18,991.8875795198187,3.988978531158252,1.1920928955078125e-07,1.1920929e-07,1.1920929e-07,0.0,14.496003,25.19,18.9,31.48,409.06,2192.1,0.36226782427032067,0.9614674
1993-07-05,2.3531451860073654e-18,990.3362039804252,4.041334649589988,1.1920928955078125e-07,1.1920929e-07,5.27,5.27,14.496003,25.45,18.6,32.3,323.23,2149.73,0.35055716855148633,0.8546377
1993-07-06,1.4019187811557542e-18,991.0810492217668,4.086441332948353,1.1920928955078125e-07,1.1920929e-07,5.34,5.34,14.483447,25.65,18.38,32.92,388.15,2116.56,0.35613166573476907,0.8628554
1993-07-07,7.923647365476821e-19,988.27945515918,4.223226943111442,1.1920928955078125e-07,1.1920929e-07,1.1920929e-07,0.0,14.406797,26.385,19.36,33.41,435.72,2246.38,0.33561323283297817,0.7560257
1993-07-08,4.595114914610864e-19,983.7711389638829,4.288166098698472,1.1920928955078125e-07,1.1920929e-07,1.1920929e-07,0.0,14.4000025,26.75,19.03,34.47,458.87,2204.72,0.30504761727762236,0.6820666
1993-07-09,2.449389350802922e-19,979.1505540609108,4.357727715334512,1.1920928955078125e-07,1.1920929e-07,1.1920929e-07,0.0,14.4000025,27.125,19.45,34.8,454.68,2258.27,0.2766071819155063,0.6409783
1993-07-10,1.2107626794955578e-19,974.5075027096245,4.398686722150337,1.1920928955078125e-07,1.1920929e-07,1.1920929e-07,0.0,14.4000025,27.38,20.29,34.47,433.03,2380.65,0.25069899965034437,0.60810757
1993-07-11,7.005751739648167e-20,972.4511245565681,4.273081267175369,1.1920928955078125e-07,1.1920929e-07,1.1920929e-07,0.0,14.4000025,26.895,20.46,33.33,408.24,2396.05,0.2400138119381315,0.5752369
1993-07-12,3.765056960200357e-20,976.4072309045766,3.893045994248064,1.1920928955078125e-07,1.1920929e-07,14.35,14.35,14.4000025,25.155,18.77,31.54,310.14,2173.8,0.26099246191738895,0.71493727
1993-07-13,2.181061703738205e-20,984.0818198187617,3.9823353094384717,1.1920928955078125e-07,1.1920929e-07,7.68,7.68,14.310795,25.53,18.89,32.17,315.39,2189.72,0.30706163040276613,1.594228
1993-07-14,1.1863906561009856e-20,990.9599340278545,4.072772252948027,1.1920928955078125e-07,1.1920929e-07,10.74,10.74,14.304,25.815,18.66,32.97,329.98,2158.49,0.355219229120713,0.7560257
1993-07-15,6.7323921033353955e-21,993.8422824276984,4.021051578838825,1.1920928955078125e-07,1.1920929e-07,4.36,4.36,14.304,25.535,20.11,30.96,270.03,2348.62,0.37758160774713884,0.6738489
1993-07-16,3.648035535003142e-21,994.2032330858482,3.8781647989161696,1.1920928955078125e-07,1.1920929e-07,4.19,4.19,14.304,24.885,20.06,29.71,248.95,2340.57,0.3804794205325682,0.6656313
1993-07-17,1.857390344937522e-21,992.165372527363,3.6656032776063463,1.1920928955078125e-07,1.1920929e-07,1.1920929e-07,0.0,14.304,23.925,17.79,30.06,407.75,2039.33,0.3644056870078239,0.62454295
1993-07-18,1.0881380106764739e-21,988.0406889730536,3.767184118671879,1.1920928955078125e-07,1.1920929e-07,1.1920929e-07,0.0,14.207997,24.6,18.67,30.53,395.09,2156.79,0.33392020304926456,0.5752369
1993-07-19,6.18647714930061e-22,983.9078875816314,3.95524958281562,1.1920928955078125e-07,1.1920929e-07,1.1920929e-07,0.0,14.207997,25.54,19.98,31.1,372.9,2329.82,0.3059324682406363,0.5670192
1993-07-20,3.7218402466000507e-22,986.0418803638435,4.0445440983352245,1.1920928955078125e-07,1.1920929e-07,11.04,11.04,14.207997,25.9,20.0,31.8,291.12,2332.18,0.3200780587211119,0.7395903
1993-07-21,2.2432463651703834e-22,987.2705489979821,3.7145575028666173,1.1920928955078125e-07,1.1920929e-07,1.1920929e-07,0.0,14.207997,24.365,16.88,31.85,462.29,1920.31,0.3285173221541583,0.5670192
1993-07-22,1.3502547316467268e-22,983.1658792918748,3.6313926993048082,1.1920928955078125e-07,1.1920929e-07,1.1920929e-07,0.0,14.118794,24.15,17.74,30.56,418.45,2033.94,0.3011618308929027,0.5177132
1993-07-23,7.893446579020466e-23,979.3239990053069,3.478368718919384,1.1920928955078125e-07,1.1920929e-07,1.1920929e-07,0.0,14.111998,23.47,18.51,28.43,348.16,2138.74,0.2776252422527781,0.50127786
1993-07-24,-2.9976779338002954e-23,975.7121085312423,3.492295216851944,1.1920928955078125e-07,1.1920929e-07,1.1920929e-07,0.0,14.111998,23.605,17.58,29.63,406.05,2016.0,0.25717788471545117,0.50949556
1993-07-25,-2.0608638282110544e-22,972.3153548074835,3.895318467366965,1.1920928955078125e-07,1.1920929e-07,0.07,0.07,14.111998,25.6,18.9,32.3,426.21,2191.58,0.2393245800504454,0.5505839
1993-07-26,-4.137329200906739e-22,969.0853178571672,3.7397140854007027,1.1920928955078125e-07,1.1920929e-07,15.59,15.59,14.016,25.055,19.53,30.58,282.36,2266.87,0.22349849238601255,0.61632526
1993-07-27,-6.172549665782789e-22,965.9735777034302,3.771996400114102,1.1920928955078125e-07,1.1920929e-07,3.04,3.04,14.016,25.265,19.89,30.64,281.44,2316.36,0.20924259037280254,0.5752369
1993-07-28,-7.809910977154911e-22,962.9317143694093,3.981040078711556,1.1920928955078125e-07,1.1920929e-07,1.1920929e-07,0.0,14.016,26.285,18.57,34.0,465.34,2145.23,0.19618615964302674,0.5259309
1993-07-29,-8.69279888933882e-22,959.9113078782414,4.228644334561244,1.1920928955078125e-07,1.1920929e-07,1.1920929e-07,0.0,14.003442,27.445,20.78,34.11,420.88,2450.5,0.18402804938837838,0.46018952
1993-07-30,-8.464599156650216e-22,956.8639382530632,3.6682916632699842,1.1920928955078125e-07,1.1920929e-07,1.1920929e-07,0.0,13.919997,25.06,17.55,32.57,464.12,2017.33,0.17252484631734338,0.41088352
1993-07-31,-6.768697533404819e-22,953.7411855170114,3.1051505154377237,1.1920928955078125e-07,1.1920929e-07,1.1920929e-07,0.0,13.919997,22.19,15.38,29.0,450.92,1743.58,0.16148263810150093,0.36979514
1993-08-01,-3.961224990142897e-22,950.5443987777599,3.0672268200594757,1.1920928955078125e-07,1.1920929e-07,1.1920929e-07,0.0,13.919997,22.035,13.55,30.52,503.11,1553.38,0.1509103383164108,0.35335982
1993-08-02,-1.80724009558545e-22,947.3049576330649,3.131480331212659,1.1920928955078125e-07,1.1920929e-07,1.1920929e-07,0.0,13.8239975,22.575,14.94,30.21,472.57,1700.44,0.14090284986567092,0.34514216
1993-08-03,-7.036520519763691e-23,943.8936793560957,3.4632016847764144,1.1920928955078125e-07,1.1920929e-07,0.02,0.02,13.8239975,24.405,17.85,30.96,421.27,2046.98,0.13108103237335816,0.3862305
1993-08-04,-4.092764964029812e-23,940.2913781399361,3.3364575059254964,1.1920928955078125e-07,1.1920929e-07,1.1920929e-07,0.0,13.8239975,23.815,17.45,30.18,416.39,2000.46,0.12145145804843585,0.4437542
1993-08-05,-2.3155322293611145e-23,936.9673450942896,3.078448440011675,1.1920928955078125e-07,1.1920929e-07,1.1920929e-07,0.0,13.728,22.59,16.4,28.78,414.84,1859.44,0.11319451082899054,0.39444816
1993-08-06,-1.358507293883156e-23,938.2955143339892,2.791098401184864,1.1920928955078125e-07,1.1920929e-07,8.79,8.79,13.728,20.87,15.0,26.74,304.78,1704.6,0.1164241378106905,0.797114
1993-08-07,-7.67939955395069e-24,948.9037901727603,2.57926789749481,1.1920928955078125e-07,1.1920929e-07,18.2,18.2,13.728,19.33,13.02,25.64,325.24,1505.88,0.14575626752654014,0.84642
1993-08-08,-4.617252282350302e-24,954.8151545959033,2.7249653171990382,1.1920928955078125e-07,1.1920929e-07,1.1920929e-07,0.0,13.632003,20.28,14.06,26.5,428.82,1600.76,0.16519813632643687,0.5259309
1993-08-09,-2.7845662779112026e-24,951.8361141096921,2.8535668283944693,1.1920928955078125e-07,1.1920929e-07,1.1920929e-07,0.0,13.632003,21.125,15.14,27.11,415.01,1721.28,0.15509625851170405,0.48484254
1993-08-10,-1.6238631924985125e-24,948.8170637242483,2.8436899747924493,1.1920928955078125e-07,1.1920929e-07,1.1920929e-07,0.0,13.632003,21.12,14.13,28.11,456.4,1612.22,0.14548876345540096,0.45197186
1993-08-11,-7.066190108349785e-25,945.9944937651342,2.7924534441935847,1.1920928955078125e-07,1.1920929e-07,1.1920929e-07,0.0,13.536,20.98,14.56,27.4,433.42,1663.51,0.13704556422797917,0.4437542
1993-08-12,-1.3706438436630268e-25,943.9181885565686,2.9987332291005493,1.1920928955078125e-07,1.1920929e-07,2.05,2.05,13.536,22.25,16.12,28.38,409.37,1830.51,0.13114909867558894,0.7888963
1993-08-13,-2.376918959968119e-26,943.6414088889255,3.1738262599773304,1.1920928955078125e-07,1.1920929e-07,2.93,2.93,13.536,23.245,18.02,28.47,299.75,2066.65,0.13038248332390895,0.5670192
1993-08-14,-1.3957906746666063e-26,947.963505840418,2.9423680922275404,1.1920928955078125e-07,1.1920929e-07,10.18,10.18,13.439992,21.97,16.89,27.05,271.71,1935.37,0.14288205244557975,0.6902843
1993-08-15,-8.31869694070144e-27,950.215247713045,3.292012300533214,1.1920928955078125e-07,1.1920929e-07,1.1920929e-07,0.0,13.439992,23.89,16.98,30.8,437.53,1938.58,0.149861878829419,0.5177132
1993-08-16,-4.9130953176522616e-27,946.6378745603627,3.336389705693192,1.1920928955078125e-07,1.1920929e-07,1.1920929e-07,0.0,13.350795,24.31,16.99,31.63,448.51,1945.11,0.13892594609225684,0.45197186
1993-08-17,-2.9071384240818913e-27,943.1623366541185,3.3431971959013227,1.1920928955078125e-07,1.1920929e-07,1.1920929e-07,0.0,13.343997,24.42,18.55,30.29,387.7,2143.66,0.12906614029601612,0.42731884
1993-08-18,-1.022957438871803e-27,939.7078093254182,3.327184987927354,1.1920928955078125e-07,1.1920929e-07,1.1920929e-07,0.0,13.343997,24.4,19.06,29.74,359.99,2215.66,0.11995947492094451,0.41910118
1993-08-19,6.251971638221115e-27,936.3423139992592,3.1722645480851703,1.1920928955078125e-07,1.1920929e-07,1.1920929e-07,0.0,13.248,23.75,17.34,30.16,412.92,1986.13,0.11170581559532922,0.39444816
1993-08-20,1.8771568594029348e-26,933.0662290588267,3.2891941344953595,1.1920928955078125e-07,1.1920929e-07,1.1920929e-07,0.0,13.248,24.45,17.59,31.31,426.89,2018.76,0.10421722056432788,0.39444816
1993-08-21,3.5009178120550523e-26,929.8651034636002,3.248361379228401,1.1920928955078125e-07,1.1920929e-07,6.57,6.57,13.248,24.29,17.66,30.92,312.49,2024.56,0.09738514850928752,0.41088352
1993-08-22,5.343814490978226e-26,926.724486173059,3.0571561501042916,1.1920928955078125e-07,1.1920929e-07,1.1920929e-07,0.0,13.152002,23.41,17.75,29.07,376.1,2036.91,0.09111766536006986,0.3862305
1993-08-23,7.25318136537222e-26,923.6299261466824,3.0029146636659236,1.1920928955078125e-07,1.1920929e-07,1.1920929e-07,0.0,13.152002,23.155,16.44,29.87,422.72,1864.37,0.08533675243431622,0.36979514
1993-08-24,9.076352904436796e-26,920.5669723439497,3.1034608641981007,1.1920928955078125e-07,1.1920929e-07,1.1920929e-07,0.0,13.0560055,23.92,16.58,31.26,439.62,1881.04,0.07997612922981656,0.36157748
1993-08-25,1.0660663577371718e-25,917.5211737243403,3.3317780724431767,1.1920928955078125e-07,1.1920929e-07,1.1920929e-07,0.0,13.0560055,25.235,17.91,32.56,429.81,2054.3,0.07497948596801932,0.35335982
1993-08-26,1.1853447853376753e-25,914.4780792473335,3.328200901246546,1.1920928955078125e-07,1.1920929e-07,1.1920929e-07,0.0,13.0560055,25.275,18.26,32.29,416.1,2101.91,0.07029904280331283,0.33692446
1993-08-27,1.2502040201651652e-25,911.4232378724085,3.2696325619577538,1.1920928955078125e-07,1.1920929e-07,0.86,0.86,12.959997,25.15,18.53,31.77,386.62,2133.17,0.06589436942536023,0.59988993
1993-08-28,1.2453775091396193e-25,908.342198559045,3.2567468397528123,1.1920928955078125e-07,1.1920929e-07,1.1920929e-07,0.0,12.959997,25.14,17.96,32.32,420.55,2063.46,0.06173141181099984,0.39444816
1993-08-29,1.1555986991810123e-25,905.2205102667218,3.320658408750911,1.1920928955078125e-07,1.1920929e-07,1.1920929e-07,0.0,12.863992,25.68,18.58,32.78,413.57,2148.58,0.05778168305104957,0.37801284
1993-08-30,9.656010372093221e-26,902.0437219549185,3.342513828321867,1.1920928955078125e-07,1.1920929e-07,1.1920929e-07,0.0,12.863992,25.86,18.98,32.74,403.48,2200.07,0.05402158318850044,0.34514216
1993-08-31,6.504229146702384e-26,898.803653554193,3.2158092633262583,1.1920928955078125e-07,1.1920929e-07,1.1920929e-07,0.0,12.863992,25.235,17.35,33.12,438.82,1989.58,0.050438518530655105,0.3287068
1993-09-01,-4.981353390368778e-26,895.9801620856417,3.321162371356661,1.1920928955078125e-07,1.1920929e-07,1.1920929e-07,0.0,12.767997,26.0,18.45,33.55,423.85,2128.22,0.04751047536343858,0.32048914
1993-09-02,-2.6477494439919523e-25,893.848489370228,3.1590796961331855,1.1920928955078125e-07,1.1920929e-07,8.48,8.48,12.767997,25.15,18.19,32.11,303.18,2088.89,0.045413020019335795,0.6327606
1993-09-03,-5.4276352413739225e-25,892.3636589198152,3.1195711786231133,1.1920928955078125e-07,1.1920929e-07,5.39,5.39,12.672003,25.09,19.31,30.87,266.12,2248.96,0.04400698483031127,0.4437542
1993-09-04,-8.467008572361717e-25,891.4806942462667,2.888960458654078,1.1920928955078125e-07,1.1920929e-07,6.09,6.09,12.672003,23.75,19.46,28.04,213.54,2257.74,0.04319160388675653,0.40266582
1993-09-05,-1.1395085278134278e-24,891.154618861446,2.486088972387893,1.1920928955078125e-07,1.1920929e-07,5.18,5.18,12.65945,21.16,16.09,26.23,252.75,1826.87,0.0428943217089493,0.45197186
1993-09-06,-1.384108119987053e-24,891.3404562772165,2.492532682689552,1.1920928955078125e-07,1.1920929e-07,1.1920929e-07,0.0,12.576003,21.315,14.39,28.24,417.72,1644.22,0.04306349757847159,0.39444816
1993-09-07,-1.5434212178749414e-24,891.9932300054415,2.6457036187790925,1.1920928955078125e-07,1.1920929e-07,1.1920929e-07,0.0,12.576003,22.335,15.93,28.74,392.11,1806.98,0.04366305149703879,0.50949556
1993-09-08,-1.5803694055949862e-24,893.0679635579844,2.522464566803029,1.1920928955078125e-07,1.1920929e-07,3.17,3.17,12.479998,21.62,15.75,27.49,329.39,1787.22,0.04466840284823107,1.717493
1993-09-09,-1.4578742672650803e-24,894.5196804467087,2.6336997868877923,1.1920928955078125e-07,1.1920929e-07,9.48,9.48,12.479998,22.34,16.69,27.99,267.42,1893.0,0.04606325112862448,0.60810757
1993-09-10,-1.1388573870031177e-24,896.3034041834777,2.5164914787688324,1.1920928955078125e-07,1.1920929e-07,6.55,6.55,12.383997,21.65,16.31,26.99,257.25,1853.22,0.04783687923367366,0.5505839
1993-09-11,-6.77110188312475e-25,897.4922920399846,1.877718372224288,1.1920928955078125e-07,1.1920929e-07,1.1920929e-07,0.0,12.383997,16.665,8.82,24.51,454.75,1145.76,0.04905680624762967,0.42731884
1993-09-12,-3.3316692920547135e-25,896.3180633405027,1.7376017254128506,1.1920928955078125e-07,1.1920929e-07,1.1920929e-07,0.0,12.383997,15.405,6.22,24.59,484.6,947.19,0.04785173481629702,0.37801284
1993-09-13,-1.6199922877503694e-25,894.2094417996398,2.046417157801526,1.1920928955078125e-07,1.1920929e-07,1.1920929e-07,0.0,12.288,18.295,9.39,27.2,464.1,1191.31,0.04576155150389504,0.36157748
1993-09-14,-9.23805761149687e-26,891.7035992075545,2.447058645606162,1.1920928955078125e-07,1.1920929e-07,1.1920929e-07,0.0,12.288,21.39,14.28,28.5,401.58,1628.32,0.043396010590241,0.34514216
1993-09-15,-4.9529167920976224e-26,889.1356905006163,2.681292677488123,1.1920928955078125e-07,1.1920929e-07,1.1920929e-07,0.0,12.191998,23.165,16.86,29.47,363.36,1911.66,0.04109868574029651,0.34514216
1993-09-16,-2.940456120498528e-26,890.1701433057356,2.655405471262668,1.1920928955078125e-07,1.1920929e-07,8.65,8.65,12.191998,22.975,18.28,27.67,216.37,2100.94,0.04200913475775931,0.39444816
1993-09-17,-1.7534815716493475e-26,901.0188837524242,2.41430975718057,1.1920928955078125e-07,1.1920929e-07,18.76,18.76,12.096003,21.25,18.43,24.07,138.77,2118.95,0.05286155674833798,0.58345455
1993-09-18,-1.0392261875642084e-26,909.2877081575206,2.4556141299729592,1.1920928955078125e-07,1.1920929e-07,4.71,4.71,12.096003,21.385,16.8,25.97,218.78,1899.62,0.06298017086154212,1.0929501
1993-09-19,-6.1372786795210194e-27,909.135272646108,2.0413842337799415,1.1920928955078125e-07,1.1920929e-07,1.1920929e-07,0.0,12.096003,18.24,12.4,24.08,361.31,1438.92,0.06277715055241814,0.5423662
1993-09-20,-3.392324555808218e-27,906.7190703865325,1.945383200916348,1.1920928955078125e-07,1.1920929e-07,1.1920929e-07,0.0,12.000009,17.61,12.54,22.68,326.7,1449.6,0.059645166547536016,0.4355365
1993-09-21,-1.9815845186864166e-27,906.4183455354536,2.1158841599860523,1.1920928955078125e-07,1.1920929e-07,5.07,5.07,12.000009,19.03,14.69,23.37,211.98,1679.7,0.059266451492348333,0.4437542
1993-09-22,-1.1165709108354433e-27,905.7265389944845,2.149937422949838,1.1920928955078125e-07,1.1920929e-07,1.1920929e-07,0.0,11.903997,19.45,12.84,26.06,384.27,1469.27,0.05840433494595649,0.41910118
1993-09-23,-6.432370733382416e-28,903.8854034820613,2.0599424804708146,1.1920928955078125e-07,1.1920929e-07,1.1920929e-07,0.0,11.903997,18.76,12.15,25.37,385.79,1412.69,0.0561705539273072,0.37801284
1993-09-24,-2.93042435041477e-28,902.8471185673126,2.1412109926086242,1.1920928955078125e-07,1.1920929e-07,1.1920929e-07,0.0,11.903997,19.435,13.91,24.96,339.07,1589.24,0.054948729219811365,0.36157748
1993-09-25,-7.394541223387807e-29,903.4382771373843,1.8666891571353184,1.1920928955078125e-07,1.1920929e-07,5.13,5.13,11.808002,17.25,12.42,22.08,234.1,1433.39,0.055641092304682685,0.36979514
1993-09-26,-2.3661130604692096e-29,906.1416709333716,1.8829580601946174,1.1920928955078125e-07,1.1920929e-07,4.19,4.19,11.808002,17.345,12.69,22.0,227.08,1458.53,0.058920148120568665,0.41910118
1993-09-27,-1.1136381840053594e-29,910.2452603601654,2.1308247021457016,1.1920928955078125e-07,1.1920929e-07,1.53,1.53,11.712,19.49,14.14,24.84,315.49,1607.26,0.06427058278337273,0.41910118
1993-09-28,-3.0121048924292917e-30,913.787715063718,1.5293453361083547,1.1920928955078125e-07,1.1920929e-07,7.99,7.99,11.712,13.915,6.31,21.52,333.79,954.28,0.06927855769194598,0.41088352
1993-09-29,-8.704834440823609e-31,914.9013133523891,1.4440916885454396,1.1920928955078125e-07,1.1920929e-07,1.1920929e-07,0.0,11.615997,13.1,5.87,20.33,413.16,920.93,0.07093207906583597,0.36979514
1993-09-30,-4.448464213188043e-31,914.3102102849078,1.2465558880556569,1.1920928955078125e-07,1.1920929e-07,1.1920929e-07,0.0,11.615997,10.76,3.78,17.74,408.84,797.99,0.07004952681987242,0.3287068
1993-10-01,-1.7762226644678474e-31,913.0926725672654,1.0354608603891362,1.1920928955078125e-07,1.1920929e-07,1.1920929e-07,0.0,11.615997,7.88,-0.16,15.92,438.24,603.82,0.06826612131515361,0.31227148
1993-10-02,-8.876687217715042e-32,911.8398808376219,1.3080691399419233,1.1920928955078125e-07,1.1920929e-07,1.1920929e-07,0.0,11.520002,11.7,1.97,21.43,455.76,704.7,0.06647846043214838,0.3287068
1993-10-03,-2.5679926441514447e-32,910.4706372424081,1.5727872145151376,1.1920928955078125e-07,1.1920929e-07,1.1920929e-07,0.0,11.520002,14.7,6.34,23.06,421.03,950.34,0.06457812805270963,0.3287068
1993-10-04,2.514172599542292e-32,908.9500488387317,1.4356572134623757,1.1920928955078125e-07,1.1920929e-07,1.1920929e-07,0.0,11.424,13.38,4.58,22.18,427.14,853.5,0.06253134188830617,0.31227148
1993-10-05,4.819525407765786e-32,907.2981968778835,1.6735503311017839,1.1920928955078125e-07,1.1920929e-07,1.1920929e-07,0.0,11.424,15.915,7.21,24.62,412.92,1016.59,0.06038131515232058,0.30405378
1993-10-06,3.397445333137934e-32,905.577333358276,1.6916072359401109,1.1920928955078125e-07,1.1920929e-07,1.1920929e-07,0.0,11.340561,16.245,9.77,22.72,351.01,1221.89,0.058220047964077565,0.29583612
1993-10-07,1.6358346229200765e-32,904.025612577767,1.3911170082942586,1.1920928955078125e-07,1.1920929e-07,1.1920929e-07,0.0,11.328006,13.095,6.0,20.19,374.97,930.36,0.056337616961445756,0.29583612
1993-10-08,5.509768172608262e-33,902.4963293953992,1.5819894400613295,1.1920928955078125e-07,1.1920929e-07,1.1920929e-07,0.0,11.328006,15.215,7.37,23.06,386.29,1029.77,0.05454196586046951,0.31227148
1993-10-09,2.6020966578463837e-33,901.0544584371867,1.7351857501405685,1.1920928955078125e-07,1.1920929e-07,1.1920929e-07,0.0,11.232,16.91,8.19,25.63,395.79,1099.99,0.052901403696974096,0.32048914
1993-10-10,1.2323580792794043e-33,901.2337442598622,1.6876270222296228,1.1920928955078125e-07,1.1920929e-07,5.97,5.97,11.232,16.445,9.07,23.82,269.56,1165.37,0.053102678053182875,0.32048914
1993-10-11,4.088107403074406e-34,903.3879057680346,0.9805351313635531,1.1920928955078125e-07,1.1920929e-07,1.1920929e-07,0.0,11.136005,7.855,3.28,12.43,269.63,770.53,0.055581759049962674,0.31227148
1993-10-12,1.9705580581293717e-34,906.6732579575003,0.9409801377846853,1.1920928955078125e-07,1.1920929e-07,11.95,11.95,11.136005,7.165,3.65,10.68,163.4,790.08,0.05958731722098566,0.39444816
1993-10-13,7.938382682257182e-35,907.3016178409712,1.0419703603415424,1.1920928955078125e-07,1.1920929e-07,1.1920929e-07,0.0,11.136005,8.73,1.88,15.58,362.42,698.64,0.060385690545826515,0.46018952
1993-10-14,2.074249613734396e-36,906.1390287228375,1.187951852603537,1.1920928955078125e-07,1.1920929e-07,1.1920929e-07,0.0,11.039997,10.945,3.36,18.53,375.85,779.44,0.0589168507365852,0.36979514
1993-10-15,-1.3723062690049735e-35,904.6700777917242,1.3217910303680238,1.1920928955078125e-07,1.1920929e-07,1.1920929e-07,0.0,11.039997,12.675,4.17,21.18,388.17,822.54,0.05711192885445009,0.35335982
1993-10-16,-6.890240679856348e-36,904.0224944923533,1.353984440783133,1.1920928955078125e-07,1.1920929e-07,1.1920929e-07,0.0,10.944003,13.215,6.47,19.96,338.96,961.99,0.05633389627933609,0.35335982
1993-10-17,-2.0816245029061365e-36,903.6189454740055,1.4860819468841981,1.1920928955078125e-07,1.1920929e-07,1.45,1.45,10.944003,14.735,10.45,19.02,235.4,1275.91,0.05585442595180936,0.36979514
1993-10-18,-3.5268128880751886e-37,902.5255441151326,1.660666069976411,1.1920928955078125e-07,1.1920929e-07,1.1920929e-07,0.0,10.944003,16.585,11.11,22.06,280.35,1328.94,0.05457572701710016,0.3862305
1993-10-19,-1.7073691795532502e-37,900.986310479064,1.7189999317454443,1.1920928955078125e-07,1.1920929e-07,1.1920929e-07,0.0,10.848,17.335,11.97,22.7,272.77,1397.28,0.05282509798196775,0.36979514
1993-10-20,-2.0997985890636308e-38,899.824727291665,1.8765290632978024,1.1920928955078125e-07,1.1920929e-07,2.53,2.53,10.848,18.83,13.94,23.72,215.32,1589.89,0.05154126248241529,0.36157748
1993-10-21,5.896875471312298e-38,899.384440423565,2.036361474046073,1.1920928955078125e-07,1.1920929e-07,1.1920929e-07,0.0,10.752,20.38,14.41,26.35,280.87,1638.14,0.051062833243432484,0.36157748
1993-10-22,4.4422391184785116e-38,899.7495309777063,1.3811440470007004,1.1920928955078125e-07,1.1920929e-07,4.2,4.2,10.752,13.9,7.46,20.34,231.01,1040.83,0.051459235597887246,0.36157748
1993-10-23,3.671978321553747e-39,899.4788130507446,1.024607805488902,1.1920928955078125e-07,1.1920929e-07,1.1920929e-07,0.0,10.752,9.15,1.32,16.98,351.72,677.58,0.051165006094861985,0.36157748
1993-10-24,-3.730931837115609e-38,898.5810483003683,1.0121740210904961,1.1920928955078125e-07,1.1920929e-07,1.1920929e-07,0.0,10.655997,9.115,-1.03,19.26,384.98,569.57,0.05020125843423268,0.35335982
1993-10-25,-6.699690131628838e-38,897.4047673034978,1.0984987672367266,1.1920928955078125e-07,1.1920929e-07,1.1920929e-07,0.0,10.655997,10.42,-0.3,21.14,383.66,597.29,0.04896594514403752,0.35335982
1993-10-26,-7.386617293678695e-38,896.2985006370542,1.224444084534168,1.1920928955078125e-07,1.1920929e-07,1.1920929e-07,0.0,10.649202,12.175,4.5,19.85,324.38,840.07,0.0478319110115491,0.35335982
1993-10-27,-5.052734246147531e-38,895.511754566186,1.1935603752753394,1.1920928955078125e-07,1.1920929e-07,0.96,0.96,10.56,11.915,5.74,18.09,279.42,915.78,0.047041434121503745,0.36157748
1993-10-28,-2.795939073163923e-38,894.4817626195396,1.1309176702930381,1.1920928955078125e-07,1.1920929e-07,1.1920929e-07,0.0,10.56,11.075,3.18,18.97,325.57,767.55,0.046026270518863946,0.36157748
1993-10-29,-1.5647302467384164e-38,893.4964949398337,0.8790364786688769,1.1920928955078125e-07,1.1920929e-07,1.1920929e-07,0.0,10.463997,7.3,-1.29,15.89,341.73,558.04,0.045075694939267885,0.34514216
1993-10-30,-9.158930433692111e-39,899.0239412394898,0.9817550211474944,1.1920928955078125e-07,1.1920929e-07,10.91,10.91,10.463997,8.915,2.76,15.07,205.36,741.12,0.050674412350024824,0.46840718
1993-10-31,-1.842308995951642e-12,909.9481732830851,0.7817698487873209,1.1920928955078125e-07,1.1920929e-07,12.93,12.93,10.463997,5.235,0.64,9.83,165.71,640.48,0.06386741974550676,0.747808
1993-11-01,-7.85857647324298e-12,913.8448788524321,0.6569793123682615,1.1920928955078125e-07,1.1920929e-07,0.35,0.35,10.367997,2.71,0.45,4.97,117.35,626.32,0.06936249078306073,0.5341486
1993-11-02,1.2430245908360391e-11,913.4611587920382,0.6281644774267248,1.1920928955078125e-07,1.1920929e-07,1.1920929e-07,0.0,10.367997,2.055,-4.35,8.46,294.08,440.26,0.06880102161847297,0.46018952
1993-11-03,1.4822384489242594e-11,912.7092247146635,0.7503511535864855,1.1920928955078125e-07,1.1920929e-07,1.1920929e-07,0.0,10.367997,4.71,-1.41,10.83,282.57,555.09,0.06771391735820007,0.4355365
1993-11-04,-8.152131741965982e-09,911.8928564383164,0.8353202183104502,1.1920928955078125e-07,1.1920929e-07,1.1920929e-07,0.0,10.272,6.49,-1.48,14.46,325.57,549.69,0.06655309687808185,0.42731884
1993-11-05,-4.536568042056796e-08,911.1638645949256,1.1466294966256345,1.1920928955078125e-07,1.1920929e-07,6.18,6.18,10.272,11.44,4.1,18.78,225.43,824.26,0.06553334919562881,0.46840718
1993-11-06,-1.0265181446551888e-07,910.5023400519664,1.1088838103932372,1.1920928955078125e-07,1.1920929e-07,2.85,2.85,10.272,10.92,5.77,16.07,187.29,922.88,0.06462150704450219,0.5505839
1993-11-07,-1.6888705323054162e-07,909.876696963291,0.6858235016680297,1.1920928955078125e-07,1.1920929e-07,1.12,1.12,10.176,3.69,-0.95,8.33,216.84,576.96,0.06377080058230325,0.50949556
1993-11-08,-2.3294791606935923e-07,909.2553494827517,0.5840716011806417,1.1920928955078125e-07,1.1920929e-07,1.1920929e-07,0.0,10.176,1.33,-5.92,8.58,308.58,394.59,0.06293701933486903,0.45197186
1993-11-09,-2.837109223356945e-07,908.606711764201,0.6441589938907294,1.1920928955078125e-07,1.1920929e-07,1.1920929e-07,0.0,10.176,2.78,-5.37,10.93,323.03,416.23,0.06207824541963584,0.4355365
1993-11-10,-3.100525913832705e-07,907.8991979614908,0.707292439356066,1.1920928955078125e-07,1.1920929e-07,1.1920929e-07,0.0,10.08,4.325,-2.85,11.5,297.77,500.23,0.061154877725930826,0.4355365
1993-11-11,-3.008494425658099e-07,907.1012222284735,0.7784960594374853,1.1920928955078125e-07,1.1920929e-07,1.1920929e-07,0.0,10.08,5.785,-3.78,15.35,330.6,463.87,0.060129919551529236,0.42731884
1993-11-12,-2.4497799523703586e-07,906.1811987190015,0.9326532924026134,1.1920928955078125e-07,1.1920929e-07,1.1920929e-07,0.0,10.08,8.575,-0.81,17.96,321.37,581.43,0.0589694994164357,0.42731884
1993-11-13,-1.4755442502678808e-07,905.0876048986428,1.1001100854285983,1.1920928955078125e-07,1.1920929e-07,1.1920929e-07,0.0,9.996555,11.32,4.34,18.3,271.91,837.0,0.0576192509018107,0.42731884
1993-11-14,-6.784345761487932e-08,903.7333621600555,1.4034518105184413,1.1920928955078125e-07,1.1920929e-07,1.1920929e-07,0.0,9.984,15.3,8.78,21.82,253.05,1142.71,0.055989952302165184,0.42731884
1993-11-15,-2.3034277156437872e-08,902.1204023891286,1.738659811984842,1.1920928955078125e-07,1.1920929e-07,1.1920929e-07,0.0,9.984,18.9,13.65,24.15,208.63,1562.48,0.054109395423878756,0.42731884
1993-11-16,-1.2605542427940732e-08,900.2760383923414,1.5794222365030997,1.1920928955078125e-07,1.1920929e-07,1.1920929e-07,0.0,9.984,17.32,12.79,21.85,185.06,1464.95,0.052036323723133125,0.42731884
1993-11-17,-7.2561593057357465e-09,898.7988213885719,1.3160482377962495,1.1920928955078125e-07,1.1920929e-07,1.1920929e-07,0.0,9.888002,14.495,10.97,18.02,151.87,1317.91,0.05043335636026655,0.4355365
1993-11-18,-4.359815252065465e-09,902.6065728971674,1.1239956922045693,1.1920928955078125e-07,1.1920929e-07,8.65,8.65,9.888002,11.88,6.96,16.8,154.54,1001.3,0.054669475016358896,0.5177132
1993-11-19,-2.6266886811744365e-09,905.9937732911735,0.9796069188541345,1.1920928955078125e-07,1.1920929e-07,1.1920929e-07,0.0,9.888002,9.645,6.07,13.22,158.07,935.31,0.05873586080705462,0.48484254
1993-11-20,-1.5801910477493504e-09,904.9351430201909,0.8385203159234353,1.1920928955078125e-07,1.1920929e-07,1.1920929e-07,0.0,9.881208,7.26,3.69,10.83,160.67,799.96,0.05743347975977057,0.4437542
1993-11-21,-9.39214847686797e-10,904.1676427643387,0.6250007777016449,1.1920928955078125e-07,1.1920929e-07,1.1920929e-07,0.0,9.792,2.975,-4.16,10.11,274.8,450.26,0.056507356485491655,0.41910118
1993-11-22,-4.973756654681956e-10,903.4492365991933,0.6885203783816706,1.1920928955078125e-07,1.1920929e-07,1.1920929e-07,0.0,9.792,4.43,-4.89,13.75,305.86,425.86,0.055654010020025756,0.40266582
1993-11-23,-1.3144279117095474e-10,902.648389166874,0.7851216910796625,1.1920928955078125e-07,1.1920929e-07,1.1920929e-07,0.0,9.792,6.43,-3.56,16.42,308.74,469.27,0.05471791823205647,0.41088352
1993-11-24,7.636346920983146e-11,901.7658657998844,0.8752414020157505,1.1920928955078125e-07,1.1920929e-07,1.1920929e-07,0.0,9.792,8.115,-1.42,17.65,301.19,550.84,0.05370458235717665,0.41088352
1993-11-25,7.409647363896605e-11,900.8101828446552,0.9297984494116794,1.1920928955078125e-07,1.1920929e-07,1.1920929e-07,0.0,9.695997,9.225,2.08,16.37,259.98,719.14,0.05262839615025048,0.41088352
1993-11-26,4.435801879152706e-11,899.9272989660916,0.743161341051527,1.1920928955078125e-07,1.1920929e-07,1.1920929e-07,0.0,9.695997,5.79,1.68,9.9,177.92,692.05,0.05165336226799699,0.41088352
1993-11-27,2.668567780047219e-11,904.6305905188271,0.7287849679122097,1.1920928955078125e-07,1.1920929e-07,13.13,13.13,9.695997,5.415,2.65,8.18,94.54,744.71,0.05706418111783419,0.84642
1993-11-28,1.616103201301621e-11,937.5289604946913,0.8277927443090001,1.1920928955078125e-07,1.1920929e-07,52.55,52.55,9.695997,6.81,2.31,11.31,146.27,719.25,0.11454907778847324,2.3749065
1993-11-29,9.78752354750724e-12,963.7285743828592,0.6667790714322751,1.1920928955078125e-07,1.1920929e-07,1.1920929e-07,0.0,9.6892,3.145,-5.0,11.29,284.71,426.62,0.19952558000162612,0.895726
1993-11-30,5.92814585078759e-12,962.7105638416684,0.6258268255894528,1.1920928955078125e-07,1.1920929e-07,1.1920929e-07,0.0,9.600003,2.36,-4.25,8.97,254.87,437.72,0.195269327138364,0.6656313
1993-12-01,3.3188295721913943e-12,961.9306651038626,0.614582691458878,1.1920928955078125e-07,1.1920929e-07,1.1920929e-07,0.0,9.600003,2.105,-3.61,7.82,228.17,471.9,0.1920701335804833,0.58345455
1993-12-02,1.4836155251662762e-12,961.1561126063294,0.6140878256895674,1.1920928955078125e-07,1.1920929e-07,1.1920929e-07,0.0,9.600003,2.105,-4.55,8.76,251.58,431.6,0.18894474883092244,0.5423662
1993-12-03,6.850117217317082e-13,960.2747599927294,0.8304762459178513,1.1920928955078125e-07,1.1920929e-07,1.1920929e-07,0.0,9.600003,6.645,0.05,13.24,244.64,611.14,0.185450228833662,0.5177132
1993-12-04,4.1273813522875616e-13,964.3567906380215,1.01557472284569,1.1920928955078125e-07,1.1920929e-07,12.73,12.73,9.600003,9.695,4.98,14.41,142.11,879.22,0.20219828375865115,0.62454295
1993-12-05,2.4939401577605124e-13,1000.106330009512,1.1035133777014456,1.1920928955078125e-07,1.1920929e-07,57.56,57.56,9.593208,10.44,7.1,13.78,106.25,1010.16,0.4311546008733295,8.160147
1993-12-06,1.5067740219274782e-13,1025.5117837913747,0.8241031484945653,1.1920928955078125e-07,1.1920929e-07,1.1920929e-07,0.0,9.516553,5.66,-1.58,12.9,258.16,550.04,0.73847301438617,2.1694648
1993-12-07,7.867394640762229e-14,1024.0784474319082,0.8140376278598704,1.1920928955078125e-07,1.1920929e-07,1.1920929e-07,0.0,9.503997,5.515,0.02,11.01,216.24,609.68,0.7163900530470357,1.2326505
1993-12-08,2.3587615803348617e-14,1022.5845513477219,0.7895269753255819,1.1920928955078125e-07,1.1920929e-07,1.1920929e-07,0.0,9.503997,5.075,-1.05,11.2,233.78,570.86,0.6940765683636144,0.97790277
1993-12-09,-2.5726250353988357e-15,1021.1203105438589,0.7910134374232733,1.1920928955078125e-07,1.1920929e-07,1.1920929e-07,0.0,9.503997,5.125,-2.83,13.08,268.45,500.73,0.672880611023457,0.84642
1993-12-10,-2.1936333334338574e-15,1020.0223354889525,0.8423941233109817,1.1920928955078125e-07,1.1920929e-07,0.91,0.91,9.503997,6.095,-0.29,12.48,238.41,599.02,0.657412380559518,0.78067863
1993-12-11,-3.3595728822556197e-07,1020.2327646636476,0.6942491225805527,1.1920928955078125e-07,1.1920929e-07,2.15,2.15,9.503997,3.185,-2.71,9.08,222.59,503.83,0.6603491000993834,0.747808
1993-12-12,7.818320148364854e-05,1020.3703648683963,0.47812197321426814,1.1920928955078125e-07,1.1920929e-07,1.1920929e-07,0.0,9.503997,-2.225,-7.33,2.88,217.03,348.14,0.6622765190948107,0.6574136
1993-12-13,0.0002814236658849528,1019.35995911206,0.5486499499899049,1.1920928955078125e-07,1.1920929e-07,1.1920929e-07,0.0,9.503997,-0.245,-7.08,6.59,258.37,357.71,0.6482533365898507,0.62454295
1993-12-14,0.0002293595496641714,1018.7208488651821,0.6779579461255684,0.00011481128928198757,1.1920929e-07,1.1920929e-07,0.0,9.503997,2.855,-3.84,9.55,252.56,455.13,0.6395369850639572,0.60810757
1993-12-15,0.00013232989634343325,1024.2569829039787,0.6736248523330728,6.62087261689939e-05,1.1920929e-07,11.82,11.82,9.503997,2.68,-0.83,6.19,117.86,578.53,0.7191042784569589,0.92859674
1993-12-16,7.829835089309168e-05,1034.4333442560237,0.787061519837879,3.9164502025144274e-05,1.1920929e-07,13.07,13.07,9.497203,4.865,1.76,7.97,104.14,699.26,0.8920782548826378,1.4545276
1993-12-17,4.5110103089275973e-05,1037.7501915190958,0.7148872074096391,2.256013884805353e-05,1.1920929e-07,1.1920929e-07,0.0,9.467175,3.425,-2.03,8.88,220.82,533.35,0.9570050247886,0.9696851
1993-12-18,-0.00010938470073280091,1036.4700925472116,0.6647783503860966,1.1920928955078125e-07,1.1920929e-07,1.1920929e-07,0.0,9.420558,2.44,-1.56,6.44,175.45,543.13,0.9314053904677659,0.84642
1993-12-19,-0.0003903796102220744,1035.5832452479597,0.6884546332606781,1.1920928955078125e-07,1.1920929e-07,0.87,0.87,9.420558,2.97,-0.77,6.71,164.22,585.4,0.9140727228766914,0.78067863
1993-12-20,-4.4280396784955996e-05,1034.5087790558375,0.558846611201706,1.1920928955078125e-07,1.1920929e-07,1.1920929e-07,0.0,9.420558,-0.065,-5.49,5.36,221.85,415.26,0.8935047560332691,0.73137265
1993-12-21,8.358372689018305,1033.2429728262812,0.5231964374217665,1.1920928955078125e-07,16.943287,0.006714951,16.95,9.420558,-0.995,-3.58,1.59,90.78,468.43,0.8698670386834628,0.81354934
1993-12-22,16.799174646782905,1031.8688745291922,0.5159677423684074,1.1920928955078125e-07,1.1920929e-07,1.1920929e-07,0.0,9.420558,-1.175,-4.67,2.32,163.15,431.56,0.8449144072198705,0.72315496
1993-12-23,16.795597494131847,1030.5213663961315,0.5386338713631513,1.1920928955078125e-07,1.1920929e-07,1.1920929e-07,0.0,9.420558,-0.54,-3.99,2.91,166.78,456.01,0.8211399013515879,0.6820666
1993-12-24,16.795597538858676,1029.2225764201878,0.4674981523264146,1.1920928955078125e-07,1.1920929e-07,1.1920929e-07,0.0,9.467175,-2.61,-7.95,2.73,237.81,338.32,0.7988582947446177,0.6738489
1993-12-25,16.793117856600666,1027.9712467517095,0.45225153382881633,1.1920928955078125e-07,1.1920929e-07,1.1920929e-07,0.0,9.467175,-3.06,-7.9,1.78,225.55,336.06,0.7779629655907953,0.6491959
1993-12-26,17.48525279584707,1026.7629805394408,0.43262417364125266,1.1920928955078125e-07,1.37,1.1920929e-07,1.37,9.497203,-3.71,-9.65,2.23,278.54,296.39,0.7583055468846323,0.62454295
1993-12-27,18.251457846749013,1025.5535459495914,0.4990046093407942,1.1920928955078125e-07,1.1920929e-07,1.1920929e-07,0.0,9.503997,-1.69,-7.56,4.18,277.34,355.54,0.7391265361990379,0.60810757
1993-12-28,18.136001230518843,1024.2571984744336,0.558789613010637,1.1920928955078125e-07,1.1920929e-07,1.1920929e-07,0.0,9.503997,-0.05,-4.04,3.94,211.94,445.09,0.7191075619230031,0.58345455
1993-12-29,22.520753450037954,1023.0802981044064,0.4467343704763777,1.1920928955078125e-07,8.7,1.1920929e-07,8.7,9.503997,-3.22,-6.4,-0.04,136.47,382.75,0.7014031238554879,0.5670192
1993-12-30,26.871778557816246,1021.9730519100111,0.38778100755058825,1.1920928955078125e-07,1.1920929e-07,1.1920929e-07,0.0,9.503997,-5.175,-9.41,-0.94,233.63,300.65,0.685144658034834,0.5505839
1993-12-31,26.874058230300733,1020.9132468737848,0.3889253993226728,1.1920928955078125e-07,1.1920929e-07,1.1920929e-07,0.0,9.503997,-5.12,-11.37,1.13,298.73,263.26,0.6699359160137595,0.5341486
1994-01-01,26.87405823026231,1019.8303484344777,0.4638819116093959,1.1920928955078125e-07,1.1920929e-07,1.1920929e-07,0.0,9.503997,-2.645,-10.16,4.87,282.73,280.0,0.654744431593283,0.61632526
1994-01-02,26.15170540703799,1019.3556094362746,0.6248655252119746,4.789712235680099,1.1920929e-07,1.1920929e-07,0.0,9.503997,1.645,-2.92,6.21,212.84,486.4,0.6481936149026098,0.6656313
1994-01-03,15.362061032667986,1030.343570891974,0.6931396246345527,11.96850872039795,1.1920929e-07,4.16,4.16,9.503997,3.015,0.03,6.0,130.99,613.67,0.8180533688433621,0.6820666
1994-01-04,9.408166767578653,1050.3805962867248,0.6043301522355486,1.1920928955078125e-07,0.0023846175,26.527617,26.53,9.503997,0.72,-1.42,2.86,83.63,555.14,1.2505461926211554,3.2541974
1994-01-05,14.537390675343142,1057.9210995203123,0.5238113985793338,1.1920928955078125e-07,2.0799959,3.905296e-06,2.08,9.563178,-1.53,-4.78,1.72,164.71,426.02,1.4671140910396596,1.6846224
1994-01-06,15.368424250424395,1055.9584299485366,0.5533128573503175,1.1920928955078125e-07,1.1920929e-07,1.1920929e-07,0.0,9.600003,-0.775,-5.41,3.86,225.97,411.2,1.4073740384157514,1.1504738
1994-01-07,10.598228004804959,1058.5513246384373,0.747690243360861,10.598228004804959,1.1920929e-07,1.1920929e-07,0.0,9.600003,3.59,-0.75,7.93,212.16,581.1,1.4868297787027676,1.0847324
1994-01-08,3.884173907822175,1067.1976476920943,0.6989448121656996,3.884173907822175,1.1920929e-07,8.41,8.41,9.600003,2.47,-3.28,8.22,190.78,483.58,1.7856555975533728,1.9393702
1994-01-09,4.409103252724417,1068.4703448102327,0.419718269989731,1.1920928955078125e-07,1.1920929e-07,1.1920929e-07,0.0,9.600003,-4.835,-10.13,0.46,249.51,280.38,1.8344466322622035,1.3641332
1994-01-10,4.409581479821246,1066.2905875169067,0.38306251338728536,1.1920928955078125e-07,1.1920929e-07,1.1920929e-07,0.0,9.600003,-6.065,-11.96,-0.17,267.94,244.09,1.751675944612225,1.1586915
1994-01-11,4.407357160162654,1064.150197978026,0.49095967166700516,1.1920928955078125e-07,1.1920929e-07,1.1920929e-07,0.0,9.6125555,-2.605,-8.87,3.66,275.99,310.13,1.6740352134619432,1.0682971
1994-01-12,3.6460618514011207,1073.8319487155575,0.7673544625416819,3.64606185140112,1.1920929e-07,22.31,22.31,9.695997,3.615,-0.63,7.86,156.95,589.77,2.0550661615710992,3.7719107
1994-01-13,1.332636247296462,1085.586079209715,0.8266165192762686,1.3326340738686127,1.1920929e-07,2.8,2.8,9.695997,4.565,1.15,7.98,157.88,661.64,2.63603146938628,2.637872
1994-01-14,0.48802325591987833,1084.1185459228006,0.6649118396374945,0.48344994099928956,1.1920929e-07,1.1920929e-07,0.0,9.695997,1.36,-2.92,5.64,216.26,493.41,2.5553531886550536,1.7339284
1994-01-15,0.4616464375785142,1081.1590684430673,0.37487362346916037,1.1920928955078125e-07,1.1920929e-07,1.1920929e-07,0.0,9.695997,-6.685,-14.44,1.07,307.02,195.59,2.400087471981794,1.2901742
1994-01-16,0.46164643735255817,1078.5441682043702,0.22496024956029592,1.1920928955078125e-07,1.1920929e-07,1.1920929e-07,0.0,9.708552,-13.415,-18.96,-7.87,268.66,143.7,2.2707688520601357,0.82998466
1994-01-17,0.46163228658333566,1076.0629999737828,0.3392605284543548,1.1920928955078125e-07,1.1920929e-07,1.1920929e-07,0.0,9.792,-8.105,-14.43,-1.78,288.04,200.0,2.1545122658275995,1.4463099
1994-01-18,8.809340397453745,1073.5864923746647,0.3999085052843571,1.1920928955078125e-07,16.69,1.1920929e-07,16.69,9.792,-5.84,-12.93,1.25,253.15,227.18,2.044409479261663,2.2023356
1994-01-19,17.1512867916489,1071.2980400384101,0.20616715637160243,1.1920928955078125e-07,1.1920929e-07,1.1920929e-07,0.0,9.792,-14.55,-21.8,-7.3,348.94,110.8,1.9476759337219753,1.2737389
1994-01-20,17.14933915568413,1069.1748738240815,0.2450763337543451,1.1920928955078125e-07,1.1920929e-07,1.1920929e-07,0.0,9.792,-12.31,-17.51,-7.11,296.98,160.0,1.8620269241901095,0.9861204
1994-01-21,17.14933915568413,1067.0744680416744,0.32815244939234917,1.1920928955078125e-07,1.1920929e-07,1.1920929e-07,0.0,9.888002,-8.57,-13.86,-3.28,300.36,202.35,1.7810027303257432,0.8628554
1994-01-22,17.149339154656413,1064.9292884831332,0.4884676221929933,1.1920928955078125e-07,1.1920929e-07,1.1920929e-07,0.0,9.888002,-3.085,-10.08,3.91,346.45,280.0,1.701889448364535,0.82176703
1994-01-23,15.696516064394851,1064.1175207958297,0.7192963628033935,9.270102500915527,1.1920929e-07,1.1920929e-07,0.0,9.888002,2.5,-4.33,9.33,340.26,438.5,1.6728769447424812,0.9039437
1994-01-24,5.963768669837092,1071.2016277729301,0.8843924528864995,5.963768669837092,1.1920929e-07,1.1920929e-07,0.0,9.900558,5.47,-0.41,11.35,312.83,593.6,1.943702590822916,1.0272088
1994-01-25,2.179940142674758,1072.1176339597664,0.8873149844450922,2.179940141931594,1.1920929e-07,1.1920929e-07,0.0,9.984,5.38,-0.7,11.46,321.49,587.8,1.981782734024371,1.0600795
1994-01-26,0.7951651270868674,1071.8921512546513,0.9543546919583193,0.7948852636412768,1.1920929e-07,2.98,2.98,9.984,6.49,0.6,12.38,240.35,640.0,1.972340320352716,1.0354264
1994-01-27,0.2920383944110252,1072.9579056799732,0.8582182479411543,0.27709915231419324,1.1920929e-07,4.0,4.0,9.984,4.865,-2.17,11.9,260.21,523.44,2.017370172089039,1.0025557
1994-01-28,0.11827208137435341,1082.017199990472,0.7039564261087186,0.09052102391341983,5.581975e-07,18.73,18.73,10.08,1.655,-2.47,5.78,191.33,514.94,2.44411094145926,3.5253804
1994-01-29,0.05735795255577819,1087.6438726382653,0.9064195498687462,0.03668549951749486,1.1920929e-07,1.1920929e-07,0.0,10.08,5.34,0.28,10.4,294.48,627.56,2.753467635234783,3.2459798
1994-01-30,0.030848354341049555,1084.019972526907,0.7404223014629221,0.01778453898637437,1.1920929e-07,1.1920929e-07,0.0,10.08,2.37,-1.46,6.2,232.5,550.78,2.550023427135986,1.8407581
1994-01-31,0.36214782056743594,1081.2198722068522,0.5823859444135175,1.1920928955078125e-07,1.1999419,5.822182e-05,1.2,10.169206,-1.205,-3.0,0.59,121.87,493.49,2.403180527058428,1.4873983
1994-02-01,1.5489642585971066,1078.3457055972722,0.5159484406892936,1.1920928955078125e-07,1.0,1.1920929e-07,1.0,10.176,-2.895,-6.23,0.44,220.18,384.74,2.26124331324644,1.2819566
1994-02-02,1.991289402028167,1075.649834989171,0.4871811693333622,1.1920928955078125e-07,1.1920929e-07,1.1920929e-07,0.0,10.176,-3.665,-8.25,0.92,284.19,331.66,2.135739685751757,1.1422561
1994-02-03,1.9914265032602794,1073.0716656022205,0.5325813981615795,1.1920928955078125e-07,1.1920929e-07,1.1920929e-07,0.0,10.235178,-2.46,-8.5,3.58,334.05,320.6,2.0222370297591246,1.0436441
1994-02-04,1.5742392117928214,1070.8972129137328,0.7075730401987999,1.5739877006047769,1.1920929e-07,1.1920929e-07,0.0,10.272,1.605,-6.33,9.54,369.33,382.45,1.931210167189129,1.0107734
1994-02-05,0.571427942465458,1069.2573771139068,0.7615906505374415,0.5695492691068927,1.1920929e-07,1.1920929e-07,0.0,10.272,2.71,-3.39,8.81,325.85,480.26,1.865283694827884,0.97790277
1994-02-06,0.21379364706371842,1068.1121439913984,0.8176448351664384,0.19124613373694963,1.1920929e-07,2.28,2.28,10.331169,3.695,-1.79,9.18,281.62,545.04,1.8205811301149188,0.97790277
1994-02-07,0.09138549156786975,1066.8457820842953,0.8802818675399061,0.06522989920186259,1.1920929e-07,1.1920929e-07,0.0,10.367997,4.765,-2.68,12.21,353.57,503.94,1.7723966953388954,0.91216135
1994-02-08,0.045288009587105056,1064.3532449921154,0.9015469173002973,0.02768563738798266,1.1920929e-07,0.59,0.59,10.367997,5.16,-3.14,13.46,366.62,479.07,1.6812503717030753,0.8792907
1994-02-09,0.023826906683425318,1065.6975452009606,1.1682456686879237,0.01332608020690025,1.1920929e-07,8.02,8.02,10.457203,8.985,3.02,14.95,231.57,763.38,1.7298101597798201,0.9943381
1994-02-10,0.013801393184063189,1070.6804703351786,0.818527342736031,0.0073761382877333605,1.1920929e-07,7.4,7.4,10.463997,3.485,-4.77,11.74,278.46,423.92,1.9223645591879504,1.1997799
1994-02-11,21.496764641715302,1074.4392339457527,0.5128831573728048,1.1920928955078125e-07,44.34,1.1920929e-07,44.34,10.463997,-3.32,-6.28,-0.36,161.14,383.66,2.0816712752379813,2.8350961
1994-02-12,55.03140782979696,1071.8710737490458,0.5852162273455825,1.1920928955078125e-07,22.489965,3.485322e-05,22.49,10.56,-1.55,-3.3,0.2,101.89,483.22,1.9714599720069421,3.9691346
1994-02-13,63.44064569675246,1070.2657884197154,0.6762274779012598,1.1920928955078125e-07,1.1920929e-07,1.1920929e-07,0.0,10.56,0.55,-1.54,2.64,160.17,544.51,1.9055534887986665,2.3584714
1994-02-14,61.692358939199096,1069.4433929567908,0.7212317200404345,4.028641150676776,1.1920929e-07,1.1920929e-07,0.0,10.56,1.5,-3.32,6.32,335.99,472.25,1.8726474799070023,2.720049
1994-02-15,54.580700956357596,1073.8566092918293,0.7939963811860107,10.422820091247559,1.1920929e-07,1.1920929e-07,0.0,10.655997,2.72,-4.0,9.44,409.13,454.63,2.0561398861285256,2.4570835
1994-02-16,39.56711586766053,1085.7208330546732,0.901639389636591,19.487367630004883,1.1920929e-07,1.1920929e-07,0.0,10.655997,4.45,-3.33,12.23,434.27,477.41,2.643566102724523,2.4077773
1994-02-17,19.99058201423973,1101.2456849893226,0.9131715599756385,19.277782440185547,1.1920929e-07,1.1920929e-07,0.0,10.668552,4.41,-4.85,13.67,460.33,429.15,3.672834453110112,2.1365943
1994-02-18,7.33548236455651,1108.870905619662,1.0087666983087638,7.33548236455651,1.1920929e-07,1.1920929e-07,0.0,10.752,5.69,-4.32,15.7,468.2,440.0,4.316629838948061,1.9475878
1994-02-19,2.6819989939325164,1108.1215612147755,1.1691961877142274,2.6819989939264812,1.1920929e-07,1.1920929e-07,0.0,10.752,7.96,-2.44,18.36,469.68,520.0,4.2486571109401075,1.8982818
1994-02-20,0.9788921777932026,1104.478039649964,1.3235916053512584,0.9788372950518064,1.1920929e-07,1.1920929e-07,0.0,10.848,9.805,0.7,18.91,452.14,631.92,3.9331035591925083,1.8736287
1994-02-21,0.357270219448109,1099.9604243456874,1.3781056468011543,0.34751212289656475,1.1920929e-07,1.1920929e-07,0.0,10.848,10.505,2.84,18.17,424.18,758.47,3.5741963017450247,1.8325404
1994-02-22,0.1397645726493764,1095.965452884044,1.169339068360363,0.11206463690356523,1.1920929e-07,1.36,1.36,10.848,7.995,2.21,13.78,369.57,712.55,3.2841966687396713,1.7339284
1994-02-23,0.06452294205933348,1102.422856569339,1.0067586449633676,0.042322831462104846,1.1920929e-07,19.96,19.96,10.944003,5.48,2.21,8.75,180.61,710.37,3.765563784125595,3.3528094
1994-02-24,0.03341984999240075,1117.585602836209,0.9484320191839869,0.01947643971252606,1.1920929e-07,17.63,17.63,10.944003,4.375,0.83,7.92,198.22,636.35,5.191707575454504,4.914167
1994-02-25,0.01858318631213951,1119.8127554178914,0.9573798056969188,0.010152454237044948,1.1920929e-07,1.1920929e-07,0.0,11.039997,4.355,-2.03,10.74,411.0,532.81,5.442488523217128,2.991232
1994-02-26,0.010843077208704305,1113.6479193814853,0.9070293380340886,0.005715181766524169,1.1920929e-07,1.1920929e-07,0.0,11.039997,3.63,-4.75,12.01,468.48,429.43,4.776260034099046,2.2598593
1994-02-27,0.008633909129962692,1108.4320905237087,0.5753727319455494,1.1920928955078125e-07,1.1920929e-07,1.1920929e-07,0.0,11.039997,-2.895,-8.52,2.73,391.35,322.83,4.276694253479443,1.8654112
1994-02-28,0.008624143881578209,1103.7599578376603,0.6332709930049031,1.1920928955078125e-07,1.1920929e-07,1.1920929e-07,0.0,11.136005,-1.6,-8.84,5.64,450.48,308.89,3.873734365696901,1.6599693
1994-03-01,0.011922706191052394,1099.3100098625216,0.7019907834675435,1.1920928955078125e-07,1.1920929e-07,1.1920929e-07,0.0,11.136005,-0.065,-6.31,6.18,415.13,383.25,3.5252938171360393,1.569575
1994-03-02,0.09027154554782703,1108.2840280127,0.7404579873917523,1.1920928955078125e-07,0.03392975,29.466072,29.5,11.232,0.465,-1.3,2.23,108.71,553.55,4.263302948092958,5.1442614
1994-03-03,2.2270937542465377,1132.5428172494103,0.735787820311145,1.1920928955078125e-07,1.924335,29.115665,31.04,11.232,0.06,-2.45,2.57,149.1,512.42,7.126885394316116,5.1113906
1994-03-04,1.2038214736455028,1139.179193051726,0.9653916089755599,1.2038143544767823,1.1920929e-07,1.1920929e-07,0.0,11.232,3.965,-1.43,9.36,380.17,548.6,8.202513795255562,3.6732986
1994-03-05,0.4373764049096132,1131.1721736988702,1.3614795622923082,0.43193245344608705,1.1920929e-07,1.1920929e-07,0.0,11.328006,9.195,1.86,16.53,445.94,705.91,6.9229532005486165,3.6404278
1994-03-06,0.16639376164577885,1123.7526269085172,1.2050518017169385,0.1398981963266446,1.1920929e-07,1.1920929e-07,0.0,11.328006,7.405,-1.78,16.59,488.96,541.38,5.9161599756644705,2.859749
1994-03-07,0.07429121086850085,1117.03941178014,1.4106215566125717,0.05034212600156123,1.1920929e-07,1.1920929e-07,0.0,11.424,9.815,-0.2,19.83,484.59,597.05,5.131990918905931,2.3749065
1994-03-08,0.037787347175954236,1110.5931761983954,1.709626339937909,0.02242150440012128,1.1920929e-07,1.1920929e-07,0.0,11.424,12.965,4.24,21.69,444.42,819.12,4.4770068721812395,2.111941
1994-03-09,0.020260813347404642,1106.2120727823137,1.2940737887026155,0.011153161779285697,1.1920929e-07,3.08,3.08,11.520002,8.49,0.47,16.51,333.74,624.89,4.080247772792947,1.9475878
1994-03-10,0.011448155339529035,1110.2531490395143,0.8965116655134187,0.006051370940005391,1.1920929e-07,12.71,12.71,11.520002,2.87,-1.04,6.78,207.41,571.1,4.444878494262107,2.1612473
1994-03-11,0.006678356155512888,1111.4848086788386,0.8830584443854965,0.0034506377569282075,1.1920929e-07,1.1920929e-07,0.0,11.520002,2.63,-3.68,8.94,399.04,465.22,4.562362376161406,1.9311525
1994-03-12,0.003934942316075467,1106.1241823665455,0.8180454638021043,0.002004740902208272,1.1920929e-07,1.1920929e-07,0.0,11.615997,1.455,-6.86,9.77,463.96,364.35,4.072658951976684,1.69284
1994-03-13,0.0023198301801339006,1101.3477608295193,0.9936974644070338,0.0011733685168913112,1.1920929e-07,1.1920929e-07,0.0,11.615997,4.4,-4.31,13.11,467.34,443.06,3.680784035598415,1.594228
1994-03-14,0.0011439705605597963,1096.7461363837908,1.19946012760268,0.0005752569162094834,1.1920929e-07,1.1920929e-07,0.0,11.712,7.195,0.51,13.88,400.84,630.07,3.338955004036669,1.5367043
1994-03-15,-8.807298087720652e-05,1092.3211858746843,1.4259338218339477,1.1920928955078125e-07,1.1920929e-07,1.1920929e-07,0.0,11.712,9.945,3.04,16.85,402.64,763.16,3.04022690420446,1.4463099
1994-03-16,-0.0010579368089047767,1088.1536325191512,1.3768033175230376,1.1920928955078125e-07,1.1920929e-07,1.1920929e-07,0.0,11.712,9.455,1.23,17.68,443.45,673.83,2.783358795577372,1.3641332
1994-03-17,-0.0014315718972153025,1084.3247854203175,0.8224531070598555,1.1920928955078125e-07,1.1920929e-07,1.1920929e-07,0.0,11.808002,1.585,-4.69,7.86,391.52,431.44,2.5665404075218676,1.2819566
1994-03-18,-0.0009940951904364426,1080.837014582747,1.0126578192773223,1.1920928955078125e-07,1.1920929e-07,1.1920929e-07,0.0,11.808002,4.72,-2.56,12.0,426.9,507.97,2.383771025468455,1.2573035
1994-03-19,-0.0005069580324197307,1077.246253393848,1.2884202704439847,1.1920928955078125e-07,1.1920929e-07,1.1920929e-07,0.0,11.903997,8.325,0.5,16.15,443.23,634.57,2.209192558861982,1.2244328
1994-03-20,-0.00021629552175585166,1073.8056868924614,1.3879951944560156,1.1920928955078125e-07,1.1920929e-07,1.1920929e-07,0.0,11.903997,9.535,1.25,17.82,455.93,677.55,2.053923335017063,1.1669091
1994-03-21,-0.0001222814130294343,1071.8602499332665,1.6541456887861061,1.1920928955078125e-07,1.1920929e-07,2.75,2.75,12.000009,12.215,5.12,19.31,349.14,882.23,1.9710080442664963,1.1997799
1994-03-22,-7.12312320639471e-05,1074.867016099549,1.3819046052135715,1.1920928955078125e-07,1.1920929e-07,10.06,10.06,12.000009,9.325,3.71,14.94,276.96,796.62,2.1006188784863213,1.3312626
1994-03-23,-4.219108639732975e-05,1076.3193221166287,1.517385895596186,1.1920928955078125e-07,1.1920929e-07,1.1920929e-07,0.0,12.000009,10.775,0.68,20.87,499.86,638.44,2.166241374069737,1.1669091
1994-03-24,-2.4767449781524764e-05,1071.951558924895,2.0721096606015,1.1920928955078125e-07,1.1920929e-07,1.1920929e-07,0.0,12.096003,15.745,6.83,24.66,465.8,986.55,1.9748237283301422,1.1176032
1994-03-25,-1.4598733512266062e-05,1072.5241824436666,2.0732165564451184,1.1920928955078125e-07,1.1920929e-07,6.09,6.09,12.096003,15.745,9.28,22.21,291.58,1182.27,1.9989219144049277,1.1833445
1994-03-26,-8.686650186494826e-06,1072.0927786852537,1.1775181690821261,1.1920928955078125e-07,1.1920929e-07,1.1920929e-07,0.0,12.191998,6.645,-1.46,14.75,462.65,548.27,1.9807396706016576,1.1340384
1994-03-27,-5.149035732599542e-06,1082.7076623761748,1.4416173633085096,1.1920928955078125e-07,1.1920929e-07,28.11,28.11,12.191998,9.625,4.13,15.12,267.74,814.55,2.4801182761816682,2.3256006
1994-03-28,-3.108973926038885e-06,1117.8099455321396,1.9185362385536349,1.1920928955078125e-07,1.1920929e-07,46.23,46.23,12.288,13.545,9.12,17.97,222.49,1169.27,5.216436478003605,19.804585
1994-03-29,-1.8785989808260032e-06,1142.679021728532,1.457370299341724,1.1920928955078125e-07,1.1920929e-07,20.23,20.23,12.288,8.83,3.9,13.76,251.41,807.33,8.83367582305144,8.382024
1994-03-30,-1.125038781639013e-06,1141.1853326591684,1.1876473315865905,1.1920928955078125e-07,1.1920929e-07,1.1920929e-07,0.0,12.288,5.705,-0.89,12.3,423.4,576.33,8.55856981780144,4.8484254
1994-03-31,-6.74790534390509e-07,1131.4547275719178,1.2814034891664006,1.1920928955078125e-07,1.1920929e-07,1.1920929e-07,0.0,12.383997,6.875,1.3,12.45,378.25,677.32,6.964510117902068,3.591122
1994-04-01,-4.043270085258102e-07,1125.2448907375046,1.2810417379848666,1.1920928955078125e-07,1.1920929e-07,2.76,2.76,12.383997,6.955,0.5,13.41,345.2,626.56,6.106144226789902,2.9747965
1994-04-02,-1.9213083034566918e-07,1119.6814924210266,1.4318272305584743,1.1920928955078125e-07,1.1920929e-07,1.1920929e-07,0.0,12.479998,8.63,-1.23,18.49,508.13,562.01,5.427377750677127,2.4570835
1994-04-03,-1.6907937694047936e-08,1113.3780359367909,1.8286419952408632,1.1920928955078125e-07,1.1920929e-07,1.1920929e-07,0.0,12.479998,12.585,4.42,20.75,457.4,841.18,4.7490346563628645,2.1776826
1994-04-04,7.664759357060898e-08,1107.0707641918082,1.7323817327022026,1.1920928955078125e-07,1.1920929e-07,1.1920929e-07,0.0,12.479998,11.81,3.58,20.04,463.06,787.02,4.155138761715457,1.9804585
1994-04-05,6.060046216699517e-08,1101.7919474413748,1.619131859742934,1.1920928955078125e-07,1.1920929e-07,1.1920929e-07,0.0,12.576003,10.69,1.63,19.75,489.4,689.5,3.7155777535435908,1.8161051
1994-04-06,3.110952179264724e-08,1099.5456714428406,2.018971596760551,1.1920928955078125e-07,1.1920929e-07,4.13,4.13,12.576003,14.265,7.2,21.33,315.8,1016.22,3.5429346422152777,1.8325404
1994-04-07,1.4126436396872864e-08,1099.0068776109333,1.7451278298544963,1.1920928955078125e-07,1.1920929e-07,5.48,5.48,12.672003,11.8,4.19,19.41,337.08,830.53,3.5027314636127973,1.7503637
1994-04-08,7.975946871181692e-09,1097.5575794784695,1.142302129705698,1.1920928955078125e-07,1.1920929e-07,1.1920929e-07,0.0,12.672003,5.24,-3.23,13.71,492.27,484.3,3.396838744801227,1.569575
1994-04-09,3.843561816115788e-09,1093.6252543389571,1.3979777644905254,1.1920928955078125e-07,1.1920929e-07,1.1920929e-07,0.0,12.767997,8.27,-1.66,18.2,518.57,546.3,3.125373758042575,1.495616
1994-04-10,1.880463785885217e-09,1088.767815215704,2.0503525321402947,1.1920928955078125e-07,1.1920929e-07,1.1920929e-07,0.0,12.767997,14.43,7.94,20.92,398.25,1074.85,2.8198043998370004,1.4791806
1994-04-11,9.5940406750654e-10,1084.2399841303336,2.156560529192163,1.1920928955078125e-07,1.1920929e-07,8.26,8.26,12.767997,15.325,10.08,20.57,254.73,1247.01,2.5619345445620323,1.6106633
1994-04-12,2.7833483826794176e-10,1081.4533818193054,1.81553078662134,1.1920928955078125e-07,1.1920929e-07,0.07,0.07,12.863992,12.45,8.12,16.78,299.82,1091.58,2.415096130520724,1.4545276
1994-04-13,-1.1316043866069775e-11,1082.073829789841,2.496951487197983,1.1920928955078125e-07,1.1920929e-07,8.7,8.7,12.863992,17.665,12.64,22.69,247.58,1455.45,2.4470443790740157,1.6270987
1994-04-14,-7.895662096014241e-12,1083.0917171307538,2.505200674016882,1.1920928955078125e-07,1.1920929e-07,4.18,4.18,12.959997,17.58,9.06,26.1,355.07,1164.55,2.5003756713055982,1.6599693
1994-04-15,-4.2511227071938316e-12,1080.1286074537568,2.4968541667108393,1.1920928955078125e-07,1.1920929e-07,1.1920929e-07,0.0,12.959997,17.57,7.86,27.28,505.47,1068.55,2.3482697720691257,1.4873983
1994-04-16,-2.4709619760853903e-12,1075.9966964733069,2.3438599698061946,1.1920928955078125e-07,1.1920929e-07,2.74,2.74,12.959997,16.58,9.21,23.95,360.04,1177.04,2.151488619907828,1.5284866
1994-04-17,-1.3407294347850133e-12,1072.5150746296092,1.9080461515514178,1.1920928955078125e-07,1.1920929e-07,1.1920929e-07,0.0,13.0560055,13.145,5.16,21.13,473.12,891.91,1.998536330833405,1.3887862
1994-04-18,-7.567409545101209e-13,1068.6841032524583,2.1492137654275814,1.1920928955078125e-07,1.1920929e-07,1.1920929e-07,0.0,13.0560055,15.14,6.12,24.16,497.67,937.31,1.8427712121283562,1.3148272
1994-04-19,-3.132401297908787e-13,1064.3002533709262,2.5478907971105187,1.1920928955078125e-07,1.1920929e-07,1.1920929e-07,0.0,13.152002,17.91,8.34,27.48,504.12,1108.7,1.6793643515991006,1.2737389
1994-04-20,1.2237086217749983e-14,1059.8544191472765,2.8834362898777703,1.1920928955078125e-07,1.1920929e-07,1.1920929e-07,0.0,13.152002,20.075,11.54,28.61,469.64,1363.09,1.5284395070050258,1.2326505
1994-04-21,1.2804680514244597e-13,1055.8317917349138,2.194348470355008,1.1920928955078125e-07,1.1920929e-07,1.1920929e-07,0.0,13.152002,15.56,5.87,25.25,512.2,922.46,1.4036040292701188,1.1833445
1994-04-22,6.154195559763064e-14,1052.5020577720504,1.922458864974293,1.1920928955078125e-07,1.1920929e-07,0.38,0.38,13.248,13.335,5.86,20.81,454.88,918.01,1.3080212461392358,1.1751268
1994-04-23,-1.685693719198348e-14,1049.5477476132232,1.317948906804308,1.1920928955078125e-07,1.1920929e-07,1.06,1.06,13.248,7.425,-0.57,15.42,486.98,583.95,1.228679089179122,1.1833445
1994-04-24,-8.326054802315711e-14,1046.6802498384263,1.9119973096704517,1.1920928955078125e-07,1.1920929e-07,1.1920929e-07,0.0,13.331445,13.235,2.87,23.6,535.97,750.07,1.1562738723136625,1.1258208
1994-04-25,-1.163643777988212e-13,1043.6138972094348,2.591268984740021,1.1920928955078125e-07,1.1920929e-07,1.1920929e-07,0.0,13.343997,18.28,8.14,28.42,516.99,1091.91,1.0835618757801941,1.0847324
1994-04-26,-9.51623899386639e-14,1040.0883819631583,2.828368932645861,1.1920928955078125e-07,1.1920929e-07,1.1920929e-07,0.0,13.343997,19.82,9.78,29.86,507.87,1222.35,1.0055946189333906,1.0518618
1994-04-27,-5.2565198270840135e-14,1039.3649647267896,3.023359439430191,1.1920928955078125e-07,1.1920929e-07,1.1920929e-07,0.0,13.439992,20.85,12.24,29.46,463.39,1422.2,0.9903035038785705,1.0600795
1994-04-28,-2.477837743454136e-14,1041.3876234672996,2.8850759017640555,1.1920928955078125e-07,1.1920929e-07,10.35,10.35,13.439992,20.015,11.8,28.23,337.63,1383.97,1.0336523622547606,1.0354264
1994-04-29,-1.3702894063179441e-14,1041.221337987754,2.961543901660593,1.1920928955078125e-07,1.1920929e-07,1.1920929e-07,0.0,13.439992,20.465,12.46,28.47,442.41,1440.19,1.030018113414409,1.0189911
1994-04-30,-8.282104221305849e-15,1046.6749426719089,3.0459076843494706,1.1920928955078125e-07,1.1920929e-07,18.53,18.53,13.536,20.735,14.2,27.27,284.81,1620.2,1.1561439004208292,1.4463099
1994-05-01,-5.0080174740868865e-15,1051.8222138048409,2.781053267069973,1.1920928955078125e-07,1.1920929e-07,0.36,0.36,13.536,19.1,12.98,25.22,368.83,1504.15,1.2893208276455403,1.0765148
1994-05-02,-3.0239413813371253e-15,1048.393552707839,1.9126078560025144,1.1920928955078125e-07,1.1920929e-07,0.16,0.16,13.542794,12.96,3.6,22.32,501.32,787.52,1.1990054907810257,0.9861204
1994-05-03,-1.822605389477755e-15,1045.085477223156,1.6179713535560114,1.1920928955078125e-07,1.1920929e-07,1.1920929e-07,0.0,13.632003,10.24,2.83,17.65,450.59,756.99,1.11786818877701,0.9614674
1994-05-04,-1.096811442540447e-15,1051.5887700086464,1.5358448483173959,1.1920928955078125e-07,1.1920929e-07,19.34,19.34,13.632003,9.325,5.15,13.5,215.56,890.09,1.2829613639184794,1.470963
1994-05-05,-6.610884772193303e-16,1059.8425512381064,1.544652183721658,1.1920928955078125e-07,1.1920929e-07,3.31,3.31,13.668831,9.25,6.16,12.34,170.3,945.21,1.528055341548679,1.2983918
1994-05-06,-3.974787418664136e-16,1057.7323670996188,1.842476691548968,1.1920928955078125e-07,1.1920929e-07,1.1920929e-07,0.0,13.728,12.0,6.11,17.89,391.33,936.8,1.4612608952465915,1.1258208
1994-05-07,-2.345086833974807e-16,1055.262136065503,2.2512493107764544,1.1920928955078125e-07,1.1920929e-07,2.13,2.13,13.728,15.285,9.96,20.61,344.81,1236.55,1.3867699256527217,1.0765148
1994-05-08,-1.3694574228621131e-16,1055.2578467478197,2.190135691050387,1.1920928955078125e-07,1.1920929e-07,5.15,5.15,13.764828,14.79,9.46,20.12,270.69,1197.11,1.3866439393513408,1.1176032
1994-05-09,-6.815577562112322e-17,1054.6441366268277,1.8749669365267656,1.1920928955078125e-07,1.1920929e-07,1.1920929e-07,0.0,13.8239975,12.215,4.61,19.82,478.33,857.68,1.3687354477895877,1.0272088
1994-05-10,-1.460056586868838e-17,1051.8512261442056,2.189770510284992,1.1920928955078125e-07,1.1920929e-07,1.1920929e-07,0.0,13.8239975,14.77,6.69,22.85,488.24,981.88,1.2901133793813935,0.9696851
1994-05-11,1.0964106583413526e-17,1048.2689022773916,1.9958679453093202,1.1920928955078125e-07,1.1920929e-07,1.1920929e-07,0.0,13.830791,13.31,3.66,22.96,533.86,791.27,1.1958439980632012,0.92859674
1994-05-12,7.428621299582068e-18,1045.012586026705,2.415681401462004,1.1920928955078125e-07,1.1920929e-07,1.1920929e-07,0.0,13.919997,16.38,8.37,24.39,474.2,1109.93,1.1161436185342086,0.9039437
1994-05-13,2.7404364200103296e-18,1041.9271453366036,2.135902012230689,1.1920928955078125e-07,1.1920929e-07,1.1920929e-07,0.0,13.919997,14.405,5.67,23.14,500.65,910.38,1.0455324005954425,0.8628554
1994-05-14,-1.5499411097888673e-19,1038.8298944935598,2.0810678115199175,1.1920928955078125e-07,1.1920929e-07,1.1920929e-07,0.0,13.919997,14.03,5.16,22.9,505.72,881.94,0.9791433332141497,0.8546377
1994-05-15,-5.025354125965855e-19,1035.5679581146353,2.528410543497602,1.1920928955078125e-07,1.1920929e-07,1.1920929e-07,0.0,14.016,17.175,9.22,25.13,468.93,1177.78,0.9137767942905737,0.84642
1994-05-16,-3.427417431174651e-20,1032.1301444156088,2.8889066312160656,1.1920928955078125e-07,1.1920929e-07,1.84,1.84,14.016,19.475,13.16,25.79,378.37,1519.77,0.8496031320727111,0.82176703
1994-05-17,4.9563593808389975e-19,1028.7515626850707,2.4528933235655375,1.1920928955078125e-07,1.1920929e-07,1.1920929e-07,0.0,14.016,16.78,10.36,23.2,409.01,1268.61,0.7909280032607715,0.772461
1994-05-18,9.470608073907177e-19,1025.691405383315,1.8413285264794004,1.1920928955078125e-07,1.1920929e-07,1.1920929e-07,0.0,14.099442,12.055,5.79,18.32,415.73,913.08,0.7412879600628379,0.7560257
1994-05-19,1.1798663164090736e-18,1023.2088649706354,1.6352025276411875,1.1920928955078125e-07,1.1920929e-07,1.1920929e-07,0.0,14.111998,10.195,3.1,17.29,462.39,768.02,0.7033157877096579,0.7560257
1994-05-20,1.0539183479393307e-18,1021.5631339073253,1.7309354248071247,1.1920928955078125e-07,1.1920929e-07,1.85,1.85,14.111998,11.12,6.19,16.05,330.1,953.02,0.6792216043793409,0.772461
1994-05-21,4.980627030129149e-19,1020.2779001733473,1.9114414518851877,1.1920928955078125e-07,1.1920929e-07,1.1920929e-07,0.0,14.111998,12.725,6.25,19.2,436.72,954.19,0.6609807115328825,0.78067863
1994-05-22,-2.813562688136873e-19,1017.8989405684936,2.244049734060214,1.1920928955078125e-07,1.1920929e-07,1.1920929e-07,0.0,14.207997,15.26,6.03,24.49,529.11,933.31,0.6284996398803833,0.7395903
1994-05-23,-1.066850349405098e-18,1014.680635943561,3.0084819077784006,1.1920928955078125e-07,1.1920929e-07,1.1920929e-07,0.0,14.207997,20.225,11.42,29.03,500.61,1353.78,0.5870840070734682,0.70671964
1994-05-24,-1.6445079873804441e-18,1010.9530515542018,3.254560002607598,1.1920928955078125e-07,1.1920929e-07,1.1920929e-07,0.0,14.207997,21.64,12.76,30.52,498.74,1482.16,0.5425136443818854,0.6738489
1994-05-25,-1.8004176313588546e-18,1007.0462526560689,3.43915334484841,1.1920928955078125e-07,1.1920929e-07,1.1920929e-07,0.0,14.207997,22.665,15.53,29.8,437.54,1758.58,0.49942756508751335,0.6574136
1994-05-26,-1.3255215897338473e-18,1003.2931698778541,3.0575571149167615,1.1920928955078125e-07,1.1920929e-07,1.1920929e-07,0.0,14.291445,20.595,14.09,27.1,421.96,1610.9,0.4612627329607198,0.6491959
1994-05-27,-3.4070846941363184e-19,1000.0297560672299,2.2638559181065525,1.1920928955078125e-07,1.1920929e-07,4.7,4.7,14.304,15.585,9.88,21.29,301.33,1230.69,0.4304558661771226,0.6820666
1994-05-28,7.9215682759811855e-19,997.1814766692333,1.7628762970583636,1.1920928955078125e-07,1.1920929e-07,1.1920929e-07,0.0,14.304,11.58,3.07,20.09,528.46,764.16,0.4052543294821877,0.6409783
1994-05-29,1.7680898687102853e-18,994.5435185806843,2.179969373205246,1.1920928955078125e-07,1.1920929e-07,1.1920929e-07,0.0,14.304,15.055,6.13,23.98,530.42,947.25,0.38323169092120185,0.62454295
1994-05-30,2.282106221331748e-18,991.9110686984025,2.579510387295248,1.1920928955078125e-07,1.1920929e-07,1.1920929e-07,0.0,14.304,17.89,9.66,26.12,500.51,1213.89,0.36244810780364967,0.60810757
1994-05-31,2.02922145287139e-18,989.0793139192074,2.673969523236874,1.1920928955078125e-07,1.1920929e-07,1.1920929e-07,0.0,14.387447,18.445,9.92,26.97,505.82,1233.67,0.34134761856860996,0.59167224
1994-06-01,8.026460941245343e-19,985.950957077854,3.1725779088061627,1.1920928955078125e-07,1.1920929e-07,1.1920929e-07,0.0,14.4000025,21.4,13.78,29.02,466.19,1573.37,0.31946222519911605,0.59167224
1994-06-02,-1.0702687676465637e-18,982.6939562424317,3.142908356848357,1.1920928955078125e-07,1.1920929e-07,1.1920929e-07,0.0,14.4000025,21.295,13.23,29.36,483.1,1490.56,0.29816644505135104,0.5588016
1994-06-03,-3.091939199083274e-18,979.4051745260632,2.7120709858908616,1.1920928955078125e-07,1.1920929e-07,1.1920929e-07,0.0,14.4000025,18.835,11.09,26.58,476.69,1312.72,0.2781030001518005,0.5341486
1994-06-04,-4.765217010247145e-18,976.1777879288094,2.6967451684678267,1.1920928955078125e-07,1.1920929e-07,1.1920929e-07,0.0,14.4000025,18.795,12.16,25.43,426.95,1412.86,0.25972714802475344,0.5423662
1994-06-05,-5.5929540111997236e-18,973.1049724507315,3.0257543733711763,1.1920928955078125e-07,1.1920929e-07,1.1920929e-07,0.0,14.4000025,20.81,15.15,26.47,372.05,1720.18,0.24336095437749294,0.5588016
1994-06-06,-5.0780020120025595e-18,970.2799040918902,3.417503428097298,1.1920928955078125e-07,1.1920929e-07,1.1920929e-07,0.0,14.4368305,22.925,17.63,28.22,344.22,2021.73,0.22922577404132072,0.5505839
1994-06-07,-3.228857812727197e-18,968.7530649203742,3.562754938508719,1.1920928955078125e-07,1.1920929e-07,4.85,4.85,14.496003,23.61,17.89,29.33,272.93,2050.93,0.2219311402760422,0.6738489
1994-06-08,-1.9304909814356813e-18,976.3965912808383,3.524943952586639,1.1920928955078125e-07,1.1920929e-07,18.01,18.01,14.496003,23.285,18.41,28.16,241.07,2113.39,0.260933651301775,0.9696851
1994-06-09,-1.1512123882561198e-18,982.6697480630875,2.9012217008857575,1.1920928955078125e-07,1.1920929e-07,4.18,4.18,14.496003,19.81,15.57,24.05,248.25,1759.75,0.29801359697289936,0.80533165
1994-06-10,-6.81554106565345e-19,984.0876441248062,2.4158310519023174,1.1920928955078125e-07,1.1920929e-07,2.8,2.8,14.496003,16.705,14.55,18.86,153.9,1663.35,0.30709951362875987,0.7395903
1994-06-11,-3.822499497785205e-19,987.0719642883445,2.656933049270468,1.1920928955078125e-07,1.1920929e-07,7.24,7.24,14.496003,18.245,15.5,20.99,159.26,1754.65,0.32713839460117183,0.7395903
1994-06-12,-2.2305452171315795e-19,987.9811610836032,3.211447738940016,1.1920928955078125e-07,1.1920929e-07,1.1920929e-07,0.0,14.496003,21.46,16.49,26.43,358.88,1868.81,0.33349943782200786,0.6656313
1994-06-13,-1.1875597124548833e-19,984.9892615938772,3.4576904160053115,1.1920928955078125e-07,1.1920929e-07,0.02,0.02,14.496003,22.795,16.12,29.47,443.3,1830.79,0.31302065467384005,0.61632526
1994-06-14,-6.634216228388465e-20,980.8622469049053,3.8264124092323097,1.1920928955078125e-07,1.1920929e-07,1.1920929e-07,0.0,14.496003,24.65,17.61,31.69,450.63,2017.35,0.28681978197824215,0.59988993
1994-06-15,-3.5805500115333504e-20,976.6986628206436,3.9455981043106827,1.1920928955078125e-07,1.1920929e-07,1.1920929e-07,0.0,14.496003,25.27,17.96,32.58,456.96,2048.39,0.26260851869602136,0.5505839
1994-06-16,-1.7680205267422233e-20,972.4622451209744,4.006039735827512,1.1920928955078125e-07,1.1920929e-07,1.1920929e-07,0.0,14.502797,25.61,18.44,32.78,448.7,2117.96,0.24007035308855063,0.5177132
1994-06-17,-9.910754674851868e-21,968.303104847851,3.8723023701231414,1.1920928955078125e-07,1.1920929e-07,1.1920929e-07,0.0,14.532827,25.045,17.79,32.3,453.76,2034.43,0.21982603058736888,0.5588016
1994-06-18,-4.2750398475674125e-21,964.287385940491,3.774504748446641,1.1920928955078125e-07,1.1920929e-07,1.1920929e-07,0.0,14.532827,24.665,18.42,30.91,414.09,2125.02,0.20190125563315212,0.5259309
1994-06-19,-1.3717417455149447e-21,960.3056782159128,3.8159215260086796,1.1920928955078125e-07,1.1920929e-07,1.1920929e-07,0.0,14.57945,24.875,17.55,32.2,455.83,2001.46,0.18557171715818208,0.48484254
1994-06-20,-7.467719528544366e-22,956.2498530969781,3.9589633981874344,1.1920928955078125e-07,1.1920929e-07,1.1920929e-07,0.0,14.57945,25.605,17.93,33.28,463.92,2037.49,0.1702953370039743,0.46840718
1994-06-21,-3.163237240279616e-22,952.1358195379713,3.9574224844147543,1.1920928955078125e-07,1.1920929e-07,1.1920929e-07,0.0,14.57945,25.675,19.31,32.04,413.32,2240.76,0.15608395966956023,0.46840718
1994-06-22,-1.0252024329777732e-22,948.0620307681868,3.8703976717308017,1.1920928955078125e-07,1.1920929e-07,1.1920929e-07,0.0,14.57945,25.355,18.98,31.73,418.8,2196.67,0.1431805408540355,0.46840718
1994-06-23,-6.07361515871424e-23,943.5592006428412,3.7971917452399158,1.1920928955078125e-07,1.1920929e-07,1.1920929e-07,0.0,14.57945,25.1,18.72,31.48,423.21,2164.0,0.13015564992447365,0.6820666
1994-06-24,-3.673146658785184e-23,951.9385185150767,3.779476330143273,1.1920928955078125e-07,1.1920929e-07,22.98,22.98,14.57945,24.86,19.21,30.51,292.42,2231.16,0.1554330347767808,0.62454295
1994-06-25,-2.2230092843261012e-23,959.7386991589343,3.5134613433762736,1.1920928955078125e-07,1.1920929e-07,1.1920929e-07,0.0,14.532827,23.485,18.54,28.43,360.14,2136.3,0.1833564604737733,0.5341486
1994-06-26,-1.339869339932467e-23,954.8785576515648,2.9850578579054874,1.1920928955078125e-07,1.1920929e-07,1.1920929e-07,0.0,14.502797,20.78,13.25,28.31,492.53,1468.47,0.1654201385940464,0.46018952
1994-06-27,-8.100643867539682e-24,965.7138218696671,3.276120146945595,1.1920928955078125e-07,1.1920929e-07,24.0,24.0,14.496003,22.2,16.27,28.13,314.49,1846.56,0.2080945117197713,0.78067863
1994-06-28,-4.898073895992122e-24,978.7603253055635,3.0931813874278777,1.1920928955078125e-07,1.1920929e-07,8.81,8.81,14.496003,20.975,15.22,26.73,314.82,1726.07,0.2743303050141271,0.71493727
1994-06-29,-2.4547474084369463e-24,982.3420014111427,3.6832528372734696,1.1920928955078125e-07,1.1920929e-07,1.1920929e-07,0.0,14.496003,23.95,18.05,29.85,421.18,1979.86,0.29595193152707844,0.5505839
1994-06-30,-3.811578863235306e-25,982.6902350271051,3.6398113099730507,1.1920928955078125e-07,1.1920929e-07,4.3,4.3,14.496003,23.735,17.44,30.03,403.7,1930.7,0.29814294456338597,0.50127786
1994-07-01,8.1240866225089185e-25,980.6680259145548,3.2972737186958163,1.1920928955078125e-07,1.1920929e-07,1.1920929e-07,0.0,14.496003,22.045,15.09,29.0,481.48,1581.3,0.2856422771635466,0.45197186
1994-07-02,7.260899760630989e-25,977.2840574626869,3.533186024590757,1.1920928955078125e-07,1.1920929e-07,1.1920929e-07,0.0,14.496003,23.31,16.34,30.28,478.02,1703.6,0.26588496645994164,0.4355365
1994-07-03,3.638742148259433e-25,974.8694868324452,3.707442855835573,1.1920928955078125e-07,1.1920929e-07,1.1920929e-07,0.0,14.496003,24.2,17.41,30.99,467.41,1834.62,0.252628560760348,0.41910118
1994-07-04,1.3261435461172128e-25,973.8666980550216,3.6722600468799103,1.1920928955078125e-07,1.1920929e-07,5.27,5.27,14.496003,24.05,17.58,30.52,337.46,2015.67,0.24731924885962744,0.5259309
1994-07-05,6.212088376885048e-26,973.654943311758,3.733359281922989,1.1920928955078125e-07,1.1920929e-07,3.13,3.13,14.496003,24.345,18.45,30.24,394.56,2077.26,0.24621245203530479,0.5177132
1994-07-06,3.036299008274141e-26,971.0455382834218,3.841842305258855,1.1920928955078125e-07,1.1920929e-07,1.1920929e-07,0.0,14.483447,24.915,18.51,31.32,444.64,2016.82,0.23297344489006164,0.46018952
1994-07-07,1.0806151615579324e-26,966.86324328425,3.906985771384381,1.1920928955078125e-07,1.1920929e-07,1.1920929e-07,0.0,14.406797,25.385,19.04,31.73,439.44,2072.24,0.21322298096525485,0.41088352
1994-07-08,5.290594353277406e-27,962.7647468646578,3.963431455206211,1.1920928955078125e-07,1.1920929e-07,1.1920929e-07,0.0,14.4000025,25.725,19.81,31.64,414.77,2211.83,0.19549355879405794,0.36979514
1994-07-09,2.424404515439937e-27,959.4234816499645,3.9629651327927795,1.1920928955078125e-07,1.1920929e-07,1.1920929e-07,0.0,14.4000025,25.785,20.3,31.27,389.76,2325.35,0.18213632526416038,0.35335982
1994-07-10,6.664385635853963e-28,956.6513672618387,3.76520699077462,1.1920928955078125e-07,1.1920929e-07,2.55,2.55,14.4000025,24.925,19.17,30.68,328.94,2215.41,0.1717497980784998,0.33692446
1994-07-11,2.5836134742378507e-28,954.5013263819383,3.3861244983850853,1.1920928955078125e-07,1.1920929e-07,1.1920929e-07,0.0,14.4000025,23.095,17.66,28.53,391.2,1979.38,0.16410366365457804,0.3287068
1994-07-12,7.840854909835007e-29,954.2403526888414,3.325659945213582,1.1920928955078125e-07,1.1920929e-07,1.1920929e-07,0.0,14.4000025,22.785,17.69,27.88,371.68,2015.19,0.1631990447568612,0.33692446
1994-07-13,-6.791187853778681e-29,955.269408835865,3.5652003207854106,1.1920928955078125e-07,1.1920929e-07,3.01,3.01,14.310795,24.095,19.1,29.09,324.07,2190.09,0.16679528575179,0.3862305
1994-07-14,-1.364884519067114e-28,956.6418364433605,3.7379617854654383,1.1920928955078125e-07,1.1920929e-07,10.8,10.8,14.304,24.915,19.77,30.06,275.99,2300.78,0.17171512974029246,0.41088352
1994-07-15,-9.933914305187637e-29,956.9519703190956,3.804986605719043,1.1920928955078125e-07,1.1920929e-07,0.28,0.28,14.304,25.225,19.31,31.14,409.89,2145.05,0.1728468404303959,0.3862305
1994-07-16,-5.780175713410171e-29,953.4953113957156,3.8784085085854345,1.1920928955078125e-07,1.1920929e-07,1.1920929e-07,0.0,14.304,25.63,20.15,31.11,389.99,2289.55,0.16064383758011644,0.3287068
1994-07-17,-3.43474280006692e-29,951.0801596263277,3.624036085912731,1.1920928955078125e-07,1.1920929e-07,1.1920929e-07,0.0,14.304,24.47,19.92,29.02,343.25,2321.5,0.15263263086460813,1.5613573
1994-07-18,-2.000013712459963e-29,960.6576760164988,3.6123825775614073,1.1920928955078125e-07,1.1920929e-07,26.65,26.65,14.207997,24.355,19.2,29.51,285.06,2228.05,0.18696046104817363,1.3312626
1994-07-19,-1.2052633041401216e-29,968.815183821212,3.6668382094155128,1.1920928955078125e-07,1.1920929e-07,1.1920929e-07,0.0,14.207997,24.47,18.27,30.67,436.0,2050.72,0.22222333890744156,0.58345455
1994-07-20,-7.279378551381731e-30,965.9718188055396,3.6840793668447,1.1920928955078125e-07,1.1920929e-07,4.8,4.8,14.207997,24.605,18.89,30.32,318.3,2188.59,0.2092347950688623,0.48484254
1994-07-21,-4.3925667970069235e-30,977.9416242020537,3.756148673856563,1.1920928955078125e-07,1.1920929e-07,23.78,23.78,14.207997,24.73,20.11,29.35,264.65,2346.75,0.2696141348552131,0.9614674
1994-07-22,-2.6519146238753782e-30,994.6749626611988,3.503484270305418,1.1920928955078125e-07,1.1920929e-07,16.77,16.77,14.118794,23.315,19.07,27.56,253.38,2213.1,0.38430014923898975,1.1093855
1994-07-23,-1.5640683909263382e-30,1003.3695825497767,3.6189848317262405,1.1920928955078125e-07,1.1920929e-07,8.34,8.34,14.111998,23.74,19.22,28.26,267.38,2231.09,0.4620098965221677,0.71493727
1994-07-24,-8.07015960419173e-31,1005.5272837873898,3.641232076180755,1.1920928955078125e-07,1.1920929e-07,3.77,3.77,14.111998,23.81,18.1,29.52,387.73,2077.93,0.4836149340471777,0.62454295
1994-07-25,-4.202310178506366e-31,1003.0829941002577,3.7073755162673376,1.1920928955078125e-07,1.1920929e-07,1.1920929e-07,0.0,14.111998,24.17,17.67,30.67,454.43,2025.97,0.45921385955203226,0.50949556
1994-07-26,-2.5126063033006884e-31,997.5896630206988,3.622732431673047,1.1920928955078125e-07,1.1920929e-07,1.1920929e-07,0.0,14.016,23.98,18.22,29.74,423.74,2097.21,0.4087732977434224,4.010223
1994-07-27,-1.508540593350954e-31,1001.7823101912028,3.143927243443837,1.1920928955078125e-07,1.1920929e-07,17.76,17.76,14.016,21.435,17.68,25.19,236.7,2028.4,0.4467351837569348,1.8489758
1994-07-28,-9.045616131521829e-32,1025.3739653073285,3.2422795000632116,1.1920928955078125e-07,1.1920929e-07,40.1,40.1,14.016,21.565,17.25,25.88,267.01,1976.16,0.7363204369083256,3.6157749
1994-07-29,-5.345334627979494e-32,1043.343104646436,3.365431231783,1.1920928955078125e-07,1.1920929e-07,9.15,9.15,14.003442,21.925,17.6,26.25,267.71,2018.87,1.0773646691339818,1.2983918
1994-07-30,-3.1928039671179364e-32,1048.55866238895,3.204360259266084,1.1920928955078125e-07,1.1920929e-07,9.19,9.19,13.919997,21.095,15.52,26.67,325.44,1761.22,1.2032060176844688,1.3559155
1994-07-31,-1.898923491226104e-32,1048.4030827158774,3.4657761770273283,1.1920928955078125e-07,1.1920929e-07,1.1920929e-07,0.0,13.919997,22.455,16.77,28.14,435.32,1911.03,1.1992475427943599,0.8546377
1994-08-01,-1.1193197440354064e-32,1044.2765209069082,3.5729354929617525,1.1920928955078125e-07,1.1920929e-07,1.87,1.87,13.919997,23.055,17.83,28.28,404.81,2042.72,1.0988770650362234,0.83820236
1994-08-02,-6.64950589548703e-33,1043.4271257507269,3.5984637948088025,1.1920928955078125e-07,1.1920929e-07,8.39,8.39,13.8239975,23.315,18.43,28.2,294.3,2124.86,1.0792837269041051,0.7642433
1994-08-03,-3.7892503615587726e-33,1043.197495845799,3.5843475073843885,1.1920928955078125e-07,1.1920929e-07,3.72,3.72,13.8239975,23.25,18.07,28.43,327.02,2072.27,1.074047014039534,0.92037904
1994-08-04,-2.2278176873722613e-33,1045.6670498111257,3.580541671186648,1.1920928955078125e-07,1.1920929e-07,14.98,14.98,13.8239975,23.19,18.24,28.14,299.07,2095.93,1.1317237016308657,1.4052216
1994-08-05,-1.2421879766150997e-33,1045.2218055150631,3.724050376862804,1.1920928955078125e-07,1.1920929e-07,0.67,0.67,13.728,24.01,19.5,28.52,358.17,2261.07,1.121100805403803,1.1504738
1994-08-06,-7.16719424306198e-34,1042.9784133828402,2.9050290312532496,1.1920928955078125e-07,1.1920929e-07,2.75,2.75,13.728,19.745,14.28,25.21,407.68,1630.2,1.0690745223344706,0.7560257
1994-08-07,-3.6005174807629506e-34,1039.8501883700576,2.5332857592891296,1.1920928955078125e-07,1.1920929e-07,1.1920929e-07,0.0,13.728,17.485,11.11,23.86,492.52,1328.44,1.0005339450989386,0.6574136
1994-08-08,-1.4808090296966195e-34,1036.1698275301724,2.8549628554742665,1.1920928955078125e-07,1.1920929e-07,1.1920929e-07,0.0,13.632003,19.68,13.08,26.28,489.97,1511.61,0.9255004762532856,0.60810757
1994-08-09,-7.197286926208424e-35,1032.2642406828618,3.2060057404327202,1.1920928955078125e-07,1.1920929e-07,0.04,0.04,13.632003,21.735,15.08,28.39,481.31,1716.07,0.8520197062703092,0.5670192
1994-08-10,9.390736691598778e-36,1028.151389324918,3.499530780100812,1.1920928955078125e-07,1.1920929e-07,1.1920929e-07,0.0,13.632003,23.33,16.55,30.11,474.88,1884.82,0.7809370584913012,0.5259309
1994-08-11,8.694749177647231e-35,1023.8848650824945,3.654563856987145,1.1920928955078125e-07,1.1920929e-07,1.1920929e-07,0.0,13.536,24.29,18.17,30.41,443.7,2092.72,0.7134586491234065,0.50949556
1994-08-12,1.3820365886462766e-34,1019.5297561575256,3.709669867748903,1.1920928955078125e-07,1.1920929e-07,0.02,0.02,13.536,24.63,18.85,30.41,425.18,2183.68,0.6505889799111754,0.50127786
1994-08-13,1.4066550082815627e-34,1015.1511507519461,3.758899876549682,1.1920928955078125e-07,1.1920929e-07,1.1920929e-07,0.0,13.536,24.94,19.24,30.64,418.64,2230.87,0.5929641769663313,0.50127786
1994-08-14,8.962734634599785e-35,1011.4546172542,3.776650129840421,1.1920928955078125e-07,1.1920929e-07,1.1920929e-07,0.0,13.439992,25.215,19.37,31.06,422.68,2248.64,0.548307903116605,0.46840718
1994-08-15,4.981089629307003e-35,1011.636533450813,3.519766630293913,1.1920928955078125e-07,1.1920929e-07,7.71,7.71,13.439992,23.965,18.93,29.0,290.88,2195.95,0.5504247199532067,0.48484254
1994-08-16,2.921073005117076e-35,1015.706481928081,2.922995800099339,1.1920928955078125e-07,1.1920929e-07,10.21,10.21,13.350795,20.78,17.73,23.83,200.62,2036.54,0.5999801458481766,0.80533165
1994-08-17,1.7697156838822763e-35,1055.1010996666662,2.994405416322076,1.1920928955078125e-07,1.1920929e-07,69.54,69.54,13.343997,20.55,18.08,23.02,167.28,2071.15,1.3820477903628596,8.143711
1994-08-18,1.0711208828305393e-35,1099.0216664903664,3.35379798682889,1.1920928955078125e-07,1.1920929e-07,28.27,28.27,13.343997,21.8,17.15,26.45,286.15,1959.86,3.5038288525081347,3.8212166
1994-08-19,6.45494553710146e-36,1104.139087772399,3.4698277809489726,1.1920928955078125e-07,1.1920929e-07,1.1920929e-07,0.0,13.248,22.435,16.41,28.46,447.01,1862.11,3.9049673362026613,1.6764047
1994-08-20,3.843850313250316e-36,1096.4351058391983,3.288402324466208,1.1920928955078125e-07,1.1920929e-07,1.1920929e-07,0.0,13.248,21.625,14.5,28.75,485.26,1656.89,3.317030274020722,1.2408682
1994-08-21,2.297939456162736e-36,1093.22897888022,3.3602475400807457,1.1920928955078125e-07,1.1920929e-07,6.33,6.33,13.248,22.05,16.09,28.01,363.82,1822.12,3.099250448511591,1.0682971
1994-08-22,1.364294916154371e-36,1093.6286342351875,3.012109057961358,1.1920928955078125e-07,1.1920929e-07,6.11,6.11,13.152002,20.285,15.25,25.32,298.69,1731.17,3.125597512296578,1.0436441
1994-08-23,7.899950232568349e-37,1090.018395976402,2.995151863511858,1.1920928955078125e-07,1.1920929e-07,1.1920929e-07,0.0,13.152002,20.245,14.2,26.29,446.31,1625.41,2.8954956745307068,0.84642
1994-08-24,4.571263904019957e-37,1084.2368656971364,2.85697418467886,1.1920928955078125e-07,1.1920929e-07,1.1920929e-07,0.0,13.0560055,19.655,13.11,26.2,466.56,1515.13,2.5617653288994453,0.772461
1994-08-25,2.6087648512565227e-37,1078.8265163070714,3.109331920305409,1.1920928955078125e-07,1.1920929e-07,1.1920929e-07,0.0,13.0560055,21.19,15.14,27.24,439.97,1722.55,2.2843898058304797,0.72315496
1994-08-26,1.4597727709575595e-37,1073.426756940943,3.37635660370927,1.1920928955078125e-07,1.1920929e-07,1.1920929e-07,0.0,13.0560055,22.705,16.47,28.94,435.35,1874.11,2.0375041388579826,0.69850194
1994-08-27,-6.63053573756938e-39,1068.1149605320736,3.3589245326242536,1.1920928955078125e-07,1.1920929e-07,1.1920929e-07,0.0,12.959997,22.83,17.06,28.6,412.84,1953.26,1.8206897450247959,0.747808
1994-08-28,-2.7708816146238885e-37,1063.0167416947922,3.2529813720247542,1.1920928955078125e-07,1.1920929e-07,10.56,10.56,12.959997,22.355,15.99,28.72,325.79,1815.47,1.6343236524602847,0.6902843
1994-08-29,-6.072307668501602e-37,1058.1504841487401,3.390009221203671,1.1920928955078125e-07,1.1920929e-07,1.1920929e-07,0.0,12.863992,23.285,17.21,29.36,417.74,1969.91,1.4742596152392389,0.6327606
1994-08-30,-9.3889351867234e-37,1053.5345716135578,3.0850472429132494,1.1920928955078125e-07,1.1920929e-07,1.1920929e-07,0.0,12.863992,21.72,16.39,27.05,390.41,1864.2,1.3369426084260831,0.61632526
1994-08-31,-1.2139115837003873e-36,1049.1873878088857,3.0028609810187943,1.1920928955078125e-07,1.1920929e-07,1.1920929e-07,0.0,12.863992,21.325,15.44,27.21,415.2,1747.85,1.219336465875268,0.61632526
1994-09-01,-1.374120128705758e-36,1045.1273164543647,3.150855790900874,1.1920928955078125e-07,1.1920929e-07,1.1920929e-07,0.0,12.767997,22.355,16.65,28.06,400.47,1893.46,1.118859288082056,0.60810757
1994-09-02,-1.3613543204599104e-36,1041.3727412696355,2.7690122228462304,1.1920928955078125e-07,1.1920929e-07,1.92,1.92,12.767997,20.19,14.81,25.57,391.7,1690.01,1.0333265829072809,0.5752369
1994-09-03,-1.1174493257343018e-36,1037.9420459743387,2.2509886520461504,1.1920928955078125e-07,1.1920929e-07,1.1920929e-07,0.0,12.672003,16.88,12.25,21.51,361.4,1423.25,0.9609019247353929,0.5670192
1994-09-04,-4.235700507121345e-37,1034.7733831164044,2.1592289376397735,1.1920928955078125e-07,1.1920929e-07,1.1920929e-07,0.0,12.672003,16.24,11.33,21.15,376.83,1346.78,0.8985265789985122,0.5505839
1994-09-05,1.1297957099157309e-36,1031.6074793594637,2.116942879165956,1.1920928955078125e-07,1.1920929e-07,1.1920929e-07,0.0,12.65945,15.98,9.78,22.18,437.55,1222.74,0.8402493284128677,0.5588016
1994-09-06,3.213878700429174e-36,1028.4354188811922,2.5601105134379196,1.1920928955078125e-07,1.1920929e-07,1.1920929e-07,0.0,12.576003,19.325,13.42,25.23,412.94,1542.88,0.7856494029200506,0.5341486
1994-09-07,5.444567001800948e-36,1025.2713411737507,2.524545386108606,1.1920928955078125e-07,1.1920929e-07,1.1920929e-07,0.0,12.576003,19.14,12.51,25.77,439.53,1441.14,0.7347216342655619,0.5177132
1994-09-08,7.437748695003806e-36,1022.1293857293003,2.276631670418933,1.1920928955078125e-07,1.1920929e-07,1.1920929e-07,0.0,12.479998,17.58,9.2,25.96,489.94,1176.25,0.6874171632421939,0.48484254
1994-09-09,8.809311861010501e-36,1019.0236920400022,2.394650892641847,1.1920928955078125e-07,1.1920929e-07,1.1920929e-07,0.0,12.479998,18.48,10.51,26.45,474.61,1280.73,0.6436525317781638,0.4930602
1994-09-10,9.17514458079379e-36,1015.9683995980174,2.5296105242947324,1.1920928955078125e-07,1.1920929e-07,1.1920929e-07,0.0,12.383997,19.59,11.44,27.74,471.12,1355.07,0.6033179229870026,0.4930602
1994-09-11,8.151134935326423e-36,1012.9776478955072,2.545239077352284,1.1920928955078125e-07,1.1920929e-07,1.1920929e-07,0.0,12.383997,19.745,11.93,27.56,458.53,1395.19,0.5662845004177351,0.47662488
1994-09-12,4.80551193085692e-36,1010.0660706067927,2.2966034475174624,1.1920928955078125e-07,1.1920929e-07,1.1920929e-07,0.0,12.383997,18.055,9.4,26.71,479.24,1192.52,0.5324164165210711,0.46018952
1994-09-13,-9.022433076364221e-36,1007.2554105965924,2.2826248911510527,1.1920928955078125e-07,1.1920929e-07,1.1920929e-07,0.0,12.288,18.13,8.59,27.67,489.56,1130.61,0.5016450448085329,0.45197186
1994-09-14,-3.3131297163835306e-35,1004.5612022136992,2.398425279902081,1.1920928955078125e-07,1.1920929e-07,1.1920929e-07,0.0,12.288,19.01,9.7,28.32,477.85,1215.86,0.4738194009969042,0.4437542
1994-09-15,-6.385823694115732e-35,1001.9960300370682,2.680389905519297,1.1920928955078125e-07,1.1920929e-07,1.1920929e-07,0.0,12.191998,21.085,12.77,29.4,443.03,1474.88,0.4487620673118937,0.4355365
1994-09-16,-9.754040901793121e-35,999.5724786456544,2.8055460589114523,1.1920928955078125e-07,1.1920929e-07,1.1920929e-07,0.0,12.191998,21.915,13.68,30.15,431.52,1567.63,0.426306733766821,0.4355365
1994-09-17,-1.305149700037579e-34,997.3031326184131,2.626906898230987,1.1920928955078125e-07,1.1920929e-07,1.1920929e-07,0.0,12.096003,20.955,14.64,27.27,368.08,1672.94,0.40629994281157433,0.4437542
1994-09-18,-1.591190765082384e-34,995.2005765342992,2.4082082969338017,1.1920928955078125e-07,1.1920929e-07,9.07,9.07,12.096003,19.505,14.45,24.56,235.81,1650.65,0.3886025173987782,0.5341486
1994-09-19,-1.7968988514097363e-34,993.2773949722681,2.0139594243438177,1.1920928955078125e-07,1.1920929e-07,1.1920929e-07,0.0,12.096003,16.535,8.72,24.35,429.59,1139.21,0.3730907674116324,0.50127786
1994-09-20,-1.8856455251156458e-34,991.5461725112748,1.9581248211817144,1.1920928955078125e-07,1.1920929e-07,1.1920929e-07,0.0,12.000009,16.23,8.26,24.2,431.06,1103.01,0.3596575671561566,0.4355365
1994-09-21,-1.8208023522961212e-34,990.0194937302743,1.8807695159652258,1.1920928955078125e-07,1.1920929e-07,1.1920929e-07,0.0,12.000009,15.59,8.42,22.76,403.6,1116.42,0.34821339567500353,0.42731884
1994-09-22,-1.565740899047175e-34,988.7099432082221,1.8542202174019444,1.1920928955078125e-07,1.1920929e-07,1.1920929e-07,0.0,11.903997,15.51,10.55,20.47,309.93,1283.76,0.33868743277525426,0.4437542
1994-09-23,-1.0774667170880044e-34,987.627391758722,1.9161571851082313,1.1920928955078125e-07,1.1920929e-07,1.37,1.37,11.903997,16.07,8.58,23.56,407.83,1127.55,0.33100978045733276,0.45197186
1994-09-24,1.3971403271837395e-35,986.5455740023446,2.0611413337419564,1.1920928955078125e-07,1.1920929e-07,1.1920929e-07,0.0,11.903997,17.3,10.72,23.88,370.31,1297.44,0.3235111991216128,0.4437542
1994-09-25,2.080447098141165e-34,985.31460419626,2.2432792205149585,1.1920928955078125e-07,1.1920929e-07,3.59,3.59,11.808002,18.88,14.61,23.15,194.51,1668.49,0.31518517471391577,0.50127786
1994-09-26,4.322375095029751e-34,983.9354733705006,2.2774947213289356,1.1920928955078125e-07,1.1920929e-07,10.54,10.54,11.808002,19.16,13.84,24.48,232.58,1579.32,0.30611127679454275,0.6574136
1994-09-27,6.443140639233521e-34,982.4091725550991,1.953229264070085,1.1920928955078125e-07,1.1920929e-07,1.1920929e-07,0.0,11.712,16.745,9.4,24.09,392.53,1192.17,0.29637330125959765,0.5177132
1994-09-28,8.020386346601852e-34,980.7366927800878,1.8173139994000684,1.1920928955078125e-07,1.1920929e-07,1.1920929e-07,0.0,11.712,15.58,8.39,22.77,387.53,1111.2,0.2860580307500577,0.41088352
1994-09-29,8.631754832984133e-34,978.9190250754992,1.8138802859139838,1.1920928955078125e-07,1.1920929e-07,1.1920929e-07,0.0,11.615997,15.715,9.25,22.18,358.35,1179.83,0.27525400437847025,0.37801284
1994-09-30,7.854888714229746e-34,976.9571604713659,1.7544454136145171,1.1920928955078125e-07,1.1920929e-07,1.1920929e-07,0.0,11.615997,15.2,6.39,24.01,422.58,959.53,0.2640503197007656,0.35335982
1994-10-01,5.132509222338564e-34,974.8666094721065,1.9385955093406453,1.1920928955078125e-07,1.1920929e-07,1.1920929e-07,0.0,11.615997,16.885,7.22,26.55,429.45,1019.09,0.25261316454794885,0.34514216
1994-10-02,-2.0249587354230117e-34,972.9291352215196,2.157861677281522,1.1920928955078125e-07,1.1920929e-07,1.1920929e-07,0.0,11.520002,18.855,10.45,27.26,392.38,1276.35,0.24245625632131096,0.33692446
1994-10-03,-1.2712896409779396e-33,971.2033076984467,1.9032980719820773,1.1920928955078125e-07,1.1920929e-07,0.8,0.8,11.520002,16.78,10.7,22.86,320.54,1295.71,0.23375328490616065,0.3287068
1994-10-04,-2.468450570397115e-33,969.6234119165395,1.3174718400287535,1.1920928955078125e-07,1.1920929e-07,0.83,0.83,11.424,10.97,4.0,17.94,361.16,806.24,0.22606038253160785,0.34514216
1994-10-05,-3.569298852123883e-33,968.1237328894496,1.408631563607553,1.1920928955078125e-07,1.1920929e-07,1.1920929e-07,0.0,11.424,12.06,4.31,19.81,379.5,834.78,0.21899242743972083,0.34514216
1994-10-06,-4.349154676482301e-33,966.6385556308287,1.4785322632655349,1.1920928955078125e-07,1.1920929e-07,1.1920929e-07,0.0,11.340561,12.98,6.93,19.03,317.42,994.06,0.21221063112338254,0.3287068
1994-10-07,-4.583338233796425e-33,965.1021651543284,1.3626827327887516,1.1920928955078125e-07,1.1920929e-07,1.1920929e-07,0.0,11.328006,11.715,3.77,19.66,379.19,797.61,0.20541590741861784,0.3287068
1994-10-08,-4.047169714390311e-33,963.4488464736005,1.5112836290062743,1.1920928955078125e-07,1.1920929e-07,1.1920929e-07,0.0,11.328006,13.405,5.01,21.8,384.02,880.96,0.19834689202768366,0.34514216
1994-10-09,-2.624452217860586e-33,961.8721391094733,1.7491560571313702,1.1920928955078125e-07,1.1920929e-07,1.1920929e-07,0.0,11.232,15.96,9.35,22.57,324.16,1187.66,0.1918321812799415,0.35335982
1994-10-10,-1.2355468346380634e-33,962.0682527900276,1.5498727917430974,1.1920928955078125e-07,1.1920929e-07,5.11,5.11,11.232,13.975,8.03,19.92,227.41,1082.58,0.19263069449403747,0.3862305
1994-10-11,-3.2192215465228693e-34,962.763747705612,1.1442580371733042,1.1920928955078125e-07,1.1920929e-07,1.1920929e-07,0.0,11.136005,9.265,1.04,17.49,381.79,662.98,0.19548942153315882,0.3862305
1994-10-12,-7.449581189373344e-35,962.0505992073635,1.0701764466141337,1.1920928955078125e-07,1.1920929e-07,1.1920929e-07,0.0,11.136005,8.235,0.51,15.96,368.15,629.95,0.192558678728948,0.36979514
1994-10-13,-4.430302478427017e-35,960.5697333630782,1.2163789535575027,1.1920928955078125e-07,1.1920929e-07,1.1920929e-07,0.0,11.136005,10.26,6.03,14.49,233.12,933.03,0.18661252827505437,0.37801284
1994-10-14,-2.6718530274501116e-35,967.8737300814754,1.3634852492934295,1.1920928955078125e-07,1.1920929e-07,15.49,15.49,11.039997,12.09,10.49,13.69,74.17,1279.05,0.2178358491221477,0.5177132
1994-10-15,-1.613327592611292e-35,975.1080222797186,1.4189562428701716,1.1920928955078125e-07,1.1920929e-07,2.49,2.49,11.039997,12.61,8.11,17.11,229.36,1088.85,0.2539081877506299,0.6574136
1994-10-16,-9.708570549625547e-36,974.4459504039021,1.422811546188518,1.1920928955078125e-07,1.1920929e-07,1.1920929e-07,0.0,10.944003,12.805,5.02,20.59,364.89,881.69,0.2503723634771107,0.46840718
1994-10-17,-5.789857414619433e-36,972.7709915153322,1.3157607913504301,1.1920928955078125e-07,1.1920929e-07,1.1920929e-07,0.0,10.944003,11.58,1.1,22.06,407.64,664.81,0.2416454659816131,0.41088352
1994-10-18,-3.081501243393787e-36,971.0018528931421,1.4314941480140853,1.1920928955078125e-07,1.1920929e-07,1.1920929e-07,0.0,10.944003,12.96,1.76,24.16,407.29,696.74,0.23275797223862094,0.39444816
1994-10-19,-1.5241461768695087e-36,969.4135130945533,1.4816044349813058,1.1920928955078125e-07,1.1920929e-07,1.1920929e-07,0.0,10.848,13.685,3.74,23.63,386.79,795.36,0.22505756982665576,0.42731884
1994-10-20,-8.506176732704014e-37,968.3390663744608,1.5732480822353088,1.1920928955078125e-07,1.1920929e-07,8.22,8.22,10.848,14.68,9.17,20.19,202.02,1173.39,0.21999353763265095,0.50127786
1994-10-21,-3.608757838972591e-37,967.5585901964213,1.535335241724524,1.1920928955078125e-07,1.1920929e-07,1.1920929e-07,0.0,10.752,14.44,6.13,22.75,351.13,943.04,0.21638662854378932,0.42731884
1994-10-22,-1.23551310949652e-37,966.6599414376035,1.3896989042083667,1.1920928955078125e-07,1.1920929e-07,1.1920929e-07,0.0,10.752,12.84,4.38,21.3,352.03,843.83,0.21230677941433168,0.40266582
1994-10-23,-7.401568985136599e-38,974.0053854925371,1.6393731709667372,1.1920928955078125e-07,1.1920929e-07,15.33,15.33,10.752,15.405,8.67,22.14,224.01,1133.22,0.24804683347959539,0.5423662
1994-10-24,-4.4645017549811154e-38,981.4759786131048,1.3517497894129595,1.1920928955078125e-07,1.1920929e-07,3.32,3.32,10.655997,12.295,2.92,21.67,270.93,757.63,0.2905726558494054,0.6327606
1994-10-25,-2.675811893936213e-38,981.1537652603425,1.2668450694734166,1.1920928955078125e-07,1.1920929e-07,1.1920929e-07,0.0,10.655997,11.265,2.79,19.74,342.48,753.68,0.2885962890643335,0.47662488
1994-10-26,-1.5921291867163387e-38,982.034122117391,1.175681859213533,1.1920928955078125e-07,1.1920929e-07,4.9,4.9,10.649202,10.08,3.47,16.69,217.9,792.69,0.29402823400597855,0.48484254
1994-10-27,-9.311367807475362e-39,986.1487986719992,0.8983899273071824,1.1920928955078125e-07,1.1920929e-07,4.89,4.89,10.56,5.985,-1.44,13.41,237.64,547.83,0.32080374726365257,0.5670192
1994-10-28,-5.495505587403919e-39,987.3253156099227,0.9371090970664121,1.1920928955078125e-07,1.1920929e-07,1.1920929e-07,0.0,10.56,6.61,-2.26,15.48,346.16,517.27,0.32889863066235775,0.48484254
1994-10-29,-3.158313454526299e-39,986.2420594061309,1.0581375256640229,1.1920928955078125e-07,1.1920929e-07,1.1920929e-07,0.0,10.463997,8.64,-2.09,19.37,366.39,525.7,0.3214380808502956,0.46018952
1994-10-30,-1.8586363113497714e-39,984.485871715937,1.3680313712610623,1.1920928955078125e-07,1.1920929e-07,1.1920929e-07,0.0,10.463997,12.73,3.54,21.92,335.06,790.62,0.3097008338259139,0.4437542
1994-10-31,-1.0885995781330894e-39,982.2942568173826,1.6641530582957884,1.1920928955078125e-07,1.1920929e-07,1.1920929e-07,0.0,10.463997,15.96,10.56,21.36,229.24,1285.05,0.29565279032916414,0.45197186
1994-11-01,-6.54511757852548e-40,987.298563316031,1.4936573417791927,1.1920928955078125e-07,1.1920929e-07,12.27,12.27,10.367997,14.255,10.37,18.14,131.16,1269.67,0.3287123145217755,0.6820666
1994-11-02,-3.951442390761724e-40,991.9347180817532,1.2201185567503503,1.1920928955078125e-07,1.1920929e-07,0.2,0.2,10.367997,10.93,4.53,17.33,269.25,850.41,0.36262971157507756,0.73137265
1994-11-03,-2.3813445566782165e-40,990.3579554666472,1.21204250319398,1.1920928955078125e-07,1.1920929e-07,1.1920929e-07,0.0,10.367997,10.85,0.75,20.95,343.32,639.52,0.3507187153160468,0.4930602
1994-11-04,-1.388687627841531e-40,988.6874454170263,1.4286233325284843,1.1920928955078125e-07,1.1920929e-07,1.1920929e-07,0.0,10.272,13.66,2.23,25.09,349.62,714.92,0.33852607647853195,0.46018952
1994-11-05,-1.0215384716106143e-41,986.7276945058204,1.4908172378223754,1.1920928955078125e-07,1.1920929e-07,1.1920929e-07,0.0,10.272,14.385,4.84,23.93,320.08,867.47,0.3247615632619872,0.4437542
1994-11-06,1.4410719257393964e-40,984.6421897826201,1.7954335697080213,1.1920928955078125e-07,1.1920929e-07,1.1920929e-07,0.0,10.272,17.49,11.31,23.67,237.19,1344.85,0.3107279537420716,0.4355365
1994-11-07,2.8432009814439722e-40,982.6557276519276,1.4127236727285708,1.1920928955078125e-07,1.1920929e-07,1.1920929e-07,0.0,10.176,13.73,6.22,21.24,279.02,948.95,0.2979251093004209,0.41910118
1994-11-08,3.706444610536798e-40,980.9931045182444,1.1635481529076692,1.1920928955078125e-07,1.1920929e-07,1.1920929e-07,0.0,10.176,10.65,0.2,21.1,330.48,622.1,0.2876158689818397,0.41088352
1994-11-09,3.633014103602002e-40,979.8791167860727,1.3324090529025876,1.1920928955078125e-07,1.1920929e-07,1.1920929e-07,0.0,10.176,12.83,2.64,23.02,319.73,740.01,0.2809088422547403,0.41088352
1994-11-10,2.2543571049985828e-40,979.4134980111536,1.3641137029622865,1.1920928955078125e-07,1.1920929e-07,2.97,2.97,10.08,13.37,4.58,22.16,220.9,846.21,0.27815203440789205,0.45197186
1994-11-11,-2.0627823747386263e-41,978.7465828539711,0.8408145133510637,1.1920928955078125e-07,1.1920929e-07,6.76,6.76,10.08,5.8,-2.23,13.83,213.55,520.06,0.2742504641510081,0.5259309
1994-11-12,-3.0312472162790376e-40,977.7456621241803,0.838848387859779,1.1920928955078125e-07,1.1920929e-07,1.1920929e-07,0.0,10.08,5.78,-3.21,14.77,299.81,477.39,0.2684973638851362,0.46018952
1994-11-13,-5.494348947454429e-40,976.4982577901015,1.0444991051396255,1.1920928955078125e-07,1.1920929e-07,1.1920929e-07,0.0,9.996555,9.305,-1.31,19.92,313.43,558.85,0.26149615596023723,0.42731884
1994-11-14,-6.869382547037521e-40,975.0918918200551,1.2387713435557879,1.1920928955078125e-07,1.1920929e-07,1.1920929e-07,0.0,9.984,12.045,1.27,22.82,306.92,665.46,0.25382145169123044,0.42731884
1994-11-15,-6.4301471310658005e-40,973.6140861823616,1.2575361242997871,1.1920928955078125e-07,1.1920929e-07,1.1920929e-07,0.0,9.984,12.31,3.24,21.38,278.63,776.62,0.24599947126957253,0.41910118
1994-11-16,-3.965194528114436e-40,972.4614948492562,1.1705291293950146,1.1920928955078125e-07,1.1920929e-07,1.1920929e-07,0.0,9.984,11.185,4.34,18.03,231.58,834.3,0.24006653800473762,0.42731884
1994-11-17,-1.6028615188141665e-40,972.6002830068642,0.995295466562685,1.1920928955078125e-07,1.1920929e-07,1.0,1.0,9.888002,8.785,6.18,11.39,100.58,944.6,0.2407732996467839,0.41910118
1994-11-18,-6.088393983368707e-42,973.0119700535081,1.1559191920503644,1.1920928955078125e-07,1.1920929e-07,2.12,2.12,9.888002,11.13,7.05,15.21,147.73,1008.57,0.24288202907584838,0.42731884
1994-11-19,2.463939367013821e-41,972.6111867975045,1.3003425344855504,1.1920928955078125e-07,1.1920929e-07,1.1920929e-07,0.0,9.888002,13.02,6.29,19.75,228.27,947.61,0.24082891393817485,0.42731884
1994-11-20,1.1799636523247516e-41,974.2069078718157,1.058696435916824,1.1920928955078125e-07,1.1920929e-07,1.1920929e-07,0.0,9.881208,9.735,1.23,18.24,270.01,664.91,0.24910788046473534,0.41088352
1994-11-21,2.3306791068372428e-42,979.096771062112,1.1890112918289173,1.1920928955078125e-07,1.1920929e-07,9.22,9.22,9.792,11.635,4.77,18.5,172.85,861.61,0.27629225372,0.5670192
1994-11-22,-1.439910808414746e-42,987.0257537092815,1.1557074106875276,1.1920928955078125e-07,1.1920929e-07,11.7,11.7,9.792,11.055,5.12,16.99,154.21,881.7,0.326818349760502,0.82176703
1994-11-23,-8.837696666410769e-43,991.3536576411632,0.7930629605305554,1.1920928955078125e-07,1.1920929e-07,1.1920929e-07,0.0,9.792,5.16,-0.53,10.85,206.38,588.04,0.3581939794573483,0.5259309
1994-11-24,-5.235347912479187e-43,989.9983686785397,0.6987794920135976,1.1920928955078125e-07,1.1920929e-07,1.1920929e-07,0.0,9.792,3.285,-2.57,9.14,213.3,508.53,0.34805762111873983,0.46018952
1994-11-25,-3.0997288948060373e-43,988.9141891930785,0.7776655509837306,1.1920928955078125e-07,1.1920929e-07,1.1920929e-07,0.0,9.695997,5.05,-1.97,12.07,240.22,529.47,0.3401558274212689,0.4355365
1994-11-26,2.0996884070506292e-44,987.7773790623053,0.8510221807582105,1.1920928955078125e-07,1.1920929e-07,1.1920929e-07,0.0,9.695997,6.435,0.41,12.46,212.94,625.43,0.332063040941436,0.42731884
1994-11-27,1.1547068591222874e-42,986.6422958296547,0.7802623999155559,1.1920928955078125e-07,1.1920929e-07,4.5,4.5,9.695997,5.135,1.69,8.58,114.43,694.95,0.32417465062302087,0.46018952
1994-11-28,2.9690171775906567e-42,985.5141202480038,0.8946123352339129,1.1920928955078125e-07,1.1920929e-07,8.45,8.45,9.695997,7.235,1.95,12.52,146.15,702.65,0.3165199619199051,0.6409783
1994-11-29,5.26944839910198e-42,984.3927195266047,0.846956432037076,1.1920928955078125e-07,1.1920929e-07,1.09,1.09,9.6892,6.425,0.47,12.38,213.09,628.32,0.30909037343436063,0.58345455
1994-11-30,7.861521083282617e-42,983.277960874709,0.7322201182488225,1.1920928955078125e-07,1.1920929e-07,0.49,0.49,9.600003,4.38,-1.17,9.93,203.48,563.69,0.3018776449545472,0.50949556
1994-12-01,1.0550755789758936e-41,982.1697115015689,0.7149756240855444,1.1920928955078125e-07,1.1920929e-07,1.1920929e-07,0.0,9.600003,4.04,-3.44,11.52,249.98,472.62,0.29487388066022435,0.47662488
1994-12-02,1.31426730781573e-41,981.0678386164362,0.7077511791543093,1.1920928955078125e-07,1.1920929e-07,1.1920929e-07,0.0,9.600003,3.905,-5.23,13.04,274.94,423.0,0.28807151318535534,0.45197186
1994-12-03,1.5442793508104072e-41,979.9722094285629,0.8406061729542973,1.1920928955078125e-07,1.1920929e-07,1.1920929e-07,0.0,9.600003,6.52,-3.65,16.69,284.22,467.72,0.2814632884904127,0.4437542
1994-12-04,1.7256637639225615e-41,978.8826911472008,1.0668997254757648,1.1920928955078125e-07,1.1920929e-07,5.21,5.21,9.600003,10.235,3.36,17.11,170.41,787.16,0.2750422514999595,0.47662488
1994-12-05,1.8389726031148302e-41,977.7991509816018,1.3591059799903213,1.1920928955078125e-07,1.1920929e-07,23.87,23.87,9.593208,14.14,10.27,18.01,105.46,1261.27,0.2688017324636957,1.5367043
1994-12-06,1.8647579243498483e-41,976.7214561410178,1.2974869606399162,1.1920928955078125e-07,1.1920929e-07,1.1920929e-07,0.0,9.516553,13.535,7.68,19.39,200.72,1054.22,0.2627353340015938,0.9943381
1994-12-07,1.7835717835902535e-41,975.6494738347009,1.18062697896633,1.1920928955078125e-07,1.1920929e-07,1.1920929e-07,0.0,9.503997,12.055,5.04,19.07,229.48,883.47,0.25683691879603754,0.70671964
1994-12-08,1.5759662367986816e-41,974.5830712719029,1.0656885889805767,1.1920928955078125e-07,1.1920929e-07,1.1920929e-07,0.0,9.503997,10.445,3.17,17.72,238.83,766.69,0.2511005978960338,0.60810757
1994-12-09,1.2224933399377674e-41,973.5221156618755,0.8148868403181444,1.1920928955078125e-07,1.1920929e-07,1.1920929e-07,0.0,9.503997,6.3,1.5,11.1,183.15,687.14,0.24552071960057703,0.5423662
1994-12-10,7.65753631370267e-42,971.7386604987772,0.82710074518909,1.1920928955078125e-07,1.1920929e-07,1.1920929e-07,0.0,9.503997,6.555,3.34,9.77,130.44,787.42,0.23641899475834502,0.58345455
1994-12-11,-1.2969379317934633e-10,981.8413446810335,0.708772610386591,1.1920928955078125e-07,1.1920929e-07,21.48,21.48,9.503997,4.065,-0.59,8.72,138.35,585.33,0.2928300892344012,1.5284866
1994-12-12,0.7418383649203402,991.0335699593097,0.4830559909242987,1.1920928955078125e-07,1.1920929e-07,1.1920929e-07,0.0,9.503997,-1.665,-7.19,3.86,217.17,349.64,0.35577369574238965,0.92037904
1994-12-13,0.3751888112341254,990.1986093881975,0.49916729519987396,1.1920928955078125e-07,1.1920929e-07,1.1920929e-07,0.0,9.503997,-1.185,-6.98,4.61,227.83,357.2,0.34953698588360105,0.72315496
1994-12-14,0.9095180318050193,990.455574506772,0.5692648030868381,1.1920928955078125e-07,0.0003373003,3.2296627,3.23,9.503997,0.705,-2.53,3.94,108.69,509.4,0.3514446423527619,0.70671964
1994-12-15,0.3434529391872262,993.9046747560229,0.6971097580159785,0.3327256707990536,1.1920929e-07,3.98,3.98,9.503997,3.635,1.34,5.93,80.4,669.78,0.3780809283111007,0.83820236
1994-12-16,0.1304861957612813,994.9130417880094,0.6799613397865296,0.10264724061711172,1.1920929e-07,1.1920929e-07,0.0,9.497203,3.26,-0.08,6.6,154.65,610.26,0.38624299261722495,0.72315496
1994-12-17,0.06180288860052792,995.0341863402899,0.7133634739208898,0.040157670146700755,1.1920929e-07,2.01,2.01,9.467175,4.02,0.97,7.07,141.06,652.33,0.38723535946119686,0.6902843
1994-12-18,0.032238080800829044,994.7903763409165,0.7567942307288107,0.01869500372640033,1.1920929e-07,1.1920929e-07,0.0,9.420558,4.985,-0.53,10.5,225.64,585.53,0.3852407584214846,0.6574136
1994-12-19,0.01760803761814332,993.6916269053564,0.695724481001237,0.00957712983195502,1.1920929e-07,1.1920929e-07,0.0,9.420558,3.74,-1.1,8.58,207.0,566.01,0.3763786411524406,0.60810757
1994-12-20,0.008790560765646972,992.7053810035881,0.5859066819802933,0.004554166109191826,1.1920929e-07,1.1920929e-07,0.0,9.420558,1.22,-6.03,8.47,267.13,389.26,0.3685976964544451,0.5670192
1994-12-21,0.004759065621639079,991.7322194211225,0.6345761978403227,0.0024361437452643845,1.1920929e-07,1.1920929e-07,0.0,9.420558,2.405,-5.65,10.46,276.49,404.82,0.3610776643932245,0.5505839
1994-12-22,0.0016632213066459858,990.6703382796838,0.7224883688939251,0.0008385262566886895,1.1920929e-07,1.1920929e-07,0.0,9.420558,4.35,-2.06,10.76,248.17,521.52,0.35304698925859457,0.5341486
1994-12-23,-0.0005231223778913554,989.5242220589379,0.8533285225090009,1.1920928955078125e-07,1.1920929e-07,1.1920929e-07,0.0,9.420558,6.89,3.16,10.62,168.6,768.28,0.34457957568769465,0.5259309
1994-12-24,-0.0010884943494629384,988.3111002071732,0.9069482290871986,1.1920928955078125e-07,1.1920929e-07,1.1920929e-07,0.0,9.467175,7.77,3.81,11.73,177.79,808.59,0.33583826303987885,0.50127786
1994-12-25,-0.0005656581686970513,987.1190989959023,0.8471259465386511,1.1920928955078125e-07,1.1920929e-07,1.1920929e-07,0.0,9.467175,6.74,2.85,10.63,178.36,753.92,0.32746516264121694,0.48484254
1994-12-26,-0.00013288198546852195,986.0047369779788,0.7834713024593013,1.1920928955078125e-07,1.1920929e-07,1.1920929e-07,0.0,9.497203,5.52,-1.44,12.48,262.42,552.19,0.3198263391437164,0.47662488
1994-12-27,0.00010899784405956833,984.926579168999,0.7397810238373188,5.452862335186769e-05,1.1920929e-07,1.1920929e-07,0.0,9.503997,4.66,-4.68,14.0,288.19,434.07,0.31260533649657823,0.47662488
1994-12-28,9.64449631104795e-05,983.8351606413879,0.8143794496095501,4.82457356307107e-05,1.1920929e-07,1.1920929e-07,0.0,9.503997,6.13,-3.12,15.38,285.4,485.04,0.3054615593889979,0.46840718
1994-12-29,3.923963214171156e-05,982.6844745266934,0.8746639442049584,1.9623665442632927e-05,1.1920929e-07,1.1920929e-07,0.0,9.503997,7.24,-0.4,14.88,265.41,595.77,0.2981065690877582,0.46840718
1994-12-30,-1.7467596416379297e-06,981.5685233842082,0.7561024534121868,1.1920928955078125e-07,1.1920929e-07,1.1920929e-07,0.0,9.503997,5.04,0.2,9.88,206.18,617.18,0.29114279751347955,0.46018952
1994-12-31,-1.4760503212909873e-05,980.6010504034433,0.6347303254361341,1.1920928955078125e-07,1.1920929e-07,1.1920929e-07,0.0,9.503997,2.445,-0.56,5.45,142.58,585.71,0.2852373462465691,0.47662488
1995-01-01,-9.017222377490405e-06,979.8723211451069,0.7830229091320365,1.1920928955078125e-07,1.1920929e-07,7.91,7.91,9.503997,5.595,1.49,9.7,151.42,678.98,0.2808684112059795,0.6902843
1995-01-02,-5.868668904937725e-06,979.2993026265058,0.6970720318782131,1.1920928955078125e-07,1.1920929e-07,1.1920929e-07,0.0,9.503997,3.855,-3.05,10.76,279.44,491.49,0.27748005480499854,0.58345455
1995-01-03,-4.631795985833885e-06,978.729454732766,0.4561872726749281,1.1920928955078125e-07,1.1920929e-07,1.1920929e-07,0.0,9.503997,-2.3,-6.89,2.29,228.78,361.98,0.2741509857608603,0.50127786
1995-01-04,-4.49245857092849e-06,978.0419966043772,0.45490162954719016,1.1920928955078125e-07,1.1920929e-07,1.1920929e-07,0.0,9.503997,-2.33,-6.01,1.35,194.2,392.69,0.2701879462140873,0.48484254
1995-01-05,-4.492458507480296e-06,977.3840756093839,0.348883120551116,1.1920928955078125e-07,1.1920929e-07,1.1920929e-07,0.0,9.563178,-6.1,-12.99,0.79,289.39,227.38,0.266448841824402,0.41910118
1995-01-06,-0.0005753749911959452,976.7775916546221,0.3515464155651132,1.1920928955078125e-07,1.1920929e-07,1.1920929e-07,0.0,9.600003,-6.04,-13.19,1.11,294.15,225.44,0.26304791662217586,0.50949556
1995-01-07,8.137950582266287,982.2975801511116,0.5720475974767681,0.05521067005628311,0.0019147944,28.758085,28.76,9.600003,0.75,-4.15,5.65,179.87,440.23,0.2956736027045284,1.470963
1995-01-08,5.207848629228573,998.493919126808,0.6244065718829255,5.207717945790217,1.1920929e-07,1.1920929e-07,0.0,9.600003,1.79,-3.39,6.97,249.42,475.69,0.41667808349971225,1.1422561
1995-01-09,1.907169363171887,1000.721336497361,0.6623245928108441,1.9071693532256693,1.1920929e-07,1.1920929e-07,0.0,9.600003,2.625,-2.46,7.71,245.71,508.62,0.43680780807935704,0.82176703
1995-01-10,0.6954311295932953,1000.8490245879394,0.6295157235591413,0.6947605118131068,1.1920929e-07,1.1920929e-07,0.0,9.600003,1.875,-5.2,8.95,293.57,426.63,0.43799079144642,0.70671964
1995-01-11,0.2567243206307456,1000.1377640573485,0.7544958191990988,0.23842588959735037,1.1920929e-07,1.1920929e-07,0.0,9.6125555,4.555,-2.3,11.41,288.62,515.95,0.43144176378527554,0.6491959
1995-01-12,0.10601130710527916,1001.1588746909507,1.0533863323263046,0.078735886114394,1.1920929e-07,4.5,4.5,9.695997,9.525,4.0,15.05,187.41,807.97,0.44087477624808663,0.6820666
1995-01-13,0.051621634299698474,1001.322627944788,1.1113978251327636,0.03232869870498291,1.1920929e-07,1.1920929e-07,0.0,9.695997,10.365,3.95,16.78,271.88,800.0,0.44240660073713844,0.6656313
1995-01-14,0.027805267534594204,1009.0267083325593,1.3298226686193895,0.01582310875155139,1.1920929e-07,23.07,23.07,9.695997,13.105,8.38,17.83,167.26,1110.18,0.5208233827138186,0.9614674
1995-01-15,0.01584977671937803,1051.5927766205862,1.513115435814994,0.00855161543461062,1.1920929e-07,62.51,62.51,9.695997,14.53,11.77,17.29,107.53,1381.6,1.2830702468271873,18.654112
1995-01-16,0.009304091532322149,1089.9008003311342,1.2020946663023384,0.004868305080689005,1.1920929e-07,17.08,17.08,9.708552,10.245,5.61,14.88,171.35,905.8,2.8882925018618932,7.100067
1995-01-17,0.005521872277943254,1092.3086469397947,0.98262725099145,0.0028371444596445353,1.1920929e-07,1.1920929e-07,0.0,9.792,6.945,0.4,13.49,285.99,626.43,3.0394195587555433,3.5582511
1995-01-18,0.0032709454584908216,1088.4542233964362,0.9350112283486686,0.0016622180551815362,1.1920929e-07,1.1920929e-07,0.0,9.792,6.24,-1.83,14.31,310.97,540.79,2.8011366235432043,2.3009477
1995-01-19,0.001950202744048517,1083.920001381379,0.9081430438669037,0.000984609297538362,1.1920929e-07,1.1920929e-07,0.0,9.792,5.86,0.74,10.98,255.74,644.72,2.5446294446001834,1.7585814
1995-01-20,0.0011660517763228617,1087.4189677736322,0.8191063957191227,0.000586425041509601,1.1920929e-07,15.21,15.21,9.792,4.255,1.6,6.91,115.18,687.91,2.7403819874355433,4.7744665
1995-01-21,0.0010878077132913037,1090.9965817786922,0.6865948002285304,0.000546451014186402,1.1920929e-07,1.1920929e-07,0.0,9.888002,1.45,-0.87,3.77,138.24,575.36,2.956113670621572,2.6543074
1995-01-22,0.020255467662970417,1087.5074420631997,0.6140684414476534,1.1920928955078125e-07,1.1920929e-07,1.1920929e-07,0.0,9.888002,-0.125,-4.99,4.74,258.93,425.8,2.74552225363984,1.9968939
1995-01-23,0.02291354528862174,1084.2323344791912,0.6289669412554239,1.1920928955078125e-07,1.1920929e-07,1.1920929e-07,0.0,9.888002,0.265,-4.26,4.79,248.14,445.04,2.56151947116157,1.668187
1995-01-24,0.02463423173633504,1081.1578607484307,0.5584944718084092,1.1920928955078125e-07,1.1920929e-07,1.1920929e-07,0.0,9.900558,-1.42,-5.45,2.61,230.87,412.75,2.4000260775364817,1.4545276
1995-01-25,0.024598191385814382,1078.2695539462384,0.5682270779739486,1.1920928955078125e-07,1.1920929e-07,1.1920929e-07,0.0,9.984,-1.255,-6.66,4.15,283.15,373.22,2.2575989065277047,1.2901742
1995-01-26,0.02485370834754827,1075.4777684208818,0.6197907009991136,1.1920928955078125e-07,1.1920929e-07,1.1920929e-07,0.0,9.984,0.03,-5.93,5.99,299.19,393.48,2.127969988928018,1.1997799
1995-01-27,0.025315998972620334,1072.790094534561,0.612063225816183,1.1920928955078125e-07,1.1920929e-07,1.1920929e-07,0.0,9.984,-0.115,-6.63,6.4,314.41,367.26,2.010212278863078,1.1176032
1995-01-28,0.09477630576297072,1072.3556612600357,0.634594477709789,1.1920928955078125e-07,0.03988051,5.1801195,5.22,10.08,0.275,-4.88,5.43,214.72,424.31,1.9917995222018299,1.1258208
1995-01-29,5.688471989658789,1071.5349984886568,0.5351643478289279,1.1920928955078125e-07,9.03,2.6911496e-07,9.03,10.08,-2.155,-4.21,-0.1,102.03,448.94,1.957476014542955,1.1997799
1995-01-30,14.518197356027068,1069.0998525400048,0.5369694785042282,1.1920928955078125e-07,7.96,2.3722649e-07,7.96,10.08,-2.075,-4.06,-0.09,99.76,457.0,1.8590704379179979,1.0929501
1995-01-31,20.132589506104853,1067.7273964713056,0.6265217088984931,1.1920928955078125e-07,0.43388405,4.626116,5.06,10.169206,0.025,-4.41,4.46,198.78,433.9,1.8058047561820803,1.0600795
1995-02-01,16.822172100126036,1070.7408631360727,0.7501702954832855,9.820262908935547,1.1920929e-07,1.1920929e-07,0.0,10.176,2.605,-3.61,8.82,326.91,469.89,1.9248252052671309,1.0436441
1995-02-02,6.5140132523533705,1078.0835015888235,0.9411500542031969,6.5140132523533705,1.1920929e-07,1.1920929e-07,0.0,10.176,5.9,0.55,11.25,296.99,628.86,2.2487196432145447,1.1586915
1995-02-03,2.381271394797146,1079.0338602898696,0.7872960350570535,2.3812713946887336,1.1920929e-07,1.1920929e-07,0.0,10.235178,3.12,-2.18,8.42,300.2,521.1,2.294444435786654,1.1422561
1995-02-04,0.8800204029521419,1080.0326567182094,0.6778682745475008,0.5050176872119079,0.000116993186,5.019883,5.02,10.272,0.855,-3.15,4.86,189.84,487.76,2.343502109854084,1.2819566
1995-02-05,2.250622717245695,1078.2912418068079,0.44125307974933176,1.1920928955078125e-07,1.1920929e-07,1.1920929e-07,0.0,10.272,-5.205,-9.38,-1.03,270.09,303.37,2.258636228749122,1.1586915
1995-02-06,2.2504860748947,1075.708223128312,0.35017761371316763,1.1920928955078125e-07,1.1920929e-07,1.1920929e-07,0.0,10.331169,-8.395,-13.53,-3.26,316.09,221.37,2.1383826540828577,0.8546377
1995-02-07,2.2484005251182295,1073.2552059601974,0.3938516997728636,1.1920928955078125e-07,1.1920929e-07,1.1920929e-07,0.0,10.367997,-6.825,-12.91,-0.74,346.36,230.24,2.0301139875088716,0.82176703
1995-02-08,2.720548626474044,1070.8743414738653,0.40706512082745155,1.1920928955078125e-07,0.94,1.1920929e-07,0.94,10.367997,-6.345,-11.02,-1.67,324.61,268.99,1.9302748298302506,0.772461
1995-02-09,3.188903865860893,1068.5953478312085,0.39002380938312936,1.1920928955078125e-07,1.1920929e-07,1.1920929e-07,0.0,10.457203,-7.015,-13.4,-0.63,388.94,222.75,1.839310156539865,0.71493727
1995-02-10,3.188748068247047,1066.3269451171154,0.5811614740762171,1.1920928955078125e-07,1.1920929e-07,1.1920929e-07,0.0,10.463997,-1.445,-7.53,4.64,382.0,346.21,1.7530254251888318,1.0272088
1995-02-11,1.8441162056279778,1065.2566489958563,0.752766075531826,1.844115967724893,1.1920929e-07,1.1920929e-07,0.0,10.463997,2.32,-2.97,7.61,328.89,496.51,1.7137311634947494,0.92037904
1995-02-12,1.2354703809300607,1063.5119715248327,0.5711443958632737,1.1920928955078125e-07,1.1920929e-07,1.1920929e-07,0.0,10.56,-1.785,-9.43,5.86,390.35,298.62,1.6515572147925937,0.84642
1995-02-13,1.2354703809992549,1061.3968972720988,0.4439349497358112,1.1920928955078125e-07,1.1920929e-07,1.1920929e-07,0.0,10.56,-5.285,-12.15,1.58,381.57,241.83,1.579200667596954,0.71493727
1995-02-14,1.2334895542268616,1059.3946371515387,0.49988670921261913,1.1920928955078125e-07,1.1920929e-07,1.1920929e-07,0.0,10.56,-3.61,-9.5,2.28,355.77,300.25,1.5136266912691065,0.80533165
1995-02-15,6.089187985959762,1057.7394458073147,0.6432024582483105,1.1920928955078125e-07,3.7302055,8.029795,11.76,10.655997,-0.135,-2.43,2.16,127.89,513.59,1.4614800065221083,0.9943381
1995-02-16,3.5802593355023093,1072.1358987807398,0.8078614123378357,3.5802593355023085,1.1920929e-07,14.71,14.71,10.655997,3.0,-0.26,6.26,177.89,599.73,1.98254957603597,1.618881
1995-02-17,1.3090215387203377,1081.100975535328,0.9218764496534627,1.3090188351505412,1.1920929e-07,4.71,4.71,10.668552,4.83,1.88,7.78,167.77,706.12,2.397136035476469,2.1283765
1995-02-18,0.4773879967965258,1080.4672314548989,0.905661927466045,0.4733890239361295,1.1920929e-07,1.1920929e-07,0.0,10.752,4.455,0.56,8.35,286.55,627.46,2.365173191295804,1.5613573
1995-02-19,0.18008410335518038,1077.509852709706,1.0287626663728207,0.15455741270282675,1.1920929e-07,1.1920929e-07,0.0,10.752,6.425,1.24,11.61,343.1,673.24,2.2215617485667467,1.3559155
1995-02-20,0.07929781640921588,1074.3668078679134,1.1522384496960982,0.05459420272693346,1.1920929e-07,1.1920929e-07,0.0,10.848,8.075,1.06,15.09,389.71,656.0,2.078480292411089,1.2573035
1995-02-21,0.039993027980850165,1071.2726137224406,1.0489678912368245,0.023942662413838182,1.1920929e-07,1.1920929e-07,0.0,10.848,6.675,0.16,13.19,382.93,618.59,1.946627276328574,1.1751268
1995-02-22,0.02145635141619589,1068.4406476677736,0.8083146711986329,0.011874717957974682,1.1920929e-07,1.1920929e-07,0.0,10.848,2.795,-4.79,10.38,410.64,423.99,1.8332930897933604,1.0765148
1995-02-23,0.010433683732015777,1065.6395155428795,1.1861885756591233,0.005488749631659614,1.1920929e-07,1.1920929e-07,0.0,10.944003,8.515,-0.44,17.47,422.14,592.58,1.7276852915372185,1.0107734
1995-02-24,0.005596393889429863,1062.7625577628821,1.3046453448368005,0.0028764755767173816,1.1920929e-07,1.1920929e-07,0.0,10.944003,10.045,2.03,18.06,408.89,704.55,1.6255482305114977,0.97790277
1995-02-25,0.0022696027433151567,1060.1783129768412,0.775520190988155,0.0011476762345927086,1.1920929e-07,1.1920929e-07,0.0,11.039997,2.04,-4.74,8.82,396.55,426.92,1.5389613529169295,0.91216135
1995-02-26,5.780681593102032e-05,1057.7229877736427,1.1100858656178874,2.8911762035197732e-05,1.1920929e-07,1.1920929e-07,0.0,11.039997,7.47,-1.42,16.36,429.62,560.0,1.4609706222205638,0.8875084
1995-02-27,-0.00040725505676335105,1055.515600615855,1.3183744035856855,1.1920928955078125e-07,1.1920929e-07,1.1920929e-07,0.0,11.039997,10.18,0.07,20.29,438.42,605.98,1.3942350730137942,0.8628554
1995-02-28,-0.00024166923497138896,1062.0160651033239,1.2322475907975485,1.1920928955078125e-07,1.1920929e-07,13.32,13.32,11.136005,8.89,4.34,13.44,223.21,827.54,1.600047835622239,1.1340384
1995-03-01,-0.0001449044512804549,1067.0928049833938,1.3035700888602375,1.1920928955078125e-07,1.1920929e-07,2.49,2.49,11.136005,9.695,6.14,13.25,216.4,941.04,1.781694603129004,1.0600795
1995-03-02,-8.674406150506047e-05,1065.1515097641036,0.9667766137772043,1.1920928955078125e-07,1.1920929e-07,1.1920929e-07,0.0,11.232,4.995,1.01,8.98,274.99,663.79,1.7099189744493821,0.9861204
1995-03-03,-5.101172744319993e-05,1062.317216639403,0.8112707755362049,1.1920928955078125e-07,1.1920929e-07,1.1920929e-07,0.0,11.232,2.42,-1.48,6.32,277.25,549.38,1.6102867601188768,0.92037904
1995-03-04,-2.9990964051885033e-05,1060.7016049307072,0.7257051889910917,1.1920928955078125e-07,0.000109247565,2.9898908,2.99,11.232,0.81,-1.95,3.57,165.92,535.61,1.5561140046487083,0.93681437
1995-03-05,-1.552835592165595e-05,1058.6336660284044,0.8062895187835739,1.1920928955078125e-07,1.1920929e-07,1.1920929e-07,0.0,11.328006,2.255,-0.71,5.22,226.53,582.76,1.489425204701689,0.92859674
1995-03-06,-7.769895475881068e-06,1057.8576703597876,1.0848532692467265,1.1920928955078125e-07,1.1920929e-07,3.25,3.25,11.328006,6.72,2.33,11.11,232.86,719.45,1.4651443389349974,0.95324975
1995-03-07,-4.618727937048356e-06,1055.8043932295186,1.680023446808529,1.1920928955078125e-07,1.1920929e-07,1.1920929e-07,0.0,11.424,13.5,6.51,20.49,401.65,960.75,1.4027897077836398,0.91216135
1995-03-08,-2.7554176603658297e-06,1056.6927325178274,1.6105725058658087,1.1920928955078125e-07,1.1920929e-07,7.54,7.54,11.424,12.805,5.66,19.95,305.51,909.87,1.4294346103015156,1.1833445
1995-03-09,-1.6266708214664964e-06,1072.1482516092358,0.9603173962714017,1.1920928955078125e-07,1.1920929e-07,25.92,25.92,11.520002,4.415,-5.63,14.46,366.0,407.57,1.9830683733421182,3.3528094
1995-03-10,0.954444264849156,1081.1127185228609,0.6953471485877485,1.1920928955078125e-07,1.1920929e-07,1.1920929e-07,0.0,11.520002,-0.45,-8.06,7.16,457.9,336.39,2.397732350456919,1.8243227
1995-03-11,0.47452186147475456,1078.4500981944161,0.949980229084142,0.47043231743747466,1.1920929e-07,1.1920929e-07,0.0,11.520002,4.165,-6.2,14.53,498.01,387.5,2.266248815494425,1.5120513
1995-03-12,0.17758225839865058,1075.4315705279093,1.2681410300974414,0.15186484418477975,1.1920929e-07,1.1920929e-07,0.0,11.615997,8.485,-2.75,19.72,500.21,501.73,2.1258887323322884,1.3394803
1995-03-13,0.0760772270733023,1072.1416194471556,1.4067735963637913,0.051848256677796696,1.1920929e-07,1.1920929e-07,0.0,11.615997,10.155,-1.43,21.74,501.38,553.9,1.9827898171976492,1.2162151
1995-03-14,0.037392854144562074,1068.7734928447119,1.5665854333580993,0.022151822586765346,1.1920929e-07,1.1920929e-07,0.0,11.712,11.78,0.36,23.2,498.55,625.52,1.84626358020007,1.1422561
1995-03-15,0.01969188328373984,1065.4044559564582,1.6319717329477956,0.010812246789493205,1.1920929e-07,1.1920929e-07,0.0,11.712,12.485,1.32,23.65,496.17,674.29,1.7191047966408854,1.0847324
1995-03-16,0.009056505231396908,1062.0768530694525,1.7091995646960094,0.004733163295416689,1.1920929e-07,1.1920929e-07,0.0,11.712,13.28,2.0,24.56,495.87,703.33,1.6021093227483547,1.0354264
1995-03-17,0.003689686689197655,1058.7791739788504,1.801435657777249,0.0018788739536350926,1.1920929e-07,1.1920929e-07,0.0,11.808002,14.05,3.43,24.67,484.12,780.17,1.4940227421574153,0.9943381
1995-03-18,0.002074161738050511,1055.7266240697152,1.4733545537417028,0.0010478358507377402,1.1920929e-07,1.1920929e-07,0.0,11.808002,10.87,0.82,20.92,480.13,650.43,1.4004808735161882,0.94503206
1995-03-19,0.0010250729544808365,1053.0447287466184,1.2182416684017343,0.0005151633906430305,1.1920929e-07,1.1920929e-07,0.0,11.903997,7.81,-2.28,17.9,483.64,514.46,1.3231429312746097,0.9039437
1995-03-20,0.0005239458615669432,1050.5389286728375,1.4000920190934414,0.00026265922737809145,1.1920929e-07,1.1920929e-07,0.0,11.903997,10.015,0.7,19.33,461.6,637.52,1.2547471508725179,0.8792907
1995-03-21,-8.134424205768207e-05,1048.3251801753984,1.6956662180965778,1.1920928955078125e-07,1.1920929e-07,6.17,6.17,12.000009,12.97,5.73,20.21,290.96,916.07,1.1972703335769372,0.94503206
1995-03-22,-0.0007576718364963961,1046.334128833654,1.7821267853626432,1.1920928955078125e-07,1.1920929e-07,1.1920929e-07,0.0,12.000009,13.805,6.72,20.89,376.57,977.88,1.1478279301008163,0.8792907
1995-03-23,-0.00132877568335109,1044.445999322231,1.6576812875924056,1.1920928955078125e-07,1.1920929e-07,3.67,3.67,12.000009,12.665,5.16,20.17,309.34,882.71,1.102828853320965,0.82176703
1995-03-24,-0.0016183945442236557,1042.541016315757,1.333880952495813,1.1920928955078125e-07,1.1920929e-07,1.1920929e-07,0.0,12.096003,9.125,2.15,16.1,384.84,713.39,1.0592157225697678,0.82998466
1995-03-25,-0.0014502671807159833,1040.4994044888583,1.224729289290486,1.1920928955078125e-07,1.1920929e-07,1.1920929e-07,0.0,12.096003,7.83,-0.36,16.02,431.68,588.53,1.014387492641379,0.772461
1995-03-26,-0.0007421605943057373,1038.276162147285,1.287937576299027,1.1920928955078125e-07,1.1920929e-07,1.1920929e-07,0.0,12.191998,8.52,-1.99,19.03,486.17,531.3,0.9677263273613542,0.747808
1995-03-27,0.00020962207258293708,1036.0253533289208,1.6012407077682187,0.00010492088978452749,1.1920929e-07,1.1920929e-07,0.0,12.191998,11.985,4.8,19.17,392.17,865.78,0.922672647897145,0.7395903
1995-03-28,0.001135458949506965,1033.776788257601,1.4244589199169,0.0005709526076896038,1.1920929e-07,1.1920929e-07,0.0,12.288,10.04,3.19,16.89,386.64,775.27,0.8797583071618008,0.73137265
1995-03-29,0.0017746672054703171,1031.5503717273273,1.3034353298073467,0.0008952070053213553,1.1920929e-07,1.1920929e-07,0.0,12.288,8.685,0.51,16.86,439.64,626.45,0.8392335707253505,0.71493727
1995-03-30,0.0018665640094769668,1029.3660085321008,1.4170293190790741,0.000941991904861763,1.1920929e-07,1.1920929e-07,0.0,12.288,10.025,2.73,17.32,406.87,750.49,0.8012889672201382,0.70671964
1995-03-31,0.001193242707852162,1027.24383509528,1.2860088825497538,0.0006001808820911502,1.1920929e-07,1.1920929e-07,0.0,12.383997,8.42,1.15,15.69,407.29,666.16,0.7660684100803328,0.6902843
1995-04-01,6.211198350214312e-05,1025.193156820678,1.1809137883130094,3.106563649699791e-05,1.1920929e-07,1.1920929e-07,0.0,12.383997,7.135,1.4,12.87,342.6,682.07,0.7335059143039929,0.6820666
1995-04-02,-0.0011433500536972944,1023.1986752602925,1.0936768759358086,1.1920928955078125e-07,1.1920929e-07,1.1920929e-07,0.0,12.479998,5.875,-1.25,13.0,404.32,560.97,0.7031640072841316,0.6820666
1995-04-03,-0.0020914798314905173,1021.2424623700954,1.1708881888121638,1.1920928955078125e-07,1.1920929e-07,1.1920929e-07,0.0,12.479998,6.945,-3.42,17.31,493.71,472.57,0.674623823624241,0.6574136
1995-04-04,-0.002450613777621886,1019.3065901060587,1.553065228025273,1.1920928955078125e-07,1.1920929e-07,1.1920929e-07,0.0,12.479998,11.385,2.14,20.63,457.26,717.5,0.6475209525734303,0.6491959
1995-04-05,-0.0018928520199740797,1017.3708933615258,1.292562884544844,1.1920928955078125e-07,1.1920929e-07,1.1920929e-07,0.0,12.576003,8.41,-1.07,17.89,466.57,567.39,0.6215092442883298,0.6327606
1995-04-06,-0.000596098003007579,1015.2282175030311,1.2553355185631883,1.1920928955078125e-07,1.1920929e-07,1.1920929e-07,0.0,12.576003,7.99,-1.1,17.08,457.19,566.54,0.5939329018300107,0.62454295
1995-04-07,0.0009004506636326737,1012.8218927201292,1.6326144093684871,0.0004522523466143908,1.1920929e-07,1.1920929e-07,0.0,12.672003,12.04,1.49,22.59,486.34,681.02,0.5644193605780379,0.62454295
1995-04-08,0.0021974837401378257,1010.2508278530586,1.9737470140867388,0.0011108137212583965,1.1920929e-07,1.1920929e-07,0.0,12.672003,15.155,4.56,25.75,482.51,847.02,0.534504045911075,0.61632526
1995-04-09,0.0028956909866990226,1007.6139317420582,2.324367674272406,0.0014688065944345738,1.1920929e-07,1.1920929e-07,0.0,12.767997,17.785,8.4,27.17,445.38,1111.63,0.505468990962816,0.60810757
1995-04-10,0.0025957621635074144,1005.0101132273667,2.1763611408450263,0.0013147250889997005,1.1920929e-07,1.1920929e-07,0.0,12.767997,16.73,8.62,24.84,411.74,1129.84,0.47834618634256976,0.59988993
1995-04-11,0.0015266022764021175,1002.2461872556688,1.487312224935256,0.0007691273113274468,1.1920929e-07,1.1920929e-07,0.0,12.767997,10.605,6.19,15.02,262.7,944.12,0.4511462015092073,0.59167224
1995-04-12,0.0007993876756984487,1000.7165177541881,1.560327831445036,0.00040129138098218766,1.1920929e-07,1.77,1.77,12.863992,11.27,7.82,14.72,210.14,1065.58,0.43676322680930074,0.6409783
1995-04-13,0.00045504975277134874,1002.6326375955852,1.5466690427687146,0.00022804255118612565,1.1920929e-07,8.04,8.04,12.863992,11.1,4.9,17.3,274.92,871.86,0.45485420464298226,0.81354934
1995-04-14,0.00024638533732207745,1002.5679528814828,1.5288963202992822,0.00012334443292038235,1.1920929e-07,1.1920929e-07,0.0,12.959997,10.8,3.65,17.95,413.7,788.57,0.4542314358751895,0.6409783
1995-04-15,0.00013559911006019246,1000.9212010394625,1.3986947663660163,6.784552281967556e-05,1.1920929e-07,1.1920929e-07,0.0,12.959997,9.425,-0.88,19.73,516.62,575.32,0.43866089658279556,0.59167224
1995-04-16,7.011631450756617e-05,998.7606069428401,1.8157834007583522,3.5070447997179855e-05,1.1920929e-07,1.1920929e-07,0.0,12.959997,13.615,3.38,23.85,510.83,715.73,0.419038460918996,0.5752369
1995-04-17,2.4454345590380945e-05,996.3068313543451,2.163403173743864,1.2228667832728656e-05,1.1920929e-07,1.1920929e-07,0.0,13.0560055,16.405,8.82,23.99,429.59,1064.64,0.3978156919257361,0.58345455
1995-04-18,7.655513194103695e-06,993.8004652105175,2.093077939989446,3.827903114257439e-06,1.1920929e-07,1.1920929e-07,0.0,13.0560055,15.9,9.32,22.48,392.45,1142.59,0.3772473172236849,0.5752369
1995-04-19,3.894231812878368e-06,990.9429034141577,2.540503270212118,1.9471538190427104e-06,1.1920929e-07,1.1920929e-07,0.0,13.152002,19.065,10.07,28.06,476.89,1076.13,0.35509111445031144,0.5670192
1995-04-20,1.1549059603001912e-06,987.9366196540915,2.61082820062505,5.774563146695384e-07,1.1920929e-07,1.1920929e-07,0.0,13.152002,19.58,10.11,29.05,488.81,1064.75,0.3331849492743139,0.5423662
1995-04-21,4.42301286469345e-08,985.398317046585,2.560796139682679,1.1920928955078125e-07,1.1920929e-07,0.81,0.81,13.152002,19.295,11.73,26.86,428.78,1207.73,0.31574453731597196,0.5259309
1995-04-22,2.469527413455471e-08,982.187467434652,2.3621344746420454,1.1920928955078125e-07,1.1920929e-07,1.1920929e-07,0.0,13.248,17.865,9.27,26.46,470.33,991.2,0.2949848011814918,0.5259309
1995-04-23,1.2970997468454318e-08,979.4823525450663,2.07494215652074,1.1920928955078125e-07,1.1920929e-07,1.1920929e-07,0.0,13.248,15.755,5.79,25.72,512.85,756.23,0.2785579931902761,0.50127786
1995-04-24,7.505276880147946e-09,980.576122732561,1.1815142352016004,1.1920928955078125e-07,1.1920929e-07,10.2,10.2,13.331445,6.695,3.75,9.64,154.12,796.63,0.28508678130214715,0.6820666
1995-04-25,4.11612106618996e-09,981.9785170575436,1.2900399342891453,1.1920928955078125e-07,1.1920929e-07,0.14,0.14,13.343997,8.01,2.43,13.59,365.76,727.93,0.29368213683598726,0.6327606
1995-04-26,2.3645222667090867e-09,980.9738252885279,1.4159528265313523,1.1920928955078125e-07,1.1920929e-07,1.1920929e-07,0.0,13.343997,9.475,-0.31,19.26,528.45,525.4,0.28749844297874466,0.5423662
1995-04-27,1.239184532970952e-09,979.0889506595851,1.7135381846355522,1.1920928955078125e-07,1.1920929e-07,1.1920929e-07,0.0,13.439992,12.415,2.7,22.13,520.62,639.15,0.27624649095313947,0.50949556
1995-04-28,5.974076587904682e-10,977.0100505083608,1.8967192709083731,1.1920928955078125e-07,1.1920929e-07,1.1920929e-07,0.0,13.439992,14.09,6.63,21.55,444.96,900.8,0.264346294191955,0.50127786
1995-04-29,3.502780453410863e-10,974.9170996007855,1.6740650343230712,1.1920928955078125e-07,1.1920929e-07,1.1920929e-07,0.0,13.439992,12.11,2.66,21.56,515.69,631.88,0.25288346397858197,0.47662488
1995-04-30,2.0194957139190897e-10,973.096708945428,1.9078875071620998,1.1920928955078125e-07,1.1920929e-07,0.52,0.52,13.536,14.135,7.19,21.08,419.15,917.55,0.24331836241707894,0.48484254
1995-05-01,1.2113441632690218e-10,970.9469532783091,1.7561993156643634,1.1920928955078125e-07,1.1920929e-07,2.14,2.14,13.536,12.83,7.43,18.23,334.39,999.84,0.23248746941258341,0.50949556
1995-05-02,7.310838371845741e-11,983.9013055129126,1.4979799701967569,1.1920928955078125e-07,1.1920929e-07,25.32,25.32,13.542794,10.08,7.25,12.91,149.32,1023.84,0.30588981931098086,1.2490859
1995-05-03,4.42478795737611e-11,995.3677826493264,1.5366040597251547,1.1920928955078125e-07,1.1920929e-07,1.77,1.77,13.632003,10.195,6.32,14.07,271.8,954.34,0.38998124183857397,0.9039437
1995-05-04,2.672239522026187e-11,993.7922918043563,1.7411576964847333,1.1920928955078125e-07,1.1920929e-07,0.01,0.01,13.632003,12.205,6.72,17.69,372.53,984.67,0.37718201287905867,0.69850194
1995-05-05,1.571120380325305e-11,992.5394701181687,1.9226342518202726,1.1920928955078125e-07,1.1920929e-07,2.2,2.2,13.668831,13.78,8.58,18.98,337.69,1116.63,0.367304647249606,0.6409783
1995-05-06,8.935763613496183e-12,991.4088570075413,1.8695258026808912,1.1920928955078125e-07,1.1920929e-07,1.1920929e-07,0.0,13.728,13.275,5.73,20.82,477.8,813.24,0.35861302064537026,0.59988993
1995-05-07,5.070169915289501e-12,989.2038787715915,1.8293061421258439,1.1920928955078125e-07,1.1920929e-07,1.1920929e-07,0.0,13.728,12.96,3.44,22.48,542.2,645.75,0.34224943029107435,0.5505839
1995-05-08,2.4106579277400073e-12,986.9609588230282,1.9653651727922872,1.1920928955078125e-07,1.1920929e-07,1.1920929e-07,0.0,13.764828,14.115,4.15,24.08,550.94,662.61,0.3263701211175334,0.5177132
1995-05-09,1.2371969541096494e-12,984.9263217945398,2.057978314848115,1.1920928955078125e-07,1.1920929e-07,1.1920929e-07,0.0,13.8239975,14.83,7.72,21.94,463.49,934.97,0.31260363233379024,0.50949556
1995-05-10,7.461896700808382e-13,996.5501549890562,2.4653167845791337,1.1920928955078125e-07,1.1920929e-07,26.75,26.75,13.8239975,17.625,11.47,23.78,307.56,1357.05,0.39987128083021484,1.7585814
1995-05-11,4.499372129399114e-13,1010.4937642717924,2.800018273902848,1.1920928955078125e-07,1.1920929e-07,8.16,8.16,13.830791,19.53,12.97,26.09,315.03,1501.66,0.5372615229134171,1.5860103
1995-05-12,2.666887482617879e-13,1010.675275907335,2.4499968060606236,1.1920928955078125e-07,1.1920929e-07,1.1920929e-07,0.0,13.919997,17.17,10.5,23.84,432.38,1231.56,0.5393310721105566,0.97790277
1995-05-13,1.5880077767248968e-13,1007.5846675291681,2.151231378995354,1.1920928955078125e-07,1.1920929e-07,1.1920929e-07,0.0,13.919997,15.07,8.92,21.22,413.26,1134.64,0.5051557726104734,0.80533165
1995-05-14,9.242967230823134e-14,1006.4089475221338,2.5828439009226667,1.1920928955078125e-07,1.1920929e-07,2.96,2.96,13.919997,18.125,12.34,23.91,306.88,1430.01,0.4927311494015444,0.747808
1995-05-15,5.3858901590537436e-14,1006.1290561368197,3.0530001204718307,1.1920928955078125e-07,1.1920929e-07,3.65,3.65,14.016,20.855,15.18,26.53,282.98,1726.89,0.4898186672671343,0.70671964
1995-05-16,2.674175628470228e-14,1004.0924999488352,2.50496732591176,1.1920928955078125e-07,1.1920929e-07,1.1920929e-07,0.0,14.016,17.535,8.93,26.14,515.45,1044.3,0.4691387491908691,0.62454295
1995-05-17,1.2587562874046104e-14,1000.9628942047178,2.914884565714479,1.1920928955078125e-07,1.1920929e-07,1.1920929e-07,0.0,14.016,20.15,13.7,26.6,426.43,1483.97,0.43904845394853514,0.58345455
1995-05-18,7.512404040417568e-15,996.260603003083,3.3368187263845424,1.1920928955078125e-07,1.1920929e-07,1.1920929e-07,0.0,14.099442,22.46,17.24,27.68,355.32,1913.26,0.3974263527236385,0.60810757
1995-05-19,4.501667845724936e-15,998.2857322061475,2.956248184365488,1.1920928955078125e-07,1.1920929e-07,12.47,12.47,14.111998,20.32,14.34,26.3,304.03,1626.81,0.41484472525642946,1.0272088
1995-05-20,2.688011755950427e-15,1001.4088764327182,2.1807900952962274,1.1920928955078125e-07,1.1920929e-07,1.1920929e-07,0.0,14.111998,15.17,6.33,24.01,537.66,826.13,0.44321554811198455,0.6902843
1995-05-21,1.6116916288656258e-15,998.7593599166647,2.330035218133359,1.1920928955078125e-07,1.1920929e-07,1.1920929e-07,0.0,14.111998,16.305,7.45,25.16,534.46,888.09,0.41902739279166,0.5588016
1995-05-22,9.334909113029347e-16,995.9438178315777,2.594160362791362,1.1920928955078125e-07,1.1920929e-07,1.1920929e-07,0.0,14.207997,18.03,10.32,25.74,494.67,1106.17,0.39476859301312284,0.5259309
1995-05-23,4.528920862332878e-16,993.0195383758625,2.6050797581307616,1.1920928955078125e-07,1.1920929e-07,1.1920929e-07,0.0,14.207997,18.15,10.21,26.09,504.34,1085.98,0.3710586082506023,0.4930602
1995-05-24,2.1791935841607342e-16,989.8936151141578,2.9110387292084754,1.1920928955078125e-07,1.1920929e-07,1.1920929e-07,0.0,14.207997,20.085,12.11,28.06,495.18,1227.75,0.3472862050775233,0.47662488
1995-05-25,1.2809196864600897e-16,986.4769329326497,3.2099009020511517,1.1920928955078125e-07,1.1920929e-07,1.1920929e-07,0.0,14.207997,21.825,13.63,30.02,494.05,1344.61,0.32304118801865994,0.45197186
1995-05-26,7.571374906779594e-17,983.5342645680411,3.296125702704827,1.1920928955078125e-07,1.1920929e-07,1.1920929e-07,0.0,14.291445,22.235,14.76,29.71,469.0,1478.41,0.3035209403218404,0.45197186
1995-05-27,4.491888472858826e-17,989.4958221499179,3.04820985271894,1.1920928955078125e-07,1.1920929e-07,14.84,14.84,14.304,20.765,15.23,26.3,287.75,1728.03,0.3443723582540946,0.84642
1995-05-28,2.6872663074317937e-17,998.2045783536375,2.118244423521214,1.1920928955078125e-07,1.1920929e-07,8.61,8.61,14.304,14.525,11.91,17.14,158.64,1392.64,0.41413224647962216,1.0847324
1995-05-29,1.5982904426641184e-17,1002.3493152727999,2.503587826204616,1.1920928955078125e-07,1.1920929e-07,5.25,5.25,14.304,17.215,12.35,22.08,276.05,1427.75,0.45213275086412186,1.0765148
1995-05-30,8.39001710055296e-18,1002.2970574627036,2.998852008783857,1.1920928955078125e-07,1.1920929e-07,1.11,1.11,14.304,20.265,14.32,26.21,422.3,1564.01,0.45163256977726474,0.83820236
1995-05-31,3.5267752438006554e-18,999.5767907485249,2.408494009998165,1.1920928955078125e-07,1.1920929e-07,1.1920929e-07,0.0,14.387447,16.52,9.02,24.02,503.13,1043.99,0.4263456724773885,0.6902843
1995-06-01,1.8453083137780456e-18,996.8860064177907,2.5096595964035457,1.1920928955078125e-07,1.1920929e-07,1.1920929e-07,0.0,14.4000025,17.235,12.29,22.18,370.98,1422.38,0.4027260006116786,0.6327606
1995-06-02,1.0402078440312343e-18,999.9887144512364,2.9130649981089123,1.1920928955078125e-07,1.1920929e-07,11.33,11.33,14.4000025,19.695,16.64,22.75,176.77,1884.0,0.4300818290129792,0.73137265
1995-06-03,6.062263711756531e-19,1010.4924426717361,3.1852490367802218,1.1920928955078125e-07,1.1920929e-07,18.78,18.78,14.4000025,21.045,16.24,25.85,263.79,1843.34,0.5372464835263892,1.1751268
1995-06-04,3.4276879502300267e-19,1015.1146568459131,3.278742657275341,1.1920928955078125e-07,1.1920929e-07,3.08,3.08,14.4000025,21.465,15.52,27.41,345.76,1755.79,0.5925060019618277,1.3476979
1995-06-05,1.9830790504188714e-19,1013.0975567347934,3.3925396673664276,1.1920928955078125e-07,1.1920929e-07,1.1920929e-07,0.0,14.4000025,22.09,17.11,27.07,361.34,1955.78,0.5677245847682988,0.895726
1995-06-06,1.0384917503771976e-19,1010.5980046723315,3.036631238820108,1.1920928955078125e-07,1.1920929e-07,1.1920929e-07,0.0,14.4368305,20.18,16.98,23.38,255.34,1936.8,0.5384490725545454,0.82998466
1995-06-07,4.7024253478109423e-20,1009.7094363098754,3.0330524574504723,1.1920928955078125e-07,1.1920929e-07,5.94,5.94,14.496003,20.105,14.53,25.68,311.96,1662.47,0.5284097270328373,0.82998466
1995-06-08,2.6796358062940546e-20,1009.6020646463853,3.8232412673867673,1.1920928955078125e-07,1.1920929e-07,1.1920929e-07,0.0,14.496003,24.125,17.67,30.58,449.38,1836.56,0.5272093514395032,0.6902843
1995-06-09,1.5087283381907718e-20,1007.4321233711395,3.741013981820977,1.1920928955078125e-07,1.1920929e-07,3.35,3.35,14.496003,23.78,16.53,31.03,398.89,1768.14,0.5035262143242547,0.6409783
1995-06-10,8.875000775098339e-21,1007.8130273050898,3.663358969449077,1.1920928955078125e-07,1.1920929e-07,1.1920929e-07,0.0,14.496003,23.405,17.22,29.59,438.61,1821.26,0.5076050958624346,0.59988993
1995-06-11,4.998527699371651e-21,1017.0978629427933,3.6073976069549345,1.1920928955078125e-07,1.1920929e-07,21.46,21.46,14.496003,22.975,16.07,29.88,349.08,1811.36,0.6179253608716004,1.0354264
1995-06-12,2.8661991293727693e-21,1030.8896137888596,3.376235703360631,1.1920928955078125e-07,1.1920929e-07,16.54,16.54,14.496003,21.59,16.39,26.79,293.33,1860.21,0.8275697699200274,1.5120513
1995-06-13,1.2710969720657195e-21,1037.30453890818,2.5602974090258166,1.1920928955078125e-07,1.1920929e-07,7.92,7.92,14.496003,16.795,12.0,21.59,288.55,1400.13,0.9480139220281696,1.0682971
1995-06-14,3.4058567927232295e-22,1037.4609949607477,2.471958075041035,1.1920928955078125e-07,1.1920929e-07,1.1920929e-07,0.0,14.496003,16.21,8.83,23.59,511.62,1106.33,0.9511607812848558,0.82176703
1995-06-15,1.5333057137985087e-22,1034.0893376628692,2.9194490526939885,1.1920928955078125e-07,1.1920929e-07,1.1920929e-07,0.0,14.496003,19.05,11.95,26.15,493.69,1360.81,0.8856017772441865,0.69850194
1995-06-16,7.429432978027423e-23,1030.3702481802388,3.0088186669508254,1.1920928955078125e-07,1.1920929e-07,1.1920929e-07,0.0,14.502797,19.615,12.54,26.69,489.9,1416.21,0.8185157460878006,0.6574136
1995-06-17,3.0542648547719185e-23,1027.220733387087,2.897995232112157,1.1920928955078125e-07,1.1920929e-07,1.4,1.4,14.532827,18.995,11.96,26.03,488.57,1366.11,0.7656936478419185,0.69850194
1995-06-18,1.675731343563404e-23,1024.3682785456335,2.9337673513170315,1.1920928955078125e-07,1.1920929e-07,1.1920929e-07,0.0,14.532827,19.25,12.15,26.35,488.62,1384.66,0.7208014762381819,0.59988993
1995-06-19,6.728822175682033e-24,1020.9319771591998,3.108880431710533,1.1920928955078125e-07,1.1920929e-07,1.1920929e-07,0.0,14.57945,20.24,14.74,25.74,414.39,1685.45,0.670201752284211,0.5588016
1995-06-20,1.401742540129959e-24,1018.272737400975,3.160209670552813,1.1920928955078125e-07,1.1920929e-07,3.21,3.21,14.57945,20.565,15.54,25.59,328.33,1757.85,0.6334955137668845,0.5670192
1995-06-21,6.944854189643079e-25,1014.893535039293,3.257858072179244,1.1920928955078125e-07,1.1920929e-07,1.1920929e-07,0.0,14.57945,21.145,14.36,27.93,478.54,1595.94,0.5897374153397142,0.5259309
1995-06-22,4.187829562368768e-25,1021.2628332641449,3.3213753257502177,1.1920928955078125e-07,1.1920929e-07,22.27,22.27,14.57945,21.37,16.53,26.21,286.98,1875.84,0.6749149730171239,2.1448119
1995-06-23,2.522366259139432e-25,1045.3345307421446,3.3139091722788176,1.1920928955078125e-07,1.1920929e-07,31.81,31.81,14.57945,20.93,17.1,24.76,241.59,1951.3,1.1237808053560752,5.9660287
1995-06-24,1.5040270720675113e-25,1068.215809909192,3.5688037603671097,1.1920928955078125e-07,1.1920929e-07,24.01,24.01,14.57945,21.835,17.59,26.08,265.5,2018.1,1.8245830957341589,3.837652
1995-06-25,8.916528179751194e-26,1084.2984655846838,3.6708012023117806,1.1920928955078125e-07,1.1920929e-07,17.43,17.43,14.532827,22.12,16.77,27.47,318.66,1904.36,2.565109997134595,3.3692448
1995-06-26,5.30246266667338e-26,1086.3428841408777,3.7804238347342443,1.1920928955078125e-07,1.1920929e-07,1.1920929e-07,0.0,14.502797,22.635,17.62,27.65,403.71,2020.84,2.6786276341138406,1.5777926
1995-06-27,3.148427032257821e-26,1084.6853978475822,3.9857095549177175,1.1920928955078125e-07,1.1920929e-07,8.71,8.71,14.496003,23.595,19.2,27.99,268.39,2228.68,2.5862192202339513,4.429324
1995-06-28,1.8654006658692668e-26,1089.7770715829952,3.9286542383261693,1.1920928955078125e-07,1.1920929e-07,13.95,13.95,14.496003,23.26,19.49,27.03,237.74,2266.91,2.8807329985730856,2.1776826
1995-06-29,1.0804975865721833e-26,1106.5423517193176,3.6481870389565776,1.1920928955078125e-07,1.1920929e-07,34.51,34.51,14.496003,21.705,17.33,26.08,276.19,1989.22,4.108892047138279,7.9875755
1995-06-30,6.519624386989337e-27,1114.1989210155507,3.7193285775712432,1.1920928955078125e-07,1.1920929e-07,0.82,0.82,14.496003,21.92,17.69,26.15,350.04,2028.83,4.832329709182058,4.3718004
1995-07-01,3.934806683541428e-27,1110.9572494129632,3.894303328322123,1.1920928955078125e-07,1.1920929e-07,7.76,7.76,14.496003,22.77,18.31,27.23,281.4,2103.79,4.511664794553125,3.0323203
1995-07-02,2.3618377102385037e-27,1107.5899827135174,3.46587081323432,1.1920928955078125e-07,1.1920929e-07,2.0,2.0,14.496003,20.805,15.01,26.6,425.16,1706.04,4.201087801162618,1.9804585
1995-07-03,1.4070350142553561e-27,1101.1676851167392,3.2606261949233413,1.1920928955078125e-07,1.1920929e-07,1.1920929e-07,0.0,14.496003,19.86,13.78,25.94,470.97,1573.81,3.6667714614921882,1.5284866
1995-07-04,7.683563294688517e-28,1094.4515355793494,3.5277634342082766,1.1920928955078125e-07,1.1920929e-07,1.1920929e-07,0.0,14.496003,21.315,16.29,26.34,412.13,1849.62,3.180554337031571,1.3476979
1995-07-05,4.200568948816167e-28,1087.8039435559904,3.8164220999021876,1.1920928955078125e-07,1.1920929e-07,1.1920929e-07,0.0,14.496003,22.785,17.5,28.07,419.39,2008.93,2.7628190922562292,1.2655212
1995-07-06,2.1001178818394403e-29,1081.5955902554397,4.079577975505146,1.1920928955078125e-07,1.1920929e-07,1.1920929e-07,0.0,14.483447,24.07,18.36,29.78,431.29,2117.75,2.4223817159111003,1.1504738
1995-07-07,-5.50094127366178e-28,1075.9003721423517,3.8153190073316496,1.1920928955078125e-07,1.1920929e-07,7.13,7.13,14.406797,23.08,16.26,29.9,360.41,1844.79,2.147103489440898,1.1422561
1995-07-08,-1.1567280638397921e-27,1070.593175277425,3.4489322637443904,1.1920928955078125e-07,1.1920929e-07,1.1920929e-07,0.0,14.4000025,21.42,13.74,29.1,515.87,1569.73,1.918813365267095,0.97790277
1995-07-09,-1.6623996707701393e-27,1065.5488857213577,3.0641562112650367,1.1920928955078125e-07,1.1920929e-07,1.1920929e-07,0.0,14.4000025,19.475,11.03,27.92,541.97,1322.56,1.724371925561932,0.8792907
1995-07-10,-1.930607988324911e-27,1060.642389534848,3.26258545677199,1.1920928955078125e-07,1.1920929e-07,1.1920929e-07,0.0,14.4000025,20.625,13.03,28.22,513.83,1501.54,1.554163467858599,0.82176703
1995-07-11,-1.824852056671797e-27,1055.7485727785947,3.7775382167158895,1.1920928955078125e-07,1.1920929e-07,1.1920929e-07,0.0,14.4000025,23.245,16.19,30.3,484.26,1837.29,1.4011321082307366,0.78067863
1995-07-12,-1.2374964554611919e-27,1050.751817748802,3.73290656650559,1.1920928955078125e-07,1.1920929e-07,1.1920929e-07,0.0,14.4000025,23.12,15.16,31.08,509.55,1723.77,1.260417888582099,0.72315496
1995-07-13,-5.593374166462558e-28,1045.698630404366,3.8641227397084004,1.1920928955078125e-07,1.1920929e-07,1.1920929e-07,0.0,14.310795,23.92,16.61,31.23,483.1,1884.93,1.1324809814501138,0.6820666
1995-07-14,-5.570492940084027e-29,1040.590067269457,4.151520771603323,1.1920928955078125e-07,1.1920929e-07,1.1920929e-07,0.0,14.304,25.285,18.12,32.45,471.16,2078.14,1.0163373390905863,0.6409783
1995-07-15,1.4123845838200243e-28,1035.3828418479682,4.369748957895503,1.1920928955078125e-07,1.1920929e-07,1.1920929e-07,0.0,14.304,26.29,18.99,33.59,469.76,2200.23,0.9102009056770303,0.61632526
1995-07-16,8.72935846623128e-29,1029.4323485629234,4.446153517940521,1.1920928955078125e-07,1.1920929e-07,1.1920929e-07,0.0,14.304,26.705,20.2,33.21,438.17,2365.45,0.8024156986828095,0.59988993
1995-07-17,5.145222357616391e-29,1028.8528957637573,4.187275965127499,1.1920928955078125e-07,1.1920929e-07,10.49,10.49,14.304,25.64,18.86,32.42,340.4,2187.57,0.7926274391100774,1.8161051
1995-07-18,3.0854197876211293e-29,1037.8806107280584,4.074940478714183,1.1920928955078125e-07,1.1920929e-07,15.73,15.73,14.207997,25.12,18.76,31.48,330.52,2172.46,0.9596523433213205,0.94503206
1995-07-19,1.8547150236823437e-29,1040.4043150461157,3.7566538354117056,1.1920928955078125e-07,1.1920929e-07,1.1920929e-07,0.0,14.207997,23.64,16.34,30.94,482.45,1858.37,1.0123464629125978,0.70671964
1995-07-20,1.116038681301148e-29,1035.6456110849615,3.5899146756970657,1.1920928955078125e-07,1.1920929e-07,1.1920929e-07,0.0,14.207997,22.925,15.75,30.1,479.24,1789.07,0.915280995153539,0.60810757
1995-07-21,6.661165059280557e-30,1030.9870507785272,4.0228892569276615,1.1920928955078125e-07,1.1920929e-07,1.1920929e-07,0.0,14.207997,25.01,19.02,31.0,421.05,2206.53,0.8292794983582052,0.58345455
1995-07-22,3.1771834183449876e-30,1026.2516912819674,3.9680805606821132,1.1920928955078125e-07,1.1920929e-07,1.1920929e-07,0.0,14.118794,24.96,19.06,30.86,415.34,2209.85,0.7501376206478332,0.5505839
1995-07-23,6.834624943909966e-31,1021.5735680853433,3.9715041208424067,1.1920928955078125e-07,1.1920929e-07,1.1920929e-07,0.0,14.111998,25.065,18.78,31.35,429.1,2174.9,0.6793717346102445,0.5259309
1995-07-24,-2.0770221059029046e-31,1016.9334401909016,4.011686652065645,1.1920928955078125e-07,1.1920929e-07,1.1920929e-07,0.0,14.111998,25.325,18.98,31.67,427.57,2199.96,0.6157770737410543,0.50949556
1995-07-25,-1.2302118330054857e-31,1015.896308103342,4.005344892005781,1.1920928955078125e-07,1.1920929e-07,7.93,7.93,14.111998,25.315,18.49,32.14,333.14,2138.23,0.6023973692486255,0.5752369
1995-07-26,-7.310087370405579e-32,1023.5031458429057,3.987665846729091,1.1920928955078125e-07,1.1920929e-07,19.18,19.18,14.016,25.225,18.32,32.13,333.96,2107.37,0.7077134012147857,1.7092754
1995-07-27,-4.2933448622550165e-32,1025.365896230449,3.889466706693032,1.1920928955078125e-07,1.1920929e-07,1.1920929e-07,0.0,14.016,24.75,18.58,30.92,415.39,2146.43,0.7361946011639954,0.6902843
1995-07-28,-2.5530418082881705e-32,1024.2379575318835,3.8928672793560564,1.1920928955078125e-07,1.1920929e-07,7.64,7.64,14.016,24.785,20.16,29.41,248.11,2355.4,0.7188145521330549,0.60810757
1995-07-29,-1.4800433316183958e-32,1024.028676723679,3.9426478300070333,1.1920928955078125e-07,1.1920929e-07,1.95,1.95,14.003442,25.03,19.47,30.59,344.55,2258.65,0.7156352304419663,0.62454295
1995-07-30,-8.747453030379144e-33,1020.3759948771332,3.9906180810313043,1.1920928955078125e-07,1.1920929e-07,1.1920929e-07,0.0,13.919997,25.415,19.17,31.66,408.97,2222.71,0.6623555004804125,0.5259309
1995-07-31,-5.0565442875161574e-33,1015.7644721049811,3.914967624058357,1.1920928955078125e-07,1.1920929e-07,1.1920929e-07,0.0,13.919997,25.155,18.54,31.77,423.76,2141.14,0.6007175549424866,0.48484254
1995-08-01,-2.717316126800023e-33,1011.2739894251176,3.937294611182161,1.1920928955078125e-07,1.1920929e-07,1.1920929e-07,0.0,13.919997,25.335,18.6,32.07,426.25,2149.03,0.5462141326315277,0.46018952
1995-08-02,-9.21301986344981e-34,1006.8573389117201,3.8756043069167303,1.1920928955078125e-07,1.1920929e-07,1.1920929e-07,0.0,13.8239975,25.255,18.58,31.93,422.96,2147.59,0.4974331392826947,0.4437542
1995-08-03,-3.6157363266668324e-35,1002.5492828450225,3.7731015563873935,1.1920928955078125e-07,1.1920929e-07,1.1920929e-07,0.0,13.8239975,24.855,18.09,31.62,426.36,2075.75,0.45405184390646103,0.41910118
1995-08-04,-6.196409032608619e-38,998.4596857598448,3.75982950907382,1.1920928955078125e-07,1.1920929e-07,1.1920929e-07,0.0,13.8239975,24.865,18.16,31.57,421.15,2086.86,0.4163760582473994,0.41088352
1995-08-05,3.7343192182968964e-37,994.7312153975928,3.7788945579932864,1.1920928955078125e-07,1.1920929e-07,1.1920929e-07,0.0,13.728,25.145,18.51,31.78,415.21,2136.88,0.38475831580095265,0.39444816
1995-08-06,9.476543221862036e-37,991.2843464953446,3.773221239088158,1.1920928955078125e-07,1.1920929e-07,1.1920929e-07,0.0,13.728,25.18,19.86,30.5,353.37,2317.61,0.3576685032773082,0.36979514
1995-08-07,1.5607994278811278e-36,988.0316739093515,3.266775499243119,1.1920928955078125e-07,1.1920929e-07,0.38,0.38,13.728,22.7,19.28,26.12,250.39,2237.28,0.3338564471377562,0.36157748
1995-08-08,2.112963556052135e-36,984.8857924958654,2.791940095661446,1.1920928955078125e-07,1.1920929e-07,1.1920929e-07,0.0,13.632003,20.165,17.05,23.28,241.52,1949.45,0.312335390112276,0.3862305
1995-08-09,2.504243023836896e-36,981.7592971111375,2.7217768907713733,1.1920928955078125e-07,1.1920929e-07,0.24,0.24,13.632003,19.785,16.64,22.93,246.78,1890.08,0.29232163188236365,0.40266582
1995-08-10,2.6347341483730833e-36,978.5647826114193,3.0568337327581805,1.1920928955078125e-07,1.1920929e-07,1.1920929e-07,0.0,13.632003,21.835,17.17,26.5,348.79,1966.73,0.273196425962227,0.39444816
1995-08-11,2.4045332467983702e-36,975.2148438529624,3.2837676002992557,1.1920928955078125e-07,1.1920929e-07,1.1920929e-07,0.0,13.536,23.265,17.38,29.15,411.21,1992.26,0.25448333297028086,0.3862305
1995-08-12,1.706659182227344e-36,971.6220368052474,3.4985776400745165,1.1920928955078125e-07,1.1920929e-07,1.1920929e-07,0.0,13.536,24.445,17.13,31.76,461.46,1963.42,0.2358357064221585,0.35335982
1995-08-13,-3.0461500340495506e-37,967.730978845095,3.915860808826832,1.1920928955078125e-07,1.1920929e-07,1.1920929e-07,0.0,13.536,26.525,19.19,33.86,449.93,2224.89,0.21717818636573985,0.3287068
1995-08-14,-3.664511398490471e-36,963.6105456571001,4.157006832438319,1.1920928955078125e-07,1.1920929e-07,1.1920929e-07,0.0,13.439992,27.81,20.59,35.03,437.84,2424.79,0.19902739118435275,0.29583612
1995-08-15,-7.665578341492112e-36,959.3583015128082,4.152361310824463,1.1920928955078125e-07,1.1920929e-07,1.1920929e-07,0.0,13.439992,27.87,21.06,34.68,421.4,2498.53,0.1818850426105515,0.30405378
1995-08-16,-1.1600364170872778e-35,955.0718106837646,3.955069824871581,1.1920928955078125e-07,1.1920929e-07,1.1920929e-07,0.0,13.350795,27.19,20.86,33.52,406.56,2465.33,0.16609864551626435,0.32048914
1995-08-17,-1.4761417225095378e-35,950.8486374415145,3.9432076107331944,1.1920928955078125e-07,1.1920929e-07,1.1920929e-07,0.0,13.343997,27.225,20.37,34.08,425.1,2393.34,0.15188596552368197,0.2711831
1995-08-18,-1.6441285842622814e-35,946.7863460576034,3.9209319437170076,1.1920928955078125e-07,1.1920929e-07,1.1920929e-07,0.0,13.343997,27.2,20.4,34.0,422.69,2398.34,0.1393635285896567,0.25474778
1995-08-19,-1.5932518361917986e-35,942.9825008035765,3.3600382769732997,1.1920928955078125e-07,1.1920929e-07,0.46,0.46,13.248,24.64,18.77,30.51,395.11,2171.4,0.12857544472077675,0.26296544
1995-08-20,-1.2527663121443812e-35,939.5346659509792,3.0523901254275674,1.1920928955078125e-07,1.1920929e-07,1.1920929e-07,0.0,13.248,23.015,17.51,28.52,388.01,2009.04,0.11952034326878085,0.2711831
1995-08-21,-7.215942110883283e-36,936.2651442725818,3.105854437771708,1.1920928955078125e-07,1.1920929e-07,1.1920929e-07,0.0,13.248,23.38,16.37,30.39,448.24,1858.39,0.11152337634293148,0.25474778
1995-08-22,-3.30498666640553e-36,932.823650889856,3.394071864067581,1.1920928955078125e-07,1.1920929e-07,1.1920929e-07,0.0,13.152002,25.14,17.79,32.49,448.44,2039.32,0.10368311588645175,0.2465301
1995-08-23,-1.4392588902721188e-36,929.4563818672377,3.1501991681258406,1.1920928955078125e-07,1.1920929e-07,1.1920929e-07,0.0,13.152002,23.885,16.52,31.25,452.82,1882.9,0.09654570357909818,0.23009476
1995-08-24,-7.901694350220433e-37,926.2141914736524,2.9850690122213153,1.1920928955078125e-07,1.1920929e-07,1.1920929e-07,0.0,13.0560055,23.13,15.7,30.56,456.33,1782.88,0.09013810971168702,0.21365942
1995-08-25,-3.4400508274148262e-37,923.0360848383065,3.105604188215559,1.1920928955078125e-07,1.1920929e-07,1.1920929e-07,0.0,13.0560055,23.885,16.47,31.3,450.84,1870.75,0.08427008639133168,0.21365942
1995-08-26,-1.633044023071809e-37,920.2486910161741,2.864803527243436,1.1920928955078125e-07,1.1920929e-07,1.1920929e-07,0.0,13.0560055,22.525,17.13,27.92,373.94,1958.02,0.07943877722154073,0.21365942
1995-08-27,-9.0160376365048e-38,923.9775382158991,2.573678758290277,1.1920928955078125e-07,1.1920929e-07,9.87,9.87,12.959997,20.73,18.42,23.04,135.33,2123.71,0.08596739195922312,0.2711831
1995-08-28,-4.6866851142954924e-38,936.9020785499893,2.8334239746249503,1.1920928955078125e-07,1.1920929e-07,22.39,22.39,12.959997,22.15,18.32,25.98,213.85,2107.09,0.11303813621244832,0.5423662
1995-08-29,-2.8093435306822126e-38,944.4681720913316,2.997419681398861,1.1920928955078125e-07,1.1920929e-07,1.1920929e-07,0.0,12.863992,23.12,16.28,29.96,433.83,1847.04,0.13268582841469317,0.37801284
1995-08-30,-1.695785881319359e-38,941.262506767736,3.0973795054611375,1.1920928955078125e-07,1.1920929e-07,1.1920929e-07,0.0,12.863992,23.755,16.69,30.82,436.84,1897.67,0.12397554446061532,0.30405378
1995-08-31,-3.8468584293917124e-39,938.0561802994633,3.2182046773938686,1.1920928955078125e-07,1.1920929e-07,1.1920929e-07,0.0,12.863992,24.49,17.01,31.97,444.04,1940.59,0.11583543300314159,0.2711831
1995-09-01,3.0926789273066083e-38,935.0303711358803,3.222794662933651,1.1920928955078125e-07,1.1920929e-07,1.1920929e-07,0.0,12.767997,24.705,17.89,31.52,419.73,2049.62,0.10864440975652585,2.7693548
1995-09-02,8.190366946659267e-38,932.1741688003068,2.5328166584921092,1.1920928955078125e-07,1.1920929e-07,14.4,14.4,12.767997,20.56,13.0,28.12,343.21,1506.67,0.1022665335617992,0.9943381
1995-09-03,1.4160220632462522e-37,929.4566352297112,2.140043442805003,1.1920928955078125e-07,1.1920929e-07,1.1920929e-07,0.0,12.672003,17.88,9.19,26.57,494.56,1175.53,0.09654622169489584,0.37801284
1995-09-04,2.0254082402060103e-37,926.8468323610617,2.265236437320821,1.1920928955078125e-07,1.1920929e-07,1.1920929e-07,0.0,12.672003,18.885,10.01,27.76,491.04,1241.14,0.09135409738307676,0.28761846
1995-09-05,2.572379467279571e-37,924.3138221313268,2.459762890224985,1.1920928955078125e-07,1.1920929e-07,1.1920929e-07,0.0,12.65945,20.35,11.55,29.15,480.36,1363.87,0.08658191462937684,0.26296544
1995-09-06,2.982119986201307e-37,921.8266664774744,2.470638558520539,1.1920928955078125e-07,1.1920929e-07,1.1920929e-07,0.0,12.576003,20.585,12.74,28.43,449.04,1476.87,0.08213876151429067,0.25474778
1995-09-07,3.1798140387055907e-37,919.3544273364731,2.4439630337138993,1.1920928955078125e-07,1.1920929e-07,1.1920929e-07,0.0,12.576003,20.445,12.44,28.45,448.01,1444.93,0.07794824299764601,0.2465301
1995-09-08,3.090645866526793e-37,916.8661666452911,2.462149898553079,1.1920928955078125e-07,1.1920929e-07,1.1920929e-07,0.0,12.479998,20.75,13.05,28.45,431.94,1509.75,0.07394641609090623,0.2465301
1995-09-09,2.639799711399289e-37,914.3309463408966,2.583268955017346,1.1920928955078125e-07,1.1920929e-07,1.1920929e-07,0.0,12.479998,21.625,13.57,29.68,433.81,1555.67,0.07008030033931292,0.23831244
1995-09-10,1.6196275124356089e-37,911.7287061090584,2.5406179817983476,1.1920928955078125e-07,1.1920929e-07,1.1920929e-07,0.0,12.383997,21.52,15.2,27.84,371.06,1725.41,0.06632210023222837,0.23831244
1995-09-11,-2.7409041477042337e-37,909.2739932891253,2.2987940331893824,1.1920928955078125e-07,1.1920929e-07,1.1920929e-07,0.0,12.383997,19.85,15.33,24.37,289.52,1738.49,0.06296187795030789,0.23831244
1995-09-12,-1.0627202342083132e-36,907.0313769511067,2.2077515809079085,1.1920928955078125e-07,1.1920929e-07,1.1920929e-07,0.0,12.383997,19.205,14.99,23.42,276.01,1704.19,0.06004102873679021,0.23831244
1995-09-13,-2.084801017355066e-36,904.9617557331137,2.4412986012962694,1.1920928955078125e-07,1.1920929e-07,1.1920929e-07,0.0,12.288,21.095,14.47,27.72,386.28,1654.22,0.05746586350807946,0.23831244
1995-09-14,-3.221207074495639e-36,903.0260282732578,2.7041096088778733,1.1920928955078125e-07,1.1920929e-07,1.1920929e-07,0.0,12.288,22.905,16.26,29.55,378.54,1844.5,0.05515735363196683,0.23831244
1995-09-15,-4.352812715914989e-36,901.1850932096504,2.468726899840631,1.1920928955078125e-07,1.1920929e-07,1.1920929e-07,0.0,12.191998,21.495,14.41,28.58,397.2,1645.69,0.053047984602778354,0.2218771
1995-09-16,-5.360492251898077e-36,899.3998491804028,2.0869165155312572,1.1920928955078125e-07,1.1920929e-07,2.4,2.4,12.191998,18.66,14.36,22.96,268.27,1640.97,0.05107950163946275,0.2465301
1995-09-17,-6.125119992729858e-36,897.6311948236264,1.9610930437492788,1.1920928955078125e-07,1.1920929e-07,18.74,18.74,12.096003,17.78,14.65,20.91,159.62,1675.27,0.04920135011767631,0.50127786
1995-09-18,-6.527570248695285e-36,895.8400287774327,1.9618549770802427,1.1920928955078125e-07,1.1920929e-07,1.1920929e-07,0.0,12.096003,17.82,12.71,22.93,327.63,1473.12,0.047369664292160676,0.4930602
1995-09-19,-6.448717330079323e-36,893.987249679933,1.9218897231763024,1.1920928955078125e-07,1.1920929e-07,1.1920929e-07,0.0,12.096003,17.51,12.38,22.64,328.03,1430.1,0.04554669017297241,0.34514216
1995-09-20,-5.769435547166927e-36,892.0337561692387,1.9717863992134468,1.1920928955078125e-07,1.1920929e-07,1.1920929e-07,0.0,12.000009,18.11,12.07,24.15,367.81,1405.91,0.04370054762455951,0.31227148
1995-09-21,-4.3705992102430536e-36,889.9404468834612,2.1496405835864136,1.1920928955078125e-07,1.1920929e-07,1.1920929e-07,0.0,12.000009,19.61,14.29,24.93,330.67,1636.41,0.04180524643728456,0.30405378
1995-09-22,-1.7487813378908913e-36,887.9137274099188,2.0627924479883375,1.1920928955078125e-07,1.1920929e-07,1.1920929e-07,0.0,11.903997,19.085,13.93,24.24,325.54,1590.02,0.04004859161527893,0.30405378
1995-09-23,2.4037428253907543e-36,886.4423720483987,1.4848444818331525,1.1920928955078125e-07,1.1920929e-07,4.82,4.82,11.903997,13.665,7.94,19.39,273.42,1077.84,0.03881972309492219,0.36157748
1995-09-24,7.025979084690219e-36,885.4949654198862,1.1318598656672658,1.1920928955078125e-07,1.1920929e-07,4.63,4.63,11.903997,9.36,6.42,12.3,162.51,963.54,0.03804848401413142,0.36979514
1995-09-25,1.1018533176057933e-35,885.0214975090875,1.4138702126729141,1.1920928955078125e-07,1.1920929e-07,1.27,1.27,11.808002,13.03,8.7,17.36,298.86,1135.77,0.03766881734817577,0.36979514
1995-09-26,1.3282010835544335e-35,884.9719583007086,1.6831551904751823,1.1920928955078125e-07,1.1920929e-07,0.01,0.01,11.808002,15.875,11.37,20.38,299.02,1349.34,0.03762931220481301,0.41088352
1995-09-27,1.2717017799199834e-35,885.2963377794556,1.6142426584468617,1.1920928955078125e-07,1.1920929e-07,8.66,8.66,11.712,15.315,8.29,22.34,299.66,1106.82,0.03788874381812004,0.5423662
1995-09-28,8.580097258109065e-36,885.7906248782425,1.6240124649874974,1.1920928955078125e-07,1.1920929e-07,1.1920929e-07,0.0,11.712,15.405,6.89,23.92,436.39,986.26,0.038287507259373674,0.3862305
1995-09-29,4.5298389823682843e-36,884.9065716455015,1.644162367530413,1.1920928955078125e-07,1.1920929e-07,1.1920929e-07,0.0,11.615997,15.76,7.85,23.67,417.84,1066.61,0.03757723290673534,0.32048914
1995-09-30,2.119981894392342e-36,883.1686393201063,1.6049565143949016,1.1920928955078125e-07,1.1920929e-07,1.1920929e-07,0.0,11.615997,15.395,9.21,21.58,363.88,1176.88,0.03621910993810903,0.30405378
1995-10-01,1.1997669893459483e-36,881.448374875847,1.710613128303271,1.1920928955078125e-07,1.1920929e-07,1.1920929e-07,0.0,11.615997,16.48,10.43,22.53,354.12,1274.53,0.0349231392187841,0.30405378
1995-10-02,5.9274705792849e-37,879.603841251714,1.8771132860228026,1.1920928955078125e-07,1.1920929e-07,1.1920929e-07,0.0,11.520002,18.205,10.47,25.94,400.57,1259.52,0.03358502223688098,0.29583612
1995-10-03,2.9292843764169496e-37,877.6520194604941,1.9546195735749148,1.1920928955078125e-07,1.1920929e-07,1.1920929e-07,0.0,11.520002,18.925,12.22,25.63,367.3,1418.94,0.03222486262599332,0.28761846
1995-10-04,-2.0803501450059173e-37,875.6991993645431,1.8887554478174449,1.1920928955078125e-07,1.1920929e-07,13.89,13.89,11.424,18.525,14.33,22.72,197.38,1631.81,0.030919134310058164,0.36979514
1995-10-05,-1.1395691008918653e-36,873.8012269177416,1.9677874826211068,1.1920928955078125e-07,1.1920929e-07,37.51,37.51,11.424,19.255,16.14,22.37,152.44,1834.12,0.02970079769904214,2.0790706
1995-10-06,-2.338495196437642e-36,871.9626483713843,2.1420727790810377,1.1920928955078125e-07,1.1920929e-07,38.46,38.46,11.340561,20.865,15.53,26.2,236.74,1759.16,0.02856638326304467,1.6599693
1995-10-07,-3.6416346760434405e-36,870.1880099767657,2.056480677750069,1.1920928955078125e-07,1.1920929e-07,1.1920929e-07,0.0,11.328006,20.22,14.43,26.01,336.97,1651.49,0.027512533292415372,0.6820666
1995-10-08,-4.885808914614774e-36,868.4818579851805,1.5679215729665161,1.1920928955078125e-07,1.1920929e-07,1.1920929e-07,0.0,11.328006,15.7,7.67,23.73,409.82,1057.65,0.026536027063331805,0.50127786
1995-10-09,-5.907839287057161e-36,866.8487386479234,1.3696327344279717,1.1920928955078125e-07,1.1920929e-07,1.1920929e-07,0.0,11.232,13.66,5.35,21.97,416.29,893.43,0.025633802864304372,0.42731884
1995-10-10,-6.544547168276117e-36,865.293198216289,1.4493722471751942,1.1920928955078125e-07,1.1920929e-07,1.1920929e-07,0.0,11.232,14.61,5.77,23.45,418.26,914.99,0.024802977390912424,0.39444816
1995-10-11,-6.63275393317716e-36,863.819782941572,1.5409967992990754,1.1920928955078125e-07,1.1920929e-07,1.1920929e-07,0.0,11.136005,15.785,7.14,24.43,406.72,1017.49,0.02404086301281852,0.37801284
1995-10-12,-6.0092809566658034e-36,862.4330390750672,1.6113344725412386,1.1920928955078125e-07,1.1920929e-07,1.1920929e-07,0.0,11.136005,16.55,8.25,24.85,392.87,1100.25,0.02334498341360053,0.36157748
1995-10-13,-4.5109496136475736e-36,861.137512868069,1.5135374125103955,1.1920928955078125e-07,1.1920929e-07,1.1920929e-07,0.0,11.136005,15.54,7.7,23.38,381.78,1060.33,0.0227130881018631,0.35335982
1995-10-14,2.37439225215352e-36,859.9036110016391,1.6458112698695364,1.1920928955078125e-07,1.1920929e-07,8.6,8.6,11.039997,17.095,12.18,22.01,210.7,1414.11,0.022127159984503028,0.39444816
1995-10-15,2.0034035402646109e-35,858.6790096621517,1.2604591010961013,1.1920928955078125e-07,1.1920929e-07,10.22,10.22,11.039997,12.75,6.26,19.24,260.6,953.93,0.021560593956302353,0.46018952
1995-10-16,4.570998854348155e-35,857.4641118797207,1.056307408522011,1.1920928955078125e-07,1.1920929e-07,1.1920929e-07,0.0,10.944003,10.1,2.57,17.63,376.27,737.74,0.021012853243002085,0.3862305
1995-10-17,7.65427538621366e-35,856.2600436720315,0.9776352318627518,1.1920928955078125e-07,1.1920929e-07,1.1920929e-07,0.0,10.944003,8.91,-0.64,18.46,407.31,584.21,0.020483725811754862,0.34514216
1995-10-18,1.0967283354608809e-34,855.0679310567699,1.021324439558009,1.1920928955078125e-07,1.1920929e-07,1.1920929e-07,0.0,10.944003,9.615,-1.12,20.35,413.86,565.92,0.019972979599695052,0.34514216
1995-10-19,1.422407297828126e-34,853.888900051621,1.1614612563202602,1.1920928955078125e-07,1.1920929e-07,1.1920929e-07,0.0,10.848,11.81,1.18,22.44,403.95,667.7,0.01948036541023883,0.34514216
1995-10-20,1.7138694475978718e-34,852.7240766742705,1.2349273781265744,1.1920928955078125e-07,1.1920929e-07,1.1920929e-07,0.0,10.848,12.815,5.11,20.52,348.96,884.19,0.01900561965885327,0.37801284
1995-10-21,1.942519806644883e-34,851.5745869424038,1.0182693062767352,1.1920928955078125e-07,1.1920929e-07,21.92,21.92,10.752,9.91,3.11,16.71,242.86,772.72,0.0185484669707824,0.58345455
1995-10-22,2.0797633968439298e-34,850.4415568737064,0.9303380134439476,1.1920928955078125e-07,1.1920929e-07,1.1920929e-07,0.0,10.752,8.52,-0.61,17.65,375.4,584.95,0.01810862263419597,0.5423662
1995-10-23,2.0970052400697785e-34,849.3261124858637,1.085450022656903,1.1920928955078125e-07,1.1920929e-07,1.1920929e-07,0.0,10.752,10.96,0.2,21.72,388.51,620.29,0.017685794913091454,0.41910118
1995-10-24,1.9656503581971962e-34,848.2293797965614,1.2115574390476118,1.1920928955078125e-07,1.1920929e-07,1.1920929e-07,0.0,10.655997,12.88,3.18,22.58,364.05,772.87,0.01727968722503811,0.39444816
1995-10-25,1.6571037731009525e-34,847.1524848234847,1.195444504128808,1.1920928955078125e-07,1.1920929e-07,1.1920929e-07,0.0,10.655997,12.685,4.07,21.3,340.21,818.82,0.016890000189517567,0.36979514
1995-10-26,1.1448407458867978e-34,846.10210706584,1.030130466057871,1.1920928955078125e-07,1.1920929e-07,1.1920929e-07,0.0,10.649202,10.345,1.87,18.82,335.88,698.35,0.016518376485079613,0.36979514
1995-10-27,6.45017603888059e-35,845.9879258080373,1.1279066203024506,1.1920928955078125e-07,1.1920929e-07,1.1920929e-07,0.0,10.56,11.92,5.35,18.49,281.19,901.83,0.016478475139048904,0.37801284
1995-10-28,3.3643648065597315e-35,848.4443723708328,1.1972236456728218,1.1920928955078125e-07,1.1920929e-07,7.75,7.75,10.56,12.83,7.46,18.2,178.69,1045.25,0.017358554890264548,0.42731884
1995-10-29,1.9441869426150327e-35,851.9726743927579,1.018591703722781,1.1920928955078125e-07,1.1920929e-07,0.29,0.29,10.463997,10.335,4.63,16.04,253.26,857.92,0.018705528275128305,0.39444816
1995-10-30,1.024664376532882e-35,851.6526784273203,0.8765042885441708,1.1920928955078125e-07,1.1920929e-07,1.1920929e-07,0.0,10.463997,7.995,0.24,15.75,314.87,622.04,0.018579172837152606,0.36157748
1995-10-31,5.768048354883054e-36,850.8060208702328,0.9983207358414183,1.1920928955078125e-07,1.1920929e-07,1.1920929e-07,0.0,10.463997,10.04,4.18,15.9,255.03,819.05,0.018248958244145918,0.36157748
1995-11-01,3.1842714879124655e-36,852.6774079277809,1.1652709677362736,1.1920928955078125e-07,1.1920929e-07,4.16,4.16,10.367997,12.61,9.18,16.04,117.53,1174.76,0.018986841891043067,0.3862305
1995-11-02,1.7556254035053164e-36,855.1562705483273,1.3900419900320944,1.1920928955078125e-07,1.1920929e-07,3.3,3.3,10.367997,15.43,12.02,18.84,115.28,1401.24,0.020010386744095488,0.41910118
1995-11-03,9.868507640496643e-37,856.5322849725468,1.301004925319913,1.1920928955078125e-07,1.1920929e-07,2.79,2.79,10.367997,14.32,9.1,19.54,180.23,1167.99,0.020602184290281517,0.45197186
1995-11-04,5.063256615879068e-37,856.8166352482674,0.7882166183962713,1.1920928955078125e-07,1.1920929e-07,1.1920929e-07,0.0,10.272,6.555,-1.73,14.84,316.29,539.84,0.02072664316104899,0.45197186
1995-11-05,-0.001547744586192495,856.2405971440137,0.5280609810023431,1.1920928955078125e-07,1.1920929e-07,1.1920929e-07,0.0,10.272,0.6,-6.42,7.62,288.27,380.41,0.020475290288741604,0.40266582
1995-11-06,-0.0031596967527996096,855.7252977916661,0.6173774022781615,1.1920928955078125e-07,1.1920929e-07,1.1920929e-07,0.0,10.272,2.9,-3.62,9.42,269.77,468.94,0.02025302473604514,0.37801284
1995-11-07,-0.00189298582698743,863.345738454978,0.7549285762117894,1.1920928955078125e-07,1.1920929e-07,13.49,13.49,10.176,5.925,0.19,11.66,180.74,617.54,0.023800680675411395,0.50949556
1995-11-08,-0.0011387003360073702,874.7473786696605,0.7440084730678337,1.1920928955078125e-07,1.1920929e-07,10.21,10.21,10.176,5.505,0.76,10.25,155.81,643.47,0.030302024555867238,0.8792907
1995-11-09,-0.0006816939197461094,878.5449228945299,0.5795867669597844,1.1920928955078125e-07,1.1920929e-07,1.1920929e-07,0.0,10.176,1.72,-4.44,7.88,260.13,440.45,0.032840123532890814,0.5752369
1995-11-10,-0.00040190975216072806,877.9749911423783,0.6394401494593978,1.1920928955078125e-07,1.1920929e-07,1.1920929e-07,0.0,10.08,3.32,-4.56,11.2,300.73,428.24,0.03244606627240782,0.4930602
1995-11-11,-0.00023895741715388602,876.8958971090348,0.8747213603292686,1.1920928955078125e-07,1.1920929e-07,1.1920929e-07,0.0,10.08,8.09,1.53,14.65,262.84,682.69,0.03171287380111085,0.73137265
1995-11-12,-0.0001446546373166758,891.2958011184357,0.6708556756565366,1.1920928955078125e-07,1.1920929e-07,30.62,30.62,10.08,3.81,-3.25,10.87,211.23,483.99,0.04302278524525102,2.711831
1995-11-13,-8.766868683996148e-05,905.8643089588244,0.6026688398140129,1.1920928955078125e-07,1.1920929e-07,1.1920929e-07,0.0,9.996555,2.105,-3.65,7.86,245.07,465.58,0.058575015433393,1.0107734
1995-11-14,-5.300889362835218e-05,909.5304428741064,0.6614301737581897,1.1920928955078125e-07,1.1920929e-07,7.37,7.37,9.984,3.44,-0.34,7.22,127.72,598.76,0.06330481164508137,0.7888963
1995-11-15,-3.026171939973731e-05,912.3950841419871,0.5613970577403707,1.1920928955078125e-07,2.1362305e-06,0.31999785,0.32,9.984,0.98,-2.39,4.35,156.44,517.3,0.06726485326720198,0.6820666
1995-11-16,-1.6309189960135034e-05,911.7795624603659,0.5711115585603376,1.1920928955078125e-07,1.1920929e-07,1.1920929e-07,0.0,9.984,1.24,-3.9,6.38,228.53,463.43,0.06639358077272933,0.59988993
1995-11-17,-9.510464836579329e-06,911.0719053629805,0.6056937550557177,1.1920928955078125e-07,1.1920929e-07,1.1920929e-07,0.0,9.888002,2.255,-3.85,8.36,259.57,459.79,0.06540582716075131,0.5505839
1995-11-18,-5.181327680070041e-06,910.3498004510259,0.7059693021477731,1.1920928955078125e-07,1.1920929e-07,1.1920929e-07,0.0,9.888002,4.545,-2.0,11.09,271.28,533.55,0.06441305377680699,0.5341486
1995-11-19,-1.6252905522859413e-06,909.5412188930413,0.7835591366770047,1.1920928955078125e-07,1.1920929e-07,1.1920929e-07,0.0,9.888002,6.135,-0.81,13.08,277.24,582.76,0.06331926255049387,0.5177132
1995-11-20,9.235088446271136e-06,908.6797081259372,0.7470171318822237,4.617757440281942e-06,1.1920929e-07,1.1920929e-07,0.0,9.881208,5.435,-3.77,14.64,312.91,466.97,0.06217430194230105,0.48484254
1995-11-21,2.652426832057935e-05,907.7831990113509,0.7749607291623919,1.3263893002304217e-05,1.1920929e-07,1.1920929e-07,0.0,9.792,6.145,-1.18,13.47,281.56,562.26,0.061004804863169546,0.46840718
1995-11-22,4.788188387369644e-05,906.8640219077928,0.6159490171877998,2.3946673623746946e-05,1.1920929e-07,1.1920929e-07,0.0,9.792,2.715,-3.65,9.08,264.26,467.02,0.059828573302259,0.45197186
1995-11-23,7.094756990868014e-05,905.9345071737728,0.6178192852139395,3.5486368848002094e-05,1.1920929e-07,1.1920929e-07,0.0,9.792,2.775,-5.08,10.63,295.02,424.21,0.05866217434929662,0.4437542
1995-11-24,9.33609612285882e-05,905.0069851678012,0.6920094634510058,4.670227128541513e-05,1.1920929e-07,1.1920929e-07,0.0,9.792,4.48,-0.44,9.4,220.61,590.76,0.057520942954950076,0.4437542
1995-11-25,0.00011276169263647838,904.093786248388,0.6280703498992282,5.641263431318654e-05,1.1920929e-07,1.1920929e-07,0.0,9.695997,3.195,-2.41,8.8,244.1,510.83,0.05641902722787472,0.4355365
1995-11-26,0.00012678939893540834,903.2072407740436,0.7461155508919951,6.343488834152636e-05,1.1920929e-07,1.1920929e-07,0.0,9.695997,5.795,-2.76,14.35,299.52,499.78,0.05536947076288764,0.42731884
1995-11-27,0.00013308371492843594,902.3596791032779,0.8661111483271356,6.658613564563066e-05,1.1920929e-07,1.1920929e-07,0.0,9.695997,8.095,-0.25,16.44,290.4,594.32,0.054384326953186485,0.41910118
1995-11-28,0.0001292842754186188,901.5634315946013,1.0861631581584208,6.468392376316545e-05,1.1920929e-07,1.1920929e-07,0.0,9.695997,11.665,6.8,16.53,204.97,986.34,0.05347480093300367,0.42731884
1995-11-29,0.00011303071520901481,900.8308286065237,0.8381403912437313,5.654729745755854e-05,1.1920929e-07,21.47,21.47,9.6892,7.625,1.47,13.78,184.74,687.36,0.052651415679514715,1.69284
1995-11-30,8.196266910268153e-05,900.1742004975554,0.5589051845752849,4.0995187058784576e-05,1.1920929e-07,1.1920929e-07,0.0,9.600003,1.685,-4.02,7.39,240.1,458.18,0.05192419983900417,1.1011678
1995-12-01,4.465512390167396e-05,899.4312406991683,0.7033187881027985,2.2332547150980823e-05,1.1920929e-07,1.1920929e-07,0.0,9.600003,5.115,-2.44,12.67,274.62,511.89,0.051113476196083675,0.7642433
1995-12-02,1.6754354678144367e-05,898.4979872126803,0.9604879538818104,8.377879110072244e-06,1.1920929e-07,1.1920929e-07,0.0,9.600003,9.93,2.34,17.52,264.87,715.43,0.05011301535248042,0.6574136
1995-12-03,3.630141119836632e-06,897.5325726855592,0.8659869925039982,1.8151035047296873e-06,1.1920929e-07,1.1920929e-07,0.0,9.600003,8.33,-1.21,17.87,289.56,560.16,0.04909867898967979,0.59167224
1995-12-04,1.939783964007794e-06,896.5035187819586,0.8753678835832712,9.699013889084642e-07,1.1920929e-07,1.1920929e-07,0.0,9.600003,8.515,0.58,16.45,266.84,639.18,0.04804007412188809,0.5588016
1995-12-05,7.536463724748504e-07,895.4980636482106,0.669497693642884,3.768246061945621e-07,1.1920929e-07,1.1920929e-07,0.0,9.593208,4.45,-2.32,11.22,249.53,517.91,0.04702779455461602,0.5341486
1995-12-06,1.6378728126898754e-07,895.0382968148274,0.6435123203178322,1.1920928955078125e-07,1.1920929e-07,1.1920929e-07,0.0,9.516553,3.985,-0.53,8.5,187.02,585.38,0.046572041355841386,0.5177132
1995-12-07,9.131749346013668e-08,900.0881205493617,0.5745670350729336,1.1920928955078125e-07,1.1920929e-07,11.22,11.22,9.503997,2.24,-2.93,7.41,155.36,498.38,0.05182961394403169,0.5588016
1995-12-08,0.8664574975986754,904.5049331523146,0.42338148042443957,1.1920928955078125e-07,1.1920929e-07,1.1920929e-07,0.0,9.503997,-2.24,-10.17,5.69,271.65,279.59,0.05691250257592997,0.5588016
1995-12-09,3.693611347305953,905.2415647509468,0.48926025117452493,1.1920928955078125e-07,3.300598,4.3094025,7.61,9.503997,-0.185,-5.39,5.02,155.99,410.84,0.05780745706528579,0.58345455
1995-12-10,7.006606684839228,904.9939950042177,0.34414122335519937,1.1920928955078125e-07,1.1920929e-07,1.1920929e-07,0.0,9.503997,-5.145,-12.44,2.15,263.84,235.7,0.057505118407532835,0.6327606
1995-12-11,7.005152413544478,904.6015403873278,0.32920288840724277,1.1920928955078125e-07,1.1920929e-07,1.1920929e-07,0.0,9.503997,-5.75,-10.43,-1.07,195.54,276.25,0.057029079388613686,0.48484254
1995-12-12,7.004913507511575,904.1710960714555,0.4102540134310857,1.1920928955078125e-07,1.1920929e-07,1.1920929e-07,0.0,9.503997,-2.68,-6.89,1.53,180.47,356.71,0.05651148987663712,0.5259309
1995-12-13,7.008505300111113,903.6541740389507,0.5105065302095928,1.1920928955078125e-07,1.1920929e-07,1.1920929e-07,0.0,9.503997,0.455,-2.89,3.8,147.22,500.35,0.05589611913114172,0.5505839
1995-12-14,3.588973215554673,906.4588788295321,0.6065156830717061,3.588973215554672,1.1920929e-07,1.1920929e-07,0.0,9.503997,2.935,-2.5,8.37,215.84,520.0,0.0593173561704525,0.5259309
1995-12-15,1.3115766420660564,907.9598075184033,0.8397099375262469,1.3115740015560542,1.1920929e-07,1.1920929e-07,0.0,9.503997,7.83,0.64,15.02,247.81,640.24,0.061233437719283676,0.5259309
1995-12-16,0.4777931498221892,909.2363471389694,0.9201369146864619,0.47380683097317405,1.1920929e-07,2.81,2.81,9.497203,9.24,2.41,16.07,213.95,719.26,0.06291169276516069,0.5670192
1995-12-17,0.18197742387274984,910.2512769096164,0.6342579048665337,0.15659867678058992,1.1920929e-07,1.1920929e-07,0.0,9.467175,3.595,-3.99,11.18,254.53,453.65,0.06427877380039827,0.5752369
1995-12-18,0.08023628966009004,909.6561817484132,0.5751860439267998,0.05540151275075997,1.1920929e-07,0.3,0.3,9.420558,2.23,-2.17,6.63,174.35,519.28,0.06347363602856307,0.5505839
1995-12-19,0.04045804018151282,916.1713475577702,0.574210238747314,0.024266205432315332,1.1920929e-07,12.84,12.84,9.420558,2.1,0.13,4.07,65.28,621.41,0.0728661084693739,0.80533165
1995-12-20,1.0978009211724131,925.308294233704,0.48380927241701827,1.1920928955078125e-07,7.5811,0.29890025,7.88,9.420558,-0.535,-4.01,2.94,115.54,454.83,0.08842502888558511,1.1833445
1995-12-21,4.442945078641575,924.7888794833043,0.40730734243013333,1.1920928955078125e-07,1.1920929e-07,1.1920929e-07,0.0,9.420558,-2.975,-6.49,0.54,158.32,377.67,0.08745752416981263,0.8792907
1995-12-22,4.442971562496736,924.2980830850198,0.41057585723172646,1.1920928955078125e-07,1.1920929e-07,1.1920929e-07,0.0,9.420558,-2.855,-7.01,1.3,184.54,352.62,0.08655305547264526,0.73137265
1995-12-23,4.442971562496736,923.8136978244463,0.38762699926539096,1.1920928955078125e-07,1.1920929e-07,1.1920929e-07,0.0,9.420558,-3.655,-8.05,0.74,196.08,332.6,0.08566957337157338,0.6491959
1995-12-24,4.442971562496736,923.3368056170737,0.3977735225397045,1.1920928955078125e-07,1.1920929e-07,1.1920929e-07,0.0,9.467175,-3.355,-7.43,0.72,185.88,349.57,0.08480856838348451,0.62454295
1995-12-25,4.442971562496736,922.853691133051,0.4006944142421579,1.1920928955078125e-07,1.1920929e-07,1.1920929e-07,0.0,9.467175,-3.245,-7.66,1.17,198.91,350.79,0.0839451524535058,0.6409783
1995-12-26,4.442971562496737,922.363944732329,0.4082365745229384,1.1920928955078125e-07,1.1920929e-07,1.1920929e-07,0.0,9.497203,-3.02,-6.24,0.2,157.3,383.94,0.08307885569112408,0.62454295
1995-12-27,4.44297156249674,921.8669903445526,0.4160648255975342,1.1920928955078125e-07,1.1920929e-07,1.1920929e-07,0.0,9.503997,-2.755,-6.41,0.9,178.45,378.64,0.08220894682585193,0.59988993
1995-12-28,4.442971562496742,921.3838736398103,0.39128820531818626,1.1920928955078125e-07,1.1920929e-07,1.1920929e-07,0.0,9.503997,-3.61,-8.42,1.2,222.17,318.27,0.08137199319915002,0.5259309
1995-12-29,4.442967181039615,920.880925005268,0.4550479463273396,1.1920928955078125e-07,1.1920929e-07,1.1920929e-07,0.0,9.503997,-1.47,-7.4,4.46,254.1,360.0,0.08050973409749658,0.5423662
1995-12-30,4.467712859777215,920.2846559805448,0.5298447180714523,1.1920928955078125e-07,1.1920929e-07,1.1920929e-07,0.0,9.503997,0.73,-8.43,9.89,298.12,320.0,0.07949931521765191,0.60810757
1995-12-31,1.9388594437864815,922.1491748601156,0.637079726539645,1.938859436421244,1.1920929e-07,1.1920929e-07,0.0,9.503997,3.41,-4.78,11.6,287.47,440.0,0.08270178146740495,0.5752369
1996-01-01,0.7075132791541834,923.3647074594744,0.7269811798546384,0.7069153134728444,1.1920929e-07,2.0,2.0,9.503997,5.37,1.31,9.43,195.5,665.22,0.08485870457949933,0.5259309
1996-01-02,0.26034300614167943,926.637622931387,0.6675815571305598,0.24240068856122798,1.1920929e-07,5.27,5.27,9.503997,4.035,2.68,5.39,56.21,741.94,0.09095017509004827,0.5505839
1996-01-03,0.10787031848865464,932.667508832059,0.6251060997854542,0.08049806279270787,1.1920929e-07,7.65,7.65,9.503997,2.96,-0.23,6.15,121.02,595.83,0.10334077371732155,0.6491959
1996-01-04,0.37572390947522494,935.9742985211406,0.47564188869437357,1.1920928955078125e-07,1.1920929e-07,1.1920929e-07,0.0,9.503997,-1.07,-7.4,5.26,266.62,350.38,0.11083845291722765,0.5752369
1996-01-05,-0.14915319050222958,935.3944219046183,0.46493502827939076,1.1920928955078125e-07,1.1920929e-07,1.1920929e-07,0.0,9.563178,-1.475,-6.0,3.05,219.36,390.86,0.10948540834936343,0.50949556
1996-01-06,3.371837965146942,934.8248075443206,0.4560743914937648,1.1920928955078125e-07,8.609999,1.0263919e-06,8.61,9.600003,-1.795,-5.71,2.12,151.83,400.18,0.10817239141462676,0.47662488
1996-01-07,24.457432287580545,934.3297386778294,0.3158423224281232,1.1920928955078125e-07,33.48,1.1920929e-07,33.48,9.600003,-6.895,-9.25,-4.54,108.42,308.22,0.10704400610108164,0.4437542
1996-01-08,57.42239632103979,933.9233872921427,0.3003635012682107,1.1920928955078125e-07,27.62,1.1920929e-07,27.62,9.600003,-7.57,-9.73,-5.41,103.57,294.31,0.10612663114720665,0.78067863
1996-01-09,69.77561743095022,933.4891417198448,0.3618226485425347,1.1920928955078125e-07,1.1920929e-07,1.1920929e-07,0.0,9.600003,-5.02,-9.85,-0.19,274.62,285.48,0.10515497086730342,1.1997799
1996-01-10,69.76740884708192,932.9657766074226,0.4638834555298793,1.1920928955078125e-07,1.1920929e-07,1.1920929e-07,0.0,9.600003,-1.525,-6.4,3.35,273.43,373.38,0.10399571302621836,1.0929501
1996-01-11,69.73401571497068,932.4639107679166,0.3270649174489057,1.1920928955078125e-07,1.1920929e-07,1.1920929e-07,0.0,9.6125555,-6.41,-12.21,-0.61,311.03,234.83,0.10289608134510903,0.82176703
1996-01-12,73.54590117183994,932.0268173469077,0.35754106950945835,1.1920928955078125e-07,7.48,1.1920929e-07,7.48,9.695997,-5.3,-9.57,-1.03,191.32,297.58,0.10194784914424604,0.747808
1996-01-13,77.61529616405984,931.5138352351772,0.47290489859731194,1.1920928955078125e-07,0.41999608,3.905296e-06,0.42,9.695997,-1.37,-6.31,3.57,282.77,375.35,0.10084612359019585,0.82176703
1996-01-14,77.89742062587406,930.8559318410657,0.5329923214389177,1.1920928955078125e-07,1.1920929e-07,1.1920929e-07,0.0,9.695997,0.36,-6.34,7.06,336.04,384.61,0.09945056108929996,0.82176703
1996-01-15,63.308969250264056,944.6672729252105,0.8141472419509229,29.914216995239258,1.1920929e-07,1.1920929e-07,0.0,9.695997,6.44,-1.36,14.24,349.59,560.0,0.13324657174934498,1.0354264
1996-01-16,34.122076542844546,972.8506692066895,0.7915274581497613,25.224756240844727,1.1920929e-07,1.1920929e-07,0.0,9.708552,5.545,-1.57,12.66,340.01,553.32,0.24205362776987552,2.0379822
1996-01-17,19.129844003475675,986.8426882112315,0.6501386927853237,8.038789739896856,1.1920929e-07,1.1920929e-07,0.0,9.792,2.265,-0.31,4.84,164.91,592.28,0.32555355040683726,1.5202689
1996-01-18,8.06930515110426,999.2047523337583,0.883735564645821,8.06930515110426,1.1920929e-07,6.2,6.2,9.792,6.685,1.39,11.98,219.25,671.09,0.4229991786554992,2.3338182
1996-01-19,2.9531683624507963,1023.2183710790111,1.1022707810617918,2.953168362450355,1.1920929e-07,33.8,33.8,9.792,9.74,2.11,17.37,260.06,712.45,0.703457415108253,23.995596
1996-01-20,1.8643587577156855,1039.7875642952943,0.4984518188085131,1.1920928955078125e-07,1.1920929e-07,1.1920929e-07,0.0,9.792,-2.325,-11.53,6.88,383.56,258.2,0.9992076640217558,6.943931
1996-01-21,1.8645925669068137,1038.3363500684675,0.4548520911372362,1.1920928955078125e-07,1.1920929e-07,1.1920929e-07,0.0,9.888002,-3.73,-9.51,2.05,327.32,295.91,0.9689608219398592,4.0184407
1996-01-22,1.8645925669115135,1036.906850136861,0.5074682859835525,1.1920928955078125e-07,1.1920929e-07,1.1920929e-07,0.0,9.888002,-2.17,-8.47,4.13,343.75,320.0,0.9400618444103844,2.3009477
1996-01-23,1.6727064254426334,1035.5995262033096,0.647510152959591,1.6694586719096787,1.1920929e-07,1.1920929e-07,0.0,9.888002,1.355,-5.5,8.21,355.89,400.35,0.9143879952724105,1.8078874
1996-01-24,0.6056474436594306,1035.952202153905,0.8552902510434511,0.6042319424241325,1.1920929e-07,2.47,2.47,9.900558,5.47,-0.47,11.41,271.53,600.0,0.9212441389358629,2.0544176
1996-01-25,0.22397485692240046,1040.0841579776063,0.6918010040163082,0.2024199042199643,1.1920929e-07,8.78,8.78,9.984,2.12,-5.27,9.51,276.24,422.43,1.0055046533575676,2.2845123
1996-01-26,0.5959779369482522,1042.9299571493948,0.5429068439243466,1.1920928955078125e-07,1.1920929e-07,1.1920929e-07,0.0,9.984,-1.43,-7.04,4.18,332.1,360.0,1.06797782899117,1.7257107
1996-01-27,1.5181993803305296,1057.5611330098616,0.7441105313311249,1.5181989931865,1.1920929e-07,34.17,34.17,9.984,2.95,-3.43,9.33,263.35,480.0,1.4559705857956293,13.641333
1996-01-28,0.5550915711511112,1072.594829547117,0.666085258118098,0.508706933287458,1.1920929e-07,1.1920929e-07,0.0,10.08,0.975,-5.88,7.83,369.09,394.53,2.0019153201932705,5.0785203
1996-01-29,0.47478323657227095,1070.0359853741459,0.5606013389871979,1.1920928955078125e-07,1.1920929e-07,1.1920929e-07,0.0,10.08,-1.475,-5.62,2.67,276.42,409.18,1.8963007390790103,3.3281565
1996-01-30,0.7532700999816134,1067.6716176048903,0.6167073231210345,1.1920928955078125e-07,0.1483026,0.58169746,0.73,10.08,-0.075,-3.81,3.66,255.31,459.62,1.8036725245723324,2.6460898
1996-01-31,0.5043850342714555,1067.2381797974124,0.6945314242078093,0.5009837937395086,1.1920929e-07,2.94,2.94,10.169206,1.53,-2.17,5.23,231.35,521.32,1.7871892739268025,2.2598593
1996-02-01,0.4285666446348207,1066.1239071451157,0.5095576924081926,1.1920928955078125e-07,1.1920929e-07,1.1920929e-07,0.0,10.176,-2.91,-6.27,0.45,237.49,382.34,1.7455025755228617,1.8078874
1996-02-02,7.700296713325542,1063.9392376777098,0.44897005244790056,1.1920928955078125e-07,15.95,1.1920929e-07,15.95,10.176,-4.65,-6.31,-2.99,96.39,383.22,1.6665716571514564,1.5613573
1996-02-03,29.118682629901635,1061.9010632251902,0.3639848788782394,1.1920928955078125e-07,24.88,1.1920929e-07,24.88,10.235178,-7.575,-10.99,-4.16,194.48,266.11,1.5961550589402318,1.3559155
1996-02-04,41.71224527983629,1060.0292132590337,0.2543005806622514,1.1920928955078125e-07,1.1920929e-07,1.1920929e-07,0.0,10.272,-12.34,-16.91,-7.77,330.96,157.3,1.5341088101915716,1.2326505
1996-02-05,41.699407423369834,1058.2921793866979,0.22370877168282027,1.1920928955078125e-07,1.1920929e-07,1.1920929e-07,0.0,10.272,-13.965,-21.09,-6.84,419.53,113.56,1.4786909191109923,1.1504738
1996-02-06,41.697922261453726,1056.5910353728805,0.29399265568561905,1.1920928955078125e-07,1.1920929e-07,1.1920929e-07,0.0,10.331169,-10.48,-17.57,-3.39,418.25,151.87,1.4263588264300244,1.2326505
1996-02-07,41.693465753594346,1054.8070762234554,0.4858856337150252,1.1920928955078125e-07,1.1920929e-07,1.1920929e-07,0.0,10.367997,-3.69,-10.78,3.4,412.11,268.26,1.3734674640118685,1.2162151
1996-02-08,40.69333784002807,1054.8843236002872,0.7438775045013486,8.877129979304641,1.1920929e-07,2.55,2.55,10.367997,2.425,-2.13,6.98,277.61,524.51,1.375716559459219,1.5202689
1996-02-09,21.442626195508716,1076.4186390815441,0.9637587384876574,21.442626195508716,1.1920929e-07,6.97,6.97,10.457203,5.87,2.67,9.07,173.92,734.46,2.1708031882926884,5.9167223
1996-02-10,7.856658591789775,1090.045814602916,0.996051212655616,7.856658591789775,1.1920929e-07,1.1920929e-07,0.0,10.463997,6.17,-0.69,13.03,403.97,584.5,2.8971777487700248,4.264971
1996-02-11,2.8725393035199236,1091.011446781939,1.1315912467096556,2.872539303518962,1.1920929e-07,1.1920929e-07,0.0,10.463997,8.115,0.66,15.57,414.43,640.45,2.9570445747101455,3.237762
1996-02-12,1.0487636823483641,1088.917573625947,0.8687494582663259,1.0487344446802769,1.1920929e-07,1.1920929e-07,0.0,10.56,3.985,-3.4,11.37,420.69,477.67,2.8287631952431043,2.4981718
1996-02-13,0.7065153151044921,1085.8302491843774,0.5645303171544678,1.1920928955078125e-07,1.1920929e-07,1.1920929e-07,0.0,10.56,-2.245,-7.26,2.77,349.11,348.6,2.6496998418372213,1.9558055
1996-02-14,0.5191224332213678,1082.8002435135897,0.7790227766597295,0.5162493769245267,1.1920929e-07,1.1920929e-07,0.0,10.56,2.45,-3.34,8.24,383.5,477.3,2.4849865076864526,1.742146
1996-02-15,0.19702617910723372,1079.9941573496696,0.9791956706518902,0.17291790399077617,1.1920929e-07,0.6,0.6,10.655997,5.775,1.04,10.51,317.32,646.91,2.3415918505711155,1.5860103
1996-02-16,0.08918265678879549,1080.5262948174347,0.6946342636087759,1.1920928955078125e-07,0.0010092893,6.808991,6.81,10.655997,0.67,-4.52,5.86,271.59,439.86,2.368133951464296,1.5284866
1996-02-17,5.959108107559788,1078.5429459311747,0.43248227552582547,1.1920928955078125e-07,5.73,1.1920929e-07,5.73,10.668552,-6.005,-10.75,-1.26,263.5,271.12,2.27071006442075,1.3641332
1996-02-18,8.721624525073256,1075.8601206593687,0.5427388790270484,1.1920928955078125e-07,1.1920929e-07,1.1920929e-07,0.0,10.752,-2.925,-7.28,1.43,335.86,359.29,2.145273703992701,1.3312626
1996-02-19,8.286840280198843,1073.2049983773659,0.6037534015143915,1.1920928955078125e-07,1.1920929e-07,1.1920929e-07,0.0,10.752,-1.38,-8.2,5.44,446.78,334.6,2.0279561971028834,1.2490859
1996-02-20,5.242841350282751,1075.242121023671,0.8841868871459164,5.242841350282751,1.1920929e-07,3.55,3.55,10.848,4.035,-1.08,9.15,294.08,564.21,2.1173751300021073,1.470963
1996-02-21,1.9171711506988198,1080.0492716431775,1.0582535237391986,1.9171711416520743,1.1920929e-07,5.42,5.42,10.848,6.685,2.84,10.53,226.46,749.96,2.3443269894893706,1.7585814
1996-02-22,0.6990260723983173,1080.572210840694,1.326198713358046,0.6983829968483711,1.1920929e-07,0.18,0.18,10.848,10.18,4.21,16.15,413.22,816.67,2.3704382150859717,1.4873983
1996-02-23,0.2581213754312455,1078.9906298998244,1.3419269973132886,0.23996065205594613,1.1920929e-07,3.02,3.02,10.944003,10.25,7.59,12.91,168.41,1046.84,2.2923444405694653,1.4873983
1996-02-24,0.1065561794310751,1076.905609925507,1.4800883153069453,0.07925136900384863,1.1920929e-07,1.1920929e-07,0.0,10.944003,11.835,8.28,15.39,294.73,1103.66,2.193310081740662,1.3970039
1996-02-25,0.05167247113411275,1073.3837016968637,1.4134377395639073,0.0323666838990798,1.1920929e-07,1.1920929e-07,0.0,11.039997,11.015,3.45,18.58,466.58,790.68,2.03564686063149,1.2901742
1996-02-26,0.0273580289537328,1069.8581383822304,1.6640588986230564,0.015538584812869868,1.1920929e-07,1.1920929e-07,0.0,11.039997,13.685,4.76,22.61,484.52,863.33,1.889170790036786,1.2490859
1996-02-27,0.013912036006431108,1066.1570575903065,1.748320890655142,0.007439100967631736,1.1920929e-07,1.1920929e-07,0.0,11.039997,14.545,6.38,22.71,471.5,952.78,1.7467286384717715,1.2079976
1996-02-28,0.007832464587358496,1063.6907725430556,1.782747938723336,0.004069522688948328,1.1920929e-07,1.9,1.9,11.136005,14.76,8.63,20.89,386.42,1130.41,1.6578238827201162,1.1751268
1996-02-29,0.004629028041264547,1061.6710019823,1.0105924533016426,0.002368074208471005,1.1920929e-07,1.1920929e-07,0.0,11.136005,5.845,-3.54,15.23,507.71,469.16,1.58839596080383,1.1011678
1996-03-01,-0.0018129992708238241,1059.3150671922513,0.6415531564631461,1.1920928955078125e-07,1.1920929e-07,1.1920929e-07,0.0,11.232,-0.95,-5.89,3.99,388.5,398.03,1.511077793514601,1.0682971
1996-03-02,0.025862720753090943,1057.2485290200987,0.7680233639529588,0.014593254917384281,1.1920929e-07,0.23,0.23,11.232,1.685,-4.23,7.6,431.88,446.2,1.4463619764740223,1.0600795
1996-03-03,0.01582149823813529,1055.1763408695342,0.8254208587955213,0.008535246477994729,1.1920929e-07,1.1920929e-07,0.0,11.232,2.775,-2.98,8.53,419.41,484.69,1.3842521138652208,1.0189911
1996-03-04,0.01412590386548779,1053.112894181162,0.6176576365887534,1.1920928955078125e-07,1.1920929e-07,1.1920929e-07,0.0,11.328006,-1.53,-9.55,6.49,498.93,295.56,1.3250546982538276,0.9614674
1996-03-05,0.010291283161218327,1050.9783114502995,0.9106556873224302,0.0054101844123568285,1.1920929e-07,1.1920929e-07,0.0,11.328006,4.17,-4.85,13.19,512.08,440.0,1.2664791536233255,0.9614674
1996-03-06,0.006021450252563553,1049.465473642275,1.5646109588474362,0.0031013424058887523,1.1920929e-07,2.39,2.39,11.424,12.45,7.09,17.81,355.2,1007.09,1.226539782760911,0.97790277
1996-03-07,0.003449862614987079,1049.4852131446323,1.5317932701650887,0.0017546822370224755,1.1920929e-07,3.38,3.38,11.424,12.11,6.35,17.87,302.8,963.62,1.227052713893553,1.0189911
1996-03-08,0.0021227516676338674,1049.9461570469723,0.721207070169174,1.1920928955078125e-07,0.006534824,8.053466,8.06,11.520002,0.5,-10.3,11.3,409.16,273.95,1.2390915230325994,1.0436441
1996-03-09,0.0014985799056700068,1049.5671574300743,0.389012917586421,1.1920928955078125e-07,1.1920929e-07,1.1920929e-07,0.0,11.520002,-8.115,-12.8,-3.43,374.51,229.86,1.2291843313690805,0.8792907
1996-03-10,0.0013302708424510353,1048.5117444190628,0.4197283566494289,1.1920928955078125e-07,1.1920929e-07,1.1920929e-07,0.0,11.520002,-7.075,-13.93,-0.22,477.77,210.61,1.202010891239874,0.871073
1996-03-11,0.0013725576450202646,1046.9514014264746,0.5322563783624342,1.1920928955078125e-07,1.1920929e-07,1.1920929e-07,0.0,11.615997,-3.9,-12.33,4.53,523.04,235.3,1.1629338233049589,0.871073
1996-03-12,0.0013801734804210057,1045.0576118648464,0.6941842329900164,1.1920928955078125e-07,1.1920929e-07,1.1920929e-07,0.0,11.615997,-0.105,-10.4,10.19,553.2,277.04,1.1172085935598866,0.8792907
1996-03-13,0.00110785151569657,1043.0018591467149,0.9890948312703768,0.0005569940639184324,1.1920929e-07,1.1920929e-07,0.0,11.712,5.025,-5.55,15.6,553.38,400.0,1.069605566492364,0.871073
1996-03-14,0.0006472022643374911,1040.7008855469412,1.2971227926144488,0.00032464830544090475,1.1920929e-07,1.1920929e-07,0.0,11.712,9.22,-1.47,19.91,547.1,560.0,1.0187257525244768,0.8546377
1996-03-15,0.0003619962572544038,1038.2991198131335,1.5687835232285334,0.00018132573149512164,1.1920929e-07,1.1920929e-07,0.0,11.712,12.265,4.39,20.14,479.92,831.37,0.9681970188123379,0.871073
1996-03-16,0.00021414978552554463,1040.123349519727,1.3667478140874325,0.00010718954304555828,1.1920929e-07,8.62,8.62,11.808002,9.92,1.67,18.17,370.36,692.73,1.0063396930815258,0.95324975
1996-03-17,0.0001255279278159344,1047.5939420084917,1.3595738372841915,6.280335705444888e-05,1.1920929e-07,10.13,10.13,11.808002,9.725,2.63,16.82,341.6,739.13,1.1788692856513903,1.1504738
1996-03-18,7.4898064978492e-05,1049.0660311849615,1.167262277425984,3.74630567889342e-05,1.1920929e-07,1.37,1.37,11.903997,7.21,3.38,11.04,270.75,790.68,1.2162062130035933,1.0189911
1996-03-19,4.4925156055783694e-05,1052.266007149211,1.2395940555983487,2.2467623701923577e-05,1.1920929e-07,10.83,10.83,11.903997,8.09,3.47,12.71,253.58,779.51,1.3014976791228332,4.684072
1996-03-20,2.6893223556895138e-05,1067.3155234775695,0.8815069734298864,1.3448419892119874e-05,1.1920929e-07,24.31,24.31,12.000009,2.6,-0.99,6.19,210.16,570.25,1.790119503149106,4.5936775
1996-03-21,1.6353589449438218e-05,1076.9403676434151,0.8024801287687768,7.958333329833495e-06,1.1920929e-07,1.1920929e-07,0.0,12.000009,1.09,-1.94,4.12,236.99,533.85,2.1949254129792917,2.440648
1996-03-22,0.02516271549850602,1073.9995672166444,0.755322678353466,1.1920928955078125e-07,1.1920929e-07,1.1920929e-07,0.0,12.000009,0.25,-3.5,4.0,287.2,470.93,2.062375353516741,1.8161051
1996-03-23,0.031475117648375184,1071.1942482191037,0.868214529216848,0.018194013514029692,1.1920929e-07,1.1920929e-07,0.0,12.096003,2.205,-2.98,7.39,374.03,491.0,1.943398798773229,1.544922
1996-03-24,0.017738222023690665,1068.3485338884573,1.0826218408426065,0.00965366625780825,1.1920929e-07,1.1920929e-07,0.0,12.096003,5.54,-3.18,14.26,501.64,479.87,1.8297196758551646,1.3805686
1996-03-25,0.009117937238407486,1065.2990180072636,1.4320679167523358,0.004766666693272003,1.1920929e-07,1.1920929e-07,0.0,12.191998,9.775,2.02,17.53,457.97,720.0,1.715269801091598,1.2983918
1996-03-26,0.004147411430147583,1062.5469459996214,1.4080185257543287,0.002116702105995705,1.1920929e-07,0.92,0.92,12.191998,9.55,4.5,14.6,345.51,845.33,1.6181414167893604,1.2408682
1996-03-27,0.002410459222550522,1059.438145233523,1.2211928035269572,0.0012197546921470532,1.1920929e-07,1.1920929e-07,0.0,12.288,7.265,0.7,13.83,428.56,639.56,1.515022221570447,1.1504738
1996-03-28,0.0014306329560035682,1062.579347503402,1.0380895605294573,0.0007204331673692353,1.1920929e-07,12.89,12.89,12.288,4.75,-0.22,9.72,267.96,599.89,1.6192523324902814,1.9064995
1996-03-29,0.0008498545946716985,1076.1972529068207,0.8711761637455038,0.0004267308582920626,1.1920929e-07,17.73,17.73,12.288,1.955,0.09,3.82,115.08,617.5,2.160647636624367,2.5063894
1996-03-30,0.000509527574128313,1081.262238389825,1.2958559944402346,0.00025541283153195104,1.1920929e-07,1.1920929e-07,0.0,12.383997,7.745,2.89,12.6,359.61,756.25,2.4053380282091843,1.8407581
1996-03-31,0.00030613002124036114,1076.8621633016583,1.3859358844978495,0.00015329929941197123,1.1920929e-07,1.1920929e-07,0.0,12.383997,8.85,5.93,11.77,229.39,924.69,2.191292613618656,1.618881
1996-04-01,0.00018366555710716732,1077.2445905394877,1.520533767566525,9.191711112204576e-05,1.1920929e-07,7.74,7.74,12.479998,10.175,6.72,13.63,203.8,979.94,2.2091147497311234,2.2352064
1996-04-02,0.0001058664348252769,1081.5052302132942,1.3083127163282964,5.2961236665078055e-05,1.1920929e-07,7.02,7.02,12.479998,7.77,0.99,14.55,345.59,655.75,2.4177498722462722,2.2105532
1996-04-03,6.190585489267061e-05,1081.111751623643,1.4436814126280686,3.0962508283204316e-05,1.1920929e-07,1.1920929e-07,0.0,12.479998,9.305,-1.0,19.61,545.54,571.68,2.3976832452108465,1.6764047
1996-04-04,3.595894103560295e-05,1077.3280785253846,1.9396433681537104,1.7982703131367646e-05,1.1920929e-07,1.1920929e-07,0.0,12.576003,13.945,2.82,25.07,544.89,751.59,2.2130247495820194,1.5120513
1996-04-05,2.0812469721435792e-05,1073.2231547725567,2.026974505232001,1.0407317757953753e-05,1.1920929e-07,1.1920929e-07,0.0,12.576003,14.725,5.86,23.59,503.81,920.93,2.028736246554975,1.4052216
1996-04-06,8.68223686362936e-06,1069.8698690097963,1.0897536144234372,4.341306884906952e-06,1.1920929e-07,1.1920929e-07,0.0,12.672003,4.915,0.26,9.57,350.43,626.16,1.8896402481522931,1.3230449
1996-04-07,2.863205246962285e-07,1067.054407952579,0.8968509457607803,1.4316021130585745e-07,1.1920929e-07,1.1920929e-07,0.0,12.672003,2.055,-2.35,6.46,347.43,520.0,1.7802461490167876,1.2819566
1996-04-08,-2.004370421639416e-06,1064.4209461888156,0.9639345106297281,1.1920928955078125e-07,1.1920929e-07,1.1920929e-07,0.0,12.767997,3.045,-2.18,8.27,399.58,526.65,1.6836630009626226,1.2162151
1996-04-09,-6.597469902397986e-07,1061.7453296003907,0.9924169503870445,1.1920928955078125e-07,1.1920929e-07,2.81,2.81,12.767997,3.515,-0.25,7.28,246.11,595.96,1.590898617775047,1.2162151
1996-04-10,9.270356864978634e-07,1059.0020645486113,0.9385220326582716,4.635199917368417e-07,1.1920929e-07,1.1920929e-07,0.0,12.767997,2.725,-2.3,7.75,400.04,512.15,1.5010928315418735,1.1340384
1996-04-11,2.327447908226808e-06,1056.1571434312798,1.2017134948312307,1.1637374966478172e-06,1.1920929e-07,1.1920929e-07,0.0,12.863992,6.365,0.86,11.87,422.12,641.79,1.4133101436083144,1.0929501
1996-04-12,3.112959974600279e-06,1053.176558646198,2.008675607541312,1.5565042135996462e-06,1.1920929e-07,1.1920929e-07,0.0,12.863992,14.515,4.86,24.17,541.5,869.19,1.326842725700854,1.0518618
1996-04-13,2.8550421852715154e-06,1050.0263025911681,2.5052072689915024,1.4275414708004554e-06,1.1920929e-07,1.1920929e-07,0.0,12.959997,18.1,8.51,27.69,530.85,1120.8,1.2411967642858555,1.0354264
1996-04-14,-1.624543067824943e-07,1046.7154768946932,2.337698769473042,1.1920928955078125e-07,1.1920929e-07,3.36,3.36,12.959997,16.995,8.93,25.06,416.52,1154.91,1.1571369492814096,1.0682971
1996-04-15,-8.427134352672748e-06,1043.3479860742077,2.0103152547654126,1.1920928955078125e-07,1.1920929e-07,1.1920929e-07,0.0,12.959997,14.56,7.75,21.37,474.72,1064.62,1.0774760684376052,1.0682971
1996-04-16,-2.0544000905362443e-05,1039.9615366484236,1.428838294730614,1.1920928955078125e-07,1.1920929e-07,8.82,8.82,13.0560055,9.045,5.09,13.0,253.55,881.48,1.002896478739318,1.1915622
1996-04-17,-3.496564056911198e-05,1036.590053844293,1.3341177481533313,1.1920928955078125e-07,1.1920929e-07,2.57,2.57,13.0560055,8.03,1.75,14.31,376.63,702.88,0.9337750295192685,1.0600795
1996-04-18,-5.014463994818174e-05,1033.267462888768,1.57049085692045,1.1920928955078125e-07,1.1920929e-07,1.1920929e-07,0.0,13.152002,10.515,0.41,20.62,561.01,623.5,0.8703183807784048,0.97790277
1996-04-19,-6.453358564683212e-05,1030.027689008801,2.1879773217471215,1.1920928955078125e-07,1.1920929e-07,0.13,0.13,13.152002,15.92,7.25,24.59,518.66,1019.81,0.8125982437501134,0.9696851
1996-04-20,-7.658506426932355e-05,1026.9046574313445,2.4907821256010116,1.1920928955078125e-07,1.1920929e-07,1.0,1.0,13.152002,18.13,12.95,23.31,378.16,1490.07,0.7605845529321239,0.9696851
1996-04-21,-8.475166241991635e-05,1023.9322933833503,2.243865708564143,1.1920928955078125e-07,1.1920929e-07,2.12,2.12,13.248,16.315,9.66,22.97,434.82,1213.55,0.7141757412631883,0.93681437
1996-04-22,-8.748596670287096e-05,1021.1445220917709,2.4194575800940967,1.1920928955078125e-07,1.1920929e-07,0.08,0.08,13.248,17.615,9.75,25.48,488.67,1220.55,0.6732257725345613,0.9039437
1996-04-23,-8.324056372244775e-05,1018.5752687835584,2.595832183892515,1.1920928955078125e-07,1.1920929e-07,1.1920929e-07,0.0,13.331445,18.735,11.01,26.46,482.82,1320.7,0.6375679718242364,0.8792907
1996-04-24,-7.046804008290716e-05,1016.2584586856651,1.788576990066084,1.1920928955078125e-07,1.1920929e-07,3.81,3.81,13.343997,12.62,3.35,21.89,403.73,781.45,0.6070359960750124,0.895726
1996-04-25,-4.775458321966561e-05,1014.2503833519298,1.7039338578388552,1.1920928955078125e-07,1.1920929e-07,1.1920929e-07,0.0,13.343997,11.875,3.12,20.63,529.26,765.03,0.5817580611236823,0.82998466
1996-04-26,-2.059218241243405e-05,1013.2076028926217,2.0746700670387606,1.1920928955078125e-07,1.1920929e-07,0.59,0.59,13.439992,14.96,8.82,21.1,419.73,1145.51,0.5690494425509457,0.84642
1996-04-27,2.867452919900049e-06,1012.6690736925502,1.7178123698955226,1.4337470156656424e-06,1.1920929e-07,2.37,2.37,13.439992,11.915,5.04,18.79,431.02,882.97,0.5625953511899318,0.8792907
1996-04-28,1.6264675633367604e-05,1011.6083409536664,1.6500113144474047,8.13299916586599e-06,1.1920929e-07,1.1920929e-07,0.0,13.439992,11.29,2.1,20.48,536.65,705.37,0.5500961315445281,0.797114
1996-04-29,1.3987940459905444e-05,1009.6369655087663,2.4485801894658588,6.994459386147699e-06,1.1920929e-07,1.1920929e-07,0.0,13.536,17.645,10.05,25.24,469.87,1222.85,0.5275992307816124,0.78067863
1996-04-30,8.142057739111085e-06,1017.8972366463595,2.6518917037910237,4.0711946023160185e-06,1.1920929e-07,17.95,17.95,13.536,18.85,12.86,24.84,295.7,1492.17,0.6284769570436073,1.4545276
1996-05-01,4.817919970771426e-06,1032.1095674155497,1.4794296910910723,2.4090180162678135e-06,1.1920929e-07,16.12,16.12,13.542794,9.135,-0.11,18.38,399.62,599.9,0.8492329171235383,1.3641332
1996-05-02,2.811293391764417e-06,1036.2436908600882,1.8934687611268588,1.4056664543085438e-06,1.1920929e-07,1.5,1.5,13.632003,12.88,5.01,20.75,464.42,880.52,0.9269495674909521,1.0600795
1996-05-03,1.6677802005503424e-06,1034.4119774652952,2.408211157671916,8.338970540021645e-07,1.1920929e-07,0.71,0.71,13.632003,16.845,9.2,24.49,470.43,1175.8,0.8916746146895937,0.97790277
1996-05-04,9.596900597987315e-07,1031.2338735386243,2.8406804665109044,4.798473324118929e-07,1.1920929e-07,1.1920929e-07,0.0,13.668831,19.63,11.59,27.67,480.34,1325.0,0.8336263248062953,0.91216135
1996-05-05,5.770504815607911e-07,1026.5145462709038,2.886143671762044,2.885260732485412e-07,1.1920929e-07,1.1920929e-07,0.0,13.728,19.905,11.6,28.21,488.63,1320.72,0.7543257216230634,0.8875084
1996-05-06,3.4869393999779484e-07,1035.6875404352509,2.98616854979335,1.743472739675569e-07,1.1920929e-07,23.74,23.74,13.728,20.335,14.38,26.29,291.44,1632.64,0.9160942297957354,1.717493
1996-05-07,2.1093901023057011e-07,1048.146452156042,2.498982902163977,1.1920928955078125e-07,1.1920929e-07,9.14,9.14,13.764828,17.08,9.51,24.65,350.55,1200.6,1.192746428308764,1.2737389
1996-05-08,1.2679037502563823e-07,1051.711576216827,1.8396136116456527,1.1920928955078125e-07,1.1920929e-07,4.77,4.77,13.8239975,11.955,9.53,14.38,140.35,1202.14,1.2863029241139683,1.3312626
1996-05-09,7.479814211540716e-08,1051.201468186315,2.9371725387495475,1.1920928955078125e-07,1.1920929e-07,1.38,1.38,13.8239975,19.68,12.82,26.54,421.13,1472.03,1.272479623683148,1.1669091
1996-05-10,3.814486653126791e-08,1047.4682922521695,3.3303464625556676,1.1920928955078125e-07,1.1920929e-07,1.1920929e-07,0.0,13.830791,21.89,14.5,29.28,443.44,1656.97,1.1757360003571775,1.0272088
1996-05-11,1.857304755702369e-08,1042.822407429931,3.2805561178157743,1.1920928955078125e-07,1.1920929e-07,1.1920929e-07,0.0,13.919997,21.595,15.02,28.17,407.95,1721.7,1.065547710939398,1.0025557
1996-05-12,1.1131691847234767e-08,1044.9617818043928,2.277019696648613,1.1920928955078125e-07,1.1920929e-07,9.36,9.36,13.919997,15.405,7.36,23.45,366.63,1029.25,1.1149431890176122,1.5120513
1996-05-13,6.692191682260914e-09,1046.8748859698046,1.5066922847935926,1.1920928955078125e-07,1.1920929e-07,1.1920929e-07,0.0,13.919997,8.77,2.41,15.13,441.49,732.43,1.1610505960839201,1.0682971
1996-05-14,4.019474977582075e-09,1044.0562069793252,1.5448818244046016,1.1920928955078125e-07,1.1920929e-07,1.1920929e-07,0.0,14.016,9.095,1.91,16.28,477.56,703.86,1.0937610882767608,0.97790277
1996-05-15,2.3905088574038305e-09,1041.2574698817655,1.6112124310039981,1.1920928955078125e-07,1.1920929e-07,1.1920929e-07,0.0,14.016,9.795,4.49,15.1,386.54,847.33,1.030806705136122,0.95324975
1996-05-16,1.4438488608122755e-09,1052.7835844839035,1.7517063045438246,1.1920928955078125e-07,1.1920929e-07,25.22,25.22,14.016,10.94,7.54,14.34,194.77,1043.01,1.315844372430821,1.9229348
1996-05-17,8.730651037307474e-10,1065.6485569313886,2.890151119005236,1.1920928955078125e-07,1.1920929e-07,8.28,8.28,14.099442,18.84,12.56,25.12,312.23,1455.74,1.7280161877376043,1.7092754
1996-05-18,5.183453864060562e-10,1064.2572649588035,3.6778227636056426,1.1920928955078125e-07,1.1920929e-07,1.1920929e-07,0.0,14.111998,22.99,15.57,30.41,452.65,1768.39,1.6778359092817898,1.2983918
1996-05-19,3.072850721618845e-10,1058.7204141078957,3.8197119610822234,1.1920928955078125e-07,1.1920929e-07,1.1920929e-07,0.0,14.111998,23.745,14.9,32.59,496.22,1692.75,1.4921644318556668,1.1258208
1996-05-20,1.796005224875271e-10,1053.409349019917,3.9611961070073454,1.1920928955078125e-07,1.1920929e-07,1.1920929e-07,0.0,14.111998,24.475,15.62,33.33,489.84,1770.14,1.333401248568766,1.0107734
1996-05-21,1.0428451184272232e-10,1048.2474901824678,3.9506820600412937,1.1920928955078125e-07,1.1920929e-07,1.1920929e-07,0.0,14.207997,24.395,16.11,32.68,470.94,1829.56,1.1953017654497764,0.92037904
1996-05-22,4.4884858624444607e-11,1043.7289351227566,3.5116049453289806,1.1920928955078125e-07,1.1920929e-07,1.1920929e-07,0.0,14.207997,22.405,14.95,29.86,452.91,1702.28,1.086205345596903,0.83820236
1996-05-23,5.1160559519327434e-12,1039.6654346624498,2.7380131830665033,1.1920928955078125e-07,1.1920929e-07,1.1920929e-07,0.0,14.207997,18.215,9.82,26.61,500.99,1221.24,0.9966262026637868,0.78067863
1996-05-24,-4.615043280717419e-12,1035.8371384516702,3.0319058984620284,1.1920928955078125e-07,1.1920929e-07,1.1920929e-07,0.0,14.207997,20.005,12.53,27.48,464.95,1444.82,0.91900162893974,0.7395903
1996-05-25,-2.5060016167707704e-12,1034.7550672428893,3.0242829044390005,1.1920928955078125e-07,1.1920929e-07,9.02,9.02,14.291445,19.88,14.2,25.56,290.15,1624.7,0.8981780613692596,0.80533165
1996-05-26,-1.1729596619953395e-12,1035.8861005335098,2.3535859105309354,1.1920928955078125e-07,1.1920929e-07,1.25,1.25,14.304,15.645,11.91,19.38,265.32,1392.45,0.9199551972311242,0.80533165
1996-05-27,-6.634628388007809e-13,1038.691562714437,2.599028707055408,1.1920928955078125e-07,1.1920929e-07,10.47,10.47,14.304,17.245,13.58,20.91,208.16,1566.0,0.9762786106567586,0.8628554
1996-05-28,-3.9786904369537185e-13,1052.671950080934,2.6498336331229524,1.1920928955078125e-07,1.1920929e-07,25.26,25.26,14.304,17.345,11.79,22.9,300.14,1383.17,1.3127366683773842,1.9311525
1996-05-29,-2.378968649780959e-13,1063.2077411807993,2.5523326287535406,1.1920928955078125e-07,1.1920929e-07,6.49,6.49,14.304,16.555,12.7,20.41,227.51,1456.04,1.640948859856059,1.1997799
1996-05-30,-1.271619682918978e-13,1063.9737977818486,2.6802291830224627,1.1920928955078125e-07,1.1920929e-07,4.85,4.85,14.387447,17.26,10.33,24.19,360.21,1266.37,1.667792074655323,1.0354264
1996-05-31,-2.988669078006155e-14,1061.689892856815,2.163925285523162,1.1920928955078125e-07,1.1920929e-07,1.1920929e-07,0.0,14.4000025,13.76,5.17,22.35,539.2,890.2,1.5890316548655656,0.895726
1996-06-01,3.2000369044186e-14,1057.8665817439396,2.308824269884446,1.1920928955078125e-07,1.1920929e-07,1.1920929e-07,0.0,14.4000025,14.875,6.21,23.54,537.19,948.41,1.465420916527588,0.81354934
1996-06-02,3.6715090779344056e-14,1053.9286962025112,2.424586795371378,1.1920928955078125e-07,1.1920929e-07,1.1920929e-07,0.0,14.4000025,15.74,7.7,23.78,516.11,1056.28,1.3481501597134762,0.7642433
1996-06-03,1.9743363940488097e-14,1052.151376823875,2.545808576956728,1.1920928955078125e-07,1.1920929e-07,1.1920929e-07,0.0,14.4000025,16.575,9.16,23.99,493.43,1172.75,1.2983414667232678,0.7395903
1996-06-04,8.703114605856905e-15,1052.2137197395712,2.7334217501039717,1.1920928955078125e-07,1.1920929e-07,6.48,6.48,14.4000025,17.76,11.44,24.08,333.76,1355.08,1.300057055666789,0.91216135
1996-06-05,4.6002988893821796e-15,1052.3364250629807,2.653644755720748,1.1920928955078125e-07,1.1920929e-07,2.76,2.76,14.4368305,17.22,9.15,25.29,423.51,1174.12,1.3034403574826823,0.83820236
1996-06-06,2.588089092925408e-15,1049.6782253444437,2.7779413718940362,1.1920928955078125e-07,1.1920929e-07,1.1920929e-07,0.0,14.496003,17.96,9.61,26.31,518.72,1208.85,1.2320794543021405,0.72315496
1996-06-07,1.5004888117025708e-15,1045.5688559154516,3.135257279432093,1.1920928955078125e-07,1.1920929e-07,1.1920929e-07,0.0,14.496003,20.075,11.71,28.44,505.86,1376.76,1.1293723164854539,0.6902843
1996-06-08,8.484952216963444e-16,1052.155178473965,3.4170767029426448,1.1920928955078125e-07,1.1920929e-07,19.13,19.13,14.496003,21.445,14.72,28.17,328.98,1680.83,1.298446017913612,1.0600795
1996-06-09,4.899405699728767e-16,1073.4932672700409,3.463218939903684,1.1920928955078125e-07,1.1920929e-07,33.46,33.46,14.496003,21.33,16.41,26.25,262.87,1862.0,2.0403765325839753,23.91342
1996-06-10,2.9213574448170456e-16,1111.670419538328,3.495891132385365,1.1920928955078125e-07,1.1920929e-07,53.35,53.35,14.496003,20.89,16.94,24.84,220.01,1928.29,4.580334424220559,12.408682
1996-06-11,1.7629518933857346e-16,1134.4799978086858,3.5676208474225874,1.1920928955078125e-07,1.1920929e-07,11.75,11.75,14.496003,20.89,15.18,26.6,301.86,1722.68,7.425396649747167,4.8484254
1996-06-12,1.0652196302389384e-16,1129.003294429749,3.610742798081934,1.1920928955078125e-07,1.1920929e-07,1.61,1.61,14.496003,21.18,15.61,26.75,373.06,1770.42,6.612111150715316,2.0544176
1996-06-13,6.400954375389258e-17,1123.1808914752455,3.606743385538213,1.1920928955078125e-07,1.1920929e-07,5.4,5.4,14.496003,21.25,15.42,27.08,307.79,1745.17,5.844947114223298,2.1365943
1996-06-14,3.8404889465958017e-17,1116.8442560901767,3.6419003100127765,1.1920928955078125e-07,1.1920929e-07,1.1920929e-07,0.0,14.496003,21.515,14.4,28.63,465.79,1647.59,5.110820949659373,1.3970039
1996-06-15,2.2735905109265742e-17,1108.546856598371,3.812544700032955,1.1920928955078125e-07,1.1920929e-07,1.1920929e-07,0.0,14.502797,22.43,15.54,29.32,448.04,1764.35,4.287103040545811,1.2737389
1996-06-16,1.2788266388723355e-17,1102.0849084292438,4.150961666193425,1.1920928955078125e-07,1.1920929e-07,1.1920929e-07,0.0,14.532827,23.985,17.99,29.98,400.47,2078.36,3.7387055749474922,1.1504738
1996-06-17,5.739425169595333e-18,1097.548302024771,3.9973972406562734,1.1920928955078125e-07,1.1920929e-07,3.56,3.56,14.532827,23.395,16.59,30.2,384.65,1884.39,3.3961713059505527,1.0682971
1996-06-18,2.591830988272535e-18,1091.7488659705898,4.092548564438312,1.1920928955078125e-07,1.1920929e-07,1.1920929e-07,0.0,14.57945,23.845,17.36,30.33,428.5,1988.67,3.003594486345264,0.9861204
1996-06-19,1.479799455389911e-18,1088.7856707529043,4.1704069443009555,1.1920928955078125e-07,1.1920929e-07,6.34,6.34,14.57945,24.225,18.62,29.83,303.44,2151.68,2.820871056031407,1.2737389
1996-06-20,8.173781522335127e-19,1088.7181188083646,3.993865771191511,1.1920928955078125e-07,1.1920929e-07,6.5,6.5,14.57945,23.465,17.91,29.02,293.11,2058.37,2.816837752998796,1.0682971
1996-06-21,4.744717572942228e-19,1086.3565363654109,4.142277890011281,1.1920928955078125e-07,1.1920929e-07,3.11,3.11,14.57945,24.145,18.31,29.98,343.83,2110.63,2.6794023259661994,0.9861204
1996-06-22,2.59957418212806e-19,1081.0017979147392,4.020131346029007,1.1920928955078125e-07,1.1920929e-07,1.1920929e-07,0.0,14.57945,23.705,16.46,30.95,470.03,1871.54,2.3921056564308745,0.9039437
1996-06-23,1.4686364912134277e-19,1074.5843167165242,4.35743865229201,1.1920928955078125e-07,1.1920929e-07,1.1920929e-07,0.0,14.57945,25.235,18.79,31.68,431.13,2177.17,2.0880781448798693,0.772461
1996-06-24,6.226557785261423e-20,1068.7965639290014,4.344452723185174,1.1920928955078125e-07,1.1920929e-07,1.1920929e-07,0.0,14.532827,25.335,19.07,31.6,422.21,2207.89,1.847166020028002,0.72315496
1996-06-25,1.6802204040077988e-20,1065.221038305383,4.2283975344577325,1.1920928955078125e-07,1.1920929e-07,5.89,5.89,14.502797,24.95,18.6,31.3,317.42,2146.3,1.7124390230006032,0.9039437
1996-06-26,8.487083422114101e-21,1063.443549667832,3.5243743325895096,1.1920928955078125e-07,1.1920929e-07,1.1920929e-07,0.0,14.496003,21.795,14.46,29.13,475.04,1653.95,1.6491654181965425,0.7560257
1996-06-27,3.2505720258153955e-21,1059.727483818866,3.1058455284969946,1.1920928955078125e-07,1.1920929e-07,1.1920929e-07,0.0,14.496003,19.685,12.38,26.99,480.01,1441.73,1.5243356001756148,0.6738489
1996-06-28,2.024021861212435e-22,1054.9209557591766,3.374794292886469,1.1920928955078125e-07,1.1920929e-07,1.1920929e-07,0.0,14.496003,21.185,13.52,28.85,483.52,1551.7,1.3767844098340223,0.6491959
1996-06-29,-1.3768588085707562e-22,1049.8964709599038,3.7333259149843374,1.1920928955078125e-07,1.1920929e-07,1.1920929e-07,0.0,14.496003,23.02,15.51,30.53,469.33,1761.12,1.2377881758995737,0.61632526
1996-06-30,-5.091094894762246e-23,1044.315081601132,4.193920942843468,1.1920928955078125e-07,1.1920929e-07,1.1920929e-07,0.0,14.496003,25.165,18.95,31.38,408.0,2197.05,1.0997749521731208,0.60810757
1996-07-01,1.2205158712219627e-23,1038.7039754620912,4.468679359065599,1.1920928955078125e-07,1.1920929e-07,1.1920929e-07,0.0,14.496003,26.395,20.77,32.02,376.18,2443.5,0.9765353244599899,0.59167224
1996-07-02,3.2733666905183336e-23,1033.7858906894376,4.168008463499059,1.1920928955078125e-07,1.1920929e-07,1.1920929e-07,0.0,14.496003,25.235,18.78,31.69,424.42,2173.53,0.8799279412409451,0.5752369
1996-07-03,1.6877128111396753e-23,1029.8544412510512,3.5270402606552245,1.1920928955078125e-07,1.1920929e-07,16.38,16.38,14.496003,22.365,16.6,28.13,303.12,1878.71,0.8096218023933486,0.9861204
1996-07-04,6.532981880954965e-25,1026.3350356030026,2.844934569896389,1.1920928955078125e-07,1.1920929e-07,1.1920929e-07,0.0,14.496003,18.74,12.0,25.48,465.83,1399.99,0.7514630322868885,0.7395903
1996-07-05,-1.1171882896215984e-23,1022.9277726245423,2.6592158850389387,1.1920928955078125e-07,1.1920929e-07,1.1920929e-07,0.0,14.483447,17.675,9.56,25.79,518.46,1205.46,0.6991407770521773,0.5752369
1996-07-06,-1.43813063296197e-23,1019.3402188958509,3.167322586264159,1.1920928955078125e-07,1.1920929e-07,1.1920929e-07,0.0,14.406797,20.79,12.73,28.85,505.18,1476.4,0.6479823446946902,0.5423662
1996-07-07,-8.69169827480917e-24,1015.8404863843305,3.597551170992917,1.1920928955078125e-07,1.1920929e-07,1.1920929e-07,0.0,14.4000025,23.065,15.36,30.77,484.64,1743.05,0.6016855332015437,0.5259309
1996-07-08,-3.68041773253318e-24,1014.6004448729053,3.9140872907125237,1.1920928955078125e-07,1.1920929e-07,1.1920929e-07,0.0,14.4000025,24.57,18.04,31.1,432.74,2067.2,0.5860876662914549,0.59988993
1996-07-09,-8.539384985853651e-25,1017.161329532344,3.8776404810222473,1.1920928955078125e-07,1.1920929e-07,16.33,16.33,14.4000025,24.36,19.14,29.58,275.99,2226.87,0.6187565953558642,0.92037904
1996-07-10,-3.8655430982054626e-25,1020.9106792222839,3.488261789162005,1.1920928955078125e-07,1.1920929e-07,1.1920929e-07,0.0,14.4000025,22.44,15.71,29.17,447.82,1782.16,0.6698994819212429,0.70671964
1996-07-11,-2.254922392417159e-25,1017.2574127713576,2.9939695791551135,1.1920928955078125e-07,1.1920929e-07,1.1920929e-07,0.0,14.4000025,19.87,12.68,27.06,474.74,1472.96,0.6200171448629797,0.60810757
1996-07-12,-1.3434083386279632e-25,1013.5830356520144,3.1066522688497527,1.1920928955078125e-07,1.1920929e-07,1.1920929e-07,0.0,14.310795,20.67,15.45,25.89,378.32,1753.46,0.5735926285641805,0.5670192
1996-07-13,-7.987079285207789e-26,1009.7638898421018,3.3840785549562,1.1920928955078125e-07,1.1920929e-07,0.26,0.26,14.304,22.22,16.8,27.64,383.84,1906.24,0.529019541560823,0.5670192
1996-07-14,-4.569826887556133e-26,1005.3631663126043,3.906249909037652,1.1920928955078125e-07,1.1920929e-07,1.36,1.36,14.304,24.815,18.88,30.75,393.73,2188.64,0.4819367085034617,0.5588016
1996-07-15,-2.653312068481404e-26,1006.6433472063712,3.8553218176445356,1.1920928955078125e-07,1.1920929e-07,10.6,10.6,14.304,24.56,20.1,29.02,241.15,2345.81,0.49518357601537977,0.6491959
1996-07-16,-1.5937315872056985e-26,1017.1646018977644,3.350443200224224,1.1920928955078125e-07,1.1920929e-07,18.03,18.03,14.304,21.92,16.64,27.2,286.04,1893.02,0.6187994844737515,1.3970039
1996-07-17,-9.576632278428898e-27,1021.1593793775118,3.73465115639155,1.1920928955078125e-07,1.1920929e-07,1.1920929e-07,0.0,14.207997,23.865,17.06,30.67,446.22,1933.82,0.6734376666877248,0.82176703
1996-07-18,-5.7424855454080214e-27,1015.9442931202707,3.774029608677741,1.1920928955078125e-07,1.1920929e-07,1.1920929e-07,0.0,14.207997,24.14,17.23,31.05,449.17,1972.23,0.6030099450950323,0.5341486
1996-07-19,-3.434776159746797e-27,1016.8720808115631,4.046680401007575,1.1920928955078125e-07,1.1920929e-07,11.4,11.4,14.207997,25.36,20.5,30.22,255.13,2399.55,0.6149772897396133,0.6491959
1996-07-20,-2.038764974229773e-27,1016.3780363460803,3.9236494991080204,1.1920928955078125e-07,1.1920929e-07,1.1920929e-07,0.0,14.207997,24.82,19.56,30.08,366.76,2284.97,0.6085754440966051,0.5259309
1996-07-21,-1.1809030509707663e-27,1012.3259481951327,2.96091580308878,1.1920928955078125e-07,1.1920929e-07,1.1920929e-07,0.0,14.118794,20.1,11.04,29.16,529.59,1323.47,0.5585213389533221,0.48484254
1996-07-22,-5.857426764626716e-28,1008.42578912883,3.475919512764826,1.1920928955078125e-07,1.1920929e-07,1.1920929e-07,0.0,14.111998,22.945,15.7,30.19,463.98,1781.52,0.5142362558881709,0.45197186
1996-07-23,-3.0200897007849805e-28,1004.377506481319,3.7258598632737883,1.1920928955078125e-07,1.1920929e-07,1.1920929e-07,0.0,14.111998,24.235,17.97,30.5,416.94,2062.41,0.47197940147495876,0.4355365
1996-07-24,-1.720585986994914e-28,1000.4938508642472,3.2569281925646703,1.1920928955078125e-07,1.1920929e-07,1.1920929e-07,0.0,14.111998,21.95,15.22,28.68,446.77,1732.32,0.43470814840167543,0.41088352
1996-07-25,-9.657061400110574e-29,996.8412363290032,3.2490858205515765,1.1920928955078125e-07,1.1920929e-07,1.1920929e-07,0.0,14.016,22.09,15.42,28.76,442.82,1749.33,0.40234428304121045,0.4355365
1996-07-26,-5.809254748238125e-29,1002.1290157787015,3.1024509507715385,1.1920928955078125e-07,1.1920929e-07,15.06,15.06,14.016,21.2,14.91,27.49,322.61,1697.18,0.4500279208210604,0.6902843
1996-07-27,-3.498439796490413e-29,1005.7391656239802,2.996309361873935,1.1920928955078125e-07,1.1920929e-07,1.1920929e-07,0.0,14.016,20.54,13.36,27.72,470.7,1537.86,0.48579023204942606,0.50949556
1996-07-28,-2.106008779391421e-29,1002.1248052811333,3.0134576692217263,1.1920928955078125e-07,1.1920929e-07,0.96,0.96,14.003442,20.715,14.9,26.53,394.69,1697.99,0.4499877876070077,0.4437542
1996-07-29,-1.2663707362156187e-29,1003.5326048751244,3.0516523195502523,1.1920928955078125e-07,1.1920929e-07,8.95,8.95,13.919997,21.01,16.35,25.67,261.3,1854.76,0.46360797762468237,0.5259309
1996-07-30,-7.586049943251994e-30,1013.005248777582,3.2857753574103348,1.1920928955078125e-07,1.1920929e-07,17.31,17.31,13.919997,22.125,17.24,27.01,269.65,1974.95,0.5666156582401841,0.91216135
1996-07-31,-4.546675915965824e-30,1016.7546152742633,3.379544377985779,1.1920928955078125e-07,1.1920929e-07,1.49,1.49,13.919997,22.55,18.72,26.38,291.0,2164.82,0.6134490910907853,0.5341486
1996-08-01,-2.7362500099976566e-30,1020.0564082904585,3.188651196615809,1.1920928955078125e-07,1.1920929e-07,11.81,11.81,13.8239975,21.605,17.7,25.51,227.34,2034.82,0.6578870080336237,0.5752369
1996-08-02,-1.648631588792269e-30,1022.4428512276118,3.1147377962403966,1.1920928955078125e-07,1.1920929e-07,0.27,0.27,13.8239975,21.16,14.82,27.5,441.26,1691.79,0.6919965055466182,0.5177132
1996-08-03,-9.929486952716945e-31,1018.6626696547062,3.1276266012529144,1.1920928955078125e-07,1.1920929e-07,1.1920929e-07,0.0,13.8239975,21.295,15.61,26.98,411.15,1779.19,0.6387493657607113,0.46018952
1996-08-04,-5.860175218964221e-31,1017.9327113341551,3.1994309532963623,1.1920928955078125e-07,1.1920929e-07,4.67,4.67,13.728,21.82,16.95,26.69,287.46,1934.8,0.628949369719201,0.46840718
1996-08-05,-3.447377012939457e-31,1016.5458198295186,3.4114918646324175,1.1920928955078125e-07,1.1920929e-07,1.1920929e-07,0.0,13.728,22.96,17.94,27.98,376.51,2057.79,0.6107420803050173,0.46018952
1996-08-06,-1.8797916287725984e-31,1013.05071134024,3.6084025172908025,1.1920928955078125e-07,1.1920929e-07,1.59,1.59,13.728,24.005,18.53,29.48,372.75,2141.85,0.5671615443335111,0.4437542
1996-08-07,-1.0923276762991438e-31,1011.9516316902999,3.6675626138583017,1.1920928955078125e-07,1.1920929e-07,7.2,7.2,13.632003,24.435,19.32,29.55,292.2,2248.91,0.5541106273048174,0.42731884
1996-08-08,-6.200198824910717e-32,1009.7631191054244,3.2915874798645595,1.1920928955078125e-07,1.1920929e-07,1.1920929e-07,0.0,13.632003,22.575,16.68,28.47,425.85,1895.95,0.5290109053224028,0.41088352
1996-08-09,-3.6274982205783017e-32,1008.7000732568102,3.405016421206961,1.1920928955078125e-07,1.1920929e-07,5.7,5.7,13.632003,23.185,17.77,28.6,299.37,2041.24,0.5172324914935611,0.40266582
1996-08-10,-1.962282653856553e-32,1007.9447631014505,3.1700258520779228,1.1920928955078125e-07,1.1920929e-07,2.21,2.21,13.536,22.075,16.32,27.83,395.13,1851.33,0.5090234551375811,0.41088352
1996-08-11,-1.0891578920177317e-32,1005.5698610172709,2.9476649038428917,1.1920928955078125e-07,1.1920929e-07,1.1920929e-07,0.0,13.536,20.86,15.4,26.32,412.77,1742.25,0.48405127239100243,0.37801284
1996-08-12,-6.585025235554277e-33,1011.5066893644479,2.7714481700728935,1.1920928955078125e-07,1.1920929e-07,23.47,23.47,13.536,19.705,16.05,23.36,228.57,1823.05,0.5489129926423078,8.792907
1996-08-13,-3.9831816627354606e-33,1063.8384946412164,2.5441882911929463,1.1920928955078125e-07,1.1920929e-07,84.86,84.86,13.439992,17.53,15.15,19.91,160.06,1723.42,1.6630192218545579,6.007117
1996-08-14,-2.4141792620512166e-33,1101.974383722711,3.0155611912593425,1.1920928955078125e-07,1.1920929e-07,1.1920929e-07,0.0,13.439992,19.805,15.17,24.44,375.25,1723.57,3.7299633332211,1.5777926
1996-08-15,-1.4592066217422381e-33,1095.8968990475244,3.2046232254820888,1.1920928955078125e-07,1.1920929e-07,1.1920929e-07,0.0,13.350795,21.055,14.37,27.74,466.83,1644.4,3.2794313047701826,1.0518618
1996-08-16,-8.754046493437154e-34,1089.5410208671472,3.3402606906873618,1.1920928955078125e-07,1.1920929e-07,1.1920929e-07,0.0,13.343997,21.88,15.28,28.48,458.77,1738.76,2.866365753228868,0.9039437
1996-08-17,4.689285913805449e-34,1083.40424477409,3.323364359269127,1.1920928955078125e-07,1.1920929e-07,1.1920929e-07,0.0,13.343997,21.89,15.3,28.48,458.14,1736.75,2.516982334324949,0.772461
1996-08-18,3.106016500374328e-33,1077.4371144518018,3.2907664135089654,1.1920928955078125e-07,1.1920929e-07,1.1920929e-07,0.0,13.248,21.94,15.56,28.32,446.82,1770.26,2.2181416612078557,0.6820666
1996-08-19,6.565462676277987e-33,1071.6517484265075,3.3158259804987718,1.1920928955078125e-07,1.1920929e-07,1.1920929e-07,0.0,13.248,22.165,15.72,28.61,445.71,1785.26,1.9623226530563458,0.62454295
1996-08-20,1.0376870717731876e-32,1066.0602652244327,3.3223457632654627,1.1920928955078125e-07,1.1920929e-07,1.1920929e-07,0.0,13.248,22.29,15.99,28.59,442.02,1816.34,1.7431512025890252,0.58345455
1996-08-21,1.406984422337635e-32,1060.6747833718027,3.398541130266934,1.1920928955078125e-07,1.1920929e-07,1.1920929e-07,0.0,13.152002,22.9,16.73,29.07,433.49,1898.76,1.5552302077035414,0.5670192
1996-08-22,1.7173986791851755e-32,1055.5074213948424,3.526921359742705,1.1920928955078125e-07,1.1920929e-07,0.05,0.05,13.152002,23.635,17.06,30.21,443.19,1948.14,1.3939935487567572,0.62454295
1996-08-23,1.9218902021798448e-32,1050.5702978197776,3.552813058575461,1.1920928955078125e-07,1.1920929e-07,1.1920929e-07,0.0,13.0560055,23.975,17.42,30.53,440.62,1999.59,1.255581127044321,0.5423662
1996-08-24,1.973419351185679e-32,1045.8755311728332,3.615998946916801,1.1920928955078125e-07,1.1920929e-07,1.1920929e-07,0.0,13.0560055,24.365,18.04,30.69,429.37,2066.86,1.1367323128657012,0.5259309
1996-08-25,1.8249464860667132e-32,1041.4352399802349,3.244860712260204,1.1920928955078125e-07,1.1920929e-07,15.67,15.67,13.0560055,22.54,17.3,27.78,291.76,1982.34,1.0346954036484648,0.5752369
1996-08-26,1.4294319666869803e-32,1037.2615427682074,2.85989774138228,1.1920928955078125e-07,1.1920929e-07,1.1920929e-07,0.0,12.959997,20.555,15.48,25.63,390.68,1752.78,0.9471509497054271,0.5423662
1996-08-27,8.301501819196711e-33,1033.5141174271582,3.0287992776767396,1.1920928955078125e-07,1.1920929e-07,1.1920929e-07,0.0,12.959997,21.605,16.45,26.76,390.82,1867.7,0.8748772030331378,0.5177132
1996-08-28,3.1672481323073526e-33,1030.359802244819,3.0276637638690795,1.1920928955078125e-07,1.1920929e-07,1.39,1.39,12.863992,21.78,16.42,27.14,361.64,1862.11,0.8183346634727625,0.5588016
1996-08-29,5.232044354818537e-35,1027.264934532194,2.9435281435297154,1.1920928955078125e-07,1.1920929e-07,1.1920929e-07,0.0,12.863992,21.345,15.45,27.24,421.78,1749.23,0.7664108511898432,0.4930602
1996-08-30,-3.425941037087996e-34,1023.7478880384342,2.91817944183299,1.1920928955078125e-07,1.1920929e-07,1.1920929e-07,0.0,12.863992,21.255,14.48,28.03,450.75,1657.34,0.7113916649126192,0.5341486
1996-08-31,-1.5361838091779138e-34,1020.2367712364959,2.893174485947746,1.1920928955078125e-07,1.1920929e-07,1.1920929e-07,0.0,12.767997,21.295,15.34,27.25,415.29,1738.06,0.6604051423398262,0.47662488
1996-09-01,-2.358742953575219e-35,1016.9018423978637,2.5496739843561023,1.1920928955078125e-07,1.1920929e-07,1.1920929e-07,0.0,12.767997,19.19,11.72,26.66,473.54,1377.92,0.6153650849800287,0.45197186
1996-09-02,1.32854922310994e-35,1013.7533200585524,2.4982210884373672,1.1920928955078125e-07,1.1920929e-07,1.1920929e-07,0.0,12.672003,19.025,11.56,26.49,470.91,1364.96,0.5756652134011211,0.42731884
1996-09-03,-3.8664720464969724e-35,1010.6696333933955,2.707219527102127,1.1920928955078125e-07,1.1920929e-07,23.95,23.95,12.672003,20.445,15.39,25.5,284.54,1746.35,0.5392666177124361,0.82176703
1996-09-04,-1.53628621596527e-34,1007.5735778120734,2.5367457649212697,1.1920928955078125e-07,1.1920929e-07,47.62,47.62,12.65945,19.405,17.61,21.2,111.44,2020.98,0.5050371287665273,4.108835
1996-09-05,-3.1850830742175747e-34,1004.4742556619232,2.824408355279183,1.1920928955078125e-07,1.1920929e-07,22.47,22.47,12.576003,21.41,18.43,24.39,176.41,2125.59,0.47294760316328877,2.366689
1996-09-06,-5.202058741988463e-34,1001.3807692902823,2.8958019988885315,1.1920928955078125e-07,1.1920929e-07,63.3,63.3,12.576003,21.895,19.09,24.7,167.04,2215.3,0.4429517614464677,30.980616
1996-09-07,-7.456234181859787e-34,998.3022210444877,2.745524809946233,1.1920928955078125e-07,1.1920929e-07,28.37,28.37,12.479998,21.16,17.55,24.77,211.68,2013.37,0.4149896364391954,7.3548145
1996-09-08,-9.81663035641339e-34,995.2477132718767,3.0818502253138274,1.1920928955078125e-07,1.1920929e-07,0.68,0.68,12.479998,23.22,17.13,29.31,403.87,1951.85,0.3889906967037806,3.7308223
1996-09-09,-1.2152268228231132e-33,992.2263483197864,2.969659951047882,1.1920928955078125e-07,1.1920929e-07,1.1920929e-07,0.0,12.383997,22.76,16.65,28.87,408.07,1892.06,0.36487663560830863,2.7693548
1996-09-10,-1.4332168759894864e-33,989.2472285355543,2.9777577896020637,1.1920928955078125e-07,1.1920929e-07,1.1920929e-07,0.0,12.383997,22.86,16.78,28.94,403.25,1920.53,0.34256382794587925,2.5063894
1996-09-11,-1.6225352913986427e-33,986.3194562665172,2.8717142766247994,1.1920928955078125e-07,1.1920929e-07,20.3,20.3,12.383997,22.28,18.02,26.54,235.1,2065.87,0.3219654650666382,3.0569732
1996-09-12,-1.7700841653087673e-33,983.4521338600126,2.5724389627518134,1.1920928955078125e-07,1.1920929e-07,6.79,6.79,12.288,20.565,16.3,24.83,236.11,1850.84,0.30299338628265277,2.342036
1996-09-13,-1.862765593978046e-33,980.6543636633776,2.3531279334522743,1.1920928955078125e-07,1.1920929e-07,4.49,4.49,12.288,19.095,12.92,25.27,307.94,1490.25,0.285559629164788,2.0379822
1996-09-14,-1.8874816736646634e-33,977.9352480239493,1.9204506676031017,1.1920928955078125e-07,1.1920929e-07,1.1920929e-07,0.0,12.191998,15.875,9.2,22.55,437.99,1176.38,0.2695777245602632,2.0133293
1996-09-15,-1.8311345006268055e-33,975.3038892890651,1.7527461806095366,1.1920928955078125e-07,1.1920929e-07,1.1920929e-07,0.0,12.191998,14.42,6.36,22.48,476.22,958.9,0.2549637640112343,1.2655212
1996-09-16,-1.6806261711226557e-33,972.7693898060619,1.9119792255689045,1.1920928955078125e-07,1.1920929e-07,6.34,6.34,12.096003,16.02,10.17,21.87,300.0,1253.44,0.241637268029066,1.1833445
1996-09-17,-1.422858781410399e-33,970.3408519222772,1.968639228814881,1.1920928955078125e-07,1.1920929e-07,16.01,16.01,12.096003,16.545,13.81,19.28,163.0,1581.04,0.22952188363689743,1.4380922
1996-09-18,-1.0447344277482224e-33,968.0273779850481,2.028149971460015,1.1920928955078125e-07,1.1920929e-07,1.1920929e-07,0.0,12.096003,17.08,12.17,21.99,356.12,1413.31,0.21854593897154376,1.2655212
1996-09-19,-6.042184619598005e-34,965.8774108659097,1.7858949134889957,1.1920928955078125e-07,1.1920929e-07,1.1920929e-07,0.0,12.000009,15.145,9.24,21.05,404.08,1179.1,0.20881681198719143,1.0518618
1996-09-20,-2.768062810327892e-34,963.8938777921493,1.748293042316529,1.1920928955078125e-07,1.1920929e-07,1.1920929e-07,0.0,12.000009,14.83,6.89,22.77,463.18,1002.85,0.20022540804958375,1.0189911
1996-09-21,-1.1530301171759064e-34,961.9148232480476,1.8561337119384083,1.1920928955078125e-07,1.1920929e-07,1.1920929e-07,0.0,11.903997,15.98,8.13,23.83,454.51,1094.3,0.19200569537163095,1.0436441
1996-09-22,-6.38767063432819e-35,960.7616689711396,1.899846483143131,1.1920928955078125e-07,1.1920929e-07,5.89,5.89,11.903997,16.385,9.97,22.8,307.19,1238.14,0.18737273178727062,1.0518618
1996-09-23,-2.785771414543907e-35,960.3524511232388,1.9007569726487403,1.1920928955078125e-07,1.1920929e-07,1.1920929e-07,0.0,11.903997,16.4,10.36,22.44,395.96,1268.49,0.18575565527088575,0.97790277
1996-09-24,-1.256675639861145e-35,958.9870869336371,1.8511761216071574,1.1920928955078125e-07,1.1920929e-07,1.1920929e-07,0.0,11.808002,16.12,9.68,22.56,406.34,1214.68,0.18046053039407545,0.895726
1996-09-25,-6.500119481607484e-36,956.847483040101,1.883085652979458,1.1920928955078125e-07,1.1920929e-07,1.1920929e-07,0.0,11.808002,16.44,10.19,22.69,395.94,1255.18,0.17246472480439382,0.83820236
1996-09-26,-2.2706538301868462e-36,955.1062934271847,1.8023225990430396,1.1920928955078125e-07,1.1920929e-07,0.7,0.7,11.712,15.88,10.81,20.95,345.93,1304.56,0.16622000589958622,0.78067863
1996-09-27,-7.155470856064164e-37,954.4042341755099,1.8345451390418333,1.1920928955078125e-07,1.1920929e-07,2.1,2.1,11.712,16.185,14.01,18.36,161.19,1599.42,0.16376652652761486,0.82176703
1996-09-28,-4.282390208289834e-37,952.7990659540912,2.1657248345168076,1.1920928955078125e-07,1.1920929e-07,1.1920929e-07,0.0,11.615997,19.13,15.3,22.96,271.34,1743.0,0.15829215631055463,0.8628554
1996-09-29,-2.588380549039009e-37,962.2638554559685,1.686904693563386,1.1920928955078125e-07,1.1920929e-07,21.31,21.31,11.615997,14.805,8.32,21.29,301.51,1107.4,0.19343043788540715,1.3066095
1996-09-30,-1.5658881885492655e-37,970.7672268371327,1.5417941193593505,1.1920928955078125e-07,1.1920929e-07,1.1920929e-07,0.0,11.615997,13.2,6.35,20.05,414.75,965.47,0.23160411379790188,0.93681437
1996-10-01,-9.373034808582863e-38,967.8555660608426,1.6369521625971237,1.1920928955078125e-07,1.1920929e-07,1.1920929e-07,0.0,11.520002,14.355,9.1,19.61,351.69,1168.29,0.21775205602850148,0.8875084
1996-10-02,-5.62104482721616e-38,970.5033441529708,1.7677966066712443,1.1920928955078125e-07,1.1920929e-07,8.93,8.93,11.520002,15.57,12.83,18.31,156.06,1488.53,0.2303132083235057,1.1176032
1996-10-03,-3.3516231303843474e-38,975.0550883325561,1.8012559331098559,1.1920928955078125e-07,1.1920929e-07,4.21,4.21,11.424,15.94,11.95,19.93,216.25,1400.16,0.253623664364454,0.9943381
1996-10-04,-1.9834712369117446e-38,974.7679692657958,1.4370254345585785,1.1920928955078125e-07,1.1920929e-07,1.1920929e-07,0.0,11.424,12.27,4.7,19.84,424.01,860.14,0.25208592647029615,0.8628554
1996-10-05,-1.1777853320341664e-38,973.2495295927854,1.0120001217673427,1.1920928955078125e-07,1.1920929e-07,1.1920929e-07,0.0,11.340561,6.915,0.27,13.56,406.47,618.7,0.24410724147227403,0.80533165
1996-10-06,-6.605908893653393e-39,971.9081310871143,1.1208961550666796,1.1920928955078125e-07,1.1920929e-07,1.1920929e-07,0.0,11.328006,8.53,2.15,14.91,388.56,709.83,0.23726916682805116,0.7888963
1996-10-07,-3.852063419631738e-39,971.2207947235107,1.1430208630054526,1.1920928955078125e-07,1.1920929e-07,1.1920929e-07,0.0,11.328006,8.845,3.21,14.48,356.51,768.8,0.23383988223881302,0.78067863
1996-10-08,-2.2900284455518082e-39,979.4373436951336,1.280230815013255,1.1920928955078125e-07,1.1920929e-07,18.39,18.39,11.232,10.625,6.63,14.62,204.05,986.21,0.278292558935234,1.717493
1996-10-09,-1.3687249701851369e-39,991.6473884534868,1.5134858919477876,1.1920928955078125e-07,1.1920929e-07,11.02,11.02,11.232,13.1,9.26,16.94,195.89,1180.8,0.3604294549461735,2.440648
1996-10-10,-8.200029573712474e-40,1003.3060129401618,1.3068168729257872,1.1920928955078125e-07,1.1920929e-07,16.66,16.66,11.136005,10.705,4.89,16.52,266.5,872.43,0.461388227970465,2.0297644
1996-10-11,-4.911754118436009e-40,1009.2579832557703,1.1926266922959798,1.1920928955078125e-07,1.1920929e-07,1.1920929e-07,0.0,11.136005,9.175,2.45,15.9,383.67,730.38,0.5233809885558327,1.2901742
1996-10-12,-2.93160715669343e-40,1007.648442961713,1.1198142674315352,1.1920928955078125e-07,1.1920929e-07,1.1920929e-07,0.0,11.136005,8.22,0.06,16.38,411.22,613.03,0.5058386182244599,1.1422561
1996-10-13,-1.5803061708068677e-40,1005.9524648405444,1.2818205403497884,1.1920928955078125e-07,1.1920929e-07,1.1920929e-07,0.0,11.039997,10.495,1.18,19.81,419.85,670.59,0.48798996465015915,1.0518618
1996-10-14,-4.997317685659833e-42,1004.0495755374476,1.5869211913576287,1.1920928955078125e-07,1.1920929e-07,1.1920929e-07,0.0,11.039997,13.945,4.5,23.39,410.29,848.23,0.4687124066511543,0.97790277
1996-10-15,1.3453439559734137e-40,1001.9787279183168,1.7646487152628343,1.1920928955078125e-07,1.1920929e-07,1.1920929e-07,0.0,10.944003,15.86,7.83,23.89,380.19,1066.08,0.44859763533509317,0.92037904
1996-10-16,2.188452682919447e-40,999.7964367856667,1.7269469941729043,1.1920928955078125e-07,1.1920929e-07,1.1920929e-07,0.0,10.944003,15.54,7.41,23.67,378.79,1036.2,0.4283338094337809,0.9039437
1996-10-17,2.0621604592177815e-40,997.5592169420117,1.8360829928021734,1.1920928955078125e-07,1.1920929e-07,1.1920929e-07,0.0,10.944003,16.59,8.28,24.9,372.63,1104.11,0.4085097712495798,0.871073
1996-10-18,1.2328892169984835e-40,995.537779196434,1.7190579550643876,1.1920928955078125e-07,1.1920929e-07,1.1920929e-07,0.0,10.848,15.68,7.94,23.42,358.51,1078.55,0.39138799003935076,0.8875084
1996-10-19,7.104896950688341e-41,997.5172418371197,1.3864260642987316,1.1920928955078125e-07,1.1920929e-07,8.35,8.35,10.848,12.155,5.06,19.25,257.87,879.85,0.4081467336403324,1.1258208
1996-10-20,4.1777777786451534e-41,1000.0538377930446,1.067176911395674,1.1920928955078125e-07,1.1920929e-07,1.1920929e-07,0.0,10.752,8.135,4.65,11.62,208.13,859.27,0.4306754889812167,0.8875084
1996-10-21,2.420163299472457e-41,998.316537931117,1.2128608493146784,1.1920928955078125e-07,1.1920929e-07,1.1920929e-07,0.0,10.752,10.16,5.28,15.04,273.86,902.05,0.41511550060897073,0.84642
1996-10-22,1.41508776113834e-41,996.4533244044418,1.6293050189877287,1.1920928955078125e-07,1.1920929e-07,1.1920929e-07,0.0,10.752,14.93,7.71,22.15,340.63,1056.62,0.3990519903574869,0.82176703
1996-10-23,8.204718834741898e-42,994.351442588664,1.7300841526038644,1.1920928955078125e-07,1.1920929e-07,1.1920929e-07,0.0,10.655997,16.1,8.51,23.69,342.7,1123.99,0.3816757188933954,0.81354934
1996-10-24,2.933716380871292e-42,992.4345170401566,1.4853530518813263,1.1920928955078125e-07,1.1920929e-07,0.21,0.21,10.655997,13.635,6.62,20.65,328.63,969.63,0.3664890243804391,0.80533165
1996-10-25,-2.5240847987111926e-42,990.7953487889571,1.3959490501148568,1.1920928955078125e-07,1.1920929e-07,1.1920929e-07,0.0,10.649202,12.67,4.58,20.76,352.52,854.04,0.35398305115833845,0.7888963
1996-10-26,-6.661283623328605e-42,989.3612722279512,1.4952590182514032,1.1920928955078125e-07,1.1920929e-07,1.1920929e-07,0.0,10.56,13.94,8.45,19.43,274.41,1116.4,0.3433923190365051,0.78067863
1996-10-27,-7.970479012304019e-42,988.0596217500249,1.6258959702501528,1.1920928955078125e-07,1.1920929e-07,2.2,2.2,10.56,15.33,11.06,19.6,207.88,1324.5,0.33405413818582175,0.797114
1996-10-28,-5.296389469784102e-42,986.7215005889246,1.7991496288730586,1.1920928955078125e-07,1.1920929e-07,1.1920929e-07,0.0,10.463997,17.18,10.77,23.59,290.47,1301.92,0.32471895910893644,0.78067863
1996-10-29,-1.078327516415245e-42,984.6616347673206,1.625219338585441,1.1920928955078125e-07,1.1920929e-07,1.1920929e-07,0.0,10.463997,15.53,7.66,23.4,326.69,1052.52,0.31085595899643714,0.78067863
1996-10-30,2.966493043894144e-42,982.2452048626402,1.8185481397551546,1.1920928955078125e-07,1.1920929e-07,1.1920929e-07,0.0,10.463997,17.435,10.95,23.92,286.36,1315.82,0.2953457728254479,0.772461
1996-10-31,5.6760125361567483e-42,980.0693233334073,1.6951005610150656,1.1920928955078125e-07,1.1920929e-07,1.1920929e-07,0.0,10.367997,16.455,9.21,23.7,303.59,1176.53,0.28204285108421495,0.747808
1996-11-01,5.88817128538525e-42,978.7311026381453,1.4256929738985513,1.1920928955078125e-07,1.1920929e-07,1.1920929e-07,0.0,10.367997,13.64,8.15,19.13,254.62,1093.67,0.2741605550590908,0.73137265
1996-11-02,3.316302016078748e-42,978.3387253760686,1.022760637831334,1.1920928955078125e-07,1.1920929e-07,5.68,5.68,10.367997,8.38,3.07,13.69,188.58,766.4,0.27189144393280834,0.7888963
1996-11-03,3.707341614470176e-43,977.7393668043687,0.7446767556004501,1.1920928955078125e-07,1.1920929e-07,1.1920929e-07,0.0,10.272,3.705,-3.62,11.03,315.35,465.3,0.2684615641926293,0.7560257
1996-11-04,-2.0280323875032647e-42,976.876012171595,0.6875970878511765,1.1920928955078125e-07,1.1920929e-07,1.1920929e-07,0.0,10.272,2.535,-4.3,9.37,301.48,446.04,0.2635968551245404,0.72315496
1996-11-05,-3.1103524623942745e-42,975.7843779814582,0.8894652134252824,1.1920928955078125e-07,1.1920929e-07,1.1920929e-07,0.0,10.272,6.415,-1.71,14.54,322.3,544.15,0.25757186205130306,0.72315496
1996-11-06,-2.2968871225314286e-42,974.440631603945,1.1609037507795985,1.1920928955078125e-07,1.1920929e-07,1.1920929e-07,0.0,10.176,10.72,3.82,17.62,286.85,809.05,0.25034415848325864,0.72315496
1996-11-07,-1.3628591041629813e-42,972.7815160568274,1.5477163314708775,1.1920928955078125e-07,1.1920929e-07,1.1920929e-07,0.0,10.176,15.385,10.48,20.29,213.54,1278.8,0.2416993401613078,0.73137265
1996-11-08,-8.14896413602423e-43,977.624371568544,1.6053016272499359,1.1920928955078125e-07,1.1920929e-07,16.26,16.26,10.176,15.905,11.89,19.92,131.8,1390.93,0.2678084583251571,5.9906816
1996-11-09,-3.3054474867487094e-05,1002.4445975761375,1.051817032254067,1.1920928955078125e-07,1.1920929e-07,40.82,40.82,10.08,8.875,0.16,17.59,235.59,616.41,0.45304616338352727,4.881296
1996-11-10,-0.00015737438573084494,1015.386212627134,0.6438848031474161,1.1920928955078125e-07,1.1920929e-07,1.1920929e-07,0.0,10.08,1.28,-4.32,6.88,248.18,444.75,0.5959238428159582,2.218771
1996-11-11,0.00045204254837030884,1014.9891611162573,0.5975415454065571,1.1920928955078125e-07,1.1920929e-07,1.1920929e-07,0.0,10.08,0.2,-3.83,4.23,191.49,464.67,0.5909331239286573,1.618881
1996-11-12,0.0008449280520419939,1013.8344681799168,0.5445671029890622,1.1920928955078125e-07,1.1920929e-07,1.1920929e-07,0.0,9.996555,-1.0,-5.68,3.68,220.84,409.3,0.5766555257002371,1.3641332
1996-11-13,0.0008449120842805657,1012.7258452720554,0.5412048173380443,1.1920928955078125e-07,1.1920929e-07,1.1920929e-07,0.0,9.984,-1.055,-6.3,4.19,241.81,384.88,0.5632722732806893,1.2408682
1996-11-14,0.03824919759743694,1011.6783247179089,0.6035115347740795,1.1920928955078125e-07,0.00014418125,0.23985581,0.24,9.984,0.53,-4.45,5.51,236.92,439.09,0.5509121655219629,1.1669091
1996-11-15,0.08326221502089552,1010.6423845282636,0.5240739059318755,1.1920928955078125e-07,1.1920929e-07,1.1920929e-07,0.0,9.984,-1.485,-6.94,3.97,254.68,365.52,0.5389554625148308,1.1011678
1996-11-16,0.0832697213215481,1009.5965853575775,0.5103710535377924,1.1920928955078125e-07,1.1920929e-07,1.1920929e-07,0.0,9.888002,-1.71,-8.15,4.73,283.56,334.06,0.5271481681922763,1.0436441
1996-11-17,0.07773811990272644,1008.5106348219574,0.5754104940238199,1.1920928955078125e-07,1.1920929e-07,1.1920929e-07,0.0,9.888002,0.025,-7.12,7.17,296.35,351.04,0.5151612377633057,1.0189911
1996-11-18,0.04386389537589379,1008.4202010894473,0.8219384236765405,0.0266663828887678,1.1920929e-07,2.7,2.7,9.888002,5.295,-3.22,13.81,257.08,484.9,0.5141753937960973,1.0189911
1996-11-19,0.023748784329155417,1012.0522386444824,0.9954030751016182,0.013277814110685666,1.1920929e-07,7.01,7.01,9.881208,8.18,4.39,11.97,134.14,839.15,0.5552926824165526,1.0518618
1996-11-20,0.012962864583576603,1014.6233709513521,0.969298257546881,0.0069009346730791584,1.1920929e-07,1.1920929e-07,0.0,9.792,7.87,3.74,12.0,190.8,793.25,0.5863723405738948,0.9696851
1996-11-21,0.007542576992983172,1012.3444548759152,0.8520921252276805,0.0039134472764563765,1.1920929e-07,0.01,0.01,9.792,5.93,1.75,10.11,194.82,695.0,0.5587403186524026,0.9943381
1996-11-22,0.0045001642000641025,1020.6322334031299,0.6532382295638511,0.0023006671461848,1.1920929e-07,18.46,18.46,9.792,1.84,-1.23,4.91,113.69,556.18,0.6659601669590434,1.3230449
1996-11-23,1.1528431602577736,1027.3742684524282,0.5663684805664233,1.1920928955078125e-07,1.1920929e-07,1.1920929e-07,0.0,9.792,-0.33,-6.66,6.0,268.7,372.77,0.7681877797346662,1.0600795
1996-11-24,0.6085481313363339,1026.5192214315114,0.723512229527033,0.6071664216839492,1.1920929e-07,1.1920929e-07,0.0,9.695997,3.41,-4.26,11.08,290.19,438.82,0.7544004227893177,1.0025557
1996-11-25,0.22712413801821232,1025.3599524911858,0.8965103311794435,0.20588055661388052,1.1920929e-07,1.1920929e-07,0.0,9.695997,6.66,-1.82,15.14,295.37,542.51,0.7361019234170029,0.9696851
1996-11-26,0.09653714218323993,1032.4915622431504,1.0022773641018972,0.06991180867977743,1.1920929e-07,17.42,17.42,9.695997,8.27,0.49,16.05,208.74,625.76,0.8561320240351419,2.563913
1996-11-27,0.04832882636455521,1039.2052791038207,0.7740803005197068,0.02989254137232581,1.1920929e-07,1.1920929e-07,0.0,9.695997,4.235,-5.11,13.58,300.44,418.03,0.986959626813542,1.6106633
1996-11-28,0.03829358279534535,1037.8013213635218,0.5058296969797355,1.1920928955078125e-07,1.1920929e-07,1.1920929e-07,0.0,9.6892,-1.94,-7.82,3.94,245.66,338.08,0.958042014162487,1.3312626
1996-11-29,0.037308256175641125,1036.3339893033967,0.5426514133629788,1.1920928955078125e-07,1.1920929e-07,1.1920929e-07,0.0,9.600003,-0.785,-7.39,5.82,260.2,346.37,0.9287241744688092,1.2326505
1996-11-30,0.07946145554964842,1034.8646938062316,0.5750376636276621,1.1920928955078125e-07,0.01580001,0.2642,0.28,9.600003,0.07,-4.57,4.71,203.17,438.04,0.9002660733574042,1.3148272
1996-12-01,0.04775214863297276,1055.642272242699,0.9753483621726396,0.029470832532358267,1.1920929e-07,43.08,43.08,9.600003,7.66,2.44,12.88,162.61,720.0,1.3979809070140286,11.093855
1996-12-02,0.026393813079639165,1082.7013693863462,1.0124143637164364,0.014928449525208908,1.1920929e-07,16.06,16.06,9.600003,7.845,0.67,15.02,195.45,634.68,2.4797877157205526,7.2397676
1996-12-03,0.014877627961083465,1085.3465653880935,0.7318147324623102,0.00799115507984879,1.1920929e-07,1.1920929e-07,0.0,9.600003,2.9,-3.72,9.52,255.25,464.86,2.622692249401564,4.0923996
1996-12-04,0.008455593473529512,1082.0016494861686,0.761153278938872,0.004406432968872818,1.1920929e-07,1.1920929e-07,0.0,9.593208,3.54,-2.74,9.82,246.17,505.24,2.443306037064871,2.6296544
1996-12-05,0.007689384800075235,1078.9724802982407,0.5815024710205567,1.1920928955078125e-07,1.1920929e-07,1.1920929e-07,0.0,9.516553,-0.245,-5.9,5.41,232.84,392.5,2.2914633634533175,1.9311525
1996-12-06,0.7608462175965234,1084.0627452134793,0.6241383205475756,1.1920928955078125e-07,0.0014192179,17.448582,17.45,9.503997,0.73,-3.03,4.49,128.24,483.28,2.5523347353988646,2.342036
1996-12-07,0.2945234042655832,1096.127117368061,0.758038901449406,0.2798083529018936,1.1920929e-07,12.83,12.83,9.503997,3.425,-0.49,7.34,131.33,600.0,3.2954618447502013,2.5721307
1996-12-08,0.11908038250293711,1104.5832334535758,0.6843078242194578,0.09131886110607607,1.1920929e-07,12.23,12.23,9.503997,1.8,-3.16,6.76,157.74,480.0,3.94187679675751,2.7282665
1996-12-09,0.05661655128882743,1105.365126728526,0.6454351450815418,0.03196735627807252,1.1920929e-07,1.1920929e-07,0.0,9.503997,0.935,-3.83,5.7,209.05,460.52,4.007703511926697,2.0133293
1996-12-10,0.06891780092209764,1100.9198041332752,0.5960519566896001,1.1920928955078125e-07,1.1920929e-07,1.1920929e-07,0.0,9.503997,-0.16,-4.74,4.42,203.51,427.47,3.6475698417087696,1.7585814
1996-12-11,0.043043482279604604,1096.78095403412,0.8005222223041322,0.026083381581602876,1.1920929e-07,1.1920929e-07,0.0,9.503997,4.23,-2.69,11.15,258.33,508.75,3.3414183227403504,1.6435341
1996-12-12,0.02302766552442061,1095.928230404364,1.0522479443054413,0.012833688987217531,1.1920929e-07,7.06,7.06,9.503997,8.41,2.95,13.87,166.97,755.84,3.281608374215322,1.5777926
1996-12-13,0.012662985071210782,1099.6840427718353,1.2197333146777471,0.006731835693287321,1.1920929e-07,15.42,15.42,9.503997,10.67,6.33,15.01,136.64,955.01,3.553333754458045,2.391342
1996-12-14,0.005879862957899686,1099.6317567965898,0.8871677019312751,0.0030263385569465097,1.1920929e-07,1.1920929e-07,0.0,9.503997,5.74,0.15,11.33,223.77,622.03,3.549400688971778,1.8654112
1996-12-15,0.002942819210777448,1096.2631363377054,0.7332376629927205,0.0014930585053172728,1.1920929e-07,1.1920929e-07,0.0,9.497203,2.94,-5.07,10.95,272.74,423.6,3.3049699056867023,1.6517516
1996-12-16,0.0013701929823316666,1092.3596484690572,0.6941294426798386,0.0006897897841837916,1.1920929e-07,1.1920929e-07,0.0,9.467175,2.23,-4.67,9.13,255.06,430.5,3.0427047365514337,1.5367043
1996-12-17,0.00023604201602447483,1089.3896189826196,0.7118542405820563,0.00011816029753088772,1.1920929e-07,1.44,1.44,9.420558,2.715,-1.92,7.35,183.81,536.59,2.8571884065675617,1.5038337
1996-12-18,-0.00016593317474228883,1088.1087129291523,0.8101062245420684,1.1920928955078125e-07,1.1920929e-07,3.41,3.41,9.420558,4.66,0.54,8.78,153.18,632.28,2.7807118268161886,1.4545276
1996-12-19,-0.00010076838139751231,1090.5991444496474,0.6487741049537183,1.1920928955078125e-07,1.5377999e-06,8.599998,8.6,9.420558,1.335,-3.72,6.39,163.44,468.33,2.9313329742467675,1.6764047
1996-12-20,2.470601612797697,1089.1066615801897,0.39072761509501047,1.1920928955078125e-07,1.1920929e-07,1.1920929e-07,0.0,9.420558,-5.825,-11.07,-0.58,227.64,263.85,2.840115417142784,1.4627453
1996-12-21,2.4704831350078575,1086.0059529981108,0.33820665410013745,1.1920928955078125e-07,1.1920929e-07,1.1920929e-07,0.0,9.420558,-7.75,-14.54,-0.96,264.66,197.14,2.6595793809382635,1.2162151
1996-12-22,2.469693280951829,1083.05903204472,0.4203703707420618,1.1920928955078125e-07,1.1920929e-07,1.1920929e-07,0.0,9.420558,-4.74,-11.76,2.28,264.68,253.42,2.498645237464663,1.2573035
1996-12-23,2.9458819386899293,1080.4527953256804,0.6271505146386885,0.7768629031898969,2.5568605e-05,1.8099744,1.81,9.467175,0.905,-3.99,5.8,197.0,440.67,2.3644500923320138,1.3148272
1996-12-24,1.106031690388226,1080.0813651988808,1.0031067735887271,1.1060142993246627,1.1920929e-07,1.1920929e-07,0.0,9.467175,7.955,1.62,14.29,242.03,689.97,2.3459211574307144,1.3394803
1996-12-25,0.4021227382955781,1080.892036821197,0.6836573911670781,0.395038934075777,1.1920929e-07,6.57,6.57,9.497203,2.115,-4.91,9.14,197.02,425.89,2.386550779151396,1.4545276
1996-12-26,0.4877334594314531,1081.0680667371498,0.5796461049736308,1.1920928955078125e-07,1.1920929e-07,1.1920929e-07,0.0,9.503997,-0.3,-6.58,5.98,253.93,376.21,2.3954656997251615,1.2901742
1996-12-27,0.28454422475556757,1079.4856778676453,0.7390350826060267,0.26891779803112004,1.1920929e-07,2.26,2.26,9.503997,3.275,-3.04,9.59,235.43,484.49,2.316507755538515,1.2655212
1996-12-28,0.11325131856056934,1077.5770441322552,1.0406443726463641,0.0856522440683771,1.1920929e-07,1.1920929e-07,0.0,9.503997,8.5,2.15,14.85,249.76,711.17,2.224725714009055,1.2408682
1996-12-29,0.0522537593198385,1074.3610583465545,1.2687113251489912,0.0328018244520198,1.1920929e-07,0.1,0.1,9.503997,11.665,5.77,17.56,233.04,919.58,2.0782271869093893,1.2162151
1996-12-30,0.024164684799320768,1071.1244222905289,1.2973765254565093,0.01353510993672242,1.1920929e-07,1.1920929e-07,0.0,9.503997,12.07,4.49,19.65,264.76,846.21,1.9405266432250543,1.1833445
1996-12-31,0.012553219569251565,1068.0267243618293,1.2771387912009164,0.006670051558642707,1.1920929e-07,0.05,0.05,9.503997,11.865,5.13,18.6,248.9,882.89,1.8172901494949523,1.2244328
1997-01-01,0.00407557568490555,1065.2708516325497,1.0508258529562318,0.0020793078883442656,1.1920929e-07,1.1920929e-07,0.0,9.503997,8.83,3.31,14.35,232.72,770.93,1.7142467807289283,1.2326505
1997-01-02,-0.0007532684829705538,1062.7212608005696,0.8765044238298,1.1920928955078125e-07,1.1920929e-07,0.17,0.17,9.503997,6.075,2.62,9.53,164.53,742.65,1.6241269543720063,1.1093855
1997-01-03,-0.0008904774483398306,1060.3017742743853,1.2996001898468486,1.1920928955078125e-07,1.1920929e-07,1.1920929e-07,0.0,9.503997,12.26,6.26,18.26,237.62,941.06,1.5429910922474694,1.0682971
1997-01-04,-0.0004270657167968411,1058.534540237106,1.4130092582767824,1.1920928955078125e-07,1.1920929e-07,1.1920929e-07,0.0,9.503997,13.635,6.14,21.13,265.31,945.86,1.4863012843675303,1.0518618
1997-01-05,-0.00015109038167947057,1057.8600319037978,1.4702948898060546,1.1920928955078125e-07,1.1920929e-07,4.67,4.67,9.563178,14.19,7.69,20.69,185.12,1056.74,1.4652176277574502,1.1504738
1997-01-06,-7.977419829812296e-05,1057.6357854629423,1.0867573908637997,1.1920928955078125e-07,1.1920929e-07,0.99,0.99,9.600003,9.31,3.34,15.28,245.25,774.76,1.4582746284564556,1.2326505
1997-01-07,-4.779486655317931e-05,1055.6993732276057,0.773914886788972,1.1920928955078125e-07,1.1920929e-07,1.1920929e-07,0.0,9.600003,4.145,-0.89,9.18,225.62,579.94,1.3996727417024444,1.1093855
1997-01-08,0.0003902690410637449,1053.5490217883141,0.5586267245612113,1.1920928955078125e-07,1.1920929e-07,1.1920929e-07,0.0,9.600003,-0.605,-6.36,5.15,251.92,382.17,1.3373518716822805,1.0682971
1997-01-09,5.834097094856036,1051.696436406936,0.5459147292549786,1.1920928955078125e-07,11.819041,0.010959021,11.83,9.600003,-0.91,-4.91,3.09,146.63,428.91,1.2858904995983413,1.1504738
1997-01-10,17.15951520293502,1049.914382462241,0.5489963695772571,1.1920928955078125e-07,9.604551,0.025449116,9.63,9.600003,-0.805,-3.05,1.44,88.67,491.15,1.2382578657291532,1.3805686
1997-01-11,23.25862379246868,1048.217486606278,0.4097759932845321,1.1920928955078125e-07,2.83,1.1920929e-07,2.83,9.6125555,-4.92,-11.24,1.4,243.19,261.73,1.1945423786948064,1.3723509
1997-01-12,24.32343418380728,1046.663439112363,0.36438137711802987,1.1920928955078125e-07,1.1920929e-07,1.1920929e-07,0.0,9.695997,-6.63,-10.84,-2.42,232.75,266.61,1.1558622297323167,1.1422561
1997-01-13,24.317830241921158,1045.1444484234,0.4000632179944696,1.1920928955078125e-07,1.1920929e-07,1.1920929e-07,0.0,9.695997,-5.33,-9.88,-0.78,248.07,289.62,1.1192653684361387,1.0272088
1997-01-14,24.317830241921158,1043.6370503513706,0.4169128827313843,1.1920928955078125e-07,1.1920929e-07,1.1920929e-07,0.0,9.695997,-4.74,-10.57,1.09,293.81,269.85,1.0840933969582236,0.9696851
1997-01-15,24.3177762083105,1042.1266908241885,0.47274250482857033,1.1920928955078125e-07,1.1920929e-07,1.1920929e-07,0.0,9.695997,-2.965,-10.83,4.9,338.01,265.53,1.0499608119398702,1.1586915
1997-01-16,30.552935206433748,1040.593705110121,0.5126947647519849,1.1920928955078125e-07,12.439998,1.4829635e-06,12.44,9.708552,-1.815,-9.58,5.95,254.15,296.88,1.0164156547688863,1.8736287
1997-01-17,36.758946335796765,1039.1302946290068,0.39966364433451035,1.1920928955078125e-07,1.1920929e-07,1.1920929e-07,0.0,9.792,-5.4,-14.08,3.28,357.37,203.96,0.9853933218368421,1.569575
1997-01-18,36.7625045019308,1037.818294930253,0.28784123305296244,1.1920928955078125e-07,1.1920929e-07,1.1920929e-07,0.0,9.792,-9.815,-14.11,-5.52,249.15,202.27,0.9583865117346096,1.1093855
1997-01-19,36.7625045019308,1036.596346276137,0.2857696180912998,1.1920928955078125e-07,1.1920929e-07,1.1920929e-07,0.0,9.792,-9.895,-15.96,-3.83,316.06,185.11,0.9338994924850278,0.9039437
1997-01-20,36.7625045019308,1035.3345415122847,0.413489091665362,1.1920928955078125e-07,1.1920929e-07,1.1920929e-07,0.0,9.792,-4.88,-11.15,1.39,320.2,267.48,0.9092701928401203,0.9861204
1997-01-21,35.78417498672662,1034.869304600418,0.6787072714804544,6.93845843350141,1.1920929e-07,1.1920929e-07,0.0,9.888002,2.055,-4.36,8.47,321.64,443.68,0.9003539995474835,1.1504738
1997-01-22,22.56137730166218,1046.3485107124486,0.7958972629380896,18.465641021728516,1.1920929e-07,1.1920929e-07,0.0,9.888002,4.255,-1.62,10.13,306.09,544.79,1.1481776408566755,1.2573035
1997-01-23,8.3782960740744,1059.6700645702779,0.9039361357112162,8.3782960740744,1.1920929e-07,3.0,3.0,9.888002,5.985,1.73,10.24,181.19,698.04,1.5224828176122318,1.3230449
1997-01-24,3.062760613589116,1064.137159617095,0.819971900674746,3.0627606135889627,1.1920929e-07,1.1920929e-07,0.0,9.900558,4.43,-1.09,9.95,296.64,569.02,1.6735729622615927,1.4134393
1997-01-25,1.1184593512090661,1069.37204019471,0.7112815298640445,1.1184427533093573,1.1920929e-07,11.33,11.33,9.984,2.12,-0.99,5.23,143.58,575.11,1.8698194167390598,2.0133293
1997-01-26,0.4082037163774696,1073.2323774512831,0.6745467617080306,0.3999400346567046,1.1920929e-07,1.1920929e-07,0.0,9.984,1.29,-5.36,7.94,337.33,414.49,2.029132593500557,1.594228
1997-01-27,0.25494437988333885,1070.1353876254414,0.5956862684574378,1.1920928955078125e-07,1.1920929e-07,1.1920929e-07,0.0,9.984,-0.47,-3.77,2.83,207.56,463.08,1.9002975272983633,1.3887862
1997-01-28,0.25460556716394134,1073.9385299374455,0.7534242139268053,0.23609780062384922,1.1920929e-07,12.15,12.15,10.08,2.765,-1.5,7.03,183.31,548.39,2.0597107500022878,2.194118
1997-01-29,0.14704036386578764,1077.368368958408,0.6491020227706762,1.1920928955078125e-07,0.00012001276,0.20987998,0.21,10.08,0.535,-6.92,7.99,346.05,361.79,2.2149141497929783,2.0051115
1997-01-30,0.1974952082729764,1074.5744204221628,0.6341525967838003,1.1920928955078125e-07,1.1920929e-07,1.1920929e-07,0.0,10.08,0.235,-5.72,6.19,315.47,403.05,2.0876404975702987,1.6764047
1997-01-31,0.2127737588100536,1072.0641056842803,0.630156003368943,1.1920928955078125e-07,0.01906004,0.26093996,0.28,10.169206,0.05,-2.68,2.78,166.02,502.91,1.9795370764062672,1.5613573
1997-02-01,0.11688337523309869,1069.6248622880364,0.8981083166954364,0.08917431809874808,1.1920929e-07,1.1920929e-07,0.0,10.176,5.31,-1.34,11.96,322.91,560.0,1.8798592956211435,1.4545276
1997-02-02,0.05617349380649725,1066.8660843156938,1.0482541176510547,0.0357743072794208,1.1920929e-07,1.1920929e-07,0.0,10.176,7.71,0.16,15.26,336.83,621.45,1.7731590349991793,1.3559155
1997-02-03,0.029644068100997067,1064.1603452245952,0.9313268958373413,0.017003012824385134,1.1920929e-07,1.1920929e-07,0.0,10.235178,5.85,-1.45,13.15,335.12,560.0,1.674395053846458,1.2983918
1997-02-04,0.015478350340257605,1062.2050953776234,0.9968412792750517,0.008336930554242701,1.1920929e-07,1.54,1.54,10.272,6.86,-0.58,14.3,335.95,590.83,1.6064670884536993,1.2737389
1997-02-05,0.008444546835559195,1061.337451838361,0.8504782449385546,0.004400443480395088,1.1920929e-07,4.79,4.79,10.272,4.465,1.14,7.79,150.44,664.25,1.5772135074930487,1.2737389
1997-02-06,0.0036014907145706133,1059.8605145184029,0.8798450942229289,0.0018331686911582177,1.1920929e-07,1.1920929e-07,0.0,10.331169,4.91,-1.5,11.32,323.46,544.92,1.5286368523428473,1.1997799
1997-02-07,0.0015334149127756971,1058.7278463135267,0.8646243946119655,0.0007725857444419488,1.1920929e-07,2.0,2.0,10.367997,4.61,-0.21,9.43,275.11,603.99,1.4923993513255522,1.1751268
1997-02-08,0.0008579564066820594,1062.8281934585523,0.8099514085598987,0.000430818415042461,1.1920929e-07,9.27,9.27,10.367997,3.575,-0.22,7.37,172.68,599.02,1.6278097081701464,1.3641332
1997-02-09,0.04400141699085776,1069.9122665582436,0.6469254532320313,1.1920928955078125e-07,0.5710634,8.218937,8.79,10.457203,0.055,-1.6,1.71,84.06,541.73,1.8913379652490476,1.470963
1997-02-10,0.4004771281477217,1071.1007782707875,0.6685255486581583,1.1920928955078125e-07,1.1920929e-07,1.1920929e-07,0.0,10.463997,0.505,-1.44,2.45,132.82,552.33,1.939555054188391,1.5120513
1997-02-11,0.9933733671275577,1068.654757145476,0.6122795657841216,1.1920928955078125e-07,1.3524138,0.0075862575,1.36,10.463997,-0.73,-2.89,1.43,149.92,495.19,1.841626128055731,1.4134393
1997-02-12,1.664112342473077,1066.2533372189323,0.631048139044125,1.1920928955078125e-07,1.1920929e-07,1.1920929e-07,0.0,10.56,-0.395,-4.29,3.5,255.62,446.08,1.7502944072801911,1.3394803
1997-02-13,1.5562875893693318,1063.810432569936,0.6444072126062274,1.1920928955078125e-07,1.1920929e-07,1.1920929e-07,0.0,10.56,-0.06,-4.16,4.04,269.93,451.03,1.662031036629655,1.2901742
1997-02-14,7.252348746738406,1061.7869165002687,0.5876921089218727,1.1920928955078125e-07,12.85986,0.0001391226,12.86,10.56,-1.355,-4.36,1.65,162.32,441.61,1.5923005943872028,1.4052216
1997-02-15,12.04546150033124,1069.229189343255,0.7368941956695638,4.999450935666005,4.1753054e-07,14.01,14.01,10.655997,1.685,-1.85,5.22,190.0,540.25,1.8641703584268825,3.9526994
1997-02-16,7.969771955024791,1076.993736332142,0.7264392346119489,3.3437301769469627,1.1920929e-07,1.1920929e-07,0.0,10.655997,1.37,-5.81,8.55,392.61,393.12,2.197407987050883,2.867967
1997-02-17,3.536897871254299,1078.4503772588644,0.7759333135362221,3.5368974496232153,1.1920929e-07,1.1920929e-07,0.0,10.668552,2.3,-4.86,9.46,392.7,427.98,2.2662622111450856,2.0708528
1997-02-18,1.2928248264017481,1077.6154095127656,0.8886285657678582,1.2928216868203521,1.1920929e-07,1.1920929e-07,0.0,10.752,4.21,-4.49,12.91,414.5,433.25,2.226534315492146,1.7503637
1997-02-19,0.47140386495484105,1075.245870003554,1.156340019580372,0.4672136667627662,1.1920929e-07,1.1920929e-07,0.0,10.752,8.255,-1.0,17.51,416.33,571.43,2.1175432729232266,1.594228
1997-02-20,0.17816611770392557,1072.2243001698291,1.3514591250909984,0.1524927126792944,1.1920929e-07,1.1920929e-07,0.0,10.848,10.6,2.35,18.85,402.1,720.74,1.986265272530069,1.5202689
1997-02-21,0.07864325168864178,1068.9894975522418,1.4368233506846642,0.054033010776037914,1.1920929e-07,1.1920929e-07,0.0,10.848,11.62,5.48,17.76,356.33,903.12,1.8547300278026118,1.544922
1997-02-22,0.03963280970556841,1074.1893132591188,1.4565437218548467,0.02369269684572762,1.1920929e-07,14.12,14.12,10.848,11.76,7.3,16.22,216.96,1023.7,2.070680817151763,2.6871781
1997-02-23,0.02185708226846142,1077.7799612242493,0.9881623003510411,0.01211813910506749,1.1920929e-07,1.1920929e-07,0.0,10.944003,5.54,-2.25,13.33,408.09,519.74,2.2343082215613688,1.8818464
1997-02-24,0.012552931830453293,1074.5549707746623,0.8953242628850091,0.006669889676528695,1.1920929e-07,1.1920929e-07,0.0,10.944003,4.1,-3.11,11.31,399.06,490.71,2.0867806362357815,1.6846224
1997-02-25,0.007271669598968883,1071.5978205615297,1.0092512431648653,0.003767969527242944,1.1920929e-07,1.1920929e-07,0.0,11.039997,5.815,-1.27,12.9,396.18,553.1,1.9600824568525548,1.569575
1997-02-26,0.003255967980900076,1069.0389490089603,0.9851604633164337,0.0016544849680101698,1.1920929e-07,1.1920929e-07,0.0,11.039997,5.485,-0.99,11.96,380.98,575.3,1.8566737656377732,1.470963
1997-02-27,0.00038710180767500234,1067.467095950587,1.1955615021396848,0.0001939255228934657,1.1920929e-07,2.43,2.43,11.039997,8.475,1.95,15.0,338.81,700.64,1.7958758919872582,1.4545276
1997-02-28,-0.0005345662177590688,1067.4196733750184,1.649050777182777,1.1920928955078125e-07,1.1920929e-07,4.33,4.33,11.136005,13.435,9.82,17.05,182.04,1225.44,1.7940729000448299,1.5202689
1997-03-01,-0.00030514112477858437,1070.1168522221612,1.4236327003667695,1.1920928955078125e-07,1.1920929e-07,11.19,11.19,11.136005,11.04,7.37,14.71,192.27,1029.2,1.8995516131923569,1.8161051
1997-03-02,-0.00016005707096132928,1073.5649157081293,1.7125355685386208,1.1920928955078125e-07,1.1920929e-07,3.28,3.28,11.232,13.815,8.8,18.83,245.7,1144.22,2.0434753576371594,1.6846224
1997-03-03,-9.442659793508108e-05,1076.4901431769279,1.8342666407180381,1.1920928955078125e-07,1.1920929e-07,10.76,10.76,11.232,14.89,10.36,19.42,224.71,1268.49,2.1740934520570026,5.136044
1997-03-04,-5.693059078483555e-05,1091.0246881103128,1.2080044321090913,1.1920928955078125e-07,1.1920929e-07,25.02,25.02,11.232,8.03,2.41,13.65,274.39,721.91,2.9578740448532277,4.905949
1997-03-05,-3.444309171411297e-05,1099.5522645036551,1.3585608847295918,1.1920928955078125e-07,1.1920929e-07,1.1920929e-07,0.0,11.328006,9.605,2.7,16.51,409.56,740.94,3.5434294436774207,3.4925098
1997-03-06,-2.0837623093051246e-05,1099.0248122516064,1.3030143507410707,1.1920928955078125e-07,1.1920929e-07,7.81,7.81,11.328006,8.96,2.03,15.89,308.53,705.53,3.504062323827432,3.5746865
1997-03-07,-1.2564644623560125e-05,1097.8470553225704,1.0314385253107545,1.1920928955078125e-07,1.1920929e-07,1.1920929e-07,0.0,11.424,5.26,-0.33,10.85,377.08,595.85,3.417730252963869,2.6296544
1997-03-08,-7.535561389202055e-06,1093.4566143415786,1.12938536590175,1.1920928955078125e-07,1.1920929e-07,1.1920929e-07,0.0,11.424,6.7,-0.56,13.96,429.5,585.98,3.1142298490467666,2.0133293
1997-03-09,-4.457010837188838e-06,1089.2586132649672,1.3074377099145749,1.1920928955078125e-07,1.1920929e-07,1.1920929e-07,0.0,11.520002,8.89,0.18,17.6,453.86,621.59,2.849271105799555,1.7257107
1997-03-10,-1.3132800895819763e-06,1085.809977780533,1.2243149449358826,1.1920928955078125e-07,1.1920929e-07,1.1920929e-07,0.0,11.520002,7.92,1.93,13.91,388.35,704.86,2.6485623777365706,1.6024457
1997-03-11,2.904400012471728e-06,1083.6508295588415,1.4436028179397538,1.4522210950844437e-06,1.1920929e-07,1.1920929e-07,0.0,11.520002,10.525,3.19,17.86,419.26,775.25,2.5301628230783186,1.5202689
1997-03-12,7.092941972376517e-06,1082.6041928830791,1.3720646297451637,3.5465967607527647e-06,1.1920929e-07,1.1920929e-07,0.0,11.615997,9.61,0.45,18.77,459.21,628.52,2.4746887825679416,1.4380922
1997-03-13,1.0149258293536635e-05,1082.4930920364338,1.2121526990389586,5.074886665377869e-06,1.1920929e-07,1.1920929e-07,0.0,11.615997,7.685,0.57,14.8,415.57,632.62,2.468872071602682,1.3970039
1997-03-14,1.0970261479356327e-05,1083.1405513020925,1.2024359618171419,5.485431606270175e-06,1.1920929e-07,12.74,12.74,11.712,7.425,2.42,12.43,247.88,730.28,2.5029633130182316,2.120159
1997-03-15,8.458962437614648e-06,1084.3638974419255,1.1170726407592109,4.22966010392102e-06,1.1920929e-07,4.84,4.84,11.712,6.28,-0.64,13.2,306.55,584.08,2.5686675114182886,2.0379822
1997-03-16,4.551298571548878e-06,1083.8007816147478,0.7974474362015431,2.2643113187493004e-06,1.1920929e-07,1.1920929e-07,0.0,11.712,1.26,-4.36,6.88,366.06,437.12,2.538211809585799,1.4791806
1997-03-17,1.8045012610673676e-06,1080.88069792403,0.838216768090848,9.022519949651798e-07,1.1920929e-07,1.1920929e-07,0.0,11.808002,1.91,-4.66,8.48,404.25,428.63,2.3859776667955583,1.3148272
1997-03-18,7.309268420832941e-07,1077.7368966731174,1.0792249046462201,3.654647566767682e-07,1.1920929e-07,1.1920929e-07,0.0,11.808002,5.725,-2.7,14.15,456.54,502.27,2.2322711073532053,1.2326505
1997-03-19,4.350961886497537e-07,1083.6604019131987,1.312481190019907,2.1754856759661028e-07,1.1920929e-07,14.02,14.02,11.903997,8.52,4.52,12.52,206.41,843.89,2.5306758754418914,2.1283765
1997-03-20,2.607260447533833e-07,1090.6566549949393,1.0691508353726948,1.303631923218677e-07,1.1920929e-07,7.8,7.8,11.903997,5.28,2.73,7.83,143.29,745.15,2.9349059297601063,2.9008377
1997-03-21,1.5538756815550205e-07,1089.9173904132529,1.4138495902344768,1.1920928955078125e-07,1.1920929e-07,1.1920929e-07,0.0,12.000009,9.465,1.52,17.41,453.53,681.53,2.88930761966121,2.0544176
1997-03-22,8.242531239680916e-08,1085.9442486800326,1.6166435716632712,1.1920928955078125e-07,1.1920929e-07,1.1920929e-07,0.0,12.000009,11.64,3.37,19.91,462.14,777.42,2.6561056580740825,1.8078874
1997-03-23,3.6149154778584974e-08,1081.8449256604479,1.44422720805523,1.1920928955078125e-07,1.1920929e-07,1.1920929e-07,0.0,12.000009,9.915,2.37,17.46,448.06,717.57,2.4352086914292257,1.6435341
1997-03-24,1.9289402556233438e-08,1078.686364701969,1.0981603793318544,1.1920928955078125e-07,1.1920929e-07,1.1920929e-07,0.0,12.096003,5.61,-1.54,12.76,441.64,556.42,2.277618471500578,1.4791806
1997-03-25,8.955125522734154e-09,1078.3947738612035,1.135730151342949,1.1920928955078125e-07,1.1920929e-07,1.1920929e-07,0.0,12.096003,6.125,-1.28,13.53,453.37,559.63,2.263594700292165,1.3887862
1997-03-26,2.6768719358097525e-09,1079.7206254150806,1.3162386867659623,1.1920928955078125e-07,1.1920929e-07,9.48,9.48,12.191998,8.25,2.3,14.2,297.78,725.52,2.3280645177171655,1.5202689
1997-03-27,1.1839717494115951e-09,1080.6242901823157,1.3811290925769562,1.1920928955078125e-07,1.1920929e-07,1.1920929e-07,0.0,12.191998,8.985,0.98,16.99,467.6,640.0,2.373054494416148,1.3970039
1997-03-28,5.504311528107664e-10,1078.694012520485,1.6060971080504622,1.1920928955078125e-07,1.1920929e-07,1.1920929e-07,0.0,12.288,11.265,2.31,20.22,487.95,715.61,2.2779874526275528,1.3312626
1997-03-29,1.6482383849154454e-10,1075.2867087962256,1.8285250405228963,1.1920928955078125e-07,1.1920929e-07,1.29,1.29,12.288,13.395,7.1,19.69,405.71,1013.98,2.1193757707345404,1.3066095
1997-03-30,7.254465760493751e-11,1072.3793824116879,1.9263584941458705,1.1920928955078125e-07,1.1920929e-07,1.1920929e-07,0.0,12.288,14.285,7.1,21.47,432.35,1007.67,1.9928005379949911,1.2655212
1997-03-31,3.292990959572369e-11,1071.2576950825548,1.829670474012009,1.1920928955078125e-07,1.1920929e-07,4.97,4.97,12.383997,13.34,3.93,22.75,367.9,806.1,1.9460122498031835,1.4627453
1997-04-01,8.203608602493902e-12,1070.2303971696708,1.0795705566255225,1.1920928955078125e-07,1.1920929e-07,1.1920929e-07,0.0,12.383997,5.115,-0.32,10.55,373.78,597.06,1.9041255660787668,1.1833445
1997-04-02,2.6069187716025992e-12,1067.60761471208,1.3146925069430564,1.1920928955078125e-07,1.1920929e-07,1.1920929e-07,0.0,12.479998,8.045,-1.05,17.14,497.39,568.02,1.8012290187600273,1.1422561
1997-04-03,1.2542577421621748e-12,1064.4893530042903,1.4878036250268944,1.1920928955078125e-07,1.1920929e-07,1.1920929e-07,0.0,12.479998,10.02,-0.66,20.7,520.69,584.24,1.6861042924651182,1.1340384
1997-04-04,3.997691456650121e-13,1061.2013058136774,1.8441313552618404,1.1920928955078125e-07,1.1920929e-07,1.1920929e-07,0.0,12.479998,13.495,2.92,24.07,512.35,759.2,1.5726717929424152,1.1258208
1997-04-05,1.6879832939968077e-13,1057.919445285398,2.2913395602127444,1.1920928955078125e-07,1.1920929e-07,1.1920929e-07,0.0,12.576003,16.985,8.55,25.42,456.76,1124.05,1.4670626862141092,1.1176032
1997-04-06,7.899394305435464e-14,1056.3739190835859,2.5067167185010164,1.1920928955078125e-07,1.1920929e-07,1.1920929e-07,0.0,12.576003,18.515,14.56,22.47,255.53,1661.38,1.419814372742519,1.1340384
1997-04-07,2.0978484512090885e-14,1055.5888806090572,2.0082733883200556,1.1920928955078125e-07,1.1920929e-07,4.74,4.74,12.672003,14.72,10.32,19.12,221.39,1265.54,1.3964008260969019,1.1915622
1997-04-08,5.985190897439716e-15,1054.0940742253376,1.5583964391722844,1.1920928955078125e-07,1.1920929e-07,1.1920929e-07,0.0,12.672003,10.665,2.38,18.95,479.04,725.11,1.352880880954971,1.0765148
1997-04-09,2.893093469192885e-15,1051.958823350404,1.4003536048208438,1.1920928955078125e-07,1.1920929e-07,1.1920929e-07,0.0,12.767997,8.9,2.16,15.64,428.65,711.82,1.293056948796246,1.1093855
1997-04-10,8.253366594248667e-16,1049.6026039005094,0.9754791793268116,1.1920928955078125e-07,1.1920929e-07,1.1920929e-07,0.0,12.767997,3.43,-3.71,10.57,455.47,463.84,1.2301075477117007,1.0189911
1997-04-11,2.0737078449327375e-16,1047.25720030308,1.2244217763873382,1.1920928955078125e-07,1.1920929e-07,1.1920929e-07,0.0,12.767997,6.895,-1.92,15.71,504.63,535.91,1.1704908085921348,1.0272088
1997-04-12,7.866212325034506e-18,1045.2665170372843,1.6154871995353939,1.1920928955078125e-07,1.1920929e-07,9.11,9.11,12.863992,11.13,2.91,19.35,371.75,758.17,1.1221630394364468,1.2244328
1997-04-13,-2.445187287083078e-16,1043.5810512664868,1.6623013295936397,1.1920928955078125e-07,1.1920929e-07,20.54,20.54,12.863992,11.61,8.08,15.14,189.36,1090.31,1.0828082863238992,1.5284866
1997-04-14,-4.866333577868002e-16,1042.0213214722455,1.381099292730553,1.1920928955078125e-07,1.1920929e-07,1.1920929e-07,0.0,12.959997,8.6,2.61,14.59,404.23,738.77,1.0476200714021102,1.1340384
1997-04-15,-6.553269940904892e-16,1040.4078461361191,1.1981133028302684,1.1920928955078125e-07,1.1920929e-07,1.1920929e-07,0.0,12.959997,6.435,-1.82,14.69,495.54,536.82,1.0124221818699919,1.0682971
1997-04-16,-6.874489567994217e-16,1038.561143739665,1.400608880947805,1.1920928955078125e-07,1.1920929e-07,1.1920929e-07,0.0,12.959997,8.87,-0.85,18.59,526.9,576.59,0.9735854313585258,1.0436441
1997-04-17,-5.203917105106773e-16,1036.3037440565327,1.5591588486860046,1.1920928955078125e-07,1.1920929e-07,1.1920929e-07,0.0,13.0560055,10.47,1.44,19.5,509.26,680.57,0.9281293960428558,1.0272088
1997-04-18,-2.3682307516874317e-16,1033.922350738848,1.2192554476464479,1.1920928955078125e-07,1.1920929e-07,1.1920929e-07,0.0,13.0560055,6.685,0.62,12.75,406.18,639.58,0.8824749524159506,1.0107734
1997-04-19,2.161298647177111e-17,1031.6656084607473,1.3729674111017243,1.1920928955078125e-07,1.1920929e-07,1.1920929e-07,0.0,13.152002,8.435,3.25,13.62,354.56,773.82,0.8412845172929683,0.9861204
1997-04-20,1.8608836499621577e-16,1029.4570997638289,1.4143356778770748,1.1920928955078125e-07,1.1920929e-07,1.1920929e-07,0.0,13.152002,8.93,0.79,17.07,485.77,639.49,0.8028364834075405,0.9861204
1997-04-21,1.879017937298155e-16,1027.2241316538489,1.5072648852109938,1.1920928955078125e-07,1.1920929e-07,1.1920929e-07,0.0,13.152002,9.96,2.59,17.33,459.03,736.92,0.765748763953313,0.9943381
1997-04-22,1.0820490212809122e-16,1028.6553175514248,1.5266799170912597,1.1920928955078125e-07,1.1920929e-07,6.52,6.52,13.248,10.025,5.48,14.57,240.36,896.78,0.7893172702440573,1.0929501
1997-04-23,5.956827280255901e-17,1035.960491794608,1.5656038829699177,1.1920928955078125e-07,1.1920929e-07,12.61,12.61,13.248,10.31,5.89,14.73,237.23,922.67,0.9214059093139482,1.2162151
1997-04-24,3.47281535767713e-17,1043.9336311439135,1.3350978407251237,1.1920928955078125e-07,1.1920929e-07,7.74,7.74,13.331445,7.61,3.94,11.28,207.03,807.69,1.0909250368628238,1.3312626
1997-04-25,1.9031906488685428e-17,1045.972085480122,1.4454200796262069,1.1920928955078125e-07,1.1920929e-07,1.47,1.47,13.343997,8.795,1.69,15.9,459.89,696.44,1.1390594632882485,1.1915622
1997-04-26,1.1127567860870424e-17,1043.7963399266341,1.582838666388663,1.1920928955078125e-07,1.1920929e-07,1.1920929e-07,0.0,13.343997,10.25,2.53,17.97,486.12,731.43,1.087757243953803,1.0847324
1997-04-27,6.155249898429718e-18,1044.7965534614718,1.6738231265370038,1.1920928955078125e-07,1.1920929e-07,7.65,7.65,13.439992,11.005,4.92,17.09,312.25,871.73,1.1110480050196543,1.1176032
1997-04-28,3.623670243080241e-18,1054.6873819885036,1.5819521057376975,1.1920928955078125e-07,1.1920929e-07,17.61,17.61,13.439992,9.965,7.2,12.73,161.96,1026.55,1.3699897679280433,1.717493
1997-04-29,2.1741069255518294e-18,1070.5225462604021,1.8653999755056827,1.1920928955078125e-07,1.1920929e-07,19.11,19.11,13.439992,12.345,7.1,17.59,285.39,1013.63,1.9159449533996873,4.716943
1997-04-30,1.3009875608432387e-18,1074.166888973885,1.9338644664826565,1.1920928955078125e-07,1.1920929e-07,1.1920929e-07,0.0,13.536,12.755,4.7,20.81,505.85,860.24,2.069697532950705,2.5803485
1997-05-01,7.745900396614796e-19,1070.1231820502312,2.328910751403543,1.1920928955078125e-07,1.1920929e-07,1.1920929e-07,0.0,13.536,15.845,8.33,23.36,477.65,1106.08,1.8998063094438897,1.8078874
1997-05-02,4.562883244141859e-19,1066.0950187288065,2.0925578223737236,1.1920928955078125e-07,1.1920929e-07,1.1920929e-07,0.0,13.542794,14.145,4.87,23.42,534.63,874.63,1.7444348446719433,1.6024457
1997-05-03,1.8299923781909345e-19,1062.8860784177562,2.114238593854144,1.1920928955078125e-07,1.1920929e-07,3.01,3.01,13.632003,14.255,6.19,22.32,377.65,952.5,1.6298067449264881,1.4791806
1997-05-04,-6.854753327947219e-20,1060.276279422535,1.986023853863597,1.1920928955078125e-07,1.1920929e-07,1.57,1.57,13.632003,13.28,6.79,19.77,453.72,992.43,1.5421580844209166,1.3970039
1997-05-05,-2.2879842140046614e-19,1057.7558417655202,1.5911229926424084,1.1920928955078125e-07,1.1920929e-07,1.1920929e-07,0.0,13.668831,9.745,1.57,17.92,525.69,691.11,1.461987646156294,1.3148272
1997-05-06,-2.2819985906284336e-19,1054.8149854690894,2.032587584431691,1.1920928955078125e-07,1.1920929e-07,0.05,0.05,13.728,13.625,5.8,21.45,500.28,921.32,1.3736975765300197,1.2326505
1997-05-07,-9.985325338231597e-20,1051.9151199886203,1.9830104067313463,1.1920928955078125e-07,1.1920929e-07,1.1920929e-07,0.0,13.728,13.27,4.28,22.26,532.29,830.17,1.2918605335752849,1.2162151
1997-05-08,3.914268614462623e-20,1049.7644489023105,1.9714055124438072,1.1920928955078125e-07,1.1920929e-07,1.1920929e-07,0.0,13.764828,13.165,4.35,21.98,528.69,837.38,1.2343316790283487,1.1833445
1997-05-09,1.508369132354287e-19,1048.019402243906,2.0882063329537965,1.1920928955078125e-07,1.1920929e-07,1.14,1.14,13.8239975,14.055,6.93,21.18,470.31,996.43,1.1895409806207722,1.1669091
1997-05-10,1.9738896595697874e-19,1046.3351938143267,1.9000495590162367,1.1920928955078125e-07,1.1920929e-07,3.07,3.07,13.8239975,12.555,6.06,19.05,347.61,937.48,1.1478538225921677,1.1915622
1997-05-11,1.4604682395593617e-19,1044.3066893272523,1.4723837643737439,1.1920928955078125e-07,1.1920929e-07,1.1920929e-07,0.0,13.830791,8.55,1.63,15.47,479.31,694.51,1.099579475337249,1.1504738
1997-05-12,7.111975998697543e-20,1041.009387479606,2.02714629184092,1.1920928955078125e-07,1.1920929e-07,1.1920929e-07,0.0,13.919997,13.57,4.52,22.62,536.91,841.68,1.0254043506174562,1.0682971
1997-05-13,1.8533895905937373e-20,1037.655323898434,2.0187444407414668,1.1920928955078125e-07,1.1920929e-07,1.1920929e-07,0.0,13.919997,13.555,5.9,21.21,492.18,922.76,0.9550839406387787,1.0272088
1997-05-14,5.524074165735561e-22,1036.0926738817425,1.5775905810367208,1.1920928955078125e-07,1.1920929e-07,2.4,2.4,13.919997,9.65,1.62,17.68,460.37,689.41,0.9239892526561906,1.0025557
1997-05-15,2.9162890697625497e-22,1035.8977382032933,1.905442309299978,1.1920928955078125e-07,1.1920929e-07,5.02,5.02,14.016,12.54,4.94,20.14,366.9,875.27,0.9201819938951435,1.0682971
1997-05-16,1.0506142646272536e-22,1035.340528601,1.8298211062040262,1.1920928955078125e-07,1.1920929e-07,0.65,0.65,14.016,11.9,4.21,19.59,498.69,830.01,0.9093855080549951,0.9861204
1997-05-17,2.9651484850444266e-23,1033.5848960495289,1.6662409683273445,1.1920928955078125e-07,1.1920929e-07,1.1920929e-07,0.0,14.016,10.44,2.02,18.86,527.6,703.69,0.8761897813178672,0.92037904
1997-05-18,1.3889653360927204e-23,1031.4789686805723,2.287715443744836,1.1920928955078125e-07,1.1920929e-07,1.1920929e-07,0.0,14.099442,15.485,6.14,24.83,537.19,941.54,0.8379652717370003,0.8628554
1997-05-19,-2.0168756823790323e-25,1029.7748306698245,3.1811089591730095,1.1920928955078125e-07,1.1920929e-07,1.1920929e-07,0.0,14.111998,21.045,12.51,29.58,493.56,1452.58,0.8082577303628218,0.797114
1997-05-20,-8.929307689861852e-24,1027.9567959065703,3.227525899293849,1.1920928955078125e-07,1.1920929e-07,3.75,3.75,14.111998,21.325,15.08,27.57,306.27,1726.43,0.7777248783438754,0.78067863
1997-05-21,-8.674045652707109e-24,1025.512804436308,2.1240722109118204,1.1920928955078125e-07,1.1920929e-07,1.1920929e-07,0.0,14.111998,14.35,6.7,22.0,488.22,979.9,0.7384889792212,0.78067863
1997-05-22,-3.29079799616797e-24,1022.4251298050365,1.8271666688733854,1.1920928955078125e-07,1.1920929e-07,1.1920929e-07,0.0,14.207997,11.86,2.7,21.02,537.7,747.6,0.6917368058728791,0.772461
1997-05-23,2.212138756444252e-24,1019.1409315228767,1.968184028199496,1.1920928955078125e-07,1.1920929e-07,1.1920929e-07,0.0,14.207997,13.105,3.47,22.74,542.44,780.95,0.6452528824274101,0.78067863
1997-05-24,6.317372439904625e-24,1016.0165153226986,2.342822258825352,1.1920928955078125e-07,1.1920929e-07,1.1920929e-07,0.0,14.207997,16.0,6.1,25.9,536.76,932.52,0.6039331069557814,0.7642433
1997-05-25,7.507510888988234e-24,1013.4081869373724,2.8542762724841895,1.1920928955078125e-07,1.1920929e-07,1.1920929e-07,0.0,14.207997,19.35,11.3,27.4,470.09,1342.47,0.5714722545413484,0.80533165
1997-05-26,4.69210555225921e-24,1011.5817800316831,2.9160422458185935,1.1920928955078125e-07,1.1920929e-07,4.02,4.02,14.291445,19.645,15.73,23.56,199.02,1791.06,0.5497867388858101,0.8546377
1997-05-27,9.48892789058883e-26,1010.0887665330176,2.267946015285371,1.1920928955078125e-07,1.1920929e-07,4.0,4.0,14.304,15.45,11.26,19.64,221.47,1341.02,0.5326724248936514,0.895726
1997-05-28,-4.625658955710803e-24,1008.5811609220474,1.8478186965385583,1.1920928955078125e-07,1.1920929e-07,0.28,0.28,14.304,12.15,7.1,17.2,353.43,1013.36,0.5159313745968079,0.91216135
1997-05-29,-8.160849694413661e-24,1006.7836642832852,1.998467804708859,1.1920928955078125e-07,1.1920929e-07,1.1920929e-07,0.0,14.304,13.44,7.66,19.22,391.36,1057.53,0.49665749199471204,0.78067863
1997-05-30,-9.201993480025483e-24,1004.4209777012439,2.1775630485542905,1.1920928955078125e-07,1.1920929e-07,1.81,1.81,14.304,14.875,10.23,19.52,312.24,1258.51,0.47241418718181216,0.772461
1997-05-31,-6.642436391683211e-24,1001.5411146902148,2.6511396719133846,1.1920928955078125e-07,1.1920929e-07,0.22,0.22,14.387447,18.09,13.55,22.63,313.16,1563.4,0.44445871918383956,0.81354934
1997-06-01,-3.6456646638059616e-24,1005.2286046284484,2.89239725707045,1.1920928955078125e-07,1.1920929e-07,12.18,12.18,14.4000025,19.485,15.38,23.59,216.53,1746.87,0.480565059200151,0.92037904
1997-06-02,-1.8736345780750658e-24,1020.6574058555922,3.0101496729683808,1.1920928955078125e-07,1.1920929e-07,26.06,26.06,14.4000025,19.905,15.42,24.39,237.38,1747.62,0.6663153400004299,5.1935673
1997-06-03,-1.1251758159025755e-24,1050.5590255970135,2.6242476688245615,1.1920928955078125e-07,1.1920929e-07,40.93,40.93,14.4000025,17.105,11.79,22.42,281.05,1383.08,1.2552813813702417,3.98557
1997-06-04,-6.804325208025723e-25,1068.2921580834916,1.967890524088779,1.1920928955078125e-07,1.1920929e-07,2.36,2.36,14.4000025,12.13,8.79,15.47,233.79,1143.14,1.8275360990612861,2.317383
1997-06-05,-4.100200000811629e-25,1065.4080329697865,1.9613520061737995,1.1920928955078125e-07,1.1920929e-07,1.1920929e-07,0.0,14.4000025,12.12,5.71,18.53,455.49,909.11,1.719235050257243,1.6517516
1997-06-06,-2.3840821183820746e-25,1061.8780631644202,2.035801792225063,1.1920928955078125e-07,1.1920929e-07,1.1920929e-07,0.0,14.4368305,12.73,6.35,19.11,455.38,955.48,1.5953776514759002,1.3476979
1997-06-07,-1.2519956188249748e-25,1058.6238053005138,1.960016757884924,1.1920928955078125e-07,1.1920929e-07,0.36,0.36,14.496003,12.105,8.84,15.37,268.66,1147.48,1.4891141528812395,1.2244328
1997-06-08,-7.01723852622575e-26,1055.4397038817858,2.0577908911011575,1.1920928955078125e-07,1.1920929e-07,1.1920929e-07,0.0,14.496003,12.935,8.98,16.89,322.54,1158.63,1.391995524456619,1.1669091
1997-06-09,-2.974939606442179e-26,1052.5028560381768,2.216726980181013,1.1920928955078125e-07,1.1920929e-07,1.1920929e-07,0.0,14.496003,14.185,9.21,19.16,390.25,1176.87,1.3080433626493189,1.1093855
1997-06-10,-2.166817677474749e-27,1049.517499565236,2.1733688543129963,1.1920928955078125e-07,1.1920929e-07,0.6,0.6,14.496003,13.91,7.21,20.61,481.42,1021.7,1.2278921391950628,1.0847324
1997-06-11,5.003289387604684e-27,1046.100171610113,2.652702490461229,1.1920928955078125e-07,1.1920929e-07,1.1920929e-07,0.0,14.496003,17.245,8.72,25.77,534.06,1137.69,1.1421539468852613,1.0025557
1997-06-12,2.8137367038844808e-27,1043.2290123425757,3.0208603689513596,1.1920928955078125e-07,1.1920929e-07,1.1920929e-07,0.0,14.496003,19.48,13.02,25.94,455.24,1501.36,1.074764241027204,0.97790277
1997-06-13,1.4677305946506036e-27,1043.13924713726,3.3052739357828202,1.1920928955078125e-07,1.1920929e-07,8.78,8.78,14.496003,21.02,16.41,25.63,264.78,1860.56,1.0727226964840717,1.6435341
1997-06-14,8.48244709208075e-28,1044.7451135713152,3.480445887320027,1.1920928955078125e-07,1.1920929e-07,1.32,1.32,14.496003,21.885,16.23,27.54,413.46,1842.46,1.1098381127263517,1.0189911
1997-06-15,4.465265540664072e-28,1042.85708412668,2.875366598231632,1.1920928955078125e-07,1.1920929e-07,1.7,1.7,14.496003,18.65,13.94,23.36,374.19,1589.09,1.0663306366426732,0.9861204
1997-06-16,2.5263884516725413e-28,1039.3714533450973,2.926215586768024,1.1920928955078125e-07,1.1920929e-07,1.1920929e-07,0.0,14.502797,18.995,12.6,25.39,467.52,1447.89,0.9904396172573209,0.895726
1997-06-17,1.4769940325307354e-28,1034.7149944459202,3.327239580809113,1.1920928955078125e-07,1.1920929e-07,1.1920929e-07,0.0,14.532827,21.23,15.57,26.89,428.68,1761.18,0.8974160205650273,0.8546377
1997-06-18,8.790999839621985e-29,1035.4371823790032,3.8525845801452543,1.1920928955078125e-07,1.1920929e-07,10.84,10.84,14.532827,23.77,18.61,28.93,295.67,2147.88,0.9112491476088997,0.91216135
1997-06-19,5.147400982108409e-29,1042.8619725311519,3.836563686670878,1.1920928955078125e-07,1.1920929e-07,11.93,11.93,14.57945,23.515,17.79,29.24,319.6,2037.46,1.0664410526225534,1.0025557
1997-06-20,3.0634902755502884e-29,1043.4438356816488,3.6755373315534605,1.1920928955078125e-07,1.1920929e-07,1.1920929e-07,0.0,14.57945,22.755,16.02,29.49,476.28,1821.36,1.079665792180522,0.83820236
1997-06-21,1.8253781618441424e-29,1038.4221255479013,3.8771873629457003,1.1920928955078125e-07,1.1920929e-07,1.1920929e-07,0.0,14.57945,23.775,16.92,30.63,478.26,1924.45,0.9707228563181348,0.80533165
1997-06-22,1.0807476790959947e-29,1033.5700560748699,3.962279366670525,1.1920928955078125e-07,1.1920929e-07,1.1920929e-07,0.0,14.57945,24.24,17.91,30.57,459.18,2052.99,0.8759144132885833,0.7560257
1997-06-23,6.026427118519661e-30,1028.6363575897524,3.858156062915989,1.1920928955078125e-07,1.1920929e-07,1.1920929e-07,0.0,14.57945,23.855,17.69,30.02,459.17,2030.34,0.7890003483190896,0.70671964
1997-06-24,2.1247444071748548e-30,1023.6699070207221,3.5862926445236676,1.1920928955078125e-07,1.1920929e-07,1.1920929e-07,0.0,14.57945,22.66,15.2,30.12,512.2,1718.11,0.7102176071109897,0.6902843
1997-06-25,-1.8434814885885806e-31,1019.3413219771552,3.8820147745683284,1.1920928955078125e-07,1.1920929e-07,1.1920929e-07,0.0,14.532827,24.18,17.14,31.22,487.39,1930.5,0.6479974847059299,0.72315496
1997-06-26,-3.865170428816986e-31,1016.7710221620035,3.9717175312707336,1.1920928955078125e-07,1.1920929e-07,3.91,3.91,14.502797,24.665,18.86,30.47,400.91,2181.97,0.6136623124097809,0.747808
1997-06-27,-2.3175601527977873e-31,1022.2185640516385,3.751897246136864,1.1920928955078125e-07,1.1920929e-07,15.79,15.79,14.496003,23.575,17.55,29.6,333.74,2011.3,0.6887168548988089,1.0436441
1997-06-28,-1.3879001612855407e-31,1024.266090838577,3.174469734516344,1.1920928955078125e-07,1.1920929e-07,1.1920929e-07,0.0,14.496003,20.64,13.56,27.72,501.4,1554.41,0.7192430192252697,0.7560257
1997-06-29,-8.297208698163136e-32,1020.5209916694716,3.155494905681865,1.1920928955078125e-07,1.1920929e-07,1.1920929e-07,0.0,14.496003,20.6,13.61,27.59,495.48,1559.6,0.6643928570471069,0.69850194
1997-06-30,-4.795712253418265e-32,1016.7624293794545,3.08657448591949,1.1920928955078125e-07,1.1920929e-07,1.1920929e-07,0.0,14.496003,20.285,13.9,26.67,471.08,1584.37,0.6135506327249917,0.6738489
1997-07-01,3.209892005011492e-32,1013.1712742741142,3.1263806782850425,1.1920928955078125e-07,1.1920929e-07,6.09,6.09,14.496003,20.565,16.2,24.93,268.29,1836.52,0.568611736821185,0.6820666
1997-07-02,1.7257431289001757e-31,1009.7365751608534,3.558806592119641,1.1920928955078125e-07,1.1920929e-07,9.09,9.09,14.496003,22.865,18.67,27.06,253.86,2158.94,0.5287135618339766,0.8875084
1997-07-03,3.4790476299792017e-31,1006.4136449831634,4.008864516662049,1.1920928955078125e-07,1.1920929e-07,1.1920929e-07,0.0,14.496003,25.02,18.97,31.07,432.99,2201.6,0.49278017752116937,0.70671964
1997-07-04,5.325259773862176e-31,1003.1577966845359,4.029767160161312,1.1920928955078125e-07,1.1920929e-07,1.1920929e-07,0.0,14.496003,25.17,17.7,32.64,482.05,2035.8,0.45994201836716275,0.6327606
1997-07-05,7.008736630673047e-31,999.9243432084623,3.6910230992931563,1.1920928955078125e-07,1.1920929e-07,1.62,1.62,14.496003,23.675,16.56,30.79,476.56,1874.76,0.42949582933550007,0.58345455
1997-07-06,8.273835270535765e-31,996.6685974984343,3.111541197377048,1.1920928955078125e-07,1.1920929e-07,1.1920929e-07,0.0,14.483447,20.78,15.31,26.25,418.11,1736.83,0.4008757188048124,0.5752369
1997-07-07,8.86491276357428e-31,993.3458724979432,3.159170796388148,1.1920928955078125e-07,1.1920929e-07,1.1920929e-07,0.0,14.406797,21.19,15.33,27.05,432.69,1739.1,0.3736323042245291,0.5588016
1997-07-08,8.526326179912541e-31,989.9114811504808,3.104091810812628,1.1920928955078125e-07,1.1920929e-07,1.1920929e-07,0.0,14.4000025,20.955,13.24,28.67,503.12,1527.16,0.34741765137226405,0.5505839
1997-07-09,7.00243258967449e-31,986.3207363995382,3.406068155113808,1.1920928955078125e-07,1.1920929e-07,1.1920929e-07,0.0,14.4000025,22.625,14.56,30.69,502.94,1664.52,0.3219741951965375,0.5259309
1997-07-10,3.745868049073855e-31,982.5679155275568,3.467796435683867,1.1920928955078125e-07,1.1920929e-07,1.1920929e-07,0.0,14.4000025,23.005,16.46,29.55,447.07,1866.82,0.2973714938596493,0.50949556
1997-07-11,-2.2781060543279046e-31,978.8274764465048,3.0791660715705538,1.1920928955078125e-07,1.1920929e-07,1.1920929e-07,0.0,14.4000025,21.01,13.65,28.37,488.87,1562.28,0.2747207739631688,0.50127786
1997-07-12,-9.662921788924114e-31,975.1162641698268,3.1477278218474787,1.1920928955078125e-07,1.1920929e-07,1.1920929e-07,0.0,14.4000025,21.455,13.22,29.69,512.3,1525.03,0.25395251715143596,0.47662488
1997-07-13,-1.6704144452913093e-30,971.4220939450026,3.3578243624553514,1.1920928955078125e-07,1.1920929e-07,1.1920929e-07,0.0,14.310795,22.75,14.65,30.85,500.06,1646.65,0.23483904743567136,0.46840718
1997-07-14,-2.1697339344493176e-30,967.7327810195118,3.4562569652891377,1.1920928955078125e-07,1.1920929e-07,1.1920929e-07,0.0,14.304,23.33,14.89,31.77,504.33,1666.99,0.2171864766942166,0.45197186
1997-07-15,-2.2938071761862658e-30,964.036140640834,3.7193515924205536,1.1920928955078125e-07,1.1920929e-07,1.1920929e-07,0.0,14.304,24.69,16.32,33.06,492.03,1829.03,0.20082965658812607,0.42731884
1997-07-16,-1.8721907003219883e-30,960.3199880564488,3.8582675384260017,1.1920928955078125e-07,1.1920929e-07,1.1920929e-07,0.0,14.304,25.41,18.33,32.49,442.69,2110.03,0.1856279723780639,0.41910118
1997-07-17,-1.0592215132925588e-30,956.7577875868051,3.6046373990592966,1.1920928955078125e-07,1.1920929e-07,4.08,4.08,14.304,24.27,17.34,31.2,409.48,1988.27,0.17213737758781117,0.46018952
1997-07-18,-4.324688990250259e-31,953.4265769268658,3.676480851832163,1.1920928955078125e-07,1.1920929e-07,1.1920929e-07,0.0,14.207997,24.8,17.31,32.29,456.8,1983.21,0.1604101299041027,0.42731884
1997-07-19,-1.1393438987940006e-31,949.882525654697,3.794977497994481,1.1920928955078125e-07,1.1920929e-07,1.1920929e-07,0.0,14.207997,25.43,18.31,32.55,438.04,2105.75,0.14880944752273279,0.40266582
1997-07-20,-6.253611322115297e-32,945.6326370659925,3.550855418535132,1.1920928955078125e-07,1.1920929e-07,1.1920929e-07,0.0,14.207997,24.33,17.92,30.74,413.93,2052.91,0.13599918585903217,0.3862305
1997-07-21,-3.330576371666772e-32,941.6102911925681,3.6969626863564193,1.1920928955078125e-07,1.1920929e-07,1.1920929e-07,0.0,14.207997,25.12,19.63,30.61,366.28,2278.71,0.12489218101991169,0.3862305
1997-07-22,-1.9314077662557002e-32,940.5887305504546,3.6883885075103886,1.1920928955078125e-07,1.1920929e-07,5.99,5.99,14.118794,25.21,19.81,30.61,270.83,2306.95,0.12221880716106706,0.6327606
1997-07-23,-1.1452099498694045e-32,946.8847727221006,3.6000757212347967,1.1920928955078125e-07,1.1920929e-07,13.84,13.84,14.111998,24.67,20.23,29.11,232.76,2364.26,0.13965437594206231,0.80533165
1997-07-24,-6.823538798625964e-33,952.7431820897701,3.330320399987669,1.1920928955078125e-07,1.1920929e-07,5.77,5.77,14.111998,23.19,19.99,26.39,178.75,2329.43,0.1581048988011245,0.6327606
1997-07-25,-4.0730001236785206e-33,954.2961372898015,3.3367009220531427,1.1920928955078125e-07,1.1920929e-07,5.22,5.22,14.111998,23.195,18.61,27.78,249.62,2147.32,0.16339199217577627,0.5505839
1997-07-26,-2.3802294640241543e-33,952.6092849102147,3.468233975226405,1.1920928955078125e-07,1.1920929e-07,1.1920929e-07,0.0,14.016,24.025,19.17,28.88,347.43,2221.21,0.15765713242686583,0.4930602
1997-07-27,-1.4027602377340837e-33,950.3910333088764,3.857476042887412,1.1920928955078125e-07,1.1920929e-07,8.1,8.1,14.016,25.955,20.52,31.39,277.49,2414.43,0.15042090694572602,0.5341486
1997-07-28,-7.721222831455951e-34,948.20992350208,4.029648085198325,1.1920928955078125e-07,1.1920929e-07,1.1920929e-07,0.0,14.016,26.78,20.56,33.0,405.78,2419.76,0.1436297635230828,0.4355365
1997-07-29,-4.119335479406319e-34,946.3110767892371,3.941624639977958,1.1920928955078125e-07,1.1920929e-07,4.92,4.92,14.003442,26.435,20.54,32.33,293.86,2413.38,0.1379676258604753,0.41088352
1997-07-30,2.517704527741069e-35,944.8389956797246,2.8664963358692397,1.1920928955078125e-07,1.1920929e-07,8.48,8.48,13.919997,20.97,15.39,26.55,302.08,1740.53,0.13373211104588012,0.82998466
1997-07-31,4.825527367930582e-34,943.5167560748791,2.083636562652664,1.1920928955078125e-07,1.1920929e-07,2.47,2.47,13.919997,15.625,9.63,21.62,399.43,1210.5,0.13003868911563377,0.71493727
1997-08-01,8.354766017577e-34,942.0310355222751,2.5261031936617497,1.1920928955078125e-07,1.1920929e-07,1.1920929e-07,0.0,13.919997,18.865,10.47,27.26,514.45,1257.05,0.12601017785264804,0.48484254
1997-08-02,9.59231715322726e-34,940.068511569487,2.7422140282269685,1.1920928955078125e-07,1.1920929e-07,1.1920929e-07,0.0,13.8239975,20.415,11.64,29.19,516.17,1342.42,0.12087948780891164,0.42731884
1997-08-03,7.335610532520972e-34,937.3109485317378,3.0384733518073888,1.1920928955078125e-07,1.1920929e-07,1.1920929e-07,0.0,13.8239975,22.235,14.37,30.1,480.57,1615.42,0.11402133780047177,0.39444816
1997-08-04,4.175750034942643e-34,934.1305337287315,3.164065325448407,1.1920928955078125e-07,1.1920929e-07,1.1920929e-07,0.0,13.8239975,23.0,17.06,28.94,399.95,1941.08,0.10659329630599504,0.39444816
1997-08-05,2.288059965020013e-34,934.4303655034028,3.032426867183935,1.1920928955078125e-07,1.1920929e-07,7.7,7.7,13.728,22.375,16.44,28.31,299.31,1865.21,0.10727240261066122,0.4437542
1997-08-06,1.3332304251369149e-34,935.8111782851789,2.5049723269825805,1.1920928955078125e-07,1.1920929e-07,1.1920929e-07,0.0,13.728,19.07,11.68,26.46,474.32,1375.82,0.11045615786439988,0.40266582
1997-08-07,7.383086696072398e-35,933.1633202869483,2.5275303830563582,1.1920928955078125e-07,1.1920929e-07,1.1920929e-07,0.0,13.728,19.27,12.92,25.62,432.36,1488.53,0.10443176465141756,0.36979514
1997-08-08,4.330094388977785e-35,930.5291253057711,2.4198916800299783,1.1920928955078125e-07,1.1920929e-07,1.1920929e-07,0.0,13.632003,18.7,11.6,25.8,466.03,1367.71,0.09876452630219079,0.36157748
1997-08-09,2.419649042831163e-35,927.8928217817909,2.6605430043946843,1.1920928955078125e-07,1.1920929e-07,1.1920929e-07,0.0,13.632003,20.36,12.97,27.75,468.45,1488.71,0.09340066263258855,0.35335982
1997-08-10,1.3157307446812914e-35,925.0338187350939,2.8194428459298044,1.1920928955078125e-07,1.1920929e-07,1.1920929e-07,0.0,13.632003,21.41,15.16,27.66,417.11,1726.37,0.08791244210848277,0.35335982
1997-08-11,2.9437596020073683e-36,921.9607908738169,2.8655168569797467,1.1920928955078125e-07,1.1920929e-07,1.1920929e-07,0.0,13.536,21.87,15.53,28.21,422.76,1756.94,0.08237244251325085,0.33692446
1997-08-12,-4.512378653136232e-36,918.7946818654618,3.131966382300304,1.1920928955078125e-07,1.1920929e-07,1.1920929e-07,0.0,13.536,23.48,16.35,30.61,447.77,1853.6,0.0770295394891446,0.3287068
1997-08-13,-6.714731829466473e-36,915.6579494958603,3.3771476572480688,1.1920928955078125e-07,1.1920929e-07,1.1920929e-07,0.0,13.536,24.87,18.28,31.46,420.79,2112.65,0.07207802716422122,0.33692446
1997-08-14,-3.746651720799144e-36,912.6057378706429,3.344843756363109,1.1920928955078125e-07,1.1920929e-07,3.21,3.21,13.439992,24.885,19.55,30.22,275.94,2268.0,0.0675656527089288,0.33692446
1997-08-15,-7.044422314327454e-37,909.4856017285691,3.2077283354482553,1.1920928955078125e-07,1.1920929e-07,1.1920929e-07,0.0,13.439992,24.205,17.89,30.52,415.42,2052.91,0.06324471397723719,0.3287068
1997-08-16,1.4584645960667245e-36,906.1841831988614,3.429748512117251,1.1920928955078125e-07,1.1920929e-07,0.12,0.12,13.350795,25.575,18.76,32.39,427.83,2169.47,0.05897322728204647,0.29583612
1997-08-17,1.990790288373839e-36,902.5920993910239,3.7503413109362307,1.1920928955078125e-07,1.1920929e-07,1.1920929e-07,0.0,13.343997,27.26,20.4,34.12,419.97,2395.49,0.054652717775499966,0.2794008
1997-08-18,1.1972607516789766e-36,898.498929209074,3.6779225458843223,1.1920928955078125e-07,1.1920929e-07,1.1920929e-07,0.0,13.343997,26.99,20.84,33.14,393.01,2460.13,0.05011401524779971,0.26296544
1997-08-19,6.772921222653944e-37,895.275693999083,2.891174795697335,1.1920928955078125e-07,1.1920929e-07,1.1920929e-07,0.0,13.248,22.91,16.9,28.92,407.24,1927.37,0.04680681190515551,0.2465301
1997-08-20,4.0843093244957406e-37,903.8384343731863,2.9549468166808723,1.1920928955078125e-07,1.1920929e-07,21.59,21.59,13.248,23.125,18.2,28.05,260.59,2090.75,0.05611469977811302,0.2794008
1997-08-21,2.471286936714223e-37,911.5017551850499,2.7054186329649954,1.1920928955078125e-07,1.1920929e-07,0.54,0.54,13.248,21.445,16.25,26.64,370.33,1844.34,0.06600404889603696,0.3287068
1997-08-22,1.4639981084770983e-37,909.1307678720344,2.4224148919309316,1.1920928955078125e-07,1.1920929e-07,1.1920929e-07,0.0,13.152002,19.72,13.79,25.65,411.3,1575.2,0.06277116086274838,0.30405378
1997-08-23,8.536242579969703e-38,906.7525230048867,2.0780490550480466,1.1920928955078125e-07,1.1920929e-07,1.1920929e-07,0.0,13.152002,17.18,10.29,24.07,455.72,1263.57,0.059687444083813296,0.26296544
1997-08-24,3.3957612605620483e-38,904.3051544801024,2.0468528514914093,1.1920928955078125e-07,1.1920929e-07,1.1920929e-07,0.0,13.0560055,17.095,8.92,25.27,492.24,1154.49,0.05667218325572124,0.2465301
1997-08-25,-4.5994939430618307e-39,902.0510415170364,2.2110392067093905,1.1920928955078125e-07,1.1920929e-07,1.1920929e-07,0.0,13.0560055,18.43,10.42,26.44,478.87,1273.54,0.05402995918528382,0.2465301
1997-08-26,-1.9257600485591214e-38,900.4136743530587,2.4055580676507295,1.1920928955078125e-07,1.1920929e-07,1.78,1.78,13.0560055,19.89,12.35,27.43,430.21,1440.98,0.0521882462426871,0.28761846
1997-08-27,-1.0156479201622948e-38,899.140615826872,2.562705739504434,1.1920928955078125e-07,1.1920929e-07,1.1920929e-07,0.0,12.959997,21.125,13.49,28.76,451.25,1548.95,0.05079979925134414,0.26296544
1997-08-28,1.2887810224034132e-39,897.0892848250006,2.8017588150648214,1.1920928955078125e-07,1.1920929e-07,1.1920929e-07,0.0,12.959997,22.71,15.31,30.11,434.17,1735.01,0.04863983104230857,0.2465301
1997-08-29,1.1164520019630751e-38,894.5239487711551,2.8527350737702784,1.1920928955078125e-07,1.1920929e-07,1.1920929e-07,0.0,12.863992,23.205,16.26,30.15,412.18,1845.91,0.04606741581277407,0.23009476
1997-08-30,1.6368799407697851e-38,891.7641677712238,2.4334140305764924,1.1920928955078125e-07,1.1920929e-07,1.1920929e-07,0.0,12.863992,20.505,12.43,28.58,458.2,1439.07,0.04345171968731827,0.21365942
1997-08-31,1.3805060884158728e-38,889.1289295743715,2.4511123443182345,1.1920928955078125e-07,1.1920929e-07,1.1920929e-07,0.0,12.863992,20.68,13.68,27.68,420.96,1574.42,0.04109280064549254,0.19722408
1997-09-01,4.9171192009939274e-39,886.5379723247889,2.7497615445206174,1.1920928955078125e-07,1.1920929e-07,1.1920929e-07,0.0,12.767997,22.85,16.5,29.2,387.62,1871.22,0.03889840987786514,0.26296544
1997-09-02,-5.4254863162434e-39,883.8556540577227,2.9214231488923468,1.1920928955078125e-07,1.1920929e-07,1.1920929e-07,0.0,12.767997,23.965,17.18,30.75,402.89,1880.4,0.0367500163463485,0.29583612
1997-09-03,-1.4414935989264342e-38,881.2368110087077,2.7731654009209845,1.1920928955078125e-07,1.1920929e-07,1.1920929e-07,0.0,12.672003,23.235,15.89,30.58,423.71,1695.56,0.03476699263478746,0.29583612
1997-09-04,-1.924341013978001e-38,878.8362794132789,1.9341762025408948,1.1920928955078125e-07,1.1920929e-07,1.1920929e-07,0.0,12.672003,17.125,7.83,26.42,495.02,963.81,0.03304341573198876,0.26296544
1997-09-05,-1.710308908950146e-38,876.8088955069711,1.6787597384984563,1.1920928955078125e-07,1.1920929e-07,1.1920929e-07,0.0,12.65945,14.84,5.36,24.32,501.41,826.63,0.03165448720200954,0.23009476
1997-09-06,-5.8595644224244375e-39,875.8507925433786,1.793050503329871,1.1920928955078125e-07,1.1920929e-07,1.1920929e-07,0.0,12.576003,16.05,5.96,26.14,505.19,848.46,0.03101857287378718,0.21365942
1997-09-07,1.1904391196011202e-38,876.9449941284462,2.197189129404116,1.1920928955078125e-07,1.1920929e-07,1.1920929e-07,0.0,12.576003,19.435,10.15,28.72,476.27,1134.2,0.031745870233979574,0.21365942
1997-09-08,3.160719667210079e-38,880.0890945585945,2.4366222878487864,1.1920928955078125e-07,1.1920929e-07,1.1920929e-07,0.0,12.479998,21.275,13.4,29.15,428.82,1463.85,0.03393199738908091,0.20544176
1997-09-09,4.866067178114604e-38,885.2642166721184,2.440307955860725,1.1920928955078125e-07,1.1920929e-07,2.91,2.91,12.479998,21.2,15.06,27.34,297.98,1708.55,0.0378629744712291,0.21365942
1997-09-10,5.847663629844865e-38,892.4514833073129,2.112142119578382,1.1920928955078125e-07,1.1920929e-07,14.91,14.91,12.383997,18.73,16.5,20.96,113.32,1871.85,0.04408892392771438,0.5670192
1997-09-11,5.646690999931034e-38,901.6320173024725,2.149075322320602,1.1920928955078125e-07,1.1920929e-07,28.2,28.2,12.383997,18.85,14.31,23.39,218.19,1634.98,0.053552541682403594,1.1915622
1997-09-12,3.91528539479241e-38,912.0002038365512,2.099690653477713,1.1920928955078125e-07,1.1920929e-07,7.91,7.91,12.383997,18.265,11.36,25.17,300.83,1348.59,0.06670459388416476,0.5505839
1997-09-13,2.3157519589212504e-38,912.9899662153151,2.154175129540149,1.1920928955078125e-07,1.1920929e-07,1.1920929e-07,0.0,12.288,18.81,12.01,25.61,393.32,1400.96,0.06811777367125983,0.41088352
1997-09-14,1.3865593828579542e-38,910.7136333475523,2.180790850709576,1.1920928955078125e-07,1.1920929e-07,1.1920929e-07,0.0,12.288,19.06,13.14,24.98,354.26,1515.95,0.06491136512962858,0.33692446
1997-09-15,8.115176454032576e-39,908.4566165847345,2.1943298549756647,1.1920928955078125e-07,1.1920929e-07,1.1920929e-07,0.0,12.191998,19.34,13.93,24.75,330.0,1593.13,0.061881199958969686,0.31227148
1997-09-16,5.786751735649225e-40,906.0485800740003,2.131154962741102,1.1920928955078125e-07,1.1920929e-07,1.1920929e-07,0.0,12.191998,18.89,12.47,25.31,375.17,1447.28,0.05880408527844505,0.29583612
1997-09-17,-8.981577898844945e-39,903.4938039307232,2.1920889789616798,1.1920928955078125e-07,1.1920929e-07,1.1920929e-07,0.0,12.096003,19.55,12.61,26.49,389.45,1461.53,0.05570657161328523,0.28761846
1997-09-18,-1.8159388693448963e-38,900.8739692055169,2.418125759052331,1.1920928955078125e-07,1.1920929e-07,1.1920929e-07,0.0,12.096003,21.28,14.54,28.02,372.64,1653.16,0.05269954891862871,0.2794008
1997-09-19,-2.454856314049908e-38,898.2707569489949,2.598962474023586,1.1920928955078125e-07,1.1920929e-07,1.1920929e-07,0.0,12.096003,22.58,16.58,28.58,336.39,1879.31,0.04987240050492843,0.2711831
1997-09-20,-2.574290717024722e-38,895.7658482117706,2.527195610206167,1.1920928955078125e-07,1.1920929e-07,1.1920929e-07,0.0,12.000009,22.28,15.55,29.01,362.99,1762.65,0.04729529395841441,0.2711831
1997-09-21,-1.938745668049808e-38,893.4434596949507,2.144186250341801,1.1920928955078125e-07,1.1920929e-07,1.1920929e-07,0.0,12.000009,19.5,10.67,28.33,430.9,1278.55,0.045025087597358786,0.25474778
1997-09-22,-1.1193223207829302e-38,891.6248449873998,1.5069381691549053,1.1920928955078125e-07,1.1920929e-07,1.1920929e-07,0.0,11.903997,13.81,6.39,21.23,403.94,959.92,0.043323681684598596,0.2465301
1997-09-23,-6.355161178733545e-39,890.0639730276479,1.5956026109953751,1.1920928955078125e-07,1.1920929e-07,1.1920929e-07,0.0,11.903997,14.77,7.98,21.56,379.16,1078.34,0.04191477020486183,0.2465301
1997-09-24,-3.7410897022216613e-39,893.6064249132224,1.7495350900280713,1.1920928955078125e-07,1.1920929e-07,9.11,9.11,11.903997,16.22,9.81,22.63,268.59,1225.19,0.04518077364021211,0.30405378
1997-09-25,-2.2040243686226998e-39,902.0373777882515,1.449116783499559,1.1920928955078125e-07,1.1920929e-07,10.17,10.17,11.808002,13.12,9.97,16.27,151.88,1237.67,0.05401432441676847,0.45197186
1997-09-26,-1.2865672051227808e-39,904.1337313997503,1.7321418498915742,1.1920928955078125e-07,1.1920929e-07,1.1920929e-07,0.0,11.808002,15.995,9.16,22.83,377.8,1173.31,0.05646678277556691,0.36979514
1997-09-27,-7.635887129087797e-40,901.8838471530592,1.7888178623272364,1.1920928955078125e-07,1.1920929e-07,1.1920929e-07,0.0,11.712,16.705,10.29,23.12,358.85,1263.32,0.053838957179949236,0.31227148
1997-09-28,-4.518333548816889e-40,903.4281602616481,1.7961989463296473,1.1920928955078125e-07,1.1920929e-07,7.58,7.58,11.712,16.745,12.25,21.24,203.12,1419.89,0.05562917039139422,0.4355365
1997-09-29,-2.731087158623547e-40,918.9814746476159,1.7303865637031486,1.1920928955078125e-07,1.1920929e-07,25.82,25.82,11.615997,15.98,12.81,19.15,151.1,1488.71,0.07733491010451644,0.78067863
1997-09-30,-1.6519163234563072e-40,929.5811074411777,1.8804357453519327,1.1920928955078125e-07,1.1920929e-07,1.1920929e-07,0.0,11.615997,17.17,11.61,22.73,325.43,1368.81,0.09680109875149145,0.46840718
1997-10-01,-9.786703889886648e-41,927.6141259718976,1.8192871581728838,1.1920928955078125e-07,1.1920929e-07,1.1920929e-07,0.0,11.615997,16.655,10.23,23.08,358.7,1258.75,0.09285093241462701,0.33692446
1997-10-02,-5.697692465030806e-41,925.9625856378707,1.2631291680283716,1.1920928955078125e-07,1.1920929e-07,1.1920929e-07,0.0,11.520002,10.9,2.39,19.41,427.91,728.87,0.08965901337311839,0.30405378
1997-10-03,-2.0790545791769734e-41,924.4563706011695,1.314982980720396,1.1920928955078125e-07,1.1920929e-07,1.1920929e-07,0.0,11.520002,11.565,2.81,20.32,427.38,755.16,0.08684373050672256,0.29583612
1997-10-04,8.538913863981539e-42,922.8583581855706,1.5867128391052636,1.1920928955078125e-07,1.1920929e-07,1.1920929e-07,0.0,11.424,14.76,5.17,24.35,432.5,883.84,0.0839534511561493,0.29583612
1997-10-05,2.2505106158736593e-41,921.0410424468223,1.9601979153736135,1.1920928955078125e-07,1.1920929e-07,1.1920929e-07,0.0,11.424,18.3,9.12,27.48,413.49,1170.0,0.08078324467075056,0.28761846
1997-10-06,1.4154960183300514e-41,918.9214263970971,2.11064716273468,1.1920928955078125e-07,1.1920929e-07,1.1920929e-07,0.0,11.340561,19.715,10.84,28.59,401.86,1306.99,0.0772366108527464,0.2711831
1997-10-07,-9.041198475394619e-42,916.7295529748976,2.0495289424377567,1.1920928955078125e-07,1.1920929e-07,1.1920929e-07,0.0,11.328006,19.275,10.21,28.34,404.02,1256.97,0.07373275102438734,0.26296544
1997-10-08,-3.9182587756911086e-41,914.5428165595636,2.0040175765150625,1.1920928955078125e-07,1.1920929e-07,1.1920929e-07,0.0,11.328006,18.935,10.69,27.18,385.35,1295.09,0.07039550392157688,0.25474778
1997-10-09,-6.962993878628037e-41,912.3894532747074,2.004724547006821,1.1920928955078125e-07,1.1920929e-07,1.1920929e-07,0.0,11.232,19.125,11.34,26.91,369.56,1346.86,0.06725683116817516,0.25474778
1997-10-10,-9.374398268853396e-41,910.2976992439416,2.0592976039377278,1.1920928955078125e-07,1.1920929e-07,1.1920929e-07,0.0,11.232,19.62,11.93,27.31,358.52,1394.12,0.06434200894552175,0.26296544
1997-10-11,-1.0488545058870333e-40,908.2957905908786,1.9108068885497411,1.1920928955078125e-07,1.1920929e-07,1.1920929e-07,0.0,11.136005,18.535,11.19,25.88,347.31,1335.1,0.0616707611193258,0.26296544
1997-10-12,-9.641507361181999e-41,906.4119634391308,1.6960553983257145,1.1920928955078125e-07,1.1920929e-07,1.1920929e-07,0.0,11.136005,16.575,9.73,23.42,335.1,1218.31,0.05925844037021064,0.2711831
1997-10-13,-5.114443571228987e-41,904.6802953858736,1.6599507517904306,1.1920928955078125e-07,1.1920929e-07,1.1920929e-07,0.0,11.136005,16.25,9.17,23.33,339.9,1173.7,0.05712429040357835,0.2711831
1997-10-14,1.4207559119500856e-40,903.1856552096463,1.7737431461588866,1.1920928955078125e-07,1.1920929e-07,1.1920929e-07,0.0,11.039997,17.525,10.82,24.23,322.13,1305.6,0.05534416118334736,0.28761846
1997-10-15,4.741528342846021e-40,901.9438087918483,1.4686521079144406,1.1920928955078125e-07,1.1920929e-07,4.97,4.97,11.039997,14.43,7.56,21.3,246.9,1049.83,0.05390737927678768,0.36979514
1997-10-16,8.979536209463042e-40,900.9491784061942,1.0909762760546586,1.1920928955078125e-07,1.1920929e-07,1.1920929e-07,0.0,10.944003,9.83,2.53,17.13,348.41,736.53,0.05278356729098398,0.36157748
1997-10-17,1.3663442785699288e-39,900.1961863263988,1.0666818845627901,1.1920928955078125e-07,1.1920929e-07,1.1920929e-07,0.0,10.944003,9.49,4.03,14.95,283.54,808.8,0.05194838584793237,0.31227148
1997-10-18,1.8321911345452882e-39,899.679254826177,1.0718703188174323,1.1920928955078125e-07,1.1920929e-07,3.16,3.16,10.944003,9.575,7.71,11.44,82.77,1058.76,0.051382693821412445,0.31227148
1997-10-19,2.2483605162621972e-39,899.3928061792435,1.163362023559477,1.1920928955078125e-07,1.1920929e-07,2.45,2.45,10.848,11.01,8.43,13.59,132.84,1115.08,0.05107188221014088,0.35335982
1997-10-20,2.5677187511104698e-39,899.3312626593131,1.238682338671912,1.1920928955078125e-07,1.1920929e-07,1.58,1.58,10.848,12.01,6.38,17.64,288.55,955.43,0.051005350055597386,0.35335982
1997-10-21,2.7431321664799174e-39,899.4890465401005,1.0616095148813516,1.1920928955078125e-07,1.1920929e-07,1.1920929e-07,0.0,10.752,9.705,1.78,17.63,359.07,696.4,0.05117609769663674,0.31227148
1997-10-22,2.727467089760353e-39,899.8605800953206,0.959638572038047,1.1920928955078125e-07,1.1920929e-07,1.1920929e-07,0.0,10.752,8.125,1.65,14.6,319.0,695.59,0.05158041804923078,0.29583612
1997-10-23,2.4735898483415943e-39,900.4402855986882,0.7326660487646715,1.1920928955078125e-07,1.1920929e-07,1.1920929e-07,0.0,10.752,4.01,-4.36,12.38,369.81,441.03,0.05221767085409431,0.29583612
1997-10-24,1.934366769613451e-39,901.2225853239179,0.783275655014029,1.1920928955078125e-07,1.1920929e-07,1.1920929e-07,0.0,10.655997,5.135,-2.32,12.59,344.31,520.18,0.053090128209637814,0.29583612
1997-10-25,1.1653812012446708e-39,902.3452939158202,0.9795646929642178,1.1920928955078125e-07,1.1920929e-07,6.88,6.88,10.655997,8.54,3.81,13.27,181.78,801.19,0.05436775882107745,0.3862305
1997-10-26,5.6000439389003405e-40,905.4949960819396,1.3431263754566323,1.1920928955078125e-07,1.1920929e-07,4.54,4.54,10.649202,13.5,7.28,19.72,217.04,1022.4,0.05811860058473445,0.47662488
1997-10-27,2.3230594599921617e-40,913.2775854432894,1.0064704565362361,1.1920928955078125e-07,1.1920929e-07,14.22,14.22,10.56,8.915,6.03,11.8,117.32,931.63,0.06853402185052117,0.6738489
1997-10-28,1.3723441976735946e-40,918.8580484569738,0.8559921289782592,1.1920928955078125e-07,1.1920929e-07,1.1920929e-07,0.0,10.56,6.325,-1.05,13.7,329.88,572.8,0.07713299641246689,0.46840718
1997-10-29,8.245245578763826e-41,917.7635306331653,0.8391757208797792,1.1920928955078125e-07,1.1920929e-07,1.1920929e-07,0.0,10.463997,6.18,-1.56,13.92,333.03,545.21,0.07536537592214956,0.3862305
1997-10-30,4.936055045033758e-41,916.8796133202503,0.9698833286803235,1.1920928955078125e-07,1.1920929e-07,1.1920929e-07,0.0,10.463997,8.42,-0.64,17.48,350.35,584.77,0.07396748025904994,0.36157748
1997-10-31,2.373360799314691e-41,919.6418063399739,1.0362852526775075,1.1920928955078125e-07,1.1920929e-07,1.1920929e-07,0.0,10.463997,9.405,0.73,18.08,337.43,640.0,0.0784241633135971,0.35335982
1997-11-01,4.0221749092442464e-42,926.9457489223576,1.1004996762212576,1.1920928955078125e-07,1.1920929e-07,11.13,11.13,10.367997,10.37,3.07,17.67,228.03,763.32,0.091545700472889,0.4930602
1997-11-02,-4.89756884590868e-42,937.4277414800607,1.2747265285549472,1.1920928955078125e-07,1.1920929e-07,16.15,16.15,10.367997,12.53,7.06,18.0,184.87,1011.83,0.11430375456535567,0.8875084
1997-11-03,-3.330601740612845e-42,943.5681349966467,0.9449058000835427,1.1920928955078125e-07,1.1920929e-07,1.1920929e-07,0.0,10.367997,7.715,1.06,14.37,291.56,657.34,0.13018028294635448,0.6902843
1997-11-04,-8.638422595399357e-18,943.8362399652452,0.8491301305915185,1.1920928955078125e-07,1.1920929e-07,2.85,2.85,10.272,6.215,0.13,12.3,226.41,615.11,0.13092165159492988,0.48484254
1997-11-05,-3.418538532622122e-14,944.3408629610655,0.6455783923648456,1.1920928955078125e-07,1.1920929e-07,1.1920929e-07,0.0,10.272,2.105,-4.22,8.43,288.43,447.1,0.1323285151823489,0.42731884
1997-11-06,-1.7342252937408647e-13,943.2652076858451,0.7007843350816296,1.1920928955078125e-07,1.1920929e-07,1.1920929e-07,0.0,10.272,3.335,-3.81,10.48,308.21,462.61,0.1293476731481964,0.40266582
1997-11-07,-1.1579831901152868e-13,943.9221016851541,0.8007259290979143,1.1920928955078125e-07,1.1920929e-07,4.83,4.83,10.176,5.465,1.24,9.69,157.22,659.78,0.1311599693842004,0.46018952
1997-11-08,-6.283708095208424e-14,945.6433868244382,0.8677425753519105,1.1920928955078125e-07,1.1920929e-07,1.87,1.87,10.176,6.66,4.53,8.79,113.73,853.99,0.13603015540831223,0.46840718
1997-11-09,-3.583856104984513e-14,946.6745847011784,0.8781076186255058,1.1920928955078125e-07,1.1920929e-07,2.0,2.0,10.176,6.825,3.8,9.85,159.15,795.37,0.13903401199790832,0.4437542
1997-11-10,-1.70266159218928e-14,946.4260910720724,0.885336871240085,1.1920928955078125e-07,1.1920929e-07,1.1920929e-07,0.0,10.08,7.1,1.42,12.78,267.29,683.37,0.13830414401787294,0.41088352
1997-11-11,-5.3739312352701595e-15,945.5572929598794,0.8558309586163761,1.1920928955078125e-07,1.1920929e-07,0.35,0.35,10.08,6.595,1.71,11.48,240.61,693.24,0.13578232082940622,0.39444816
1997-11-12,1.0247806806856582e-13,944.825503772726,0.8031569620224152,1.1920928955078125e-07,1.1920929e-07,1.1920929e-07,0.0,10.08,5.64,3.0,8.28,143.01,767.42,0.13369389925322642,0.37801284
1997-11-13,6.806118872081383e-13,945.372412070524,0.6860496665158419,1.1920928955078125e-07,1.1920929e-07,1.0,1.0,9.996555,3.39,-0.27,7.05,196.59,600.54,0.1352516373040535,0.37801284
1997-11-14,1.0393941969788542e-12,948.4877674713124,0.6504372515797098,1.1920928955078125e-07,1.1920929e-07,7.69,7.69,9.984,2.57,-0.36,5.5,122.12,594.47,0.14447752640922404,0.45197186
1997-11-15,7.17656249284008e-13,951.0268936507534,0.7456665930632703,1.1920928955078125e-07,1.1920929e-07,1.1920929e-07,0.0,9.984,4.565,1.14,7.99,188.3,661.2,0.15246052220108525,0.50127786
1997-11-16,4.3289997044033044e-13,950.1834353992074,0.6188064919219475,1.1920928955078125e-07,1.1920929e-07,1.1920929e-07,0.0,9.984,1.81,-2.37,5.99,222.8,510.13,0.14976093249629202,0.4355365
1997-11-17,0.0033790580451960248,949.4550814649277,0.5430300398264065,1.1920928955078125e-07,1.1920929e-07,1.1920929e-07,0.0,9.888002,0.06,-5.02,5.14,254.94,424.9,0.147468240465828,0.40266582
1997-11-18,0.004982893809653052,948.7711706184849,0.5405767770586625,1.1920928955078125e-07,1.1920929e-07,1.1920929e-07,0.0,9.888002,0.005,-7.98,7.99,315.68,337.07,0.1453474067991686,0.3862305
1997-11-19,0.015184867345984697,948.051641449148,0.5988831329167699,0.008164235370627906,1.1920929e-07,1.1920929e-07,0.0,9.888002,1.505,-7.29,10.3,320.34,350.97,0.14314903627184433,0.37801284
1997-11-20,0.00889231791212822,947.25530374539,0.7205083516955486,0.004643712091327112,1.1920929e-07,1.1920929e-07,0.0,9.881208,4.265,-4.08,12.61,310.32,451.62,0.14075473620980666,0.3862305
1997-11-21,0.005199358541980498,945.4423701520067,0.7730264223852699,0.00266724737320657,1.1920929e-07,1.1920929e-07,0.0,9.792,5.49,-0.99,11.97,272.7,560.63,0.13545220115363693,0.3862305
1997-11-22,0.0030922904302688303,951.0693360713838,0.7895200468175293,0.0015700489606456677,1.1920929e-07,12.16,12.16,9.792,5.72,1.46,9.98,154.97,676.89,0.1525976429577363,0.5423662
1997-11-23,0.0018555878430143412,956.386253308983,0.9785800159441124,0.0009364016901304223,1.1920929e-07,1.1920929e-07,0.0,9.792,8.935,3.65,14.22,239.75,792.42,0.17078805195872912,0.5752369
1997-11-24,0.0011182547722718833,955.2764079122022,0.6963655140296785,0.0005622535878978173,1.1920929e-07,1.1920929e-07,0.0,9.792,3.765,-2.36,9.89,264.62,510.21,0.16682001478405842,0.46018952
1997-11-25,0.0038682938380361887,954.509348162685,0.5465358665182153,1.1920928955078125e-07,1.1920929e-07,1.1920929e-07,0.0,9.695997,0.36,-6.98,7.7,290.81,360.0,0.1641315490230604,0.40266582
1997-11-26,0.00703100253207898,953.7397172939804,0.6762942625863654,0.003639037869817415,1.1920929e-07,1.1920929e-07,0.0,9.695997,3.5,-5.02,12.02,300.49,438.63,0.1614776162768744,0.39444816
1997-11-27,0.0031856601519439738,952.8744418201431,0.8017826188086685,0.0016181990070605115,1.1920929e-07,1.1920929e-07,0.0,9.695997,6.075,-0.64,12.79,267.18,586.65,0.15854507962834036,0.39444816
1997-11-28,0.00045157826473696434,951.9041033853,0.8568178285958719,0.00022629893882509605,1.1920929e-07,1.1920929e-07,0.0,9.695997,7.105,-1.59,15.8,294.97,552.55,0.15531977260508922,0.37801284
1997-11-29,-0.0004213604908393601,950.8103238311791,1.0119017775915378,1.1920928955078125e-07,1.1920929e-07,1.1920929e-07,0.0,9.6892,9.715,2.43,17.0,271.17,719.66,0.15176275581175053,0.37801284
1997-11-30,-0.00019655902806360324,950.4558667973523,1.0794283769753954,1.1920928955078125e-07,1.1920929e-07,2.0,2.0,9.600003,10.885,6.3,15.47,203.26,947.6,0.1506276144539811,0.3862305
1997-12-01,1.0326853523005429e-05,951.0096447095061,0.9031857536461335,5.163693371261692e-06,1.1920929e-07,3.39,3.39,9.600003,8.085,4.8,11.37,118.8,867.93,0.15240483044146946,0.40266582
1997-12-02,0.00014484015530547391,951.619256169176,0.6741937402090705,7.247252432004041e-05,1.1920929e-07,1.1920929e-07,0.0,9.600003,3.635,-2.96,10.23,266.25,496.64,0.15438548696431306,0.3862305
1997-12-03,0.0001525238786688098,951.4322997778975,0.7496700001991079,7.632009815704052e-05,1.1920929e-07,1.1920929e-07,0.0,9.600003,5.23,-2.5,12.96,281.73,520.0,0.15377533557425316,0.36979514
1997-12-04,0.00011652551417297531,950.5644803251614,0.8596404135319924,5.829670257127986e-05,1.1920929e-07,6.05,6.05,9.600003,7.33,1.09,13.57,187.6,647.79,0.1509745418545036,0.39444816
1997-12-05,0.00013627864504867573,949.7538075347052,0.7922453329545216,6.81857521898929e-05,1.1920929e-07,1.1920929e-07,0.0,9.593208,6.105,-0.49,12.7,259.2,589.65,0.14840428550723367,0.40266582
1997-12-06,0.00017263022767711168,949.0256633672242,0.487997448264713,1.1920928955078125e-07,1.1920929e-07,1.1920929e-07,0.0,9.516553,-0.92,-5.12,3.28,198.06,418.3,0.14613301168664206,0.37801284
1997-12-07,0.00018711120864207527,948.4034942541103,0.4339978030671923,1.1920928955078125e-07,1.1920929e-07,1.1920929e-07,0.0,9.503997,-2.56,-5.36,0.24,141.0,417.16,0.14421986300129316,0.36157748
1997-12-08,0.00017798681460870253,947.8327008601074,0.43728105278163887,1.1920928955078125e-07,1.1920929e-07,1.1920929e-07,0.0,9.503997,-2.445,-7.49,2.6,225.09,347.49,0.14248673052517127,0.34514216
1997-12-09,0.00015790324610336843,947.2715689407836,0.496559884907962,1.1920928955078125e-07,1.1920929e-07,1.1920929e-07,0.0,9.503997,-0.625,-4.51,3.26,181.41,440.0,0.14080323685790494,0.35335982
1997-12-10,0.00012997597497403844,946.7118677752927,0.5955608132125508,6.503006682211859e-05,1.1920929e-07,2.98,2.98,9.503997,2.025,-0.31,4.36,87.41,598.45,0.13914385052203312,0.37801284
1997-12-11,9.732047306867802e-05,946.1453666427878,0.6425340165923469,4.868391471866593e-05,1.1920929e-07,4.0,4.0,9.503997,3.155,0.11,6.2,110.92,620.43,0.1374842168193896,0.40266582
1997-12-12,6.305221223525261e-05,945.5638348224227,0.6235556699712557,3.153604507096643e-05,1.1920929e-07,1.1920929e-07,0.0,9.503997,2.72,-0.53,5.97,155.4,586.19,0.13580113673642677,0.39444816
1997-12-13,3.0286664321727702e-05,944.9590415933505,0.5632446654905099,1.5048429925366215e-05,1.1920929e-07,1.1920929e-07,0.0,9.503997,1.235,-3.74,6.21,219.23,468.41,0.13407258646976747,0.36979514
1997-12-14,2.139301176068691e-06,944.322756234725,0.5438715131049389,5.461433245355013e-07,1.1920929e-07,1.1920929e-07,0.0,9.503997,0.735,-4.65,6.12,228.41,433.94,0.132277774006602,0.36157748
1997-12-15,-1.8274405353758976e-05,943.6467480256994,0.47287863606453134,1.1920928955078125e-07,1.1920929e-07,1.1920929e-07,0.0,9.503997,-1.27,-8.61,6.07,269.22,312.95,0.13039722902001474,0.36157748
1997-12-16,-2.783898341978972e-05,942.9227862454271,0.5722973159227267,1.1920928955078125e-07,1.1920929e-07,1.1920929e-07,0.0,9.497203,1.51,-7.9,10.92,287.96,339.31,0.12841292200871857,0.35335982
1997-12-17,-2.34467757118904e-05,942.142684587581,0.6854475639786108,1.1920928955078125e-07,1.1920929e-07,1.1920929e-07,0.0,9.467175,4.24,-5.65,14.13,287.72,398.79,0.12630852697686681,0.35335982
1997-12-18,-1.188099363073824e-05,941.3435406657857,0.6819488970832666,1.1920928955078125e-07,1.1920929e-07,1.1920929e-07,0.0,9.420558,4.25,-4.95,13.45,281.06,433.56,0.12418851814575071,0.35335982
1997-12-19,-2.485581149188296e-06,940.5358413180013,0.6886754818589668,1.1920928955078125e-07,1.1920929e-07,1.1920929e-07,0.0,9.420558,4.41,-4.28,13.1,275.9,443.56,0.12208196734107551,0.34514216
1997-12-20,2.5043997194000948e-06,939.6799900949453,0.7922731155553956,1.2522155397449329e-06,1.1920929e-07,1.1920929e-07,0.0,9.420558,6.545,-2.58,15.67,277.87,505.32,0.11988881028121315,0.34514216
1997-12-21,2.0475088174424676e-06,939.8008400401183,0.8184183727683897,1.0237648894521272e-06,1.1920929e-07,1.1920929e-07,0.0,9.420558,7.04,0.29,13.79,242.32,628.04,0.12019608830114584,0.34514216
1997-12-22,1.190220571974062e-06,945.2534601746926,0.6384395291663891,5.951138275495559e-07,1.1920929e-07,10.03,10.03,9.420558,3.205,0.2,6.21,98.11,624.1,0.1349112939069381,0.3862305
1997-12-23,7.068344042888274e-07,951.41995296128,0.6382889197732773,3.534184511816014e-07,1.1920929e-07,4.16,4.16,9.420558,3.105,0.62,5.59,83.79,640.0,0.15373512545870593,0.48484254
1997-12-24,4.1245433807837017e-07,952.4853658748515,0.7730758556901367,2.0622759433563757e-07,1.1920929e-07,1.1920929e-07,0.0,9.467175,5.89,1.45,10.33,184.82,681.42,0.1572438639867953,0.45197186
1997-12-25,2.3001397735015205e-07,952.2128636726205,0.7355069315255338,1.1920928955078125e-07,1.1920929e-07,11.53,11.53,9.467175,5.14,2.32,7.96,96.37,716.79,0.1563388789539148,0.6820666
1997-12-26,1.0343639935322295e-07,953.8092612026232,0.853060474769805,1.1920928955078125e-07,1.1920929e-07,1.1920929e-07,0.0,9.497203,7.325,1.93,12.72,219.65,714.33,0.16171565178981173,0.6327606
1997-12-27,4.98516572496915e-08,957.8669104187244,0.7300530829711275,1.1920928955078125e-07,1.1920929e-07,6.95,6.95,9.503997,4.88,-0.95,10.71,176.42,576.54,0.1762291981779555,0.5505839
1997-12-28,2.0415160376244383,963.7144254333786,0.4921399247406313,1.1920928955078125e-07,9.826296,0.0037044392,9.83,9.503997,-1.0,-3.51,1.51,95.88,475.88,0.19946579281337753,0.70671964
1997-12-29,7.248594329109411,963.0484201702326,0.45142163857538997,1.1920928955078125e-07,1.1920929e-07,1.1920929e-07,0.0,9.503997,-2.22,-6.02,1.58,188.11,395.69,0.19667172548473885,0.60810757
1997-12-30,15.073746778954039,962.412010900374,0.43236545145463295,1.1920928955078125e-07,15.43,1.1920929e-07,15.43,9.503997,-2.82,-4.77,-0.87,78.66,433.94,0.1940383971310996,0.58345455
1997-12-31,22.48370339074967,961.7820432405073,0.44403053795841924,1.1920928955078125e-07,1.1920929e-07,1.1920929e-07,0.0,9.503997,-2.435,-5.81,0.94,173.0,399.81,0.19146644971352095,0.50949556
1998-01-01,22.483023405783136,961.1840987850627,0.37582807056066025,1.1920928955078125e-07,1.1920929e-07,1.1920929e-07,0.0,9.503997,-4.76,-11.33,1.81,306.89,264.23,0.18905678482810823,0.40266582
1998-01-02,22.483023405764392,960.5821354315602,0.4771686310370624,1.1920928955078125e-07,1.1920929e-07,1.1920929e-07,0.0,9.503997,-1.395,-8.61,5.82,314.62,320.0,0.1866615560735871,0.42731884
1998-01-03,15.552127151777306,966.7241842796485,0.721532990127555,15.552127151777306,1.1920929e-07,1.1920929e-07,0.0,9.503997,4.565,-4.84,13.97,334.79,425.84,0.2125958703996535,0.4930602
1998-01-04,5.6971654193837455,975.5525211909993,0.8415552572932928,5.6971654193837455,1.1920929e-07,1.1920929e-07,0.0,9.503997,6.76,-2.65,16.17,333.53,506.09,0.25631002670114544,0.50949556
1998-01-05,2.082319826092254,978.0215761468453,0.9196110713751161,2.082319824207966,1.1920929e-07,1.1920929e-07,0.0,9.563178,7.99,-1.29,17.27,332.0,553.66,0.2700711071831169,0.5423662
1998-01-06,0.7597040033469987,978.2812680659023,1.0243416972830164,0.7593228726608302,1.1920929e-07,0.46,0.46,9.600003,9.605,2.88,16.33,298.84,750.4,0.27156074940037883,0.5588016
1998-01-07,0.2794028811067344,979.8045673558819,1.3366960145564144,0.263295947104742,1.1920929e-07,5.55,5.55,9.600003,13.825,9.91,17.74,143.11,1232.76,0.2804656243208733,0.70671964
1998-01-08,0.11479407563984939,1008.1770641898497,1.5726770219675514,0.08714415316863747,1.1920929e-07,52.41,52.41,9.600003,16.02,13.16,18.88,105.92,1515.61,0.5115342333922921,9.1216135
1998-01-09,0.05694808297889904,1033.8326136447442,1.2835568640414758,0.03636951566876717,1.1920929e-07,2.91,2.91,9.600003,12.305,7.82,16.79,185.46,1070.59,0.8807991911734232,4.8730783
1998-01-10,0.030872663959133424,1033.0708901728292,0.844109024928232,0.017800388251572343,1.1920929e-07,1.1920929e-07,0.0,9.600003,5.78,-1.3,12.86,285.9,552.55,0.8667022176750645,2.0461998
1998-01-11,0.016544959199512668,1031.4519539082007,0.7919545042744619,0.008955261981356388,1.1920929e-07,1.1920929e-07,0.0,9.6125555,4.82,-1.56,11.2,273.69,554.92,0.8374859208746516,1.3148272
1998-01-12,0.009510850748344474,1029.58542573472,0.7387043042709662,0.004981395767726397,1.1920929e-07,1.1920929e-07,0.0,9.695997,3.675,0.03,7.32,188.34,602.29,0.8050216394061461,1.0682971
1998-01-13,0.005591851710088284,1030.8179667044774,0.8504102156004449,0.002874077505734643,1.1920929e-07,6.7,6.7,9.695997,5.775,1.37,10.18,164.65,676.84,0.826314826712319,1.0765148
1998-01-14,0.0033098518993171316,1032.2682453728385,0.7222004516525085,0.0016823112486158683,1.1920929e-07,1.1920929e-07,0.0,9.695997,3.3,-3.45,10.05,288.68,476.06,0.8520919811515826,0.91216135
1998-01-15,0.025941377392998476,1034.0545576189024,0.5906531331755794,1.1920928955078125e-07,0.036764264,7.873235,7.91,9.695997,0.325,-2.78,3.43,128.2,497.97,0.8849496098615145,1.3476979
1998-01-16,0.02826324934311484,1048.9248827093056,0.6809740307843282,0.016115455787303515,1.1920929e-07,24.34,24.34,9.708552,2.175,-0.89,5.24,127.84,568.66,1.2125755595688634,2.966579
1998-01-17,0.015960186347896983,1057.3452148787524,0.787986033729603,0.008615563684890267,1.1920929e-07,1.1920929e-07,0.0,9.792,4.095,-0.2,8.39,224.51,597.23,1.4493270478897464,1.6353164
1998-01-18,0.00925660260720437,1054.9072202940608,0.7428423043565597,0.004842360208567114,1.1920929e-07,1.1920929e-07,0.0,9.792,3.25,-0.99,7.49,224.9,575.11,1.376383915327837,1.2408682
1998-01-19,0.005476224149845779,1054.6388508328494,0.7126929050047737,0.0028130659215972213,1.1920929e-07,3.0,3.0,9.792,2.64,-0.58,5.86,133.54,593.27,1.3685822135342032,1.1093855
1998-01-20,0.012131931722201023,1054.8228738730845,0.6171481591675115,1.1920928955078125e-07,0.00087710266,1.4591229,1.46,9.792,0.53,-3.45,4.51,222.94,476.86,1.3739271210801811,0.9943381
1998-01-21,0.2430836329121944,1053.3731500548802,0.5740892303634053,1.1920928955078125e-07,1.1920929e-07,1.1920929e-07,0.0,9.888002,-0.635,-6.49,5.22,289.76,378.97,1.332379271963785,0.8546377
1998-01-22,0.14577091821060906,1051.3849887898489,0.6207396842045936,1.1920928955078125e-07,1.1920929e-07,1.1920929e-07,0.0,9.888002,0.52,-4.22,5.26,252.92,441.29,1.2774356140955085,0.80533165
1998-01-23,0.08150446408117001,1061.2812686213301,0.715922098609861,0.056497545082405815,1.1920929e-07,24.46,24.46,9.888002,2.47,0.39,4.55,93.9,626.23,1.575337696259452,2.7529194
1998-01-24,0.04188284060174584,1073.4453968143125,0.7396721357865225,0.02526384939307422,1.1920929e-07,3.99,3.99,9.900558,2.765,0.28,5.25,111.59,618.6,2.0383087343964568,2.120159
1998-01-25,0.02331807187653281,1076.3447581327807,0.679287365922817,0.012985684186506847,1.013279e-06,6.799999,6.8,9.984,1.35,-2.2,4.9,154.51,525.48,2.1674087839433906,1.7832344
1998-01-26,0.043528290940562875,1076.9710828117154,0.6200070981213545,1.1920928955078125e-07,1.1920929e-07,1.1920929e-07,0.0,9.984,0.015,-5.45,5.48,284.77,416.98,2.1963538607754995,1.3312626
1998-01-27,-0.12897656149953898,1073.6409637180727,0.6290867572843789,1.1920928955078125e-07,1.1920929e-07,1.1920929e-07,0.0,9.984,0.27,-4.3,4.84,252.79,440.0,2.0467696148895893,2.366689
1998-01-28,-0.10260904702999137,1100.5940966055841,0.712628191810938,1.1920928955078125e-07,1.7511844e-06,58.76,58.76,10.08,1.585,-1.4,4.57,134.68,560.0,3.62249231918755,16.846224
1998-01-29,-0.07674696377317329,1126.776079066965,0.9030054850154523,1.1920928955078125e-07,1.1920929e-07,4.9,4.9,10.08,4.75,-1.1,10.6,223.01,560.0,6.3074275224775755,5.7688046
1998-01-30,-0.054481445867581677,1121.552185855734,0.8991177921154739,1.1920928955078125e-07,1.1920929e-07,1.1920929e-07,0.0,10.08,4.755,-0.52,10.03,279.04,597.09,5.646746948505664,3.262415
1998-01-31,-0.03692145168083746,1115.3967042189033,0.7761889258454415,1.1920928955078125e-07,1.1920929e-07,1.1920929e-07,0.0,10.169206,2.515,-1.11,6.14,220.73,568.31,4.956496649864084,2.391342
1998-02-01,-0.028821032128997698,1110.0157945650988,0.6350414993083255,1.1920928955078125e-07,1.1920929e-07,1.1920929e-07,0.0,10.176,-0.35,-7.82,7.12,344.46,338.07,4.422588163961995,1.8900641
1998-02-02,-0.026159719110854435,1105.1565088729499,0.6698724656018982,1.1920928955078125e-07,1.1920929e-07,1.1920929e-07,0.0,10.176,0.485,-7.1,8.07,350.39,352.55,3.990033439989688,1.6024457
1998-02-03,-0.01766287770352295,1103.459856689846,0.7220217658796225,1.1920928955078125e-07,3.1352045e-07,5.2599998,5.26,10.235178,1.515,-2.95,5.98,202.8,483.92,3.8491890651278715,1.5120513
1998-02-04,-0.011020271971497537,1122.9317914747583,0.7734287704640893,1.1920928955078125e-07,1.1920929e-07,38.66,38.66,10.272,2.215,0.74,3.69,82.73,633.42,5.8141890127605,19.640232
1998-02-05,-0.006727588091980638,1148.1235761027167,0.7918548718411037,1.1920928955078125e-07,1.1920929e-07,28.01,28.01,10.272,2.235,1.09,3.38,68.93,660.32,9.913459463188865,9.779027
1998-02-06,-0.004057654069818539,1155.0690027529042,0.7996028762885078,1.1920928955078125e-07,1.1920929e-07,9.79,9.79,10.331169,2.205,0.64,3.77,92.18,631.96,11.484586140256758,5.8181105
1998-02-07,-0.002347661939205841,1150.5063495042737,0.7685882853285865,1.1920928955078125e-07,1.1920929e-07,3.88,3.88,10.367997,1.63,-0.28,3.54,116.43,596.44,10.426632602125123,4.158141
1998-02-08,-0.0013481090398417442,1142.9138837203716,0.8579109267379624,1.1920928955078125e-07,1.1920929e-07,2.06,2.06,10.367997,3.35,-0.29,6.99,250.13,596.27,8.877729818772476,3.1966736
1998-02-09,-0.0007698178272559113,1134.9363784042382,0.8185032662975735,1.1920928955078125e-07,1.1920929e-07,1.1920929e-07,0.0,10.457203,2.63,-4.87,10.13,379.09,428.19,7.497523678277695,2.563913
1998-02-10,-0.00041582036057269335,1127.1582626146503,0.8756986193686664,1.1920928955078125e-07,1.1920929e-07,1.1920929e-07,0.0,10.463997,3.725,-4.65,12.1,387.79,432.5,6.358694025992225,2.1694648
1998-02-11,-0.00024402995476269316,1121.656040914688,0.8822929944720906,1.1920928955078125e-07,1.1920929e-07,1.1920929e-07,0.0,10.463997,3.91,-3.23,11.05,376.39,480.0,5.6591821885161,2.0215468
1998-02-12,-0.00013763498453478264,1121.0398527534887,0.9127916170455549,1.1920928955078125e-07,1.1920929e-07,11.03,11.03,10.56,4.29,-0.4,8.98,234.18,597.18,5.5858007170631385,2.8926198
1998-02-13,-8.095861358989814e-05,1120.8494907288205,0.9230414524159681,1.1920928955078125e-07,1.1920929e-07,1.1920929e-07,0.0,10.56,4.46,0.13,8.79,295.62,612.67,5.563323584047114,2.1859002
1998-02-14,-4.559914093118234e-05,1114.9140309480993,0.860163613820536,1.1920928955078125e-07,1.1920929e-07,1.1920929e-07,0.0,10.56,3.485,-1.67,8.64,338.29,548.7,4.906081581650915,1.9475878
1998-02-15,-2.5341069099127184e-05,1109.405932700489,0.7498389143255034,1.1920928955078125e-07,1.1920929e-07,1.1920929e-07,0.0,10.655997,1.4,-5.61,8.41,387.68,410.32,4.365826332290304,1.7503637
1998-02-16,0.015983830710092288,1104.5106022494872,0.7318477909003743,0.008439020937526725,1.1920929e-07,1.1920929e-07,0.0,10.655997,1.11,-4.43,6.65,355.09,440.62,3.935817214330119,1.6846224
1998-02-17,0.009335747214670955,1120.9735172524643,1.0098622423924553,0.004885605931136445,1.1920929e-07,40.09,40.09,10.668552,5.66,0.83,10.49,244.62,640.0,5.577957814710822,10.600795
1998-02-18,0.005549060347801972,1140.5863178827199,1.2884774867771436,0.002851490603681604,1.1920929e-07,15.51,15.51,10.752,9.02,4.05,13.99,244.9,813.74,8.450665967329536,7.494515
1998-02-19,0.0032751733189688775,1137.2804690007413,1.2143982604380945,0.0016644011632608894,1.1920929e-07,1.1920929e-07,0.0,10.752,8.145,4.09,12.2,289.78,816.22,7.879176759141982,4.3307123
1998-02-20,0.001951574423158571,1130.586573606491,1.183454325780495,0.00098530851621029,1.1920929e-07,3.49,3.49,10.848,7.7,2.94,12.46,244.98,755.76,6.837613264658003,3.4103332
1998-02-21,0.001163858813671624,1124.5362028614397,1.1196185869423965,0.0005853157869556352,1.1920929e-07,1.1920929e-07,0.0,10.848,6.93,2.86,11.0,296.08,749.74,6.0151702876554465,2.8022256
1998-02-22,0.0006784571088737684,1117.323891387467,0.9652563178172543,0.0003403793101441951,1.1920929e-07,1.1920929e-07,0.0,10.848,4.775,-1.48,11.03,385.03,553.24,5.1630076874583155,2.3584714
1998-02-23,0.00040763827331561606,1121.9615607674223,1.0293496712667831,0.00020423455848723576,1.1920929e-07,18.95,18.95,10.944003,5.55,0.08,11.02,265.7,606.31,5.69592306529241,4.758031
1998-02-24,0.0002459207734428569,1129.1379954536756,0.9672183124506403,0.000123111579212258,1.1920929e-07,9.54,9.54,10.944003,4.515,1.69,7.34,168.27,696.51,6.631003291177037,3.936264
1998-02-25,0.00012919304312378053,1127.7511936450403,1.2084075412303403,6.463824866206539e-05,1.1920929e-07,1.1920929e-07,0.0,11.039997,7.79,2.99,12.59,337.37,759.04,6.439056359222285,2.8761845
1998-02-26,-1.3902610643494771e-05,1124.3846919877137,1.2252432317999156,1.1920928955078125e-07,1.1920929e-07,1.1920929e-07,0.0,11.039997,8.05,-1.57,17.67,437.42,544.97,5.995897458222665,2.4324303
1998-02-27,-0.000151895433787683,1119.9556845671232,1.3516034675155686,1.1920928955078125e-07,1.1920929e-07,0.65,0.65,11.039997,9.64,1.51,17.77,420.17,680.42,5.4589901331562025,2.1776826
1998-02-28,-0.0002450307579314475,1114.8185026271499,1.3974354168628018,1.1920928955078125e-07,1.1920929e-07,1.35,1.35,11.136005,10.1,5.41,14.79,324.09,898.43,4.896164633680554,2.0133293
1998-03-01,-0.00025355391469745163,1109.3274774116749,1.460052644138141,1.1920928955078125e-07,1.1920929e-07,1.1920929e-07,0.0,11.136005,10.87,5.82,15.92,341.71,917.03,4.358577328809899,1.8489758
1998-03-02,-0.00015133191490081845,1103.9063730678533,1.2139942748343358,1.1920928955078125e-07,1.1920929e-07,1.1920929e-07,0.0,11.232,7.925,2.71,13.14,353.68,743.99,3.8857664293250007,1.7092754
1998-03-03,-1.4032838602859982e-06,1099.074217521367,0.9258099218604587,1.1920928955078125e-07,1.1920929e-07,1.1920929e-07,0.0,11.232,3.875,-1.53,9.28,372.35,551.06,3.5077311132077678,1.5860103
1998-03-04,0.0001470734161523634,1094.7592029456705,0.7850193662682702,7.355550072069747e-05,1.1920929e-07,1.1920929e-07,0.0,11.232,1.495,-3.15,6.14,347.48,483.39,3.2013489358381655,1.495616
1998-03-05,0.00025210988743354655,1090.8204663927593,0.8838480681240863,0.00012621384212096527,1.1920929e-07,1.1920929e-07,0.0,11.328006,3.17,-1.45,7.79,347.69,560.0,2.945106921294383,1.4298745
1998-03-06,0.0002717178322796809,1087.1171449146289,0.9331956942285751,0.0001360434924772259,1.1920929e-07,1.1920929e-07,0.0,11.328006,4.03,-1.31,9.37,374.9,560.0,2.722918692692263,1.3641332
1998-03-07,0.0001833963874067297,1083.8750275770121,1.061201600078997,9.17822792670815e-05,1.1920929e-07,1.1920929e-07,0.0,11.424,5.885,1.6,10.17,323.03,689.07,2.5422065877029394,1.3230449
1998-03-08,0.00010795947285737255,1087.316575225797,1.356557304496159,5.4008874545305276e-05,1.1920929e-07,15.38,15.38,11.424,9.625,5.87,13.38,213.47,920.1,2.734445097221669,2.2598593
1998-03-09,6.491271477518394e-05,1104.0881845642878,1.5032652519322045,3.246689153857079e-05,1.1920929e-07,24.02,24.02,11.520002,10.87,6.45,15.29,239.45,967.19,3.9007593056777505,5.481186
1998-03-10,3.641119648931192e-05,1113.6327713858316,1.19173670422614,1.82089126826938e-05,1.1920929e-07,5.37,5.37,11.520002,7.115,-2.77,17.0,375.4,501.21,4.77472780434497,3.2541974
1998-03-11,3.0386713909423585e-05,1110.228756526023,0.5975296513330218,1.1920928955078125e-07,1.1920929e-07,1.1920929e-07,0.0,11.520002,-2.985,-7.64,1.67,353.42,342.56,4.442582585172512,2.3338182
1998-03-12,3.047069741950704e-05,1105.4779370441584,0.5429716357739595,1.1920928955078125e-07,1.1920929e-07,1.1920929e-07,0.0,11.615997,-4.38,-9.8,1.04,398.5,291.1,4.017291197740546,1.9804585
1998-03-13,3.047069741950704e-05,1101.1110992482995,0.5480678657092855,1.1920928955078125e-07,1.1920929e-07,1.1920929e-07,0.0,11.615997,-4.195,-11.57,3.18,464.79,258.89,3.662379262398827,1.7832344
1998-03-14,2.805759576310436e-05,1096.9777966446154,0.7316450770963814,1.1920928955078125e-07,1.1920929e-07,1.1920929e-07,0.0,11.712,-0.165,-9.48,9.15,492.31,299.32,3.355378986671248,1.6764047
1998-03-15,1.711203783173535e-05,1092.874613829852,1.0288534673224579,8.556750970462774e-06,1.1920929e-07,1.1920929e-07,0.0,11.712,4.915,-3.2,13.03,468.74,475.95,3.0760749480189604,1.569575
1998-03-16,3.522820652471818e-06,1088.976180209415,0.9619632348377407,1.7614413518992796e-06,1.1920929e-07,0.22,0.22,11.712,3.96,-1.64,9.56,394.87,542.8,2.8322768817391193,1.4791806
1998-03-17,2.507855761021502e-06,1086.1246619002613,0.7820128368487229,9.02294793987048e-07,4.590452e-05,1.4599541,1.46,11.808002,0.825,-1.02,2.67,160.92,570.45,2.6662750315194716,1.4380922
1998-03-18,8.756665903010117e-06,1084.7035048147786,0.8827279690483223,4.378524649499278e-06,1.1920929e-07,4.18,4.18,11.808002,2.62,-0.38,5.62,190.77,595.04,2.5872112958179954,1.495616
1998-03-19,5.629134849714569e-06,1090.0292058742195,1.056924181291361,2.814646642755154e-06,1.1920929e-07,16.95,16.95,11.903997,5.115,2.75,7.48,153.65,740.11,2.8961587220532605,1.9064995
1998-03-20,3.3416132524062973e-06,1092.8155892824416,1.7248590884189445,1.6708345421509678e-06,1.1920929e-07,1.1920929e-07,0.0,11.903997,12.705,6.51,18.9,419.69,960.5,3.072231610247831,5.0785203
1998-03-21,1.7445300133578046e-06,1090.7937372860063,1.3024767968788693,8.722726151413207e-07,1.1920929e-07,40.4,40.4,12.000009,8.175,3.83,12.52,258.21,798.64,2.9434400080170118,11.504738
1998-03-22,2.5955142710030533e-07,1088.4305485314576,0.9619623352600462,1.2977588196751095e-07,1.1920929e-07,2.55,2.55,12.000009,3.605,0.31,6.9,259.22,623.92,2.799732312396307,5.127826
1998-03-23,-7.584770839623395e-07,1085.7303123917786,0.8718269813896427,1.1920928955078125e-07,1.1920929e-07,1.1920929e-07,0.0,12.000009,2.185,-3.22,7.59,414.24,475.56,2.64409694092694,3.5335982
1998-03-24,-9.389648974254531e-07,1082.6064658104012,0.9379261158250455,1.1920928955078125e-07,1.1920929e-07,1.1920929e-07,0.0,12.096003,3.19,-3.65,10.03,469.74,464.63,2.4748079251533737,2.8926198
1998-03-25,-3.4628860325687706e-07,1079.0810333944253,0.9864539611165847,1.1920928955078125e-07,1.1920929e-07,1.1920929e-07,0.0,12.096003,3.99,-2.77,10.75,466.13,498.23,2.2967381505967714,2.4488657
1998-03-26,4.501073611002839e-07,1075.3090937596487,1.0615243414186772,2.2505418704173325e-07,1.1920929e-07,1.1920929e-07,0.0,12.191998,5.025,-0.62,10.67,415.47,590.02,2.1203808903382937,2.1859002
1998-03-27,1.235145778606477e-06,1071.3615675526928,1.8677015626635745,6.175767032659745e-07,1.1920929e-07,1.1920929e-07,0.0,12.191998,13.925,4.01,23.84,509.02,805.92,1.950298468228006,2.0051115
1998-03-28,1.7960963711762643e-06,1067.3088002391523,2.510103636383315,8.980562504935684e-07,1.1920929e-07,1.1920929e-07,0.0,12.288,18.755,11.37,26.14,451.63,1349.66,1.7898645971592255,1.8571935
1998-03-29,1.920228860724209e-06,1063.2211372846225,2.425986042692359,9.601236485592981e-07,1.1920929e-07,1.1920929e-07,0.0,12.288,18.245,10.51,25.98,466.08,1280.74,1.6414145377201423,1.7257107
1998-03-30,1.409225168277382e-06,1059.179551597716,2.5139295768807046,7.046175489276282e-07,1.1920929e-07,1.1920929e-07,0.0,12.288,18.91,9.22,28.6,497.78,1177.69,1.5067466419801487,1.6270987
1998-03-31,7.199231916844892e-07,1055.7058568166321,2.60622476921242,3.599628915657494e-07,1.1920929e-07,1.1920929e-07,0.0,12.383997,19.445,12.0,26.89,450.04,1400.35,1.3998649721741738,1.544922
1998-04-01,2.3406233303142287e-07,1053.1462750509543,2.5498263202010145,1.1920928955078125e-07,1.1920929e-07,2.26,2.26,12.383997,19.115,13.28,24.95,369.42,1530.89,1.3259919050395326,1.569575
1998-04-02,5.416233797281177e-08,1051.5726141731539,2.199182298333698,1.1920928955078125e-07,1.1920929e-07,2.43,2.43,12.479998,16.53,8.09,24.97,441.09,1089.51,1.2825224098066048,1.470963
1998-04-03,3.231199929183622e-08,1048.241976013137,1.8665373936816443,1.1920928955078125e-07,1.1920929e-07,1.1920929e-07,0.0,12.479998,13.89,3.68,24.1,522.06,793.01,1.1951621663156362,1.3805686
1998-04-04,1.9459370062490585e-08,1054.642109720245,1.5978343959387449,1.1920928955078125e-07,1.1920929e-07,17.18,17.18,12.479998,11.295,5.7,16.89,298.26,911.41,1.3686766860894735,2.1283765
1998-04-05,1.1748665000003951e-08,1064.52239320796,1.1717498784123148,1.1920928955078125e-07,1.1920929e-07,7.72,7.72,12.576003,6.205,1.66,10.75,263.42,692.22,1.6872846934197723,1.9393702
1998-04-06,7.027637109275148e-09,1065.313250102577,1.2906666014554444,1.1920928955078125e-07,1.1920929e-07,1.1920929e-07,0.0,12.576003,7.675,-1.11,16.46,514.95,567.11,1.7157869518589717,1.6024457
1998-04-07,3.9817117263739834e-09,1062.6028143998544,1.495119297452026,1.1920928955078125e-07,1.1920929e-07,1.1920929e-07,0.0,12.672003,9.885,-0.43,20.2,534.45,589.62,1.6200573930564928,1.495616
1998-04-08,2.339846904895835e-09,1060.845576149026,1.9003953901012767,1.1920928955078125e-07,1.1920929e-07,1.1920929e-07,0.0,12.672003,13.74,3.29,24.19,526.98,783.12,1.5608665894305296,1.4380922
1998-04-09,1.3259079696691843e-09,1065.3558119447798,2.4722655342380873,1.1920928955078125e-07,1.1920929e-07,11.73,11.73,12.767997,17.885,10.36,25.41,335.62,1268.54,1.7173344494454212,2.0626352
1998-04-10,7.807813877038922e-10,1069.0811828429848,1.97047763360324,1.1920928955078125e-07,1.1920929e-07,4.01,4.01,12.767997,14.08,6.48,21.68,346.5,966.12,1.858335420425573,1.9147171
1998-04-11,4.517210931026462e-10,1068.6500827423279,1.2592538225482832,1.1920928955078125e-07,1.1920929e-07,1.61,1.61,12.767997,7.015,1.4,12.63,396.24,679.22,1.8414437987151568,1.618881
1998-04-12,2.6203373941807967e-10,1066.1535180616781,1.373107302013015,1.1920928955078125e-07,1.1920929e-07,1.1920929e-07,0.0,12.863992,8.27,-0.85,17.39,519.56,574.5,1.746597688618112,1.4791806
1998-04-13,1.2957224163712175e-10,1062.8183954570047,1.4817413255238372,1.1920928955078125e-07,1.1920929e-07,1.1920929e-07,0.0,12.863992,9.505,-0.58,19.59,536.95,584.92,1.6274719183941329,1.4052216
1998-04-14,6.360368677157885e-11,1061.008101571556,1.725239427439869,1.1920928955078125e-07,1.1920929e-07,2.82,2.82,12.959997,11.82,2.91,20.73,407.68,752.64,1.5662491045126756,1.3805686
1998-04-15,3.813452757447294e-11,1059.3256638735104,1.9443936745920802,1.1920928955078125e-07,1.1920929e-07,0.57,0.57,12.959997,13.77,6.88,20.66,436.71,992.51,1.511416993528448,1.3476979
1998-04-16,2.3030512383269066e-11,1055.3743548357359,2.3017090600712637,1.1920928955078125e-07,1.1920929e-07,1.1920929e-07,0.0,12.959997,16.6,8.25,24.95,477.23,1105.36,1.3900700977827147,1.2983918
1998-04-17,1.3938101623018908e-11,1070.3895617511664,2.5926766601031734,1.1920928955078125e-07,1.1920929e-07,36.26,36.26,13.0560055,18.23,12.4,24.06,278.89,1431.79,1.9105557695592796,3.8458695
1998-04-18,8.436747717115677e-12,1085.4913093872376,2.2834231988003997,1.1920928955078125e-07,1.1920929e-07,3.82,3.82,13.0560055,15.88,9.32,22.44,317.43,1185.88,2.630745370662444,2.2598593
1998-04-19,5.068265865416658e-12,1085.1701625854496,1.59634617848571,1.1920928955078125e-07,1.1920929e-07,6.97,6.97,13.152002,10.0,7.57,12.43,135.29,1046.69,2.61291104939197,4.6676364
1998-04-20,3.065273165126438e-12,1100.9903749092327,1.5859367246429699,1.1920928955078125e-07,1.1920929e-07,31.11,31.11,13.152002,9.67,6.59,12.75,170.63,973.05,3.6530262085670833,6.648095
1998-04-21,1.854101865420237e-12,1109.9435994796415,1.6902408590090423,1.1920928955078125e-07,1.1920929e-07,1.1920929e-07,0.0,13.152002,10.545,3.16,17.93,461.21,768.19,4.4158304073415975,3.4432037
1998-04-22,1.0810048443481401e-12,1104.1327982100133,1.725007864491202,1.1920928955078125e-07,1.1920929e-07,1.1920929e-07,0.0,13.248,10.835,4.57,17.1,411.95,850.84,3.9044471493953856,2.6625252
1998-04-23,6.268387655034531e-13,1099.5349085839969,1.6690733253859418,1.1920928955078125e-07,1.1920929e-07,1.82,1.82,13.248,10.38,5.74,15.02,328.66,912.02,3.5421270507693823,2.317383
1998-04-24,3.278832277075354e-13,1096.2738056008577,1.8279380880103084,1.1920928955078125e-07,1.1920929e-07,5.61,5.61,13.331445,11.77,5.26,18.28,319.47,893.0,3.3057168727229485,2.1694648
1998-04-25,1.1828724762224067e-13,1092.902544855871,2.144402040037188,1.1920928955078125e-07,1.1920929e-07,1.1920929e-07,0.0,13.343997,14.38,6.37,22.39,478.22,951.38,3.0778953307315517,1.8571935
1998-04-26,3.865844493573707e-14,1088.3783587207788,2.4249477148632903,1.1920928955078125e-07,1.1920929e-07,1.1920929e-07,0.0,13.343997,16.47,8.26,24.68,481.95,1101.12,2.796639079384492,1.69284
1998-04-27,1.812298939860477e-14,1084.1692416042388,2.342743993009528,1.1920928955078125e-07,1.1920929e-07,1.1920929e-07,0.0,13.439992,15.845,7.6,24.09,484.56,1048.33,2.5580985879598197,1.5860103
1998-04-28,1.1055977570001687e-15,1080.8703238778405,1.389527997486571,1.1920928955078125e-07,1.1920929e-07,1.0,1.0,13.439992,7.565,-0.75,15.88,505.54,576.89,2.38545344235519,1.5367043
1998-04-29,-8.004644060782428e-15,1077.5420690829187,1.6562400123295011,1.1920928955078125e-07,1.1920929e-07,1.1920929e-07,0.0,13.439992,10.35,0.67,20.03,536.62,646.35,2.2230782179600643,1.4380922
1998-04-30,-6.380238270492525e-15,1073.5508644479853,2.126279140806037,1.1920928955078125e-07,1.1920929e-07,1.1920929e-07,0.0,13.536,14.3,7.77,20.83,422.96,1061.52,2.042867263970802,1.4052216
1998-05-01,-3.5992019880781694e-15,1073.0729008782478,2.244890280744602,1.1920928955078125e-07,1.1920929e-07,8.1,8.1,13.536,15.195,11.4,18.99,203.42,1351.82,2.0222899415158135,2.0297644
1998-05-02,-2.096458369220306e-15,1081.7378588343638,2.090215002745284,1.1920928955078125e-07,1.1920929e-07,20.15,20.15,13.542794,13.89,8.23,19.55,292.85,1098.53,2.4296923747946066,2.7036135
1998-05-03,-1.2449154560367884e-15,1086.970116339804,2.2893938288111366,1.1920928955078125e-07,1.1920929e-07,2.14,2.14,13.632003,15.19,8.83,21.55,413.13,1146.01,2.714452058918227,1.6270987
1998-05-04,-7.443475246271701e-16,1088.96981536218,2.2492630730150944,1.1920928955078125e-07,1.1920929e-07,10.77,10.77,13.632003,14.87,8.16,21.58,332.86,1096.03,2.8318950738967694,1.544922
1998-05-05,-4.452576626798191e-16,1092.088661346132,2.172185102653631,1.1920928955078125e-07,1.1920929e-07,5.33,5.33,13.668831,14.21,7.8,20.62,322.45,1066.39,3.0252901527533145,1.5613573
1998-05-06,-2.653021183307221e-16,1089.5643842089103,2.2470286196324367,1.1920928955078125e-07,1.1920929e-07,1.1920929e-07,0.0,13.728,14.73,7.22,22.24,476.96,1027.77,2.867784563938502,1.421657
1998-05-07,-1.2939991350167365e-16,1084.769535012509,2.418317377845543,1.1920928955078125e-07,1.1920929e-07,2.97,2.97,13.728,16.01,10.52,21.5,320.21,1281.35,2.5908322969511466,1.4052216
1998-05-08,6.473009414686887e-18,1081.5169778667498,2.5226090505176857,1.1920928955078125e-07,1.1920929e-07,12.02,12.02,13.764828,16.715,12.9,20.53,217.5,1494.45,2.418351554159384,1.8654112
1998-05-09,1.0690670856475919e-16,1079.8066316983375,2.6057675601915626,1.1920928955078125e-07,1.1920929e-07,1.6,1.6,13.8239975,17.21,12.59,21.83,342.93,1447.45,2.332309454818462,1.5038337
1998-05-10,1.3595687495599676e-16,1079.6098203556255,2.4598133594959477,1.1920928955078125e-07,1.1920929e-07,1.1920929e-07,0.0,13.8239975,16.255,11.41,21.1,366.24,1353.03,2.322606995798331,1.3805686
1998-05-11,8.226043393030751e-17,1080.0452605232642,2.3864532364239865,1.1920928955078125e-07,1.1920929e-07,17.19,17.19,13.830791,15.74,12.19,19.29,212.96,1415.52,2.3441278232095963,2.1365943
1998-05-12,2.270857686289837e-17,1078.3040096989253,2.2819388834345515,1.1920928955078125e-07,1.1920929e-07,2.73,2.73,13.919997,14.925,10.1,19.75,325.82,1248.24,2.2592471351111403,1.742146
1998-05-13,-2.1219027925726246e-17,1074.8653153689747,2.340756909081443,1.1920928955078125e-07,1.1920929e-07,0.04,0.04,13.919997,15.395,9.84,20.95,427.46,1227.54,2.100543208198126,1.5202689
1998-05-14,-3.533953830517086e-17,1070.5196989205501,2.6059778424182105,1.1920928955078125e-07,1.1920929e-07,1.1920929e-07,0.0,13.919997,17.24,11.0,23.48,460.67,1320.0,1.915829406136099,1.3970039
1998-05-15,-2.0990329202100828e-17,1065.8882986991514,2.8864658440102735,1.1920928955078125e-07,1.1920929e-07,1.1920929e-07,0.0,14.016,18.915,10.29,27.54,532.7,1262.87,1.7368134002017395,1.3066095
1998-05-16,-8.824155115668994e-18,1061.6654917643998,3.2084187289262016,1.1920928955078125e-07,1.1920929e-07,1.1920929e-07,0.0,14.016,20.785,11.81,29.76,533.68,1384.58,1.5882105851778157,1.2737389
1998-05-17,-2.299119004098735e-18,1059.2018520455822,3.544913424532803,1.1920928955078125e-07,1.1920929e-07,5.77,5.77,14.016,22.55,15.5,29.6,348.61,1760.1,1.5074585220232315,1.2819566
1998-05-18,-1.1624047748369174e-18,1057.8994284449402,3.176023040535895,1.1920928955078125e-07,1.1920929e-07,1.1920929e-07,0.0,14.099442,20.57,12.75,28.39,503.25,1480.11,1.46644081198029,1.1258208
1998-05-19,-4.939027729084022e-19,1054.2351110937846,3.109181834926691,1.1920928955078125e-07,1.1920929e-07,1.1920929e-07,0.0,14.111998,20.25,10.38,30.12,547.29,1270.33,1.356928424172128,1.0600795
1998-05-20,-1.2946767031229498e-19,1049.621348081742,3.229251543425206,1.1920928955078125e-07,1.1920929e-07,1.1920929e-07,0.0,14.111998,20.975,11.85,30.1,524.96,1388.61,1.2305960270521288,1.0107734
1998-05-21,-6.664701777814055e-20,1045.4807532521206,3.5088220396573604,1.1920928955078125e-07,1.1920929e-07,1.62,1.62,14.111998,22.48,16.66,28.3,398.34,1886.92,1.127266737960189,0.9861204
1998-05-22,-3.780465248346584e-20,1041.8493997410837,3.09084350391777,1.1920928955078125e-07,1.1920929e-07,1.1920929e-07,0.0,14.207997,20.235,14.04,26.43,428.24,1604.16,1.04381209270778,0.95324975
1998-05-23,-2.228834326810379e-20,1042.219090338256,2.743106599670285,1.1920928955078125e-07,1.1920929e-07,5.52,5.52,14.207997,18.205,13.03,23.38,285.07,1507.51,1.0520177360059828,1.0272088
1998-05-24,-1.2644234553791428e-20,1053.4985514689606,2.6019580608716804,1.1920928955078125e-07,1.1920929e-07,22.19,22.19,14.207997,17.14,13.09,21.19,236.15,1494.04,1.3359229775419683,1.1997799
1998-05-25,-7.52620719576369e-21,1064.9716818637226,2.9582306101719222,1.1920928955078125e-07,1.1920929e-07,9.0,9.0,14.207997,19.115,14.69,23.54,254.7,1679.45,1.7034183333761346,1.2490859
1998-05-26,-4.475765489586038e-21,1066.6008804909509,3.5386555731780462,1.1920928955078125e-07,1.1920929e-07,5.54,5.54,14.291445,22.06,15.74,28.38,326.36,1785.01,1.763226532522694,1.0765148
1998-05-27,-2.6506302577614115e-21,1071.4037582835463,3.269899207633848,1.1920928955078125e-07,1.1920929e-07,12.72,12.72,14.304,20.605,15.5,25.71,287.06,1752.58,1.9520421315143206,1.4791806
1998-05-28,-1.5718120926805442e-21,1077.0873636362735,3.109426458067883,1.1920928955078125e-07,1.1920929e-07,10.8,10.8,14.304,19.655,15.62,23.69,243.26,1764.93,2.201770074306185,1.495616
1998-05-29,-8.763394777274084e-22,1075.090035765052,3.604046756514297,1.1920928955078125e-07,1.1920929e-07,1.1920929e-07,0.0,14.304,22.225,16.07,28.38,443.23,1825.36,2.11056530366953,1.1669091
1998-05-30,-5.103988761429538e-22,1069.6079653878382,3.782119210696659,1.1920928955078125e-07,1.1920929e-07,1.1920929e-07,0.0,14.304,23.155,16.38,29.93,465.42,1856.86,1.8791866209171537,1.0436441
1998-05-31,-2.846430512984917e-22,1064.0436219108665,3.796302802217043,1.1920928955078125e-07,1.1920929e-07,1.1920929e-07,0.0,14.387447,23.21,16.12,30.3,473.6,1830.3,1.6702604946245436,1.0025557
1998-06-01,-1.615374550139106e-22,1058.8277343368152,3.7241324997175393,1.1920928955078125e-07,1.1920929e-07,1.1920929e-07,0.0,14.4000025,22.945,16.61,29.28,443.12,1888.69,1.4955602342273027,0.92037904
1998-06-02,-6.024070570055832e-23,1055.5215238391636,3.304057456528957,1.1920928955078125e-07,1.1920929e-07,1.1920929e-07,0.0,14.4000025,20.925,13.43,28.42,495.31,1548.96,1.3944100060284341,0.8628554
1998-06-03,2.4946918353198424e-23,1054.0612382178563,3.5521512397288935,1.1920928955078125e-07,1.1920929e-07,6.32,6.32,14.4000025,22.2,14.5,29.9,371.72,1639.76,1.3519402715563895,0.91216135
1998-06-04,6.970713238156894e-23,1053.8003591617867,3.261436236718731,1.1920928955078125e-07,1.1920929e-07,3.34,3.34,14.4000025,20.73,13.65,27.81,387.06,1562.15,1.3444904168643752,0.8546377
1998-06-05,5.401004935045297e-23,1053.9844670103776,2.9567837344571126,1.1920928955078125e-07,1.1920929e-07,5.2,5.2,14.4000025,19.055,14.74,23.37,259.21,1684.44,1.3497436600871633,0.93681437
1998-06-06,2.0169985281686923e-23,1052.8799539902054,2.5741577074245225,1.1920928955078125e-07,1.1920929e-07,4.24,4.24,14.4368305,16.705,12.92,20.49,243.13,1478.02,1.3185330449576669,0.9614674
1998-06-07,-8.300465044303937e-24,1050.4887839569992,2.0134373349172296,1.1920928955078125e-07,1.1920929e-07,1.1920929e-07,0.0,14.496003,12.66,6.34,18.98,479.13,956.48,1.253415160141316,0.8792907
1998-06-08,-2.3277777968450998e-23,1047.3503292645598,2.144297792034064,1.1920928955078125e-07,1.1920929e-07,1.1920929e-07,0.0,14.496003,13.725,6.58,20.87,507.25,967.17,1.1728019770726048,0.81354934
1998-06-09,-1.8229306051924057e-23,1044.071577373511,2.277842573154108,1.1920928955078125e-07,1.1920929e-07,1.1920929e-07,0.0,14.496003,14.76,8.26,21.26,475.03,1106.5,1.094117234709284,0.7888963
1998-06-10,-9.136862083292001e-24,1042.0343573356686,2.844289181649927,1.1920928955078125e-07,1.1920929e-07,6.99,6.99,14.496003,18.48,13.89,23.07,268.83,1590.63,1.0479093751089463,0.895726
1998-06-11,-3.258207272482423e-24,1041.8587382294143,3.250705438845483,1.1920928955078125e-07,1.1920929e-07,1.93,1.93,14.496003,20.755,14.6,26.91,406.72,1667.92,1.0440185795030155,0.871073
1998-06-12,-1.4617180599841157e-24,1043.3575629500874,3.6260131867982994,1.1920928955078125e-07,1.1920929e-07,8.61,8.61,14.496003,22.62,17.29,27.95,288.96,1974.62,1.0776946562621141,1.1176032
1998-06-13,-8.059237899934171e-25,1042.3077747304774,3.7425357793378744,1.1920928955078125e-07,1.1920929e-07,2.05,2.05,14.496003,23.19,17.84,28.54,359.03,2050.46,1.0539957467440833,0.895726
1998-06-14,-4.465838306806326e-25,1038.761381918363,3.3716239150575684,1.1920928955078125e-07,1.1920929e-07,1.1920929e-07,0.0,14.496003,21.435,15.93,26.94,404.74,1808.08,0.9777234523414485,0.797114
1998-06-15,-2.635445421598932e-25,1039.0696304722044,3.577058302161011,1.1920928955078125e-07,1.1920929e-07,6.64,6.64,14.496003,22.455,17.05,27.86,300.78,1939.87,0.9841279644168388,0.81354934
1998-06-16,-1.5698809892327726e-25,1039.0543046673376,3.7571924166879356,1.1920928955078125e-07,1.1920929e-07,1.2,1.2,14.502797,23.305,17.13,29.48,416.96,1950.51,0.9838085497874673,0.81354934
1998-06-17,-9.253397882903075e-26,1039.4134845586627,3.5739542741968675,1.1920928955078125e-07,1.1920929e-07,7.12,7.12,14.532827,22.39,16.12,28.66,334.86,1833.44,0.9913217698087401,0.8792907
1998-06-18,-4.850401463837483e-26,1040.1443617377956,3.685828996815416,1.1920928955078125e-07,1.1920929e-07,1.1920929e-07,0.0,14.532827,22.915,16.75,29.08,445.67,1911.59,1.0067876781894596,0.72315496
1998-06-19,-7.240426554129608e-27,1038.5288208438897,3.8842061163330945,1.1920928955078125e-07,1.1920929e-07,1.1920929e-07,0.0,14.57945,23.805,18.68,28.93,391.8,2155.03,0.9729191063757168,0.6902843
1998-06-20,2.150878154541939e-26,1035.2705844622988,3.6030734304630485,1.1920928955078125e-07,1.1920929e-07,1.89,1.89,14.57945,22.545,16.99,28.1,401.46,1933.46,0.9080392506079769,0.70671964
1998-06-21,2.742448151215669e-26,1031.1552019733128,3.4509601833798764,1.1920928955078125e-07,1.1920929e-07,1.1920929e-07,0.0,14.57945,21.865,14.39,29.34,504.22,1647.87,0.8322383619491056,0.6409783
1998-06-22,1.411144194575801e-26,1026.6268473889575,3.648555255947404,1.1920928955078125e-07,1.1920929e-07,1.1920929e-07,0.0,14.57945,22.91,16.14,29.68,472.15,1838.47,0.756122150586127,0.6327606
1998-06-23,1.1619498457301955e-27,1021.77278352811,3.931500591139643,1.1920928955078125e-07,1.1920929e-07,1.1920929e-07,0.0,14.57945,24.305,18.08,30.53,440.14,2076.54,0.6822444824270568,0.61632526
1998-06-24,-7.877373362037905e-27,1017.0980740255948,3.922385807882915,1.1920928955078125e-07,1.1920929e-07,1.1920929e-07,0.0,14.57945,24.345,18.02,30.67,442.57,2063.36,0.6179281236132008,0.59167224
1998-06-25,-9.692723902699794e-27,1013.1136372375638,3.906667638724167,1.1920928955078125e-07,1.1920929e-07,1.29,1.29,14.532827,24.4,16.78,32.02,487.2,1919.42,0.567917987104113,0.59988993
1998-06-26,-5.7482498468660605e-27,1009.276679847629,4.1705293888676644,1.1920928955078125e-07,1.1920929e-07,1.1920929e-07,0.0,14.502797,25.665,17.96,33.37,482.0,2061.9,0.5235882969151079,0.5752369
1998-06-27,-3.099627482944179e-27,1004.4961560958053,4.4420850987937905,1.1920928955078125e-07,1.1920929e-07,1.1920929e-07,0.0,14.496003,26.89,20.53,33.25,420.14,2404.9,0.47316704372610774,0.5423662
1998-06-28,-1.8167632100711694e-27,999.9355740592262,4.24115838118633,1.1920928955078125e-07,1.1920929e-07,0.03,0.03,14.496003,26.14,20.28,32.0,402.54,2371.0,0.4295980111689466,0.5177132
1998-06-29,-1.0709874594086074e-27,1000.2336623707872,3.8287643298741205,1.1920928955078125e-07,1.1920929e-07,9.87,9.87,14.496003,24.315,18.13,30.5,320.22,2077.04,0.4323190165226822,0.62454295
1998-06-30,-6.422859422003383e-28,999.8081601715126,3.901424383904275,1.1920928955078125e-07,1.1920929e-07,1.1920929e-07,0.0,14.496003,24.655,19.29,30.02,388.21,2247.54,0.428440184480482,0.61632526
1998-07-01,-3.861232556867493e-28,998.709702954266,3.6593528524562418,1.1920928955078125e-07,1.1920929e-07,6.07,6.07,14.496003,23.545,18.0,29.09,302.7,2064.8,0.4185868941057285,0.5423662
1998-07-02,-2.3190196054279156e-28,997.9040515098689,3.185911842780572,1.1920928955078125e-07,1.1920929e-07,1.1920929e-07,0.0,14.496003,21.15,14.1,28.2,483.56,1612.34,0.4115044530386291,0.50949556
1998-07-03,-1.3818062892900554e-28,994.4698471254221,3.1602297681439047,1.1920928955078125e-07,1.1920929e-07,1.1920929e-07,0.0,14.496003,21.07,13.34,28.8,506.12,1536.14,0.3826341436217785,0.50127786
1998-07-04,-8.011051251290326e-29,992.6643534115306,3.3050368826202465,1.1920928955078125e-07,1.1920929e-07,1.1920929e-07,0.0,14.496003,21.875,14.11,29.64,503.24,1614.75,0.3682775192692414,0.50127786
1998-07-05,-4.19752293670907e-29,993.458962289215,3.4239730661330263,1.1920928955078125e-07,1.1920929e-07,6.89,6.89,14.496003,22.475,16.04,28.91,334.59,1812.75,0.37452836713408777,0.5259309
1998-07-06,-2.401578852170394e-29,992.8627341932429,3.3066491475785393,1.1920928955078125e-07,1.1920929e-07,1.1920929e-07,0.0,14.483447,21.895,15.55,28.24,444.03,1764.21,0.3698282557115208,0.4930602
1998-07-07,-1.3451000428206353e-29,989.0197488227157,3.4003679630178207,1.1920928955078125e-07,1.1920929e-07,1.1920929e-07,0.0,14.406797,22.54,16.1,28.98,445.64,1828.2,0.3409172255511581,0.46840718
1998-07-08,-7.809593156805338e-30,986.8513274114424,3.6548348734330123,1.1920928955078125e-07,1.1920929e-07,4.05,4.05,14.4000025,23.85,18.64,29.06,282.66,2141.95,0.32561312843671664,0.47662488
1998-07-09,-4.4508636480715015e-30,986.6221711165185,3.784698830333669,1.1920928955078125e-07,1.1920929e-07,5.0,5.0,14.4000025,24.47,19.07,29.87,291.52,2212.74,0.3240364956195976,0.5341486
1998-07-10,-2.5918406238657862e-30,989.273533270995,3.835833723595344,1.1920928955078125e-07,1.1920929e-07,9.97,9.97,14.4000025,24.66,18.79,30.53,305.59,2171.43,0.34275474593914834,0.5752369
1998-07-11,-1.3767922095266674e-30,988.0044570440205,3.4403727201679843,1.1920928955078125e-07,1.1920929e-07,1.1920929e-07,0.0,14.4000025,22.77,16.77,28.77,426.38,1911.48,0.3336640391389734,0.47662488
1998-07-12,-6.785131631175957e-31,984.1537437649788,3.2578192460692836,1.1920928955078125e-07,1.1920929e-07,1.1920929e-07,0.0,14.4000025,21.89,16.23,27.55,412.48,1844.26,0.3075297753474075,0.45197186
1998-07-13,-3.9170198160032937e-31,980.4859928088237,3.456757760663805,1.1920928955078125e-07,1.1920929e-07,1.1920929e-07,0.0,14.310795,23.095,17.62,28.57,397.18,2020.29,0.28454305288624826,0.42731884
1998-07-14,-2.079975299843191e-31,976.7491436110802,3.4567335993397927,1.1920928955078125e-07,1.1920929e-07,1.1920929e-07,0.0,14.304,23.17,16.81,29.53,438.73,1911.14,0.2628894612896726,0.41088352
1998-07-15,-1.2079897906618605e-31,973.0211752007281,3.355014608926973,1.1920928955078125e-07,1.1920929e-07,1.1920929e-07,0.0,14.304,22.715,16.05,29.38,452.0,1822.83,0.24292938986031865,0.39444816
1998-07-16,-7.092769397213041e-32,969.295138607615,3.6425748448225965,1.1920928955078125e-07,1.1920929e-07,1.1920929e-07,0.0,14.304,24.225,17.15,31.3,459.59,1962.48,0.22449398691107336,0.3862305
1998-07-17,-4.2689865369042796e-32,972.5682963486612,3.943813062071148,1.1920928955078125e-07,1.1920929e-07,12.5,12.5,14.304,25.575,19.25,31.9,315.44,2233.83,0.24061022722951841,0.91216135
1998-07-18,-2.574027551038994e-32,974.8757201264242,3.474219074700816,1.1920928955078125e-07,1.1920929e-07,1.1920929e-07,0.0,14.207997,23.41,15.62,31.2,486.14,1772.21,0.2526619171589382,0.5341486
1998-07-19,-1.5501418057938038e-32,970.7707840018988,3.5302418427291764,1.1920928955078125e-07,1.1920929e-07,1.1920929e-07,0.0,14.207997,23.765,16.8,30.73,452.84,1912.83,0.23162156466613215,0.42731884
1998-07-20,-9.291548581371169e-33,968.9976675664095,3.844268163246552,1.1920928955078125e-07,1.1920929e-07,4.28,4.28,14.207997,25.305,17.97,32.64,343.9,2070.41,0.2230839439257572,0.41088352
1998-07-21,-5.2399680493900215e-33,966.0538475255572,3.9294410627613674,1.1920928955078125e-07,1.1920929e-07,1.1920929e-07,0.0,14.207997,25.75,17.61,33.89,479.93,2019.85,0.20959864945157877,0.36157748
1998-07-22,-2.90066551031512e-33,961.6427060949387,3.9870416820463914,1.1920928955078125e-07,1.1920929e-07,1.1920929e-07,0.0,14.118794,26.205,18.14,34.27,473.18,2092.27,0.19090220265207977,0.33692446
1998-07-23,-1.7277313126408757e-33,963.340953359342,3.96551252084847,1.1920928955078125e-07,1.1920929e-07,8.96,8.96,14.111998,26.085,19.31,32.86,319.64,2237.86,0.19789412644885165,0.3862305
1998-07-24,-1.0349036838297444e-33,965.2980725712598,3.6960646097821375,1.1920928955078125e-07,1.1920929e-07,2.65,2.65,14.111998,24.795,19.11,30.48,308.5,2222.14,0.20627006254821703,0.36979514
1998-07-25,-6.192643404213818e-34,962.6737923390906,3.3267741776029407,1.1920928955078125e-07,1.1920929e-07,1.1920929e-07,0.0,14.111998,22.99,17.95,28.03,360.36,2062.81,0.1951172980412858,0.34514216
1998-07-26,-3.5253561084163444e-34,959.4191272217402,3.048681573428997,1.1920928955078125e-07,1.1920929e-07,0.19,0.19,14.016,21.65,16.26,27.04,388.4,1844.72,0.18211952724370767,0.33692446
1998-07-27,-1.9103094121067074e-34,956.237213329658,3.2021512839934805,1.1920928955078125e-07,1.1920929e-07,1.1920929e-07,0.0,14.016,22.56,17.47,27.65,369.08,1996.16,0.1702497507266546,0.33692446
1998-07-28,-9.889960224370015e-35,952.607927743068,3.2258853781155747,1.1920928955078125e-07,1.1920929e-07,0.05,0.05,14.016,22.755,17.94,27.57,352.44,2070.76,0.15765260041387638,0.37801284
1998-07-29,-1.3376557490043138e-35,948.6082630039222,3.4115997653199512,1.1920928955078125e-07,1.1920929e-07,1.1920929e-07,0.0,14.003442,23.825,15.82,31.83,486.02,1799.01,0.1448467385723921,0.34514216
1998-07-30,4.551332297220971e-35,944.8443671027588,3.5185097508126466,1.1920928955078125e-07,1.1920929e-07,1.1920929e-07,0.0,13.919997,24.545,16.29,32.8,486.88,1852.17,0.13374732703504377,0.29583612
1998-07-31,5.630158755497986e-35,941.9275781562989,3.251429573299793,1.1920928955078125e-07,1.1920929e-07,1.06,1.06,13.919997,23.21,17.8,28.62,373.76,2047.85,0.12573434771900183,0.2794008
1998-08-01,2.8741999777682725e-35,939.6615852721808,2.9211463232940047,1.1920928955078125e-07,1.1920929e-07,2.98,2.98,13.919997,21.39,16.69,26.09,273.23,1894.52,0.11984208240227488,0.31227148
1998-08-02,2.8320789356153343e-36,937.1756117657762,2.6009314473348,1.1920928955078125e-07,1.1920929e-07,1.1920929e-07,0.0,13.8239975,19.565,11.79,27.34,495.41,1383.6,0.11369495292222974,0.30405378
1998-08-03,-1.4561026762586008e-35,934.5258808382238,2.522000068452944,1.1920928955078125e-07,1.1920929e-07,1.1920929e-07,0.0,13.8239975,19.09,9.85,28.33,534.49,1196.62,0.10748964818010345,0.2711831
1998-08-04,-1.686355427708434e-35,931.7764661034643,2.6723240807877295,1.1920928955078125e-07,1.1920929e-07,1.1920929e-07,0.0,13.8239975,20.125,10.31,29.94,539.59,1212.95,0.10140867720532774,0.2465301
1998-08-05,-9.2010923490779e-36,928.8989054782924,2.8035986310955967,1.1920928955078125e-07,1.1920929e-07,1.1920929e-07,0.0,13.728,21.12,11.44,30.8,530.0,1312.34,0.09541239467156226,0.23009476
1998-08-06,-3.509810506729396e-36,925.9219166373937,2.869306676912574,1.1920928955078125e-07,1.1920929e-07,1.1920929e-07,0.0,13.728,21.575,12.22,30.93,518.62,1381.87,0.08958181274385323,0.2218771
1998-08-07,-8.811290153553012e-37,923.0221288756632,2.8977711742902197,1.1920928955078125e-07,1.1920929e-07,1.1920929e-07,0.0,13.728,21.8,13.51,30.09,485.97,1510.81,0.08424517950283675,0.20544176
1998-08-08,-5.225746220688866e-37,928.2947421881942,3.0653239587837287,1.1920928955078125e-07,1.1920929e-07,18.17,18.17,13.632003,22.8,17.31,28.29,271.86,1969.25,0.0941991910215194,1.1586915
1998-08-09,-3.1558457049216486e-37,952.7263578359697,3.3822542771362807,1.1920928955078125e-07,1.1920929e-07,36.11,36.11,13.632003,24.07,20.08,28.06,205.32,2342.16,0.15804856692896616,1.2655212
1998-08-10,-1.909047301097988e-37,973.7954813707346,3.391886714549931,1.1920928955078125e-07,1.1920929e-07,11.48,11.48,13.632003,23.735,19.66,27.81,210.97,2280.19,0.24694646029635337,0.50949556
1998-08-11,-1.1534998730267508e-37,980.4395467999154,3.146266290941036,1.1920928955078125e-07,1.1920929e-07,8.28,8.28,13.536,22.425,17.04,27.81,272.34,1946.85,0.28426326222997084,0.46840718
1998-08-12,-6.829729388478933e-38,981.0072156817976,3.3174428982597384,1.1920928955078125e-07,1.1920929e-07,1.1920929e-07,0.0,13.536,23.34,17.02,29.66,404.36,1948.85,0.28770184770708923,0.40266582
1998-08-13,-3.9816299670856594e-38,977.2462196265456,3.3264710765441774,1.1920928955078125e-07,1.1920929e-07,1.1920929e-07,0.0,13.536,23.455,18.14,28.77,353.85,2078.52,0.26567195818246564,0.36157748
1998-08-14,-2.332246361175013e-38,973.6297051238028,3.2403380190602706,1.1920928955078125e-07,1.1920929e-07,1.1920929e-07,0.0,13.439992,23.185,18.07,28.3,346.14,2078.72,0.24608086820191985,0.34514216
1998-08-15,-1.3621995662203163e-38,970.5358852154266,3.1533352637971652,1.1920928955078125e-07,1.1920929e-07,0.6,0.6,13.439992,22.765,18.92,26.61,272.91,2193.58,0.2304720083899686,0.34514216
1998-08-16,-7.711629481132493e-39,976.2046709873447,3.1138675752496785,1.1920928955078125e-07,1.1920929e-07,14.05,14.05,13.350795,22.56,19.81,25.31,151.94,2301.24,0.25987508274141596,0.45197186
1998-08-17,-4.221622714854001e-39,991.5510368465287,3.3064792609831404,1.1920928955078125e-07,1.1920929e-07,22.77,22.77,13.343997,23.345,20.04,26.65,182.05,2334.54,0.359694625456938,0.772461
1998-08-18,-2.5359439148840057e-39,999.0578549202793,3.42480864639635,1.1920928955078125e-07,1.1920929e-07,1.8,1.8,13.343997,23.83,18.52,29.14,349.68,2133.71,0.42168507800651944,0.5588016
1998-08-19,-1.5271450604435195e-39,996.006174163589,3.222920886373496,1.1920928955078125e-07,1.1920929e-07,1.1920929e-07,0.0,13.248,22.945,17.17,28.72,394.24,1950.75,0.39529034056170215,0.41088352
1998-08-20,-9.086733568020843e-40,992.7466550659996,2.4523275429520437,1.1920928955078125e-07,1.1920929e-07,1.1920929e-07,0.0,13.248,18.315,9.95,26.68,505.87,1236.12,0.3689200779544472,0.36157748
1998-08-21,-4.7758513076726204e-40,989.802809133226,2.5933086862796424,1.1920928955078125e-07,1.1920929e-07,1.1920929e-07,0.0,13.248,19.31,10.25,28.37,515.45,1259.62,0.3466188840276706,0.33692446
1998-08-22,-2.3861990615993534e-40,986.7181649655314,2.960916420141134,1.1920928955078125e-07,1.1920929e-07,1.1920929e-07,0.0,13.152002,21.76,12.64,30.88,504.31,1454.97,0.3246960177181775,0.32048914
1998-08-23,-9.849583817469588e-41,983.3102041733638,3.355513205229522,1.1920928955078125e-07,1.1920929e-07,1.1920929e-07,0.0,13.152002,24.005,15.89,32.12,467.01,1806.13,0.3020838831764634,0.31227148
1998-08-24,6.800921723994296e-41,979.71567021492,3.5297211301892846,1.1920928955078125e-07,1.1920929e-07,1.1920929e-07,0.0,13.0560055,25.095,17.18,33.01,451.4,1966.97,0.27993801914542676,0.28761846
1998-08-25,2.161776290137632e-40,976.0043682340043,3.5451425775137904,1.1920928955078125e-07,1.1920929e-07,1.1920929e-07,0.0,13.0560055,25.24,17.58,32.9,439.49,2017.15,0.25877485894878477,0.2794008
1998-08-26,3.0068169506446244e-40,972.245566901164,3.447016037364697,1.1920928955078125e-07,1.1920929e-07,1.1920929e-07,0.0,13.0560055,24.81,17.12,32.5,438.93,1963.22,0.23897107391451852,0.26296544
1998-08-27,2.761937133097386e-40,968.5085348869462,3.4940104831332635,1.1920928955078125e-07,1.1920929e-07,1.1920929e-07,0.0,12.959997,25.25,20.11,30.39,325.19,2339.59,0.22078463340023777,0.25474778
1998-08-28,4.985707097991783e-41,964.891292620189,3.339690386994372,1.1920928955078125e-07,1.1920929e-07,1.1920929e-07,0.0,12.959997,24.515,18.06,30.97,393.58,2073.43,0.2045004566735478,0.2465301
1998-08-29,-4.405187317794275e-40,961.468562238145,3.2091305328642696,1.1920928955078125e-07,1.1920929e-07,1.1920929e-07,0.0,12.863992,24.005,16.15,31.86,445.0,1838.68,0.190199342685675,0.23831244
1998-08-30,-1.0898332210036876e-39,958.2098302882481,3.210072211863319,1.1920928955078125e-07,1.1920929e-07,1.1920929e-07,0.0,12.863992,24.07,16.54,31.6,431.15,1881.23,0.17751389052010558,0.2218771
1998-08-31,-1.7887165388307187e-39,955.0819383626788,3.1679638763748614,1.1920928955078125e-07,1.1920929e-07,1.1920929e-07,0.0,12.863992,23.895,16.69,31.1,416.52,1907.21,0.1661342802095049,0.21365942
1998-09-01,-2.4277988273983763e-39,952.0517280536175,2.9546564592697093,1.1920928955078125e-07,1.1920929e-07,1.1920929e-07,0.0,12.767997,22.86,15.55,30.17,424.06,1767.84,0.15580619691937617,0.20544176
1998-09-02,-2.897710228844517e-39,949.0860409532443,2.8852550179119247,1.1920928955078125e-07,1.1920929e-07,1.1920929e-07,0.0,12.767997,22.5,14.41,30.59,449.38,1648.87,0.14632001626519703,0.20544176
1998-09-03,-3.089080885306995e-39,946.1517186537396,2.6660028051035183,1.1920928955078125e-07,1.1920929e-07,1.1920929e-07,0.0,12.672003,21.315,14.73,27.9,404.4,1680.75,0.13750271562655714,0.20544176
1998-09-04,-2.8925409389236673e-39,943.2156027472839,2.746041478701197,1.1920928955078125e-07,1.1920929e-07,1.09,1.09,12.672003,21.88,16.22,27.54,350.02,1840.97,0.12921183998048644,0.23009476
1998-09-05,-2.1987205318323908e-39,940.2445348260574,2.876674835460473,1.1920928955078125e-07,1.1920929e-07,1.1920929e-07,0.0,12.65945,22.76,15.13,30.39,438.05,1717.99,0.1213310140024268,0.23831244
1998-09-06,7.06776458474537e-40,937.3123211496213,2.9197699787869777,1.1920928955078125e-07,1.1920929e-07,1.1920929e-07,0.0,12.576003,23.19,14.44,31.94,463.6,1650.63,0.11402465286911459,0.21365942
1998-09-07,7.545750675865325e-39,934.5457291180732,3.107017702344603,1.1920928955078125e-07,1.1920929e-07,1.1920929e-07,0.0,12.576003,24.335,15.76,32.91,450.29,1789.77,0.10753484743100539,0.20544176
1998-09-08,1.7128484603261034e-38,931.9127685758428,2.8931537645664727,1.1920928955078125e-07,1.1920929e-07,1.1920929e-07,0.0,12.479998,23.265,15.76,30.77,420.56,1785.25,0.10170187205956248,0.18900642
1998-09-09,2.8239322610759387e-38,929.3798906803678,1.839539653620017,1.1920928955078125e-07,1.1920929e-07,1.1920929e-07,0.0,12.479998,15.62,8.33,22.91,434.84,1106.66,0.09638940932593203,0.17257108
1998-09-10,3.966260906845809e-38,926.9135465890856,1.7493802195964725,1.1920928955078125e-07,1.1920929e-07,1.1920929e-07,0.0,12.383997,14.965,6.8,23.13,459.04,989.78,0.09148327991940146,0.1643534
1998-09-11,5.018268834645485e-38,924.4801874594341,1.9741224986612813,1.1920928955078125e-07,1.1920929e-07,1.1920929e-07,0.0,12.383997,17.005,7.0,27.01,488.94,1004.64,0.08688755157079138,0.17257108
1998-09-12,5.858390481484737e-38,922.0462644488505,2.366878107541324,1.1920928955078125e-07,1.1920929e-07,1.1920929e-07,0.0,12.383997,20.11,9.2,31.02,489.55,1146.53,0.08252170732235474,0.17257108
1998-09-13,6.365060284373337e-38,919.5782287147725,2.7222967252511,1.1920928955078125e-07,1.1920929e-07,1.1920929e-07,0.0,12.288,22.705,12.24,33.17,467.65,1408.19,0.07831862449354589,0.17257108
1998-09-14,6.416712680321058e-38,917.0425314146378,2.793601195658234,1.1920928955078125e-07,1.1920929e-07,1.1920929e-07,0.0,12.288,23.205,13.12,33.29,452.91,1491.6,0.07422316812608035,0.1643534
1998-09-15,5.891782106337667e-38,914.4056237058837,2.8139214511831554,1.1920928955078125e-07,1.1920929e-07,1.1920929e-07,0.0,12.191998,23.52,14.19,32.85,427.54,1615.24,0.07019123796989904,0.17257108
1998-09-16,4.668702999432936e-38,911.6339567459481,2.8626335553597695,1.1920928955078125e-07,1.1920929e-07,1.1920929e-07,0.0,12.191998,23.875,15.39,32.36,398.32,1746.39,0.06618913157712242,0.18900642
1998-09-17,2.8099547409638897e-38,908.9706023675456,2.8157459200734536,1.1920928955078125e-07,1.1920929e-07,1.1920929e-07,0.0,12.096003,23.775,16.2,31.35,365.72,1838.47,0.06255857072641698,0.20544176
1998-09-18,1.1717210085107212e-38,907.2089140129074,2.7150296040822566,1.1920928955078125e-07,1.1920929e-07,2.33,2.33,12.096003,23.17,17.71,28.63,265.12,2035.32,0.060267234885928965,0.2218771
1998-09-19,1.3878350925759125e-39,905.5852217444619,2.634447524346154,1.1920928955078125e-07,1.1920929e-07,1.1920929e-07,0.0,12.096003,22.675,18.66,26.69,216.12,2145.4,0.05822977649878187,0.25474778
1998-09-20,-5.340528307474183e-40,903.0438610169147,2.483207163752062,1.1920928955078125e-07,1.1920929e-07,1.1920929e-07,0.0,12.000009,21.835,15.07,28.6,344.94,1711.49,0.055178191536216926,0.23009476
1998-09-21,-3.0494598311840037e-40,899.4955216122087,2.510103775741227,1.1920928955078125e-07,1.1920929e-07,1.1920929e-07,0.0,12.000009,22.09,15.18,29.0,349.32,1723.1,0.05118311696723426,0.35335982
1998-09-22,-1.7808410123792356e-40,900.0382566273379,2.562740552072967,1.1920928955078125e-07,1.1920929e-07,7.04,7.04,11.903997,22.58,17.09,28.07,216.79,1935.93,0.05177490157626802,0.7395903
1998-09-23,-1.0305857438954085e-40,899.6727517195512,2.1570288710498815,1.1920928955078125e-07,1.1920929e-07,1.1920929e-07,0.0,11.903997,19.62,13.97,25.27,304.13,1597.96,0.051375616673691636,0.32048914
1998-09-24,-6.028378686054323e-41,897.8721827191459,1.6655318650398454,1.1920928955078125e-07,1.1920929e-07,1.1920929e-07,0.0,11.903997,15.33,8.04,22.62,380.8,1083.26,0.049453136105077976,0.2465301
1998-09-25,-3.0511023610667766e-41,896.0041090979679,1.8602209533536518,1.1920928955078125e-07,1.1920929e-07,1.1920929e-07,0.0,11.808002,17.33,8.9,25.76,406.5,1152.43,0.047534580038863995,0.23009476
1998-09-26,-1.351188558529544e-41,893.9335614218198,2.233869566361612,1.1920928955078125e-07,1.1920929e-07,1.1920929e-07,0.0,11.808002,20.465,11.14,29.79,414.02,1331.2,0.04549492476380321,0.2218771
1998-09-27,-5.921126019474681e-42,891.8193489575028,2.600528558534838,1.1920928955078125e-07,1.1920929e-07,1.1920929e-07,0.0,11.712,23.28,14.8,31.76,379.25,1687.44,0.043502535895550164,0.2218771
1998-09-28,3.9028692867818526e-42,890.3016375693038,2.782421417459064,1.1920928955078125e-07,1.1920929e-07,1.1920929e-07,0.0,11.712,24.5,17.0,32.0,343.04,1920.46,0.04212630191983494,0.19722408
1998-09-29,1.3772705896633653e-41,889.1698787689123,2.3409669337305106,1.1920928955078125e-07,1.1920929e-07,1.1920929e-07,0.0,11.615997,21.645,14.95,28.34,325.23,1701.25,0.04112845806322675,0.18078874
1998-09-30,2.100465067290146e-41,888.1832976104569,2.288127446766019,1.1920928955078125e-07,1.1920929e-07,3.76,3.76,11.615997,21.27,14.45,28.09,248.26,1653.72,0.040277915884361006,0.18900642
1998-10-01,2.291497047840603e-41,887.1011191480666,2.3133249587202354,1.1920928955078125e-07,1.1920929e-07,1.1920929e-07,0.0,11.615997,21.48,14.99,27.97,312.71,1719.13,0.039365173119429865,0.18900642
1998-10-02,1.6992196829385745e-41,885.7068033350173,1.4634423713022835,1.1920928955078125e-07,1.1920929e-07,1.1920929e-07,0.0,11.520002,13.975,4.13,23.82,424.26,826.64,0.03821959038410811,0.18078874
1998-10-03,9.270217569755206e-42,884.8555917416784,1.4158952197888102,1.1920928955078125e-07,1.1920929e-07,1.1920929e-07,0.0,11.520002,13.455,5.11,21.8,387.1,889.11,0.03753667833890986,0.17257108
1998-10-04,4.3776676703153125e-42,884.8268669949821,1.5292479820440685,1.1920928955078125e-07,1.1920929e-07,2.98,2.98,11.424,14.845,7.79,21.9,277.48,1064.0,0.03751384705353259,0.17257108
1998-10-05,2.4346099562048534e-42,885.3496105599477,1.7555586125633036,1.1920928955078125e-07,1.1920929e-07,0.8,0.8,11.424,17.115,12.82,21.41,224.02,1468.25,0.03793152088929601,0.19722408
1998-10-06,1.2405995049438583e-42,886.5831825019835,1.704751550713634,1.1920928955078125e-07,1.1920929e-07,3.57,3.57,11.340561,16.725,13.35,20.1,150.93,1538.56,0.038935677050265675,0.23009476
1998-10-07,6.026092390169035e-43,888.6442152131909,1.6214350499554275,1.1920928955078125e-07,1.1920929e-07,4.07,4.07,11.328006,15.875,14.19,17.56,78.62,1611.42,0.04067306625952569,0.2794008
1998-10-08,2.5846887347805986e-43,890.2877236919934,1.7358700101826414,1.1920928955078125e-07,1.1920929e-07,29.15,29.15,11.328006,16.975,13.71,20.24,135.06,1570.07,0.04211388860020506,0.91216135
1998-10-09,-1.2021972214128864e-43,890.3631726729866,1.4909083398083596,1.1920928955078125e-07,1.1920929e-07,1.02,1.02,11.232,14.605,9.11,20.1,286.48,1168.42,0.042181244589425945,0.6491959
1998-10-10,-4.30651494723421e-43,889.3874047384423,1.4630364845602484,1.1920928955078125e-07,1.1920929e-07,1.1920929e-07,0.0,11.232,14.315,8.5,20.13,303.6,1119.77,0.04131839299677093,0.33692446
1998-10-11,-5.6958168767847184e-43,887.8788711044986,1.3666001435370894,1.1920928955078125e-07,1.1920929e-07,1.1920929e-07,0.0,11.136005,13.375,5.01,21.74,384.65,875.66,0.04001903472647345,0.26296544
1998-10-12,-4.385306428505997e-43,886.3497086101294,1.409601479765051,1.1920928955078125e-07,1.1920929e-07,1.1920929e-07,0.0,11.136005,13.905,4.93,22.88,394.5,872.34,0.038743605485385246,0.23831244
1998-10-13,-1.667147995476107e-43,884.9428584900797,1.465573451239861,1.1920928955078125e-07,1.1920929e-07,1.1920929e-07,0.0,11.136005,14.565,5.99,23.14,383.88,934.14,0.03760612582027536,0.23831244
1998-10-14,9.348237465883396e-44,883.5796462924154,1.4462638302416333,1.1920928955078125e-07,1.1920929e-07,1.1920929e-07,0.0,11.039997,14.515,7.44,21.59,343.83,1035.46,0.03653579615523353,0.23009476
1998-10-15,2.6975316616492032e-43,882.2548382345135,1.1687362977800406,1.1920928955078125e-07,1.1920929e-07,1.1920929e-07,0.0,11.039997,11.11,2.12,20.1,394.89,714.15,0.035524815512657175,0.2218771
1998-10-16,2.897898613668349e-43,880.9632005337511,1.205488499518448,1.1920928955078125e-07,1.1920929e-07,1.1920929e-07,0.0,10.944003,11.765,2.38,21.15,396.28,731.78,0.03456608685728956,0.2218771
1998-10-17,-8.98263347226718e-17,879.7033420272663,1.3584874433243666,1.1920928955078125e-07,1.1920929e-07,1.1920929e-07,0.0,10.944003,13.71,4.49,22.93,386.25,852.35,0.03365587882902739,0.23009476
1998-10-18,-4.4142806805705064e-16,878.4808461636932,1.460273553502005,1.1920928955078125e-07,1.1920929e-07,1.1920929e-07,0.0,10.944003,14.91,5.12,24.7,386.78,880.03,0.03279558243971919,0.23009476
1998-10-19,-1.017088062352083e-15,877.2953419625162,1.4857097189380128,1.1920928955078125e-07,1.1920929e-07,1.1920929e-07,0.0,10.848,15.36,7.23,23.49,349.58,1028.57,0.03198232577750822,0.2218771
1998-10-20,-1.7719060489645798e-15,876.1462020035503,1.4828611105478828,1.1920928955078125e-07,1.1920929e-07,1.1920929e-07,0.0,10.848,15.35,9.2,21.5,289.2,1176.23,0.031213268441371244,0.23009476
1998-10-21,-2.660981759251353e-15,875.0327988666102,1.2947657727881807,1.1920928955078125e-07,1.1920929e-07,1.1920929e-07,0.0,10.752,13.305,7.47,19.14,281.12,1037.73,0.030485771535111592,0.23009476
1998-10-22,-3.639414924569212e-15,873.9545051315109,1.0729500220427097,1.1920928955078125e-07,1.1920929e-07,0.21,0.21,10.752,10.325,4.67,15.98,277.87,858.35,0.02979738146956608,0.2218771
1998-10-23,-4.6623052762749695e-15,872.9106933780672,0.845511323574601,1.1920928955078125e-07,1.1920929e-07,1.1920929e-07,0.0,10.752,6.645,-1.31,14.6,348.2,555.82,0.029145815176969493,0.21365942
1998-10-24,-5.684752545725436e-15,871.900736186094,0.9982805260206241,1.1920928955078125e-07,1.1920929e-07,1.1920929e-07,0.0,10.655997,9.37,-0.59,19.33,376.2,587.4,0.028528946603579908,0.23009476
1998-10-25,-6.6618564642774235e-15,870.9240061354063,1.0951360324906858,1.1920928955078125e-07,1.1920929e-07,1.1920929e-07,0.0,10.655997,10.845,-0.14,21.83,382.58,603.52,0.02794479436023252,0.2465301
1998-10-26,-7.548716763287741e-15,869.9798758058189,1.1088811150073163,1.1920928955078125e-07,1.1920929e-07,1.1920929e-07,0.0,10.649202,11.07,0.04,22.1,378.91,611.85,0.027391510422605663,0.2465301
1998-10-27,-8.300433174113205e-15,869.0677177771465,1.1328240061618944,1.1920928955078125e-07,1.1920929e-07,1.1920929e-07,0.0,10.56,11.56,1.13,21.99,367.28,668.44,0.026867369783800492,0.23831244
1998-10-28,-8.872105428110617e-15,868.1869046292044,1.2281293610407245,1.1920928955078125e-07,1.1920929e-07,1.1920929e-07,0.0,10.56,12.87,3.37,22.37,347.53,782.93,0.02637076097150855,0.23831244
1998-10-29,-9.218833256636795e-15,867.336808941807,1.2826200383277755,1.1920928955078125e-07,1.1920929e-07,1.1920929e-07,0.0,10.463997,13.735,5.77,21.7,309.97,920.0,0.02590017735069425,0.23831244
1998-10-30,-9.295716391048556e-15,866.5168032947695,1.1245105540250824,1.1920928955078125e-07,1.1920929e-07,1.1920929e-07,0.0,10.463997,11.635,2.05,21.22,343.23,709.78,0.025454209140470623,0.23831244
1998-10-31,-9.057854562702695e-15,865.7262602679067,1.1588481818138447,1.1920928955078125e-07,1.1920929e-07,0.9,0.9,10.463997,12.13,4.18,20.08,307.11,833.0,0.02503153608078799,0.2465301
1998-11-01,-8.460347502956037e-15,864.9645524410334,1.1304688749374419,1.1920928955078125e-07,1.1920929e-07,1.1920929e-07,0.0,10.367997,11.895,2.55,21.24,332.69,741.46,0.024630920690784514,0.26296544
1998-11-02,-7.458294943165393e-15,864.2310523939647,1.0279959403380818,1.1920928955078125e-07,1.1920929e-07,1.1920929e-07,0.0,10.367997,10.4,2.98,17.82,292.62,764.37,0.024251202066237897,0.26296544
1998-11-03,-6.006796614687561e-15,863.5251327065151,0.9194520345525791,1.1920928955078125e-07,1.1920929e-07,4.87,4.87,10.367997,8.665,4.83,12.5,128.89,866.23,0.023891290168577307,0.2794008
1998-11-04,-4.0609522488793665e-15,862.8461659584999,0.7279420345640051,1.1920928955078125e-07,1.1920929e-07,3.61,3.61,10.272,5.24,3.16,7.32,76.02,777.19,0.023550160562430165,0.29583612
1998-11-05,-1.575861577097608e-15,862.1935247297338,0.6273143957402276,1.1920928955078125e-07,1.1920929e-07,0.01,0.01,10.272,3.025,-0.64,6.69,168.45,584.95,0.023226849562738638,0.30405378
1998-11-06,5.3698116512955866e-15,861.5572392760077,0.5934048366219546,1.1920928955078125e-07,1.1920929e-07,1.1920929e-07,0.0,10.272,2.215,-2.66,7.09,214.09,502.78,0.02291591467021657,0.28761846
1998-11-07,4.1614184562725113e-14,860.8737984774182,0.5772943582908907,1.1920928955078125e-07,1.1920929e-07,1.1920929e-07,0.0,10.176,1.96,-4.17,8.09,253.31,441.23,0.02258657133973933,0.2711831
1998-11-08,1.0605037456097749e-13,860.1369846468439,0.5829150363790626,1.1920928955078125e-07,1.1920929e-07,1.1920929e-07,0.0,10.176,2.115,-4.35,8.58,260.72,439.02,0.022236808244038585,0.2794008
1998-11-09,1.9198895547401656e-13,859.3536101110569,0.8015472104693487,1.1920928955078125e-07,1.1920929e-07,1.1920929e-07,0.0,10.176,6.91,0.77,13.05,244.85,634.75,0.021870881435355448,0.2794008
1998-11-10,2.9274050112980634e-13,858.5304871968293,1.0685563265025513,1.1920928955078125e-07,1.1920929e-07,1.1920929e-07,0.0,10.08,11.565,4.64,18.49,259.08,851.52,0.021492873425034257,0.29583612
1998-11-11,4.016155853563104e-13,857.6744282309329,1.1831537157161052,1.1920928955078125e-07,1.1920929e-07,12.77,12.77,10.08,13.215,7.66,18.77,163.05,1053.57,0.021106669086796183,0.36157748
1998-11-12,5.11924781981493e-13,856.7922455401398,0.8344439982853755,1.1920928955078125e-07,1.1920929e-07,1.1920929e-07,0.0,10.08,7.72,-0.51,15.95,291.03,598.84,0.0207159384776654,0.3862305
1998-11-13,6.169786648333177e-13,855.8907514512217,0.8306929911137914,1.1920928955078125e-07,1.1920929e-07,1.1920929e-07,0.0,9.996555,7.795,1.01,14.58,257.19,642.1,0.02032412609700508,0.31227148
1998-11-14,7.100878077397485e-13,854.9767582909508,0.9075403118076288,1.1920928955078125e-07,1.1920929e-07,1.1920929e-07,0.0,9.984,9.205,3.42,14.99,228.21,793.68,0.019934446039230714,0.29583612
1998-11-15,7.845627845287494e-13,854.0570783860989,1.051213714923616,1.1920928955078125e-07,1.1920929e-07,1.1920929e-07,0.0,9.984,11.54,6.27,16.81,209.7,941.47,0.019549882459350566,0.29583612
1998-11-16,8.33714169028284e-13,853.138524063438,0.9000960041380169,1.1920928955078125e-07,1.1920929e-07,1.1920929e-07,0.0,9.984,9.11,-0.49,18.71,308.89,562.56,0.01917319475934577,0.28761846
1998-11-17,8.508525350663161e-13,852.22790764974,0.9425441087568477,1.1920928955078125e-07,1.1920929e-07,1.1920929e-07,0.0,9.888002,10.0,1.98,18.02,280.21,683.92,0.018806926914112843,0.2794008
1998-11-18,8.292884564708103e-13,851.332041471777,0.7801943893845303,1.1920928955078125e-07,1.1920929e-07,1.1920929e-07,0.0,9.888002,7.08,-1.63,15.79,293.79,528.26,0.018453420384823078,0.28761846
1998-11-19,7.6233250706973e-13,850.4577378563208,0.7862768844375517,1.1920928955078125e-07,1.1920929e-07,1.1920929e-07,0.0,9.888002,7.215,-1.65,16.08,292.5,534.04,0.018114830111815406,0.2794008
1998-11-20,6.43295260691039e-13,849.6118091301433,0.846487403485331,1.1920928955078125e-07,1.1920929e-07,1.1920929e-07,0.0,9.881208,8.38,0.49,16.27,271.38,627.44,0.017793143135547723,0.28761846
1998-11-21,4.65487291162701e-13,848.8010676200167,0.7919180700376157,1.1920928955078125e-07,1.1920929e-07,1.1920929e-07,0.0,9.792,7.505,0.23,14.78,256.34,620.52,0.017490199460075174,0.29583612
1998-11-22,-4.993457901038281e-13,848.03345535767,0.5634497596268045,1.1920928955078125e-07,1.1920929e-07,1.1920929e-07,0.0,9.792,2.39,-6.33,11.11,286.26,382.19,0.017208126606581397,0.28761846
1998-11-23,-3.2281800579483503e-12,847.3061282008547,0.6971461659907421,1.1920928955078125e-07,1.1920929e-07,1.1920929e-07,0.0,9.792,5.585,-5.25,16.42,307.45,400.72,0.016945055699703646,0.2794008
1998-11-24,-7.368661511103256e-12,846.6061183197556,0.8609859989127285,1.1920928955078125e-07,1.1920929e-07,1.1920929e-07,0.0,9.792,8.84,-1.38,19.06,295.96,528.04,0.01669566404055639,0.28761846
1998-11-25,-1.2549737143031203e-11,845.9203701218967,0.7221454061197501,1.1920928955078125e-07,1.1920929e-07,1.1920929e-07,0.0,9.695997,6.295,-2.79,15.38,283.91,493.51,0.016454912785057462,0.28761846
1998-11-26,-1.8400353947194874e-11,845.2358280148015,0.7773176936792003,1.1920928955078125e-07,1.1920929e-07,2.96,2.96,9.695997,7.435,-0.44,15.31,197.85,592.42,0.016218047467604742,0.29583612
1998-11-27,-2.454945891705692e-11,844.5394364059938,1.0299737658922987,1.1920928955078125e-07,1.1920929e-07,1.1920929e-07,0.0,9.695997,11.86,5.85,17.87,214.26,921.67,0.015980580366293774,0.29583612
1998-11-28,-3.062599904608003e-11,843.8181397029972,0.9515269137094907,1.1920928955078125e-07,1.1920929e-07,1.1920929e-07,0.0,9.695997,10.615,1.4,19.83,278.15,663.78,0.015738285849426978,0.28761846
1998-11-29,-3.6258921327726836e-11,843.0588823133356,0.9916489572485421,1.1920928955078125e-07,1.1920929e-07,1.1920929e-07,0.0,9.6892,11.295,0.25,22.34,295.26,597.67,0.01548720741816493,0.28761846
1998-11-30,-4.1077172755460045e-11,842.2486086445326,0.9964943913447329,1.1920928955078125e-07,1.1920929e-07,1.1920929e-07,0.0,9.600003,11.535,1.15,21.92,286.14,640.4,0.015223675153145206,0.2794008
1998-12-01,-4.470970032274229e-11,841.374263104112,1.030678789534357,1.1920928955078125e-07,1.1920929e-07,1.1920929e-07,0.0,9.600003,12.09,3.77,20.41,256.0,787.68,0.014944332185176242,0.2794008
1998-12-02,-4.678545102303624e-11,840.4227900995973,0.8267054085229495,1.1920928955078125e-07,1.1920929e-07,1.1920929e-07,0.0,9.600003,8.63,-2.52,19.78,292.49,497.58,0.014646168656667142,0.2794008
1998-12-03,-4.6933371849804584e-11,839.3811340385124,0.9142740405173235,1.1920928955078125e-07,1.1920929e-07,1.1920929e-07,0.0,9.600003,10.225,0.74,19.71,269.56,639.56,0.014326561437896483,0.2794008
1998-12-04,-4.4782409796509984e-11,838.236239328381,1.0726211996113406,1.1920928955078125e-07,1.1920929e-07,1.1920929e-07,0.0,9.600003,12.79,4.93,20.65,236.26,870.9,0.013983317629509537,0.2794008
1998-12-05,-3.996151185661512e-11,836.9750503767268,1.0271283918405598,1.1920928955078125e-07,1.1920929e-07,1.1920929e-07,0.0,9.593208,12.13,3.88,20.38,241.3,805.68,0.013614719641392986,0.2794008
1998-12-06,-3.209962502358261e-11,835.5845115910735,1.0602631148386183,1.1920928955078125e-07,1.1920929e-07,4.01,4.01,9.516553,12.795,5.68,19.91,165.44,910.64,0.013219569412516383,0.2794008
1998-12-07,-2.112758944085941e-11,834.2285895409267,1.340267872231969,1.1920928955078125e-07,1.1920929e-07,1.1920929e-07,0.0,9.503997,16.675,8.83,24.52,222.91,1143.81,0.012845302954777375,0.28761846
1998-12-08,-1.246455882614236e-11,837.4753051280918,1.3466992884458078,1.1920928955078125e-07,1.1920929e-07,8.93,8.93,9.503997,16.69,10.6,22.78,137.46,1287.63,0.013759748114337101,0.29583612
1998-12-09,-7.500451590365726e-12,850.8709015842397,0.9342502723396002,1.1920928955078125e-07,1.1920929e-07,18.67,18.67,9.503997,10.51,4.64,16.38,138.97,858.91,0.01827405413252785,0.5588016
1998-12-10,-4.533200023784915e-12,859.67995749032,0.6251656899105906,1.1920928955078125e-07,1.1920929e-07,1.1920929e-07,0.0,9.503997,4.175,-3.61,11.96,234.76,468.59,0.022022586025610066,0.4437542
1998-12-11,-2.7395582886738556e-12,858.9601341557526,0.6449527614426621,1.1920928955078125e-07,1.1920929e-07,1.1920929e-07,0.0,9.503997,4.655,-1.62,10.93,198.88,546.86,0.021689360633849592,0.31227148
1998-12-12,-7.863782262572912e-13,858.2879823672338,0.6545919671303062,1.1920928955078125e-07,1.1920929e-07,1.1920929e-07,0.0,9.503997,4.89,1.05,8.73,130.76,658.34,0.02138275743396582,0.28761846
1998-12-13,3.2766660588946482e-12,857.6111578536612,0.6078008362858364,1.1920928955078125e-07,1.1920929e-07,33.56,33.56,9.503997,3.79,1.69,5.89,57.67,697.23,0.021078402096048117,0.747808
1998-12-14,8.617916551761666e-12,856.9389434811893,0.5874659763186079,1.1920928955078125e-07,1.1920929e-07,16.08,16.08,9.503997,3.295,-0.82,7.41,107.47,579.79,0.020780407927016385,0.81354934
1998-12-15,1.4274383250061129e-11,856.2805343328043,0.5070753461803563,1.1920928955078125e-07,1.1920929e-07,1.1920929e-07,0.0,9.503997,1.14,-6.97,9.25,243.88,360.27,0.020492618019356815,0.4437542
1998-12-16,1.928307615151041e-11,855.6451254914925,0.5887289327524381,1.1920928955078125e-07,1.1920929e-07,1.1920929e-07,0.0,9.497203,3.36,-5.63,12.35,255.29,408.53,0.020218661348605615,0.36157748
1998-12-17,2.2681005253826873e-11,855.0419120402403,0.6672628568218725,1.1920928955078125e-07,1.1920929e-07,1.1920929e-07,0.0,9.467175,5.295,-0.13,10.72,179.51,598.29,0.019961975247156177,0.3287068
1998-12-18,2.3505180554727886e-11,854.4800890620338,0.5432404718781547,1.1920928955078125e-07,1.1920929e-07,1.1920929e-07,0.0,9.420558,2.31,-3.26,7.88,188.83,476.43,0.019725833957839802,0.29583612
1998-12-19,2.0792612051930824e-11,853.9688516398596,0.5968973509529829,1.1920928955078125e-07,1.1920929e-07,1.1920929e-07,0.0,9.420558,3.715,-2.0,9.43,193.27,520.62,0.019513382774858333,0.28761846
1998-12-20,1.3846581969420214e-11,853.4700734252264,0.762098311752561,1.1920928955078125e-07,1.1920929e-07,0.39,0.39,9.420558,7.425,1.04,13.81,208.24,647.25,0.0193083145426844,0.28761846
1998-12-21,6.4282884754425245e-12,852.4972807866225,0.7919300682383068,1.1920928955078125e-07,1.1920929e-07,1.1920929e-07,0.0,9.420558,8.035,0.25,15.82,236.78,617.59,0.018914539260694856,0.28761846
1998-12-22,1.0884454498819027e-12,851.5486127137339,0.7650891798774394,1.1920928955078125e-07,1.1920929e-07,0.05,0.05,9.420558,7.52,-0.48,15.52,241.5,592.26,0.01853826505706107,0.2794008
1998-12-23,-8.116423281148961e-13,851.4309197567176,0.5773984646648073,1.1920928955078125e-07,1.1920929e-07,1.13,1.13,9.420558,3.265,-4.93,11.46,232.3,424.96,0.018492108991667956,0.2794008
1998-12-24,4.884584474156311,853.6136624279842,0.3922874688321483,1.1920928955078125e-07,12.79,1.1920929e-07,12.79,9.467175,-2.445,-4.52,-0.37,64.2,434.85,0.01936712798071405,0.36157748
1998-12-25,14.640954174311684,853.2351497161532,0.34974899678980126,1.1920928955078125e-07,6.58,1.1920929e-07,6.58,9.467175,-4.05,-7.66,-0.44,118.89,342.74,0.01921247569744466,0.41910118
1998-12-26,17.39102428545991,852.8469791129978,0.38847506754395533,1.1920928955078125e-07,1.1920929e-07,1.1920929e-07,0.0,9.497203,-2.615,-7.02,1.79,192.13,356.53,0.019055159928518906,0.36157748
1998-12-27,17.391964476892515,852.4334271068267,0.40524830255729544,1.1920928955078125e-07,1.1920929e-07,1.1920929e-07,0.0,9.503997,-2.02,-7.35,3.31,224.91,346.04,0.018888974692238904,0.35335982
1998-12-28,17.391779150454337,851.9802510247335,0.4646419523790125,1.1920928955078125e-07,1.1920929e-07,1.1920929e-07,0.0,9.503997,-0.055,-4.96,4.85,211.41,440.0,0.0187085304186204,0.34514216
1998-12-29,15.386832659800895,854.0503775930625,0.5352616321684053,6.493075459171621,1.1920929e-07,1.33,1.33,9.503997,1.97,-1.21,5.15,141.86,559.97,0.01954710792591715,0.34514216
1998-12-30,11.146351486439395,858.5049565742962,0.47768960653814957,1.1920928955078125e-07,0.00034064412,0.029659355,0.03,9.503997,0.235,-3.97,4.44,197.45,459.08,0.021481253886204983,0.34514216
1998-12-31,15.296954370127901,858.1007620470499,0.3475767120450465,1.1920928955078125e-07,8.19,1.1920929e-07,8.19,9.503997,-4.27,-8.21,-0.33,145.94,327.29,0.02129813095018062,0.3287068
1999-01-01,19.80262178235376,857.7220223325256,0.3698871595945784,1.1920928955078125e-07,1.1920929e-07,1.1920929e-07,0.0,9.503997,-3.395,-6.82,0.03,151.98,356.95,0.021127957445830854,0.31227148
1999-01-02,19.024178383234524,857.3308393435178,0.37196600966003623,1.1920928955078125e-07,1.1920929e-07,1.1920929e-07,0.0,9.503997,-3.31,-6.94,0.32,161.05,357.79,0.02095362030393077,0.29583612
1999-01-03,37.42774185622693,856.9215826068566,0.4076692749211777,1.1920928955078125e-07,36.16,1.077652e-06,36.16,9.503997,-2.01,-6.8,2.78,171.27,366.91,0.020772767876303343,0.59167224
1999-01-04,55.48410283307107,856.486540221475,0.4113545824737927,1.1920928955078125e-07,1.1920929e-07,1.1920929e-07,0.0,9.503997,-1.875,-8.24,4.49,279.21,320.0,0.020582231916127836,1.0107734
1999-01-05,55.48758998213589,856.1266603098378,0.27085419660812327,1.1920928955078125e-07,1.1920929e-07,1.1920929e-07,0.0,9.563178,-7.74,-12.0,-3.48,209.94,240.0,0.02042593647669511,0.5177132
1999-01-06,55.48758998213589,855.8459300913781,0.2657228345201866,1.1920928955078125e-07,1.1920929e-07,1.1920929e-07,0.0,9.600003,-8.045,-13.88,-2.21,269.42,200.0,0.020304840139762394,0.39444816
1999-01-07,55.48656608735563,855.5226612565874,0.35293701043261894,1.1920928955078125e-07,1.1920929e-07,1.1920929e-07,0.0,9.600003,-4.155,-11.05,2.74,298.26,265.2,0.020166283343469333,0.48484254
1999-01-08,54.653172531076066,855.9841687279841,0.5382150257955872,5.969072808774115,1.1920929e-07,0.26,0.26,9.600003,1.87,-1.66,5.4,175.16,547.24,0.02036438104301133,0.41088352
1999-01-09,48.207006481065264,863.2664345074863,0.5224259037324109,3.025719788784926,5.7935716e-07,2.4299996,2.43,9.600003,1.31,-3.68,6.3,219.13,469.28,0.02376073498720944,0.4355365
1999-01-10,48.17191485579685,864.3449535265848,0.44678884600456437,1.1920928955078125e-07,0.579705,0.0002949917,0.58,9.600003,-0.97,-8.8,6.86,318.94,320.0,0.024309780226313814,0.70671964
1999-01-11,48.400332885730215,863.9040490379048,0.4018318475176767,1.1920928955078125e-07,1.1920929e-07,1.1920929e-07,0.0,9.6125555,-2.49,-8.69,3.71,283.62,319.62,0.024083810819606293,0.5588016
1999-01-12,46.071138972919435,865.7274206146121,0.5937628811200688,11.916112899780273,1.1920929e-07,1.1920929e-07,0.0,9.695997,3.005,-2.73,8.74,267.94,505.21,0.025032151301628603,0.41910118
1999-01-13,24.073596599637774,887.0019443510472,0.7883102392999023,24.073596599637774,1.1920929e-07,1.1920929e-07,0.0,9.695997,6.91,0.25,13.57,289.69,619.7,0.03928256783239952,0.4355365
1999-01-14,8.820919897376736,901.354689498668,0.8203483098672595,8.820919897376736,1.1920929e-07,1.1920929e-07,0.0,9.695997,7.275,0.91,13.64,283.59,639.5,0.05323888900448429,0.48484254
1999-01-15,3.225972487542203,912.3154903868383,0.6788828277090626,3.2259724875421716,1.1920929e-07,12.23,12.23,9.695997,4.22,0.11,8.33,156.26,609.09,0.0671515476121657,0.70671964
1999-01-16,1.1781946632205051,920.0039824044808,0.5595973495661631,1.169410302177483,1.1920929e-07,1.1920929e-07,0.0,9.708552,1.22,-3.59,6.03,236.96,473.14,0.0790280937779831,0.78067863
1999-01-17,0.4278451911829157,919.4336138308778,0.7053861565102896,0.4219946121593649,1.1920929e-07,1.1920929e-07,0.0,9.792,4.53,-4.41,13.47,341.61,434.59,0.0780790925191389,0.5588016
1999-01-18,0.162573995370773,923.7447962228835,0.7513035223232363,0.1358444275391521,1.1920929e-07,8.84,8.84,9.792,5.41,-2.28,13.1,239.46,520.56,0.08554463683054549,0.7560257
1999-01-19,0.07262520748089141,926.9659505729678,0.8892901120520098,0.048948102776010464,1.1920929e-07,1.1920929e-07,0.0,9.792,7.935,2.45,13.42,260.86,721.01,0.0915848808087337,0.7888963
1999-01-20,0.036925132406326895,926.0688525049818,0.8137107978763581,0.021833020637916055,1.1920929e-07,1.1920929e-07,0.0,9.792,6.585,0.49,12.68,284.39,638.89,0.08986105046992354,0.59167224
1999-01-21,0.019792107892379965,924.9744802123254,0.818035677396068,0.010872188372266776,1.1920929e-07,1.1920929e-07,0.0,9.888002,6.535,-0.5,13.57,312.86,600.0,0.08780201782075729,0.50949556
1999-01-22,0.009611674898583254,923.9260207025744,0.8281401284896585,0.005036620539758022,1.1920929e-07,1.1920929e-07,0.0,9.888002,6.74,-0.22,13.7,310.85,601.15,0.08587363529641236,0.46018952
1999-01-23,0.005467489008505956,924.9041805106859,1.1467242859479478,0.002808459482930246,1.1920929e-07,6.55,6.55,9.888002,11.81,6.82,16.8,183.11,987.4,0.08767137513301822,0.47662488
1999-01-24,0.003268607054703444,944.9419851587156,1.2882829309556572,0.0016610106298131223,1.1920929e-07,34.23,34.23,9.900558,13.315,7.6,19.03,187.11,1048.07,0.13402415805856333,1.8654112
1999-01-25,0.00196695524645578,960.605147052194,0.8339388986614814,0.000993149593750368,1.1920929e-07,1.1920929e-07,0.0,9.984,6.105,-0.95,13.16,294.53,564.23,0.18675255962887735,1.4134393
1999-01-26,0.0011830854937790057,959.6536138785912,0.7724462830378646,0.0005950419342887229,1.1920929e-07,1.1920929e-07,0.0,9.984,4.96,-3.16,13.08,316.62,477.72,0.18302631162120364,0.8792907
1999-01-27,0.0004730043648417171,958.5632966564667,0.7754166389656539,0.00023706151420091516,1.1920929e-07,1.1920929e-07,0.0,9.984,5.035,-3.43,13.5,325.9,475.34,0.17884789604410464,0.6902843
1999-01-28,-0.0002881554812665674,957.3063001985053,1.0057459945673037,1.1920928955078125e-07,1.1920929e-07,1.1920929e-07,0.0,10.08,8.895,-2.1,19.89,347.71,525.72,0.17414895856145896,0.59988993
1999-01-29,-0.0008901694723066574,956.0065688547091,1.3061966748763414,1.1920928955078125e-07,1.1920929e-07,1.1920929e-07,0.0,10.08,13.06,7.14,18.98,258.11,1011.5,0.16942005364150625,0.5341486
1999-01-30,-0.0011228130360393619,954.7880469750809,0.8175342540230769,1.1920928955078125e-07,1.1920929e-07,1.1920929e-07,0.0,10.08,5.75,-1.26,12.76,303.89,559.47,0.16510331144706408,0.48484254
1999-01-31,-0.000820670957262438,953.7186569297133,0.7780267281394624,1.1920928955078125e-07,1.1920929e-07,1.1920929e-07,0.0,10.169206,4.885,-2.12,11.89,304.19,526.04,0.16140559981628372,0.45197186
1999-02-01,0.8103598674924992,954.5051176863174,0.5333108743739705,1.1920928955078125e-07,5.8907046,0.04929531,5.94,10.176,-0.69,-3.05,1.67,97.45,487.81,0.16411684242202343,0.47662488
1999-02-02,6.759503982370204,959.0897793990611,0.6039592274807547,1.5498922672745437,5.942076e-05,16.20994,16.21,10.176,1.04,-1.21,3.29,94.22,560.0,0.18085348614601265,1.0765148
1999-02-03,2.6584673199272126,970.7414239007973,0.908629608788219,2.658467319919643,1.1920929e-07,1.1920929e-07,0.0,10.235178,6.875,0.78,12.97,286.77,636.0,0.23147756816755824,0.9943381
1999-02-04,0.9705028484323204,971.206767251418,0.9930079744820576,0.970443674556479,1.1920929e-07,1.1920929e-07,0.0,10.272,8.18,2.01,14.35,286.07,717.19,0.233770414380926,0.7395903
1999-02-05,0.3546675579819498,970.6306504224788,0.926480529386908,0.3447322734304609,1.1920929e-07,1.1920929e-07,0.0,10.272,7.12,-0.27,14.51,320.25,596.96,0.23093508566480167,0.62454295
1999-02-06,0.1386069671162856,969.7030180887714,0.9182656915579491,0.1108805903821817,1.1920929e-07,1.1920929e-07,0.0,10.331169,6.91,-1.15,14.97,336.01,566.81,0.22644187662846624,0.5670192
1999-02-07,0.06413512784248539,968.4285647912324,1.094797270811781,0.0420122834118074,1.1920929e-07,1.1920929e-07,0.0,10.367997,9.6,2.94,16.26,300.09,755.45,0.22041097123974213,0.5341486
1999-02-08,0.03320781392907867,968.9307152852492,1.0155403119810447,0.019335745587815225,1.1920929e-07,3.44,3.44,10.367997,8.42,2.35,14.49,239.78,717.75,0.22276780628128492,0.5259309
1999-02-09,0.018026456274089723,969.5921992127822,0.9107230995385289,0.00982341819059441,1.1920929e-07,1.1920929e-07,0.0,10.457203,6.6,-1.97,15.17,350.66,533.34,0.22591097836040205,0.47662488
1999-02-10,0.009979980352039739,968.4812970951576,1.0582829980788053,0.005238783731191252,1.1920929e-07,1.1920929e-07,0.0,10.463997,8.925,0.54,17.31,346.02,639.66,0.2206572930929603,0.46018952
1999-02-11,0.00562545654260149,967.3553491846188,1.1235826298930984,0.002891821817553475,1.1920929e-07,1.1920929e-07,0.0,10.463997,9.88,-0.44,20.2,371.95,591.18,0.2154571106884041,0.4437542
1999-02-12,0.0024019074025503125,967.2642413040337,1.134867704629997,0.0012153759058412736,1.1920929e-07,1.1920929e-07,0.0,10.56,9.895,-0.73,20.52,376.52,583.77,0.21504172816058825,0.4355365
1999-02-13,0.00048643443205740114,968.0711701231608,1.0119818959908031,0.00024380876100400808,1.1920929e-07,4.35,4.35,10.56,8.095,-4.86,21.05,303.17,423.12,0.21874874961942647,0.4355365
1999-02-14,0.00015088391094560463,969.1848894172407,0.47713238113171746,1.1920928955078125e-07,1.1920929e-07,1.1920929e-07,0.0,10.56,-3.015,-7.99,1.96,260.31,339.46,0.22397035806511337,0.41088352
1999-02-15,6.011744200924848e-05,969.0559957584892,0.5735299987365624,1.1920928955078125e-07,1.1920929e-07,1.1920929e-07,0.0,10.655997,-0.525,-7.7,6.65,334.86,347.35,0.22335972569966883,0.39444816
1999-02-16,4.4094975250501885e-06,968.0946659440253,0.8171767772396751,2.2047973716961446e-06,1.1920929e-07,1.1920929e-07,0.0,10.655997,4.695,-6.05,15.44,401.02,390.51,0.2188576413000588,0.39444816
1999-02-17,-2.0724339509610978e-06,966.2222856800796,1.0069921234942676,1.1920928955078125e-07,1.1920929e-07,1.1920929e-07,0.0,10.668552,7.89,-1.45,17.23,377.81,560.0,0.21034777452383785,0.41088352
1999-02-18,-1.2529152802711224e-06,977.1398244407908,1.090111423265896,1.1920928955078125e-07,1.1920929e-07,24.0,24.0,10.752,8.825,4.15,13.5,178.98,827.27,0.26507392007994235,0.7560257
1999-02-19,-7.584628299368893e-07,988.670641561013,0.9504575286072352,1.1920928955078125e-07,1.1920929e-07,2.09,2.09,10.752,6.53,1.13,11.93,263.82,666.98,0.338405607779483,0.871073
1999-02-20,-4.630132491932138e-07,992.1406804454574,0.6989417290687171,1.1920928955078125e-07,1.8268824e-07,6.13,6.13,10.848,1.745,-2.93,6.42,186.83,499.81,0.3642151498348426,0.6656313
1999-02-21,0.0009804994305155053,993.7263629661485,0.6516884595853194,1.1920928955078125e-07,1.1920929e-07,1.1920929e-07,0.0,10.848,0.7,-4.48,5.88,275.37,435.97,0.37665566409581835,0.5752369
1999-02-22,0.001477545448221415,992.6756338873364,0.5214399792642171,1.1920928955078125e-07,1.1920929e-07,1.1920929e-07,0.0,10.848,-2.48,-8.21,3.25,302.03,330.69,0.3683655237813126,0.5177132
1999-02-23,0.001477541571769715,991.8136675498085,0.4767597699916746,1.1920928955078125e-07,1.1920929e-07,1.1920929e-07,0.0,10.944003,-3.85,-8.62,0.92,262.58,318.98,0.36170112186160486,0.4930602
1999-02-24,3.2665921958933035,990.996376809463,0.4505621792530654,1.1920928955078125e-07,6.58,1.1920929e-07,6.58,10.944003,-4.625,-8.15,-1.1,173.98,329.71,0.35549352926751354,0.48484254
1999-02-25,6.5816900774225795,990.1433023951331,0.5629891529625408,1.1920928955078125e-07,1.1920929e-07,1.1920929e-07,0.0,11.039997,-1.605,-6.84,3.63,327.91,366.59,0.34912775419554715,0.47662488
1999-02-26,6.758930524176159,989.3568163120394,0.6438998975779339,1.1920928955078125e-07,0.0027768856,0.65722317,0.66,11.039997,0.335,-4.63,5.3,310.68,437.5,0.3433599106435709,0.46840718
1999-02-27,3.591029699080245,991.760119742787,0.7807814960564398,3.591029699080244,1.1920929e-07,1.1920929e-07,0.0,11.039997,3.125,-4.64,10.89,432.8,426.85,0.3612911106751217,0.45197186
1999-02-28,1.312482860453613,995.4173846116423,0.9262099316286592,1.3124802419562829,1.1920929e-07,4.83,4.83,11.136005,5.5,-2.46,13.46,319.93,507.46,0.3903911826572774,0.47662488
1999-03-01,0.47842776600872955,998.462385498387,0.9529316061578628,0.47446119429947253,1.1920929e-07,2.26,2.26,11.136005,5.885,0.76,11.01,293.99,634.65,0.41639986884527763,0.50127786
1999-03-02,0.18108162152975502,998.535633684876,0.8958454212637548,0.15563249959261624,1.1920929e-07,1.1920929e-07,0.0,11.232,4.82,0.5,9.14,266.72,639.75,0.4170464080010971,0.45197186
1999-03-03,0.07986986270015363,996.9742374071195,1.1157004360388492,0.05508592770211041,1.1920929e-07,1.1920929e-07,0.0,11.232,8.195,0.87,15.52,387.4,648.36,0.40347933383567935,0.45197186
1999-03-04,0.04005723967900222,1003.7144259830395,0.9116181714628825,0.02398728363370826,1.1920929e-07,13.73,13.73,11.232,5.005,-2.66,12.67,297.17,504.05,0.4653968615873914,0.6327606
1999-03-05,0.08837360765299673,1009.159595743065,0.629869650277166,1.1920928955078125e-07,1.1920929e-07,1.1920929e-07,0.0,11.328006,-0.64,-5.44,4.16,293.01,415.46,0.5222914166338627,0.5752369
1999-03-06,0.06007774410660993,1007.9438052338639,0.8736588031950345,0.03880025893968163,1.1920929e-07,1.1920929e-07,0.0,11.328006,4.175,-3.79,12.14,412.53,465.91,0.5090131277781289,0.5341486
1999-03-07,0.031693502956739894,1006.5286610816756,0.9655388922608896,0.018337135482873,1.1920929e-07,1.1920929e-07,0.0,11.424,5.575,-5.02,16.17,460.79,422.33,0.4939821413686305,0.5259309
1999-03-08,0.021905808409115334,1005.311210071077,0.5512171539334251,1.1920928955078125e-07,1.1920929e-07,1.1920929e-07,0.0,11.424,-2.605,-9.87,4.66,402.25,290.24,0.4814066311945661,0.4930602
1999-03-09,0.021694951079958023,1004.2534337201945,0.6132104879648518,1.1920928955078125e-07,1.1920929e-07,1.1920929e-07,0.0,11.520002,-1.195,-7.51,5.12,369.99,359.1,0.47074066370581186,0.50127786
1999-03-10,2.44763998220724,1003.1936976866413,0.58731549860941,1.1920928955078125e-07,4.8499994,5.7816504e-07,4.85,11.520002,-1.795,-4.35,0.76,130.05,442.68,0.460291903283146,0.5259309
1999-03-11,4.858803813619604,1002.1302807365419,0.6613131392124413,1.1920928955078125e-07,1.1920929e-07,1.1920929e-07,0.0,11.520002,-0.08,-4.87,4.71,311.38,423.72,0.4500399787232219,0.5177132
1999-03-12,3.9658091450304,1001.8754345244084,0.7391758457542382,3.6076457441161836,1.1920929e-07,1.1920929e-07,0.0,11.615997,1.42,-4.4,7.24,365.68,441.68,0.4476172316175018,0.48484254
1999-03-13,1.4584768515209068,1003.1736566788404,0.7629628313518976,1.4584588762671757,1.1920929e-07,1.1920929e-07,0.0,11.615997,1.865,-4.59,8.32,395.94,436.28,0.4600965543042051,0.46840718
1999-03-14,0.5314909878495154,1005.6000567954832,0.8158305731953205,0.5288900536353166,1.1920929e-07,6.82,6.82,11.712,2.695,-2.22,7.61,252.09,516.9,0.48436096219766755,0.5505839
1999-03-15,0.2057275894263823,1018.775773912078,0.732071707572951,0.15746428911697538,0.00024048953,18.80976,18.81,11.712,0.915,-0.65,2.48,98.81,590.53,0.6402814413090907,1.6024457
1999-03-16,0.09548798891065322,1031.5380511810515,0.82617708877892,0.06895144742190065,1.1920929e-07,9.14,9.14,11.712,2.505,-2.71,7.72,273.28,508.61,0.8390145896556158,1.5038337
1999-03-17,0.047971340482540356,1033.7025383083585,1.1675264706002806,0.02963094704962548,1.1920929e-07,1.1920929e-07,0.0,11.808002,7.565,-1.52,16.65,480.45,558.11,0.8783757964616744,1.0272088
1999-03-18,0.025922375271172814,1031.3256561329338,1.757425115377546,0.014631767123943816,1.1920929e-07,1.1920929e-07,0.0,11.808002,14.075,4.7,23.45,473.9,855.75,0.8352485247933447,0.8792907
1999-03-19,0.014347620432493604,1028.9342088809892,1.3941335376374204,0.007687564727574299,1.1920929e-07,1.1920929e-07,0.0,11.903997,10.275,0.58,19.97,488.34,628.14,0.7939937646566546,0.772461
1999-03-20,0.006968598469339681,1028.338761355897,1.0508583565164498,0.0036056535407887197,1.1920929e-07,1.1920929e-07,0.0,11.903997,5.91,-2.7,14.52,478.27,500.79,0.7840425712267863,0.6902843
1999-03-21,0.001632739408515934,1031.1459851596062,1.1633708563488208,0.0008230341511461305,1.1920929e-07,7.72,7.72,12.000009,7.3,0.06,14.54,330.69,604.46,0.8320759056423971,0.73137265
1999-03-22,-0.00027417395266312575,1038.1159268637057,1.020773697366681,1.1920928955078125e-07,1.1920929e-07,11.15,11.15,12.000009,5.205,0.48,9.93,253.67,625.56,0.964447456192958,0.82176703
1999-03-23,-0.0001606889722724476,1040.87292629578,1.033694366709608,1.1920928955078125e-07,1.1920929e-07,1.1920929e-07,0.0,12.000009,5.355,-1.44,12.15,433.22,547.89,1.022444790107497,0.6738489
1999-03-24,-9.367854454757934e-05,1038.3795486500194,1.2333596624494374,1.1920928955078125e-07,1.1920929e-07,1.1920929e-07,0.0,12.096003,7.97,1.29,14.65,426.53,667.11,0.9698478244231339,0.6409783
1999-03-25,-5.512566663256838e-05,1036.8802870397253,1.3143646753762002,1.1920928955078125e-07,1.1920929e-07,1.02,1.02,12.096003,8.98,2.66,15.3,412.01,743.65,0.9395330785666623,0.61632526
1999-03-26,-3.235523742746836e-05,1035.3120987816685,1.1055253359971184,1.1920928955078125e-07,1.1920929e-07,1.1920929e-07,0.0,12.191998,6.215,-0.32,12.75,423.1,592.26,0.9088380614066041,0.58345455
1999-03-27,-1.560957434338289e-05,1033.5636151763279,0.9590526246701699,1.1920928955078125e-07,1.1920929e-07,1.1920929e-07,0.0,12.191998,4.095,-3.37,11.56,459.01,480.18,0.8757949240114568,0.5505839
1999-03-28,-4.993562330235e-06,1031.6816639582307,1.1249857183411045,1.1920928955078125e-07,1.1920929e-07,1.1920929e-07,0.0,12.288,6.415,-1.28,14.11,459.33,560.0,0.8415706654404372,0.5259309
1999-03-29,-2.047420575407197e-06,1029.622894725124,1.4496910493389568,1.1920928955078125e-07,1.1920929e-07,1.1920929e-07,0.0,12.288,10.38,2.36,18.4,465.21,724.19,0.8056607887105133,0.50949556
1999-03-30,-5.28855138006162e-07,1028.2209553152686,1.375892891003849,1.1920928955078125e-07,1.1920929e-07,1.1920929e-07,0.0,12.288,9.58,1.16,18.0,479.81,666.05,0.7820886101765583,0.4930602
1999-03-31,8.378082190795141e-07,1028.2093798155852,1.2922029880444383,4.189058643462869e-07,1.1920929e-07,1.1920929e-07,0.0,12.383997,8.48,-1.85,18.81,517.43,534.39,0.781896878929978,0.47662488
1999-04-01,1.6520181096095647e-06,1030.2043928451894,1.5921969286763569,8.260158777143683e-07,1.1920929e-07,7.72,7.72,12.383997,11.735,3.72,19.75,343.71,795.43,0.8156453337136575,0.5752369
1999-04-02,1.5132231473437247e-06,1034.8222190231972,1.8954833142327032,7.566172982825964e-07,1.1920929e-07,8.96,8.96,12.479998,14.35,8.02,20.68,295.78,1084.35,0.8994564982712875,0.7560257
1999-04-03,8.743302673955088e-07,1036.4510598235147,2.117767802345199,4.371670448312956e-07,1.1920929e-07,1.1920929e-07,0.0,12.479998,16.145,8.34,23.95,446.62,1107.05,0.9310299832830365,0.58345455
1999-04-04,4.805204361083117e-07,1033.151666337984,2.4027595541154927,2.4026079530387967e-07,1.1920929e-07,1.1920929e-07,0.0,12.479998,18.305,11.48,25.13,407.36,1358.47,0.8681863586107434,0.5505839
1999-04-05,2.821787710091631e-07,1029.9183924550102,2.5054716129156724,1.4108958456672857e-07,1.1920929e-07,1.1920929e-07,0.0,12.576003,18.935,10.44,27.43,460.76,1275.47,0.8107192290868896,0.5177132
1999-04-06,1.5962813521614917e-07,1027.1286989089954,1.6054986987541762,1.1920928955078125e-07,1.1920929e-07,1.1920929e-07,0.0,12.576003,11.67,4.68,18.66,437.99,858.84,0.7642024585134003,0.50127786
1999-04-07,8.626491021702885e-08,1024.378759613201,1.879079797881283,1.1920928955078125e-07,1.1920929e-07,1.1920929e-07,0.0,12.672003,14.125,7.24,21.01,430.1,1019.27,0.7209615130249953,0.48484254
1999-04-08,2.298131290482633e-08,1021.2258884353774,2.167268612622877,1.1920928955078125e-07,1.1920929e-07,1.1920929e-07,0.0,12.672003,16.52,6.2,26.84,512.49,946.15,0.6743870346391047,0.46840718
1999-04-09,-1.7040556719697483e-08,1018.6759332815309,2.6630354048566596,1.1920928955078125e-07,1.1920929e-07,1.23,1.23,12.767997,19.9,11.39,28.41,459.31,1350.91,0.6389288408632049,0.45197186
1999-04-10,-2.036152088360738e-08,1017.7393386569215,2.5896414602795126,1.1920928955078125e-07,1.1920929e-07,3.6,3.6,12.767997,19.44,11.49,27.39,349.5,1359.44,0.6263785470468891,0.46018952
1999-04-11,-1.196755847935156e-08,1020.5934933803993,2.151612844480803,1.1920928955078125e-07,1.1920929e-07,9.89,9.89,12.767997,16.285,9.83,22.74,296.77,1226.05,0.6654139308804902,1.6106633
1999-04-12,-7.123230692482698e-09,1033.0799911186757,1.889727088566961,1.1920928955078125e-07,1.1920929e-07,24.39,24.39,12.863992,13.835,7.24,20.43,306.54,1022.92,0.866869307007905,1.8489758
1999-04-13,-4.17201485845903e-09,1041.2544642658427,1.4475112987090184,1.1920928955078125e-07,1.1920929e-07,1.1920929e-07,0.0,12.863992,9.46,3.03,15.89,411.76,766.76,1.030741083459753,0.97790277
1999-04-14,-2.4876246737500325e-09,1038.9108214768346,1.5753328450793513,1.1920928955078125e-07,1.1920929e-07,1.1920929e-07,0.0,12.959997,10.71,2.38,19.04,475.63,718.28,0.980823151565804,0.80533165
1999-04-15,-1.4777699154081976e-09,1037.6459035503956,1.6856668758385827,1.1920928955078125e-07,1.1920929e-07,2.61,2.61,12.959997,11.805,4.06,19.55,381.01,824.2,0.9548933877266061,0.73137265
1999-04-16,-8.813927022677278e-10,1042.400505902223,1.4943074927739493,1.1920928955078125e-07,1.1920929e-07,10.11,10.11,12.959997,9.825,5.77,13.88,209.58,918.03,1.0560679941945788,0.797114
1999-04-17,-5.285497477877272e-10,1044.9902699768859,1.529905027051348,1.1920928955078125e-07,1.1920929e-07,1.1920929e-07,0.0,13.0560055,10.04,4.1,15.98,390.1,817.37,1.1156161638025281,0.6656313
1999-04-18,-3.16675156910269e-10,1042.2652752065567,1.3606203057599286,1.1920928955078125e-07,1.1920929e-07,1.1920929e-07,0.0,13.0560055,8.25,2.6,13.9,381.4,728.31,1.0530473765609347,0.59988993
1999-04-19,-1.8791080123023506e-10,1039.8556920646706,1.4167479518172947,1.1920928955078125e-07,1.1920929e-07,1.1920929e-07,0.0,13.152002,8.8,2.87,14.73,404.02,757.56,1.0006505889626132,0.5752369
1999-04-20,-7.718435716217118e-11,1037.318060257691,1.6824405752357725,1.1920928955078125e-07,1.1920929e-07,1.31,1.31,13.152002,11.545,5.09,18.0,425.46,887.27,0.9482854705063725,0.5588016
1999-04-21,8.016999414985054e-11,1034.3033216773683,1.7510578494544866,1.1920928955078125e-07,1.1920929e-07,1.1920929e-07,0.0,13.152002,12.23,3.61,20.85,500.4,786.96,0.8896248215483392,0.5341486
1999-04-22,2.4425627071621596e-10,1031.0249191564335,2.0765534901127864,1.1920928955078125e-07,1.1920929e-07,1.1920929e-07,0.0,13.248,14.925,4.81,25.04,527.41,870.17,0.829944928153921,0.5177132
1999-04-23,3.727535136969963e-10,1027.7100436010455,2.595792693089099,1.1920928955078125e-07,1.1920929e-07,1.1920929e-07,0.0,13.248,18.69,8.29,29.09,520.58,1102.18,0.7736706966311311,0.4930602
1999-04-24,4.2334076425226285e-10,1024.5858859173647,2.4377992430534343,1.1920928955078125e-07,1.1920929e-07,1.1920929e-07,0.0,13.331445,17.58,8.55,26.61,492.38,1124.7,0.7241314510925391,0.47662488
1999-04-25,3.536970635420871e-10,1021.8796370115504,1.6356949419850804,1.1920928955078125e-07,1.1920929e-07,1.1920929e-07,0.0,13.343997,11.105,1.95,20.26,510.99,699.24,0.6837903443592303,0.45197186
1999-04-26,1.9692547807206116e-10,1020.1324271685156,1.7892593709513638,1.1920928955078125e-07,1.1920929e-07,1.1920929e-07,0.0,13.343997,12.565,4.73,20.4,467.65,858.05,0.6589471716209856,0.4437542
1999-04-27,7.368574839611527e-11,1020.3287037379223,1.9954766462787443,1.1920928955078125e-07,1.1920929e-07,3.97,3.97,13.439992,14.21,9.65,18.77,231.6,1211.77,0.6616923625710389,0.48484254
1999-04-28,9.440421337422713e-12,1023.1135531550609,1.8987955412606428,1.1920928955078125e-07,1.1920929e-07,7.68,7.68,13.439992,13.36,6.68,20.04,318.28,981.89,0.7018973533960551,0.47662488
1999-04-29,3.4537797536431576e-12,1027.645539582546,1.2821685822007682,1.1920928955078125e-07,1.1920929e-07,4.93,4.93,13.439992,7.105,5.39,8.82,103.41,893.69,0.7726143737239771,0.5259309
1999-04-30,1.3996781692162325e-12,1030.1219215708313,1.4214281321744313,1.1920928955078125e-07,1.1920929e-07,4.77,4.77,13.536,8.55,5.66,11.44,168.0,906.73,0.8142217755306849,0.50949556
1999-05-01,2.244538327692504e-13,1030.1038952049817,1.6858035219363299,1.1920928955078125e-07,1.1920929e-07,1.1920929e-07,0.0,13.536,11.23,3.95,18.51,474.83,813.28,0.8139109487628134,0.46018952
1999-05-02,5.914056683980006e-14,1027.837098805482,1.7491954601189443,1.1920928955078125e-07,1.1920929e-07,1.1920929e-07,0.0,13.542794,11.845,3.14,20.55,518.87,767.0,0.7757555885589702,0.41910118
1999-05-03,1.9686096235654763e-14,1025.283968699372,1.8030730633500927,1.1920928955078125e-07,1.1920929e-07,1.1920929e-07,0.0,13.632003,12.265,1.55,22.98,560.64,674.81,0.7349181736512637,0.40266582
1999-05-04,-8.829422381351368e-15,1022.6283348565149,2.0693908119513034,1.1920928955078125e-07,1.1920929e-07,1.1920929e-07,0.0,13.632003,14.535,3.5,25.57,560.67,745.38,0.6947205444909738,0.39444816
1999-05-05,-1.7489822681437175e-14,1019.800309765778,2.282241182782471,1.1920928955078125e-07,1.1920929e-07,1.1920929e-07,0.0,13.668831,16.145,6.35,25.94,532.15,919.66,0.6543279797698514,0.37801284
1999-05-06,-1.048384843582594e-14,1016.558869066958,2.6324254958760576,1.1920928955078125e-07,1.1920929e-07,1.1920929e-07,0.0,13.728,18.51,11.5,25.52,436.01,1356.52,0.6109109117840574,0.37801284
1999-05-07,-5.929504681794913e-15,1013.3537703189132,2.6822566746455823,1.1920928955078125e-07,1.1920929e-07,1.1920929e-07,0.0,13.728,18.88,11.68,26.08,442.34,1376.59,0.5708139499780114,0.37801284
1999-05-08,-3.56272587887004e-15,1016.6517737252241,2.699800883545476,1.1920928955078125e-07,1.1920929e-07,11.23,11.23,13.764828,18.89,12.58,25.2,305.79,1450.63,0.6121142651548991,0.5341486
1999-05-09,-2.1475275884441936e-15,1019.1514833989365,2.380904285596521,1.1920928955078125e-07,1.1920929e-07,1.1920929e-07,0.0,13.8239975,16.67,8.86,24.48,479.76,1138.0,0.6453971134210096,0.5505839
1999-05-10,-1.2928604241605654e-15,1016.0540339798256,2.325513996057693,1.1920928955078125e-07,1.1920929e-07,1.1920929e-07,0.0,13.8239975,16.33,7.25,25.41,519.96,995.9,0.6044132372695349,0.42731884
1999-05-11,-7.741661279159086e-16,1013.0974244650504,2.4182709630522647,1.1920928955078125e-07,1.1920929e-07,1.1920929e-07,0.0,13.830791,17.02,7.41,26.63,529.65,997.1,0.5677229942157206,0.3862305
1999-05-12,-4.579292345244077e-16,1010.0535520258042,2.550087562977327,1.1920928955078125e-07,1.1920929e-07,1.1920929e-07,0.0,13.919997,17.85,9.04,26.66,504.01,1123.25,0.5322752605054069,0.36157748
1999-05-13,-2.7318515348098975e-16,1007.6304286344118,2.5447279677081833,1.1920928955078125e-07,1.1920929e-07,1.1920929e-07,0.0,13.919997,17.855,10.42,25.29,455.79,1269.22,0.5056456447548003,0.34514216
1999-05-14,-1.6097186579644863e-16,1014.2283686296562,2.2774602919295184,1.1920928955078125e-07,1.1920929e-07,19.57,19.57,13.919997,15.9,9.11,22.69,326.73,1168.74,0.5814868516871378,0.97790277
1999-05-15,-9.671836265027324e-17,1033.3600251626517,1.8748893114603082,1.1920928955078125e-07,1.1920929e-07,20.15,20.15,14.016,12.32,7.83,16.81,243.2,1069.18,0.8720263828838902,1.4380922
1999-05-16,-5.82536955459306e-17,1040.2609545468981,2.030860726970542,1.1920928955078125e-07,1.1920929e-07,1.1920929e-07,0.0,14.016,13.5,5.49,21.51,491.51,899.55,1.0092770883424365,0.80533165
1999-05-17,-3.51014385626911e-17,1036.9703547413737,2.2627652893840398,1.1920928955078125e-07,1.1920929e-07,1.1920929e-07,0.0,14.016,15.315,7.42,23.21,481.14,1033.76,0.9413271755226597,0.6574136
1999-05-18,-2.084185252031158e-17,1033.65855743626,2.577842672889937,1.1920928955078125e-07,1.1920929e-07,1.1920929e-07,0.0,14.099442,17.43,11.02,23.84,411.41,1321.55,0.8775579112559183,0.5752369
1999-05-19,-1.177401394755937e-18,1030.6866764563015,2.7185452228290705,1.1920928955078125e-07,1.1920929e-07,7.78,7.78,14.111998,18.355,12.99,23.72,266.73,1494.29,0.8240201330277311,0.59167224
1999-05-20,2.570753557652134e-17,1028.2573354079232,2.338684571257611,1.1920928955078125e-07,1.1920929e-07,1.1920929e-07,0.0,14.111998,15.885,7.87,23.9,483.13,1067.8,0.7826914994093692,0.50127786
1999-05-21,5.3265155862719965e-17,1026.2170513437359,2.329099419015715,1.1920928955078125e-07,1.1920929e-07,1.1920929e-07,0.0,14.111998,15.85,5.97,25.73,537.36,918.93,0.7495874351128684,0.45197186
1999-05-22,7.49476569330397e-17,1024.41234131635,2.587573750078422,1.1920928955078125e-07,1.1920929e-07,1.1920929e-07,0.0,14.207997,17.515,8.16,26.87,520.48,1053.9,0.7214745157746604,0.4355365
1999-05-23,8.420723625668019e-17,1022.6897223783764,2.8198909432123607,1.1920928955078125e-07,1.1920929e-07,3.1,3.1,14.207997,18.99,11.77,26.21,364.71,1381.92,0.6956244500341184,0.41088352
1999-05-24,7.449609130284124e-17,1020.8957115824253,2.87028708852865,1.1920928955078125e-07,1.1920929e-07,2.32,2.32,14.207997,19.32,13.78,24.86,302.5,1582.62,0.6696871356921936,0.37801284
1999-05-25,3.77497893060388e-17,1018.8725309871902,2.1574787488056235,1.1920928955078125e-07,1.1920929e-07,1.1920929e-07,0.0,14.207997,14.6,7.29,21.91,468.73,1022.03,0.64159499907571,0.35335982
1999-05-26,-2.8081283478455127e-17,1016.5326544986461,2.3145990714112044,1.1920928955078125e-07,1.1920929e-07,1.1920929e-07,0.0,14.291445,15.695,8.75,22.64,452.08,1139.74,0.6105717940879436,0.34514216
1999-05-27,-1.0605055579130111e-16,1013.909946679067,2.3416793005920065,1.1920928955078125e-07,1.1920929e-07,1.1920929e-07,0.0,14.304,15.915,8.05,23.78,485.03,1073.22,0.577578176464365,0.3287068
1999-05-28,-1.7791499348725987e-16,1011.0451793520799,2.3513765480085276,1.1920928955078125e-07,1.1920929e-07,1.1920929e-07,0.0,14.304,16.03,6.6,25.46,531.43,948.77,0.5435733264559038,0.30405378
1999-05-29,-2.2543156242109213e-16,1007.9791243413115,2.62364091386342,1.1920928955078125e-07,1.1920929e-07,1.1920929e-07,0.0,14.304,17.905,8.09,27.72,529.38,1041.43,0.509394063401999,0.29583612
1999-05-30,-2.303572284475584e-16,1004.7525534703888,2.8717536987010157,1.1920928955078125e-07,1.1920929e-07,1.1920929e-07,0.0,14.304,19.485,9.78,29.19,516.64,1158.38,0.47574371079259337,0.2794008
1999-05-31,-1.741838797615015e-16,1001.4062976340099,2.94906865680473,1.1920928955078125e-07,1.1920929e-07,1.1920929e-07,0.0,14.387447,19.895,10.66,29.13,500.59,1239.1,0.4431913394382588,0.2711831
1999-06-01,1.0456434965611618e-16,998.0096838441222,3.0609854187920047,1.1920928955078125e-07,1.1920929e-07,1.1920929e-07,0.0,14.4000025,20.575,13.5,27.65,419.02,1549.83,0.4124261916558627,0.26296544
1999-06-02,6.65754252008281e-16,994.5970101933082,3.1865157472082917,1.1920928955078125e-07,1.1920929e-07,1.1920929e-07,0.0,14.4000025,21.325,14.5,28.15,409.63,1638.12,0.38366614470889776,0.25474778
1999-06-03,1.4120048632113395e-15,991.1646872690033,3.3934424774851237,1.1920928955078125e-07,1.1920929e-07,2.56,2.56,14.4000025,22.475,16.41,28.54,344.56,1862.97,0.356763131262939,0.2465301
1999-06-04,2.2459352191816385e-15,987.7091256586424,2.8815216993078883,1.1920928955078125e-07,1.1920929e-07,1.1920929e-07,0.0,14.4000025,19.72,11.35,28.09,485.88,1291.77,0.33158332804727136,0.26296544
1999-06-05,3.0701643558355254e-15,984.226735949661,2.7790738785162667,1.1920928955078125e-07,1.1920929e-07,1.1920929e-07,0.0,14.4000025,19.165,11.43,26.9,463.97,1321.16,0.30800560305411523,0.23009476
1999-06-06,3.787311309089344e-15,980.7139287294941,2.7918343120830897,1.1920928955078125e-07,1.1920929e-07,1.1920929e-07,0.0,14.4368305,19.26,11.13,27.39,477.71,1278.04,0.2859201354652431,0.2218771
1999-06-07,4.2999951148594445e-15,977.167114585577,3.164359201210356,1.1920928955078125e-07,1.1920929e-07,1.1920929e-07,0.0,14.496003,21.395,12.15,30.64,504.27,1323.87,0.26522718712801885,0.21365942
1999-06-08,4.51083480906217e-15,973.5827041053448,3.655595407411337,1.1920928955078125e-07,1.1920929e-07,1.1920929e-07,0.0,14.496003,23.975,15.46,32.49,469.54,1664.64,0.2458360073332907,0.20544176
1999-06-09,4.3224494276138724e-15,969.9571078762328,3.8246582618167,1.1920928955078125e-07,1.1920929e-07,1.1920929e-07,0.0,14.496003,24.84,16.46,33.22,462.89,1764.25,0.22766385516199802,0.18900642
1999-06-10,3.6374580064308936e-15,966.2867364856761,3.684184483204547,1.1920928955078125e-07,1.1920929e-07,1.1920929e-07,0.0,14.496003,24.245,15.36,33.13,483.54,1621.97,0.21063512582627067,0.17257108
1999-06-11,2.359531168519859e-15,962.5464079172558,3.4512094201220194,1.1920928955078125e-07,1.1920929e-07,1.1920929e-07,0.0,14.496003,23.165,17.11,29.22,374.34,1939.09,0.1945915510988763,0.1643534
1999-06-12,5.784912818224216e-16,958.525353346111,2.825789059193581,1.1920928955078125e-07,1.1920929e-07,1.1920929e-07,0.0,14.496003,19.785,14.16,25.41,365.63,1610.06,0.17870421648902637,0.1643534
1999-06-13,-1.2411387632202096e-15,954.5366192203255,3.1388577696244866,1.1920928955078125e-07,1.1920929e-07,1.1920929e-07,0.0,14.496003,21.66,15.27,28.05,398.49,1711.42,0.1642263842994338,0.18900642
1999-06-14,-2.5911172106577703e-15,951.0491929815097,3.2198747543795583,1.1920928955078125e-07,1.1920929e-07,1.1920929e-07,0.0,14.496003,22.165,14.4,29.93,457.04,1499.65,0.15253255034567514,0.1643534
1999-06-15,-2.9632023045400035e-15,948.5320620712735,3.336396688473369,1.1920928955078125e-07,1.1920929e-07,1.76,1.76,14.496003,22.83,16.08,29.58,412.8,1699.65,0.14461314063675187,0.15613574
1999-06-16,-1.9847490180710922e-15,947.3093147182122,2.6000168017484384,1.1920928955078125e-07,1.1920929e-07,2.29,2.29,14.502797,18.565,12.84,24.29,315.36,1480.04,0.14091585414506363,0.1643534
1999-06-17,-6.399049682773805e-16,946.4250266777344,2.396687843648925,1.1920928955078125e-07,1.1920929e-07,8.54,8.54,14.532827,17.18,13.17,21.19,208.93,1521.22,0.13830102596640037,0.2218771
1999-06-18,4.983019108868843e-16,945.6774656288658,2.248092675722045,1.1920928955078125e-07,1.1920929e-07,2.01,2.01,14.532827,16.13,8.37,23.89,477.71,1034.26,0.13612838146832607,0.29583612
1999-06-19,1.0956167102423018e-15,945.1502453417384,2.2228894415045755,1.1920928955078125e-07,1.1920929e-07,1.1920929e-07,0.0,14.57945,15.9,7.49,24.31,502.34,955.58,0.13461667120712462,0.21365942
1999-06-20,8.590577979354202e-16,944.9176214554526,2.323914801300868,1.1920928955078125e-07,1.1920929e-07,2.99,2.99,14.57945,16.64,10.94,22.34,310.33,1315.12,0.13395501242479696,0.18900642
1999-06-21,3.216433108257598e-16,944.7631336049583,2.221306569549029,1.1920928955078125e-07,1.1920929e-07,3.82,3.82,14.57945,15.895,13.25,18.54,147.94,1524.1,0.13351739625255846,0.20544176
1999-06-22,-1.502809467230207e-16,944.2654048705939,2.5502689639092386,1.1920928955078125e-07,1.1920929e-07,2.55,2.55,14.57945,18.205,14.25,22.16,229.54,1618.59,0.13211718444965595,0.2465301
1999-06-23,-4.2337325725310273e-16,943.0231350040717,2.4479221696937747,1.1920928955078125e-07,1.1920929e-07,1.1920929e-07,0.0,14.57945,17.54,10.23,24.85,471.4,1146.79,0.12868615478156273,0.23009476
1999-06-24,-3.693473819363902e-16,940.6647199827397,2.663890060194749,1.1920928955078125e-07,1.1920929e-07,1.1920929e-07,0.0,14.57945,19.005,10.95,27.06,495.02,1160.36,0.12241568245669096,0.19722408
1999-06-25,-1.6715605093861758e-16,938.3735113482417,2.907165240572529,1.1920928955078125e-07,1.1920929e-07,1.12,1.12,14.532827,20.59,14.98,26.2,378.42,1658.57,0.11661663758618984,0.18078874
1999-06-26,3.798756474268481e-18,936.5923761262347,3.009855237013438,1.1920928955078125e-07,1.1920929e-07,3.26,3.26,14.502797,21.255,17.87,24.64,183.23,2057.2,0.11229904788896355,0.19722408
1999-06-27,9.82761920860682e-17,934.8411768393797,3.487276403562337,1.1920928955078125e-07,1.1920929e-07,1.1920929e-07,0.0,14.496003,23.86,18.33,29.39,372.01,2070.04,0.10820990357934336,0.23831244
1999-06-28,8.005851786680929e-17,932.7408228945004,3.714355960787967,1.1920928955078125e-07,1.1920929e-07,2.56,2.56,14.496003,25.015,19.95,30.08,319.03,2308.67,0.10350137413411517,0.23009476
1999-06-29,3.16698946105913e-17,931.0549791463518,4.03689648771946,1.1920928955078125e-07,1.1920929e-07,7.3,7.3,14.496003,26.535,20.78,32.29,284.22,2449.0,0.09987073568857613,0.26296544
1999-06-30,-7.05796153038092e-18,929.679392754877,3.6431619002224593,1.1920928955078125e-07,1.1920929e-07,1.1920929e-07,0.0,14.496003,24.73,20.01,29.45,337.25,2330.43,0.09700282921094053,0.25474778
1999-07-01,-2.5164084129285707e-17,928.1418829954924,3.543763418823665,1.1920928955078125e-07,1.1920929e-07,2.88,2.88,14.496003,24.27,20.1,28.44,243.05,2344.23,0.09389469173096096,0.19722408
1999-07-02,-1.6659889745559066e-17,926.105233637764,3.568156866945099,1.1920928955078125e-07,1.1920929e-07,0.33,0.33,14.496003,24.43,19.51,29.35,352.31,2222.39,0.0899303237064845,0.19722408
1999-07-03,-2.444744432836393e-18,923.8961227842517,3.544570720696122,1.1920928955078125e-07,1.1920929e-07,1.22,1.22,14.496003,24.355,19.38,29.33,361.91,2179.72,0.0858192710064587,0.19722408
1999-07-04,1.0416704474868805e-17,921.3697504962619,3.996014041648603,1.1920928955078125e-07,1.1920929e-07,2.83,2.83,14.496003,26.54,19.67,33.41,373.76,2178.54,0.08134765481186125,0.20544176
1999-07-05,1.8093929450128903e-17,918.2874711837395,4.266866513089155,1.1920928955078125e-07,1.1920929e-07,1.1920929e-07,0.0,14.496003,27.785,20.58,34.99,459.54,2150.7,0.07620641537620365,0.1643534
1999-07-06,1.6756402965516293e-17,914.4106392566298,4.357532041384134,1.1920928955078125e-07,1.1920929e-07,1.1920929e-07,0.0,14.483447,28.26,20.88,35.64,464.4,2176.37,0.07019869515678216,0.14791806
1999-07-07,1.0027252400259948e-17,909.040770843543,4.330351753116173,1.1920928955078125e-07,1.1920929e-07,1.1920929e-07,0.0,14.406797,28.35,21.52,35.18,444.64,2308.76,0.06265161765983897,0.13148272
1999-07-08,5.9950658690468975e-18,909.5184209344143,3.7505255735093197,1.1920928955078125e-07,1.1920929e-07,10.24,10.24,14.4000025,25.755,18.3,33.21,356.05,2056.49,0.0632886938214205,0.2794008
1999-07-09,3.572831177141557e-18,910.528073144872,3.6303783458497096,1.1920928955078125e-07,1.1920929e-07,1.1920929e-07,0.0,14.4000025,25.155,17.59,32.72,489.85,1795.67,0.06465673909016577,0.23009476
1999-07-10,2.1261197434451997e-18,906.3632815381079,3.7869640066806585,1.1920928955078125e-07,1.1920929e-07,1.1920929e-07,0.0,14.4000025,25.99,19.05,32.93,465.37,1991.91,0.059197368069219054,0.15613574
1999-07-11,1.2642383355178354e-18,904.8509396605716,3.39904675890944,1.1920928955078125e-07,1.1920929e-07,5.03,5.03,14.4000025,24.1,17.71,30.49,332.21,2026.48,0.05733113685337387,0.13148272
1999-07-12,7.190132629169279e-19,912.6688015425603,2.472479916489086,1.1920928955078125e-07,1.1920929e-07,15.65,15.65,14.4000025,18.465,14.78,22.15,232.33,1687.09,0.06765596476871266,0.1643534
1999-07-13,4.1703534264354045e-19,929.6502813104079,2.046168776297755,1.1920928955078125e-07,1.1920929e-07,24.41,24.41,14.310795,15.115,13.22,17.01,131.96,1524.9,0.09694303423521508,0.5670192
1999-07-14,2.453121069049669e-19,938.0139078796852,2.3226123292208283,1.1920928955078125e-07,1.1920929e-07,2.39,2.39,14.304,17.07,14.55,19.59,213.18,1657.31,0.11573176265731577,0.41088352
1999-07-15,1.4629937469257337e-19,936.825860151353,2.904497258404613,1.1920928955078125e-07,1.1920929e-07,0.19,0.19,14.304,20.875,16.25,25.5,382.89,1840.06,0.11285579504941488,0.33692446
1999-07-16,8.614205382905242e-20,933.6580182617087,3.3431315990329207,1.1920928955078125e-07,1.1920929e-07,1.1920929e-07,0.0,14.304,23.375,16.57,30.18,486.27,1705.18,0.105531784433744,0.2711831
1999-07-17,4.914534772219173e-20,931.3172857867893,3.4388434128532683,1.1920928955078125e-07,1.1920929e-07,1.1920929e-07,0.0,14.304,23.915,17.14,30.69,478.87,1772.08,0.10042715857257085,0.2218771
1999-07-18,2.4987764626706132e-20,930.2584538683743,3.551885010163368,1.1920928955078125e-07,1.1920929e-07,4.11,4.11,14.207997,24.625,17.9,31.35,432.87,1924.72,0.09819991508798354,0.18900642
1999-07-19,1.412575367521095e-20,928.6267714433578,3.477139656904592,1.1920928955078125e-07,1.1920929e-07,1.1920929e-07,0.0,14.207997,24.28,16.78,31.78,503.76,1708.49,0.09486400783471623,0.18900642
1999-07-20,7.487450940925638e-21,925.4696175451179,3.5146832268978017,1.1920928955078125e-07,1.1920929e-07,1.1920929e-07,0.0,14.207997,24.53,17.91,31.15,469.24,1887.63,0.08872769581667361,0.2218771
1999-07-21,3.949571151532918e-21,921.76283963352,3.574480158541289,1.1920928955078125e-07,1.1920929e-07,1.1920929e-07,0.0,14.207997,24.9,19.47,30.33,405.22,2205.43,0.08202779079189129,0.18900642
1999-07-22,1.989357522720537e-21,919.096240932886,3.7957861334332903,1.1920928955078125e-07,1.1920929e-07,17.5,17.5,14.118794,26.135,19.95,32.32,321.25,2316.09,0.07752313120318542,0.61632526
1999-07-23,4.350495353764609e-22,917.2297718751835,4.066324437290793,1.1920928955078125e-07,1.1920929e-07,1.1920929e-07,0.0,14.111998,27.42,21.55,33.29,410.84,2499.86,0.07451811996006899,0.33692446
1999-07-24,-3.4559174176002933e-22,914.8533990787,4.052428450982975,1.1920928955078125e-07,1.1920929e-07,1.1920929e-07,0.0,14.111998,27.405,21.08,33.73,434.85,2413.66,0.07086012792808967,0.2218771
1999-07-25,-2.5323291354565467e-22,911.1652597137498,3.791766303689883,1.1920928955078125e-07,1.1920929e-07,0.41,0.41,14.111998,26.28,19.27,33.29,462.22,2108.14,0.06553528575317275,0.17257108
1999-07-26,-1.0205733905934104e-22,907.3484974988476,3.6469014154345607,1.1920928955078125e-07,1.1920929e-07,1.1920929e-07,0.0,14.016,25.78,18.67,32.89,468.79,2036.23,0.060445681329548605,0.14791806
1999-07-27,-7.785968710524136e-24,903.5751724197193,3.765945106864042,1.1920928955078125e-07,1.1920929e-07,1.1920929e-07,0.0,14.016,26.43,19.96,32.9,437.86,2229.16,0.055802663653103,0.12326505
1999-07-28,5.801303428180483e-24,899.8624261676329,3.5835431060388974,1.1920928955078125e-07,1.1920929e-07,1.1920929e-07,0.0,14.016,25.615,18.25,32.98,474.77,1946.32,0.05158243498693365,0.13148272
1999-07-29,-2.2138206917983748e-23,896.185212963172,3.5012624842942914,1.1920928955078125e-07,1.1920929e-07,20.58,20.58,14.003442,25.29,18.87,31.71,323.2,2178.68,0.0477172726781603,0.39444816
1999-07-30,-7.153752248391104e-23,892.5481688615237,3.556864832469989,1.1920928955078125e-07,1.1920929e-07,4.59,4.59,13.919997,25.75,19.15,32.35,326.61,2227.51,0.044179306831968156,0.1643534
1999-07-31,-1.3601431687945243e-22,888.9682921877742,3.908945847102277,1.1920928955078125e-07,1.1920929e-07,1.1920929e-07,0.0,13.919997,27.52,20.84,34.2,428.68,2407.93,0.04095322033304823,0.13148272
1999-08-01,-2.0918626371445898e-22,885.4625812670101,4.086699399287503,1.1920928955078125e-07,1.1920929e-07,1.1920929e-07,0.0,13.919997,28.4,21.58,35.22,426.41,2501.09,0.03802239417595934,0.10682971
1999-08-02,-2.8467103659878167e-22,882.048034424318,3.6359713162605805,1.1920928955078125e-07,1.1920929e-07,1.47,1.47,13.8239975,26.48,19.36,33.6,416.35,2177.07,0.035369544652003905,0.13148272
1999-08-03,-3.560863091422715e-22,878.7416499847843,3.0132600301252443,1.1920928955078125e-07,1.1920929e-07,1.1920929e-07,0.0,13.8239975,23.215,17.02,29.41,423.77,1914.82,0.0329772510226106,0.11504738
1999-08-04,-4.1704975495477952e-22,875.5604262734956,2.7623985057017615,1.1920928955078125e-07,1.1920929e-07,1.1920929e-07,0.0,13.8239975,21.765,14.46,29.07,475.56,1597.12,0.030828384673807045,0.10682971
1999-08-05,-4.611790476461567e-22,872.5213616155386,2.961833392241711,1.1920928955078125e-07,1.1920929e-07,1.1920929e-07,0.0,13.728,23.16,15.9,30.42,467.23,1752.16,0.028906452191563608,0.09861204
1999-08-06,-4.820918608262543e-22,869.6414543359996,2.9084786991134233,1.1920928955078125e-07,1.1920929e-07,1.1920929e-07,0.0,13.728,22.9,14.93,30.87,490.47,1624.44,0.027195865448207717,0.09039437
1999-08-07,-4.734058681049231e-22,866.9377027599651,2.8045131372380596,1.1920928955078125e-07,1.1920929e-07,1.1920929e-07,0.0,13.728,22.32,13.84,30.8,507.03,1472.45,0.025682151871944555,0.0821767
1999-08-08,-4.28738743092014e-22,864.4271052125217,3.0470898096299823,1.1920928955078125e-07,1.1920929e-07,1.1920929e-07,0.0,13.632003,23.945,16.29,31.6,473.98,1757.5,0.024352117788403817,0.07395903
1999-08-09,-3.4170815939737837e-22,862.1266600187561,3.1166149406330663,1.1920928955078125e-07,1.1920929e-07,1.7,1.7,13.632003,24.39,17.95,30.83,424.03,2010.4,0.023193977254388435,0.0821767
1999-08-10,-2.0195293481185295e-22,860.0881655093601,2.6025651813609896,1.1920928955078125e-07,1.1920929e-07,1.1920929e-07,0.0,13.632003,21.285,12.95,29.62,502.05,1413.34,0.02221382621023834,0.0821767
1999-08-11,1.6897174352910965e-24,858.4645534167752,2.812355365105816,1.1920928955078125e-07,1.1920929e-07,1.1920929e-07,0.0,13.536,22.785,14.47,31.1,490.06,1567.19,0.021462878370206325,0.07395903
1999-08-12,2.1899735404979918e-22,857.0293893029111,3.1395918209176052,1.1920928955078125e-07,1.1920929e-07,1.1920929e-07,0.0,13.536,24.75,16.36,33.14,476.29,1767.08,0.020820256160264596,0.05752369
1999-08-13,3.9117394222472237e-22,855.494037443797,3.116325676968872,1.1920928955078125e-07,1.1920929e-07,1.1920929e-07,0.0,13.536,24.65,16.15,33.15,476.4,1677.88,0.020154060503436468,0.04930602
1999-08-14,4.594234491531129e-22,853.5698621154618,3.3772837860616813,1.1920928955078125e-07,1.1920929e-07,4.0,4.0,13.439992,26.25,18.81,33.69,319.36,2150.22,0.019349168597496236,0.04437542
1999-08-15,3.6517502815191278e-22,850.9692254740842,2.989457033967372,1.1920928955078125e-07,1.1920929e-07,1.1920929e-07,0.0,13.439992,24.135,16.09,32.18,459.34,1650.59,0.018312151651920336,0.042731885
1999-08-16,2.0628450920719045e-22,848.0515894494754,2.862660422065359,1.1920928955078125e-07,1.1920929e-07,1.1920929e-07,0.0,13.350795,23.55,16.91,30.19,406.33,1834.33,0.017214737546938724,0.050949555
1999-08-17,1.051662298706456e-22,845.1153027765446,2.9981959250921992,1.1920928955078125e-07,1.1920929e-07,1.1920929e-07,0.0,13.343997,24.435,17.66,31.21,407.15,1910.48,0.016176697729566137,0.048484255
1999-08-18,6.113653804561717e-23,841.9500663894393,3.282694965081392,1.1920928955078125e-07,1.1920929e-07,1.1920929e-07,0.0,13.343997,26.115,18.25,33.98,442.86,1868.03,0.015127712258107185,0.042731885
1999-08-19,3.648532270583761e-23,838.9656968033947,2.9018931077891574,1.1920928955078125e-07,1.1920929e-07,1.1920929e-07,0.0,13.248,24.115,16.04,32.19,455.79,1628.87,0.014201048517053137,0.03780128
1999-08-20,2.1940056466951103e-23,845.0067309912031,2.6877036223472057,1.1920928955078125e-07,1.1920929e-07,15.17,15.17,13.248,22.645,16.29,29.0,289.45,1848.39,0.01613953924417521,0.050949555
1999-08-21,1.3205674598177336e-23,850.8651988337141,2.5064882524547842,1.1920928955078125e-07,1.1920929e-07,2.79,2.79,13.248,21.315,15.47,27.16,298.96,1748.21,0.018271846923427097,0.18900642
1999-08-22,7.926583651268121e-24,849.6822043975842,2.2733365149273577,1.1920928955078125e-07,1.1920929e-07,1.1920929e-07,0.0,13.152002,19.79,11.99,27.59,453.67,1330.86,0.017819693493557314,0.17257108
1999-08-23,4.7411088492041474e-24,847.4770148491316,2.391380557971208,1.1920928955078125e-07,1.1920929e-07,1.1920929e-07,0.0,13.152002,20.7,13.47,27.93,427.63,1474.21,0.017006500873802118,0.15613574
1999-08-24,2.761027514405539e-24,853.30674487369,2.483002640306575,1.1920928955078125e-07,1.1920929e-07,13.01,13.01,13.0560055,21.355,15.58,27.13,268.16,1771.47,0.019241632959914507,0.14791806
1999-08-25,1.6359515083139777e-24,865.0944133195009,2.562149884159346,1.1920928955078125e-07,1.1920929e-07,14.81,14.81,13.0560055,21.66,18.53,24.79,156.24,2129.35,0.02469876397027896,0.41088352
1999-08-26,9.489208256504471e-25,879.4883864213222,2.6282184617227884,1.1920928955078125e-07,1.1920929e-07,17.59,17.59,13.0560055,21.815,17.9,25.73,194.34,2053.32,0.03350299137855978,0.8546377
1999-08-27,5.681397709733411e-25,885.6742866933503,2.637881078448868,1.1920928955078125e-07,1.1920929e-07,1.1920929e-07,0.0,12.959997,21.885,15.85,27.92,375.16,1800.64,0.03819327603750862,0.5588016
1999-08-28,3.4207564644134048e-25,882.7147672174028,2.7168044394389153,1.1920928955078125e-07,1.1920929e-07,1.1920929e-07,0.0,12.959997,22.455,16.06,28.85,388.5,1823.48,0.03587258395350365,0.36157748
1999-08-29,2.0583646149574067e-25,879.9405971651174,2.739596460867534,1.1920928955078125e-07,1.1920929e-07,1.1920929e-07,0.0,12.863992,22.785,16.03,29.54,400.06,1822.45,0.03382543698537159,0.26296544
1999-08-30,1.1916893425694875e-25,877.1405676902258,2.6141398765099595,1.1920928955078125e-07,1.1920929e-07,1.1920929e-07,0.0,12.863992,22.025,15.34,28.71,399.41,1739.45,0.03187764967100172,0.23009476
1999-08-31,7.003164783179205e-26,874.9136270958268,1.8277192855326891,1.1920928955078125e-07,1.1920929e-07,1.1920929e-07,0.0,12.863992,16.01,7.9,24.12,466.65,1079.25,0.030408916380167815,0.19722408
1999-09-01,4.0382611385492994e-26,872.9656783512809,1.9544634672558234,1.1920928955078125e-07,1.1920929e-07,1.1920929e-07,0.0,12.767997,17.285,8.54,26.03,477.43,1125.4,0.029179779547955743,0.18900642
1999-09-02,2.3866809460616023e-26,870.8940698650113,2.1439767089187205,1.1920928955078125e-07,1.1920929e-07,1.1920929e-07,0.0,12.767997,18.88,9.07,28.69,492.5,1149.4,0.02792708057579847,0.17257108
1999-09-03,1.4091817153194526e-26,868.6722248453933,2.2399786865814884,1.1920928955078125e-07,1.1920929e-07,1.1920929e-07,0.0,12.672003,19.795,9.48,30.11,496.2,1176.15,0.026643241569659804,0.1643534
1999-09-04,8.519885860201527e-27,866.3708614949179,2.308526918219643,1.1920928955078125e-07,1.1920929e-07,1.1920929e-07,0.0,12.672003,20.355,11.33,29.38,462.53,1346.05,0.025375646032514527,0.15613574
1999-09-05,5.1561607125719946e-27,887.9442573503405,2.5990092977680734,1.1920928955078125e-07,1.1920929e-07,52.39,52.39,12.65945,21.99,17.43,26.55,209.67,1988.51,0.0400744978359086,1.3066095
1999-09-06,3.1143449856193768e-27,947.5824170386393,2.564210426048796,1.1920928955078125e-07,1.1920929e-07,63.6,63.6,12.576003,20.75,18.58,22.92,108.41,2143.88,0.14173336287159596,4.8648605
1999-09-07,1.8826438795193854e-27,975.6543746141425,2.5552567109428366,1.1920928955078125e-07,1.1920929e-07,2.61,2.61,12.576003,20.19,17.24,23.14,183.82,1972.83,0.25686358097117495,1.4791806
1999-09-08,1.1340225798512524e-27,973.9984057314172,2.944446159705747,1.1920928955078125e-07,1.1920929e-07,1.1920929e-07,0.0,12.479998,22.8,15.35,30.25,412.37,1748.31,0.24801016502802356,0.60810757
1999-09-09,6.737923887089815e-28,969.5976585870606,2.932821385316801,1.1920928955078125e-07,1.1920929e-07,1.1920929e-07,0.0,12.479998,22.81,15.75,29.87,398.4,1790.71,0.22593710332694783,0.4437542
1999-09-10,4.0231035120951826e-28,971.8221832133253,2.6729973497240223,1.1920928955078125e-07,1.1920929e-07,11.68,11.68,12.383997,21.295,14.77,27.82,285.78,1687.81,0.23683761633435604,0.5177132
1999-09-11,2.396840246835173e-28,974.4550113318833,2.158256823334907,1.1920928955078125e-07,1.1920929e-07,1.1920929e-07,0.0,12.383997,17.615,9.06,26.17,460.18,1167.41,0.250420419870097,0.41088352
1999-09-12,1.4255952699664447e-28,972.059587130706,2.174263075767956,1.1920928955078125e-07,1.1920929e-07,1.1920929e-07,0.0,12.383997,17.78,9.49,26.07,451.19,1198.8,0.23803155322542005,0.29583612
1999-09-13,7.421141768703922e-29,969.6661462239344,2.155308690510493,1.1920928955078125e-07,1.1920929e-07,1.1920929e-07,0.0,12.288,17.805,9.64,25.97,444.76,1211.93,0.22626509680463378,0.2218771
1999-09-14,-1.0572247374518707e-28,967.32038898821,2.226918720801735,1.1920928955078125e-07,1.1920929e-07,1.1920929e-07,0.0,12.288,18.395,11.17,25.62,412.49,1333.56,0.21529762403864006,0.18900642
1999-09-15,-3.983250633644438e-28,965.0295454281624,2.2631850894955354,1.1920928955078125e-07,1.1920929e-07,1.1920929e-07,0.0,12.191998,18.84,13.84,23.84,313.3,1584.43,0.2051001852048926,0.2711831
1999-09-16,-7.5417690243932235e-28,962.8004478349607,2.006523056796235,1.1920928955078125e-07,1.1920929e-07,9.75,9.75,12.191998,16.86,13.86,19.86,153.67,1586.75,0.1956414448117187,0.28761846
1999-09-17,-1.1238585422384145e-27,960.6399284997744,1.8273018200114053,1.1920928955078125e-07,1.1920929e-07,1.1920929e-07,0.0,12.096003,15.48,9.22,21.74,385.3,1177.41,0.18689019327908268,0.25474778
1999-09-18,-1.457950534030312e-27,958.5548197137729,1.6929069175402938,1.1920928955078125e-07,1.1920929e-07,1.1920929e-07,0.0,12.096003,14.265,6.06,22.47,451.11,944.23,0.17881578647177487,0.2465301
1999-09-19,-1.7070334290836066e-27,956.5519537681253,1.762795727631296,1.1920928955078125e-07,1.1920929e-07,1.1920929e-07,0.0,12.096003,14.96,7.22,22.7,432.82,1025.43,0.17138852563803003,0.23831244
1999-09-20,-1.8216877786668895e-27,954.6381629540008,1.8840997662745815,1.1920928955078125e-07,1.1920929e-07,1.1920929e-07,0.0,12.000009,16.22,8.35,24.09,429.44,1108.3,0.16457998540495714,0.20544176
1999-09-21,-1.752494134048752e-27,952.820279562569,2.0199946583425934,1.1920928955078125e-07,1.1920929e-07,8.05,8.05,12.000009,17.41,10.94,23.88,280.69,1315.09,0.15836329763492815,0.21365942
1999-09-22,-1.450033046497787e-27,951.105135884999,1.6223836156043552,1.1920928955078125e-07,1.1920929e-07,1.1920929e-07,0.0,11.903997,13.96,7.41,20.51,388.74,1038.08,0.1527133990047592,0.23009476
1999-09-23,6.417827261716914e-29,949.4879809628147,1.377315425106385,1.1920928955078125e-07,1.1920929e-07,1.1920929e-07,0.0,11.903997,11.355,4.05,18.66,416.85,821.56,0.14757103961572718,0.2218771
1999-09-24,8.52561040462285e-27,947.8963434864555,1.6303927039365809,1.1920928955078125e-07,1.1920929e-07,1.1920929e-07,0.0,11.903997,14.095,4.75,23.44,453.65,867.4,0.14267893597386122,0.19722408
1999-09-25,2.3859644993624163e-26,946.3164774222378,1.8085704874117623,1.1920928955078125e-07,1.1920929e-07,1.1920929e-07,0.0,11.808002,15.955,6.51,25.4,444.83,970.03,0.13798340913549526,0.18900642
1999-09-26,4.4799071968328625e-26,944.7484415710128,2.0011061831437007,1.1920928955078125e-07,1.1920929e-07,1.1920929e-07,0.0,11.808002,17.665,8.71,26.62,425.55,1137.26,0.13347585279573157,0.17257108
1999-09-27,7.007668125744375e-26,943.1922947336323,2.0155389246225517,1.1920928955078125e-07,1.1920929e-07,10.91,10.91,11.712,17.95,10.75,25.15,278.25,1299.76,0.1291480649312775,0.2218771
1999-09-28,9.842526278967703e-26,941.6480957109475,2.304161009058223,1.1920928955078125e-07,1.1920929e-07,29.62,29.62,11.712,20.245,18.72,21.77,71.58,2163.26,0.12499222783727866,0.78067863
1999-09-29,1.2857760649373605e-25,940.1159033038101,2.292252195546649,1.1920928955078125e-07,1.1920929e-07,17.94,17.94,11.615997,20.325,18.48,22.17,85.36,2121.91,0.12100088919183508,1.668187
1999-09-30,1.5926650229832826e-25,938.5957763130716,1.737581546355727,1.1920928955078125e-07,1.1920929e-07,32.45,32.45,11.615997,15.7,9.45,21.95,261.41,1196.14,0.11716694409354186,5.399009
1999-10-01,1.892247401321612e-25,937.0877735395833,1.4025041574797612,1.1920928955078125e-07,1.1920929e-07,1.1920929e-07,0.0,11.615997,12.245,4.45,20.04,405.89,848.2,0.11348361802039304,1.2408682
1999-10-02,2.1718510992394233e-25,935.5919537841968,1.4869332764871712,1.1920928955078125e-07,1.1920929e-07,1.1920929e-07,0.0,11.520002,13.345,4.57,22.12,425.75,856.26,0.10994445066120173,0.80533165
1999-10-03,2.4188040160237934e-25,934.1083758477635,1.6339658828954169,1.1920928955078125e-07,1.1920929e-07,1.1920929e-07,0.0,11.520002,14.905,6.2,23.61,418.74,947.07,0.10654328057335023,0.62454295
1999-10-04,2.620434050961795e-25,932.6370985311349,1.7067895689630002,1.1920928955078125e-07,1.1920929e-07,1.13,1.13,11.424,15.785,8.09,23.48,391.0,1090.81,0.10327423062320651,0.5423662
1999-10-05,2.764069103340505e-25,931.1781806351626,1.6054279851238593,1.1920928955078125e-07,1.1920929e-07,3.12,3.12,11.424,14.805,9.47,20.14,229.74,1197.33,0.10013169416790585,0.5177132
1999-10-06,2.837037072446999e-25,929.7316809606979,1.221969375982103,1.1920928955078125e-07,1.1920929e-07,1.1920929e-07,0.0,11.340561,10.56,2.77,18.35,393.58,750.26,0.09711032193945238,0.46018952
1999-10-07,2.82666585756835e-25,928.2976583085924,1.2586338111380515,1.1920928955078125e-07,1.1920929e-07,1.1920929e-07,0.0,11.328006,11.07,2.89,19.25,395.67,754.68,0.09420500959420011,0.40266582
1999-10-08,2.7202833579916356e-25,926.8761714796974,1.3668237126277951,1.1920928955078125e-07,1.1920929e-07,1.1920929e-07,0.0,11.328006,12.41,5.67,19.15,348.3,920.0,0.09141088589278144,0.37801284
1999-10-09,2.5052174730039285e-25,925.4672792748646,1.4922863357831764,1.1920928955078125e-07,1.1920929e-07,1.1920929e-07,0.0,11.232,13.99,8.63,19.35,291.86,1130.02,0.08872330147743972,0.36979514
1999-10-10,2.168796101892306e-25,924.0710404949455,1.7875436894854966,1.1920928955078125e-07,1.1920929e-07,11.66,11.66,11.232,16.985,13.55,20.42,145.17,1556.56,0.08613781821550211,0.47662488
1999-10-11,1.6983471439438427e-25,922.6875139407913,1.8305340042916682,1.1920928955078125e-07,1.1920929e-07,3.45,3.45,11.136005,17.55,14.32,20.78,138.34,1640.95,0.08365019907942117,0.5259309
1999-10-12,1.0400456373296508e-25,921.3137725179994,1.7728217546715692,1.1920928955078125e-07,1.1920929e-07,1.1920929e-07,0.0,11.136005,17.04,11.72,22.36,288.1,1377.52,0.08125125965120111,0.39444816
1999-10-13,-2.97148140415998e-26,919.9112165713681,1.4961769583636841,1.1920928955078125e-07,1.1920929e-07,1.1920929e-07,0.0,11.136005,14.27,8.77,19.77,303.02,1143.01,0.07887296463900155,0.36979514
1999-10-14,-2.132013251931473e-25,918.4813075993573,1.3735901425980996,1.1920928955078125e-07,1.1920929e-07,1.1920929e-07,0.0,11.039997,13.05,8.16,17.94,279.03,1093.1,0.07651993820902675,0.34514216
1999-10-15,-4.0516261385948174e-25,917.0412372734186,1.1475990905852926,1.1920928955078125e-07,1.1920929e-07,1.1920929e-07,0.0,11.039997,10.21,2.26,18.16,381.31,721.84,0.07422113358889229,0.3287068
1999-10-16,-5.6430632417840685e-25,915.6081972650032,1.2114946647891955,1.1920928955078125e-07,1.1920929e-07,1.1920929e-07,0.0,10.944003,11.23,3.14,19.32,374.85,767.29,0.07200211050908117,0.3287068
1999-10-17,-6.493401002877267e-25,914.1993792455627,1.483826363593088,1.1920928955078125e-07,1.1920929e-07,1.1920929e-07,0.0,10.944003,14.52,8.61,20.43,303.61,1133.3,0.06988527606345783,0.3287068
1999-10-18,-6.189715863252456e-25,912.8319748865482,1.4288851414002635,1.1920928955078125e-07,1.1920929e-07,1.0,1.0,10.944003,13.93,7.64,20.22,317.33,1051.93,0.06789020228483297,0.33692446
1999-10-19,-4.283654857068998e-25,911.5241963763124,1.0771430240843576,1.1920928955078125e-07,1.1920929e-07,1.1920929e-07,0.0,10.848,9.585,3.22,15.95,325.08,776.12,0.06603543013836355,0.31227148
1999-10-20,3.948603886575822e-26,910.3184929778118,1.068872406008367,1.1920928955078125e-07,1.1920929e-07,7.6,7.6,10.848,9.485,6.03,12.94,149.59,922.63,0.06437035373058399,0.37801284
1999-10-21,7.116152677458586e-25,909.2120663194195,0.884135478989589,1.1920928955078125e-07,1.1920929e-07,11.01,11.01,10.752,6.705,0.69,12.72,236.31,646.93,0.06287934580556886,0.5588016
1999-10-22,1.4336337749236566e-24,908.1802295054123,1.0206862215610897,1.1920928955078125e-07,1.1920929e-07,1.1920929e-07,0.0,10.752,8.94,0.74,17.14,368.32,647.84,0.06151999285320466,0.40266582
1999-10-23,2.0511531343894064e-24,907.1982956400672,1.0997132273688968,1.1920928955078125e-07,1.1920929e-07,1.1920929e-07,0.0,10.752,10.125,1.9,18.35,363.97,712.24,0.060253681717792794,0.35335982
1999-10-24,2.409784920133364e-24,906.2415778276613,0.8079537472968336,1.1920928955078125e-07,1.1920929e-07,1.1920929e-07,0.0,10.655997,5.52,1.83,9.21,213.02,706.74,0.05904496384802869,0.3287068
1999-10-25,2.3551407061457846e-24,905.2853891724716,0.786546044024137,1.1920928955078125e-07,1.1920929e-07,1.1920929e-07,0.0,10.655997,5.13,-0.87,11.13,313.33,577.69,0.05786114195531597,0.31227148
1999-10-26,1.7196296423411834e-24,904.3052853957307,0.9523852543779951,1.1920928955078125e-07,1.1920929e-07,1.1920929e-07,0.0,10.649202,8.08,-1.04,17.2,378.07,571.7,0.056672340405027256,0.31227148
1999-10-27,-1.9283494523300777e-24,903.3259651337827,1.0826601523994754,1.1920928955078125e-07,1.1920929e-07,1.1920929e-07,0.0,10.56,10.23,1.01,19.45,370.07,641.12,0.05550888490010114,0.31227148
1999-10-28,-9.50641055468884e-24,902.3702116395025,1.0406690861959402,1.1920928955078125e-07,1.1920929e-07,1.1920929e-07,0.0,10.56,9.625,0.1,19.15,369.08,618.09,0.054396460997910574,0.30405378
1999-10-29,-1.986061278221231e-23,901.428271473636,1.049343634043198,1.1920928955078125e-07,1.1920929e-07,1.1920929e-07,0.0,10.463997,9.915,0.12,19.71,365.28,615.76,0.05332192938507838,0.29583612
1999-10-30,-3.183701525237768e-23,900.4903911969292,1.2327614355134584,1.1920928955078125e-07,1.1920929e-07,1.1920929e-07,0.0,10.463997,12.49,2.21,22.77,362.78,715.05,0.0522731186967216,0.30405378
1999-10-31,-4.428167708266219e-23,899.546817370128,1.327793533120465,1.1920928955078125e-07,1.1920929e-07,1.1920929e-07,0.0,10.463997,13.705,4.48,22.93,342.76,841.61,0.051238757920426425,0.30405378
1999-11-01,-5.6040657390543e-23,898.5877965539783,1.4740149294286982,1.1920928955078125e-07,1.1920929e-07,1.1920929e-07,0.0,10.367997,15.58,6.71,24.45,330.5,984.3,0.05020843451743374,0.29583612
1999-11-02,-6.596001529349734e-23,897.603575309226,1.40706937786337,1.1920928955078125e-07,1.1920929e-07,9.22,9.22,10.367997,14.835,6.88,22.79,232.75,994.86,0.049172575043096474,0.5505839
1999-11-03,-7.288580990900239e-23,896.584400196617,1.0828110466725784,1.1920928955078125e-07,1.1920929e-07,24.31,24.31,10.367997,10.64,1.38,19.9,252.99,677.6,0.04812244522777019,1.4545276
1999-11-04,-7.566410035453537e-23,895.5205177768973,0.6482730743164993,1.1920928955078125e-07,1.1920929e-07,1.1920929e-07,0.0,10.272,2.95,-2.05,7.95,232.86,520.44,0.04705016654000823,0.72315496
1999-11-05,-7.314094574757352e-23,894.402174610813,0.8279236439974397,1.1920928955078125e-07,1.1920929e-07,1.1920929e-07,0.0,10.272,6.65,-2.93,16.23,342.38,497.23,0.04594874622074208,0.5752369
1999-11-06,-6.416240520559394e-23,893.2196172591096,0.9975559954179787,1.1920928955078125e-07,1.1920929e-07,1.1920929e-07,0.0,10.272,9.555,-1.52,20.63,351.4,547.85,0.04481211767427121,0.5259309
1999-11-07,-4.7574537846073993e-23,891.9630922825332,1.262312413815761,1.1920928955078125e-07,1.1920929e-07,1.1920929e-07,0.0,10.176,13.475,6.42,20.53,275.87,954.32,0.04363518795409773,0.47662488
1999-11-08,-1.3133651352485057e-26,890.7404794980097,1.0019639371804956,1.1920928955078125e-07,1.1920929e-07,1.1920929e-07,0.0,10.176,9.815,0.4,19.23,324.69,623.84,0.04251969966629443,0.45197186
1999-11-09,1.0585279387770982e-22,889.7327417363389,1.0953319037024771,1.1920928955078125e-07,1.1920929e-07,1.1920929e-07,0.0,10.176,11.24,1.41,21.07,322.79,684.35,0.04162173062211141,0.4355365
1999-11-10,2.492834205417876e-22,888.9054678236631,1.3617802716667966,1.1920928955078125e-07,1.1920929e-07,1.1920929e-07,0.0,10.08,14.92,6.12,23.72,294.1,929.94,0.040898760329942295,0.42731884
1999-11-11,4.0871646066459104e-22,888.2202516065113,1.366974954307787,1.1920928955078125e-07,1.1920929e-07,1.1920929e-07,0.0,10.08,14.995,8.04,21.95,251.05,1083.01,0.040309454948653275,0.41088352
1999-11-12,5.625896285698299e-22,887.638686931412,1.1881895215608396,1.1920928955078125e-07,1.1920929e-07,1.77,1.77,10.08,12.73,6.05,19.41,222.81,923.7,0.039815959391372606,0.40266582
1999-11-13,6.893406385812137e-22,887.1223676448942,0.9694231731533065,1.1920928955078125e-07,1.1920929e-07,1.1920929e-07,0.0,9.996555,9.64,2.74,16.54,252.9,753.37,0.03938289413225767,0.40266582
1999-11-14,7.674072050224525e-22,886.6328875934867,1.2288138244621256,1.1920928955078125e-07,1.1920929e-07,1.1920929e-07,0.0,9.984,13.445,4.54,22.35,286.77,843.1,0.038976690629465606,0.39444816
1999-11-15,7.752270422172562e-22,886.1318406237181,1.1763373094654492,1.1920928955078125e-07,1.1920929e-07,1.1920929e-07,0.0,9.984,12.75,2.5,23.0,305.17,733.94,0.038565227113564034,0.3862305
1999-11-16,6.912378644893352e-22,885.5808205821173,0.7690601803184431,1.1920928955078125e-07,1.1920929e-07,1.1920929e-07,0.0,9.984,6.11,1.36,10.86,184.15,680.29,0.038117738696728944,0.36979514
1999-11-17,4.935003510421651e-22,884.9427359935025,0.6488038588030758,1.1920928955078125e-07,1.1920929e-07,1.1920929e-07,0.0,9.888002,3.705,-2.31,9.72,226.13,511.57,0.03760602824665659,0.36157748
1999-11-18,5.300834951401652e-23,884.6490194869951,0.6320286969911519,1.1920928955078125e-07,1.1920929e-07,1.1920929e-07,0.0,9.888002,3.32,-5.19,11.83,282.56,421.42,0.03737279738401615,0.35335982
1999-11-19,-6.124584549863062e-22,884.96132148401,0.7494582216903118,1.1920928955078125e-07,1.1920929e-07,1.1920929e-07,0.0,9.888002,5.875,-4.62,16.37,304.09,435.34,0.03762083525796423,0.35335982
1999-11-20,-1.3439629817611881e-21,885.7256781986265,0.9127773420024001,1.1920928955078125e-07,1.1920929e-07,1.1920929e-07,0.0,9.881208,8.905,-1.85,19.66,299.84,538.34,0.03823487333065009,0.35335982
1999-11-21,-1.9825681501130126e-21,886.7881258449238,1.1286301508358367,1.1920928955078125e-07,1.1920929e-07,1.1920929e-07,0.0,9.792,12.385,4.3,20.47,252.76,833.18,0.03910506204662919,0.36157748
1999-11-22,-2.369336879344166e-21,887.9947006369812,1.2160149001881935,1.1920928955078125e-07,1.1920929e-07,3.52,3.52,9.792,13.565,7.48,19.65,151.51,1038.68,0.04011733827592399,0.40266582
1999-11-23,-2.345332088757032e-21,889.1914387888779,1.2759690888698187,1.1920928955078125e-07,1.1920929e-07,4.88,4.88,9.792,14.325,11.0,17.65,86.5,1320.0,0.04114724436010937,0.42731884
1999-11-24,-1.75131864091278e-21,890.2244875503487,1.3191829075882686,1.1920928955078125e-07,1.1920929e-07,2.15,2.15,9.792,14.85,11.22,18.48,117.05,1337.73,0.042057518304063214,0.3862305
1999-11-25,-3.906841645743705e-22,891.0218032359909,1.2958810942763952,1.1920928955078125e-07,1.1920929e-07,1.1920929e-07,0.0,9.695997,14.705,11.83,17.58,101.8,1386.16,0.04277382125873102,0.36979514
1999-11-26,1.513734563001868e-21,891.6024435259637,1.2479631968424851,1.1920928955078125e-07,1.1920929e-07,10.39,10.39,9.695997,14.08,11.15,17.01,80.23,1332.08,0.04330312992055142,0.42731884
1999-11-27,3.527625690223748e-21,891.9628927753249,0.9554027592172417,1.1920928955078125e-07,1.1920929e-07,3.08,3.08,9.695997,9.805,3.11,16.5,211.63,771.18,0.04363500356087614,0.81354934
1999-11-28,5.216677365499088e-21,892.0996353391316,0.8871693025934684,1.1920928955078125e-07,1.1920929e-07,1.1920929e-07,0.0,9.695997,8.645,2.24,15.05,221.27,710.83,0.04376156990970222,0.5670192
1999-11-29,6.1465777372356934e-21,892.0091555724415,0.7992114216657965,1.1920928955078125e-07,1.1920929e-07,1.1920929e-07,0.0,9.6892,7.045,0.21,13.88,234.87,619.45,0.043677782511824886,0.4930602
1999-11-30,5.883014953841388e-21,891.6879378303119,0.6193354249278075,1.1920928955078125e-07,1.1920929e-07,1.1920929e-07,0.0,9.600003,3.34,-2.74,9.42,220.57,506.36,0.04338161736397279,0.45197186
1999-12-01,4.155394938136927e-21,891.1479236393224,0.45456730851039084,1.1920928955078125e-07,1.1920929e-07,1.1920929e-07,0.0,9.600003,-1.16,-6.46,4.14,202.32,379.15,0.04288823917659415,0.42731884
1999-12-02,2.02233281339007e-21,890.4953264854433,0.48379695919977056,1.1920928955078125e-07,1.1920929e-07,1.1920929e-07,0.0,9.600003,-0.255,-6.92,6.41,238.39,362.58,0.04229948270194541,0.41910118
1999-12-03,1.220173477803194e-22,889.7438033218389,0.7165257178407187,1.1920928955078125e-07,1.1920929e-07,1.1920929e-07,0.0,9.600003,5.56,-3.66,14.78,278.27,468.75,0.04163148363548607,0.41088352
1999-12-04,-1.0981619014950112e-21,888.8846220018663,0.9399805774910098,1.1920928955078125e-07,1.1920929e-07,1.1920929e-07,0.0,9.600003,9.76,-0.22,19.74,279.42,600.0,0.040880705902644525,0.41088352
1999-12-05,-1.1909360385338607e-21,887.9090774084832,0.9950272840700302,1.1920928955078125e-07,1.1920929e-07,1.1920929e-07,0.0,9.593208,10.685,0.86,20.51,275.18,651.9,0.0400446473204092,0.40266582
1999-12-06,-5.241076834508297e-22,886.9606270633338,0.9471136320147988,1.1920928955078125e-07,1.1920929e-07,8.32,8.32,9.516553,10.05,2.68,17.42,178.46,742.87,0.03924820475280123,0.41088352
1999-12-07,1.50428243943217e-22,886.150244243789,0.7463876221501183,1.1920928955078125e-07,1.1920929e-07,1.1920929e-07,0.0,9.503997,6.395,-1.7,14.49,255.04,545.86,0.03858026317973867,0.41910118
1999-12-08,6.496901880641292e-22,885.4326036527909,0.6133606797472066,1.1920928955078125e-07,1.1920929e-07,1.1920929e-07,0.0,9.503997,3.45,-4.58,11.48,256.35,432.54,0.037998259077192634,0.3862305
1999-12-09,7.906965933277569e-22,884.7623799932818,0.7161699580129233,1.1920928955078125e-07,1.1920929e-07,1.1920929e-07,0.0,9.503997,5.79,-4.1,15.68,277.9,453.34,0.037462641431602,0.37801284
1999-12-10,4.935367824212548e-22,884.1554428618259,0.7874780246080197,1.1920928955078125e-07,1.1920929e-07,0.52,0.52,9.503997,7.25,-1.96,16.46,265.1,533.92,0.036984117181418884,0.39444816
1999-12-11,1.537804708507329e-22,884.1578407158446,0.7430026347786434,1.1920928955078125e-07,1.1920929e-07,10.59,10.59,9.503997,6.36,-1.67,14.39,186.81,549.75,0.036985995630607574,0.50949556
1999-12-12,-9.925904582609199e-23,885.4936556508474,0.6523731731246822,1.1920928955078125e-07,1.1920929e-07,1.1920929e-07,0.0,9.503997,4.37,-2.01,10.75,218.14,520.0,0.038047428469793275,0.4437542
1999-12-13,-1.8631566489248342e-22,888.8757176925797,0.6919991262320152,1.1920928955078125e-07,1.1920929e-07,1.1920929e-07,0.0,9.503997,5.2,-1.42,11.82,223.4,554.77,0.04087299636921768,0.41910118
1999-12-14,-1.1856179952913382e-22,906.5614510389961,0.8743631174442229,1.1920928955078125e-07,1.1920929e-07,31.33,31.33,9.503997,8.48,5.85,11.11,75.14,916.67,0.059446369262304254,2.0544176
1999-12-15,-7.179031302853589e-23,927.322424059193,0.7555799936414344,1.1920928955078125e-07,1.1920929e-07,11.7,11.7,9.503997,5.89,-1.61,13.39,186.71,543.98,0.09227901278975273,1.6846224
1999-12-16,-4.266521666379131e-23,930.9006308875506,0.7421318862512254,1.1920928955078125e-07,1.1920929e-07,1.1920929e-07,0.0,9.497203,5.57,-1.38,12.52,233.25,559.79,0.09954476339448724,1.0354264
1999-12-17,-2.555473699538552e-23,930.0383408424146,0.6138395609421238,1.1920928955078125e-07,1.1920929e-07,1.1920929e-07,0.0,9.467175,2.79,-3.59,9.17,219.57,472.5,0.09774314749820266,0.81354934
1999-12-18,-1.5270422316044813e-23,929.29496535842,0.6768243085257913,1.1920928955078125e-07,1.1920929e-07,1.1920929e-07,0.0,9.420558,4.33,-3.6,12.26,252.34,466.09,0.09621617801268553,0.71493727
1999-12-19,-9.156362243114316e-24,928.4054878001422,0.7702994090829286,1.1920928955078125e-07,1.1920929e-07,1.1920929e-07,0.0,9.420558,6.3,-0.38,12.98,228.86,600.22,0.09442041571118344,0.6491959
1999-12-20,-5.50410748816229e-24,930.523748847064,0.775609423710854,1.1920928955078125e-07,1.1920929e-07,5.5,5.5,9.420558,6.37,3.29,9.45,92.34,780.87,0.09875327965689383,0.6574136
1999-12-21,-1.6643302567428181e-16,934.4233047052472,0.8047600924130753,1.1920928955078125e-07,1.1920929e-07,3.77,3.77,9.420558,6.87,4.01,9.73,87.78,800.74,0.10725636056470463,0.73137265
1999-12-22,-9.69385083209775e-17,937.0494119019681,0.6477555547379705,1.1920928955078125e-07,1.1920929e-07,3.05,3.05,9.420558,3.55,-0.32,7.42,119.44,599.68,0.11339144489605835,0.70671964
1999-12-23,-6.604236577643348e-05,937.7369037743427,0.515767146581099,1.1920928955078125e-07,1.1920929e-07,1.1920929e-07,0.0,9.420558,0.195,-5.35,5.74,214.05,414.01,0.11505472042446323,0.6574136
1999-12-24,0.004914291356660569,937.0230103826988,0.5414723745628285,0.0018851514873506506,1.1920929e-07,1.1920929e-07,0.0,9.467175,0.84,-4.93,6.61,217.93,433.85,0.11332805234795243,0.61632526
1999-12-25,0.2445167548344264,936.4647777407918,0.370978297696279,1.1920928955078125e-07,0.44,1.1920929e-07,0.44,9.467175,-4.525,-9.85,0.8,214.59,280.68,0.11199594859014494,0.5752369
1999-12-26,0.4639168480792772,935.9961879236098,0.3663784005143052,1.1920928955078125e-07,1.1920929e-07,1.1920929e-07,0.0,9.497203,-4.735,-8.17,-1.3,145.36,319.42,0.11088985437921907,0.5177132
1999-12-27,0.35452019044719224,935.5190852524968,0.5803603737716992,0.3445683909372645,1.1920929e-07,1.1920929e-07,0.0,9.503997,1.82,-5.86,9.5,264.17,400.0,0.10977488861526412,0.5423662
1999-12-28,0.22959767270015816,934.9873672920385,0.5127441210225036,1.1920928955078125e-07,1.1920929e-07,1.1920929e-07,0.0,9.503997,0.025,-4.73,4.78,193.88,434.17,0.10854549358259437,0.5177132
1999-12-29,0.23020196205136476,934.3859123789241,0.4840381888593871,1.1920928955078125e-07,1.1920929e-07,1.1920929e-07,0.0,9.503997,-0.795,-3.54,1.95,119.03,476.36,0.10717144564637733,0.50127786
1999-12-30,0.1667635716908683,933.8117228213184,0.6017857649704107,0.14029156333366014,1.1920929e-07,1.1920929e-07,0.0,9.503997,2.38,-3.09,7.85,212.16,478.98,0.1058759184523871,0.48484254
1999-12-31,0.07691597066258832,933.0768230116655,0.826463845434945,0.05255968965902363,1.1920929e-07,1.1920929e-07,0.0,9.503997,7.165,-1.41,15.74,269.49,560.0,0.10424060875770262,0.47662488
2000-01-01,0.039462499201452506,932.1854302808227,0.8216500369113591,0.023574722378237444,1.1920929e-07,1.1920929e-07,0.0,9.503997,7.09,-1.48,15.66,311.88,560.0,0.1022909302710017,0.46018952
2000-01-02,0.021153749671260616,931.2653110202004,0.871636345798534,0.011691424578452805,1.1920929e-07,1.1920929e-07,0.0,9.503997,8.015,0.57,15.46,292.49,640.76,0.10031666039454294,0.45197186
2000-01-03,0.011259106192793626,930.1858623915989,1.136920324713167,0.005946137409410842,1.1920929e-07,1.1920929e-07,0.0,9.503997,12.215,6.74,17.69,235.06,978.8,0.09804904145999646,0.45197186
2000-01-04,0.006614787285171742,928.845689529,1.1973089075071142,0.003416742300934495,1.1920929e-07,1.1920929e-07,0.0,9.503997,13.07,8.23,17.91,203.71,1098.24,0.0953049085738049,0.45197186
2000-01-05,0.003929531936293808,931.5128325323187,0.8285958562796486,0.0020033640546906536,1.1920929e-07,6.5,6.5,9.563178,7.135,-2.26,16.53,228.24,516.28,0.10084398179826855,0.47662488
2000-01-06,0.0020513970292602513,934.1602927980773,0.4912004520845946,1.1920928955078125e-07,1.1920929e-07,1.1920929e-07,0.0,9.600003,-0.725,-6.48,5.03,247.31,361.28,0.10666050671638617,0.42731884
2000-01-07,0.006531920598063435,933.4367596599085,0.5441543424273945,0.0019721242653027247,1.1920929e-07,1.1920929e-07,0.0,9.600003,0.765,-7.4,8.93,300.99,349.74,0.10503836459770824,0.41088352
2000-01-08,0.005184363582363018,932.7661055116088,0.5909028569674657,0.002659350823323745,1.1920929e-07,1.1920929e-07,0.0,9.600003,1.98,-6.09,10.05,300.4,387.06,0.10355681562001116,0.40266582
2000-01-09,0.0030682738855188824,931.2648706124718,0.5762390384111428,0.001557486654758746,1.1920929e-07,1.1920929e-07,0.0,9.600003,1.635,-4.74,8.01,267.51,431.15,0.10031572460885449,0.4355365
2000-01-10,0.001831182452531626,937.215088261956,0.6684578874682919,0.0009239740649567777,1.1920929e-07,13.8,13.8,9.600003,3.735,1.03,6.44,99.38,658.03,0.11379005977151682,0.8875084
2000-01-11,0.0010954332114870699,949.2094756098625,0.9682194141670165,0.000550716510547271,1.1920929e-07,10.57,10.57,9.6125555,9.175,3.41,14.94,177.02,788.79,0.14670306950045156,1.1093855
2000-01-12,0.0006561406445659043,952.5220662371613,0.8691758703517009,0.0003291466197851817,1.1920929e-07,1.1920929e-07,0.0,9.695997,7.315,0.01,14.62,276.97,600.52,0.15736614620210945,0.7560257
2000-01-13,0.00035081438554050324,951.4517119530611,0.8778455763324537,0.0001757148692874573,1.1920929e-07,1.1920929e-07,0.0,9.695997,7.485,-1.22,16.19,298.79,559.19,0.15383857684677668,0.6656313
2000-01-14,0.00014929874405322622,950.4465125236181,0.7694990457631486,7.470509730370175e-05,1.1920929e-07,1.1920929e-07,0.0,9.695997,5.49,-5.76,16.74,321.54,400.0,0.15059777285595985,0.59167224
2000-01-15,0.00010885490924474677,949.7342329971827,0.4229346563608584,1.1920928955078125e-07,1.1920929e-07,1.1920929e-07,0.0,9.695997,-3.225,-7.77,1.32,211.8,342.62,0.14834276805359264,0.5505839
2000-01-16,0.00010624190675485332,949.108156591093,0.535567625997069,1.1920928955078125e-07,1.1920929e-07,1.1920929e-07,0.0,9.708552,0.13,-7.41,7.67,293.13,349.77,0.14638857382653087,0.5423662
2000-01-17,6.865721598776946e-05,948.3541259963948,0.6809610157326941,3.4340392526689795e-05,1.1920929e-07,1.1920929e-07,0.0,9.792,3.54,-4.9,11.98,306.76,423.95,0.14406913419496706,0.5341486
2000-01-18,0.7836229517129216,948.1330254717373,0.4648943045221716,1.1920928955078125e-07,2.86,1.1920929e-07,2.86,9.792,-2.005,-6.18,2.17,168.48,386.72,0.14339601092383783,0.5177132
2000-01-19,2.350580283346074,947.5403848682575,0.4478507524029216,1.1920928955078125e-07,1.1920929e-07,1.1920929e-07,0.0,9.792,-2.525,-6.03,0.98,188.72,389.39,0.14160723501234235,0.5177132
2000-01-20,6.238496678753817,947.1853273534423,0.5131656286870443,1.1920928955078125e-07,7.9208713,0.19912885,8.12,9.792,-0.58,-4.14,2.98,140.01,440.0,0.14054626639623677,0.5423662
2000-01-21,10.275297241360446,946.5914475514062,0.414069625499016,1.1920928955078125e-07,1.1920929e-07,1.1920929e-07,0.0,9.888002,-3.75,-8.47,0.97,244.21,318.76,0.1387893963216964,0.47662488
2000-01-22,10.053396931686667,946.0827409810998,0.3314755744448107,1.1920928955078125e-07,1.1920929e-07,1.1920929e-07,0.0,9.888002,-6.81,-10.73,-2.89,210.85,271.82,0.1373019667981267,0.4437542
2000-01-23,11.443511878294263,945.6137601903849,0.3554332574003255,1.1920928955078125e-07,2.51,1.1920929e-07,2.51,9.888002,-5.85,-9.74,-1.96,196.85,288.66,0.13594481952746731,0.41088352
2000-01-24,12.692850386075591,945.0811005201593,0.4429235453745151,1.1920928955078125e-07,1.1920929e-07,1.1920929e-07,0.0,9.900558,-2.8,-7.06,1.46,238.13,360.0,0.13441965999364777,0.45197186
2000-01-25,12.693999188655603,944.464961162682,0.5013848424443041,1.1920928955078125e-07,1.1920929e-07,1.1920929e-07,0.0,9.984,-1.15,-6.04,3.74,265.99,389.27,0.1326768045857516,0.50949556
2000-01-26,12.693999202782425,943.8835943981331,0.3892452737303079,1.1920928955078125e-07,1.1920929e-07,1.1920929e-07,0.0,9.984,-4.705,-8.08,-1.33,196.7,337.57,0.1310530349549179,0.46018952
2000-01-27,12.693999202782425,943.3911258673262,0.34104929276094537,1.1920928955078125e-07,1.1920929e-07,1.1920929e-07,0.0,9.984,-6.515,-10.88,-2.15,246.72,271.82,0.12969311644684406,0.4355365
2000-01-28,12.693999202782425,942.9255361514245,0.3391437680032482,1.1920928955078125e-07,1.1920929e-07,1.1920929e-07,0.0,10.08,-6.715,-13.17,-0.26,330.3,226.57,0.12842040180296838,0.3862305
2000-01-29,12.688632389792488,942.437984859964,0.3814791221175469,1.1920928955078125e-07,1.1920929e-07,1.1920929e-07,0.0,10.08,-5.095,-12.93,2.74,363.82,229.77,0.1271010390156262,0.42731884
2000-01-30,15.536365187181486,941.9290565282969,0.38390371348322205,1.1920928955078125e-07,6.58,1.1920929e-07,6.58,10.08,-5.0,-11.25,1.25,245.93,262.43,0.12573828498619194,0.47662488
2000-01-31,24.115386796954382,941.389963349033,0.4439239512467396,1.1920928955078125e-07,9.62,1.1920929e-07,9.62,10.169206,-3.09,-5.49,-0.69,115.14,400.73,0.12431069126073244,0.50949556
2000-02-01,28.87965436433073,940.8215871504822,0.44696153257256566,1.1920928955078125e-07,1.1920929e-07,1.1920929e-07,0.0,10.176,-2.995,-6.71,0.72,232.99,360.0,0.12282310142157281,0.46018952
2000-02-02,28.879660092053687,940.236899900479,0.47943965234335173,1.1920928955078125e-07,1.1920929e-07,1.1920929e-07,0.0,10.176,-1.995,-5.69,1.7,237.23,396.87,0.1213113943212189,0.4437542
2000-02-03,28.879656876354304,939.6169921662438,0.5220067044431741,1.1920928955078125e-07,1.1920929e-07,1.1920929e-07,0.0,10.235178,-0.855,-6.76,5.05,337.35,362.93,0.11972894077804075,0.41910118
2000-02-04,27.36652217148366,940.4338710584923,0.6271236566824535,5.287770398589203,1.1920929e-07,1.1920929e-07,0.0,10.272,1.74,-3.99,7.47,335.15,440.85,0.12181857293366333,0.45197186
2000-02-05,24.84043069678318,942.2285018832364,0.578494792950848,1.1920928955078125e-07,1.1920929e-07,1.1920929e-07,0.0,10.272,0.535,-2.86,3.93,226.84,499.1,0.12653832838899579,0.48484254
2000-02-06,24.875220073986004,941.4988434549983,0.5674990667929445,1.1920928955078125e-07,1.1920929e-07,1.1920929e-07,0.0,10.331169,0.185,-4.15,4.52,289.35,449.8,0.12459770872741835,0.5259309
2000-02-07,23.379540448999485,942.273180713921,0.6299093099322798,4.763490528923285,1.1920929e-07,1.1920929e-07,0.0,10.367997,1.64,-3.51,6.79,329.05,478.84,0.12665813473760154,0.47662488
2000-02-08,17.313137871645452,947.5636118362665,0.6505085768255301,6.807464439616524,1.1920929e-07,1.1920929e-07,0.0,10.367997,2.03,-4.72,8.78,384.64,428.06,0.14167691935812923,0.4355365
2000-02-09,13.792305130972997,950.3092287468206,0.6251681875647962,2.865959713370586,1.1920929e-07,1.1920929e-07,0.0,10.457203,1.28,-7.06,9.62,413.97,355.61,0.1501604955691905,0.4437542
2000-02-10,6.2200065783743295,957.0161480491744,0.7922153378317025,6.2200065783743295,1.1920929e-07,1.1920929e-07,0.0,10.463997,4.675,-5.35,14.7,430.54,415.99,0.17308196144087096,0.45197186
2000-02-11,2.2746900035862114,959.8789297538509,0.9869307063396043,2.274690003285556,1.1920929e-07,1.1920929e-07,0.0,10.463997,7.98,0.02,15.94,388.47,601.88,0.18390188487282555,0.4930602
2000-02-12,0.8298882417330333,962.2637521834101,0.9814732648176008,0.8296818212762361,1.1920929e-07,4.45,4.45,10.56,7.715,-0.42,15.85,289.41,596.52,0.1934300147691591,0.5423662
2000-02-13,0.4337475976593944,965.3270976761038,0.5829300575192273,1.1920928955078125e-07,0.6708038,1.9491961,2.62,10.56,-0.105,-2.72,2.51,163.8,502.41,0.20639691355851747,0.5588016
2000-02-14,0.3429176956356562,968.5072592729554,0.6853048080454165,0.33215134948889424,1.1920929e-07,5.04,5.04,10.56,2.205,-0.86,5.27,158.61,570.85,0.22077866809491514,0.5670192
2000-02-15,0.13821217215248344,970.0976603218919,0.9012301888522775,0.11047734867104451,1.1920929e-07,1.1920929e-07,0.0,10.655997,6.145,0.03,12.26,349.97,614.51,0.22834263595090054,0.61632526
2000-02-16,0.06517154917102755,969.0601772515054,0.8757246518124858,0.042843577040315085,1.1920929e-07,1.1920929e-07,0.0,10.655997,5.725,-1.16,12.61,373.96,561.24,0.22337950932611456,0.5505839
2000-02-17,0.03396522226803123,967.9851560001634,1.070141758086707,0.019839291517245398,1.1920929e-07,1.1920929e-07,0.0,10.668552,8.805,-1.37,18.98,411.53,554.37,0.2183505780789411,0.5259309
2000-02-18,0.017824867225409956,973.7258138864577,0.7976121184411739,0.009704651882825481,1.1920929e-07,11.14,11.14,10.752,4.11,-1.66,9.88,254.82,540.29,0.24658232483996353,0.7395903
2000-02-19,0.009855412852953924,983.9683151718024,0.9028422211831477,0.005170332980233044,1.1920929e-07,11.31,11.31,10.752,5.82,-0.32,11.96,262.18,599.33,0.30632429061795624,1.1751268
2000-02-20,0.005534362318870876,986.5059932529332,0.9688124376147527,0.002843734536406583,1.1920929e-07,1.1920929e-07,0.0,10.848,6.72,-1.38,14.82,397.07,548.88,0.32324009150265687,1.0107734
2000-02-21,0.003228717835641876,985.4461316067946,0.7342630592962972,0.001640418201198274,1.1920929e-07,1.1920929e-07,0.0,10.848,2.57,-3.06,8.2,337.23,480.0,0.31606447572205765,0.8628554
2000-02-22,0.0018469535306889027,984.3635925734197,0.8075633187179091,0.0009320046162861101,1.1920929e-07,1.1920929e-07,0.0,10.848,4.0,-4.0,12.0,401.45,458.54,0.30889974090802164,0.772461
2000-02-23,0.001000653585504062,983.1567959727323,0.9491969973784954,0.0005028300408598432,1.1920929e-07,1.1920929e-07,0.0,10.944003,6.325,-1.26,13.91,390.13,559.97,0.3011038942733477,0.70671964
2000-02-24,0.00023139335103869083,981.7234344655026,1.1921984717379595,0.00011583053266688188,1.1920929e-07,1.1920929e-07,0.0,10.944003,9.875,0.81,18.94,411.34,641.25,0.29209966470017235,0.6574136
2000-02-25,-0.00030393533336962376,980.1009091260173,1.4476621428544845,1.1920928955078125e-07,1.1920929e-07,1.1920929e-07,0.0,11.039997,12.85,3.3,22.4,412.24,780.46,0.2822316078762123,0.62454295
2000-02-26,-0.0004182179976202271,978.3305459889007,1.5591669395049463,1.1920928955078125e-07,1.1920929e-07,1.1920929e-07,0.0,11.039997,14.08,4.61,23.55,408.59,852.51,0.2718443430427539,0.60810757
2000-02-27,-0.0002416452223412983,977.9448079337694,1.6105560236233905,1.1920928955078125e-07,1.1920929e-07,1.1920929e-07,0.0,11.039997,14.615,7.0,22.23,372.43,1000.35,0.2696323169614588,0.58345455
2000-02-28,-0.0001254321914316511,979.597914494203,1.278358825318871,1.1920928955078125e-07,1.1920929e-07,5.53,5.53,11.136005,10.735,3.67,17.8,275.88,788.77,0.27924066589491686,0.61632526
2000-02-29,-7.162329956989236e-05,980.9427352147329,0.9636747022354636,1.1920928955078125e-07,1.1920929e-07,1.1920929e-07,0.0,11.136005,6.325,-3.19,15.84,429.33,482.06,0.2873091804284289,0.5423662
2000-03-01,-3.824803259819844e-05,980.1451752651491,1.1118271088707932,1.1920928955078125e-07,1.1920929e-07,1.1920929e-07,0.0,11.232,8.405,-1.89,18.7,435.95,538.81,0.2824963550526285,0.5177132
2000-03-02,-2.0745853478543954e-05,978.5697582577533,1.2574089280592002,1.1920928955078125e-07,1.1920929e-07,1.1920929e-07,0.0,11.232,10.355,1.78,18.93,403.47,703.34,0.27322521968568614,0.50949556
2000-03-03,-1.0713214046811302e-05,977.1781595669461,0.9845646167950463,1.1920928955078125e-07,1.1920929e-07,1.1920929e-07,0.0,11.232,6.58,-0.46,13.62,367.27,592.0,0.26528924319622493,0.48484254
2000-03-04,-3.5943077500370255e-06,975.8916601042765,1.02693000553212,1.1920928955078125e-07,1.1920929e-07,1.1920929e-07,0.0,11.328006,7.115,-0.74,14.97,392.48,578.67,0.2581578244308337,0.47662488
2000-03-05,-8.651188761416356e-07,974.6058163778945,1.0660118942278878,1.1920928955078125e-07,1.1920929e-07,1.1920929e-07,0.0,11.328006,7.71,0.44,14.98,374.83,625.45,0.25122159939704675,0.46840718
2000-03-06,3.444672438832143e-08,973.4103943587456,1.2741783535034856,1.1920928955078125e-07,1.1920929e-07,1.1920929e-07,0.0,11.424,10.38,1.34,19.42,413.4,669.89,0.24494040858536587,0.45197186
2000-03-07,1.482052964050749e-06,972.4668212815072,1.3657312210445365,7.410319732278451e-07,1.1920929e-07,1.1920929e-07,0.0,11.424,11.495,0.95,22.04,439.04,649.94,0.24009362388553676,0.4355365
2000-03-08,3.155117535075874e-06,971.839008921915,1.5560422490870034,1.5775836544545852e-06,1.1920929e-07,1.1920929e-07,0.0,11.520002,13.465,2.13,24.8,446.12,700.39,0.23692203760072614,0.4355365
2000-03-09,4.731058129693922e-06,971.5908690557051,2.0598957285380743,2.3655850221245167e-06,1.1920929e-07,1.1920929e-07,0.0,11.520002,18.095,8.71,27.48,401.95,1116.11,0.23568006611267844,0.5259309
2000-03-10,5.887292440135124e-06,971.786313458613,1.9055862334819076,2.9437328705982262e-06,1.1920929e-07,1.1920929e-07,0.0,11.520002,16.79,8.67,24.91,376.23,1133.34,0.2366577439278527,0.42731884
2000-03-11,6.301238158629702e-06,972.4892539063748,1.9361933334525625,3.1507183433206476e-06,1.1920929e-07,6.68,6.68,11.615997,16.905,9.77,24.04,261.47,1221.32,0.2402077314219942,0.46840718
2000-03-12,5.650312977407884e-06,973.7636021747262,1.2161275696473923,2.8252363037957774e-06,1.1920929e-07,10.45,10.45,11.615997,9.38,1.1,17.66,300.42,666.1,0.2467797685969034,0.71493727
2000-03-13,3.3123385980281512e-06,975.658074296381,0.6646196482792316,1.1920928955078125e-07,1.1920929e-07,1.1920929e-07,0.0,11.712,0.14,-5.32,5.6,313.36,420.32,0.25688371053669234,0.59167224
2000-03-14,-3.821024125850652e-06,978.026353988686,0.8004653884038607,1.1920928955078125e-07,1.1920929e-07,1.1920929e-07,0.0,11.712,2.825,-5.2,10.85,406.96,420.76,0.27009843986815135,0.4930602
2000-03-15,-1.4911159810036264e-05,980.7811731919402,1.0934101193262582,1.1920928955078125e-07,1.1920929e-07,1.1920929e-07,0.0,11.712,7.49,-2.33,17.31,441.81,520.0,0.28632766681000665,0.46840718
2000-03-16,-2.7953961304375645e-05,983.8786411114918,1.4608165677810019,1.1920928955078125e-07,1.1920929e-07,1.1920929e-07,0.0,11.808002,11.855,4.05,19.66,385.27,808.88,0.3057430093699386,0.47662488
2000-03-17,-4.0945321458715714e-05,987.2748669526889,1.3935600681181881,1.1920928955078125e-07,1.1920929e-07,7.83,7.83,11.808002,11.05,6.39,15.71,194.52,951.39,0.3285473695365478,0.61632526
2000-03-18,-5.188113312290344e-05,990.9259599208797,0.8363708609490701,1.1920928955078125e-07,1.1920929e-07,1.1920929e-07,0.0,11.903997,3.04,-4.27,10.35,390.44,443.04,0.3549637010052568,0.5341486
2000-03-19,-5.875728914678576e-05,994.7880292214122,0.8283702512413141,1.1920928955078125e-07,1.1920929e-07,1.1920929e-07,0.0,11.903997,2.84,-1.98,7.66,284.25,531.06,0.38522160673325484,0.4930602
2000-03-20,-5.956968238020959e-05,998.8171840596348,0.842691840183803,1.1920928955078125e-07,1.1920929e-07,10.81,10.81,12.000009,2.915,0.49,5.34,115.55,627.4,0.4195409254076463,1.4134393
2000-03-21,-5.2314205673021976e-05,1002.9695336408954,1.0186688334644982,1.1920928955078125e-07,1.1920929e-07,36.85,36.85,12.000009,5.695,3.36,8.03,113.12,779.83,0.4581115890082208,7.8150043
2000-03-22,-3.531422013785474e-05,1007.0732516131887,1.2138145474180742,1.1920928955078125e-07,1.1920929e-07,1.1920929e-07,0.0,12.000009,8.32,3.97,12.67,266.02,800.0,0.499713254476999,3.0569732
2000-03-23,-1.5634764956345368e-05,1008.5360546976198,1.3916232445925547,1.1920928955078125e-07,1.1920929e-07,1.1920929e-07,0.0,12.096003,10.31,5.25,15.37,305.52,899.62,0.5154386872651364,1.8900641
2000-03-24,2.21911849536318e-08,1007.3972840985716,1.380820192201656,1.1920928955078125e-07,1.1920929e-07,1.1920929e-07,0.0,12.096003,10.205,1.6,18.81,447.04,689.04,0.503154780576937,1.4463099
2000-03-25,7.475235724760592e-06,1005.0467579560755,1.707824060384763,3.7377575602530827e-06,1.1920929e-07,1.1920929e-07,0.0,12.191998,13.51,4.47,22.55,453.07,823.96,0.47871761277746494,1.2244328
2000-03-26,5.123962286122177e-06,1002.6780474497989,1.9154016139672572,2.562046780534848e-06,1.1920929e-07,1.1920929e-07,0.0,12.191998,15.42,7.45,23.39,423.34,1028.2,0.4552919097610845,1.0765148
2000-03-27,2.089142638982292e-06,1000.4193370477091,1.39611966143597,1.0445822307835608e-06,1.1920929e-07,1.1920929e-07,0.0,12.288,10.24,1.18,19.3,466.41,665.01,0.4340225933434055,0.97790277
2000-03-28,1.413495597177263e-07,998.6257163012131,1.2691532668994059,1.1920928955078125e-07,1.1920929e-07,1.1920929e-07,0.0,12.288,8.775,1.67,15.88,412.71,696.17,0.417842916104525,0.92859674
2000-03-29,-2.2379792699693636e-07,997.6557463946549,1.2666989754190614,1.1920928955078125e-07,1.1920929e-07,1.21,1.21,12.288,8.76,2.0,15.52,401.09,703.69,0.40934586846393844,0.82998466
2000-03-30,-7.755195637413131e-08,996.6357101386445,1.3376263941972548,1.1920928955078125e-07,1.1920929e-07,0.32,0.32,12.383997,9.505,3.51,15.5,371.77,785.81,0.40059656861102,0.7642433
2000-03-31,5.6010449184718904e-08,995.2425927260746,1.2507719511179605,1.1920928955078125e-07,1.1920929e-07,1.1920929e-07,0.0,12.383997,8.48,-0.13,17.09,472.71,604.6,0.3889485093441228,0.72315496
2000-04-01,1.3897314471271205e-07,993.5636422043295,1.3242284592914282,1.1920928955078125e-07,1.1920929e-07,1.1920929e-07,0.0,12.479998,9.275,-0.71,19.26,504.26,569.1,0.37535970978835187,0.6820666
2000-04-02,1.334199852429463e-07,991.686106620794,1.5911354402808522,1.1920928955078125e-07,1.1920929e-07,1.1920929e-07,0.0,12.479998,12.21,2.78,21.64,485.63,730.02,0.36072516329635185,0.6574136
2000-04-03,7.84525444722185e-08,991.8038510189705,1.7530332172866494,1.1920928955078125e-07,1.1920929e-07,4.59,4.59,12.479998,13.77,10.66,16.88,157.03,1292.61,0.3616259226706237,0.69850194
2000-04-04,4.563809762038172e-08,998.2161912220791,2.091641157501825,1.1920928955078125e-07,1.1920929e-07,12.68,12.68,12.576003,16.435,11.0,21.87,256.19,1320.01,0.4142341249451602,0.78067863
2000-04-05,2.6648380403088296e-08,1002.728997987876,1.1505928420465097,1.1920928955078125e-07,1.1920929e-07,2.34,2.34,12.576003,6.84,-0.54,14.22,423.07,589.02,0.4557835229211396,0.71493727
2000-04-06,1.558239972185074e-08,1001.9573881954497,1.3051870451197876,1.1920928955078125e-07,1.1920929e-07,1.1920929e-07,0.0,12.672003,8.68,2.17,15.19,415.95,720.08,0.4483949146640798,0.62454295
2000-04-07,8.880417933640997e-09,999.7728687012021,2.0387787770457866,1.1920928955078125e-07,1.1920929e-07,1.1920929e-07,0.0,12.672003,15.86,6.22,25.5,504.37,900.41,0.4281200384906748,0.59988993
2000-04-08,5.030065291661033e-09,997.2806216076477,1.9781716840051635,1.1920928955078125e-07,1.1920929e-07,1.1920929e-07,0.0,12.767997,15.28,4.89,25.67,520.18,817.24,0.40610626108407694,0.59988993
2000-04-09,2.2725727735552796e-09,995.1517061158509,1.2828084986282131,1.1920928955078125e-07,1.1920929e-07,6.63,6.63,12.767997,8.4,-0.15,16.95,371.03,605.02,0.38820046992528345,0.6409783
2000-04-10,-2.0559446734509327e-10,993.3236638984648,1.230563482309381,1.1920928955078125e-07,1.1920929e-07,1.1920929e-07,0.0,12.767997,7.785,1.61,13.96,410.64,688.42,0.37345658718644437,0.5588016
2000-04-11,-1.743609974415093e-09,991.5131994494545,1.799216751843892,1.1920928955078125e-07,1.1920929e-07,1.1920929e-07,0.0,12.863992,13.705,5.95,21.46,467.38,885.32,0.3594064668412247,0.5423662
2000-04-12,-1.690558651193049e-09,989.4377098351546,1.871557138806556,1.1920928955078125e-07,1.1920929e-07,1.1920929e-07,0.0,12.863992,14.38,8.53,20.23,388.21,1116.07,0.34394873515798396,0.5341486
2000-04-13,-9.64672529261935e-10,987.3095365625912,1.3933980293361121,1.1920928955078125e-07,1.1920929e-07,1.1920929e-07,0.0,12.959997,9.58,3.42,15.74,416.35,778.31,0.3287887248404039,0.50949556
2000-04-14,-5.255795311918369e-10,986.6374594991414,1.0463798437285927,1.1920928955078125e-07,1.1920929e-07,2.11,2.11,12.959997,5.185,3.56,6.81,134.92,786.06,0.32414144411505874,0.5177132
2000-04-15,-3.055385035175502e-10,988.014552199312,1.2440029620807747,1.1920928955078125e-07,1.1920929e-07,4.53,4.53,12.959997,7.805,5.48,10.13,142.76,918.01,0.3337353932938523,0.5670192
2000-04-16,-1.6554204658121048e-10,990.9059098855203,1.7400519228742775,1.1920928955078125e-07,1.1920929e-07,5.05,5.05,13.0560055,12.935,9.56,16.31,198.99,1204.65,0.3548129857205919,0.59167224
2000-04-17,-9.747797739517527e-11,998.5362188766785,2.4381108435700103,1.1920928955078125e-07,1.1920929e-07,15.55,15.55,13.0560055,18.365,11.44,25.29,336.72,1355.1,0.4170515773487117,1.8571935
2000-04-18,-5.7781372159278264e-11,1026.8002985810087,2.069412087133512,1.1920928955078125e-07,1.1920929e-07,45.88,45.88,13.152002,15.055,8.71,21.4,326.21,1137.04,0.7589051793760145,7.469862
2000-04-19,-3.475468413893744e-11,1048.3675876053496,1.4743950835846347,1.1920928955078125e-07,1.1920929e-07,6.65,6.65,13.152002,9.295,6.37,12.22,176.34,949.81,1.1983462527998208,2.6543074
2000-04-20,-2.0928121839499668e-11,1048.0916598289623,1.9661566324002226,1.1920928955078125e-07,1.1920929e-07,1.1920929e-07,0.0,13.152002,13.885,6.07,21.7,490.36,937.41,1.1913629692610088,1.7092754
2000-04-21,-1.2538504498606258e-11,1045.1144954008603,2.2799348433879283,1.1920928955078125e-07,1.1920929e-07,0.77,0.77,13.248,16.24,8.28,24.2,468.47,1102.33,1.1185554860721274,1.3805686
2000-04-22,-7.409661445560448e-12,1042.3234484716775,1.7780711990556108,1.1920928955078125e-07,1.1920929e-07,1.1920929e-07,0.0,13.248,12.235,5.09,19.38,466.84,882.29,1.054345719348416,1.1833445
2000-04-23,-4.375852407367454e-12,1039.6691962655734,1.544864442220594,1.1920928955078125e-07,1.1920929e-07,1.1920929e-07,0.0,13.331445,9.945,5.85,14.04,312.95,918.61,0.9967056122626191,1.0600795
2000-04-24,-2.5931605335861494e-12,1037.5510623203304,1.6539894451648498,1.1920928955078125e-07,1.1920929e-07,1.1920929e-07,0.0,13.343997,11.04,4.09,17.99,472.3,821.67,0.9529770751590552,0.9943381
2000-04-25,-1.5585264534930815e-12,1047.1693307143994,1.5362949922606735,1.1920928955078125e-07,1.1920929e-07,22.11,22.11,13.343997,9.73,5.68,13.78,241.89,908.77,1.1683143373147657,1.8571935
2000-04-26,-9.36483849974905e-13,1058.2618901964804,1.4184673053690806,1.1920928955078125e-07,1.1920929e-07,6.85,6.85,13.439992,8.21,5.92,10.5,148.57,924.31,1.4777425526435974,1.5777926
2000-04-27,-5.525984867504043e-13,1058.3941088375154,1.5426283016751574,1.1920928955078125e-07,1.1920929e-07,1.1920929e-07,0.0,13.439992,9.515,2.56,16.47,491.62,739.55,1.4818868429384124,1.2983918
2000-04-28,-3.110719947180445e-13,1054.923727940862,1.6457937880140385,1.1920928955078125e-07,1.1920929e-07,1.1920929e-07,0.0,13.439992,10.585,4.04,17.13,473.84,819.27,1.3768652543950322,1.1751268
2000-04-29,-1.833286813969744e-13,1054.5869552028519,1.4514436859788609,1.1920928955078125e-07,1.1920929e-07,5.11,5.11,13.536,8.51,4.16,12.86,269.72,826.46,1.367078678894449,1.1751268
2000-04-30,-1.0438189281603805e-13,1056.8581808751112,1.803318802628481,1.1920928955078125e-07,1.1920929e-07,4.71,4.71,13.536,11.895,4.05,19.74,396.51,821.9,1.4344526994380487,1.0682971
2000-05-01,-6.144197124529062e-14,1056.1058001698605,1.97746255037032,1.1920928955078125e-07,1.1920929e-07,1.1920929e-07,0.0,13.542794,13.38,3.13,23.63,569.22,762.96,1.4117739879435607,0.9614674
2000-05-02,-3.4751098549271625e-14,1052.6108882197116,2.331626184751215,1.1920928955078125e-07,1.1920929e-07,1.1920929e-07,0.0,13.632003,16.02,6.21,25.83,556.04,945.27,1.311039920707631,0.895726
2000-05-03,-2.005074329598398e-14,1049.0126858281571,2.27281715378746,1.1920928955078125e-07,1.1920929e-07,1.1920929e-07,0.0,13.632003,15.655,7.66,23.65,513.47,1051.75,1.2148327754011814,0.83820236
2000-05-04,-1.0065054079635249e-14,1045.5138925041542,2.386149892852623,1.1920928955078125e-07,1.1920929e-07,1.1920929e-07,0.0,13.668831,16.47,8.49,24.45,508.73,1118.78,1.128058276840878,0.78067863
2000-05-05,-5.2073511171965724e-15,1041.9283517385857,2.612119906669701,1.1920928955078125e-07,1.1920929e-07,1.1920929e-07,0.0,13.728,17.965,9.87,26.06,507.14,1227.18,1.0455591174615406,0.7395903
2000-05-06,5.847501188255469e-16,1038.0714697948567,2.848346377744732,1.1920928955078125e-07,1.1920929e-07,1.1920929e-07,0.0,13.728,19.49,11.08,27.9,509.51,1323.88,0.9635397080631106,0.81354934
2000-05-07,8.422265215828408e-15,1034.006349046285,3.1128861389577485,1.1920928955078125e-07,1.1920929e-07,1.1920929e-07,0.0,13.764828,21.03,12.01,30.05,520.38,1396.73,0.884046435650032,0.71493727
2000-05-08,1.646372382407091e-14,1029.860658911024,3.169350553049527,1.1920928955078125e-07,1.1920929e-07,1.1920929e-07,0.0,13.8239975,21.335,12.38,30.29,519.48,1427.29,0.8097284345487508,0.6491959
2000-05-09,2.2867655593811926e-14,1025.7620688072268,3.1962980857628356,1.1920928955078125e-07,1.1920929e-07,1.1920929e-07,0.0,13.8239975,21.55,13.41,29.69,497.58,1540.09,0.7423983029193484,0.60810757
2000-05-10,2.5792590175310358e-14,1021.8382481530463,3.261067598526548,1.1920928955078125e-07,1.1920929e-07,1.1920929e-07,0.0,13.830791,21.955,14.57,29.34,471.13,1648.2,0.6831911516943515,0.5752369
2000-05-11,2.339705721882509e-14,1018.2168663666357,2.563043402720155,1.1920928955078125e-07,1.1920929e-07,1.1920929e-07,0.0,13.919997,17.8,7.96,27.64,550.93,1052.54,0.6327462689759134,0.5341486
2000-05-12,1.2964102583474974e-14,1015.0237607251041,2.7073835210205495,1.1920928955078125e-07,1.1920929e-07,1.1920929e-07,0.0,13.919997,18.775,9.55,28.0,532.61,1175.08,0.5913663545035491,0.50949556
2000-05-13,-1.0149713606445698e-14,1012.2707733239449,3.363674751665207,1.1920928955078125e-07,1.1920929e-07,1.1920929e-07,0.0,13.919997,22.545,14.13,30.96,494.9,1583.09,0.5578689932942383,0.50127786
2000-05-14,-4.087085757698603e-14,1009.8104228354848,3.1162657088109658,1.1920928955078125e-07,1.1920929e-07,1.1920929e-07,0.0,14.016,21.145,11.88,30.41,518.11,1366.63,0.5295412131387902,0.46840718
2000-05-15,-7.26627589287643e-14,1007.484296563541,2.2098238009214732,1.1920928955078125e-07,1.1920929e-07,1.1920929e-07,0.0,14.016,15.4,7.88,22.92,477.57,1069.26,0.504082963923858,0.4355365
2000-05-16,-9.898884726239868e-14,1005.1339818119303,1.8390918258610978,1.1920928955078125e-07,1.1920929e-07,1.1920929e-07,0.0,14.016,12.455,3.33,21.58,532.25,774.43,0.4796028636368466,0.41910118
2000-05-17,-1.1331255217850757e-13,1002.6010658844698,2.0362609102726292,1.1920928955078125e-07,1.1920929e-07,1.1920929e-07,0.0,14.099442,14.045,5.2,22.89,519.29,883.69,0.45455013325467636,0.41088352
2000-05-18,-1.0909730327770904e-13,999.7271360849766,2.725036314421624,1.1920928955078125e-07,1.1920929e-07,1.1920929e-07,0.0,14.111998,18.91,11.48,26.34,455.44,1358.65,0.4277055316498992,0.39444816
2000-05-19,-7.99483537538414e-14,996.3409040692459,3.2527772758782194,1.1920928955078125e-07,1.1920929e-07,1.1920929e-07,0.0,14.111998,22.0,15.91,28.09,381.67,1807.71,0.39810289944191,0.41088352
2000-05-20,-4.711034989111266e-14,991.7204322362365,3.344680775898978,1.1920928955078125e-07,1.1920929e-07,1.1920929e-07,0.0,14.111998,22.565,15.77,29.36,414.12,1778.64,0.36098752659737915,0.42731884
2000-05-21,-2.800020675503792e-14,992.2732712949451,3.1131163312042713,1.1920928955078125e-07,1.1920929e-07,9.54,9.54,14.207997,21.195,14.52,27.87,310.92,1661.11,0.36523946115627465,0.41910118
2000-05-22,-1.6850402676342856e-14,1007.4587804112247,2.7241914090714574,1.1920928955078125e-07,1.1920929e-07,27.52,27.52,14.207997,18.66,13.53,23.79,260.03,1553.66,0.5038105995633501,0.94503206
2000-05-23,-1.0130717356899644e-14,1016.4528370988476,2.4924521560500823,1.1920928955078125e-07,1.1920929e-07,1.1920929e-07,0.0,14.207997,17.02,10.41,23.63,426.74,1272.79,0.6095404165302171,0.59167224
2000-05-24,-5.5946131817500254e-15,1014.0008354504155,2.763882893808473,1.1920928955078125e-07,1.1920929e-07,2.34,2.34,14.207997,18.795,12.98,24.61,358.4,1479.49,0.5786911620484763,0.4437542
2000-05-25,-2.260931608388342e-15,1012.0969917202716,3.2218713739022964,1.1920928955078125e-07,1.1920929e-07,1.9,1.9,14.291445,21.345,15.03,27.66,388.85,1722.17,0.5558193069914831,0.40266582
2000-05-26,-7.166603728112692e-16,1009.8134088018338,2.4802115374067393,1.1920928955078125e-07,1.1920929e-07,0.04,0.04,14.304,16.935,9.48,24.39,455.45,1198.06,0.5295747057367257,0.41910118
2000-05-27,-4.0694397017094536e-16,1009.84812597564,2.773622728052356,1.1920928955078125e-07,1.1920929e-07,5.95,5.95,14.304,18.81,11.76,25.86,323.25,1380.65,0.5299642723354285,0.36979514
2000-05-28,-2.0480050709371948e-16,1014.8708731188893,3.0533818168136864,1.1920928955078125e-07,1.1920929e-07,10.71,10.71,14.304,20.36,14.6,26.12,276.18,1655.62,0.5894544054637462,0.41910118
2000-05-29,-1.1484811889956497e-16,1022.0659298655318,2.4081075506549685,1.1920928955078125e-07,1.1920929e-07,10.22,10.22,14.304,16.245,11.68,20.81,233.78,1374.22,0.686493846458897,0.50127786
2000-05-30,-6.077550403772355e-17,1025.4505895891368,1.8034945592654779,1.1920928955078125e-07,1.1920929e-07,3.79,3.79,14.387447,11.405,6.53,16.28,267.25,973.49,0.7375164506649434,0.50127786
2000-05-31,-3.138556915822046e-17,1024.5966663715144,2.043683544045735,1.1920928955078125e-07,1.1920929e-07,1.1920929e-07,0.0,14.4000025,13.41,5.96,20.86,473.78,927.52,0.7242968202369233,0.41088352
2000-06-01,-1.3802220547717206e-17,1021.339048106347,2.8290270810198725,1.1920928955078125e-07,1.1920929e-07,1.1920929e-07,0.0,14.4000025,18.84,10.54,27.14,490.35,1283.08,0.6760053825446171,0.36157748
2000-06-02,4.166503341312374e-18,1017.3975338029375,3.320529079065227,1.1920928955078125e-07,1.1920929e-07,1.1920929e-07,0.0,14.4000025,21.645,13.15,30.14,485.97,1519.21,0.621860046217516,0.34514216
2000-06-03,1.7643089720384123e-17,1013.2059109984858,3.6941894702785305,1.1920928955078125e-07,1.1920929e-07,1.1920929e-07,0.0,14.4000025,23.575,16.45,30.7,428.34,1876.78,0.5690290502687366,0.31227148
2000-06-04,2.175002580101391e-17,1009.1979672301927,3.2539730275789336,1.1920928955078125e-07,1.1920929e-07,1.1920929e-07,0.0,14.4000025,21.435,16.03,26.84,358.33,1821.77,0.5227160835672177,0.30405378
2000-06-05,1.3447435509733119e-17,1005.7727024876277,2.6335599655833777,1.1920928955078125e-07,1.1920929e-07,1.1920929e-07,0.0,14.4368305,17.85,16.01,19.69,142.41,1813.27,0.4861354361215166,0.33692446
2000-06-06,1.0452258685156511e-18,1002.9008483474979,2.474637499570146,1.1920928955078125e-07,1.1920929e-07,16.48,16.48,14.496003,16.79,13.99,19.59,161.75,1593.97,0.45744559612587987,0.45197186
2000-06-07,-1.0837439881625443e-17,1000.3070132640928,2.1830290064116635,1.1920928955078125e-07,1.1920929e-07,1.1920929e-07,0.0,14.496003,14.765,10.15,19.38,350.89,1251.95,0.4329912151019789,0.42731884
2000-06-08,-1.876454444984677e-17,997.7175896033657,2.4426656914698457,1.1920928955078125e-07,1.1920929e-07,1.1920929e-07,0.0,14.496003,16.66,8.72,24.6,507.79,1137.95,0.40988242727152685,0.32048914
2000-06-09,-1.930007054530492e-17,994.8589697312698,2.75442128388856,1.1920928955078125e-07,1.1920929e-07,1.1920929e-07,0.0,14.496003,18.72,10.62,26.82,505.45,1289.32,0.38580087761476706,0.28761846
2000-06-10,-1.2005272758653868e-17,991.4887334302329,3.28306176067845,1.1920928955078125e-07,1.1920929e-07,1.1920929e-07,0.0,14.496003,21.78,13.75,29.81,493.07,1571.54,0.35922026365775545,0.2711831
2000-06-11,-6.121509232171779e-18,987.6813549043706,3.6168832048213324,1.1920928955078125e-07,1.1920929e-07,1.1920929e-07,0.0,14.496003,23.535,15.68,31.39,480.34,1780.99,0.3313883422110838,0.2465301
2000-06-12,-3.1261404074577532e-18,983.6884518388945,3.708243928284536,1.1920928955078125e-07,1.1920929e-07,1.1920929e-07,0.0,14.496003,24.045,16.32,31.77,473.97,1861.11,0.3045138208079188,0.23009476
2000-06-13,-1.8204985028244633e-18,979.6260492316528,3.833476524121227,1.1920928955078125e-07,1.1920929e-07,1.1920929e-07,0.0,14.496003,24.705,17.33,32.08,460.26,1988.48,0.2794071226288942,0.2218771
2000-06-14,-1.0580199987430227e-18,975.687569546513,3.9659435423487412,1.1920928955078125e-07,1.1920929e-07,1.1920929e-07,0.0,14.496003,25.38,18.68,32.08,431.53,2161.84,0.2570442473895726,0.26296544
2000-06-15,-6.326419434272425e-19,981.2966942269619,3.760164155873819,1.1920928955078125e-07,1.1920929e-07,15.36,15.36,14.502797,24.325,18.56,30.09,297.52,2138.36,0.28947131108375534,0.5588016
2000-06-16,-3.797992589115306e-19,989.2629471571869,3.794239762187068,1.1920928955078125e-07,1.1920929e-07,8.96,8.96,14.532827,24.305,18.82,29.79,290.48,2179.6,0.342677899849451,0.48484254
2000-06-17,-2.27065408008404e-19,992.8813032911913,3.6942455458143253,1.1920928955078125e-07,1.1920929e-07,6.44,6.44,14.532827,23.77,19.36,28.18,247.42,2245.13,0.36997374356403223,0.37801284
2000-06-18,-1.2879239529216497e-19,995.3935582478712,3.8018962879944143,1.1920928955078125e-07,1.1920929e-07,5.91,5.91,14.57945,24.175,19.12,29.23,276.78,2216.4,0.3901942133252646,0.40266582
2000-06-19,-7.461392003604679e-20,995.6706334333237,3.8267302031678603,1.1920928955078125e-07,1.1920929e-07,2.25,2.25,14.57945,24.285,19.4,29.17,333.49,2264.6,0.3924909113525735,0.3287068
2000-06-20,-3.76293400022897e-20,996.558910374324,3.339030065237926,1.1920928955078125e-07,1.1920929e-07,7.92,7.92,14.57945,21.885,16.88,26.89,285.21,1910.41,0.3999454436395194,0.32048914
2000-06-21,-1.4753967562747314e-20,996.8424003521902,3.331314178750372,1.1920928955078125e-07,1.1920929e-07,1.1920929e-07,0.0,14.57945,21.84,17.72,25.96,326.22,2032.97,0.4023542031228685,0.36979514
2000-06-22,-7.664053486020997e-21,994.5234896393627,3.730207281662878,1.1920928955078125e-07,1.1920929e-07,2.68,2.68,14.57945,23.855,18.55,29.16,338.76,2138.22,0.38306914438546924,0.3862305
2000-06-23,-3.85963711655489e-21,991.1880775076464,3.3566628581981988,1.1920928955078125e-07,1.1920929e-07,0.01,0.01,14.57945,22.07,16.01,28.13,438.01,1801.76,0.3569399273436869,0.29583612
2000-06-24,-1.7674646369302574e-21,987.4730542688155,3.4464409978567767,1.1920928955078125e-07,1.1920929e-07,1.1920929e-07,0.0,14.532827,22.65,15.29,30.01,487.8,1735.75,0.32992945897116316,0.2465301
2000-06-25,-7.432183434910575e-22,985.2574097754485,3.7359751695328494,1.1920928955078125e-07,1.1920929e-07,1.1920929e-07,0.0,14.502797,24.14,17.5,30.78,453.3,2000.59,0.3148035760553776,0.23009476
2000-06-26,5.338763671426552e-22,986.9298599013101,3.897073236839472,1.1920928955078125e-07,1.1920929e-07,1.1920929e-07,0.0,14.496003,24.865,17.98,31.75,460.65,2061.54,0.32615520790248903,0.2218771
2000-06-27,1.7376889394998846e-21,992.1572314473536,3.8552019238973547,1.1920928955078125e-07,1.1920929e-07,5.97,5.97,14.496003,24.58,18.64,30.52,315.67,2155.4,0.3643428551136852,0.28761846
2000-06-28,2.520917930266973e-21,1000.5735611145601,3.6287553172114744,1.1920928955078125e-07,1.1920929e-07,16.98,16.98,14.496003,23.365,19.17,27.56,244.92,2222.96,0.435442711411334,0.50127786
2000-06-29,2.536261896130263e-21,1011.8128856039104,3.1067404360306763,1.1920928955078125e-07,1.1920929e-07,29.79,29.79,14.496003,20.48,17.71,23.25,175.54,2029.27,0.5524845931984428,1.1915622
2000-06-30,1.6668503932231048e-21,1021.4946180149378,2.959665438489523,1.1920928955078125e-07,1.1920929e-07,1.22,1.22,14.496003,19.49,13.36,25.62,433.27,1537.3,0.6782366000474328,0.747808
2000-07-01,1.0031548654729805e-21,1018.2686328285772,3.0382274801209768,1.1920928955078125e-07,1.1920929e-07,1.1920929e-07,0.0,14.496003,19.99,14.14,25.84,445.97,1607.43,0.6334404402243972,0.42731884
2000-07-02,6.039569289385581e-22,1014.6227213573223,3.034452892073043,1.1920928955078125e-07,1.1920929e-07,1.1920929e-07,0.0,14.496003,20.03,12.67,27.39,508.11,1471.93,0.5863642726286834,0.33692446
2000-07-03,3.2752756423704745e-22,1010.0921293496515,3.3485286158707646,1.1920928955078125e-07,1.1920929e-07,1.1920929e-07,0.0,14.496003,21.8,14.45,29.15,499.39,1651.02,0.5327103676866246,0.28761846
2000-07-04,1.446263225651157e-22,1006.1072618633958,3.8175757688761576,1.1920928955078125e-07,1.1920929e-07,0.96,0.96,14.496003,24.16,18.42,29.9,421.79,2114.79,0.48959260508422714,0.2711831
2000-07-05,7.443644971890336e-23,1005.1339879406931,3.650455547070883,1.1920928955078125e-07,1.1920929e-07,5.78,5.78,14.483447,23.405,19.61,27.2,228.13,2277.18,0.4796029258962619,0.2794008
2000-07-06,3.881945516619549e-23,1005.5762268487913,3.595607537957558,1.1920928955078125e-07,1.1920929e-07,5.54,5.54,14.406797,23.225,19.61,26.84,217.81,2276.49,0.4841165442847234,0.31227148
2000-07-07,1.7856249260302725e-23,1004.3788155364283,3.7176341168029685,1.1920928955078125e-07,1.1920929e-07,1.1920929e-07,0.0,14.4000025,23.84,18.89,28.79,375.86,2187.17,0.47199248839422664,0.2711831
2000-07-08,1.0088581767900873e-23,1000.5801433872319,3.406046206278753,1.1920928955078125e-07,1.1920929e-07,1.1920929e-07,0.0,14.4000025,22.375,17.38,27.37,389.76,1993.84,0.43550342523665525,0.23009476
2000-07-09,4.952191063215498e-24,996.8958203339928,3.3267597438858765,1.1920928955078125e-07,1.1920929e-07,1.1920929e-07,0.0,14.4000025,22.03,16.93,27.13,399.62,1922.85,0.40280972415129745,0.21365942
2000-07-10,2.4683454738709806e-24,992.8599325280258,4.056527652453675,1.1920928955078125e-07,1.1920929e-07,1.1920929e-07,0.0,14.4000025,25.59,19.5,31.68,435.1,2279.63,0.3698063097876381,0.20544176
2000-07-11,1.3219193559347972e-24,990.3308777433663,4.190101271107504,1.1920928955078125e-07,1.1920929e-07,3.37,3.37,14.4000025,26.215,20.89,31.54,311.18,2468.95,0.3505176223045351,0.18900642
2000-07-12,5.445404019774508e-25,989.937411688812,3.6321784334425127,1.1920928955078125e-07,1.1920929e-07,4.25,4.25,14.310795,23.795,19.66,27.93,257.19,2284.01,0.3476085193672857,0.18900642
2000-07-13,2.5103783571937795e-25,990.4185096229111,2.999894346015928,1.1920928955078125e-07,1.1920929e-07,4.02,4.02,14.304,20.475,18.66,22.29,130.2,2156.59,0.35116883900637996,0.2218771
2000-07-14,1.2956151437894005e-25,988.7304843286322,3.0184632851811015,1.1920928955078125e-07,1.1920929e-07,0.35,0.35,14.304,20.61,18.29,22.93,221.44,2099.9,0.3388348228091139,0.2465301
2000-07-15,5.13852461078191e-26,985.2967871475053,3.406118119370133,1.1920928955078125e-07,1.1920929e-07,1.1920929e-07,0.0,14.304,22.76,16.88,28.64,461.86,1911.79,0.31506625057073295,0.23009476
2000-07-16,2.5320192443918493e-26,981.862086137745,3.065446026026149,1.1920928955078125e-07,1.1920929e-07,1.1920929e-07,0.0,14.304,20.995,15.02,26.97,473.76,1705.82,0.292958766191953,0.19722408
2000-07-17,1.1829048345213195e-26,979.6345788922905,3.1237643376540887,1.1920928955078125e-07,1.1920929e-07,2.39,2.39,14.207997,21.475,15.1,27.85,434.99,1714.5,0.27945760722485086,0.17257108
2000-07-18,3.131667084529577e-27,977.398673443145,3.2405375631944793,1.1920928955078125e-07,1.1920929e-07,1.1920929e-07,0.0,14.207997,22.15,15.22,29.08,499.43,1721.53,0.266531240422168,0.1643534
2000-07-19,9.10934808850699e-28,974.1898129281086,3.607649871373398,1.1920928955078125e-07,1.1920929e-07,1.1920929e-07,0.0,14.207997,24.085,18.01,30.16,455.52,2064.95,0.24901769699428378,0.15613574
2000-07-20,5.449818188886232e-28,977.3523255892492,3.3034342323277093,1.1920928955078125e-07,1.1920929e-07,12.79,12.79,14.207997,22.485,17.64,27.33,299.96,2024.72,0.2662697143325808,0.19722408
2000-07-21,3.2651512187448466e-28,979.4500552551291,2.821431746680216,1.1920928955078125e-07,1.1920929e-07,1.1920929e-07,0.0,14.118794,19.84,14.55,25.13,433.92,1664.57,0.2783674981848622,0.23009476
2000-07-22,1.9595274525786109e-28,976.1646668092845,3.1548837139270227,1.1920928955078125e-07,1.1920929e-07,1.1920929e-07,0.0,14.111998,21.825,15.85,27.8,457.96,1789.78,0.25965497443327856,0.1643534
2000-07-23,1.1717607414444786e-28,973.2608953245648,3.0179056096149637,1.1920928955078125e-07,1.1920929e-07,0.65,0.65,14.111998,21.11,16.95,25.27,345.23,1930.8,0.24416601486617057,0.18900642
2000-07-24,7.074258516741997e-29,986.0869340326292,2.56559582589643,1.1920928955078125e-07,1.1920929e-07,28.77,28.77,14.111998,18.125,15.84,20.41,167.94,1795.7,0.320383651952959,0.5177132
2000-07-25,4.27043931251662e-29,1002.3863694052304,2.3564550713363754,1.1920928955078125e-07,1.1920929e-07,10.13,10.13,14.016,16.545,15.06,18.03,117.8,1711.33,0.45248774688295457,0.62454295
2000-07-26,2.5370678177499836e-29,1005.6918948948485,2.595713481365261,1.1920928955078125e-07,1.1920929e-07,3.06,3.06,14.016,18.105,15.99,20.22,193.67,1814.58,0.4853040777782762,0.36157748
2000-07-27,1.510993366422145e-29,1003.5563916604815,2.9915513618743583,1.1920928955078125e-07,1.1920929e-07,1.1920929e-07,0.0,14.016,20.55,16.03,25.07,412.35,1820.7,0.4638416172449562,0.34514216
2000-07-28,8.643042467335726e-30,999.2876021220972,3.3279906420626637,1.1920928955078125e-07,1.1920929e-07,1.1920929e-07,0.0,14.003442,22.48,15.95,29.01,494.58,1808.41,0.4237421335917893,1.0682971
2000-07-29,5.103889781203916e-30,998.797339328821,3.249970147607717,1.1920928955078125e-07,1.1920929e-07,6.67,6.67,13.919997,22.18,15.03,29.33,380.84,1707.8,0.41936461469546416,0.41910118
2000-07-30,2.916833576243538e-30,1003.3478763895413,3.376371803586803,1.1920928955078125e-07,1.1920929e-07,9.5,9.5,13.919997,22.765,17.1,28.43,338.66,1943.38,0.46179753057552236,0.39444816
2000-07-31,1.715625100572706e-30,1009.691921415585,3.596329346751722,1.1920928955078125e-07,1.1920929e-07,7.92,7.92,13.919997,23.76,18.83,28.69,312.0,2183.21,0.5282137305874783,0.41088352
2000-08-01,9.497496918198009e-31,1018.85215351444,3.5865435079691976,1.1920928955078125e-07,1.1920929e-07,15.56,15.56,13.8239975,23.675,19.38,27.97,282.33,2260.47,0.6413181341145838,1.7010577
2000-08-02,5.5342851469535135e-31,1027.0791471728555,3.60317791284352,1.1920928955078125e-07,1.1920929e-07,10.62,10.62,13.8239975,23.615,19.18,28.05,292.94,2229.25,0.7634007991992781,6.3358235
2000-08-03,3.0798345882291802e-31,1028.4909432608017,3.392055469841436,1.1920928955078125e-07,1.1920929e-07,2.88,2.88,13.8239975,22.535,19.54,25.53,260.52,2267.11,0.7865739272242828,1.3641332
2000-08-04,1.7805394020357214e-31,1027.2939023192357,3.328041851289642,1.1920928955078125e-07,1.1920929e-07,2.82,2.82,13.728,22.345,17.54,27.15,379.01,2013.44,0.7668812439550471,0.7560257
2000-08-05,1.000408878944736e-31,1027.4514285342543,3.1756512553572342,1.1920928955078125e-07,1.1920929e-07,3.95,3.95,13.728,21.53,15.52,27.54,357.68,1762.2,0.7694442882671485,0.5505839
2000-08-06,5.732845434090535e-32,1025.378375829882,3.3467519085264015,1.1920928955078125e-07,1.1920929e-07,1.1920929e-07,0.0,13.728,22.475,17.3,27.65,432.13,1971.44,0.7363892272735201,0.45197186
2000-08-07,3.235488027261483e-32,1021.1176092890424,3.9450490324942047,1.1920928955078125e-07,1.1920929e-07,1.1920929e-07,0.0,13.632003,25.57,20.0,31.14,436.0,2320.26,0.6728421127217723,0.39444816
2000-08-08,1.8108885876780612e-32,1016.4847023160937,4.095290669306105,1.1920928955078125e-07,1.1920929e-07,0.17,0.17,13.632003,26.32,20.31,32.33,448.33,2378.3,0.6099519606384078,0.33692446
2000-08-09,1.0520602695177119e-32,1016.9463087337958,4.010041696638184,1.1920928955078125e-07,1.1920929e-07,8.66,8.66,13.632003,25.935,19.79,32.08,339.85,2302.16,0.6159449396500165,0.29583612
2000-08-10,6.048813503023295e-33,1023.6287801330055,3.7499023789317945,1.1920928955078125e-07,1.1920929e-07,12.95,12.95,13.536,24.75,17.65,31.85,365.46,2023.91,0.7095991941823502,0.32048914
2000-08-11,3.574430364447651e-33,1024.377506906619,3.407192946071468,1.1920928955078125e-07,1.1920929e-07,1.1920929e-07,0.0,13.536,23.05,16.79,29.31,468.64,1915.68,0.7209423834154319,0.34514216
2000-08-12,2.1277623756503782e-33,1020.296353383154,3.1383462927540777,1.1920928955078125e-07,1.1920929e-07,1.1920929e-07,0.0,13.536,21.69,15.42,27.96,469.2,1746.05,0.6612391136157659,0.26296544
2000-08-13,1.25509940075305e-33,1017.9222949367489,2.8952744771445897,1.1920928955078125e-07,1.1920929e-07,2.0,2.0,13.439992,20.465,14.18,26.75,469.67,1613.17,0.6288106188394853,0.2465301
2000-08-14,7.041916322376841e-34,1015.8098414011693,2.758631319533306,1.1920928955078125e-07,1.1920929e-07,1.1920929e-07,0.0,13.439992,19.675,14.05,25.3,442.27,1598.64,0.6012951074620371,0.23009476
2000-08-15,2.758777054931655e-34,1012.7188641821098,2.8580185052345017,1.1920928955078125e-07,1.1920929e-07,1.1920929e-07,0.0,13.350795,20.445,13.33,27.56,495.2,1534.96,0.5631889895970426,0.21365942
2000-08-16,4.2456114251093136e-35,1009.1199259370633,3.1341170697212646,1.1920928955078125e-07,1.1920929e-07,1.1920929e-07,0.0,13.343997,22.105,14.77,29.44,491.68,1684.56,0.5218527435918267,0.19722408
2000-08-17,1.3807958261471298e-35,1005.5382671101222,3.1140067265566813,1.1920928955078125e-07,1.1920929e-07,1.1920929e-07,0.0,13.343997,22.055,13.56,30.55,516.11,1557.26,0.48372745525714783,0.18900642
2000-08-18,5.718350754558925e-37,1002.2689741385574,3.0059814819363884,1.1920928955078125e-07,1.1920929e-07,1.1920929e-07,0.0,13.248,21.625,14.77,28.48,474.87,1683.63,0.4513640013026504,0.18078874
2000-08-19,-1.0999356252188303e-35,999.2574531583361,2.7966822267346467,1.1920928955078125e-07,1.1920929e-07,0.87,0.87,13.248,20.435,14.08,26.79,429.72,1613.96,0.42347162204675454,0.18900642
2000-08-20,-1.7344431344674144e-35,996.4337749078089,2.640829311547549,1.1920928955078125e-07,1.1920929e-07,1.1920929e-07,0.0,13.248,19.505,13.41,25.6,450.68,1542.2,0.3988867844494845,0.19722408
2000-08-21,-1.491040038594272e-35,993.7279411200152,2.28831945477091,1.1920928955078125e-07,1.1920929e-07,1.1920929e-07,0.0,13.152002,17.26,12.45,22.07,392.93,1436.22,0.3766682548438291,0.18078874
2000-08-22,-7.964700297251937e-36,991.0113279840205,2.3429091995238798,1.1920928955078125e-07,1.1920929e-07,1.1920929e-07,0.0,13.152002,17.7,11.25,24.15,467.69,1339.94,0.35560612610895853,0.18900642
2000-08-23,-2.905884680624322e-36,988.1643263976559,2.6122493471051387,1.1920928955078125e-07,1.1920929e-07,1.1920929e-07,0.0,13.0560055,19.71,12.34,27.08,483.4,1427.36,0.3347958153613786,0.18078874
2000-08-24,-7.273164915027488e-37,985.119119945541,2.854118679173664,1.1920928955078125e-07,1.1920929e-07,1.1920929e-07,0.0,13.0560055,21.28,15.28,27.28,420.99,1732.44,0.3138828203333608,0.18078874
2000-08-25,-4.1668383861282135e-37,983.0409790323571,2.993258425658674,1.1920928955078125e-07,1.1920929e-07,1.24,1.24,13.0560055,22.14,17.6,26.68,336.34,2021.29,0.3003661492250498,0.18900642
2000-08-26,-2.202904538078844e-37,982.9293976027778,2.885559819015012,1.1920928955078125e-07,1.1920929e-07,5.26,5.26,12.959997,21.635,16.49,26.78,305.78,1872.96,0.29965709373438804,0.18900642
2000-08-27,-1.3061016609957655e-37,981.6893138395079,3.0397029032428002,1.1920928955078125e-07,1.1920929e-07,1.1920929e-07,0.0,12.959997,22.56,16.9,28.22,393.8,1917.84,0.2918886359875122,0.2465301
2000-08-28,-7.901442137818244e-38,996.1049818960718,2.7133798151823063,1.1920928955078125e-07,1.1920929e-07,32.7,32.7,12.863992,20.475,14.82,26.13,300.85,1694.47,0.39611849646338904,0.7395903
2000-08-29,-4.782761484521162e-38,1008.6973772721972,2.6265416049445043,1.1920928955078125e-07,1.1920929e-07,1.1920929e-07,0.0,12.863992,19.705,15.21,24.2,342.83,1723.94,0.5172029562038734,0.46840718
2000-08-30,-2.8685330888888425e-38,1004.8739345858656,2.8643794940187575,1.1920928955078125e-07,1.1920929e-07,0.82,0.82,12.863992,21.255,17.83,24.68,263.05,2050.7,0.4769684200808479,0.30405378
2000-08-31,-1.7153141427215553e-38,1006.776715583027,3.025649266015628,1.1920928955078125e-07,1.1920929e-07,10.34,10.34,12.767997,22.3,19.41,25.19,168.99,2257.42,0.4965843984478303,0.32048914
2000-09-01,-1.0182161679955016e-38,1022.3282643879646,3.2378362489506594,1.1920928955078125e-07,1.1920929e-07,27.58,27.58,12.767997,23.215,20.06,26.37,179.83,2329.6,0.6903190070426037,0.50949556
2000-09-02,-5.955782806015476e-39,1044.5297328520642,3.290787625535399,1.1920928955078125e-07,1.1920929e-07,24.68,24.68,12.672003,23.255,19.89,26.62,192.1,2316.95,1.1047865397519625,1.6106633
2000-09-03,-3.513976930696277e-39,1060.3555679265014,3.2011202824238167,1.1920928955078125e-07,1.1920929e-07,16.0,16.0,12.672003,22.51,19.21,25.81,190.95,2231.75,1.5447501995035935,1.8654112
2000-09-04,-2.0339237668562605e-39,1066.694080331858,3.2898274794778133,1.1920928955078125e-07,1.1920929e-07,7.98,7.98,12.65945,22.9,18.71,27.09,234.98,2165.04,1.7667107274795337,0.9614674
2000-09-05,-1.1988739357214429e-39,1068.4375974922527,2.8736146411600876,1.1920928955078125e-07,1.1920929e-07,5.37,5.37,12.576003,20.645,15.84,25.45,266.45,1801.6,1.8331746512299991,0.7560257
2000-09-06,-6.722122101643359e-40,1068.626141587258,1.9919035778324157,1.1920928955078125e-07,1.1920929e-07,2.99,2.99,12.576003,14.51,10.61,18.41,283.81,1288.44,1.8405102351709268,0.6902843
2000-09-07,-3.85713148210934e-40,1066.207686688848,2.0216906392638556,1.1920928955078125e-07,1.1920929e-07,1.1920929e-07,0.0,12.479998,14.915,10.45,19.38,357.85,1276.11,1.7486028083293328,0.5423662
2000-09-08,-1.8101918189705727e-40,1062.5769143557393,2.2322594156737177,1.1920928955078125e-07,1.1920929e-07,1.1920929e-07,0.0,12.479998,16.605,11.28,21.93,399.62,1342.2,1.6191688832795454,0.47662488
2000-09-09,-4.0598491738201547e-41,1058.5196140682888,2.753201645347533,1.1920928955078125e-07,1.1920929e-07,1.1920929e-07,0.0,12.383997,20.335,13.96,26.71,430.02,1590.19,1.4858314584406576,0.4355365
2000-09-10,1.832229092145004e-42,1054.2387010191837,2.9530759009051546,1.1920928955078125e-07,1.1920929e-07,1.1920929e-07,0.0,12.383997,21.61,15.03,28.19,429.43,1707.3,1.357031607445792,0.3862305
2000-09-11,2.0886968025202544e-43,1049.795715568092,3.0110941712920747,1.1920928955078125e-07,1.1920929e-07,1.1920929e-07,0.0,12.383997,22.02,16.04,28.0,404.54,1820.07,1.23514940481017,0.35335982
2000-09-12,-1.9731899109627767e-42,1045.2894529773662,3.0529882750760584,1.1920928955078125e-07,1.1920929e-07,1.1920929e-07,0.0,12.288,22.47,17.16,27.78,372.46,1968.26,1.1227083305616135,0.32048914
2000-09-13,-4.17114361697183e-42,1040.8947977951614,3.085860161179832,1.1920928955078125e-07,1.1920929e-07,1.1920929e-07,0.0,12.288,22.73,17.21,28.25,379.53,1972.25,1.0229185621732884,0.30405378
2000-09-14,-5.842185373247564e-42,1036.7866345696325,2.97612881243543,1.1920928955078125e-07,1.1920929e-07,1.1920929e-07,0.0,12.191998,22.305,17.94,26.67,322.88,2059.22,0.9376712012493734,0.34514216
2000-09-15,-6.443509115262402e-42,1033.1398478489352,2.598731988374316,1.1920928955078125e-07,1.1920929e-07,1.1920929e-07,0.0,12.191998,20.03,15.27,24.79,355.82,1741.39,0.8679690529775779,0.29583612
2000-09-16,-5.4323087784887805e-42,1030.1293221812246,1.752279275671489,1.1920928955078125e-07,1.1920929e-07,1.1920929e-07,0.0,12.096003,13.655,6.76,20.55,461.09,983.58,0.8143494178598394,0.26296544
2000-09-17,-3.264088193595392e-42,1027.1792856332454,1.46477350711457,1.1920928955078125e-07,1.1920929e-07,1.1920929e-07,0.0,12.096003,10.83,3.12,18.54,484.22,767.29,0.7650217305020646,0.23831244
2000-09-18,-1.852188366779557e-42,1024.9791995490666,1.632671516603086,1.1920928955078125e-07,1.1920929e-07,1.1920929e-07,0.0,12.096003,12.595,5.11,20.08,471.71,884.81,0.7301892815405551,0.23831244
2000-09-19,-1.1160770174397899e-42,1037.4208075633244,2.100011504096481,1.1920928955078125e-07,1.1920929e-07,27.02,27.02,12.000009,16.64,9.89,23.39,327.72,1230.97,0.9503514815140048,2.342036
2000-09-20,-6.75313619963292e-43,1051.636617159771,2.5432034550622835,1.1920928955078125e-07,1.1920929e-07,8.35,8.35,12.000009,19.63,12.08,27.18,351.58,1411.02,1.2842622527285363,0.9943381
2000-09-21,-3.957152660109419e-43,1051.3612692920801,2.551993556891066,1.1920928955078125e-07,1.1920929e-07,1.1920929e-07,0.0,11.903997,19.83,13.12,26.54,416.97,1504.76,1.2767939823482344,0.5588016
2000-09-22,-2.3072408071049607e-43,1047.3989360668438,2.117853198991796,1.1920928955078125e-07,1.1920929e-07,1.1920929e-07,0.0,11.903997,16.755,10.94,22.57,396.8,1315.57,1.174010057228254,0.4437542
2000-09-23,-1.3495645466505364e-43,1046.8990311222049,2.2475437982942004,1.1920928955078125e-07,1.1920929e-07,3.62,3.62,11.903997,17.755,13.34,22.17,245.47,1534.0,1.1616445360948369,0.42731884
2000-09-24,-7.964980332235848e-44,1044.9117509069604,2.683653983693954,1.1920928955078125e-07,1.1920929e-07,1.1920929e-07,0.0,11.808002,20.935,15.57,26.3,360.42,1765.7,1.1137622937957754,0.41088352
2000-09-25,-4.641487096148567e-44,1045.6916193132495,2.6460791251163993,1.1920928955078125e-07,1.1920929e-07,9.06,9.06,11.808002,20.68,14.9,26.46,281.26,1696.46,1.132312816799635,0.4355365
2000-09-26,-2.7482347153012336e-44,1054.2877943827916,1.6851478965561502,1.1920928955078125e-07,1.1920929e-07,20.14,20.14,11.712,13.17,9.02,17.32,237.95,1161.35,1.358443458883044,1.2983918
2000-09-27,-1.5590988685021567e-44,1058.3905373625605,1.4104678193054456,1.1920928955078125e-07,1.1920929e-07,1.1920929e-07,0.0,11.712,10.27,5.51,15.03,355.76,900.91,1.4817747452514305,0.73137265
2000-09-28,-9.086894341997367e-45,1056.2027819687094,1.623201191073455,1.1920928955078125e-07,1.1920929e-07,1.1920929e-07,0.0,11.615997,12.67,4.79,20.55,449.73,864.35,1.4146770209668895,0.5588016
2000-09-29,-4.6961034326264e-45,1053.1480792748912,1.740615562738256,1.1920928955078125e-07,1.1920929e-07,1.1920929e-07,0.0,11.615997,13.845,7.35,20.34,402.51,1027.81,1.3260425796056214,0.48484254
2000-09-30,-2.3545923534385222e-45,1050.1319250351519,1.710661221341175,1.1920928955078125e-07,1.1920929e-07,1.1920929e-07,0.0,11.615997,13.61,8.27,18.95,359.56,1101.33,1.2439766898579872,0.45197186
